accuracy,balanced_accuracy,corpus_version,dataset,dataset_display,fn,fp,fpr,inference_seconds,inference_seconds_per_sample,macro_f1,model,model_seed,n_benign,n_phishing,n_samples,partition_seed,pr_auc,precision,recall,repetition,roc_auc,scenario,scenario_key,selected_candidate,selected_params_json,threshold,tn,total_run_seconds,tp,tuning_seconds,validation_macro_f1,validation_roc_auc
0.9826521611290797,0.9735076976013886,master,iscx_url2016_binary,ISCX-URL2016-binary,64,54,0.010175240248728096,0.004640899999685644,6.822846221237347e-07,0.9746478784264575,lr,20261001,5307,1495,6802,20260902,0.9869703354292494,0.9636363636363636,0.9571906354515051,r00,0.9942330222026438,S0-row,s0,lr_c1,"{""C"": 1.0, ""class_weight"": null}",0.4,5253,4.880654999999933,1431,4.843806000000313,0.9753389442345128,0.9924977970291725
0.9973537194942664,0.9961420298677899,master,iscx_url2016_binary,ISCX-URL2016-binary,9,9,0.0016958733747880158,0.050324799999998504,7.398529844163261e-06,0.9961420298677899,rf,20261001,5307,1495,6802,20260902,0.9998563756840578,0.9939799331103679,0.9939799331103679,r00,0.9999582806326975,S0-row,s0,rf_depth16_leaf1,"{""class_weight"": null, ""max_depth"": 16, ""max_features"": ""sqrt"", ""min_samples_leaf"": 1, ""n_estimators"": 200}",0.29,5298,9.867872499999976,1486,9.789910699999837,0.9952822407020204,0.9999324296215428
0.9983828285798294,0.9972820021263012,master,iscx_url2016_binary,ISCX-URL2016-binary,7,4,0.0007537214999057848,0.006996800000251824,1.0286386357324057e-06,0.9976406505361732,xgb,20261001,5307,1495,6802,20260902,0.9992126633211083,0.9973190348525469,0.9953177257525083,r00,0.9994822261000648,S0-row,s0,xgb_d6_lr01_balanced,"{""colsample_bytree"": 0.9, ""learning_rate"": 0.1, ""max_depth"": 6, ""n_estimators"": 200, ""reg_lambda"": 1.0, ""scale_pos_weight"": 3.5505376344086024, ""subsample"": 0.9}",0.24,5303,5.661804200000006,1488,5.632656600000246,0.9959265508756202,0.9993564425708512
0.9839753013819464,0.9666681791512819,master,iscx_url2016_binary,ISCX-URL2016-binary,96,13,0.0024495948746938007,0.0021507999999812455,3.1620111731567855e-07,0.9761572635660478,lr,20261002,5307,1495,6802,20260903,0.9875506268005625,0.9907932011331445,0.9357859531772575,r01,0.9944519543506936,S0-row,s0,lr_c1,"{""C"": 1.0, ""class_weight"": null}",0.67,5294,3.9989459999997052,1399,3.9680106999999225,0.9759676420399058,0.9949144465721269
0.9969126727433107,0.996580083224466,master,iscx_url2016_binary,ISCX-URL2016-binary,6,15,0.002826455624646693,0.061629899999843474,9.060555718883193e-06,0.9955087339344137,rf,20261002,5307,1495,6802,20260903,0.9998718677354571,0.9900265957446809,0.9959866220735786,r01,0.9999634482884662,S0-row,s0,rf_depth16_leaf1,"{""class_weight"": null, ""max_depth"": 16, ""max_features"": ""sqrt"", ""min_samples_leaf"": 1, ""n_estimators"": 200}",0.31,5292,10.30660080000007,1489,10.215580399999908,0.9974241979702634,0.9999513392423798
0.9972067039106145,0.9970087465724893,master,iscx_url2016_binary,ISCX-URL2016-binary,5,14,0.0026380252496702467,0.010585100000298553,1.5561746545572704e-06,0.9959364735597077,xgb,20261002,5307,1495,6802,20260903,0.9998528791214729,0.9906914893617021,0.9966555183946488,r01,0.9999580285519283,S0-row,s0,xgb_d4_lr005,"{""colsample_bytree"": 0.9, ""learning_rate"": 0.05, ""max_depth"": 4, ""n_estimators"": 300, ""reg_lambda"": 1.0, ""scale_pos_weight"": 1.0, ""subsample"": 0.9}",0.21,5293,7.643822399999863,1490,7.572988100000202,0.9974254382799208,0.9999312950442927
0.9817700676271685,0.9602100589049738,master,iscx_url2016_binary,ISCX-URL2016-binary,117,7,0.0013190126248351234,0.0044018999997206265,6.471478976360815e-07,0.9726907973807453,lr,20261003,5307,1495,6802,20260904,0.9836861460953265,0.9949458483754513,0.9217391304347826,r02,0.9922042761721285,S0-row,s0,lr_c1,"{""C"": 1.0, ""class_weight"": null}",0.68,5300,5.87465899999961,1378,5.834878000000117,0.9804443539649568,0.9952075456950988
0.9972067039106145,0.9943661838689735,master,iscx_url2016_binary,ISCX-URL2016-binary,16,3,0.0005652911249293386,0.04187000000001717,6.1555424875062e-06,0.9959149186136719,rf,20261003,5307,1495,6802,20260904,0.9996833581290795,0.9979757085020243,0.9892976588628762,r02,0.9998917313096289,S0-row,s0,rf_depth16_leaf1,"{""class_weight"": null, ""max_depth"": 16, ""max_features"": ""sqrt"", ""min_samples_leaf"": 1, ""n_estimators"": 200}",0.42,5304,11.413435299999946,1479,11.337755099999868,0.9976394168260536,0.9999416323036835
0.9991179064980888,0.99871400995593,master,iscx_url2016_binary,ISCX-URL2016-binary,3,3,0.0005652911249293386,0.007564099999854079,1.1120405762796353e-06,0.99871400995593,xgb,20261003,5307,1495,6802,20260904,0.9997200955295924,0.9979933110367893,0.9979933110367893,r02,0.9998997978942432,S0-row,s0,xgb_d6_lr01_balanced,"{""colsample_bytree"": 0.9, ""learning_rate"": 0.1, ""max_depth"": 6, ""n_estimators"": 200, ""reg_lambda"": 1.0, ""scale_pos_weight"": 3.5505376344086024, ""subsample"": 0.9}",0.24,5304,6.459307199999785,1492,6.4158118999998806,0.9980713982490304,0.999962558950743
0.9863275507203764,0.9739412135042189,master,iscx_url2016_binary,ISCX-URL2016-binary,72,21,0.00395703787450537,0.003869699999995646,5.6890620405699e-07,0.9798182356772422,lr,20261004,5307,1495,6802,20260905,0.9900082139839979,0.9854570637119113,0.9518394648829431,r03,0.9947627699391162,S0-row,s0,lr_c1,"{""C"": 1.0, ""class_weight"": null}",0.5,5286,5.578841900000043,1423,5.536210700000083,0.9779348448414061,0.9942096219714667
0.9973537194942664,0.9954213309486493,master,iscx_url2016_binary,ISCX-URL2016-binary,12,6,0.0011305822498586771,0.05316880000009405,7.816642164083218e-06,0.9961364565819967,rf,20261004,5307,1495,6802,20260905,0.9995752131985509,0.9959704499664204,0.9919732441471572,r03,0.9998206445327148,S0-row,s0,rf_depth16_leaf1,"{""class_weight"": null, ""max_depth"": 16, ""max_features"": ""sqrt"", ""min_samples_leaf"": 1, ""n_estimators"": 200}",0.36,5301,12.82091249999985,1483,12.730370000000221,0.9967794714039696,0.9999204535283462
0.9988238753307851,0.997564647688766,master,iscx_url2016_binary,ISCX-URL2016-binary,7,1,0.0001884303749764462,0.008432499999798893,1.2397089091148034e-06,0.9982828695919985,xgb,20261004,5307,1495,6802,20260905,0.9997049855302375,0.9993284083277367,0.9953177257525083,r03,0.9998870678153988,S0-row,s0,xgb_d6_lr01_balanced,"{""colsample_bytree"": 0.9, ""learning_rate"": 0.1, ""max_depth"": 6, ""n_estimators"": 200, ""reg_lambda"": 1.0, ""scale_pos_weight"": 3.5505376344086024, ""subsample"": 0.9}",0.42,5306,7.5477624000000105,1488,7.5041323999998895,0.9974217118074554,0.9996818141133845
0.981182005292561,0.9735264776186938,master,iscx_url2016_binary,ISCX-URL2016-binary,60,68,0.012813265498398342,0.004683900000145513,6.88606292288373e-07,0.9726181147605224,lr,20261005,5307,1495,6802,20260906,0.9894986006953956,0.9547571523619428,0.959866220735786,r04,0.9952352953409801,S0-row,s0,lr_c1,"{""C"": 1.0, ""class_weight"": null}",0.33,5239,7.195359800000006,1435,7.166916000000128,0.9774671606123297,0.9941599527007351
0.997794766245222,0.995703976511114,master,iscx_url2016_binary,ISCX-URL2016-binary,12,3,0.0005652911249293386,0.049860399999943184,7.330255807107202e-06,0.9967780504998189,rf,20261005,5307,1495,6802,20260906,0.999803372772206,0.9979811574697174,0.9919732441471572,r04,0.999942399544238,S0-row,s0,rf_depth24_leaf2,"{""class_weight"": null, ""max_depth"": 24, ""max_features"": ""sqrt"", ""min_samples_leaf"": 2, ""n_estimators"": 200}",0.44,5304,9.834200999999666,1483,9.753616399999828,0.996991997108698,0.9997309791275606
0.9979417818288738,0.996038424671649,master,iscx_url2016_binary,ISCX-URL2016-binary,11,3,0.0005652911249293386,0.008812399999897025,1.2955601293585747e-06,0.996993572556913,xgb,20261005,5307,1495,6802,20260906,0.9997011870144896,0.9979825151311366,0.9926421404682274,r04,0.9998927396327058,S0-row,s0,xgb_d6_lr005,"{""colsample_bytree"": 0.9, ""learning_rate"": 0.05, ""max_depth"": 6, ""n_estimators"": 250, ""reg_lambda"": 1.0, ""scale_pos_weight"": 1.0, ""subsample"": 0.9}",0.27,5304,5.415248199999951,1484,5.3797646000002715,0.9978545318999339,0.9998462017505267
0.980152896206998,0.9615760215730722,master,iscx_url2016_binary,ISCX-URL2016-binary,107,28,0.0052760504993404934,0.0029420000000754953,4.32519847114892e-07,0.9704995511499657,lr,20261006,5307,1495,6802,20260907,0.9860435429234119,0.980225988700565,0.928428093645485,r05,0.9935261877258093,S0-row,s0,lr_c1,"{""C"": 1.0, ""class_weight"": null}",0.62,5279,4.506543500000134,1388,4.481983199999831,0.975579453850159,0.9934560105490472
0.9969126727433107,0.996580083224466,master,iscx_url2016_binary,ISCX-URL2016-binary,6,15,0.002826455624646693,0.040671000000202184,5.979270802734811e-06,0.9955087339344137,rf,20261006,5307,1495,6802,20260907,0.9998720794492721,0.9900265957446809,0.9959866220735786,r05,0.9999633222480815,S0-row,s0,rf_depth24_leaf2,"{""class_weight"": null, ""max_depth"": 24, ""max_features"": ""sqrt"", ""min_samples_leaf"": 2, ""n_estimators"": 200}",0.31,5292,9.24438340000006,1489,9.183094499999697,0.9963605789668932,0.9999558775513806
0.9979417818288738,0.998440754402118,master,iscx_url2016_binary,ISCX-URL2016-binary,1,13,0.0024495948746938007,0.00951390000000174,1.3986915613057542e-06,0.9970079684033821,xgb,20261006,5307,1495,6802,20260907,0.999973760890369,0.9913735899137359,0.9993311036789297,r05,0.9999925636173087,S0-row,s0,xgb_d6_lr01_balanced,"{""colsample_bytree"": 0.9, ""learning_rate"": 0.1, ""max_depth"": 6, ""n_estimators"": 200, ""reg_lambda"": 1.0, ""scale_pos_weight"": 3.5505376344086024, ""subsample"": 0.9}",0.2,5294,5.3650815000000875,1494,5.330730199999834,0.9978576234709461,0.9999791994170794
0.9820640987944722,0.9664043136061226,master,iscx_url2016_binary,ISCX-URL2016-binary,92,30,0.005652911249293386,0.0035081999999420077,5.157600705589544e-07,0.9734529161983265,lr,20261007,5307,1495,6802,20260908,0.9848142308917058,0.9790648988136776,0.9384615384615385,r06,0.991503617674139,S0-row,s0,lr_c1,"{""C"": 1.0, ""class_weight"": null}",0.45,5277,4.2050969000001714,1403,4.181008999999904,0.9783992048010746,0.9932686792386229
0.9975007350779183,0.9952753131630906,master,iscx_url2016_binary,ISCX-URL2016-binary,13,4,0.0007537214999057848,0.03480370000033872,5.116686268794284e-06,0.9963484572331283,rf,20261007,5307,1495,6802,20260908,0.9994968378385927,0.9973082099596231,0.991304347826087,r06,0.9998009822327172,S0-row,s0,rf_depth16_leaf1,"{""class_weight"": null, ""max_depth"": 16, ""max_features"": ""sqrt"", ""min_samples_leaf"": 1, ""n_estimators"": 200}",0.33,5303,8.28606469999977,1482,8.232386799999858,0.9974279133737662,0.9999655844900769
0.9975007350779183,0.9955155461361375,master,iscx_url2016_binary,ISCX-URL2016-binary,12,5,0.000942151874882231,0.006934799999726238,1.0195236694687206e-06,0.9963502183212323,xgb,20261007,5307,1495,6802,20260908,0.9994768675542789,0.9966397849462365,0.9919732441471572,r06,0.9997943020923334,S0-row,s0,xgb_d6_lr01_balanced,"{""colsample_bytree"": 0.9, ""learning_rate"": 0.1, ""max_depth"": 6, ""n_estimators"": 200, ""reg_lambda"": 1.0, ""scale_pos_weight"": 3.5505376344086024, ""subsample"": 0.9}",0.3,5302,4.717850300000009,1483,4.688575399999991,0.9974266767465566,0.9999691142859665
0.9835342546309909,0.9699890281845206,master,iscx_url2016_binary,ISCX-URL2016-binary,81,31,0.005841341624269832,0.002388100000189297,3.5108791534685344e-07,0.9757010681241739,lr,20261008,5307,1495,6802,20260909,0.9910161304150915,0.9785467128027682,0.945819397993311,r07,0.9959243581235864,S0-row,s0,lr_c1,"{""C"": 1.0, ""class_weight"": null}",0.5,5276,3.8533810999997513,1414,3.8329540999998244,0.9758634710227272,0.9947016503056425
0.9970596883269627,0.9966742984119541,master,iscx_url2016_binary,ISCX-URL2016-binary,6,14,0.0026380252496702467,0.03915240000014819,5.756012937393148e-06,0.9957215804313316,rf,20261008,5307,1495,6802,20260909,0.9997960209899284,0.9906852960745176,0.9959866220735786,r07,0.9999364756461618,S0-row,s0,rf_depth16_leaf1,"{""class_weight"": null, ""max_depth"": 16, ""max_features"": ""sqrt"", ""min_samples_leaf"": 1, ""n_estimators"": 200}",0.22,5293,7.563226100000065,1489,7.503873300000123,0.9974254382799208,0.9999203274642072
0.9986768597471332,0.9977106654743246,master,iscx_url2016_binary,ISCX-URL2016-binary,6,3,0.0005652911249293386,0.006841800000074727,1.0058512202403304e-06,0.9980696231659599,xgb,20261008,5307,1495,6802,20260909,0.9999232960926183,0.9979892761394102,0.9959866220735786,r07,0.9999774387711566,S0-row,s0,xgb_d6_lr01_balanced,"{""colsample_bytree"": 0.9, ""learning_rate"": 0.1, ""max_depth"": 6, ""n_estimators"": 200, ""reg_lambda"": 1.0, ""scale_pos_weight"": 3.5505376344086024, ""subsample"": 0.9}",0.35,5304,4.646245999999792,1489,4.618541599999844,0.9976394168260536,0.9999190668228182
0.9844163481329021,0.9676715236328872,master,iscx_url2016_binary,ISCX-URL2016-binary,93,13,0.0024495948746938007,0.003006299999924522,4.419729491215116e-07,0.9768308914591926,lr,20261009,5307,1495,6802,20260910,0.9856269368341796,0.9908127208480565,0.9377926421404682,r08,0.9911776772395643,S0-row,s0,lr_c1,"{""C"": 1.0, ""class_weight"": null}",0.64,5294,3.596208099999785,1402,3.575234999999793,0.9750312707317544,0.9931926625628588
0.997794766245222,0.9973856073224422,master,iscx_url2016_binary,ISCX-URL2016-binary,5,10,0.001884303749764462,0.40120240000032936,5.898300499857827e-05,0.9967888794454451,rf,20261009,5307,1495,6802,20260910,0.9998707969776631,0.9933333333333333,0.9966555183946488,r08,0.9999623139250048,S0-row,s0,rf_depth16_leaf1,"{""class_weight"": null, ""max_depth"": 16, ""max_features"": ""sqrt"", ""min_samples_leaf"": 1, ""n_estimators"": 200}",0.27,5297,8.11197200000015,1490,7.692011099999945,0.9980713982490304,0.999868767231392
0.9991179064980888,0.9989542429289768,master,iscx_url2016_binary,ISCX-URL2016-binary,2,4,0.0007537214999057848,0.007226599999739847,1.0624228167803363e-06,0.9987146273716971,xgb,20261009,5307,1495,6802,20260910,0.9997283670181453,0.9973279893119572,0.9986622073578595,r08,0.9998927396327058,S0-row,s0,xgb_d6_lr01_balanced,"{""colsample_bytree"": 0.9, ""learning_rate"": 0.1, ""max_depth"": 6, ""n_estimators"": 200, ""reg_lambda"": 1.0, ""scale_pos_weight"": 3.5505376344086024, ""subsample"": 0.9}",0.28,5303,4.511532299999999,1493,4.48320829999966,0.998072323655123,0.9998266618089953
0.984563363716554,0.9749727280117823,master,iscx_url2016_binary,ISCX-URL2016-binary,63,42,0.00791407574901074,0.0025644000002102985,3.7700676274776515e-07,0.9773807482205641,lr,20261010,5307,1495,6802,20260911,0.9897915386453195,0.9715061058344641,0.9578595317725752,r09,0.9940259378507468,S0-row,s0,lr_c01,"{""C"": 0.1, ""class_weight"": null}",0.4,5265,3.5602669999998398,1432,3.5396072000003187,0.9721553582532894,0.992225876681538
0.997794766245222,0.9966649084033015,master,iscx_url2016_binary,ISCX-URL2016-binary,8,7,0.0013190126248351234,0.04396379999980127,6.463363716524738e-06,0.9967842522598562,rf,20261010,5307,1495,6802,20260911,0.9998858193090261,0.9953145917001339,0.9946488294314382,r09,0.9999669774192349,S0-row,s0,rf_depth24_leaf2,"{""class_weight"": null, ""max_depth"": 24, ""max_features"": ""sqrt"", ""min_samples_leaf"": 2, ""n_estimators"": 200}",0.34,5300,8.056854099999782,1487,7.984044999999696,0.9989285545827946,0.9999077210503161
0.9985298441634813,0.9973762173137894,master,iscx_url2016_binary,ISCX-URL2016-binary,7,3,0.0005652911249293386,0.012593500000093627,1.851440752733553e-06,0.9978546206147935,xgb,20261010,5307,1495,6802,20260911,0.9999513531238671,0.9979879275653923,0.9953177257525083,r09,0.999986135557694,S0-row,s0,xgb_d6_lr005,"{""colsample_bytree"": 0.9, ""learning_rate"": 0.05, ""max_depth"": 6, ""n_estimators"": 250, ""reg_lambda"": 1.0, ""scale_pos_weight"": 1.0, ""subsample"": 0.9}",0.27,5304,5.782038599999851,1488,5.741110299999946,0.9993568238224664,0.9997643861243724
0.9838282857982946,0.9713786234247315,master,iscx_url2016_binary,ISCX-URL2016-binary,76,34,0.006406632749199171,0.004083299999820156,6.00308732699229e-07,0.9761818721706781,lr,20261001,5307,1495,6802,20260902,0.9880586636125124,0.9766001376462491,0.9491638795986622,r00,0.9940190056295937,S1-url,s1,lr_c1,"{""C"": 1.0, ""class_weight"": null}",0.48,5273,5.281484099999943,1419,5.251169300000129,0.979867794744347,0.9932011295739268
0.9969126727433107,0.9973007821436066,master,iscx_url2016_binary,ISCX-URL2016-binary,3,18,0.0033917467495760316,0.07104190000018207,1.0444266392264344e-05,0.995515164131109,rf,20261001,5307,1495,6802,20260902,0.9998068694833178,0.9880794701986755,0.9979933110367893,r00,0.9999363496057772,S1-url,s1,rf_depth24_leaf2,"{""class_weight"": null, ""max_depth"": 24, ""max_features"": ""sqrt"", ""min_samples_leaf"": 2, ""n_estimators"": 200}",0.25,5289,13.94955630000004,1492,13.839440300000206,0.9980714781676605,0.9999631962076969
0.997794766245222,0.9981063062415829,master,iscx_url2016_binary,ISCX-URL2016-binary,2,13,0.0024495948746938007,0.007891799999924842,1.1602175830527554e-06,0.9967934860783776,xgb,20261001,5307,1495,6802,20260902,0.9999423709966309,0.9913678618857902,0.9986622073578595,r00,0.9999828585076944,S1-url,s1,xgb_d6_lr01_balanced,"{""colsample_bytree"": 0.9, ""learning_rate"": 0.1, ""max_depth"": 6, ""n_estimators"": 200, ""reg_lambda"": 1.0, ""scale_pos_weight"": 3.550394265232975, ""subsample"": 0.9}",0.19,5294,6.86627099999987,1493,6.822487299999921,0.9982853466079067,0.9999809679019255
0.9826521611290797,0.9634179127334189,master,iscx_url2016_binary,ISCX-URL2016-binary,106,12,0.0022611644997173543,0.004066699999839329,5.978682740134269e-07,0.9741171726823752,lr,20261002,5307,1495,6802,20260903,0.9908144191017836,0.9914346895074947,0.9290969899665552,r01,0.9953218850852003,S1-url,s1,lr_c1,"{""C"": 1.0, ""class_weight"": null}",0.66,5295,4.337516200000209,1389,4.313347100000101,0.9783879389321062,0.9932986848316069
0.9985298441634813,0.9983371492059772,master,iscx_url2016_binary,ISCX-URL2016-binary,3,7,0.0013190126248351234,0.039396299999680195,5.791870038177035e-06,0.9978587397855718,rf,20261002,5307,1495,6802,20260903,0.9998944723716707,0.9953302201467645,0.9979933110367893,r01,0.9999689940653885,S1-url,s1,rf_depth16_leaf1,"{""class_weight"": null, ""max_depth"": 16, ""max_features"": ""sqrt"", ""min_samples_leaf"": 1, ""n_estimators"": 200}",0.24,5300,8.940851300000304,1492,8.882020499999726,0.9965756252177362,0.9999407610192381
0.9988238753307851,0.9987658125540004,master,iscx_url2016_binary,ISCX-URL2016-binary,2,6,0.0011305822498586771,0.00876349999998638,1.2883710673311348e-06,0.9982869918284574,xgb,20261002,5307,1495,6802,20260903,0.9999096033578206,0.9959973315543695,0.9986622073578595,r01,0.9999740356807725,S1-url,s1,xgb_d6_lr005,"{""colsample_bytree"": 0.9, ""learning_rate"": 0.05, ""max_depth"": 6, ""n_estimators"": 250, ""reg_lambda"": 1.0, ""scale_pos_weight"": 1.0, ""subsample"": 0.9}",0.14,5301,5.388184799999635,1493,5.353147300000273,0.9972170288527191,0.9999470630384681
0.9817700676271685,0.9666963491772399,master,iscx_url2016_binary,ISCX-URL2016-binary,90,34,0.006406632749199171,0.0038213000002542685,5.617906498462612e-07,0.9730577548299388,lr,20261003,5307,1495,6802,20260904,0.9869725281129132,0.9763724808895066,0.939799331103679,r02,0.9922589776990446,S1-url,s1,lr_c1,"{""C"": 1.0, ""class_weight"": null}",0.52,5273,4.42810419999978,1405,4.4036605000001146,0.9747459882316597,0.9928445613258945
0.9961775948250514,0.9951480753948372,master,iscx_url2016_binary,ISCX-URL2016-binary,10,16,0.003014885999623139,0.043155599999863625,6.344545721826466e-06,0.9944353909788215,rf,20261003,5307,1495,6802,20260904,0.9996518236619739,0.9893404397068621,0.9933110367892977,r02,0.9998887063403985,S1-url,s1,rf_unlimited_leaf5_balanced,"{""class_weight"": ""balanced_subsample"", ""max_depth"": null, ""max_features"": ""sqrt"", ""min_samples_leaf"": 5, ""n_estimators"": 200}",0.41,5291,9.203040800000053,1485,9.13712630000009,0.9959286761317275,0.9999013103788584
0.9973537194942664,0.9966224958138836,master,iscx_url2016_binary,ISCX-URL2016-binary,7,11,0.0020727341247409083,0.007546599999841419,1.1094678035638664e-06,0.9961457316140292,xgb,20261003,5307,1495,6802,20260904,0.9998385347770096,0.9926617745163442,0.9953177257525083,r02,0.999950592169237,S1-url,s1,xgb_d6_lr01_balanced,"{""colsample_bytree"": 0.9, ""learning_rate"": 0.1, ""max_depth"": 6, ""n_estimators"": 200, ""reg_lambda"": 1.0, ""scale_pos_weight"": 3.550394265232975, ""subsample"": 0.9}",0.19,5296,5.753680400000121,1488,5.722022500000094,0.9976417849905612,0.9999731533980802
0.9847103793002058,0.9721841475227078,master,iscx_url2016_binary,ISCX-URL2016-binary,75,29,0.00546448087431694,0.0028526000000965723,4.193766539395137e-07,0.9774589077412513,lr,20261004,5307,1495,6802,20260905,0.9877328252697543,0.9799861973775017,0.9498327759197325,r03,0.9950325593823517,S1-url,s1,lr_c1,"{""C"": 1.0, ""class_weight"": null}",0.48,5278,4.202673100000084,1420,4.176568100000168,0.976170174927006,0.9929736266797246
0.9980887974125258,0.9973338047243717,master,iscx_url2016_binary,ISCX-URL2016-binary,6,7,0.0013190126248351234,0.04976589999978387,7.316362834428678e-06,0.9972143573532872,rf,20261004,5307,1495,6802,20260905,0.9999362865613037,0.9953208556149733,0.9959866220735786,r03,0.9999818501846176,S1-url,s1,rf_depth24_leaf2,"{""class_weight"": null, ""max_depth"": 24, ""max_features"": ""sqrt"", ""min_samples_leaf"": 2, ""n_estimators"": 200}",0.3,5300,8.916647199999716,1489,8.84500479999997,0.9967888794454451,0.9999461807557758
0.9986768597471332,0.9979508984473715,master,iscx_url2016_binary,ISCX-URL2016-binary,5,4,0.0007537214999057848,0.007359300000189251,1.0819317847970083e-06,0.9980705513559138,xgb,20261004,5307,1495,6802,20260905,0.9999509301892977,0.9973226238286479,0.9966555183946488,r03,0.9999860095173094,S1-url,s1,xgb_d6_lr01_balanced,"{""colsample_bytree"": 0.9, ""learning_rate"": 0.1, ""max_depth"": 6, ""n_estimators"": 200, ""reg_lambda"": 1.0, ""scale_pos_weight"": 3.550394265232975, ""subsample"": 0.9}",0.29,5303,5.0354151999999885,1490,5.005081599999812,0.9980733276672671,0.9999773127307721
0.9838282857982946,0.9716188563977785,master,iscx_url2016_binary,ISCX-URL2016-binary,75,35,0.006595063124175617,0.002244400000108726,3.2996177596423494e-07,0.9761935518767519,lr,20261005,5307,1495,6802,20260906,0.9887763093712311,0.9759450171821306,0.9498327759197325,r04,0.9944937997583805,S1-url,s1,lr_c1,"{""C"": 1.0, ""class_weight"": null}",0.46,5272,4.164172700000108,1420,4.143166400000155,0.98035845933875,0.9943986392680079
0.9982358129961776,0.997187786938813,master,iscx_url2016_binary,ISCX-URL2016-binary,7,5,0.000942151874882231,0.05001270000002478,7.352646280509377e-06,0.9974267832445078,rf,20261005,5307,1495,6802,20260906,0.9999492465782696,0.9966510381781648,0.9953177257525083,r04,0.9999857574365403,S1-url,s1,rf_depth24_leaf2,"{""class_weight"": null, ""max_depth"": 24, ""max_features"": ""sqrt"", ""min_samples_leaf"": 2, ""n_estimators"": 200}",0.4,5302,8.913644600000225,1488,8.841559400000278,0.9972130186252087,0.9999397526961613
0.9985298441634813,0.9973762173137894,master,iscx_url2016_binary,ISCX-URL2016-binary,7,3,0.0005652911249293386,0.007063600000037695,1.0384592766888703e-06,0.9978546206147935,xgb,20261005,5307,1495,6802,20260906,0.9999776850668044,0.9979879275653923,0.9953177257525083,r04,0.99999369798077,S1-url,s1,xgb_d6_lr01_balanced,"{""colsample_bytree"": 0.9, ""learning_rate"": 0.1, ""max_depth"": 6, ""n_estimators"": 200, ""reg_lambda"": 1.0, ""scale_pos_weight"": 3.550394265232975, ""subsample"": 0.9}",0.47,5304,5.259556200000134,1488,5.230311799999981,0.9978566832598833,0.9999615576826971
0.9847103793002058,0.974106011307083,master,iscx_url2016_binary,ISCX-URL2016-binary,67,37,0.00697192387412851,0.0024017999999159656,3.5310202880270004e-07,0.9775470509968819,lr,20261006,5307,1495,6802,20260907,0.9899528330278983,0.9747440273037543,0.9551839464882943,r05,0.9947047913622006,S1-url,s1,lr_c1,"{""C"": 1.0, ""class_weight"": null}",0.49,5270,4.085544900000059,1428,4.0619950000000244,0.9796762248053884,0.9940478688776672
0.9980887974125258,0.9961326398591372,master,iscx_url2016_binary,ISCX-URL2016-binary,11,2,0.0003768607499528924,0.04856800000015937,7.1402528668273114e-06,0.9972076437665098,rf,20261006,5307,1495,6802,20260907,0.9998173435370001,0.9986541049798116,0.9926421404682274,r05,0.999943659948084,S1-url,s1,rf_depth16_leaf1,"{""class_weight"": null, ""max_depth"": 16, ""max_features"": ""sqrt"", ""min_samples_leaf"": 1, ""n_estimators"": 200}",0.49,5305,8.138634599999932,1484,8.07097049999993,0.9974280199118599,0.9999237455673171
0.9982358129961776,0.9974280199118599,master,iscx_url2016_binary,ISCX-URL2016-binary,6,6,0.0011305822498586771,0.0075733000003310735,1.1133931197193581e-06,0.9974280199118599,xgb,20261006,5307,1495,6802,20260907,0.9999179068988049,0.9959866220735786,0.9959866220735786,r05,0.9999764304480798,S1-url,s1,xgb_d6_lr01_balanced,"{""colsample_bytree"": 0.9, ""learning_rate"": 0.1, ""max_depth"": 6, ""n_estimators"": 200, ""reg_lambda"": 1.0, ""scale_pos_weight"": 3.550394265232975, ""subsample"": 0.9}",0.39,5301,4.99251379999987,1489,4.96464320000041,0.9980724036038855,0.9998689180000163
0.9825051455454278,0.967167425114681,master,iscx_url2016_binary,ISCX-URL2016-binary,90,29,0.00546448087431694,0.00249630000007528,3.6699500148122315e-07,0.9741121291326419,lr,20261007,5307,1495,6802,20260908,0.9865571719428158,0.9797768479776848,0.939799331103679,r06,0.9930182449758728,S1-url,s1,lr_c01,"{""C"": 0.1, ""class_weight"": null}",0.56,5278,3.9215408000000025,1405,3.899696199999653,0.9760759614283951,0.9928148157951289
0.9967656571596589,0.9931226064143213,master,iscx_url2016_binary,ISCX-URL2016-binary,20,2,0.0003768607499528924,0.039170000000012806,5.758600411645517e-06,0.9952641762038874,rf,20261007,5307,1495,6802,20260908,0.9997562562837736,0.998645903859174,0.9866220735785953,r06,0.9999274007384706,S1-url,s1,rf_depth16_leaf1,"{""class_weight"": null, ""max_depth"": 16, ""max_features"": ""sqrt"", ""min_samples_leaf"": 1, ""n_estimators"": 200}",0.51,5305,7.717383600000176,1475,7.660642100000132,0.9972076437665098,0.9999541213000058
0.9970596883269627,0.9940317357084383,master,iscx_url2016_binary,ISCX-URL2016-binary,17,3,0.0005652911249293386,0.010384599999724742,1.5266980299507118e-06,0.9956988741445806,xgb,20261007,5307,1495,6802,20260908,0.9996928140774489,0.9979743416610398,0.988628762541806,r06,0.9999013103788585,S1-url,s1,xgb_d6_lr005,"{""colsample_bytree"": 0.9, ""learning_rate"": 0.05, ""max_depth"": 6, ""n_estimators"": 250, ""reg_lambda"": 1.0, ""scale_pos_weight"": 1.0, ""subsample"": 0.9}",0.62,5304,5.752500399999917,1478,5.720010000000002,0.9972089904809425,0.9999608014403895
0.980005880623346,0.9720520571996474,master,iscx_url2016_binary,ISCX-URL2016-binary,63,73,0.013755417373280572,0.002558099999987462,3.7608056453799795e-07,0.9709206588708663,lr,20261008,5307,1495,6802,20260909,0.9881844716120591,0.9514950166112957,0.9578595317725752,r07,0.994140130439194,S1-url,s1,lr_c1,"{""C"": 1.0, ""class_weight"": null}",0.32,5234,4.788412100000187,1432,4.762084899999991,0.9753340737872656,0.9950156069506231
0.9969126727433107,0.9951386853861846,master,iscx_url2016_binary,ISCX-URL2016-binary,12,9,0.0016958733747880158,0.04515929999979562,6.639120846779715e-06,0.9954957873872399,rf,20261008,5307,1495,6802,20260909,0.9997313512071235,0.9939678284182306,0.9919732441471572,r07,0.9999203424769331,S1-url,s1,rf_depth24_leaf2,"{""class_weight"": null, ""max_depth"": 24, ""max_features"": ""sqrt"", ""min_samples_leaf"": 2, ""n_estimators"": 200}",0.41,5298,11.121268200000031,1483,11.052959300000111,0.9972089904809425,0.9999375469894308
0.9976477506615701,0.9958499942966725,master,iscx_url2016_binary,ISCX-URL2016-binary,11,5,0.000942151874882231,0.007053599999835569,1.036989120822636e-06,0.996565739183997,xgb,20261008,5307,1495,6802,20260909,0.9998390344285439,0.9966420416386836,0.9926421404682274,r07,0.9999531129769289,S1-url,s1,xgb_d6_lr01_balanced,"{""colsample_bytree"": 0.9, ""learning_rate"": 0.1, ""max_depth"": 6, ""n_estimators"": 200, ""reg_lambda"": 1.0, ""scale_pos_weight"": 3.550394265232975, ""subsample"": 0.9}",0.26,5302,4.880361799999719,1484,4.849254100000053,0.9978566832598833,0.9999313079903932
0.9832402234636871,0.9719626945669662,master,iscx_url2016_binary,ISCX-URL2016-binary,72,42,0.00791407574901074,0.002169299999877694,3.189209055980144e-07,0.9753881135927359,lr,20261009,5307,1495,6802,20260910,0.9879382093516056,0.9713310580204778,0.9518394648829431,r08,0.995322893408277,S1-url,s1,lr_c1,"{""C"": 1.0, ""class_weight"": null}",0.48,5265,3.907807600000069,1423,3.880018399999699,0.9744746841948329,0.9947042872006618
0.9980887974125258,0.9963728728321841,master,iscx_url2016_binary,ISCX-URL2016-binary,10,3,0.0005652911249293386,0.045344999999997526,6.66642164069355e-06,0.9972089904809425,rf,20261009,5307,1495,6802,20260910,0.9998009899793965,0.9979838709677419,0.9933110367892977,r08,0.9999371058480848,S1-url,s1,rf_depth24_leaf2,"{""class_weight"": null, ""max_depth"": 24, ""max_features"": ""sqrt"", ""min_samples_leaf"": 2, ""n_estimators"": 200}",0.45,5304,8.4718498000002,1485,8.403771499999948,0.9978515151208862,0.9999784470942334
0.9982358129961776,0.9974280199118599,master,iscx_url2016_binary,ISCX-URL2016-binary,6,6,0.0011305822498586771,0.007145500000206084,1.050499853014714e-06,0.9974280199118599,xgb,20261009,5307,1495,6802,20260910,0.9999219201982037,0.9959866220735786,0.9959866220735786,r08,0.9999775648115412,S1-url,s1,xgb_d6_lr01_balanced,"{""colsample_bytree"": 0.9, ""learning_rate"": 0.1, ""max_depth"": 6, ""n_estimators"": 200, ""reg_lambda"": 1.0, ""scale_pos_weight"": 3.550394265232975, ""subsample"": 0.9}",0.36,5301,5.465298699999948,1489,5.433838500000093,0.9980696231659599,0.9999779429326952
0.9830932078800353,0.9723489453255718,master,iscx_url2016_binary,ISCX-URL2016-binary,70,45,0.008479366873940079,0.0038022999997338047,5.589973536803594e-07,0.9752024393371488,lr,20261010,5307,1495,6802,20260911,0.9897485805312951,0.9693877551020408,0.9531772575250836,r09,0.996223388936049,S1-url,s1,lr_c1,"{""C"": 1.0, ""class_weight"": null}",0.47,5262,4.4228094000000056,1425,4.3924144999996315,0.9736352300558453,0.992232383177894
0.9975007350779183,0.9962362450552782,master,iscx_url2016_binary,ISCX-URL2016-binary,9,8,0.0015074429998115696,0.04456490000029589,6.551734783930593e-06,0.9963554858945037,rf,20261010,5307,1495,6802,20260911,0.9997106494415641,0.9946452476572959,0.9939799331103679,r09,0.9999083056202037,S1-url,s1,rf_depth24_leaf2,"{""class_weight"": null, ""max_depth"": 24, ""max_features"": ""sqrt"", ""min_samples_leaf"": 2, ""n_estimators"": 200}",0.35,5299,8.568233000000419,1486,8.49621849999994,0.9972076437665098,0.9998440880442502
0.9980887974125258,0.9975740376974187,master,iscx_url2016_binary,ISCX-URL2016-binary,5,8,0.0015074429998115696,0.007243699999889941,1.0649367832828494e-06,0.9972156940945012,xgb,20261010,5307,1495,6802,20260911,0.9998877856267254,0.9946595460614153,0.9966555183946488,r09,0.9999668513788503,S1-url,s1,xgb_d6_lr01_balanced,"{""colsample_bytree"": 0.9, ""learning_rate"": 0.1, ""max_depth"": 6, ""n_estimators"": 200, ""reg_lambda"": 1.0, ""scale_pos_weight"": 3.550394265232975, ""subsample"": 0.9}",0.18,5299,5.021036500000264,1490,4.98271509999995,0.9976395143940187,0.999866523232709
0.9787655719139298,0.9498883291242188,master,iscx_url2016_binary,ISCX-URL2016-binary,148,2,0.00035829451809387314,0.00258880000001227,3.6647791619652747e-07,0.9667540799671682,lr,20261001,5582,1482,7064,20260902,0.9722613415685567,0.9985029940119761,0.9001349527665317,r00,0.9875745298532831,S2-host,s2,lr_c1,"{""C"": 1.0, ""class_weight"": null}",0.88,5580,4.173157600000195,1334,4.144980500000202,0.7454080985528619,0.8138839175021975
0.9954699886749717,0.9892037786774629,master,iscx_url2016_binary,ISCX-URL2016-binary,32,0,0.0,0.09514949999993405,1.3469634767827584e-05,0.993113892264193,rf,20261001,5582,1482,7064,20260902,0.9960521534750271,1.0,0.9784075573549258,r00,0.9982658255207238,S2-host,s2,rf_depth24_leaf2,"{""class_weight"": null, ""max_depth"": 24, ""max_features"": ""sqrt"", ""min_samples_leaf"": 2, ""n_estimators"": 200}",0.58,5582,8.745154600000205,1450,8.619130799999766,0.9976415866090893,0.9996474645344067
0.9954699886749717,0.9892037786774629,master,iscx_url2016_binary,ISCX-URL2016-binary,32,0,0.0,0.007671599999866885,1.086013590015131e-06,0.993113892264193,xgb,20261001,5582,1482,7064,20260902,0.9976099157166537,1.0,0.9784075573549258,r00,0.9990204924156159,S2-host,s2,xgb_d6_lr01_balanced,"{""colsample_bytree"": 0.9, ""learning_rate"": 0.1, ""max_depth"": 6, ""n_estimators"": 200, ""reg_lambda"": 1.0, ""scale_pos_weight"": 3.4967095851216023, ""subsample"": 0.9}",0.94,5582,5.291978299999755,1450,5.256842100000085,0.9991430173499247,0.9997914561316026
0.771724842996933,0.8366457864255581,master,iscx_url2016_binary,ISCX-URL2016-binary,72,1491,0.27848337691445646,0.0026505999999244523,3.8711844602372604e-07,0.7384561994591873,lr,20261002,5354,1493,6847,20260903,0.45296759210819837,0.4879807692307692,0.9517749497655726,r01,0.79016458577333,S2-host,s2,lr_c01,"{""C"": 0.1, ""class_weight"": null}",0.65,3863,4.064572799999951,1421,4.043649100000039,0.979927789359895,0.9881038725303184
0.9953264203300716,0.9950795156377876,master,iscx_url2016_binary,ISCX-URL2016-binary,8,24,0.0044826298094882335,0.03732369999988805,5.451102672687023e-06,0.9931737739125407,rf,20261002,5354,1493,6847,20260903,0.9977584798816952,0.9840954274353877,0.9946416610850636,r01,0.9988617032642182,S2-host,s2,rf_depth16_leaf1,"{""class_weight"": null, ""max_depth"": 16, ""max_features"": ""sqrt"", ""min_samples_leaf"": 1, ""n_estimators"": 200}",0.5,5330,8.59486599999991,1485,8.531811299999845,0.9933341156426709,0.9979383559358668
0.9631955600993136,0.9757416693167292,master,iscx_url2016_binary,ISCX-URL2016-binary,3,249,0.04650728427344042,0.008375199999591132,1.223192639052305e-06,0.94897126517278,xgb,20261002,5354,1493,6847,20260903,0.9990298361109428,0.8568142610695803,0.9979906229068989,r01,0.999537250288421,S2-host,s2,xgb_d6_lr005,"{""colsample_bytree"": 0.9, ""learning_rate"": 0.05, ""max_depth"": 6, ""n_estimators"": 250, ""reg_lambda"": 1.0, ""scale_pos_weight"": 1.0, ""subsample"": 0.9}",0.5,5105,4.892496400000255,1490,4.863240700000006,0.993980714134074,0.9984255107630997
0.9784824462061155,0.9492135652915603,master,iscx_url2016_binary,ISCX-URL2016-binary,150,2,0.00035829451809387314,0.002512600000045495,3.5569082673350725e-07,0.966292834640607,lr,20261003,5582,1482,7064,20260904,0.9703473727230418,0.9985007496251874,0.8987854251012146,r02,0.9864373920220719,S2-host,s2,lr_c1,"{""C"": 1.0, ""class_weight"": null}",0.88,5580,4.0555004000002555,1332,4.029659899999842,0.7515558631503799,0.8242675756693985
0.9920724801812004,0.9811066126855601,master,iscx_url2016_binary,ISCX-URL2016-binary,56,0,0.0,0.044399000000339583,6.285249150670949e-06,0.9878758455989624,rf,20261003,5582,1482,7064,20260904,0.9950314349148053,1.0,0.9622132253711201,r02,0.9979543123718952,S2-host,s2,rf_unlimited_leaf5_balanced,"{""class_weight"": ""balanced_subsample"", ""max_depth"": null, ""max_features"": ""sqrt"", ""min_samples_leaf"": 5, ""n_estimators"": 200}",0.73,5582,8.410725300000195,1426,8.348449000000073,0.9974228136385992,0.9993898809561041
0.9946206115515289,0.9871794871794872,master,iscx_url2016_binary,ISCX-URL2016-binary,38,0,0.0,0.006758600000011938,9.56766704418451e-07,0.9918103678146528,xgb,20261003,5582,1482,7064,20260904,0.9981118827487862,1.0,0.9743589743589743,r02,0.9992372340050026,S2-host,s2,xgb_d6_lr01_balanced,"{""colsample_bytree"": 0.9, ""learning_rate"": 0.1, ""max_depth"": 6, ""n_estimators"": 200, ""reg_lambda"": 1.0, ""scale_pos_weight"": 3.4967095851216023, ""subsample"": 0.9}",0.94,5582,4.984338599999774,1444,4.955123199999889,0.9978533875281659,0.9989048632129868
0.867638731596829,0.9033626254816547,master,iscx_url2016_binary,ISCX-URL2016-binary,52,883,0.158187029738445,0.005979300000035437,8.464467723719474e-07,0.8315681992546744,lr,20261004,5582,1482,7064,20260905,0.9808111485698946,0.6182447038478167,0.9649122807017544,r03,0.9906266817720928,S2-host,s2,lr_c1,"{""C"": 1.0, ""class_weight"": null}",0.4,4699,4.483420099999876,1430,4.449124400000073,0.7454925733603769,0.8176055560990512
0.9958946772366931,0.9902159244264508,master,iscx_url2016_binary,ISCX-URL2016-binary,29,0,0.0,0.04708589999972901,6.665614382747595e-06,0.9937641726979825,rf,20261004,5582,1482,7064,20260905,0.9950564395181782,1.0,0.9804318488529015,r03,0.9979775217333912,S2-host,s2,rf_depth16_leaf1,"{""class_weight"": null, ""max_depth"": 16, ""max_features"": ""sqrt"", ""min_samples_leaf"": 1, ""n_estimators"": 200}",0.6,5582,9.34162379999998,1453,9.264398400000118,0.9963463218209361,0.9983295223307074
0.9956115515288788,0.9895411605937922,master,iscx_url2016_binary,ISCX-URL2016-binary,31,0,0.0,0.015092799999820272,2.1365798414241607e-06,0.993330761885169,xgb,20261004,5582,1482,7064,20260905,0.9975870382860333,1.0,0.9790823211875843,r03,0.9990841972776385,S2-host,s2,xgb_d6_lr01_balanced,"{""colsample_bytree"": 0.9, ""learning_rate"": 0.1, ""max_depth"": 6, ""n_estimators"": 200, ""reg_lambda"": 1.0, ""scale_pos_weight"": 3.4967095851216023, ""subsample"": 0.9}",0.95,5582,8.52882690000024,1451,8.491658800000096,0.9972087261996878,0.9982824842416146
0.9820215175537939,0.9576481131997925,master,iscx_url2016_binary,ISCX-URL2016-binary,125,2,0.00035829451809387314,0.003009999999903812,4.26104190246859e-07,0.9720227738926583,lr,20261005,5582,1482,7064,20260906,0.9744752905758438,0.9985283296541575,0.9156545209176788,r04,0.9881579068250512,S2-host,s2,lr_c1,"{""C"": 1.0, ""class_weight"": null}",0.86,5580,4.555198699999892,1357,4.528149100000064,0.7508527757687493,0.8210372586037631
0.9960362400906002,0.99055330634278,master,iscx_url2016_binary,ISCX-URL2016-binary,28,0,0.0,0.04948229999990872,7.004855605876092e-06,0.993980714134074,rf,20261005,5582,1482,7064,20260906,0.9963647708897869,1.0,0.9811066126855601,r04,0.9984820835817461,S2-host,s2,rf_depth16_leaf1,"{""class_weight"": null, ""max_depth"": 16, ""max_features"": ""sqrt"", ""min_samples_leaf"": 1, ""n_estimators"": 200}",0.63,5582,15.398415999999997,1454,15.321528999999828,0.9974244636342715,0.9982131162314112
0.9953284258210645,0.9888663967611335,master,iscx_url2016_binary,ISCX-URL2016-binary,33,0,0.0,0.008789700000306766,1.2442950170309691e-06,0.99289691300373,xgb,20261005,5582,1482,7064,20260906,0.9950072055907514,1.0,0.9777327935222672,r04,0.9977483292886186,S2-host,s2,xgb_d4_lr005,"{""colsample_bytree"": 0.9, ""learning_rate"": 0.05, ""max_depth"": 4, ""n_estimators"": 300, ""reg_lambda"": 1.0, ""scale_pos_weight"": 1.0, ""subsample"": 0.9}",0.84,5582,15.121114999999918,1449,15.079747800000405,0.9978526806170189,0.9990813933902998
0.9834371460928653,0.9612697406498911,master,iscx_url2016_binary,ISCX-URL2016-binary,114,3,0.0005374417771408098,0.005470699999932549,7.744479048602136e-07,0.9743067980722824,lr,20261006,5582,1482,7064,20260907,0.9779519260317634,0.9978118161925602,0.9230769230769231,r05,0.9898899054266872,S2-host,s2,lr_c1,"{""C"": 1.0, ""class_weight"": null}",0.87,5579,6.938205299999936,1368,6.8964937999999165,0.7464720373271692,0.8159470881546331
0.9956115515288788,0.9895411605937922,master,iscx_url2016_binary,ISCX-URL2016-binary,31,0,0.0,0.05994730000020354,8.486310872055994e-06,0.993330761885169,rf,20261006,5582,1482,7064,20260907,0.9960876147295916,1.0,0.9790823211875843,r05,0.9983732896997337,S2-host,s2,rf_depth24_leaf2,"{""class_weight"": null, ""max_depth"": 24, ""max_features"": ""sqrt"", ""min_samples_leaf"": 2, ""n_estimators"": 200}",0.62,5582,15.051330300000245,1451,14.946941000000152,0.9969932825783657,0.9989529021124856
0.9956115515288788,0.9895411605937922,master,iscx_url2016_binary,ISCX-URL2016-binary,31,0,0.0,0.011887099999967177,1.682771800674855e-06,0.993330761885169,xgb,20261006,5582,1482,7064,20260907,0.9955687577931088,1.0,0.9790823211875843,r05,0.9980211601682872,S2-host,s2,xgb_d4_lr005,"{""colsample_bytree"": 0.9, ""learning_rate"": 0.05, ""max_depth"": 4, ""n_estimators"": 300, ""reg_lambda"": 1.0, ""scale_pos_weight"": 1.0, ""subsample"": 0.9}",0.82,5582,9.930425000000014,1451,9.881552700000157,0.9967761663125907,0.9983231421643677
0.9797565118912798,0.962905758871174,master,iscx_url2016_binary,ISCX-URL2016-binary,98,45,0.008061626657112147,0.006736299999829498,9.536098527504952e-07,0.9690637404511304,lr,20261007,5582,1482,7064,20260908,0.9760796972862485,0.9685094471658502,0.9338731443994602,r06,0.9890356316887083,S2-host,s2,lr_c1,"{""C"": 1.0, ""class_weight"": null}",0.79,5537,6.923726999999872,1384,6.842731999999614,0.7482641926940925,0.8157478017824934
0.9951868629671574,0.9885290148448043,master,iscx_url2016_binary,ISCX-URL2016-binary,34,0,0.0,0.0625635000001239,8.856667610436564e-06,0.9926798239812449,rf,20261007,5582,1482,7064,20260908,0.9959334222996746,1.0,0.9770580296896086,r06,0.9983059583749772,S2-host,s2,rf_depth24_leaf2,"{""class_weight"": null, ""max_depth"": 24, ""max_features"": ""sqrt"", ""min_samples_leaf"": 2, ""n_estimators"": 200}",0.64,5582,14.387683999999808,1448,14.275728900000104,0.9976392991974896,0.9986814322897967
0.9941959229898075,0.9861673414304993,master,iscx_url2016_binary,ISCX-URL2016-binary,41,0,0.0,0.009515400000054797,1.3470271800757073e-06,0.9911571171598623,xgb,20261007,5582,1482,7064,20260908,0.9949028413714173,1.0,0.9723346828609987,r06,0.9976013366658109,S2-host,s2,xgb_d4_lr005,"{""colsample_bytree"": 0.9, ""learning_rate"": 0.05, ""max_depth"": 4, ""n_estimators"": 300, ""reg_lambda"": 1.0, ""scale_pos_weight"": 1.0, ""subsample"": 0.9}",0.86,5582,10.1347295999999,1441,10.082127199999832,0.9980685175252189,0.9992009779919291
0.7733313860084708,0.8388805960626617,master,iscx_url2016_binary,ISCX-URL2016-binary,67,1485,0.2773627194620844,0.007341399999859277,1.0722068058798418e-06,0.7402658704436421,lr,20261008,5354,1493,6847,20260909,0.4607965781152557,0.4898660254208176,0.955123911587408,r07,0.7913810708220981,S2-host,s2,lr_c01,"{""C"": 0.1, ""class_weight"": null}",0.64,3869,8.027846399999817,1426,7.9779819999998836,0.9799174011778218,0.9891435793960828
0.8023952095808383,0.8719553158169828,master,iscx_url2016_binary,ISCX-URL2016-binary,7,1346,0.2514008218154651,0.049948000000313186,7.294873667345288e-06,0.7713776030532373,rf,20261008,5354,1493,6847,20260909,0.9970782896786146,0.5247175141242938,0.9953114534494307,r07,0.998418844659463,S2-host,s2,rf_depth16_leaf1,"{""class_weight"": null, ""max_depth"": 16, ""max_features"": ""sqrt"", ""min_samples_leaf"": 1, ""n_estimators"": 200}",0.35,4008,12.953066500000205,1486,12.876007800000025,0.9944218643092617,0.9988427957416623
0.7793194099605667,0.8586490410609992,master,iscx_url2016_binary,ISCX-URL2016-binary,1,1510,0.28203212551363466,0.008049499999742693,1.17562436099645e-06,0.7497958681730289,xgb,20261008,5354,1493,6847,20260909,0.9967077921401787,0.49700199866755496,0.999330207635633,r07,0.9983142599720123,S2-host,s2,xgb_d6_lr01_balanced,"{""colsample_bytree"": 0.9, ""learning_rate"": 0.1, ""max_depth"": 6, ""n_estimators"": 200, ""reg_lambda"": 1.0, ""scale_pos_weight"": 3.4967095851216023, ""subsample"": 0.9}",0.12,3844,6.347994199999903,1492,6.306096299999808,0.9955002098925312,0.9984737427174585
0.9835787089467724,0.9613593142794146,master,iscx_url2016_binary,ISCX-URL2016-binary,114,2,0.00035829451809387314,0.0034219000003758993,4.844139298380379e-07,0.9745197261420326,lr,20261009,5582,1482,7064,20260910,0.976307713175989,0.9985401459854014,0.9230769230769231,r08,0.98885418766993,S2-host,s2,lr_c1,"{""C"": 1.0, ""class_weight"": null}",0.86,5580,5.245903999999882,1368,5.214611099999729,0.7475088542894202,0.8194600577817888
0.9960362400906002,0.99055330634278,master,iscx_url2016_binary,ISCX-URL2016-binary,28,0,0.0,0.04806330000019443,6.803977916222314e-06,0.993980714134074,rf,20261009,5582,1482,7064,20260910,0.9962699615065053,1.0,0.9811066126855601,r08,0.9985310408286515,S2-host,s2,rf_depth16_leaf1,"{""class_weight"": null, ""max_depth"": 16, ""max_features"": ""sqrt"", ""min_samples_leaf"": 1, ""n_estimators"": 200}",0.66,5582,8.550015000000258,1454,8.477482299999792,0.9956984137594469,0.9969607889988917
0.9960362400906002,0.99055330634278,master,iscx_url2016_binary,ISCX-URL2016-binary,28,0,0.0,0.006884100000206672,9.745328426113635e-07,0.993980714134074,xgb,20261009,5582,1482,7064,20260910,0.9973294994869979,1.0,0.9811066126855601,r08,0.998798794660493,S2-host,s2,xgb_d6_lr01_balanced,"{""colsample_bytree"": 0.9, ""learning_rate"": 0.1, ""max_depth"": 6, ""n_estimators"": 200, ""reg_lambda"": 1.0, ""scale_pos_weight"": 3.4967095851216023, ""subsample"": 0.9}",0.91,5582,6.569095399999696,1454,6.5393967999998495,0.9967761663125907,0.9986308913642823
0.7728932379144151,0.8386004316995688,master,iscx_url2016_binary,ISCX-URL2016-binary,67,1488,0.27792304818827046,0.0033636000002843502,4.912516430968819e-07,0.739856951541188,lr,20261010,5354,1493,6847,20260911,0.46987995673087746,0.48936170212765956,0.955123911587408,r09,0.7956032397233659,S2-host,s2,lr_c01,"{""C"": 0.1, ""class_weight"": null}",0.69,3866,4.469913500000075,1426,4.444416799999999,0.9763265488505105,0.9867421357737975
0.7926099021469256,0.8666643439525156,master,iscx_url2016_binary,ISCX-URL2016-binary,3,1417,0.26466193500186774,0.04035409999960393,5.8936906673877515e-06,0.7622429915683628,rf,20261010,5354,1493,6847,20260911,0.9981456611690026,0.5125558995528036,0.9979906229068989,r09,0.9990094479004374,S2-host,s2,rf_depth24_leaf2,"{""class_weight"": null, ""max_depth"": 24, ""max_features"": ""sqrt"", ""min_samples_leaf"": 2, ""n_estimators"": 200}",0.33,3937,9.403253400000267,1490,9.340814000000137,0.9933805484842992,0.9985571513603344
0.890316927121367,0.9286579807999528,master,iscx_url2016_binary,ISCX-URL2016-binary,5,746,0.13933507657825925,0.011764700000185258,1.7182269607397777e-06,0.861574400243099,xgb,20261010,5354,1493,6847,20260911,0.9979269383466737,0.666069829901522,0.9966510381781648,r09,0.9988789672437256,S2-host,s2,xgb_d6_lr005,"{""colsample_bytree"": 0.9, ""learning_rate"": 0.05, ""max_depth"": 6, ""n_estimators"": 250, ""reg_lambda"": 1.0, ""scale_pos_weight"": 1.0, ""subsample"": 0.9}",0.31,4608,5.377584000000297,1488,5.342639899999995,0.9946323766106935,0.9984883694504845
0.9909870620729757,0.9799362246231659,master,iscx_url2016_binary,ISCX-URL2016-binary,59,3,0.0005567928730512249,0.007662099999834027,1.1138392207928516e-06,0.9865434408163554,lr,20261001,5388,1491,6879,20260902,0.9905646626289779,0.9979094076655052,0.960429242119383,r00,0.9949268737891342,S3-domain,s3,lr_c1,"{""C"": 1.0, ""class_weight"": null}",0.86,5385,5.062369100000069,1432,5.027677399999902,0.7506881356534181,0.807189342563085
0.9986916703009159,0.9969818913480886,master,iscx_url2016_binary,ISCX-URL2016-binary,9,0,0.0,0.04809740000018792,6.9919174298863085e-06,0.9980691312213257,rf,20261001,5388,1491,6879,20260902,0.9999791813144294,1.0,0.993963782696177,r00,0.9999941495047991,S3-domain,s3,rf_unlimited_leaf5_balanced,"{""class_weight"": ""balanced_subsample"", ""max_depth"": null, ""max_features"": ""sqrt"", ""min_samples_leaf"": 5, ""n_estimators"": 200}",0.73,5388,8.816732299999785,1482,8.749395999999706,0.998066511046646,0.9991497208937706
0.9997092600668702,0.9993293091884641,master,iscx_url2016_binary,ISCX-URL2016-binary,2,0,0.0,0.007708900000125141,1.1206425352704086e-06,0.9995716479380692,xgb,20261001,5388,1491,6879,20260902,0.9999991006491626,1.0,0.9986586183769283,r00,0.9999997510427574,S3-domain,s3,xgb_d6_lr01_balanced,"{""colsample_bytree"": 0.9, ""learning_rate"": 0.1, ""max_depth"": 6, ""n_estimators"": 200, ""reg_lambda"": 1.0, ""scale_pos_weight"": 3.537326264507809, ""subsample"": 0.9}",0.91,5388,5.082260000000133,1489,5.046843099999933,0.9989268745006723,0.9991869308531739
0.7762577228596647,0.8510668852173662,master,iscx_url2016_binary,ISCX-URL2016-binary,23,1498,0.2824816141806525,0.003775099999984377,5.553250956140596e-07,0.746387550722144,lr,20261002,5303,1495,6798,20260903,0.49369154086124045,0.49562289562289563,0.9846153846153847,r01,0.7957819042291326,S3-domain,s3,lr_c01,"{""C"": 0.1, ""class_weight"": null}",0.66,3805,6.699763300000086,1472,6.672647600000346,0.98501293229816,0.9930059197053143
0.9410120623712857,0.9605100791689187,master,iscx_url2016_binary,ISCX-URL2016-binary,7,394,0.07429756741467095,0.036543499999879714,5.3756251838599165e-06,0.9210074610333374,rf,20261002,5303,1495,6798,20260903,0.9983479128726319,0.7906482465462275,0.9953177257525083,r01,0.9992216181034652,S3-domain,s3,rf_unlimited_leaf5_balanced,"{""class_weight"": ""balanced_subsample"", ""max_depth"": null, ""max_features"": ""sqrt"", ""min_samples_leaf"": 5, ""n_estimators"": 200}",0.56,4909,9.20740479999995,1488,9.149899300000016,0.9987143193561692,0.9999764735405754
0.7878787878787878,0.863799061173804,master,iscx_url2016_binary,ISCX-URL2016-binary,1,1441,0.2717329813313219,0.007000999999945634,1.029861724028484e-06,0.7585857834602212,xgb,20261002,5303,1495,6798,20260903,0.9977912168998239,0.5090289608177172,0.9993311036789297,r01,0.9988365265575049,S3-domain,s3,xgb_d6_lr01_balanced,"{""colsample_bytree"": 0.9, ""learning_rate"": 0.1, ""max_depth"": 6, ""n_estimators"": 200, ""reg_lambda"": 1.0, ""scale_pos_weight"": 3.537326264507809, ""subsample"": 0.9}",0.3,3862,5.402076300000317,1494,5.371670699999868,0.9995716479380692,0.9999982572993018
0.776551927037364,0.8495743243711991,master,iscx_url2016_binary,ISCX-URL2016-binary,30,1489,0.28078446162549503,0.0029073000000607863,4.2766990292156314e-07,0.7462547920195509,lr,20261003,5303,1495,6798,20260904,0.5146871482940398,0.495937711577522,0.979933110367893,r02,0.8027061100645372,S3-domain,s3,lr_c01,"{""C"": 0.1, ""class_weight"": null}",0.67,3814,4.26879289999988,1465,4.247698000000128,0.9913656007239892,0.9941434053467053
0.875257428655487,0.9188444478641168,master,iscx_url2016_binary,ISCX-URL2016-binary,5,843,0.15896662266641523,0.05088320000004387,7.485025007361558e-06,0.8458301561749837,rf,20261003,5303,1495,6798,20260904,0.9978094564530846,0.6386626660951564,0.9966555183946488,r02,0.99879792910809,S3-domain,s3,rf_depth24_leaf2,"{""class_weight"": null, ""max_depth"": 24, ""max_features"": ""sqrt"", ""min_samples_leaf"": 2, ""n_estimators"": 200}",0.42,4460,9.325061000000005,1490,9.254474100000152,0.9991432958761385,0.9999924068041011
0.7749338040600177,0.8552617089966744,master,iscx_url2016_binary,ISCX-URL2016-binary,2,1528,0.28813878936451065,0.007937699999729375,1.16765225062215e-06,0.7463512016013547,xgb,20261003,5303,1495,6798,20260904,0.9965491984629335,0.49420721615359153,0.9986622073578595,r02,0.9981395020298348,S3-domain,s3,xgb_d6_lr01_balanced,"{""colsample_bytree"": 0.9, ""learning_rate"": 0.1, ""max_depth"": 6, ""n_estimators"": 200, ""reg_lambda"": 1.0, ""scale_pos_weight"": 3.537326264507809, ""subsample"": 0.9}",0.16,3775,5.909859599999891,1493,5.878750500000024,0.9995718557820568,0.9999935271116928
0.9921500218054949,0.9823764412757167,master,iscx_url2016_binary,ISCX-URL2016-binary,52,2,0.0003711952487008166,0.004314000000249507,6.271260357972826e-07,0.9882972728228163,lr,20261004,5388,1491,6879,20260905,0.9916237739629098,0.9986120749479528,0.9651240778001341,r03,0.9953681505016241,S3-domain,s3,lr_c1,"{""C"": 1.0, ""class_weight"": null}",0.88,5386,4.370213299999705,1439,4.343910300000061,0.7469620073232079,0.8056343446663938
0.9997092600668702,0.9993293091884641,master,iscx_url2016_binary,ISCX-URL2016-binary,2,0,0.0,0.044303600000148435,6.440412850726622e-06,0.9995716479380692,rf,20261004,5388,1491,6879,20260905,0.9999880551434466,1.0,0.9986586183769283,r03,0.999996639077225,S3-domain,s3,rf_depth16_leaf1,"{""class_weight"": null, ""max_depth"": 16, ""max_features"": ""sqrt"", ""min_samples_leaf"": 1, ""n_estimators"": 200}",0.64,5388,8.385132800000065,1489,8.321253699999943,0.9987119392381936,0.9992415475054506
0.9997092600668702,0.9993293091884641,master,iscx_url2016_binary,ISCX-URL2016-binary,2,0,0.0,0.009068899999874702,1.318345689762277e-06,0.9995716479380692,xgb,20261004,5388,1491,6879,20260905,0.9999995504753274,1.0,0.9986586183769283,r03,0.9999998755213786,S3-domain,s3,xgb_d6_lr005,"{""colsample_bytree"": 0.9, ""learning_rate"": 0.05, ""max_depth"": 6, ""n_estimators"": 250, ""reg_lambda"": 1.0, ""scale_pos_weight"": 1.0, ""subsample"": 0.9}",0.65,5388,5.765168399999766,1489,5.72094369999968,0.9993564345172121,0.9994415983380392
0.7772874374816122,0.8512465651738745,master,iscx_url2016_binary,ISCX-URL2016-binary,25,1489,0.28078446162549503,0.0028428999999050575,4.181965283767369e-07,0.7472357751770031,lr,20261005,5303,1495,6798,20260906,0.4878883614382716,0.4967894558972626,0.9832775919732442,r04,0.7943971891975072,S3-domain,s3,lr_c01,"{""C"": 0.1, ""class_weight"": null}",0.68,3814,3.559244800000215,1470,3.5358704000000216,0.9939707760498835,0.9959568099017266
0.8967343336275375,0.9321299169965634,master,iscx_url2016_binary,ISCX-URL2016-binary,7,695,0.13105789175938148,0.034673799999836774,5.1005884083313875e-06,0.8691775001998443,rf,20261005,5303,1495,6798,20260906,0.9975554196842292,0.6816307833256986,0.9953177257525083,r04,0.9984230545340335,S3-domain,s3,rf_depth24_leaf2,"{""class_weight"": null, ""max_depth"": 24, ""max_features"": ""sqrt"", ""min_samples_leaf"": 2, ""n_estimators"": 200}",0.43,4608,7.7988743999999315,1488,7.7480359000001044,0.9989288597508844,0.9994700945091484
0.7889085025007355,0.8642189030377831,master,iscx_url2016_binary,ISCX-URL2016-binary,2,1433,0.270224401282293,0.00709340000003067,1.0434539570507017e-06,0.7595047663892975,xgb,20261005,5303,1495,6798,20260906,0.9974520704310145,0.5102529049897471,0.9986622073578595,r04,0.9985416218623018,S3-domain,s3,xgb_d6_lr01_balanced,"{""colsample_bytree"": 0.9, ""learning_rate"": 0.1, ""max_depth"": 6, ""n_estimators"": 200, ""reg_lambda"": 1.0, ""scale_pos_weight"": 3.537326264507809, ""subsample"": 0.9}",0.32,3870,4.580456700000013,1493,4.552219200000309,0.9989288597508844,0.9998867244546218
0.9911324320395406,0.980029023435341,master,iscx_url2016_binary,ISCX-URL2016-binary,59,2,0.0003711952487008166,0.002875399999993533,4.1799680185979546e-07,0.9867571783273805,lr,20261006,5388,1491,6879,20260907,0.9901725503944493,0.99860529986053,0.960429242119383,r05,0.9946706967865097,S3-domain,s3,lr_c1,"{""C"": 1.0, ""class_weight"": null}",0.86,5386,3.7085830000000897,1432,3.6878422999998293,0.74998129040865,0.8098646755764548
0.9978194505015264,0.9949698189134809,master,iscx_url2016_binary,ISCX-URL2016-binary,15,0,0.0,0.04552160000002914,6.617473469985338e-06,0.996777170504687,rf,20261006,5388,1491,6879,20260907,0.9986189075498245,1.0,0.9899396378269618,r05,0.9993608022796517,S3-domain,s3,rf_depth24_leaf2,"{""class_weight"": null, ""max_depth"": 24, ""max_features"": ""sqrt"", ""min_samples_leaf"": 2, ""n_estimators"": 200}",0.6,5388,7.806702600000335,1476,7.741184699999849,0.9995710595019596,0.9998451056605179
0.9979648204680913,0.9953051643192488,master,iscx_url2016_binary,ISCX-URL2016-binary,14,0,0.0,0.008022800000162533,1.166274167780569e-06,0.9969927605924422,xgb,20261006,5388,1491,6879,20260907,0.9995791137082864,1.0,0.9906103286384976,r05,0.9998583433289666,S3-domain,s3,xgb_d6_lr005,"{""colsample_bytree"": 0.9, ""learning_rate"": 0.05, ""max_depth"": 6, ""n_estimators"": 250, ""reg_lambda"": 1.0, ""scale_pos_weight"": 1.0, ""subsample"": 0.9}",0.76,5388,4.543962199999896,1477,4.516707199999928,0.9995710595019596,0.9998177342666515
0.7789055604589585,0.8558861425696441,master,iscx_url2016_binary,ISCX-URL2016-binary,10,1493,0.2815387516500094,0.003400000000056025,5.00147102097091e-07,0.749617732703356,lr,20261007,5303,1495,6798,20260908,0.5063441750119412,0.49865681665547346,0.9933110367892977,r06,0.8000378406366812,S3-domain,s3,lr_c01,"{""C"": 0.1, ""class_weight"": null}",0.67,3810,3.626881400000002,1485,3.606010800000149,0.991583536834485,0.9952749160142742
0.9741100323624595,0.9824449718307994,master,iscx_url2016_binary,ISCX-URL2016-binary,4,172,0.03243447105412031,0.04872609999983979,7.1677110914739316e-06,0.9637035283341996,rf,20261007,5303,1495,6798,20260908,0.9986570125719169,0.8965724594107035,0.9973244147157191,r06,0.9992392770672496,S3-domain,s3,rf_depth24_leaf2,"{""class_weight"": null, ""max_depth"": 24, ""max_features"": ""sqrt"", ""min_samples_leaf"": 2, ""n_estimators"": 200}",0.5,5131,8.019276899999568,1491,7.946669500000098,0.9989288597508844,0.9997202965379508
0.939541041482789,0.960527864268159,master,iscx_url2016_binary,ISCX-URL2016-binary,3,408,0.07693758250047143,0.006822199999987788,1.0035598705483655e-06,0.9193247247266613,xgb,20261007,5303,1495,6798,20260908,0.9989076517431469,0.7852631578947369,0.9979933110367893,r06,0.9993097867869327,S3-domain,s3,xgb_d6_lr01_balanced,"{""colsample_bytree"": 0.9, ""learning_rate"": 0.1, ""max_depth"": 6, ""n_estimators"": 200, ""reg_lambda"": 1.0, ""scale_pos_weight"": 3.537326264507809, ""subsample"": 0.9}",0.5,4895,4.88024919999998,1492,4.852216099999623,0.9993573158505307,0.9999692537805402
0.7764048249485143,0.8492398762106639,master,iscx_url2016_binary,ISCX-URL2016-binary,31,1489,0.28078446162549503,0.0023915000001579756,3.517946455072044e-07,0.7460584221734987,lr,20261008,5303,1495,6798,20260909,0.5040205056727303,0.495767016593295,0.9792642140468227,r07,0.8007387753634752,S3-domain,s3,lr_c01,"{""C"": 0.1, ""class_weight"": null}",0.68,3814,3.733797599999889,1464,3.7138764000001174,0.9904927740609999,0.9951640055627006
0.9905854663136217,0.9932451940814722,master,iscx_url2016_binary,ISCX-URL2016-binary,3,61,0.011502922873844993,0.04737909999994372,6.969564577808726e-06,0.9864675618619345,rf,20261008,5303,1495,6798,20260909,0.9989929136741568,0.9607211848036059,0.9979933110367893,r07,0.9994450039953406,S3-domain,s3,rf_depth16_leaf1,"{""class_weight"": null, ""max_depth"": 16, ""max_features"": ""sqrt"", ""min_samples_leaf"": 1, ""n_estimators"": 200}",0.5,5242,8.887730999999803,1492,8.821961099999953,0.9993573158505307,0.9999584241404875
0.8303912915563401,0.8905674644944459,master,iscx_url2016_binary,ISCX-URL2016-binary,3,1150,0.21685838204789742,0.007153800000196497,1.0523389232416148e-06,0.7997005664153702,xgb,20261008,5303,1495,6798,20260909,0.9983171877379253,0.5647236941710825,0.9979933110367893,r07,0.9990875361141576,S3-domain,s3,xgb_d6_lr01_balanced,"{""colsample_bytree"": 0.9, ""learning_rate"": 0.1, ""max_depth"": 6, ""n_estimators"": 200, ""reg_lambda"": 1.0, ""scale_pos_weight"": 3.537326264507809, ""subsample"": 0.9}",0.5,4153,4.626402599999892,1492,4.597340799999984,1.0,1.0
0.9909870620729757,0.9799362246231659,master,iscx_url2016_binary,ISCX-URL2016-binary,59,3,0.0005567928730512249,0.0031592999998792948,4.5926733535096596e-07,0.9865434408163554,lr,20261009,5388,1491,6879,20260910,0.9908453209962396,0.9979094076655052,0.960429242119383,r08,0.995342383427016,S3-domain,s3,lr_c1,"{""C"": 1.0, ""class_weight"": null}",0.87,5385,3.809502699999939,1432,3.7880442000000585,0.7470217927863998,0.8068640392230813
0.9992731501671754,0.9983232729711603,master,iscx_url2016_binary,ISCX-URL2016-binary,5,0,0.0,0.035049699999945005,5.095173717102051e-06,0.998928338982753,rf,20261009,5388,1491,6879,20260910,0.999991509020362,1.0,0.9966465459423206,r08,0.9999976349061953,S3-domain,s3,rf_depth24_leaf2,"{""class_weight"": null, ""max_depth"": 24, ""max_features"": ""sqrt"", ""min_samples_leaf"": 2, ""n_estimators"": 200}",0.62,5388,10.783364100000199,1486,10.721568899999966,0.9989273908620202,0.999722880404037
0.9994185201337403,0.9986586183769282,master,iscx_url2016_binary,ISCX-URL2016-binary,4,0,0.0,0.007935200000247278,1.1535397587218024e-06,0.9991428795707794,xgb,20261009,5388,1491,6879,20260910,1.0,1.0,0.9973172367538564,r08,1.0,S3-domain,s3,xgb_d6_lr005,"{""colsample_bytree"": 0.9, ""learning_rate"": 0.05, ""max_depth"": 6, ""n_estimators"": 250, ""reg_lambda"": 1.0, ""scale_pos_weight"": 1.0, ""subsample"": 0.9}",0.72,5388,5.314056700000037,1487,5.283552800000052,0.9995710595019596,0.9998043639083575
0.98430004361099,0.9817311441029248,master,iscx_url2016_binary,ISCX-URL2016-binary,34,74,0.013734224201930215,0.0028360999999677006,4.1228376217003935e-07,0.9771012327876742,lr,20261010,5388,1491,6879,20260911,0.9904571269098315,0.9516655780535598,0.97719651240778,r09,0.9944839788545675,S3-domain,s3,lr_c1,"{""C"": 1.0, ""class_weight"": null}",0.77,5314,3.543102699999963,1457,3.5252307999999175,0.7474773809692721,0.8093989834743633
0.9992731501671754,0.9983232729711603,master,iscx_url2016_binary,ISCX-URL2016-binary,5,0,0.0,0.03920849999985876,5.699738334039651e-06,0.998928338982753,rf,20261010,5388,1491,6879,20260911,0.9992651169831176,1.0,0.9966465459423206,r09,0.9995051974803535,S3-domain,s3,rf_depth24_leaf2,"{""class_weight"": null, ""max_depth"": 24, ""max_features"": ""sqrt"", ""min_samples_leaf"": 2, ""n_estimators"": 200}",0.57,5388,7.605425100000048,1486,7.547951999999896,0.9982817576269754,0.9993647818455762
0.9992731501671754,0.9983232729711603,master,iscx_url2016_binary,ISCX-URL2016-binary,5,0,0.0,0.007905299999947601,1.1491931966779476e-06,0.998928338982753,xgb,20261010,5388,1491,6879,20260911,0.9996101201342911,1.0,0.9966465459423206,r09,0.9997891332155268,S3-domain,s3,xgb_d6_lr005,"{""colsample_bytree"": 0.9, ""learning_rate"": 0.05, ""max_depth"": 6, ""n_estimators"": 250, ""reg_lambda"": 1.0, ""scale_pos_weight"": 1.0, ""subsample"": 0.9}",0.76,5388,4.5059949000001325,1486,4.478027699999984,0.9984969003188677,0.9987836758016067
0.986117786762419,0.9857871813404332,master,phiusiil,PhiUSIIL,250,241,0.011914178366620527,0.012250099999999264,3.4635132460627284e-07,0.9858234919924638,lr,20261001,20228,15141,35369,20260902,0.9936018180471811,0.9840734866508062,0.983488541047487,r00,0.992674286530292,S0-row,s0,lr_c1_balanced,"{""C"": 1.0, ""class_weight"": ""balanced""}",0.46,19987,22.0749527,14891,21.984642100000002,0.9855589336874402,0.993404059212576
0.9906697955837033,0.9907882923131489,master,phiusiil,PhiUSIIL,127,203,0.010035594225825588,0.27147970000000043,7.675639684469462e-06,0.9904786780672876,rf,20261001,20228,15141,35369,20260902,0.9975497134549893,0.9866596569626076,0.9916121788521234,r00,0.9970866253891293,S0-row,s0,rf_depth24_leaf2,"{""class_weight"": null, ""max_depth"": 24, ""max_features"": ""sqrt"", ""min_samples_leaf"": 2, ""n_estimators"": 200}",0.33,20025,92.47753119999999,15014,92.04207579999999,0.991486070533533,0.9973013812054996
0.994995617631259,0.9945950929236961,master,phiusiil,PhiUSIIL,124,53,0.0026201305121613607,0.04020030000000929,1.1365970199895189e-06,0.9948868740569863,xgb,20261001,20228,15141,35369,20260902,0.9980511567477178,0.9964830789648308,0.9918103163595535,r00,0.9975161126959545,S0-row,s0,xgb_d6_lr01_balanced,"{""colsample_bytree"": 0.9, ""learning_rate"": 0.1, ""max_depth"": 6, ""n_estimators"": 200, ""reg_lambda"": 1.0, ""scale_pos_weight"": 1.3358712726963955, ""subsample"": 0.9}",0.4,20175,38.429654,15017,38.24368630000001,0.9947703517344622,0.9977119912216524
0.9840538324521474,0.983941406823597,master,phiusiil,PhiUSIIL,255,309,0.01527661047115242,0.015351400000000126,4.340354547767855e-07,0.9837245287255338,lr,20261002,20227,15142,35369,20260903,0.993807486794564,0.9796657015003949,0.9831594241183463,r01,0.9935554367713794,S0-row,s0,lr_c1_balanced,"{""C"": 1.0, ""class_weight"": ""balanced""}",0.43,19918,28.0960715,14887,27.987095899999996,0.9851632343847502,0.9929835196767549
0.9911787158245922,0.9906853850586883,master,phiusiil,PhiUSIIL,193,119,0.005883225391803036,0.09615920000000244,2.718742401538139e-06,0.990986956288217,rf,20261002,20227,15142,35369,20260903,0.9975921273814347,0.9921024688080701,0.9872539955091798,r01,0.997397232273555,S0-row,s0,rf_unlimited_leaf5_balanced,"{""class_weight"": ""balanced_subsample"", ""max_depth"": null, ""max_features"": ""sqrt"", ""min_samples_leaf"": 5, ""n_estimators"": 200}",0.53,20108,58.4009338,14949,58.2090807,0.9919676545681587,0.9970552056205907
0.9954762645254319,0.9950238302726738,master,phiusiil,PhiUSIIL,123,37,0.001829238147031196,0.03162670000000389,8.941926545846332e-07,0.9953774582901673,xgb,20261002,20227,15142,35369,20260903,0.9983081796645292,0.9975425079702445,0.9918768986923788,r01,0.9978341942320138,S0-row,s0,xgb_d6_lr01_balanced,"{""colsample_bytree"": 0.9, ""learning_rate"": 0.1, ""max_depth"": 6, ""n_estimators"": 200, ""reg_lambda"": 1.0, ""scale_pos_weight"": 1.3358712726963955, ""subsample"": 0.9}",0.49,20190,20.34380209999999,15019,20.2101964,0.9956073195422115,0.9979386241807401
0.9871073538974808,0.986486586201833,master,phiusiil,PhiUSIIL,270,186,0.00919562960399466,0.012715699999972685,3.595153948365146e-07,0.9868259786664071,lr,20261003,20227,15142,35369,20260904,0.9948049478148063,0.9876477619869837,0.9821688020076608,r02,0.9942464202220136,S0-row,s0,lr_c1_balanced,"{""C"": 1.0, ""class_weight"": ""balanced""}",0.49,20041,23.033632399999988,14872,22.93338159999999,0.9874641021032198,0.9943174232088515
0.9910090757442959,0.9909023257667268,master,phiusiil,PhiUSIIL,149,169,0.008355168833737084,0.09408799999999928,2.6601826458197653e-06,0.9908208337244173,rf,20261003,20227,15142,35369,20260904,0.9972562216309788,0.9888537132304446,0.9901598203671906,r02,0.9967623173062872,S0-row,s0,rf_depth24_leaf2,"{""class_weight"": null, ""max_depth"": 24, ""max_features"": ""sqrt"", ""min_samples_leaf"": 2, ""n_estimators"": 200}",0.32,20058,60.91776279999999,14993,60.6965108,0.9912576238358002,0.9973560524347778
0.994995617631259,0.9943794647172502,master,phiusiil,PhiUSIIL,150,27,0.0013348494586443863,0.03233059999999455,9.140942633377972e-07,0.9948847086375663,xgb,20261003,20227,15142,35369,20260904,0.997871154093117,0.9982022771156535,0.9900937788931449,r02,0.9973167235146181,S0-row,s0,xgb_d6_lr01_balanced,"{""colsample_bytree"": 0.9, ""learning_rate"": 0.1, ""max_depth"": 6, ""n_estimators"": 200, ""reg_lambda"": 1.0, ""scale_pos_weight"": 1.3358712726963955, ""subsample"": 0.9}",0.46,20200,18.764371400000016,14992,18.6376602,0.9955793580959817,0.9977101868237788
0.9867680737368882,0.9864140881590957,master,phiusiil,PhiUSIIL,243,225,0.011123745488703218,0.014504600000009304,4.100935847778932e-07,0.9864867771163941,lr,20261004,20227,15142,35369,20260905,0.9948536289408112,0.9851229833377413,0.9839519218068947,r03,0.9945715864078882,S0-row,s0,lr_c1,"{""C"": 1.0, ""class_weight"": null}",0.4,20002,23.340217999999993,14899,23.230741599999988,0.9882738541542013,0.9949025057936381
0.9920551895727897,0.9921988047600039,master,phiusiil,PhiUSIIL,103,178,0.008800118653285213,0.11768599999999196,3.3273770816249247e-06,0.9918925163880525,rf,20261004,20227,15142,35369,20260905,0.9981167361077172,0.988302556351449,0.9931977281732929,r03,0.9978556453856443,S0-row,s0,rf_depth24_leaf2,"{""class_weight"": null, ""max_depth"": 24, ""max_features"": ""sqrt"", ""min_samples_leaf"": 2, ""n_estimators"": 200}",0.32,20049,58.25249289999999,15039,58.019724500000024,0.9914873301127749,0.9971519169937713
0.9955328112188639,0.995064967838909,master,phiusiil,PhiUSIIL,124,34,0.001680921540515153,0.03415269999999282,9.656111283890645e-07,0.9954350857483093,xgb,20261004,20227,15142,35369,20260905,0.9984354159928477,0.9977411639649216,0.9918108572183331,r03,0.9979765342271572,S0-row,s0,xgb_d6_lr01_balanced,"{""colsample_bytree"": 0.9, ""learning_rate"": 0.1, ""max_depth"": 6, ""n_estimators"": 200, ""reg_lambda"": 1.0, ""scale_pos_weight"": 1.3358712726963955, ""subsample"": 0.9}",0.5,20193,21.764456499999994,15018,21.630474100000015,0.9952318324536573,0.9973491337514633
0.9862308801492833,0.98601913062856,master,phiusiil,PhiUSIIL,234,253,0.012508033816186285,0.012200099999972736,3.4493765726972027e-07,0.9859424813301405,lr,20261005,20227,15142,35369,20260906,0.99437865487687,0.9833124464085482,0.984546295073306,r04,0.9936968723571533,S0-row,s0,lr_c1_balanced,"{""C"": 1.0, ""class_weight"": ""balanced""}",0.44,19974,24.74600929999997,14908,24.644265899999994,0.9868947189985826,0.9941881917385451
0.9925358364669626,0.9924115025800448,master,phiusiil,PhiUSIIL,128,136,0.006723686162060612,0.09819100000004255,2.776188187396945e-06,0.992378803098391,rf,20261005,20227,15142,35369,20260906,0.9977440432057204,0.991023102310231,0.9915466913221503,r04,0.9973077120710839,S0-row,s0,rf_depth24_leaf2,"{""class_weight"": null, ""max_depth"": 24, ""max_features"": ""sqrt"", ""min_samples_leaf"": 2, ""n_estimators"": 200}",0.37,20091,56.2293148,15014,56.02552310000004,0.9915983165047042,0.9972002139091015
0.9953914444852837,0.9948085498251562,master,phiusiil,PhiUSIIL,140,23,0.0011370939832896624,0.0351256999999805,9.931210947434333e-07,0.9952895483568016,xgb,20261005,20227,15142,35369,20260906,0.9982136862313571,0.99846921797005,0.990754193633602,r04,0.9977387006831856,S0-row,s0,xgb_d6_lr01_balanced,"{""colsample_bytree"": 0.9, ""learning_rate"": 0.1, ""max_depth"": 6, ""n_estimators"": 200, ""reg_lambda"": 1.0, ""scale_pos_weight"": 1.3358712726963955, ""subsample"": 0.9}",0.46,20204,21.268651200000022,15002,21.12371429999996,0.9953471870407793,0.9975252810124934
0.9879555542989623,0.9874852169058481,master,phiusiil,PhiUSIIL,239,187,0.009244611429701404,0.016211300000009032,4.5834770561816937e-07,0.9876957985878385,lr,20261006,20228,15141,35369,20260907,0.9953238018268009,0.9876068659288223,0.9842150452413976,r05,0.9945056708192741,S0-row,s0,lr_c1,"{""C"": 1.0, ""class_weight"": null}",0.43,20041,23.829158199999995,14902,23.69113269999997,0.988416415650003,0.9944873473684303
0.9923379230399503,0.9921220962606107,master,phiusiil,PhiUSIIL,142,129,0.006377298793751236,0.11081309999997302,3.133057196979644e-06,0.9921752309958789,rf,20261006,20228,15141,35369,20260907,0.9980077489679043,0.9914727657324167,0.9906214913149726,r05,0.9977131939532419,S0-row,s0,rf_unlimited_leaf5_balanced,"{""class_weight"": ""balanced_subsample"", ""max_depth"": null, ""max_features"": ""sqrt"", ""min_samples_leaf"": 5, ""n_estimators"": 200}",0.51,20099,56.88342399999999,14999,56.67222849999996,0.9922881470572356,0.9974534689052338
0.9962679182334813,0.9958070689470595,master,phiusiil,PhiUSIIL,112,20,0.0009887284951552303,0.03599029999998038,1.0175662303141276e-06,0.9961861451411456,xgb,20261006,20228,15141,35369,20260907,0.9987908143568134,0.9986710080404013,0.9926028663892742,r05,0.9984812396326682,S0-row,s0,xgb_d6_lr01_balanced,"{""colsample_bytree"": 0.9, ""learning_rate"": 0.1, ""max_depth"": 6, ""n_estimators"": 200, ""reg_lambda"": 1.0, ""scale_pos_weight"": 1.3358712726963955, ""subsample"": 0.9}",0.55,20208,21.742026500000065,15029,21.591492399999993,0.99557890858079,0.9978710383025073
0.9895105883683452,0.9890357268137879,master,phiusiil,PhiUSIIL,216,155,0.007662645837453036,0.015046399999960158,4.2541208402726e-07,0.9892835589728447,lr,20261007,20228,15141,35369,20260908,0.9955633184105697,0.9897214854111406,0.9857340994650288,r06,0.9948311134057152,S0-row,s0,lr_c1_balanced,"{""C"": 1.0, ""class_weight"": ""balanced""}",0.48,20073,23.954499900000087,14925,23.84008640000002,0.9885889669799434,0.9946437775391428
0.992168282959654,0.9923724128515923,master,phiusiil,PhiUSIIL,94,183,0.009046865730670359,0.09618550000004689,2.719485990558028e-06,0.9920087083006109,rf,20261007,20228,15141,35369,20260908,0.9980755223231175,0.9879842416283651,0.993791691433855,r06,0.9978463745257045,S0-row,s0,rf_depth24_leaf2,"{""class_weight"": null, ""max_depth"": 24, ""max_features"": ""sqrt"", ""min_samples_leaf"": 2, ""n_estimators"": 200}",0.33,20045,56.12209430000007,15047,55.895299900000055,0.9908262555320231,0.9971616728130697
0.9958155446860245,0.9953534446103143,master,phiusiil,PhiUSIIL,119,29,0.0014336563179750841,0.03156660000001921,8.924934264474316e-07,0.9957239320529672,xgb,20261007,20228,15141,35369,20260908,0.9986121039597977,0.9980732177263969,0.9921405455386038,r06,0.9982397240378516,S0-row,s0,xgb_d6_lr01_balanced,"{""colsample_bytree"": 0.9, ""learning_rate"": 0.1, ""max_depth"": 6, ""n_estimators"": 200, ""reg_lambda"": 1.0, ""scale_pos_weight"": 1.3358712726963955, ""subsample"": 0.9}",0.54,20199,22.10759100000007,15022,21.979901400000017,0.9956368486293,0.9977378746341949
0.9865701603098759,0.9862078469077463,master,phiusiil,PhiUSIIL,247,228,0.01127206209521926,0.015182399999957852,4.2925725918057766e-07,0.9862845419737966,lr,20261008,20227,15142,35369,20260909,0.9943519819047201,0.98492362626463,0.9836877559107119,r07,0.9938502219854839,S0-row,s0,lr_c1,"{""C"": 1.0, ""class_weight"": null}",0.41,19999,24.46175720000008,14895,24.345768600000042,0.9861064111414135,0.9934126102775757
0.9918572761457773,0.9919759609034473,master,phiusiil,PhiUSIIL,109,179,0.008849557522123894,0.12131450000003952,3.4299669201854596e-06,0.9916902108213415,rf,20261008,20227,15142,35369,20260909,0.9978403603617654,0.9882329739679201,0.9928014793290186,r07,0.9974988330343874,S0-row,s0,rf_depth24_leaf2,"{""class_weight"": null, ""max_depth"": 24, ""max_features"": ""sqrt"", ""min_samples_leaf"": 2, ""n_estimators"": 200}",0.34,20048,61.36992509999993,15033,61.14909080000007,0.9916028939039953,0.9971790676832945
0.9952500777517035,0.9947679656790945,master,phiusiil,PhiUSIIL,130,38,0.0018786770158698768,0.03925709999998617,1.109929599366286e-06,0.995146085033098,xgb,20261008,20227,15142,35369,20260909,0.9982577007033759,0.9974750830564784,0.9914146083740589,r07,0.9977734486135524,S0-row,s0,xgb_d6_lr01_balanced,"{""colsample_bytree"": 0.9, ""learning_rate"": 0.1, ""max_depth"": 6, ""n_estimators"": 200, ""reg_lambda"": 1.0, ""scale_pos_weight"": 1.3358712726963955, ""subsample"": 0.9}",0.47,20189,24.142416899999944,15012,23.998548500000084,0.9953194391390587,0.9975626872868636
0.9865418869631598,0.986249306286904,master,phiusiil,PhiUSIIL,239,237,0.011716432667589479,0.013189600000032442,3.729141338469406e-07,0.9862573826907797,lr,20261009,20228,15141,35369,20260910,0.9939683732218596,0.9843450690270164,0.9842150452413976,r08,0.993341118305018,S0-row,s0,lr_c1_balanced,"{""C"": 1.0, ""class_weight"": ""balanced""}",0.45,19991,24.119758400000023,14902,24.014738800000032,0.9860864637826363,0.9931679577594723
0.9913766292516045,0.9915308182055131,master,phiusiil,PhiUSIIL,112,193,0.009541229978247972,0.10834460000000945,3.0632644406121026e-06,0.991200349863657,rf,20261009,20228,15141,35369,20260910,0.9977503493845804,0.9873209827880699,0.9926028663892742,r08,0.9974033616664353,S0-row,s0,rf_depth24_leaf2,"{""class_weight"": null, ""max_depth"": 24, ""max_features"": ""sqrt"", ""min_samples_leaf"": 2, ""n_estimators"": 200}",0.31,20035,57.199776499999984,15029,56.995942900000045,0.9909693918324942,0.9974046895695813
0.994939070937827,0.9943048200386801,master,phiusiil,PhiUSIIL,153,26,0.0012853470437017994,0.033696800000029725,9.527213096222603e-07,0.9948266444036304,xgb,20261009,20228,15141,35369,20260910,0.9981851580576224,0.9982682829359265,0.989894987121062,r08,0.99775806581015,S0-row,s0,xgb_d6_lr01_balanced,"{""colsample_bytree"": 0.9, ""learning_rate"": 0.1, ""max_depth"": 6, ""n_estimators"": 200, ""reg_lambda"": 1.0, ""scale_pos_weight"": 1.3358712726963955, ""subsample"": 0.9}",0.52,20202,20.42747149999991,14988,20.2997977,0.9949436246384817,0.9976500587699574
0.9878707342588142,0.9875441721535203,master,phiusiil,PhiUSIIL,223,206,0.01018440698076828,0.015880799999990813,4.4900336452799945e-07,0.987612982221075,lr,20261010,20227,15142,35369,20260911,0.995090761879837,0.9863801652892562,0.9852727512878088,r09,0.9943844536613519,S0-row,s0,lr_c1_balanced,"{""C"": 1.0, ""class_weight"": ""balanced""}",0.45,20021,25.88353189999998,14919,25.76808040000003,0.9862302251287898,0.9939312323626633
0.9922531029998021,0.9923552381957321,master,phiusiil,PhiUSIIL,105,169,0.008355168833737084,0.10425069999996595,2.947516186490032e-06,0.9920937705271324,rf,20261010,20227,15142,35369,20260911,0.9979510807290433,0.9888859660660265,0.9930656452252015,r09,0.9976032237511979,S0-row,s0,rf_depth24_leaf2,"{""class_weight"": null, ""max_depth"": 24, ""max_features"": ""sqrt"", ""min_samples_leaf"": 2, ""n_estimators"": 200}",0.32,20058,58.20798669999999,15037,57.96489939999992,0.9915173677326744,0.997399541534544
0.9959003647261726,0.9953780191837569,master,phiusiil,PhiUSIIL,125,20,0.0009887773767736194,0.033963299999982155,9.602561565207429e-07,0.9958101478359035,xgb,20261010,20227,15142,35369,20260911,0.9984979622171426,0.9986699474629248,0.9917448157442874,r09,0.9981449600658205,S0-row,s0,xgb_d6_lr01_balanced,"{""colsample_bytree"": 0.9, ""learning_rate"": 0.1, ""max_depth"": 6, ""n_estimators"": 200, ""reg_lambda"": 1.0, ""scale_pos_weight"": 1.3358712726963955, ""subsample"": 0.9}",0.53,20207,20.879911900000025,15017,20.742877200000066,0.9956944926701812,0.9980668467444189
0.9856936865616783,0.985184204060038,master,phiusiil,PhiUSIIL,278,228,0.01127206209521926,0.015446699999984048,4.3672990471837054e-07,0.9853856408916895,lr,20261001,20227,15142,35369,20260902,0.994173383547337,0.9848926583620461,0.9816404702152952,r00,0.9932040998515743,S1-url,s1,lr_c1,"{""C"": 1.0, ""class_weight"": null}",0.41,19999,24.042857099999992,14864,23.931303100000036,0.98532119412656,0.9930550486165093
0.9922813763465181,0.9922388354858918,master,phiusiil,PhiUSIIL,122,151,0.007465269194640827,0.09973700000000463,2.8198987814188875e-06,0.9921203581164655,rf,20261001,20227,15142,35369,20260902,0.9976662497126453,0.9900467998154373,0.9919429401664245,r00,0.9974031044044234,S1-url,s1,rf_depth24_leaf2,"{""class_weight"": null, ""max_depth"": 24, ""max_features"": ""sqrt"", ""min_samples_leaf"": 2, ""n_estimators"": 200}",0.35,20076,61.4779393,15020,61.24512630000004,0.991889586687251,0.9972266319343865
0.9953066244451356,0.9947343915218981,master,phiusiil,PhiUSIIL,140,26,0.0012854105898057052,0.030782199999976,8.703158132821397e-07,0.9952029752261016,xgb,20261001,20227,15142,35369,20260902,0.9980847101706682,0.9982698961937716,0.990754193633602,r00,0.9975350175716945,S1-url,s1,xgb_d6_lr01_balanced,"{""colsample_bytree"": 0.9, ""learning_rate"": 0.1, ""max_depth"": 6, ""n_estimators"": 200, ""reg_lambda"": 1.0, ""scale_pos_weight"": 1.3359043305972262, ""subsample"": 0.9}",0.53,20201,20.26504090000003,15002,20.142744600000015,0.9952608512130576,0.9976516243450206
0.9837710989849868,0.9829470952450876,master,phiusiil,PhiUSIIL,345,229,0.011321500964057943,0.014519800000016403,4.1052333964817787e-07,0.9834124155734378,lr,20261002,20227,15142,35369,20260903,0.9932190518221532,0.9847597497670704,0.9772156914542333,r01,0.9924372439644013,S1-url,s1,lr_c1_balanced,"{""C"": 1.0, ""class_weight"": ""balanced""}",0.49,19998,23.56230460000006,14797,23.463814599999978,0.9850004144913348,0.9937774447838981
0.992224829653086,0.9922059992222602,master,phiusiil,PhiUSIIL,120,155,0.00766302466999555,0.11687359999996261,3.304407814751975e-06,0.9920630245436548,rf,20261002,20227,15142,35369,20260903,0.9976888271562843,0.98978717796666,0.9920750231145159,r01,0.9972245880345126,S1-url,s1,rf_depth24_leaf2,"{""class_weight"": null, ""max_depth"": 24, ""max_features"": ""sqrt"", ""min_samples_leaf"": 2, ""n_estimators"": 200}",0.35,20072,61.977034300000014,15022,61.67264589999991,0.9915436527859542,0.9972543062080808
0.9955328112188639,0.99511477565453,master,phiusiil,PhiUSIIL,118,40,0.001977554753547239,0.03396659999998519,9.603494585649917e-07,0.9954355482987999,xgb,20261002,20227,15142,35369,20260903,0.9981206894044361,0.997344662772172,0.9922071060626073,r01,0.9975130407505247,S1-url,s1,xgb_d6_lr01_balanced,"{""colsample_bytree"": 0.9, ""learning_rate"": 0.1, ""max_depth"": 6, ""n_estimators"": 200, ""reg_lambda"": 1.0, ""scale_pos_weight"": 1.3359043305972262, ""subsample"": 0.9}",0.42,20187,24.491597700000057,15024,24.354034899999988,0.9951454270573731,0.9973860136793583
0.985015126240493,0.9846739506600088,master,phiusiil,PhiUSIIL,268,262,0.012952983635734414,0.0184338999999909,5.211880460287512e-07,0.9846980919635566,lr,20261003,20227,15142,35369,20260904,0.9937998453930103,0.9826902748414377,0.9823008849557522,r02,0.9931839710293322,S1-url,s1,lr_c1_balanced,"{""C"": 1.0, ""class_weight"": ""balanced""}",0.44,19965,24.345795400000043,14874,24.180661299999883,0.9844624542714844,0.992776057916208
0.9915179959851848,0.9910816339029626,master,phiusiil,PhiUSIIL,181,119,0.005883225391803036,0.11503149999998641,3.252325482767011e-06,0.991334487121297,rf,20261003,20227,15142,35369,20260904,0.9975594732579118,0.9921087533156498,0.9880464931977282,r02,0.997405239724739,S1-url,s1,rf_unlimited_leaf5_balanced,"{""class_weight"": ""balanced_subsample"", ""max_depth"": null, ""max_features"": ""sqrt"", ""min_samples_leaf"": 5, ""n_estimators"": 200}",0.51,20108,63.68486320000011,14961,63.387233400000014,0.991044279109617,0.9971403392000073
0.9957589979925924,0.9953208324324883,master,phiusiil,PhiUSIIL,117,33,0.001631482671676472,0.047287100000176,1.336964573501541e-06,0.9956664403507918,xgb,20261003,20227,15142,35369,20260904,0.9984209990669923,0.9978084739009164,0.992273147536653,r02,0.9979676044090172,S1-url,s1,xgb_d6_lr01_balanced,"{""colsample_bytree"": 0.9, ""learning_rate"": 0.1, ""max_depth"": 6, ""n_estimators"": 200, ""reg_lambda"": 1.0, ""scale_pos_weight"": 1.3359043305972262, ""subsample"": 0.9}",0.46,20194,24.33182799999986,15025,24.168209200000092,0.9953762830866726,0.9977520056224616
0.985524046481382,0.9850109835457115,master,phiusiil,PhiUSIIL,281,231,0.011420378701735304,0.01452049999988958,4.105431309872934e-07,0.9852123480959387,lr,20261004,20227,15142,35369,20260905,0.9942084725218638,0.9846938775510204,0.9814423457931581,r03,0.993350232162538,S1-url,s1,lr_c1_balanced,"{""C"": 1.0, ""class_weight"": ""balanced""}",0.47,19996,23.997480400000086,14861,23.873166699999956,0.9860757682502395,0.9930033372966924
0.9913766292516045,0.9915225253079045,master,phiusiil,PhiUSIIL,113,192,0.009492262817026746,0.09818969999992078,2.776151432042771e-06,0.991200349863657,rf,20261004,20227,15142,35369,20260905,0.9976632327096924,0.9873858484987845,0.9925373134328358,r03,0.9972603856674507,S1-url,s1,rf_depth24_leaf2,"{""class_weight"": null, ""max_depth"": 24, ""max_features"": ""sqrt"", ""min_samples_leaf"": 2, ""n_estimators"": 200}",0.32,20035,56.707856699999866,15029,56.51669970000012,0.9910828997814058,0.9970456325199804
0.9953066244451356,0.9947011863114841,master,phiusiil,PhiUSIIL,144,22,0.0010876551144509813,0.03390609999996741,9.58638921088168e-07,0.9952026489266059,xgb,20261004,20227,15142,35369,20260905,0.9981061703377967,0.9985352862849534,0.9904900277374191,r03,0.997490343993377,S1-url,s1,xgb_d6_lr01_balanced,"{""colsample_bytree"": 0.9, ""learning_rate"": 0.1, ""max_depth"": 6, ""n_estimators"": 200, ""reg_lambda"": 1.0, ""scale_pos_weight"": 1.3359043305972262, ""subsample"": 0.9}",0.54,20205,20.991581300000007,14998,20.86100669999996,0.9949713656888728,0.9972832636329738
0.9856088665215301,0.9846700767187939,master,phiusiil,PhiUSIIL,331,178,0.008800118653285213,0.014979700000139928,4.235262518063821e-07,0.9852861571789935,lr,20261005,20227,15142,35369,20260906,0.9941264109772148,0.9881246247247982,0.9781402720908731,r04,0.9931340179205093,S1-url,s1,lr_c1,"{""C"": 1.0, ""class_weight"": null}",0.46,20049,25.078507299999956,14811,24.97356590000004,0.986125775771801,0.9933747393709322
0.9907546156238514,0.990131964885121,master,phiusiil,PhiUSIIL,215,112,0.005537153309932269,0.11633019999999306,3.289044078147334e-06,0.9905513212038484,rf,20261005,20227,15142,35369,20260906,0.996973111468224,0.9925526963228938,0.9858010830801743,r04,0.9965391616407245,S1-url,s1,rf_unlimited_leaf5_balanced,"{""class_weight"": ""balanced_subsample"", ""max_depth"": null, ""max_features"": ""sqrt"", ""min_samples_leaf"": 5, ""n_estimators"": 200}",0.55,20115,59.04639050000014,14927,58.809521399999994,0.9912167252979867,0.9967480638799291
0.9942039639232096,0.9935212945014386,master,phiusiil,PhiUSIIL,170,35,0.001730360409353834,0.03220040000019253,9.10413073600965e-07,0.9940749041722865,xgb,20261005,20227,15142,35369,20260906,0.9978351764406261,0.9976677550476444,0.9887729494122309,r04,0.9972196986733921,S1-url,s1,xgb_d6_lr01_balanced,"{""colsample_bytree"": 0.9, ""learning_rate"": 0.1, ""max_depth"": 6, ""n_estimators"": 200, ""reg_lambda"": 1.0, ""scale_pos_weight"": 1.3359043305972262, ""subsample"": 0.9}",0.53,20192,21.519268999999895,14972,21.383206700000073,0.9948563770750232,0.9973193273646972
0.98439311261274,0.9839640970507133,master,phiusiil,PhiUSIIL,288,264,0.013051861373411777,0.014709600000060163,4.1588962085612156e-07,0.984060529546996,lr,20261006,20227,15142,35369,20260907,0.9937419835038006,0.9825373726683424,0.9809800554748382,r05,0.9931714154111762,S1-url,s1,lr_c1_balanced,"{""C"": 1.0, ""class_weight"": ""balanced""}",0.45,19963,24.941570500000125,14854,24.835689400000092,0.9842954551153198,0.9934264817083989
0.9920551895727897,0.9921988047600039,master,phiusiil,PhiUSIIL,103,178,0.008800118653285213,0.11377540000012232,3.216811331960822e-06,0.9918925163880525,rf,20261006,20227,15142,35369,20260907,0.9981954991262133,0.988302556351449,0.9931977281732929,r05,0.997999345259857,S1-url,s1,rf_depth24_leaf2,"{""class_weight"": null, ""max_depth"": 24, ""max_features"": ""sqrt"", ""min_samples_leaf"": 2, ""n_estimators"": 200}",0.34,20049,57.596192400000064,15039,57.37278429999992,0.9917180462537398,0.996932770719746
0.9948825242443948,0.9943719013082115,master,phiusiil,PhiUSIIL,139,42,0.002076432491224601,0.043888599999945654,1.2408776046805297e-06,0.9947702631975155,xgb,20261006,20227,15142,35369,20260907,0.9985912978094539,0.9972083748753738,0.9908202351076476,r05,0.9981973537739341,S1-url,s1,xgb_d6_lr01_balanced,"{""colsample_bytree"": 0.9, ""learning_rate"": 0.1, ""max_depth"": 6, ""n_estimators"": 200, ""reg_lambda"": 1.0, ""scale_pos_weight"": 1.3359043305972262, ""subsample"": 0.9}",0.53,20185,21.71597940000015,15003,21.547685399999864,0.9950878011840851,0.9973987407108424
0.985495773134666,0.9851024823477412,master,phiusiil,PhiUSIIL,267,246,0.012161961734315519,0.024198899999873902,6.84183889843476e-07,0.9851870583919677,lr,20261007,20227,15142,35369,20260908,0.994110744612719,0.9837312347066993,0.982366926429798,r06,0.993144199872198,S1-url,s1,lr_c1_balanced,"{""C"": 1.0, ""class_weight"": ""balanced""}",0.44,19981,26.390760999999884,14875,26.274727400000074,0.9857619438909366,0.9937541913415608
0.9915745426786169,0.991728766559254,master,phiusiil,PhiUSIIL,109,189,0.009343946210510703,0.28236169999991034,7.98331024343098e-06,0.9914023792570423,rf,20261007,20227,15142,35369,20260908,0.997777505117328,0.9875837603468663,0.9928014793290186,r06,0.997426292546445,S1-url,s1,rf_depth24_leaf2,"{""class_weight"": null, ""max_depth"": 24, ""max_features"": ""sqrt"", ""min_samples_leaf"": 2, ""n_estimators"": 200}",0.31,20038,110.11577080000006,15033,109.6982931,0.9918635976211367,0.9979373899530515
0.9951087110181233,0.9944700411523242,master,phiusiil,PhiUSIIL,151,22,0.0010876551144509813,0.04439030000003186,1.2550623427304097e-06,0.9950000529711065,xgb,20261007,20227,15142,35369,20260908,0.9983741319712384,0.9985346033437688,0.9900277374190992,r06,0.9978745759470976,S1-url,s1,xgb_d6_lr01_balanced,"{""colsample_bytree"": 0.9, ""learning_rate"": 0.1, ""max_depth"": 6, ""n_estimators"": 200, ""reg_lambda"": 1.0, ""scale_pos_weight"": 1.3359043305972262, ""subsample"": 0.9}",0.53,20205,34.49113629999988,14991,34.28913540000008,0.9952901081230192,0.998169361161202
0.9867963470836043,0.9862561789362378,master,phiusiil,PhiUSIIL,265,202,0.009986651505413556,0.026722999999947206,7.555486442915323e-07,0.9865105715372466,lr,20261008,20227,15142,35369,20260909,0.9943427492645409,0.9866038861993501,0.9824990093778894,r07,0.9934025001675444,S1-url,s1,lr_c1,"{""C"": 1.0, ""class_weight"": null}",0.43,20025,42.59635100000014,14877,42.364716199999975,0.9861847641915924,0.993277152946993
0.9923379230399503,0.9923380821703516,master,phiusiil,PhiUSIIL,116,155,0.00766302466999555,0.2415438999998969,6.829254431844182e-06,0.9921787292019912,rf,20261008,20227,15142,35369,20260909,0.9979349405448453,0.9897898689150912,0.9923391890106987,r07,0.9974703016940528,S1-url,s1,rf_depth24_leaf2,"{""class_weight"": null, ""max_depth"": 24, ""max_features"": ""sqrt"", ""min_samples_leaf"": 2, ""n_estimators"": 200}",0.35,20072,112.66121640000006,15026,112.22889349999991,0.9921757517964771,0.9972582225945008
0.9953914444852837,0.9947836459173456,master,phiusiil,PhiUSIIL,143,20,0.0009887773767736194,0.03535269999997581,9.995391444478446e-07,0.995289307954369,xgb,20261008,20227,15142,35369,20260909,0.9983167652108984,0.9986683534190026,0.9905560692114648,r07,0.9977557342704746,S1-url,s1,xgb_d6_lr01_balanced,"{""colsample_bytree"": 0.9, ""learning_rate"": 0.1, ""max_depth"": 6, ""n_estimators"": 200, ""reg_lambda"": 1.0, ""scale_pos_weight"": 1.3359043305972262, ""subsample"": 0.9}",0.54,20207,33.0122257999999,14999,32.80710130000011,0.9954623210936503,0.9977560542420206
0.9868528937770363,0.9860233735165572,master,phiusiil,PhiUSIIL,299,166,0.008206852227221041,0.03502939999998489,9.903983714548018e-07,0.9865603777614484,lr,20261009,20227,15142,35369,20260910,0.9938298622229522,0.9889399693517223,0.9802535992603355,r08,0.9929325566522518,S1-url,s1,lr_c1_balanced,"{""C"": 1.0, ""class_weight"": ""balanced""}",0.52,20061,35.77285719999986,14843,35.55768019999982,0.9870538126583946,0.994395724495801
0.9912352625180243,0.9909340551900112,master,phiusiil,PhiUSIIL,169,141,0.006970880506254017,0.1338049000000865,3.7831123300089484e-06,0.9910481869699628,rf,20261009,20227,15142,35369,20260910,0.9971673048076029,0.9906709011512504,0.9888389908862766,r08,0.9966929569437082,S1-url,s1,rf_unlimited_leaf5_balanced,"{""class_weight"": ""balanced_subsample"", ""max_depth"": null, ""max_features"": ""sqrt"", ""min_samples_leaf"": 5, ""n_estimators"": 200}",0.47,20086,90.88096670000004,14973,90.63807900000006,0.9923484731140513,0.9975782023028196
0.9950521643246911,0.99447871140171,master,phiusiil,PhiUSIIL,144,31,0.0015326049339991102,0.0320080000001326,9.049732816911023e-07,0.9949429385280133,xgb,20261009,20227,15142,35369,20260910,0.9979085958011756,0.9979373211790539,0.9904900277374191,r08,0.9971834618958325,S1-url,s1,xgb_d6_lr01_balanced,"{""colsample_bytree"": 0.9, ""learning_rate"": 0.1, ""max_depth"": 6, ""n_estimators"": 200, ""reg_lambda"": 1.0, ""scale_pos_weight"": 1.3359043305972262, ""subsample"": 0.9}",0.48,20196,21.020757199999935,14998,20.87579919999962,0.9956373656655446,0.9981278954608818
0.9856088665215301,0.9848444040734676,master,phiusiil,PhiUSIIL,310,199,0.009838334898897513,0.017564799999945535,4.966156803965488e-07,0.9852914253063099,lr,20261010,20227,15142,35369,20260911,0.9938039376242411,0.9867606945645666,0.9795271430458328,r09,0.9929506399421121,S1-url,s1,lr_c1_balanced,"{""C"": 1.0, ""class_weight"": ""balanced""}",0.47,20028,26.630004299999655,14832,26.519761800000197,0.9854731395073857,0.9934694117682935
0.9920269162260736,0.9919582514578932,master,phiusiil,PhiUSIIL,129,153,0.007564146932318189,0.12357599999995728,3.493907093781483e-06,0.9918602536915828,rf,20261010,20227,15142,35369,20260911,0.997519053042893,0.9899116444678887,0.9914806498481046,r09,0.9970207073895672,S1-url,s1,rf_depth24_leaf2,"{""class_weight"": null, ""max_depth"": 24, ""max_features"": ""sqrt"", ""min_samples_leaf"": 2, ""n_estimators"": 200}",0.35,20074,82.57027769999968,15013,82.32736850000038,0.9912540301176915,0.997284527194078
0.9953348977918516,0.994767412258921,master,phiusiil,PhiUSIIL,139,26,0.0012854105898057052,0.032172799999898416,9.096327292232863e-07,0.9952319134692698,xgb,20261010,20227,15142,35369,20260911,0.9979747483072433,0.9982700113114645,0.9908202351076476,r09,0.9973554221140707,S1-url,s1,xgb_d6_lr01_balanced,"{""colsample_bytree"": 0.9, ""learning_rate"": 0.1, ""max_depth"": 6, ""n_estimators"": 200, ""reg_lambda"": 1.0, ""scale_pos_weight"": 1.3359043305972262, ""subsample"": 0.9}",0.51,20201,20.370026900000084,15003,20.22939320000023,0.9947405220110901,0.9976209887020202
0.986061240068987,0.9854557488918683,master,phiusiil,PhiUSIIL,284,209,0.010332723587284322,0.018353700000261597,5.189205236297774e-07,0.9857581153843682,lr,20261001,20227,15142,35369,20260902,0.9945183297016218,0.9861286254728878,0.981244221371021,r00,0.9928507027068162,S2-host,s2,lr_c1_balanced,"{""C"": 1.0, ""class_weight"": ""balanced""}",0.34,20018,27.972786799999994,14858,27.85539209999979,0.9860984131740012,0.9924808531475767
0.9897650484887897,0.9889347325763037,master,phiusiil,PhiUSIIL,255,107,0.005289958965738864,0.12071340000011332,3.412971811476528e-06,0.9895359858682182,rf,20261001,20227,15142,35369,20260902,0.9957788460115898,0.9928638121915433,0.9831594241183463,r00,0.9946710583784363,S2-host,s2,rf_unlimited_leaf5_balanced,"{""class_weight"": ""balanced_subsample"", ""max_depth"": null, ""max_features"": ""sqrt"", ""min_samples_leaf"": 5, ""n_estimators"": 200}",0.54,20120,84.79490759999999,14887,84.56268890000001,0.9894473681983058,0.9938859722756932
0.9919138228392095,0.9908300121973806,master,phiusiil,PhiUSIIL,253,33,0.001631482671676472,0.03062999999974636,8.660126099054641e-07,0.9917277211215605,xgb,20261001,20227,15142,35369,20260902,0.9960982069371457,0.9977885002010455,0.9832915070664378,r00,0.9950721704637048,S2-host,s2,xgb_d6_lr01_balanced,"{""colsample_bytree"": 0.9, ""learning_rate"": 0.1, ""max_depth"": 6, ""n_estimators"": 200, ""reg_lambda"": 1.0, ""scale_pos_weight"": 1.3359043305972262, ""subsample"": 0.9}",0.48,20194,20.114063400000305,14889,19.97168759999977,0.9914947017953124,0.9945797293572267
0.9868528937770363,0.9856747188072098,master,phiusiil,PhiUSIIL,341,124,0.006130419735996441,0.016881000000012136,4.772823659139964e-07,0.9865506657957637,lr,20261002,20227,15142,35369,20260903,0.9942672257752116,0.9916917922948074,0.9774798573504161,r01,0.9924728897741057,S2-host,s2,lr_c1_balanced,"{""C"": 1.0, ""class_weight"": ""balanced""}",0.43,20103,28.077280299999984,14801,27.96371339999996,0.9849600147378424,0.9918923667046048
0.989991235262518,0.989090981538641,master,phiusiil,PhiUSIIL,260,94,0.004647253670836011,0.11292450000019016,3.192753541242053e-06,0.9897656563651214,rf,20261002,20227,15142,35369,20260903,0.995717724689255,0.9937232905982906,0.9828292167481179,r01,0.9944859140265059,S2-host,s2,rf_unlimited_leaf5_balanced,"{""class_weight"": ""balanced_subsample"", ""max_depth"": null, ""max_features"": ""sqrt"", ""min_samples_leaf"": 5, ""n_estimators"": 200}",0.55,20133,87.61799860000019,14882,87.40000280000004,0.9893333692615613,0.9941480714168915
0.9917724561056293,0.9905569915784207,master,phiusiil,PhiUSIIL,271,20,0.0009887773767736194,0.03226399999999785,9.122112584466015e-07,0.9915808296907058,xgb,20261002,20227,15142,35369,20260903,0.9959419523448744,0.9986569068564904,0.9821027605336151,r01,0.9947520405646606,S2-host,s2,xgb_d6_lr01_balanced,"{""colsample_bytree"": 0.9, ""learning_rate"": 0.1, ""max_depth"": 6, ""n_estimators"": 200, ""reg_lambda"": 1.0, ""scale_pos_weight"": 1.3359043305972262, ""subsample"": 0.9}",0.55,20207,20.1519341,14871,19.9854575,0.9912050992575662,0.9950408965101206
0.9845910260397523,0.983232291107866,master,phiusiil,PhiUSIIL,397,148,0.007316952588124784,0.013490300000000843,3.8141592920356366e-07,0.984232413321557,lr,20261003,20227,15142,35369,20260904,0.9941654710507859,0.9900624454441684,0.9737815348038569,r02,0.9924483662406329,S2-host,s2,lr_c1_balanced,"{""C"": 1.0, ""class_weight"": ""balanced""}",0.49,20079,25.110951999999997,14745,25.004245,0.9855905502287811,0.9924986931937619
0.9889451214340241,0.987993733807848,master,phiusiil,PhiUSIIL,282,109,0.005388836703416226,0.10022130000001539,2.833591563233775e-06,0.9886952853253441,rf,20261003,20227,15142,35369,20260904,0.9955258785516155,0.9927182844545394,0.9813763043191124,r02,0.9943847360852162,S2-host,s2,rf_unlimited_leaf5_balanced,"{""class_weight"": ""balanced_subsample"", ""max_depth"": null, ""max_features"": ""sqrt"", ""min_samples_leaf"": 5, ""n_estimators"": 200}",0.59,20118,79.87015760000001,14860,79.6758462,0.9891595568492307,0.9938697124971424
0.9917159094121971,0.990490950104375,master,phiusiil,PhiUSIIL,273,20,0.0009887773767736194,0.0300091000000009,8.484576889366649e-07,0.9915228179429827,xgb,20261003,20227,15142,35369,20260904,0.9960006098058599,0.9986567264423399,0.9819706775855237,r02,0.9948763593052431,S2-host,s2,xgb_d6_lr01_balanced,"{""colsample_bytree"": 0.9, ""learning_rate"": 0.1, ""max_depth"": 6, ""n_estimators"": 200, ""reg_lambda"": 1.0, ""scale_pos_weight"": 1.3359043305972262, ""subsample"": 0.9}",0.55,20207,23.271857399999988,14869,23.14699969999998,0.9914362451590504,0.9948156626620182
0.9861743334558511,0.9849818367499035,master,phiusiil,PhiUSIIL,353,136,0.006723686162060612,0.047794799999991255,1.3513189516240565e-06,0.985856506611029,lr,20261004,20227,15142,35369,20260905,0.9939240410203249,0.9908877721943049,0.9766873596618677,r03,0.9921050465670589,S2-host,s2,lr_c1,"{""C"": 1.0, ""class_weight"": null}",0.37,20091,29.721532199999984,14789,29.498901999999987,0.9857989062557251,0.992600813092102
0.9897367751420736,0.9888768079314703,master,phiusiil,PhiUSIIL,259,104,0.005141642359222821,0.1338236000000279,3.783641041590882e-06,0.9895064510300553,rf,20261004,20227,15142,35369,20260905,0.995285600300474,0.9930606525655569,0.9828952582221635,r03,0.9938259596532729,S2-host,s2,rf_unlimited_leaf5_balanced,"{""class_weight"": ""balanced_subsample"", ""max_depth"": null, ""max_features"": ""sqrt"", ""min_samples_leaf"": 5, ""n_estimators"": 200}",0.57,20123,87.5408137,14883,87.28431750000001,0.9896217267062761,0.9943622058438728
0.9919420961859255,0.9908464303291964,master,phiusiil,PhiUSIIL,254,31,0.0015326049339991102,0.029242299999964416,8.267776866737656e-07,0.9917564305333783,xgb,20261004,20227,15142,35369,20260905,0.9957375318459079,0.9979221127421409,0.983225465592392,r03,0.9944109753844781,S2-host,s2,xgb_d6_lr01_balanced,"{""colsample_bytree"": 0.9, ""learning_rate"": 0.1, ""max_depth"": 6, ""n_estimators"": 200, ""reg_lambda"": 1.0, ""scale_pos_weight"": 1.3359043305972262, ""subsample"": 0.9}",0.5,20196,20.75949830000002,14888,20.61551830000002,0.9917565736415728,0.9952679522370246
0.9864287935762956,0.9856691846054741,master,phiusiil,PhiUSIIL,297,183,0.009047312997478617,0.01804570000001604,5.102123328342911e-07,0.986129084991137,lr,20261005,20227,15142,35369,20260906,0.9941635935791555,0.9878227309023156,0.9803856822084269,r04,0.9923939645478189,S2-host,s2,lr_c1_balanced,"{""C"": 1.0, ""class_weight"": ""balanced""}",0.34,20044,27.002766399999985,14845,26.890085,0.9866197779301151,0.992922345315421
0.9890864881676044,0.9880841257695308,master,phiusiil,PhiUSIIL,286,100,0.004943886883868097,0.11768100000000459,3.3272357148917015e-06,0.988838598046905,rf,20261005,20227,15142,35369,20260906,0.9952303913476859,0.9933137202460551,0.9811121384229295,r04,0.9938854041629487,S2-host,s2,rf_unlimited_leaf5_balanced,"{""class_weight"": ""balanced_subsample"", ""max_depth"": null, ""max_features"": ""sqrt"", ""min_samples_leaf"": 5, ""n_estimators"": 200}",0.58,20127,81.73745079999998,14856,81.51949349999995,0.9901410704806766,0.9948140742318444
0.9914049025983206,0.9902356389309693,master,phiusiil,PhiUSIIL,271,33,0.001631482671676472,0.031019099999980426,8.770137691192973e-07,0.9912057123668934,xgb,20261005,20227,15142,35369,20260906,0.9957213790555437,0.9977858293075684,0.9821027605336151,r04,0.9945285894151702,S2-host,s2,xgb_d6_lr01_balanced,"{""colsample_bytree"": 0.9, ""learning_rate"": 0.1, ""max_depth"": 6, ""n_estimators"": 200, ""reg_lambda"": 1.0, ""scale_pos_weight"": 1.3359043305972262, ""subsample"": 0.9}",0.43,20194,19.991929400000004,14871,19.846406300000012,0.9923649764915204,0.9953063471900103
0.986061240068987,0.98522331241897,master,phiusiil,PhiUSIIL,312,181,0.008948435259801256,0.033811299999968014,9.559586078195034e-07,0.9857513531631363,lr,20261006,20227,15142,35369,20260907,0.9943241039989366,0.9879421757377923,0.9793950600977414,r05,0.9924688770697204,S2-host,s2,lr_c1_balanced,"{""C"": 1.0, ""class_weight"": ""balanced""}",0.35,20046,33.463329399999964,14830,33.31339299999996,0.9856325531675987,0.9926442655545205
0.9897650484887897,0.988660789590388,master,phiusiil,PhiUSIIL,288,74,0.003658476294062392,0.09655190000000857,2.7298453447937057e-06,0.9895300379243619,rf,20261006,20227,15142,35369,20260907,0.9954277964269513,0.995042872454448,0.9809800554748382,r05,0.9940969135172483,S2-host,s2,rf_unlimited_leaf5_balanced,"{""class_weight"": ""balanced_subsample"", ""max_depth"": null, ""max_features"": ""sqrt"", ""min_samples_leaf"": 5, ""n_estimators"": 200}",0.64,20153,87.70018060000001,14854,87.45944780000002,0.9891790130407068,0.9942291613486363
0.9919420961859255,0.9907551160005579,master,phiusiil,PhiUSIIL,265,20,0.0009887773767736194,0.033690699999965545,9.525488422054778e-07,0.9917548524543096,xgb,20261006,20227,15142,35369,20260907,0.9962235715928899,0.9986574478082836,0.9824990093778894,r05,0.9951929499271892,S2-host,s2,xgb_d6_lr01_balanced,"{""colsample_bytree"": 0.9, ""learning_rate"": 0.1, ""max_depth"": 6, ""n_estimators"": 200, ""reg_lambda"": 1.0, ""scale_pos_weight"": 1.3359043305972262, ""subsample"": 0.9}",0.59,20207,21.14089989999991,14877,21.010914400000047,0.9914061868726786,0.9946927299206314
0.9854109530945178,0.984472136770048,master,phiusiil,PhiUSIIL,334,182,0.008997874128639937,0.020285300000068673,5.735333201410465e-07,0.9850839334068944,lr,20261007,20227,15142,35369,20260908,0.9937842635122445,0.9878585723815877,0.977942147668736,r06,0.9916943990032246,S2-host,s2,lr_c1_balanced,"{""C"": 1.0, ""class_weight"": ""balanced""}",0.37,20045,28.2755803,14808,28.150403799999935,0.9866188668776262,0.9931125243216739
0.9895954084084934,0.9885705821020965,master,phiusiil,PhiUSIIL,281,87,0.004301181588965245,0.1519252000000506,4.295433854506789e-06,0.989358343653027,rf,20261007,20227,15142,35369,20260908,0.9955572964345205,0.9941798233877441,0.9814423457931581,r06,0.9943039987751751,S2-host,s2,rf_unlimited_leaf5_balanced,"{""class_weight"": ""balanced_subsample"", ""max_depth"": null, ""max_features"": ""sqrt"", ""min_samples_leaf"": 5, ""n_estimators"": 200}",0.6,20140,75.81740049999996,14861,75.54294900000002,0.9901707417999708,0.9942787748958187
0.9918007294523453,0.9907062305518928,master,phiusiil,PhiUSIIL,256,34,0.001680921540515153,0.032254800000032446,9.11951143657792e-07,0.9916118793245721,xgb,20261007,20227,15142,35369,20260908,0.9958457342902912,0.9977211796246649,0.9830933826443006,r06,0.9946308774618228,S2-host,s2,xgb_d6_lr01_balanced,"{""colsample_bytree"": 0.9, ""learning_rate"": 0.1, ""max_depth"": 6, ""n_estimators"": 200, ""reg_lambda"": 1.0, ""scale_pos_weight"": 1.3359043305972262, ""subsample"": 0.9}",0.42,20193,31.84453350000001,14886,31.66657459999999,0.9920180680727564,0.9951003850975093
0.9858633266419746,0.9854321362977961,master,phiusiil,PhiUSIIL,266,234,0.011568695308251347,0.03854810000007092,1.089883796547002e-06,0.9855611094996141,lr,20261008,20227,15142,35369,20260909,0.9945254176364346,0.9845135671740569,0.9824329679038436,r07,0.9929665715865778,S2-host,s2,lr_c1_balanced,"{""C"": 1.0, ""class_weight"": ""balanced""}",0.31,19993,48.28397339999992,14876,47.98323579999999,0.9853812118426541,0.9924561941159492
0.9887472080070118,0.988119544660639,master,phiusiil,PhiUSIIL,246,152,0.007514708063479507,0.09052039999994577,2.5593146540740694e-06,0.9885006497437573,rf,20261008,20227,15142,35369,20260909,0.9956880596025947,0.98989898989899,0.9837537973847577,r07,0.9945364074954391,S2-host,s2,rf_depth24_leaf2,"{""class_weight"": null, ""max_depth"": 24, ""max_features"": ""sqrt"", ""min_samples_leaf"": 2, ""n_estimators"": 200}",0.4,20075,91.28201380000007,14896,90.99455069999999,0.9899422173744266,0.9947539293762853
0.9917159094121971,0.9906320722486347,master,phiusiil,PhiUSIIL,256,37,0.001829238147031196,0.03304100000002563,9.341796488457585e-07,0.9915253262821921,xgb,20261008,20227,15142,35369,20260909,0.9959595725299023,0.9975206057763184,0.9830933826443006,r07,0.9948397829660429,S2-host,s2,xgb_d6_lr01_balanced,"{""colsample_bytree"": 0.9, ""learning_rate"": 0.1, ""max_depth"": 6, ""n_estimators"": 200, ""reg_lambda"": 1.0, ""scale_pos_weight"": 1.3359043305972262, ""subsample"": 0.9}",0.5,20190,40.41246960000001,14886,40.27442369999994,0.9915242955574012,0.9951867431322042
0.9871356272441969,0.9860796379008698,master,phiusiil,PhiUSIIL,322,133,0.006575369555544569,0.02146010000001297,6.067488478614881e-07,0.9868430848834999,lr,20261009,20227,15142,35369,20260910,0.9944701403119425,0.9911054637865311,0.9787346453572844,r08,0.9928055752913062,S2-host,s2,lr_c1,"{""C"": 1.0, ""class_weight"": null}",0.35,20094,27.97175070000003,14820,27.841018499999905,0.9868421764496221,0.9925802679803488
0.9888037547004439,0.9881440796216672,master,phiusiil,PhiUSIIL,249,147,0.007267513719286103,0.1621904999999515,4.585668240548262e-06,0.9885576602774937,rf,20261009,20227,15142,35369,20260910,0.9953133252652455,0.9902260638297873,0.9835556729626205,r08,0.99387127480719,S2-host,s2,rf_unlimited_leaf5_balanced,"{""class_weight"": ""balanced_subsample"", ""max_depth"": null, ""max_features"": ""sqrt"", ""min_samples_leaf"": 5, ""n_estimators"": 200}",0.53,20080,99.00304499999993,14893,98.70256979999999,0.9889879926323959,0.9944189273303938
0.9921400096129379,0.9909198507388897,master,phiusiil,PhiUSIIL,266,12,0.0005932664260641716,0.047340600000097766,1.3384771975486376e-06,0.9919567331230886,xgb,20261009,20227,15142,35369,20260910,0.9959058157446024,0.9991939817302525,0.9824329679038436,r08,0.9947334381372923,S2-host,s2,xgb_d6_lr01_balanced,"{""colsample_bytree"": 0.9, ""learning_rate"": 0.1, ""max_depth"": 6, ""n_estimators"": 200, ""reg_lambda"": 1.0, ""scale_pos_weight"": 1.3359043305972262, ""subsample"": 0.9}",0.66,20215,25.924984499999937,14876,25.697146999999973,0.9916665324970046,0.9951166563036153
0.9891430348610365,0.9881916737565939,master,phiusiil,PhiUSIIL,279,105,0.005191081228061502,0.012234200000193596,3.4590177839898204e-07,0.988897576072925,lr,20261010,20227,15142,35369,20260911,0.9945241614944564,0.9929850347407804,0.9815744287412494,r09,0.9927586488521051,S2-host,s2,lr_c1,"{""C"": 1.0, ""class_weight"": null}",0.41,20122,33.69524999999999,14863,33.538095699999985,0.9888372493719182,0.9924596762552713
0.9894823150216291,0.9887124421399208,master,phiusiil,PhiUSIIL,252,120,0.005932664260641716,0.11339869999983421,3.20616076224474e-06,0.9892483938896911,rf,20261010,20227,15142,35369,20260911,0.9954954164383664,0.9920053297801465,0.9833575485404834,r09,0.9942748536118751,S2-host,s2,rf_unlimited_leaf5_balanced,"{""class_weight"": ""balanced_subsample"", ""max_depth"": null, ""max_features"": ""sqrt"", ""min_samples_leaf"": 5, ""n_estimators"": 200}",0.56,20107,61.53909270000008,14890,61.320266100000026,0.9891303696084182,0.9942286977163963
0.9918855494924934,0.9907969914603578,master,phiusiil,PhiUSIIL,254,33,0.001631482671676472,0.04041619999998147,1.1427012355447278e-06,0.9916987250355487,xgb,20261010,20227,15142,35369,20260911,0.9962354381185684,0.9977883519871322,0.983225465592392,r09,0.9953390969307239,S2-host,s2,xgb_d6_lr01_balanced,"{""colsample_bytree"": 0.9, ""learning_rate"": 0.1, ""max_depth"": 6, ""n_estimators"": 200, ""reg_lambda"": 1.0, ""scale_pos_weight"": 1.3359043305972262, ""subsample"": 0.9}",0.56,20194,21.779755499999965,14888,21.628032900000107,0.9915811235575973,0.9945507180595733
0.985731905589505,0.9847133898432802,master,phiusiil,PhiUSIIL,361,148,0.007353306503701496,0.01968639999995503,5.518416774108603e-07,0.9854696115222255,lr,20261001,20127,15547,35674,20260902,0.9965415837561087,0.9903482457284466,0.9767800861902618,r00,0.9947835521789182,S3-domain,s3,lr_c1,"{""C"": 1.0, ""class_weight"": null}",0.92,19979,26.354994499999975,15186,26.2216327000001,0.9868251613366142,0.9928290724070032
0.9915344508605707,0.9918316752556431,master,phiusiil,PhiUSIIL,91,211,0.01048343021811497,0.1487557000000379,4.169863205697088e-06,0.9914000311425488,rf,20261001,20127,15547,35674,20260902,0.9991864402033793,0.9865322014425225,0.9941467807294012,r00,0.9992723219200197,S3-domain,s3,rf_depth24_leaf2,"{""class_weight"": null, ""max_depth"": 24, ""max_features"": ""sqrt"", ""min_samples_leaf"": 2, ""n_estimators"": 200}",0.8,19916,77.33271780000018,15456,77.00703559999988,0.990427290796563,0.9987411671909618
0.9941133598699333,0.9935390172066476,master,phiusiil,PhiUSIIL,170,40,0.0019873801361355394,0.03809180000007473,1.0677748500329295e-06,0.9940089256303164,xgb,20261001,20127,15547,35674,20260902,0.9993973701145334,0.997405461503535,0.9890654145494308,r00,0.9993169091838959,S3-domain,s3,xgb_d6_lr01_balanced,"{""colsample_bytree"": 0.9, ""learning_rate"": 0.1, ""max_depth"": 6, ""n_estimators"": 200, ""reg_lambda"": 1.0, ""scale_pos_weight"": 1.3542591267000716, ""subsample"": 0.9}",0.89,20087,21.86901009999997,15377,21.717017399999804,0.9923242695982146,0.9993649654468358
0.9860122217861748,0.9859424637216121,master,phiusiil,PhiUSIIL,227,272,0.013514184925721668,0.017570200000136538,4.92521163876676e-07,0.9857824612761403,lr,20261002,20127,15547,35674,20260903,0.9956755231209495,0.982555156490508,0.9853991123689457,r01,0.9935194271889037,S3-domain,s3,lr_c1,"{""C"": 1.0, ""class_weight"": null}",0.86,19855,25.282486999999946,15320,25.165808499999912,0.9874052279616876,0.9945907259164148
0.9896283007232158,0.9892276154222833,master,phiusiil,PhiUSIIL,216,154,0.007651413524121827,0.2511146000001645,7.039148960031521e-06,0.9894496630780281,rf,20261002,20127,15547,35674,20260903,0.9986521689870439,0.990054891830804,0.9861066443686884,r01,0.9989351674882123,S3-domain,s3,rf_depth24_leaf2,"{""class_weight"": null, ""max_depth"": 24, ""max_features"": ""sqrt"", ""min_samples_leaf"": 2, ""n_estimators"": 200}",0.86,19973,74.73104680000006,15331,74.33682320000003,0.9907355461121323,0.9990767303976835
0.992851936984919,0.9924064792925891,master,phiusiil,PhiUSIIL,172,83,0.004123813782481244,0.04901760000007016,1.3740427201903392e-06,0.9927273604650475,xgb,20261002,20127,15547,35674,20260903,0.9994910521760969,0.9946306119808513,0.9889367723676593,r01,0.9994854568390061,S3-domain,s3,xgb_d6_lr01_balanced,"{""colsample_bytree"": 0.9, ""learning_rate"": 0.1, ""max_depth"": 6, ""n_estimators"": 200, ""reg_lambda"": 1.0, ""scale_pos_weight"": 1.3542785150825352, ""subsample"": 0.9}",0.8,20044,36.03872239999987,15375,35.76806629999987,0.9945548701209115,0.9994273180329348
0.9855076526321691,0.9855758044221343,master,phiusiil,PhiUSIIL,216,301,0.014955035524419933,0.05251079999993635,1.4719627740072982e-06,0.985273852407013,lr,20261003,20127,15547,35674,20260904,0.9954218390476557,0.9807446264073695,0.9861066443686884,r02,0.9932000699526617,S3-domain,s3,lr_c1,"{""C"": 1.0, ""class_weight"": null}",0.84,19826,43.147688400000106,15331,42.84548229999996,0.9883460708519025,0.995111010670459
0.9895161742445479,0.9895014793962755,master,phiusiil,PhiUSIIL,165,209,0.010384061211308193,0.2767874999999549,7.758801928574168e-06,0.9893438917709771,rf,20261003,20127,15547,35674,20260904,0.9987747992900412,0.9865948303508434,0.9893870200038593,r02,0.9989814389183773,S3-domain,s3,rf_depth24_leaf2,"{""class_weight"": null, ""max_depth"": 24, ""max_features"": ""sqrt"", ""min_samples_leaf"": 2, ""n_estimators"": 200}",0.81,19918,113.4061984,15382,112.8726322,0.9916264100822272,0.9994394298845926
0.9925716207882491,0.9918140969697378,master,phiusiil,PhiUSIIL,219,46,0.0022854871565558704,0.03963060000000951,1.1109099063746568e-06,0.9924373737697193,xgb,20261003,20127,15547,35674,20260904,0.9995166076981417,0.9970079354754781,0.9859136810960314,r02,0.9995049941266858,S3-domain,s3,xgb_d6_lr01_balanced,"{""colsample_bytree"": 0.9, ""learning_rate"": 0.1, ""max_depth"": 6, ""n_estimators"": 200, ""reg_lambda"": 1.0, ""scale_pos_weight"": 1.3542591267000716, ""subsample"": 0.9}",0.91,20081,37.245946600000025,15328,36.95133779999992,0.994921774720853,0.999471219721706
0.9857038739698379,0.984432407310638,master,phiusiil,PhiUSIIL,396,114,0.005664033387986287,0.05451139999991028,1.5280428323123362e-06,0.9854332990760368,lr,20261004,20127,15547,35674,20260905,0.9966681733677825,0.9925319358008516,0.9745288480092622,r03,0.9949858774347696,S3-domain,s3,lr_c1,"{""C"": 1.0, ""class_weight"": null}",0.95,20013,46.45138910000014,15151,46.145258999999896,0.9875377045096445,0.9930734695757321
0.9918988619162415,0.992147306234024,master,phiusiil,PhiUSIIL,92,197,0.009787847170467531,0.23650220000013178,6.629539720808762e-06,0.9917693479190254,rf,20261004,20127,15547,35674,20260905,0.9992726994305916,0.987413749041656,0.9940824596385155,r03,0.9994068906414167,S3-domain,s3,rf_depth24_leaf2,"{""class_weight"": null, ""max_depth"": 24, ""max_features"": ""sqrt"", ""min_samples_leaf"": 2, ""n_estimators"": 200}",0.8,19930,114.53049479999981,15455,114.04151980000006,0.9892331090702327,0.9991537816419632
0.9948982452206089,0.9947907905786229,master,phiusiil,PhiUSIIL,94,88,0.0043722362994981865,0.034016899999869565,9.535488030461839e-07,0.9948125175295218,xgb,20261004,20127,15547,35674,20260905,0.9995722276498012,0.9943375587156553,0.993953817456744,r03,0.9995437970623211,S3-domain,s3,xgb_d6_lr01_balanced,"{""colsample_bytree"": 0.9, ""learning_rate"": 0.1, ""max_depth"": 6, ""n_estimators"": 200, ""reg_lambda"": 1.0, ""scale_pos_weight"": 1.3542785150825352, ""subsample"": 0.9}",0.74,20039,25.590463,15453,25.448028599999816,0.9928729192472259,0.9995417780525617
0.9879187105816398,0.9879980176432778,master,phiusiil,PhiUSIIL,177,254,0.012619863864460675,0.038837499999999636,1.0886475122634796e-06,0.9877232009465484,lr,20261005,20127,15548,35675,20260906,0.9958062373070278,0.983744,0.9886158991510162,r04,0.9936740119970628,S3-domain,s3,lr_c1,"{""C"": 1.0, ""class_weight"": null}",0.81,19873,42.63047449999999,15371,42.39782300000002,0.9884628817863872,0.9948440175836036
0.988843728100911,0.9889568202296176,master,phiusiil,PhiUSIIL,158,240,0.011924280816813236,0.3944632999998703,1.1057135248770014e-05,0.9886635951520464,rf,20261005,20127,15548,35675,20260906,0.9990707052000967,0.9846449136276392,0.9898379212760484,r04,0.9992065386723812,S3-domain,s3,rf_depth24_leaf2,"{""class_weight"": null, ""max_depth"": 24, ""max_features"": ""sqrt"", ""min_samples_leaf"": 2, ""n_estimators"": 200}",0.79,19887,92.42327539999997,15390,91.80336750000015,0.9918246667546187,0.9992197660249453
0.9925998598458304,0.9918393922160016,master,phiusiil,PhiUSIIL,219,45,0.0022358026531524816,0.04517009999995025,1.2661555711268467e-06,0.9924661308015617,xgb,20261005,20127,15548,35675,20260906,0.9995574387710592,0.997072980356446,0.9859145870851557,r04,0.9995284781488333,S3-domain,s3,xgb_d6_lr01_balanced,"{""colsample_bytree"": 0.9, ""learning_rate"": 0.1, ""max_depth"": 6, ""n_estimators"": 200, ""reg_lambda"": 1.0, ""scale_pos_weight"": 1.3542785150825352, ""subsample"": 0.9}",0.9,20082,44.271392700000206,15329,43.97841549999998,0.9949791358968052,0.9994583791521638
0.9867690755171834,0.9865473398738873,master,phiusiil,PhiUSIIL,236,236,0.011725542803199682,0.027110500000162574,7.599512249863366e-07,0.9865473398738873,lr,20261006,20127,15547,35674,20260907,0.995469854426646,0.9848202225509745,0.9848202225509745,r05,0.9930981938709904,S3-domain,s3,lr_c1,"{""C"": 1.0, ""class_weight"": null}",0.86,19891,48.87518120000004,15311,48.611728100000164,0.9884590393189006,0.9950182696729183
0.9898805853002186,0.9898829750183269,master,phiusiil,PhiUSIIL,157,204,0.01013563869429125,0.1661482999998043,4.657405953910531e-06,0.989714514756483,rf,20261006,20127,15547,35674,20260907,0.9986836824619716,0.9869180454020777,0.9899015887309449,r05,0.9988699212243841,S3-domain,s3,rf_depth24_leaf2,"{""class_weight"": null, ""max_depth"": 24, ""max_features"": ""sqrt"", ""min_samples_leaf"": 2, ""n_estimators"": 200}",0.81,19923,79.89652860000024,15390,79.59802420000005,0.9921935706733267,0.9991106515435694
0.9935246958569266,0.9932368787331467,master,phiusiil,PhiUSIIL,140,91,0.004521289809708352,0.029563900000084686,8.287240006751327e-07,0.9934138025091275,xgb,20261006,20127,15547,35674,20260907,0.9994581751842544,0.9941282746160794,0.9909950472760019,r05,0.9993950151918349,S3-domain,s3,xgb_d6_lr01_balanced,"{""colsample_bytree"": 0.9, ""learning_rate"": 0.1, ""max_depth"": 6, ""n_estimators"": 200, ""reg_lambda"": 1.0, ""scale_pos_weight"": 1.3542591267000716, ""subsample"": 0.9}",0.8,20036,25.263061800000287,15407,25.07543689999966,0.9946960808078606,0.9992516517349026
0.9850591467174974,0.9838024891715698,master,phiusiil,PhiUSIIL,404,129,0.006409300939037114,0.031036800000038056,8.700117732813269e-07,0.9847771984446927,lr,20261007,20127,15547,35674,20260908,0.996506774252341,0.9915531691985333,0.9740142792821767,r06,0.9946993454623538,S3-domain,s3,lr_c1,"{""C"": 1.0, ""class_weight"": null}",0.95,19998,36.611646700000165,15143,36.43577170000026,0.9875593218138461,0.993153996659707
0.991198071424567,0.9913579291854351,master,phiusiil,PhiUSIIL,115,199,0.009887216177274309,0.10604970000031244,2.9727448562065494e-06,0.9910560086276471,rf,20261007,20127,15547,35674,20260908,0.9990911086148405,0.9872688887467213,0.9926030745481443,r06,0.9992495265535325,S3-domain,s3,rf_depth24_leaf2,"{""class_weight"": null, ""max_depth"": 24, ""max_features"": ""sqrt"", ""min_samples_leaf"": 2, ""n_estimators"": 200}",0.79,19928,73.55106960000012,15432,73.28009610000026,0.9902277887020617,0.998987897552286
0.9942535179682682,0.994175509027037,master,phiusiil,PhiUSIIL,100,105,0.0052168728573557905,0.03192640000042957,8.949487021480508e-07,0.9941574269643159,xgb,20261007,20127,15547,35674,20260908,0.9995081807834978,0.9932484567901234,0.9935678909114298,r06,0.9995048583068237,S3-domain,s3,xgb_d6_lr01_balanced,"{""colsample_bytree"": 0.9, ""learning_rate"": 0.1, ""max_depth"": 6, ""n_estimators"": 200, ""reg_lambda"": 1.0, ""scale_pos_weight"": 1.3542591267000716, ""subsample"": 0.9}",0.71,20022,20.415462500000103,15447,20.267489299999852,0.994242717488401,0.9994813103385128
0.9865728541795145,0.9864685819306106,master,phiusiil,PhiUSIIL,223,256,0.012719232871267451,0.015838799999983166,4.4398721758096e-07,0.9863511144649907,lr,20261008,20127,15547,35674,20260909,0.9956821831457257,0.983568677792041,0.9856563967324886,r07,0.9935198298548478,S3-domain,s3,lr_c1,"{""C"": 1.0, ""class_weight"": null}",0.86,19871,29.61352339999985,15324,29.46350399999983,0.9875494197485618,0.9949278378923626
0.9885630991758704,0.9883933842637362,master,phiusiil,PhiUSIIL,201,207,0.010284692204501416,0.10727769999994052,3.0071676851471806e-06,0.9883719396334367,rf,20261008,20127,15547,35674,20260909,0.9983381911372584,0.9866906706101717,0.987071460731974,r07,0.9987853677677013,S3-domain,s3,rf_depth24_leaf2,"{""class_weight"": null, ""max_depth"": 24, ""max_features"": ""sqrt"", ""min_samples_leaf"": 2, ""n_estimators"": 200}",0.85,19920,64.54567080000015,15346,64.35207600000012,0.9917620049911803,0.9992465182724635
0.9926557156472501,0.9921228091245599,master,phiusiil,PhiUSIIL,187,75,0.0037263377552541363,0.03399940000008428,9.530582497080305e-07,0.9925264329736792,xgb,20261008,20127,15547,35674,20260909,0.9995312007448488,0.9951409135082604,0.9879719560043738,r07,0.9995287961580326,S3-domain,s3,xgb_d6_lr01_balanced,"{""colsample_bytree"": 0.9, ""learning_rate"": 0.1, ""max_depth"": 6, ""n_estimators"": 200, ""reg_lambda"": 1.0, ""scale_pos_weight"": 1.3542785150825352, ""subsample"": 0.9}",0.88,20052,20.86638189999985,15360,20.72756449999997,0.9950371175270949,0.9994988569432572
0.9853114312945002,0.9842822097178254,master,phiusiil,PhiUSIIL,369,155,0.007701098027525215,0.02365719999988869,6.631496327826621e-07,0.9850412927811958,lr,20261009,20127,15547,35674,20260910,0.9968199348738208,0.9898910845887954,0.9762655174631761,r08,0.9953518927883133,S3-domain,s3,lr_c1_balanced,"{""C"": 1.0, ""class_weight"": ""balanced""}",0.95,19972,26.113932300000215,15178,25.988625500000126,0.9867105881267433,0.9941900719088279
0.9911700398048999,0.9914282247523684,master,phiusiil,PhiUSIIL,102,213,0.010582799224921747,0.2196262000002207,6.156478107311227e-06,0.9910292583520404,rf,20261009,20127,15547,35674,20260910,0.9993267200694833,0.9863967301060161,0.9934392487296585,r08,0.9993973401082965,S3-domain,s3,rf_depth24_leaf2,"{""class_weight"": null, ""max_depth"": 24, ""max_features"": ""sqrt"", ""min_samples_leaf"": 2, ""n_estimators"": 200}",0.79,19914,79.64936840000018,15445,79.28180380000003,0.9901430301658614,0.9991127251395368
0.994561865784605,0.9946975957829549,master,phiusiil,PhiUSIIL,66,128,0.0063596164356337255,0.05771660000027623,1.6178897796792125e-06,0.9944732193929786,xgb,20261009,20127,15547,35674,20260910,0.999630761342911,0.9917996027932603,0.9957548080015437,r08,0.9996164622863765,S3-domain,s3,xgb_d6_lr01_balanced,"{""colsample_bytree"": 0.9, ""learning_rate"": 0.1, ""max_depth"": 6, ""n_estimators"": 200, ""reg_lambda"": 1.0, ""scale_pos_weight"": 1.3542785150825352, ""subsample"": 0.9}",0.67,19999,30.672115500000018,15481,30.40683110000009,0.9926486210858954,0.9995317679736504
0.9844148563419761,0.9829100391316274,master,phiusiil,PhiUSIIL,448,108,0.005365926367565956,0.01548659999980373,4.3410231253829656e-07,0.9841128105738766,lr,20261010,20127,15548,35675,20260911,0.9966116622328227,0.992898474487112,0.9711860046308207,r09,0.9949132389951542,S3-domain,s3,lr_c1,"{""C"": 1.0, ""class_weight"": null}",0.95,20019,36.594492900000205,15100,36.41836969999986,0.9862206327426357,0.9932054064715271
0.991114225648213,0.9914153323590977,master,phiusiil,PhiUSIIL,97,220,0.010930590748745467,0.21730239999988044,6.091167484229304e-06,0.9909733984058162,rf,20261010,20127,15548,35675,20260911,0.9991529069198707,0.9859613298449365,0.993761255466941,r09,0.9992622627764685,S3-domain,s3,rf_depth24_leaf2,"{""class_weight"": null, ""max_depth"": 24, ""max_features"": ""sqrt"", ""min_samples_leaf"": 2, ""n_estimators"": 200}",0.79,19907,109.70583870000019,15451,109.3507609999997,0.989434158144183,0.9989417704179422
0.9946741415557113,0.9941825383857527,master,phiusiil,PhiUSIIL,150,40,0.0019873801361355394,0.040706699999645934,1.141042747011799e-06,0.9945805168704798,xgb,20261010,20127,15548,35675,20260911,0.9994580340850425,0.9974089908019174,0.9903524569076408,r09,0.9993814681966324,S3-domain,s3,xgb_d6_lr01_balanced,"{""colsample_bytree"": 0.9, ""learning_rate"": 0.1, ""max_depth"": 6, ""n_estimators"": 200, ""reg_lambda"": 1.0, ""scale_pos_weight"": 1.3542448103078024, ""subsample"": 0.9}",0.83,20087,22.318005000000085,15398,22.15567970000029,0.9927253978425579,0.9995635117161911
