dataset,scenario_key,repetition,model,candidate,candidate_index,params_json,status,fit_seconds,threshold,validation_n_samples,validation_n_benign,validation_n_phishing,validation_threshold,validation_accuracy,validation_balanced_accuracy,validation_precision,validation_recall,validation_macro_f1,validation_roc_auc,validation_pr_auc,validation_fpr,validation_tn,validation_fp,validation_fn,validation_tp
iscx_url2016_binary,s0,r00,lr,lr_c01,0,"{""C"": 0.1, ""class_weight"": null}",ok,1.63555260000021,0.42,6801,5306,1495,0.42,0.9823555359505955,0.9675531076701204,0.9777623349548298,0.9411371237458194,0.9739258052866092,0.9921014513764316,0.9864520172854117,0.0060309084055785,5274,32,88,1407
iscx_url2016_binary,s0,r00,lr,lr_c1,1,"{""C"": 1.0, ""class_weight"": null}",ok,1.5892460999998548,0.4,6801,5306,1495,0.4,0.9832377591530658,0.9710010879335188,0.9739190116678106,0.9491638795986622,0.9753389442345128,0.9924977970291724,0.986927918091754,0.0071617037316245,5268,38,76,1419
iscx_url2016_binary,s0,r00,lr,lr_c1_balanced,2,"{""C"": 1.0, ""class_weight"": ""balanced""}",ok,1.618795500000033,0.54,6801,5306,1495,0.54,0.9819144243493604,0.9737562196894536,0.9585561497326204,0.9591973244147156,0.9736424427367484,0.9933157011624376,0.987388504583926,0.0116848850358085,5244,62,61,1434
iscx_url2016_binary,s0,r00,rf,rf_depth16_leaf1,0,"{""class_weight"": null, ""max_depth"": 16, ""max_features"": ""sqrt"", ""min_samples_leaf"": 1, ""n_estimators"": 200}",ok,3.4265720000003057,0.29,6801,5306,1495,0.29,0.9967651815909424,0.995044292635207,0.9933020763563296,0.9919732441471572,0.9952822407020204,0.9999324296215428,0.9997643269652312,0.0018846588767433,5296,10,12,1483
iscx_url2016_binary,s0,r00,rf,rf_depth24_leaf2,1,"{""class_weight"": null, ""max_depth"": 24, ""max_features"": ""sqrt"", ""min_samples_leaf"": 2, ""n_estimators"": 200}",ok,3.069720800000141,0.44,6801,5306,1495,0.44,0.9967651815909424,0.9940834317684152,0.995959595959596,0.9892976588628762,0.9952731383136684,0.9998992747530088,0.9996567368535084,0.0011307953260459,5300,6,16,1479
iscx_url2016_binary,s0,r00,rf,rf_unlimited_leaf5_balanced,2,"{""class_weight"": ""balanced_subsample"", ""max_depth"": null, ""max_features"": ""sqrt"", ""min_samples_leaf"": 5, ""n_estimators"": 200}",ok,3.2928194999999505,0.39,6801,5306,1495,0.39,0.9964711071901192,0.9948558267475326,0.9919732441471572,0.9919732441471572,0.9948558267475326,0.9998630943451408,0.999535828836988,0.0022615906520919,5294,12,12,1483
iscx_url2016_binary,s0,r00,xgb,xgb_d4_lr005,0,"{""colsample_bytree"": 0.9, ""learning_rate"": 0.05, ""max_depth"": 4, ""n_estimators"": 300, ""reg_lambda"": 1.0, ""scale_pos_weight"": 1.0, ""subsample"": 0.9}",ok,2.0816978000002564,0.43,6801,5306,1495,0.43,0.9964711071901192,0.9934145354473448,0.9959541469993256,0.9879598662207358,0.9948409318941313,0.9992997137083406,0.9985437718250574,0.0011307953260459,5300,6,18,1477
iscx_url2016_binary,s0,r00,xgb,xgb_d6_lr005,1,"{""colsample_bytree"": 0.9, ""learning_rate"": 0.05, ""max_depth"": 6, ""n_estimators"": 250, ""reg_lambda"": 1.0, ""scale_pos_weight"": 1.0, ""subsample"": 0.9}",ok,1.99440149999964,0.22,6801,5306,1495,0.22,0.9969122187913542,0.994898310362346,0.9946308724832216,0.991304347826087,0.995493432122466,0.9994436789549788,0.9987000829222376,0.0015077271013946,5298,8,13,1482
iscx_url2016_binary,s0,r00,xgb,xgb_d6_lr01_balanced,2,"{""colsample_bytree"": 0.9, ""learning_rate"": 0.1, ""max_depth"": 6, ""n_estimators"": 200, ""reg_lambda"": 1.0, ""scale_pos_weight"": 3.5505376344086024, ""subsample"": 0.9}",ok,1.5556062000000566,0.24,6801,5306,1495,0.24,0.9972062931921776,0.9958074219001144,0.993975903614458,0.9933110367892976,0.9959265508756202,0.9993564425708512,0.9987051897535651,0.0016961929890689,5297,9,10,1485
iscx_url2016_binary,s0,r01,lr,lr_c01,0,"{""C"": 0.1, ""class_weight"": null}",ok,1.2958859000000302,0.56,6801,5306,1495,0.56,0.9825025731510072,0.9681277710473536,0.9771151178918168,0.94247491638796,0.974162235831984,0.9941280584735904,0.988612597915158,0.0062193742932529,5273,33,86,1409
iscx_url2016_binary,s0,r01,lr,lr_c1,1,"{""C"": 1.0, ""class_weight"": null}",ok,1.4450142999999116,0.67,6801,5306,1495,0.67,0.9838259079547126,0.9670541458083044,0.9887085391672548,0.937123745819398,0.9759676420399058,0.9949144465721268,0.9895956358125252,0.0030154542027892,5290,16,94,1401
iscx_url2016_binary,s0,r01,lr,lr_c1_balanced,2,"{""C"": 1.0, ""class_weight"": ""balanced""}",ok,1.2268945999999232,0.79,6801,5306,1495,0.79,0.982061461549772,0.9692863635160296,0.9711736444749484,0.9464882943143812,0.9736083438299172,0.9951000129846064,0.9883787228018216,0.0079155672823219,5264,42,80,1415
iscx_url2016_binary,s0,r01,rf,rf_depth16_leaf1,0,"{""class_weight"": null, ""max_depth"": 16, ""max_features"": ""sqrt"", ""min_samples_leaf"": 1, ""n_estimators"": 200}",ok,2.6803627999997843,0.31,6801,5306,1495,0.31,0.9982355535950596,0.9967072677236724,0.9979852249832102,0.993979933110368,0.9974241979702634,0.9999513392423798,0.9998328154563054,0.0005653976630229,5303,3,9,1486
iscx_url2016_binary,s0,r01,rf,rf_depth24_leaf2,1,"{""class_weight"": null, ""max_depth"": 24, ""max_features"": ""sqrt"", ""min_samples_leaf"": 2, ""n_estimators"": 200}",ok,2.948047399999723,0.32,6801,5306,1495,0.32,0.9982355535950596,0.9967072677236724,0.9979852249832102,0.993979933110368,0.9974241979702634,0.999945288163712,0.9998157622592152,0.0005653976630229,5303,3,9,1486
iscx_url2016_binary,s0,r01,rf,rf_unlimited_leaf5_balanced,2,"{""class_weight"": ""balanced_subsample"", ""max_depth"": null, ""max_features"": ""sqrt"", ""min_samples_leaf"": 5, ""n_estimators"": 200}",ok,4.583746599999813,0.5,6801,5306,1495,0.5,0.9973533303925892,0.9949407939771596,0.9973063973063973,0.9906354515050168,0.9961325677111832,0.9999412541112668,0.9997982580136718,0.0007538635506973,5302,4,14,1481
iscx_url2016_binary,s0,r01,xgb,xgb_d4_lr005,0,"{""colsample_bytree"": 0.9, ""learning_rate"": 0.05, ""max_depth"": 4, ""n_estimators"": 300, ""reg_lambda"": 1.0, ""scale_pos_weight"": 1.0, ""subsample"": 0.9}",ok,2.9028895999999804,0.21,6801,5306,1495,0.21,0.9982355535950596,0.9969474829403704,0.9973172367538564,0.9946488294314382,0.9974254382799208,0.9999312950442928,0.9997673289177512,0.0007538635506973,5302,4,8,1487
iscx_url2016_binary,s0,r01,xgb,xgb_d6_lr005,1,"{""colsample_bytree"": 0.9, ""learning_rate"": 0.05, ""max_depth"": 6, ""n_estimators"": 250, ""reg_lambda"": 1.0, ""scale_pos_weight"": 1.0, ""subsample"": 0.9}",ok,2.763508300000012,0.15,6801,5306,1495,0.15,0.9980885163946478,0.9968532499965332,0.9966487935656836,0.9946488294314382,0.9972115625553406,0.9999578945776032,0.9998559745053568,0.0009423294383716,5301,5,8,1487
iscx_url2016_binary,s0,r01,xgb,xgb_d6_lr01_balanced,2,"{""colsample_bytree"": 0.9, ""learning_rate"": 0.1, ""max_depth"": 6, ""n_estimators"": 200, ""reg_lambda"": 1.0, ""scale_pos_weight"": 3.5505376344086024, ""subsample"": 0.9}",ok,1.903588799999852,0.31,6801,5306,1495,0.31,0.9982355535950596,0.9962268372902764,0.9993265993265992,0.9926421404682274,0.9974217118074554,0.9999765520701622,0.9999192490604784,0.0001884658876743,5305,1,11,1484
iscx_url2016_binary,s0,r02,lr,lr_c01,0,"{""C"": 0.1, ""class_weight"": null}",ok,1.6940112999996018,0.54,6801,5306,1495,0.54,0.9864725775621233,0.974515503998124,0.9847961299239808,0.9531772575250836,0.9800491809760434,0.9942055879190216,0.989766917809892,0.0041462495288352,5284,22,70,1425
iscx_url2016_binary,s0,r02,lr,lr_c1,1,"{""C"": 1.0, ""class_weight"": null}",ok,2.216773700000431,0.68,6801,5306,1495,0.68,0.9867666519629468,0.9739833242357046,0.9881862404447532,0.9511705685618728,0.9804443539649568,0.9952075456950988,0.9913480347549986,0.0032039200904636,5289,17,73,1422
iscx_url2016_binary,s0,r02,lr,lr_c1_balanced,2,"{""C"": 1.0, ""class_weight"": ""balanced""}",ok,1.9237318999998931,0.59,6801,5306,1495,0.59,0.9858844287604764,0.9801439526402242,0.966022651565623,0.9698996655518396,0.9794528980371592,0.9955293874417428,0.9897491014410572,0.0096117602713908,5255,51,45,1450
iscx_url2016_binary,s0,r02,rf,rf_depth16_leaf1,0,"{""class_weight"": null, ""max_depth"": 16, ""max_features"": ""sqrt"", ""min_samples_leaf"": 1, ""n_estimators"": 200}",ok,3.956216900000072,0.42,6801,5306,1495,0.42,0.9983825907954712,0.9970417158842076,0.997986577181208,0.9946488294314382,0.9976394168260536,0.9999416323036836,0.9998098361203804,0.0005653976630229,5303,3,8,1487
iscx_url2016_binary,s0,r02,rf,rf_depth24_leaf2,1,"{""class_weight"": null, ""max_depth"": 24, ""max_features"": ""sqrt"", ""min_samples_leaf"": 2, ""n_estimators"": 200}",ok,3.649235900000349,0.34,6801,5306,1495,0.34,0.9980885163946478,0.9975738956466272,0.9946595460614152,0.9966555183946488,0.9972155786129556,0.9999373461229604,0.9997943533030438,0.0015077271013946,5298,8,5,1490
iscx_url2016_binary,s0,r02,rf,rf_unlimited_leaf5_balanced,2,"{""class_weight"": ""balanced_subsample"", ""max_depth"": null, ""max_features"": ""sqrt"", ""min_samples_leaf"": 5, ""n_estimators"": 200}",ok,3.7311698999997134,0.44,6801,5306,1495,0.44,0.9976474047934129,0.9970509815984177,0.9933288859239492,0.9959866220735786,0.996573841498986,0.9999186886304012,0.9997368509895668,0.0018846588767433,5296,10,6,1489
iscx_url2016_binary,s0,r02,xgb,xgb_d4_lr005,0,"{""colsample_bytree"": 0.9, ""learning_rate"": 0.05, ""max_depth"": 4, ""n_estimators"": 300, ""reg_lambda"": 1.0, ""scale_pos_weight"": 1.0, ""subsample"": 0.9}",ok,1.8772461999997176,0.34,6801,5306,1495,0.34,0.9980885163946478,0.9970934652132312,0.9959839357429718,0.9953177257525084,0.9972129032306876,0.999886038018423,0.9996523272114938,0.0011307953260459,5300,6,7,1488
iscx_url2016_binary,s0,r02,xgb,xgb_d6_lr005,1,"{""colsample_bytree"": 0.9, ""learning_rate"": 0.05, ""max_depth"": 6, ""n_estimators"": 250, ""reg_lambda"": 1.0, ""scale_pos_weight"": 1.0, ""subsample"": 0.9}",ok,2.4839842999999746,0.16,6801,5306,1495,0.16,0.9982355535950596,0.9976681285904644,0.9953239812959253,0.9966555183946488,0.9974291481651352,0.9999213359773184,0.999760703144191,0.0013192612137203,5299,7,5,1490
iscx_url2016_binary,s0,r02,xgb,xgb_d6_lr01_balanced,2,"{""colsample_bytree"": 0.9, ""learning_rate"": 0.1, ""max_depth"": 6, ""n_estimators"": 200, ""reg_lambda"": 1.0, ""scale_pos_weight"": 3.5505376344086024, ""subsample"": 0.9}",ok,2.052746599999864,0.24,6801,5306,1495,0.24,0.9986766651962946,0.9981910426386738,0.9966577540106952,0.9973244147157192,0.9980713982490304,0.999962558950743,0.999879504857578,0.0009423294383716,5301,5,4,1491
iscx_url2016_binary,s0,r03,lr,lr_c01,0,"{""C"": 0.1, ""class_weight"": null}",ok,1.7125839999998789,0.54,6801,5306,1495,0.54,0.9848551683575943,0.9717974350990296,0.981994459833795,0.948494983277592,0.9776472477657476,0.9937217537538748,0.9891788153936956,0.0049001130795326,5280,26,77,1418
iscx_url2016_binary,s0,r03,lr,lr_c1,1,"{""C"": 1.0, ""class_weight"": null}",ok,1.9997974000002612,0.5,6801,5306,1495,0.5,0.9850022055580062,0.9735731745597525,0.9780370624571036,0.9531772575250836,0.977934844841406,0.9942096219714668,0.9896240750952688,0.0060309084055785,5274,32,70,1425
iscx_url2016_binary,s0,r03,lr,lr_c1_balanced,2,"{""C"": 1.0, ""class_weight"": ""balanced""}",ok,1.8234655999999632,0.76,6801,5306,1495,0.76,0.9832377591530658,0.9724423792337064,0.9700476514635806,0.9531772575250836,0.97541108074103,0.9943229536323492,0.9879340154070138,0.0082924990576705,5262,44,70,1425
iscx_url2016_binary,s0,r03,rf,rf_depth16_leaf1,0,"{""class_weight"": null, ""max_depth"": 16, ""max_features"": ""sqrt"", ""min_samples_leaf"": 1, ""n_estimators"": 200}",ok,4.545663200000035,0.36,6801,5306,1495,0.36,0.9977944419938244,0.9959441384587652,0.9973118279569892,0.9926421404682274,0.9967794714039696,0.9999204535283462,0.9997421755570016,0.0007538635506973,5302,4,11,1484
iscx_url2016_binary,s0,r03,rf,rf_depth24_leaf2,1,"{""class_weight"": null, ""max_depth"": 24, ""max_features"": ""sqrt"", ""min_samples_leaf"": 2, ""n_estimators"": 200}",ok,3.890439900000274,0.43,6801,5306,1495,0.43,0.9976474047934129,0.995369475081532,0.997979797979798,0.991304347826087,0.9965622824099406,0.9999271349277086,0.9997562090794342,0.0005653976630229,5303,3,13,1482
iscx_url2016_binary,s0,r03,rf,rf_unlimited_leaf5_balanced,2,"{""class_weight"": ""balanced_subsample"", ""max_depth"": null, ""max_features"": ""sqrt"", ""min_samples_leaf"": 5, ""n_estimators"": 200}",ok,4.293314099999861,0.45,6801,5306,1495,0.45,0.997500367593001,0.9959958877877888,0.9953083109919572,0.9933110367892976,0.9963535818031378,0.9998489751615828,0.9995579567309564,0.0013192612137203,5299,7,10,1485
iscx_url2016_binary,s0,r03,xgb,xgb_d4_lr005,0,"{""colsample_bytree"": 0.9, ""learning_rate"": 0.05, ""max_depth"": 4, ""n_estimators"": 300, ""reg_lambda"": 1.0, ""scale_pos_weight"": 1.0, ""subsample"": 0.9}",ok,2.2245834000000286,0.27,6801,5306,1495,0.27,0.9980885163946478,0.9958923891297414,0.9993261455525606,0.9919732441471572,0.9972061798683224,0.9997467371449246,0.9993948862384696,0.0001884658876743,5305,1,12,1483
iscx_url2016_binary,s0,r03,xgb,xgb_d6_lr005,1,"{""colsample_bytree"": 0.9, ""learning_rate"": 0.05, ""max_depth"": 6, ""n_estimators"": 250, ""reg_lambda"": 1.0, ""scale_pos_weight"": 1.0, ""subsample"": 0.9}",ok,2.8039859000000438,0.5,6801,5306,1495,0.5,0.9980885163946478,0.9958923891297414,0.9993261455525606,0.9919732441471572,0.9972061798683224,0.999782287232098,0.9994569710741148,0.0001884658876743,5305,1,12,1483
iscx_url2016_binary,s0,r03,xgb,xgb_d6_lr01_balanced,2,"{""colsample_bytree"": 0.9, ""learning_rate"": 0.1, ""max_depth"": 6, ""n_estimators"": 200, ""reg_lambda"": 1.0, ""scale_pos_weight"": 3.5505376344086024, ""subsample"": 0.9}",ok,2.4744157999998606,0.42,6801,5306,1495,0.42,0.9982355535950596,0.9962268372902764,0.9993265993265992,0.9926421404682274,0.9974217118074554,0.9996818141133844,0.999426565488599,0.0001884658876743,5305,1,11,1484
iscx_url2016_binary,s0,r04,lr,lr_c01,0,"{""C"": 0.1, ""class_weight"": null}",ok,3.008853000000272,0.37,6801,5306,1495,0.37,0.984119982355536,0.9749294986303132,0.968897903989182,0.9585284280936456,0.9767617178512862,0.9932293472272824,0.9879156015112104,0.0086694308330192,5260,46,62,1433
iscx_url2016_binary,s0,r04,lr,lr_c1,1,"{""C"": 1.0, ""class_weight"": null}",ok,2.5229355999999825,0.33,6801,5306,1495,0.33,0.984561093956771,0.9768937039787102,0.9664429530201344,0.9632107023411371,0.9774671606123296,0.9941599527007352,0.9884209249102872,0.0094232943837165,5256,50,55,1440
iscx_url2016_binary,s0,r04,lr,lr_c1_balanced,2,"{""C"": 1.0, ""class_weight"": ""balanced""}",ok,1.634739499999796,0.66,6801,5306,1495,0.66,0.984119982355536,0.975409929063709,0.9676331759946056,0.959866220735786,0.9767841935235908,0.9949483578254944,0.9879046223236786,0.0090463626083678,5258,48,60,1435
iscx_url2016_binary,s0,r04,rf,rf_depth16_leaf1,0,"{""class_weight"": null, ""max_depth"": 16, ""max_features"": ""sqrt"", ""min_samples_leaf"": 1, ""n_estimators"": 200}",ok,3.739482599999974,0.27,6801,5306,1495,0.27,0.9977944419938244,0.996664784108859,0.995314591700134,0.9946488294314382,0.9967841191123318,0.999727449331671,0.9993945266374196,0.0013192612137203,5299,7,8,1487
iscx_url2016_binary,s0,r04,rf,rf_depth24_leaf2,1,"{""class_weight"": null, ""max_depth"": 24, ""max_features"": ""sqrt"", ""min_samples_leaf"": 2, ""n_estimators"": 200}",ok,2.86618529999987,0.44,6801,5306,1495,0.44,0.997941479194236,0.9957981561859042,0.9986531986531988,0.9919732441471572,0.996991997108698,0.9997309791275606,0.999380122449934,0.0003769317753486,5304,2,12,1483
iscx_url2016_binary,s0,r04,rf,rf_unlimited_leaf5_balanced,2,"{""class_weight"": ""balanced_subsample"", ""max_depth"": null, ""max_features"": ""sqrt"", ""min_samples_leaf"": 5, ""n_estimators"": 200}",ok,3.146819300000061,0.48,6801,5306,1495,0.48,0.9977944419938244,0.996184353675463,0.9966442953020134,0.9933110367892976,0.9967810229446186,0.9997583350457044,0.9993771827296376,0.0009423294383716,5301,5,10,1485
iscx_url2016_binary,s0,r04,xgb,xgb_d4_lr005,0,"{""colsample_bytree"": 0.9, ""learning_rate"": 0.05, ""max_depth"": 4, ""n_estimators"": 300, ""reg_lambda"": 1.0, ""scale_pos_weight"": 1.0, ""subsample"": 0.9}",ok,1.78535839999995,0.5,6801,5306,1495,0.5,0.997500367593001,0.994554596487601,0.9993243243243244,0.9892976588628762,0.9963430077027516,0.9998953667647026,0.9996784865552532,0.0001884658876743,5305,1,16,1479
iscx_url2016_binary,s0,r04,xgb,xgb_d6_lr005,1,"{""colsample_bytree"": 0.9, ""learning_rate"": 0.05, ""max_depth"": 6, ""n_estimators"": 250, ""reg_lambda"": 1.0, ""scale_pos_weight"": 1.0, ""subsample"": 0.9}",ok,1.8988110999998755,0.27,6801,5306,1495,0.27,0.998529627995883,0.9973761640447428,0.9979879275653925,0.9953177257525084,0.997854531899934,0.9998462017505269,0.9996274087813192,0.0005653976630229,5303,3,7,1488
iscx_url2016_binary,s0,r04,xgb,xgb_d6_lr01_balanced,2,"{""colsample_bytree"": 0.9, ""learning_rate"": 0.1, ""max_depth"": 6, ""n_estimators"": 200, ""reg_lambda"": 1.0, ""scale_pos_weight"": 3.5505376344086024, ""subsample"": 0.9}",ok,1.6948981999998978,0.35,6801,5306,1495,0.35,0.9983825907954712,0.9975221463176034,0.99665327978581,0.9959866220735786,0.9976416873490432,0.9998762050155878,0.9996610147263094,0.0009423294383716,5301,5,6,1489
iscx_url2016_binary,s0,r05,lr,lr_c01,0,"{""C"": 0.1, ""class_weight"": null}",ok,1.329769099999794,0.47,6801,5306,1495,0.47,0.9832377591530658,0.9724423792337064,0.9700476514635806,0.9531772575250836,0.97541108074103,0.9931295044292636,0.9871043732326976,0.0082924990576705,5262,44,70,1425
iscx_url2016_binary,s0,r05,lr,lr_c1,1,"{""C"": 1.0, ""class_weight"": null}",ok,1.5578240999998345,0.62,6801,5306,1495,0.62,0.9835318335538892,0.967586325570724,0.9852631578947368,0.9391304347826088,0.975579453850159,0.9934560105490472,0.9866076807889216,0.0039577836411609,5285,21,91,1404
iscx_url2016_binary,s0,r05,lr,lr_c1_balanced,2,"{""C"": 1.0, ""class_weight"": ""balanced""}",ok,1.594180900000083,0.89,6801,5306,1495,0.89,0.9827966475518306,0.9637521478177667,0.9914407988587732,0.9297658862876256,0.9743419604780476,0.9942918157900376,0.9872785691605284,0.0022615906520919,5294,12,105,1390
iscx_url2016_binary,s0,r05,rf,rf_depth16_leaf1,0,"{""class_weight"": null, ""max_depth"": 16, ""max_features"": ""sqrt"", ""min_samples_leaf"": 1, ""n_estimators"": 200}",ok,3.2946967000002587,0.25,6801,5306,1495,0.25,0.9973533303925892,0.9966223004940452,0.9926617745163442,0.9953177257525084,0.9961455716863592,0.9999503307292684,0.999828217319704,0.0020731247644176,5295,11,7,1488
iscx_url2016_binary,s0,r05,rf,rf_depth24_leaf2,1,"{""class_weight"": null, ""max_depth"": 24, ""max_features"": ""sqrt"", ""min_samples_leaf"": 2, ""n_estimators"": 200}",ok,2.8026873999997406,0.31,6801,5306,1495,0.31,0.997500367593001,0.9969567486545804,0.9926666666666668,0.9959866220735786,0.9963605789668932,0.9999558775513806,0.9998464438270442,0.0020731247644176,5295,11,6,1489
iscx_url2016_binary,s0,r05,rf,rf_unlimited_leaf5_balanced,2,"{""class_weight"": ""balanced_subsample"", ""max_depth"": null, ""max_features"": ""sqrt"", ""min_samples_leaf"": 5, ""n_estimators"": 200}",ok,3.083278099999916,0.46,6801,5306,1495,0.46,0.9972062931921776,0.9955672066834164,0.9946380697050938,0.9926421404682274,0.9959245914270364,0.9999291519539312,0.9997533948483944,0.0015077271013946,5298,8,11,1484
iscx_url2016_binary,s0,r05,xgb,xgb_d4_lr005,0,"{""colsample_bytree"": 0.9, ""learning_rate"": 0.05, ""max_depth"": 4, ""n_estimators"": 300, ""reg_lambda"": 1.0, ""scale_pos_weight"": 1.0, ""subsample"": 0.9}",ok,1.6945804000001772,0.19,6801,5306,1495,0.19,0.997941479194236,0.997239447486092,0.9946559786239144,0.9959866220735786,0.9970006728593246,0.999933690262932,0.9997758780072792,0.0015077271013946,5298,8,6,1489
iscx_url2016_binary,s0,r05,xgb,xgb_d6_lr005,1,"{""colsample_bytree"": 0.9, ""learning_rate"": 0.05, ""max_depth"": 6, ""n_estimators"": 250, ""reg_lambda"": 1.0, ""scale_pos_weight"": 1.0, ""subsample"": 0.9}",ok,1.8443975999998656,0.13,6801,5306,1495,0.13,0.997941479194236,0.99747966270279,0.9939959973315544,0.9966555183946488,0.9970021113116126,0.9999557514872416,0.9998483698007068,0.0016961929890689,5297,9,5,1490
iscx_url2016_binary,s0,r05,xgb,xgb_d6_lr01_balanced,2,"{""colsample_bytree"": 0.9, ""learning_rate"": 0.1, ""max_depth"": 6, ""n_estimators"": 200, ""reg_lambda"": 1.0, ""scale_pos_weight"": 3.5505376344086024, ""subsample"": 0.9}",ok,1.7907138000000486,0.2,6801,5306,1495,0.2,0.998529627995883,0.9980968096948366,0.995991983967936,0.9973244147157192,0.997857623470946,0.9999791994170794,0.9999265915373584,0.0011307953260459,5300,6,4,1491
iscx_url2016_binary,s0,r06,lr,lr_c01,0,"{""C"": 0.1, ""class_weight"": null}",ok,1.3282970000000205,0.52,6801,5306,1495,0.52,0.985149242758418,0.972226116203402,0.9826869806094184,0.9491638795986622,0.9780812817897137,0.9924838039097532,0.9872556246890352,0.0047116471918582,5281,25,76,1419
iscx_url2016_binary,s0,r06,lr,lr_c1,1,"{""C"": 1.0, ""class_weight"": null}",ok,1.4960344999999506,0.45,6801,5306,1495,0.45,0.9852962799588296,0.9747225013142188,0.97676008202324,0.9558528428093646,0.9783992048010746,0.9932686792386228,0.98892752537392,0.0064078401809272,5272,34,66,1429
iscx_url2016_binary,s0,r06,lr,lr_c1_balanced,2,"{""C"": 1.0, ""class_weight"": ""balanced""}",ok,1.356481199999962,0.57,6801,5306,1495,0.57,0.9836788707543008,0.9760880910989892,0.963186077643909,0.9625418060200668,0.976202481431255,0.9942618125249764,0.9895126424202172,0.0103656238220882,5251,55,56,1439
iscx_url2016_binary,s0,r06,rf,rf_depth16_leaf1,0,"{""class_weight"": null, ""max_depth"": 16, ""max_features"": ""sqrt"", ""min_samples_leaf"": 1, ""n_estimators"": 200}",ok,2.776541299999735,0.33,6801,5306,1495,0.33,0.9982355535950596,0.9974279133737662,0.9959866220735786,0.9959866220735786,0.9974279133737662,0.9999655844900768,0.9998823199588625,0.0011307953260459,5300,6,6,1489
iscx_url2016_binary,s0,r06,rf,rf_depth24_leaf2,1,"{""class_weight"": null, ""max_depth"": 24, ""max_features"": ""sqrt"", ""min_samples_leaf"": 2, ""n_estimators"": 200}",ok,2.636383399999886,0.52,6801,5306,1495,0.52,0.9980885163946478,0.9956521739130436,1.0,0.991304347826087,0.9972048291805804,0.9999597855396868,0.9998643816232538,0.0,5306,0,13,1482
iscx_url2016_binary,s0,r06,rf,rf_unlimited_leaf5_balanced,2,"{""class_weight"": ""balanced_subsample"", ""max_depth"": null, ""max_features"": ""sqrt"", ""min_samples_leaf"": 5, ""n_estimators"": 200}",ok,2.8189753000001474,0.47,6801,5306,1495,0.47,0.9976474047934129,0.9960901207316258,0.9959758551307848,0.9933110367892976,0.9965672510398942,0.9999305386594592,0.9997688362796114,0.0011307953260459,5300,6,10,1485
iscx_url2016_binary,s0,r06,xgb,xgb_d4_lr005,0,"{""colsample_bytree"": 0.9, ""learning_rate"": 0.05, ""max_depth"": 4, ""n_estimators"": 300, ""reg_lambda"": 1.0, ""scale_pos_weight"": 1.0, ""subsample"": 0.9}",ok,1.5716898000000583,0.34,6801,5306,1495,0.34,0.9977944419938244,0.996184353675463,0.9966442953020134,0.9933110367892976,0.9967810229446186,0.9999369679305437,0.9997865047437108,0.0009423294383716,5301,5,10,1485
iscx_url2016_binary,s0,r06,xgb,xgb_d6_lr005,1,"{""colsample_bytree"": 0.9, ""learning_rate"": 0.05, ""max_depth"": 6, ""n_estimators"": 250, ""reg_lambda"": 1.0, ""scale_pos_weight"": 1.0, ""subsample"": 0.9}",ok,1.6627451999997902,0.17,6801,5306,1495,0.17,0.9982355535950596,0.9971876981570684,0.9966510381781648,0.9953177257525084,0.9974266767465566,0.9999427668809338,0.9998099041212616,0.0009423294383716,5301,5,7,1488
iscx_url2016_binary,s0,r06,xgb,xgb_d6_lr01_balanced,2,"{""colsample_bytree"": 0.9, ""learning_rate"": 0.1, ""max_depth"": 6, ""n_estimators"": 200, ""reg_lambda"": 1.0, ""scale_pos_weight"": 3.5505376344086024, ""subsample"": 0.9}",ok,1.453327900000204,0.3,6801,5306,1495,0.3,0.9982355535950596,0.9971876981570684,0.9966510381781648,0.9953177257525084,0.9974266767465566,0.9999691142859664,0.9998948718741928,0.0009423294383716,5301,5,7,1488
iscx_url2016_binary,s0,r07,lr,lr_c01,0,"{""C"": 0.1, ""class_weight"": null}",ok,1.2000259999999798,0.49,6801,5306,1495,0.49,0.9829436847522424,0.9672093937953752,0.9825052484254724,0.9391304347826088,0.974732429898568,0.9942668550905328,0.987659773731133,0.0047116471918582,5281,25,91,1404
iscx_url2016_binary,s0,r07,lr,lr_c1,1,"{""C"": 1.0, ""class_weight"": null}",ok,1.3485665000002882,0.5,6801,5306,1495,0.5,0.9836788707543008,0.9691218498147488,0.9818941504178272,0.94314381270903,0.9758634710227272,0.9947016503056424,0.9884441599685928,0.0049001130795326,5280,26,85,1410
iscx_url2016_binary,s0,r07,lr,lr_c1_balanced,2,"{""C"": 1.0, ""class_weight"": ""balanced""}",ok,1.284153200000219,0.56,6801,5306,1495,0.56,0.9808851639464784,0.9723759434324996,0.9559118236472944,0.9571906354515052,0.9721491051222992,0.9952596732165392,0.9861633501586804,0.0124387485865058,5240,66,64,1431
iscx_url2016_binary,s0,r07,rf,rf_depth16_leaf1,0,"{""class_weight"": null, ""max_depth"": 16, ""max_features"": ""sqrt"", ""min_samples_leaf"": 1, ""n_estimators"": 200}",ok,2.5934941999998955,0.22,6801,5306,1495,0.22,0.9982355535950596,0.9969474829403704,0.9973172367538564,0.9946488294314382,0.9974254382799208,0.9999203274642072,0.9997391201004564,0.0007538635506973,5302,4,8,1487
iscx_url2016_binary,s0,r07,rf,rf_depth24_leaf2,1,"{""class_weight"": null, ""max_depth"": 24, ""max_features"": ""sqrt"", ""min_samples_leaf"": 2, ""n_estimators"": 200}",ok,2.335544199999731,0.26,6801,5306,1495,0.26,0.9980885163946478,0.9968532499965332,0.9966487935656836,0.9946488294314382,0.9972115625553406,0.9999043173185652,0.9996957582681708,0.0009423294383716,5301,5,8,1487
iscx_url2016_binary,s0,r07,rf,rf_unlimited_leaf5_balanced,2,"{""class_weight"": ""balanced_subsample"", ""max_depth"": null, ""max_features"": ""sqrt"", ""min_samples_leaf"": 5, ""n_estimators"": 200}",ok,2.574355100000048,0.49,6801,5306,1495,0.49,0.997500367593001,0.9952752421376948,0.9973082099596232,0.991304347826087,0.9963483065598177,0.9998953667647026,0.9996647835282344,0.0007538635506973,5302,4,13,1482
iscx_url2016_binary,s0,r07,xgb,xgb_d4_lr005,0,"{""colsample_bytree"": 0.9, ""learning_rate"": 0.05, ""max_depth"": 4, ""n_estimators"": 300, ""reg_lambda"": 1.0, ""scale_pos_weight"": 1.0, ""subsample"": 0.9}",ok,1.5640684999998484,0.35,6801,5306,1495,0.35,0.997941479194236,0.9960383714026022,0.9979825151311366,0.9926421404682274,0.9969934484496432,0.9998533874064448,0.9995675347934244,0.0005653976630229,5303,3,11,1484
iscx_url2016_binary,s0,r07,xgb,xgb_d6_lr005,1,"{""colsample_bytree"": 0.9, ""learning_rate"": 0.05, ""max_depth"": 6, ""n_estimators"": 250, ""reg_lambda"": 1.0, ""scale_pos_weight"": 1.0, ""subsample"": 0.9}",ok,1.6411942999998246,0.26,6801,5306,1495,0.26,0.9980885163946478,0.9966130347798352,0.9973154362416108,0.993979933110368,0.997210219885336,0.9999089816917052,0.9997159057275468,0.0007538635506973,5302,4,9,1486
iscx_url2016_binary,s0,r07,xgb,xgb_d6_lr01_balanced,2,"{""colsample_bytree"": 0.9, ""learning_rate"": 0.1, ""max_depth"": 6, ""n_estimators"": 200, ""reg_lambda"": 1.0, ""scale_pos_weight"": 3.5505376344086024, ""subsample"": 0.9}",ok,1.4124454000002515,0.35,6801,5306,1495,0.35,0.9983825907954712,0.9970417158842076,0.997986577181208,0.9946488294314382,0.9976394168260536,0.9999190668228182,0.9997407633862192,0.0005653976630229,5303,3,8,1487
iscx_url2016_binary,s0,r08,lr,lr_c01,0,"{""C"": 0.1, ""class_weight"": null}",ok,1.1216821999996682,0.59,6801,5306,1495,0.59,0.9825025731510072,0.9645245427968844,0.9872521246458924,0.9324414715719064,0.9739688163841111,0.9926764299140116,0.986200209106498,0.0033923859781379,5288,18,101,1394
iscx_url2016_binary,s0,r08,lr,lr_c1,1,"{""C"": 1.0, ""class_weight"": null}",ok,1.2360725000003183,0.64,6801,5306,1495,0.64,0.9832377591530658,0.96499570751607,0.9907604832977968,0.9324414715719064,0.9750312707317544,0.9931926625628588,0.9871276119511982,0.0024500565397663,5293,13,101,1394
iscx_url2016_binary,s0,r08,lr,lr_c1_balanced,2,"{""C"": 1.0, ""class_weight"": ""balanced""}",ok,1.217333399999916,0.78,6801,5306,1495,0.78,0.9822084987501838,0.9679393051596792,0.9757617728531855,0.94247491638796,0.9737409415500528,0.9938192013332544,0.9873597697681996,0.0065963060686015,5271,35,86,1409
iscx_url2016_binary,s0,r08,rf,rf_depth16_leaf1,0,"{""class_weight"": null, ""max_depth"": 16, ""max_features"": ""sqrt"", ""min_samples_leaf"": 1, ""n_estimators"": 200}",ok,2.5979552999997395,0.27,6801,5306,1495,0.27,0.9986766651962946,0.9981910426386738,0.9966577540106952,0.9973244147157192,0.9980713982490304,0.999868767231392,0.9996620559089686,0.0009423294383716,5301,5,4,1491
iscx_url2016_binary,s0,r08,rf,rf_depth24_leaf2,1,"{""class_weight"": null, ""max_depth"": 24, ""max_features"": ""sqrt"", ""min_samples_leaf"": 2, ""n_estimators"": 200}",ok,2.376150399999915,0.28,6801,5306,1495,0.28,0.9982355535950596,0.9979083438071622,0.9946631087391594,0.9973244147157192,0.9974303811242394,0.9998852816335896,0.9996857987927305,0.0015077271013946,5298,8,4,1491
iscx_url2016_binary,s0,r08,rf,rf_unlimited_leaf5_balanced,2,"{""class_weight"": ""balanced_subsample"", ""max_depth"": null, ""max_features"": ""sqrt"", ""min_samples_leaf"": 5, ""n_estimators"": 200}",ok,2.7174348000003192,0.4,6801,5306,1495,0.4,0.9980885163946478,0.9973336804299292,0.9953208556149732,0.9959866220735786,0.997214241915266,0.9998678847824196,0.9996345289958392,0.0013192612137203,5299,7,6,1489
iscx_url2016_binary,s0,r08,xgb,xgb_d4_lr005,0,"{""colsample_bytree"": 0.9, ""learning_rate"": 0.05, ""max_depth"": 4, ""n_estimators"": 300, ""reg_lambda"": 1.0, ""scale_pos_weight"": 1.0, ""subsample"": 0.9}",ok,1.481037600000036,0.17,6801,5306,1495,0.17,0.9980885163946478,0.997814110863325,0.994,0.9973244147157192,0.9972169133276242,0.9998438065318872,0.9995837477357356,0.0016961929890689,5297,9,4,1491
iscx_url2016_binary,s0,r08,xgb,xgb_d6_lr005,1,"{""colsample_bytree"": 0.9, ""learning_rate"": 0.05, ""max_depth"": 6, ""n_estimators"": 250, ""reg_lambda"": 1.0, ""scale_pos_weight"": 1.0, ""subsample"": 0.9}",ok,1.5934274000001096,0.34,6801,5306,1495,0.34,0.9983825907954712,0.9977623615343014,0.9959893048128342,0.9966555183946488,0.9976428200821484,0.999788338310766,0.999561716581903,0.0011307953260459,5300,6,5,1490
iscx_url2016_binary,s0,r08,xgb,xgb_d6_lr01_balanced,2,"{""colsample_bytree"": 0.9, ""learning_rate"": 0.1, ""max_depth"": 6, ""n_estimators"": 200, ""reg_lambda"": 1.0, ""scale_pos_weight"": 3.5505376344086024, ""subsample"": 0.9}",ok,1.4077703000002657,0.28,6801,5306,1495,0.28,0.9986766651962946,0.9984312578553716,0.9959946595460614,0.9979933110367892,0.998072323655123,0.9998266618089952,0.9996069644255158,0.0011307953260459,5300,6,3,1492
iscx_url2016_binary,s0,r09,lr,lr_c01,0,"{""C"": 0.1, ""class_weight"": null}",ok,1.1171180000001186,0.4,6801,5306,1495,0.4,0.9810322011468902,0.9688669481258674,0.965893587994543,0.9471571906354516,0.9721553582532894,0.992225876681538,0.9858571528792712,0.0094232943837165,5256,50,79,1416
iscx_url2016_binary,s0,r09,lr,lr_c1,1,"{""C"": 1.0, ""class_weight"": null}",ok,1.2483426999997391,0.32,6801,5306,1495,0.32,0.9808851639464784,0.9721357282158016,0.9565217391304348,0.9565217391304348,0.9721357282158016,0.993300447401629,0.9871693643982392,0.0122502826988315,5241,65,65,1430
iscx_url2016_binary,s0,r09,lr,lr_c1_balanced,2,"{""C"": 1.0, ""class_weight"": ""balanced""}",ok,1.1739708999998584,0.66,6801,5306,1495,0.66,0.98014997794442,0.970223272196428,0.956989247311828,0.9525083612040134,0.971015242635726,0.9940156092616804,0.9880196002621796,0.0120618168111571,5242,64,71,1424
iscx_url2016_binary,s0,r09,rf,rf_depth16_leaf1,0,"{""class_weight"": null, ""max_depth"": 16, ""max_features"": ""sqrt"", ""min_samples_leaf"": 1, ""n_estimators"": 200}",ok,2.5362921000000824,0.35,6801,5306,1495,0.35,0.998970739597118,0.998379508526348,0.997991967871486,0.9973244147157192,0.9984992555857548,0.9997502669408144,0.9995915277842872,0.0005653976630229,5303,3,4,1491
iscx_url2016_binary,s0,r09,rf,rf_depth24_leaf2,1,"{""class_weight"": null, ""max_depth"": 24, ""max_features"": ""sqrt"", ""min_samples_leaf"": 2, ""n_estimators"": 200}",ok,2.4287028999997347,0.34,6801,5306,1495,0.34,0.9992648139979414,0.9990484048474182,0.9979946524064172,0.9986622073578596,0.9989285545827946,0.999907721050316,0.9997630410193004,0.0005653976630229,5303,3,2,1493
iscx_url2016_binary,s0,r09,rf,rf_unlimited_leaf5_balanced,2,"{""class_weight"": ""balanced_subsample"", ""max_depth"": null, ""max_features"": ""sqrt"", ""min_samples_leaf"": 5, ""n_estimators"": 200}",ok,3.0185284000003776,0.46,6801,5306,1495,0.46,0.9992648139979414,0.9990484048474182,0.9979946524064172,0.9986622073578596,0.9989285545827946,0.9998446889808597,0.999644844771742,0.0005653976630229,5303,3,2,1493
iscx_url2016_binary,s0,r09,xgb,xgb_d4_lr005,0,"{""colsample_bytree"": 0.9, ""learning_rate"": 0.05, ""max_depth"": 4, ""n_estimators"": 300, ""reg_lambda"": 1.0, ""scale_pos_weight"": 1.0, ""subsample"": 0.9}",ok,1.859427500000038,0.2,6801,5306,1495,0.2,0.9991177767975298,0.998954171903581,0.9973279893119572,0.9986622073578596,0.9987145740825676,0.9997875819259324,0.9995212538677192,0.0007538635506973,5302,4,2,1493
iscx_url2016_binary,s0,r09,xgb,xgb_d6_lr005,1,"{""colsample_bytree"": 0.9, ""learning_rate"": 0.05, ""max_depth"": 6, ""n_estimators"": 250, ""reg_lambda"": 1.0, ""scale_pos_weight"": 1.0, ""subsample"": 0.9}",ok,1.7551756999996542,0.27,6801,5306,1495,0.27,0.9995588883987648,0.9992368707350926,0.999330655957162,0.9986622073578596,0.9993568238224664,0.9997643861243724,0.999506443673038,0.0001884658876743,5305,1,2,1493
iscx_url2016_binary,s0,r09,xgb,xgb_d6_lr01_balanced,2,"{""colsample_bytree"": 0.9, ""learning_rate"": 0.1, ""max_depth"": 6, ""n_estimators"": 200, ""reg_lambda"": 1.0, ""scale_pos_weight"": 3.5505376344086024, ""subsample"": 0.9}",ok,2.1258363000001737,0.33,6801,5306,1495,0.33,0.9991177767975298,0.9987139566868832,0.9979933110367892,0.9979933110367892,0.9987139566868832,0.9998624640244465,0.9996433904127596,0.0005653976630229,5303,3,3,1492
iscx_url2016_binary,s1,r00,lr,lr_c01,0,"{""C"": 0.1, ""class_weight"": null}",ok,1.686889600000086,0.5,6802,5307,1495,0.5,0.9847103793002058,0.9709829826574732,0.9833217512161224,0.9464882943143812,0.9774032782444648,0.9923310727990357,0.9854302359362908,0.0045223289994347,5283,24,80,1415
iscx_url2016_binary,s1,r00,lr,lr_c1,1,"{""C"": 1.0, ""class_weight"": null}",ok,2.129589399999986,0.48,6802,5307,1495,0.48,0.9863275507203764,0.9751423783694532,0.9821182943603852,0.9551839464882944,0.979867794744347,0.9932011295739268,0.9868951189857276,0.0048991897493876,5281,26,67,1428
iscx_url2016_binary,s1,r00,lr,lr_c1_balanced,2,"{""C"": 1.0, ""class_weight"": ""balanced""}",ok,1.4344751999997245,0.68,6802,5307,1495,0.68,0.9850044104675096,0.9762163054664346,0.9709263015551048,0.9605351170568562,0.978053636375714,0.9936455479700252,0.9871637537964716,0.0081025061239871,5264,43,59,1436
iscx_url2016_binary,s1,r00,rf,rf_depth16_leaf1,0,"{""class_weight"": null, ""max_depth"": 16, ""max_features"": ""sqrt"", ""min_samples_leaf"": 1, ""n_estimators"": 200}",ok,3.976459099999829,0.31,6802,5307,1495,0.31,0.9985298441634812,0.9973762173137894,0.9979879275653925,0.9953177257525084,0.9978546206147936,0.999972271115388,0.9999047013712608,0.0005652911249293,5304,3,7,1488
iscx_url2016_binary,s1,r00,rf,rf_depth24_leaf2,1,"{""class_weight"": null, ""max_depth"": 24, ""max_features"": ""sqrt"", ""min_samples_leaf"": 2, ""n_estimators"": 200}",ok,3.708882500000073,0.25,6802,5307,1495,0.25,0.9986768597471332,0.9981911314204184,0.9966577540106952,0.9973244147157192,0.9980714781676604,0.9999631962076968,0.9998752810093724,0.0009421518748822,5302,5,4,1491
iscx_url2016_binary,s1,r00,rf,rf_unlimited_leaf5_balanced,2,"{""class_weight"": ""balanced_subsample"", ""max_depth"": null, ""max_features"": ""sqrt"", ""min_samples_leaf"": 5, ""n_estimators"": 200}",ok,6.151186199999756,0.39,6802,5307,1495,0.39,0.9979417818288738,0.9965188906177428,0.9966465459423206,0.993979933110368,0.9969964688607108,0.9999480713615448,0.9998245264400972,0.0009421518748822,5302,5,9,1486
iscx_url2016_binary,s1,r00,xgb,xgb_d4_lr005,0,"{""colsample_bytree"": 0.9, ""learning_rate"": 0.05, ""max_depth"": 4, ""n_estimators"": 300, ""reg_lambda"": 1.0, ""scale_pos_weight"": 1.0, ""subsample"": 0.9}",ok,3.233979900000122,0.2,6802,5307,1495,0.2,0.9982358129961776,0.9967073209927192,0.9979852249832102,0.993979933110368,0.9974243043879978,0.9999243757692402,0.9997461346599474,0.0005652911249293,5304,3,9,1486
iscx_url2016_binary,s1,r00,xgb,xgb_d6_lr005,1,"{""colsample_bytree"": 0.9, ""learning_rate"": 0.05, ""max_depth"": 6, ""n_estimators"": 250, ""reg_lambda"": 1.0, ""scale_pos_weight"": 1.0, ""subsample"": 0.9}",ok,1.9100988999998665,0.14,6802,5307,1495,0.14,0.9983828285798294,0.9972820021263012,0.9973190348525468,0.9953177257525084,0.9976406505361732,0.9999720190346189,0.9999031814115956,0.0007537214999057,5303,4,7,1488
iscx_url2016_binary,s1,r00,xgb,xgb_d6_lr01_balanced,2,"{""colsample_bytree"": 0.9, ""learning_rate"": 0.1, ""max_depth"": 6, ""n_estimators"": 200, ""reg_lambda"": 1.0, ""scale_pos_weight"": 3.550394265232975, ""subsample"": 0.9}",ok,1.677058400000078,0.19,6802,5307,1495,0.19,0.9988238753307852,0.9982853466079068,0.9973244147157192,0.9973244147157192,0.9982853466079068,0.9999809679019256,0.9999340285082028,0.0007537214999057,5303,4,4,1491
iscx_url2016_binary,s1,r01,lr,lr_c01,0,"{""C"": 0.1, ""class_weight"": null}",ok,1.3569604999997864,0.62,6802,5307,1495,0.62,0.984416348132902,0.9676715236328872,0.9908127208480564,0.9377926421404682,0.9768308914591926,0.992651089335534,0.9863364084718508,0.0024495948746938,5294,13,93,1402
iscx_url2016_binary,s1,r01,lr,lr_c1,1,"{""C"": 1.0, ""class_weight"": null}",ok,1.4915458999998918,0.66,6802,5307,1495,0.66,0.9854454572184652,0.9697724277835862,0.991549295774648,0.9418060200668896,0.9783879389321062,0.9932986848316068,0.9876167460892386,0.0022611644997173,5295,12,87,1408
iscx_url2016_binary,s1,r01,lr,lr_c1_balanced,2,"{""C"": 1.0, ""class_weight"": ""balanced""}",ok,1.464634500000102,0.8,6802,5307,1495,0.8,0.9841223169655984,0.9720475197458018,0.9766323024054984,0.9505016722408028,0.9766263963880836,0.993907207808454,0.9879358517276482,0.0064066327491991,5273,34,74,1421
iscx_url2016_binary,s1,r01,rf,rf_depth16_leaf1,0,"{""class_weight"": null, ""max_depth"": 16, ""max_features"": ""sqrt"", ""min_samples_leaf"": 1, ""n_estimators"": 200}",ok,3.0062738000001445,0.24,6802,5307,1495,0.24,0.99764775066157,0.997291392134954,0.9926715522984676,0.9966555183946488,0.9965756252177362,0.999940761019238,0.9997984628690938,0.0020727341247409,5296,11,5,1490
iscx_url2016_binary,s1,r01,rf,rf_depth24_leaf2,1,"{""class_weight"": null, ""max_depth"": 24, ""max_features"": ""sqrt"", ""min_samples_leaf"": 2, ""n_estimators"": 200}",ok,2.804862100000264,0.41,6802,5307,1495,0.41,0.9975007350779184,0.9955155461361376,0.9966397849462364,0.9919732441471572,0.9963502183212324,0.9999408870596228,0.9998033342231226,0.0009421518748822,5302,5,12,1483
iscx_url2016_binary,s1,r01,rf,rf_unlimited_leaf5_balanced,2,"{""class_weight"": ""balanced_subsample"", ""max_depth"": null, ""max_features"": ""sqrt"", ""min_samples_leaf"": 5, ""n_estimators"": 200}",ok,3.0696900000002643,0.47,6802,5307,1495,0.47,0.9973537194942664,0.99614202986779,0.993979933110368,0.993979933110368,0.99614202986779,0.9999281569807784,0.9997586320506836,0.001695873374788,5298,9,9,1486
iscx_url2016_binary,s1,r01,xgb,xgb_d4_lr005,0,"{""colsample_bytree"": 0.9, ""learning_rate"": 0.05, ""max_depth"": 4, ""n_estimators"": 300, ""reg_lambda"": 1.0, ""scale_pos_weight"": 1.0, ""subsample"": 0.9}",ok,1.740141300000232,0.16,6802,5307,1495,0.16,0.997794766245222,0.9973856073224422,0.9933333333333332,0.9966555183946488,0.9967888794454453,0.999940761019238,0.999800763333976,0.0018843037497644,5297,10,5,1490
iscx_url2016_binary,s1,r01,xgb,xgb_d6_lr005,1,"{""colsample_bytree"": 0.9, ""learning_rate"": 0.05, ""max_depth"": 6, ""n_estimators"": 250, ""reg_lambda"": 1.0, ""scale_pos_weight"": 1.0, ""subsample"": 0.9}",ok,2.0298565999996754,0.14,6802,5307,1495,0.14,0.9980887974125258,0.9978142706704656,0.994,0.9973244147157192,0.9972170288527192,0.999947063038468,0.9998194123538608,0.001695873374788,5298,9,4,1491
iscx_url2016_binary,s1,r01,xgb,xgb_d6_lr01_balanced,2,"{""colsample_bytree"": 0.9, ""learning_rate"": 0.1, ""max_depth"": 6, ""n_estimators"": 200, ""reg_lambda"": 1.0, ""scale_pos_weight"": 3.550394265232975, ""subsample"": 0.9}",ok,1.5823591000003034,0.36,6802,5307,1495,0.36,0.9979417818288738,0.9969993565638366,0.9953177257525084,0.9953177257525084,0.9969993565638366,0.9999702544692344,0.9998960932400502,0.0013190126248351,5300,7,7,1488
iscx_url2016_binary,s1,r02,lr,lr_c01,0,"{""C"": 0.1, ""class_weight"": null}",ok,1.4779805000002852,0.37,6802,5307,1495,0.37,0.981182005292561,0.9684815851847092,0.9678302532511978,0.945819397993311,0.9723386020258048,0.992342290393265,0.9862775084963552,0.0088562276238929,5260,47,81,1414
iscx_url2016_binary,s1,r02,lr,lr_c1,1,"{""C"": 1.0, ""class_weight"": null}",ok,1.565375000000131,0.52,6802,5307,1495,0.52,0.9829461922963836,0.9674500706771456,0.9818308874912648,0.939799331103679,0.9747459882316596,0.9928445613258944,0.9870203129321355,0.0048991897493876,5281,26,90,1405
iscx_url2016_binary,s1,r02,lr,lr_c1_balanced,2,"{""C"": 1.0, ""class_weight"": ""balanced""}",ok,1.3600937000001068,0.83,6802,5307,1495,0.83,0.981182005292561,0.9641573916698648,0.9796491228070175,0.9337792642140468,0.9720919259627764,0.993783814271931,0.9867234922189112,0.0054644808743169,5278,29,99,1396
iscx_url2016_binary,s1,r02,rf,rf_depth16_leaf1,0,"{""class_weight"": null, ""max_depth"": 16, ""max_features"": ""sqrt"", ""min_samples_leaf"": 1, ""n_estimators"": 200}",ok,3.0407541999998102,0.25,6802,5307,1495,0.25,0.9970596883269628,0.994992667600626,0.9952988582941572,0.991304347826087,0.9957071739799964,0.999944290150007,0.999807389948384,0.0013190126248351,5300,7,13,1482
iscx_url2016_binary,s1,r02,rf,rf_depth24_leaf2,1,"{""class_weight"": null, ""max_depth"": 24, ""max_features"": ""sqrt"", ""min_samples_leaf"": 2, ""n_estimators"": 200}",ok,2.9560231000000385,0.23,6802,5307,1495,0.23,0.9970596883269628,0.9964340654389072,0.9913391072618256,0.9953177257525084,0.9957195315221704,0.999938996453854,0.9997894326635294,0.0024495948746938,5294,13,7,1488
iscx_url2016_binary,s1,r02,rf,rf_unlimited_leaf5_balanced,2,"{""class_weight"": ""balanced_subsample"", ""max_depth"": null, ""max_features"": ""sqrt"", ""min_samples_leaf"": 5, ""n_estimators"": 200}",ok,3.137583899999754,0.41,6802,5307,1495,0.41,0.9972067039106144,0.9960478146803018,0.9933155080213903,0.993979933110368,0.9959286761317276,0.9999013103788584,0.9996664360516848,0.0018843037497644,5297,10,9,1486
iscx_url2016_binary,s1,r02,xgb,xgb_d4_lr005,0,"{""colsample_bytree"": 0.9, ""learning_rate"": 0.05, ""max_depth"": 4, ""n_estimators"": 300, ""reg_lambda"": 1.0, ""scale_pos_weight"": 1.0, ""subsample"": 0.9}",ok,2.0750370999999177,0.17,6802,5307,1495,0.17,0.9973537194942664,0.995661563921696,0.9953051643192488,0.9926421404682274,0.996138317106628,0.9999313079903932,0.9997691953656056,0.0013190126248351,5300,7,11,1484
iscx_url2016_binary,s1,r02,xgb,xgb_d6_lr005,1,"{""colsample_bytree"": 0.9, ""learning_rate"": 0.05, ""max_depth"": 6, ""n_estimators"": 250, ""reg_lambda"": 1.0, ""scale_pos_weight"": 1.0, ""subsample"": 0.9}",ok,2.043460200000027,0.17,6802,5307,1495,0.17,0.9982358129961776,0.997187786938813,0.9966510381781648,0.9953177257525084,0.9974267832445078,0.9999660951365428,0.999882580559848,0.0009421518748822,5302,5,7,1488
iscx_url2016_binary,s1,r02,xgb,xgb_d6_lr01_balanced,2,"{""colsample_bytree"": 0.9, ""learning_rate"": 0.1, ""max_depth"": 6, ""n_estimators"": 200, ""reg_lambda"": 1.0, ""scale_pos_weight"": 3.550394265232975, ""subsample"": 0.9}",ok,1.602411200000006,0.19,6802,5307,1495,0.19,0.9983828285798294,0.9975222350993482,0.99665327978581,0.9959866220735786,0.9976417849905612,0.9999731533980802,0.9999069896805528,0.0009421518748822,5302,5,6,1489
iscx_url2016_binary,s1,r03,lr,lr_c01,0,"{""C"": 0.1, ""class_weight"": null}",ok,1.3744627999999466,0.52,6802,5307,1495,0.52,0.983387239047339,0.9677327162396104,0.9838935574229692,0.939799331103679,0.9753807770859224,0.9921059646721404,0.9864663609613196,0.0043338986244582,5284,23,90,1405
iscx_url2016_binary,s1,r03,lr,lr_c1,1,"{""C"": 1.0, ""class_weight"": null}",ok,1.5140450999997483,0.48,6802,5307,1495,0.48,0.9838282857982946,0.9711383904516846,0.9772570640937284,0.948494983277592,0.976170174927006,0.9929736266797246,0.98774248600601,0.0062182023742227,5274,33,77,1418
iscx_url2016_binary,s1,r03,lr,lr_c1_balanced,2,"{""C"": 1.0, ""class_weight"": ""balanced""}",ok,1.2878559999999195,0.81,6802,5307,1495,0.81,0.9826521611290796,0.9682225721943568,0.9777931991672448,0.94247491638796,0.9743740734724236,0.993473376804662,0.9864769787761216,0.0060297719992462,5275,32,86,1409
iscx_url2016_binary,s1,r03,rf,rf_depth16_leaf1,0,"{""class_weight"": null, ""max_depth"": 16, ""max_features"": ""sqrt"", ""min_samples_leaf"": 1, ""n_estimators"": 200}",ok,2.884243399999832,0.24,6802,5307,1495,0.24,0.9975007350779184,0.9971971769474656,0.9920106524633822,0.9966555183946488,0.9963624729031222,0.9999407610192382,0.9997964069365278,0.0022611644997173,5295,12,5,1490
iscx_url2016_binary,s1,r03,rf,rf_depth24_leaf2,1,"{""class_weight"": null, ""max_depth"": 24, ""max_features"": ""sqrt"", ""min_samples_leaf"": 2, ""n_estimators"": 200}",ok,2.844691499999953,0.3,6802,5307,1495,0.3,0.997794766245222,0.9973856073224422,0.9933333333333332,0.9966555183946488,0.9967888794454453,0.9999461807557758,0.9998119448335444,0.0018843037497644,5297,10,5,1490
iscx_url2016_binary,s1,r03,rf,rf_unlimited_leaf5_balanced,2,"{""class_weight"": ""balanced_subsample"", ""max_depth"": null, ""max_features"": ""sqrt"", ""min_samples_leaf"": 5, ""n_estimators"": 200}",ok,3.115274799999952,0.48,6802,5307,1495,0.48,0.9970596883269628,0.9947524346275792,0.995965030262273,0.9906354515050168,0.9957051036527328,0.999922233082702,0.9997323228036908,0.0011305822498586,5301,6,14,1481
iscx_url2016_binary,s1,r03,xgb,xgb_d4_lr005,0,"{""colsample_bytree"": 0.9, ""learning_rate"": 0.05, ""max_depth"": 4, ""n_estimators"": 300, ""reg_lambda"": 1.0, ""scale_pos_weight"": 1.0, ""subsample"": 0.9}",ok,1.6662845999999265,0.24,6802,5307,1495,0.24,0.9979417818288738,0.9967591235907898,0.9959812458137978,0.9946488294314382,0.9969979137852591,0.9999653388942352,0.9998764962689428,0.0011305822498586,5301,6,8,1487
iscx_url2016_binary,s1,r03,xgb,xgb_d6_lr005,1,"{""colsample_bytree"": 0.9, ""learning_rate"": 0.05, ""max_depth"": 6, ""n_estimators"": 250, ""reg_lambda"": 1.0, ""scale_pos_weight"": 1.0, ""subsample"": 0.9}",ok,1.796834299999773,0.18,6802,5307,1495,0.18,0.9980887974125258,0.9978142706704656,0.994,0.9973244147157192,0.9972170288527192,0.9999713888326958,0.9998983613943044,0.001695873374788,5298,9,4,1491
iscx_url2016_binary,s1,r03,xgb,xgb_d6_lr01_balanced,2,"{""colsample_bytree"": 0.9, ""learning_rate"": 0.1, ""max_depth"": 6, ""n_estimators"": 200, ""reg_lambda"": 1.0, ""scale_pos_weight"": 3.550394265232975, ""subsample"": 0.9}",ok,1.540858699999717,0.29,6802,5307,1495,0.29,0.9986768597471332,0.998671597366512,0.9953333333333332,0.9986622073578596,0.9980733276672672,0.999977312730772,0.9999193051975352,0.0013190126248351,5300,7,2,1493
iscx_url2016_binary,s1,r04,lr,lr_c01,0,"{""C"": 0.1, ""class_weight"": null}",ok,1.315089700000044,0.36,6802,5307,1495,0.36,0.9857394883857687,0.9769276143769224,0.9735772357723578,0.9612040133779264,0.9791142586113236,0.9941896643103418,0.9859151072264348,0.0073487846240814,5268,39,58,1437
iscx_url2016_binary,s1,r04,lr,lr_c1,1,"{""C"": 1.0, ""class_weight"": null}",ok,1.47997899999973,0.46,6802,5307,1495,0.46,0.98662158188768,0.977012439555758,0.9788540245566166,0.959866220735786,0.98035845933875,0.994398639268008,0.9873662124958414,0.0058413416242698,5276,31,60,1435
iscx_url2016_binary,s1,r04,lr,lr_c1_balanced,2,"{""C"": 1.0, ""class_weight"": ""balanced""}",ok,1.34788350000008,0.77,6802,5307,1495,0.77,0.9851514260511616,0.9741484238965006,0.9773972602739726,0.954515050167224,0.9781680921716948,0.9950365296544668,0.9874120180097709,0.0062182023742227,5274,33,68,1427
iscx_url2016_binary,s1,r04,rf,rf_depth16_leaf1,0,"{""class_weight"": null, ""max_depth"": 16, ""max_features"": ""sqrt"", ""min_samples_leaf"": 1, ""n_estimators"": 200}",ok,2.896103000000039,0.52,6802,5307,1495,0.52,0.9980887974125258,0.9958924068860904,0.9993261455525606,0.9919732441471572,0.997206295045712,0.999901184338474,0.9997137508391918,0.0001884303749764,5306,1,12,1483
iscx_url2016_binary,s1,r04,rf,rf_depth24_leaf2,1,"{""class_weight"": null, ""max_depth"": 24, ""max_features"": ""sqrt"", ""min_samples_leaf"": 2, ""n_estimators"": 200}",ok,2.807358999999906,0.4,6802,5307,1495,0.4,0.9980887974125258,0.9970935717513248,0.9959839357429718,0.9953177257525084,0.9972130186252088,0.9999397526961612,0.9998032073920962,0.0011305822498586,5301,6,7,1488
iscx_url2016_binary,s1,r04,rf,rf_unlimited_leaf5_balanced,2,"{""class_weight"": ""balanced_subsample"", ""max_depth"": null, ""max_features"": ""sqrt"", ""min_samples_leaf"": 5, ""n_estimators"": 200}",ok,3.1360804999999345,0.5,6802,5307,1495,0.5,0.99764775066157,0.99681092618886,0.9939879759519038,0.9953177257525084,0.9965723396578589,0.9998805137153997,0.9996406770288688,0.001695873374788,5298,9,7,1488
iscx_url2016_binary,s1,r04,xgb,xgb_d4_lr005,0,"{""colsample_bytree"": 0.9, ""learning_rate"": 0.05, ""max_depth"": 4, ""n_estimators"": 300, ""reg_lambda"": 1.0, ""scale_pos_weight"": 1.0, ""subsample"": 0.9}",ok,1.771690900000067,0.37,6802,5307,1495,0.37,0.9975007350779184,0.9959960120822312,0.9953083109919572,0.9933110367892976,0.9963537326468132,0.9999055957519348,0.9997027817739912,0.0013190126248351,5300,7,10,1485
iscx_url2016_binary,s1,r04,xgb,xgb_d6_lr005,1,"{""colsample_bytree"": 0.9, ""learning_rate"": 0.05, ""max_depth"": 6, ""n_estimators"": 250, ""reg_lambda"": 1.0, ""scale_pos_weight"": 1.0, ""subsample"": 0.9}",ok,1.8946492999998557,0.42,6802,5307,1495,0.42,0.9982358129961776,0.99742801991186,0.9959866220735786,0.9959866220735786,0.99742801991186,0.99994492035193,0.9998223210246668,0.0011305822498586,5301,6,6,1489
iscx_url2016_binary,s1,r04,xgb,xgb_d6_lr01_balanced,2,"{""colsample_bytree"": 0.9, ""learning_rate"": 0.1, ""max_depth"": 6, ""n_estimators"": 200, ""reg_lambda"": 1.0, ""scale_pos_weight"": 3.550394265232975, ""subsample"": 0.9}",ok,1.5627144000000044,0.47,6802,5307,1495,0.47,0.9985298441634812,0.9978566832598832,0.9966555183946488,0.9966555183946488,0.9978566832598832,0.9999615576826972,0.9998754607436474,0.0009421518748822,5302,5,5,1490
iscx_url2016_binary,s1,r05,lr,lr_c01,0,"{""C"": 0.1, ""class_weight"": null}",ok,1.2961089999998876,0.36,6802,5307,1495,0.36,0.9847103793002058,0.9755474091453642,0.970886932972241,0.9591973244147156,0.9776124693274676,0.99361252538926,0.9857476851145348,0.0081025061239871,5264,43,61,1434
iscx_url2016_binary,s1,r05,lr,lr_c1,1,"{""C"": 1.0, ""class_weight"": null}",ok,1.4824977000002946,0.49,6802,5307,1495,0.49,0.9861805351367244,0.9755286291280588,0.980123372172721,0.9565217391304348,0.9796762248053884,0.9940478688776672,0.9869313309433932,0.0054644808743169,5278,29,65,1430
iscx_url2016_binary,s1,r05,lr,lr_c1_balanced,2,"{""C"": 1.0, ""class_weight"": ""balanced""}",ok,1.283190999999988,0.68,6802,5307,1495,0.68,0.9852984416348132,0.9771254347605516,0.9703304113283884,0.9625418060200668,0.9785047687053704,0.9943095917362882,0.984898742701039,0.0082909364989636,5263,44,56,1439
iscx_url2016_binary,s1,r05,rf,rf_depth16_leaf1,0,"{""class_weight"": null, ""max_depth"": 16, ""max_features"": ""sqrt"", ""min_samples_leaf"": 1, ""n_estimators"": 200}",ok,2.7702119999999013,0.49,6802,5307,1495,0.49,0.9982358129961776,0.99742801991186,0.9959866220735786,0.9959866220735786,0.99742801991186,0.9999237455673172,0.9997630929902416,0.0011305822498586,5301,6,6,1489
iscx_url2016_binary,s1,r05,rf,rf_depth24_leaf2,1,"{""class_weight"": null, ""max_depth"": 24, ""max_features"": ""sqrt"", ""min_samples_leaf"": 2, ""n_estimators"": 200}",ok,2.498136999999588,0.45,6802,5307,1495,0.45,0.9980887974125258,0.9970935717513248,0.9959839357429718,0.9953177257525084,0.9972130186252088,0.9999417693423148,0.9998050498733376,0.0011305822498586,5301,6,7,1488
iscx_url2016_binary,s1,r05,rf,rf_unlimited_leaf5_balanced,2,"{""class_weight"": ""balanced_subsample"", ""max_depth"": null, ""max_features"": ""sqrt"", ""min_samples_leaf"": 5, ""n_estimators"": 200}",ok,2.800607100000434,0.5,6802,5307,1495,0.5,0.9973537194942664,0.9963822628408368,0.9933199732798932,0.9946488294314382,0.9961438821150912,0.9998846730480916,0.999633803374426,0.0018843037497644,5297,10,8,1487
iscx_url2016_binary,s1,r05,xgb,xgb_d4_lr005,0,"{""colsample_bytree"": 0.9, ""learning_rate"": 0.05, ""max_depth"": 4, ""n_estimators"": 300, ""reg_lambda"": 1.0, ""scale_pos_weight"": 1.0, ""subsample"": 0.9}",ok,1.7002794999998514,0.29,6802,5307,1495,0.29,0.9979417818288738,0.9974798225099304,0.9939959973315544,0.9966555183946488,0.9970022356998004,0.9998326183692516,0.9995583058905164,0.001695873374788,5298,9,5,1490
iscx_url2016_binary,s1,r05,xgb,xgb_d6_lr005,1,"{""colsample_bytree"": 0.9, ""learning_rate"": 0.05, ""max_depth"": 6, ""n_estimators"": 250, ""reg_lambda"": 1.0, ""scale_pos_weight"": 1.0, ""subsample"": 0.9}",ok,1.7178192000001218,0.33,6802,5307,1495,0.33,0.9983828285798294,0.9975222350993482,0.99665327978581,0.9959866220735786,0.9976417849905612,0.999898285409628,0.99970414821508,0.0009421518748822,5302,5,6,1489
iscx_url2016_binary,s1,r05,xgb,xgb_d6_lr01_balanced,2,"{""colsample_bytree"": 0.9, ""learning_rate"": 0.1, ""max_depth"": 6, ""n_estimators"": 200, ""reg_lambda"": 1.0, ""scale_pos_weight"": 3.550394265232975, ""subsample"": 0.9}",ok,1.5454711000002137,0.39,6802,5307,1495,0.39,0.9986768597471332,0.9984313643934654,0.9959946595460614,0.9979933110367892,0.9980724036038856,0.9998689180000164,0.9996595146773736,0.0011305822498586,5301,6,3,1492
iscx_url2016_binary,s1,r06,lr,lr_c01,0,"{""C"": 0.1, ""class_weight"": null}",ok,1.319448199999897,0.56,6802,5307,1495,0.56,0.9838282857982946,0.9692165266673096,0.9825783972125436,0.94314381270903,0.9760759614283951,0.9928148157951288,0.9853119673843616,0.0047107593744111,5282,25,85,1410
iscx_url2016_binary,s1,r06,lr,lr_c1,1,"{""C"": 1.0, ""class_weight"": null}",ok,1.3390278000001672,0.67,6802,5307,1495,0.67,0.9838282857982946,0.9668141969368406,0.9893992932862192,0.9364548494983278,0.9759565854765204,0.993527826250809,0.9859198095173468,0.0028264556246466,5292,15,95,1400
iscx_url2016_binary,s1,r06,lr,lr_c1_balanced,2,"{""C"": 1.0, ""class_weight"": ""balanced""}",ok,1.2410662000002048,0.85,6802,5307,1495,0.85,0.9819170832108204,0.9663100984186344,0.9783821478382148,0.9384615384615383,0.9732419485992854,0.9939670139709464,0.9833542910395876,0.0058413416242698,5276,31,92,1403
iscx_url2016_binary,s1,r06,rf,rf_depth16_leaf1,0,"{""class_weight"": null, ""max_depth"": 16, ""max_features"": ""sqrt"", ""min_samples_leaf"": 1, ""n_estimators"": 200}",ok,2.6307089000001724,0.51,6802,5307,1495,0.51,0.9980887974125258,0.9961326398591372,0.9986541049798116,0.9926421404682274,0.9972076437665098,0.9999541213000058,0.9998431836582844,0.0003768607499528,5305,2,11,1484
iscx_url2016_binary,s1,r06,rf,rf_depth24_leaf2,1,"{""class_weight"": null, ""max_depth"": 24, ""max_features"": ""sqrt"", ""min_samples_leaf"": 2, ""n_estimators"": 200}",ok,2.3967008999998143,0.47,6802,5307,1495,0.47,0.9979417818288738,0.996278657644696,0.9973136333109468,0.9933110367892976,0.9969950217859974,0.9999579025115438,0.9998551007874392,0.0007537214999057,5303,4,10,1485
iscx_url2016_binary,s1,r06,rf,rf_unlimited_leaf5_balanced,2,"{""class_weight"": ""balanced_subsample"", ""max_depth"": null, ""max_features"": ""sqrt"", ""min_samples_leaf"": 5, ""n_estimators"": 200}",ok,2.632783499999732,0.49,6802,5307,1495,0.49,0.9970596883269628,0.9959535994928136,0.9926519706078824,0.993979933110368,0.9957154245723236,0.999935467323085,0.9997787730494664,0.0020727341247409,5296,11,9,1486
iscx_url2016_binary,s1,r06,xgb,xgb_d4_lr005,0,"{""colsample_bytree"": 0.9, ""learning_rate"": 0.05, ""max_depth"": 4, ""n_estimators"": 300, ""reg_lambda"": 1.0, ""scale_pos_weight"": 1.0, ""subsample"": 0.9}",ok,1.7407648000003064,0.32,6802,5307,1495,0.32,0.9979417818288738,0.9969993565638366,0.9953177257525084,0.9953177257525084,0.9969993565638366,0.9999510963307754,0.9998327196183464,0.0013190126248351,5300,7,7,1488
iscx_url2016_binary,s1,r06,xgb,xgb_d6_lr005,1,"{""colsample_bytree"": 0.9, ""learning_rate"": 0.05, ""max_depth"": 6, ""n_estimators"": 250, ""reg_lambda"": 1.0, ""scale_pos_weight"": 1.0, ""subsample"": 0.9}",ok,2.2549779999999373,0.62,6802,5307,1495,0.62,0.9980887974125258,0.996372872832184,0.997983870967742,0.9933110367892976,0.9972089904809424,0.9999608014403896,0.9998651698464158,0.0005652911249293,5304,3,10,1485
iscx_url2016_binary,s1,r06,xgb,xgb_d6_lr01_balanced,2,"{""colsample_bytree"": 0.9, ""learning_rate"": 0.1, ""max_depth"": 6, ""n_estimators"": 200, ""reg_lambda"": 1.0, ""scale_pos_weight"": 3.550394265232975, ""subsample"": 0.9}",ok,1.7228412999998,0.4,6802,5307,1495,0.4,0.9979417818288738,0.9972395895368836,0.9946559786239144,0.9959866220735786,0.9970007972006264,0.9999723971557728,0.9999043738122464,0.0015074429998115,5299,8,6,1489
iscx_url2016_binary,s1,r07,lr,lr_c01,0,"{""C"": 0.1, ""class_weight"": null}",ok,1.553085099999862,0.32,6802,5307,1495,0.32,0.9819170832108204,0.9725561557178536,0.9616419919246298,0.9558528428093646,0.9735800140985158,0.9945700541910634,0.9886427062105658,0.0107405313736574,5250,57,66,1429
iscx_url2016_binary,s1,r07,lr,lr_c1,1,"{""C"": 1.0, ""class_weight"": null}",ok,1.6682184000001143,0.32,6802,5307,1495,0.32,0.9830932078800352,0.9749915080290876,0.9624664879356568,0.9605351170568562,0.9753340737872656,0.9950156069506232,0.9895201270805224,0.0105521009986809,5251,56,59,1436
iscx_url2016_binary,s1,r07,lr,lr_c1_balanced,2,"{""C"": 1.0, ""class_weight"": ""balanced""}",ok,1.5404962000002342,0.59,6802,5307,1495,0.59,0.9814760364598648,0.9737149079936702,0.956029313790806,0.959866220735786,0.9730330485896732,0.9953942322659602,0.9890084441297934,0.0124364047484454,5241,66,60,1435
iscx_url2016_binary,s1,r07,rf,rf_depth16_leaf1,0,"{""class_weight"": null, ""max_depth"": 16, ""max_features"": ""sqrt"", ""min_samples_leaf"": 1, ""n_estimators"": 200}",ok,3.9443245000002207,0.3,6802,5307,1495,0.3,0.997794766245222,0.9971453743493952,0.9939919893190922,0.9959866220735786,0.9967873393398092,0.9999117717307804,0.9997326928371528,0.001695873374788,5298,9,6,1489
iscx_url2016_binary,s1,r07,rf,rf_depth24_leaf2,1,"{""class_weight"": null, ""max_depth"": 24, ""max_features"": ""sqrt"", ""min_samples_leaf"": 2, ""n_estimators"": 200}",ok,3.429071999999905,0.41,6802,5307,1495,0.41,0.9980887974125258,0.996372872832184,0.997983870967742,0.9933110367892976,0.9972089904809424,0.9999375469894308,0.999795787594865,0.0005652911249293,5304,3,10,1485
iscx_url2016_binary,s1,r07,rf,rf_unlimited_leaf5_balanced,2,"{""class_weight"": ""balanced_subsample"", ""max_depth"": null, ""max_features"": ""sqrt"", ""min_samples_leaf"": 5, ""n_estimators"": 200}",ok,3.678815100000065,0.49,6802,5307,1495,0.49,0.997794766245222,0.995703976511114,0.9979811574697174,0.9919732441471572,0.9967780504998188,0.9999093769634728,0.9997097614965594,0.0005652911249293,5304,3,12,1483
iscx_url2016_binary,s1,r07,xgb,xgb_d4_lr005,0,"{""colsample_bytree"": 0.9, ""learning_rate"": 0.05, ""max_depth"": 4, ""n_estimators"": 300, ""reg_lambda"": 1.0, ""scale_pos_weight"": 1.0, ""subsample"": 0.9}",ok,1.667584799999986,0.29,6802,5307,1495,0.29,0.9983828285798294,0.9968015361802076,0.9986559139784946,0.993979933110368,0.9976383765607976,0.9999097550846268,0.9997169211966586,0.0003768607499528,5305,2,9,1486
iscx_url2016_binary,s1,r07,xgb,xgb_d6_lr005,1,"{""colsample_bytree"": 0.9, ""learning_rate"": 0.05, ""max_depth"": 6, ""n_estimators"": 250, ""reg_lambda"": 1.0, ""scale_pos_weight"": 1.0, ""subsample"": 0.9}",ok,1.7141880999997738,0.37,6802,5307,1495,0.37,0.9985298441634812,0.9968957513676956,0.999327505043712,0.993979933110368,0.9978525518263665,0.9998870678153988,0.999653093067714,0.0001884303749764,5306,1,9,1486
iscx_url2016_binary,s1,r07,xgb,xgb_d6_lr01_balanced,2,"{""colsample_bytree"": 0.9, ""learning_rate"": 0.1, ""max_depth"": 6, ""n_estimators"": 200, ""reg_lambda"": 1.0, ""scale_pos_weight"": 3.550394265232975, ""subsample"": 0.9}",ok,1.466664199999741,0.26,6802,5307,1495,0.26,0.9985298441634812,0.9978566832598832,0.9966555183946488,0.9966555183946488,0.9978566832598832,0.9999313079903932,0.9997836460412296,0.0009421518748822,5302,5,5,1490
iscx_url2016_binary,s1,r08,lr,lr_c01,0,"{""C"": 0.1, ""class_weight"": null}",ok,1.1716378999999506,0.35,6802,5307,1495,0.35,0.9817700676271685,0.9719814745842716,0.9622387053270398,0.954515050167224,0.973345913194659,0.9942409627468736,0.9883025273012044,0.0105521009986809,5251,56,68,1427
iscx_url2016_binary,s1,r08,lr,lr_c1,1,"{""C"": 1.0, ""class_weight"": null}",ok,1.4406354000002466,0.48,6802,5307,1495,0.48,0.9826521611290796,0.970144435978732,0.9725463280713796,0.9478260869565216,0.9744746841948329,0.9947042872006618,0.9888037522391668,0.0075372149990578,5267,40,78,1417
iscx_url2016_binary,s1,r08,lr,lr_c1_balanced,2,"{""C"": 1.0, ""class_weight"": ""balanced""}",ok,1.2675410000001648,0.53,6802,5307,1495,0.53,0.9813290208762128,0.9753023236175102,0.9511873350923484,0.9645484949832775,0.9729161362238832,0.995446917146723,0.9895916048019436,0.013943847748257,5233,74,53,1442
iscx_url2016_binary,s1,r08,rf,rf_depth16_leaf1,0,"{""class_weight"": null, ""max_depth"": 16, ""max_features"": ""sqrt"", ""min_samples_leaf"": 1, ""n_estimators"": 200}",ok,2.888705299999856,0.3,6802,5307,1495,0.3,0.9982358129961776,0.9976682528849068,0.9953239812959253,0.9966555183946488,0.997429254743394,0.9999679857423116,0.999890468072726,0.0013190126248351,5300,7,5,1490
iscx_url2016_binary,s1,r08,rf,rf_depth24_leaf2,1,"{""class_weight"": null, ""max_depth"": 24, ""max_features"": ""sqrt"", ""min_samples_leaf"": 2, ""n_estimators"": 200}",ok,2.504495499999848,0.45,6802,5307,1495,0.45,0.9985298441634812,0.9966555183946488,1.0,0.9933110367892976,0.9978515151208862,0.9999784470942334,0.9999248798383492,0.0,5307,0,10,1485
iscx_url2016_binary,s1,r08,rf,rf_unlimited_leaf5_balanced,2,"{""class_weight"": ""balanced_subsample"", ""max_depth"": null, ""max_features"": ""sqrt"", ""min_samples_leaf"": 5, ""n_estimators"": 200}",ok,3.009827400000177,0.55,6802,5307,1495,0.55,0.997794766245222,0.9949832775919732,1.0,0.9899665551839464,0.9967733748876352,0.9999548775423132,0.9998444299948168,0.0,5307,0,15,1480
iscx_url2016_binary,s1,r08,xgb,xgb_d4_lr005,0,"{""colsample_bytree"": 0.9, ""learning_rate"": 0.05, ""max_depth"": 4, ""n_estimators"": 300, ""reg_lambda"": 1.0, ""scale_pos_weight"": 1.0, ""subsample"": 0.9}",ok,1.890094500000032,0.32,6802,5307,1495,0.32,0.9975007350779184,0.9952753131630906,0.9973082099596232,0.991304347826087,0.9963484572331284,0.9999459286750068,0.9998141007715136,0.0007537214999057,5303,4,13,1482
iscx_url2016_binary,s1,r08,xgb,xgb_d6_lr005,1,"{""colsample_bytree"": 0.9, ""learning_rate"": 0.05, ""max_depth"": 6, ""n_estimators"": 250, ""reg_lambda"": 1.0, ""scale_pos_weight"": 1.0, ""subsample"": 0.9}",ok,1.9016122999996696,0.27,6802,5307,1495,0.27,0.9985298441634812,0.9973762173137894,0.9979879275653925,0.9953177257525084,0.9978546206147936,0.9999649607730814,0.9998795238460242,0.0005652911249293,5304,3,7,1488
iscx_url2016_binary,s1,r08,xgb,xgb_d6_lr01_balanced,2,"{""colsample_bytree"": 0.9, ""learning_rate"": 0.1, ""max_depth"": 6, ""n_estimators"": 200, ""reg_lambda"": 1.0, ""scale_pos_weight"": 3.550394265232975, ""subsample"": 0.9}",ok,1.640882099999999,0.36,6802,5307,1495,0.36,0.9986768597471332,0.9977106654743246,0.9979892761394102,0.9959866220735786,0.99806962316596,0.9999779429326952,0.9999228705859398,0.0005652911249293,5304,3,6,1489
iscx_url2016_binary,s1,r09,lr,lr_c01,0,"{""C"": 0.1, ""class_weight"": null}",ok,1.314659600000141,0.6,6802,5307,1495,0.6,0.982211114378124,0.9638559660900948,0.9872340425531916,0.931103678929766,0.9735191041226848,0.9913992562356904,0.984261865498659,0.003391746749576,5289,18,103,1392
iscx_url2016_binary,s1,r09,lr,lr_c1,1,"{""C"": 1.0, ""class_weight"": null}",ok,1.676199799999722,0.47,6802,5307,1495,0.47,0.9820640987944722,0.9697675752287792,0.9698836413415468,0.9478260869565216,0.9736352300558452,0.992232383177894,0.9856539392061128,0.0082909364989636,5263,44,78,1417
iscx_url2016_binary,s1,r09,lr,lr_c1_balanced,2,"{""C"": 1.0, ""class_weight"": ""balanced""}",ok,1.401288300000033,0.8,6802,5307,1495,0.8,0.980005880623346,0.9646048350351936,0.9708939708939708,0.937123745819398,0.970479604941272,0.99352757417004,0.9864529749511316,0.0079140757490107,5265,42,94,1401
iscx_url2016_binary,s1,r09,rf,rf_depth16_leaf1,0,"{""class_weight"": null, ""max_depth"": 16, ""max_features"": ""sqrt"", ""min_samples_leaf"": 1, ""n_estimators"": 200}",ok,3.054914800000006,0.27,6802,5307,1495,0.27,0.9975007350779184,0.9957557791091844,0.995973154362416,0.9926421404682274,0.996351976790756,0.99982215701733,0.9995554312787308,0.0011305822498586,5301,6,11,1484
iscx_url2016_binary,s1,r09,rf,rf_depth24_leaf2,1,"{""class_weight"": null, ""max_depth"": 24, ""max_features"": ""sqrt"", ""min_samples_leaf"": 2, ""n_estimators"": 200}",ok,2.550196799999867,0.35,6802,5307,1495,0.35,0.9980887974125258,0.9961326398591372,0.9986541049798116,0.9926421404682274,0.9972076437665098,0.9998440880442502,0.9995970916992524,0.0003768607499528,5305,2,11,1484
iscx_url2016_binary,s1,r09,rf,rf_unlimited_leaf5_balanced,2,"{""class_weight"": ""balanced_subsample"", ""max_depth"": null, ""max_features"": ""sqrt"", ""min_samples_leaf"": 5, ""n_estimators"": 200}",ok,2.8902917999998863,0.39,6802,5307,1495,0.39,0.99764775066157,0.9956097613236256,0.9973100201748488,0.9919732441471572,0.9965640829221863,0.9998438359634808,0.9995492634094696,0.0007537214999057,5303,4,12,1483
iscx_url2016_binary,s1,r09,xgb,xgb_d4_lr005,0,"{""colsample_bytree"": 0.9, ""learning_rate"": 0.05, ""max_depth"": 4, ""n_estimators"": 300, ""reg_lambda"": 1.0, ""scale_pos_weight"": 1.0, ""subsample"": 0.9}",ok,1.622448099999929,0.21,6802,5307,1495,0.21,0.9969126727433107,0.9941777534939972,0.9966307277628031,0.9892976588628762,0.9954870919969196,0.9998565660423256,0.999566146502848,0.0009421518748822,5302,5,16,1479
iscx_url2016_binary,s1,r09,xgb,xgb_d6_lr005,1,"{""colsample_bytree"": 0.9, ""learning_rate"": 0.05, ""max_depth"": 6, ""n_estimators"": 250, ""reg_lambda"": 1.0, ""scale_pos_weight"": 1.0, ""subsample"": 0.9}",ok,1.8009394000000611,0.16,6802,5307,1495,0.16,0.9982358129961776,0.9969475539657662,0.9973172367538564,0.9946488294314382,0.997425544737752,0.9997392224442634,0.99949895469258,0.0007537214999057,5303,4,8,1487
iscx_url2016_binary,s1,r09,xgb,xgb_d6_lr01_balanced,2,"{""colsample_bytree"": 0.9, ""learning_rate"": 0.1, ""max_depth"": 6, ""n_estimators"": 200, ""reg_lambda"": 1.0, ""scale_pos_weight"": 3.550394265232975, ""subsample"": 0.9}",ok,1.5576654999999846,0.18,6802,5307,1495,0.18,0.9983828285798294,0.9970417691532544,0.997986577181208,0.9946488294314382,0.9976395143940188,0.999866523232709,0.999678923499833,0.0005652911249293,5304,3,8,1487
iscx_url2016_binary,s2,r00,lr,lr_c01,0,"{""C"": 0.1, ""class_weight"": null}",ok,1.2493285999998989,0.7,6847,5354,1493,0.7,0.7765444720315466,0.8460068040095468,0.4936881610371886,0.969189551239116,0.7445552941589564,0.7926435931495528,0.453016860341689,0.2771759432200224,3870,1484,46,1447
iscx_url2016_binary,s2,r00,lr,lr_c1,1,"{""C"": 1.0, ""class_weight"": null}",ok,1.671867999999904,0.88,6847,5354,1493,0.88,0.7797575580546224,0.8396085605318907,0.4973582247270166,0.9457468184862692,0.7454080985528619,0.8138839175021975,0.5096183915970538,0.2665296974224878,3927,1427,81,1412
iscx_url2016_binary,s2,r00,lr,lr_c1_balanced,2,"{""C"": 1.0, ""class_weight"": ""balanced""}",ok,1.2235209999998915,0.91,6847,5354,1493,0.91,0.7746458302906383,0.8418946617023134,0.4914383561643836,0.9611520428667112,0.7420487992629743,0.7910600608843011,0.447254685885132,0.2773627194620844,3869,1485,58,1435
iscx_url2016_binary,s2,r00,rf,rf_depth16_leaf1,0,"{""class_weight"": null, ""max_depth"": 16, ""max_features"": ""sqrt"", ""min_samples_leaf"": 1, ""n_estimators"": 200}",ok,2.754972700000053,0.63,6847,5354,1493,0.63,0.9982474076237768,0.9964642619361028,0.9986531986531988,0.9933020763563296,0.9974253145688764,0.999124165793251,0.9983526270273348,0.000373552484124,5352,2,10,1483
iscx_url2016_binary,s2,r00,rf,rf_depth24_leaf2,1,"{""class_weight"": null, ""max_depth"": 24, ""max_features"": ""sqrt"", ""min_samples_leaf"": 2, ""n_estimators"": 200}",ok,2.758418000000347,0.58,6847,5354,1493,0.58,0.998393456988462,0.9970406661794388,0.997983870967742,0.9946416610850636,0.9976415866090892,0.9996474645344068,0.999097749834022,0.000560328726186,5351,3,8,1485
iscx_url2016_binary,s2,r00,rf,rf_unlimited_leaf5_balanced,2,"{""class_weight"": ""balanced_subsample"", ""max_depth"": null, ""max_features"": ""sqrt"", ""min_samples_leaf"": 5, ""n_estimators"": 200}",ok,3.102841200000057,0.66,6847,5354,1493,0.66,0.998393456988462,0.9967991581182862,0.9986541049798116,0.9939718687206964,0.9976404437533414,0.9997790711028256,0.9994796362442584,0.000373552484124,5352,2,9,1484
iscx_url2016_binary,s2,r00,xgb,xgb_d4_lr005,0,"{""colsample_bytree"": 0.9, ""learning_rate"": 0.05, ""max_depth"": 4, ""n_estimators"": 300, ""reg_lambda"": 1.0, ""scale_pos_weight"": 1.0, ""subsample"": 0.9}",ok,1.8240151999998488,0.83,6847,5354,1493,0.83,0.9985395063531474,0.9971340543004698,0.9986550100874244,0.9946416610850636,0.9978554685395638,0.9997170208576396,0.999369640630172,0.000373552484124,5352,2,8,1485
iscx_url2016_binary,s2,r00,xgb,xgb_d6_lr005,1,"{""colsample_bytree"": 0.9, ""learning_rate"": 0.05, ""max_depth"": 6, ""n_estimators"": 250, ""reg_lambda"": 1.0, ""scale_pos_weight"": 1.0, ""subsample"": 0.9}",ok,1.9568284000001768,0.92,6847,5354,1493,0.92,0.9985395063531474,0.9968925462393172,0.9993265993265992,0.9939718687206964,0.997854428807397,0.999668731755539,0.9992299231810328,0.000186776242062,5353,1,9,1484
iscx_url2016_binary,s2,r00,xgb,xgb_d6_lr01_balanced,2,"{""colsample_bytree"": 0.9, ""learning_rate"": 0.1, ""max_depth"": 6, ""n_estimators"": 200, ""reg_lambda"": 1.0, ""scale_pos_weight"": 3.4967095851216023, ""subsample"": 0.9}",ok,1.4745843999999124,0.94,6847,5354,1493,0.94,0.999415802541259,0.9989019233324185,0.999329309188464,0.9979906229068988,0.9991430173499248,0.9997914561316026,0.9995170099771362,0.000186776242062,5353,1,3,1490
iscx_url2016_binary,s2,r01,lr,lr_c01,0,"{""C"": 0.1, ""class_weight"": null}",ok,1.276787499999955,0.65,7064,5582,1482,0.65,0.9869762174405436,0.9697042885581232,0.9978510028653296,0.9399460188933874,0.979927789359895,0.9881038725303184,0.9762401020537852,0.0005374417771408,5579,3,89,1393
iscx_url2016_binary,s2,r01,lr,lr_c1,1,"{""C"": 1.0, ""class_weight"": null}",ok,1.440957299999809,0.85,7064,5582,1482,0.85,0.9848527746319364,0.9648913680999898,0.9971077368040492,0.9304993252361672,0.9765762859408224,0.9887099753352182,0.9756093342166426,0.0007165890361877,5578,4,103,1379
iscx_url2016_binary,s2,r01,lr,lr_c1_balanced,2,"{""C"": 1.0, ""class_weight"": ""balanced""}",ok,1.3256005000002915,0.95,7064,5582,1482,0.95,0.9845696489241224,0.9642166042673312,0.997103548153512,0.9291497975708504,0.9761260299652468,0.9894928077573422,0.9768036515482578,0.0007165890361877,5578,4,105,1377
iscx_url2016_binary,s2,r01,rf,rf_depth16_leaf1,0,"{""class_weight"": null, ""max_depth"": 16, ""max_features"": ""sqrt"", ""min_samples_leaf"": 1, ""n_estimators"": 200}",ok,3.020735699999932,0.5,7064,5582,1482,0.5,0.9956115515288788,0.989788968880598,0.9993117687543016,0.979757085020243,0.9933341156426708,0.9979383559358668,0.994865384401687,0.0001791472590469,5581,1,30,1452
iscx_url2016_binary,s2,r01,rf,rf_depth24_leaf2,1,"{""class_weight"": null, ""max_depth"": 24, ""max_features"": ""sqrt"", ""min_samples_leaf"": 2, ""n_estimators"": 200}",ok,2.563753400000224,0.57,7064,5582,1482,0.57,0.9956115515288788,0.9895411605937922,1.0,0.9790823211875844,0.993330761885169,0.9978791237112156,0.9949151663942668,0.0,5582,0,31,1451
iscx_url2016_binary,s2,r01,rf,rf_unlimited_leaf5_balanced,2,"{""class_weight"": ""balanced_subsample"", ""max_depth"": null, ""max_features"": ""sqrt"", ""min_samples_leaf"": 5, ""n_estimators"": 200}",ok,2.9466910000001008,0.54,7064,5582,1482,0.54,0.9951868629671574,0.9892724397052216,0.997936726272352,0.9790823211875844,0.992690867162804,0.997852408769077,0.9947809885985952,0.0005374417771408,5579,3,31,1451
iscx_url2016_binary,s2,r01,xgb,xgb_d4_lr005,0,"{""colsample_bytree"": 0.9, ""learning_rate"": 0.05, ""max_depth"": 4, ""n_estimators"": 300, ""reg_lambda"": 1.0, ""scale_pos_weight"": 1.0, ""subsample"": 0.9}",ok,1.610253300000295,0.36,7064,5582,1482,0.36,0.9958946772366932,0.9904637327132566,0.9993127147766324,0.98110661268556,0.9937673054132006,0.998043160708872,0.9956408193494464,0.0001791472590469,5581,1,28,1454
iscx_url2016_binary,s2,r01,xgb,xgb_d6_lr005,1,"{""colsample_bytree"": 0.9, ""learning_rate"": 0.05, ""max_depth"": 6, ""n_estimators"": 250, ""reg_lambda"": 1.0, ""scale_pos_weight"": 1.0, ""subsample"": 0.9}",ok,1.763010800000302,0.5,7064,5582,1482,0.5,0.9960362400906002,0.99055330634278,1.0,0.98110661268556,0.993980714134074,0.9984255107630996,0.996558379068369,0.0,5582,0,28,1454
iscx_url2016_binary,s2,r01,xgb,xgb_d6_lr01_balanced,2,"{""colsample_bytree"": 0.9, ""learning_rate"": 0.1, ""max_depth"": 6, ""n_estimators"": 200, ""reg_lambda"": 1.0, ""scale_pos_weight"": 3.4967095851216023, ""subsample"": 0.9}",ok,1.4888108999998622,0.66,7064,5582,1482,0.66,0.9958946772366932,0.9902159244264508,1.0,0.9804318488529016,0.9937641726979825,0.9981821751136656,0.996228163370637,0.0,5582,0,29,1453
iscx_url2016_binary,s2,r02,lr,lr_c01,0,"{""C"": 0.1, ""class_weight"": null}",ok,1.1591361000000688,0.45,6847,5354,1493,0.45,0.7763984226668614,0.8521926254784813,0.4936327077747989,0.9866041527126592,0.7459619112395109,0.7987288957233118,0.4840228066713462,0.2822189017556967,3843,1511,20,1473
iscx_url2016_binary,s2,r02,lr,lr_c1,1,"{""C"": 1.0, ""class_weight"": null}",ok,1.5412195999997491,0.88,6847,5354,1493,0.88,0.7857455820067183,0.8453695379833821,0.5046197583511016,0.9511051574012056,0.7515558631503799,0.8242675756693985,0.5449663133345191,0.2603660814344415,3960,1394,73,1420
iscx_url2016_binary,s2,r02,lr,lr_c1_balanced,2,"{""C"": 1.0, ""class_weight"": ""balanced""}",ok,1.329032300000108,0.64,6847,5354,1493,0.64,0.776690521396232,0.8531039259040007,0.4939759036144578,0.9886135298057602,0.7464101900584721,0.7987776852306154,0.4848633006243021,0.2824056779977587,3842,1512,17,1476
iscx_url2016_binary,s2,r02,rf,rf_depth16_leaf1,0,"{""class_weight"": null, ""max_depth"": 16, ""max_features"": ""sqrt"", ""min_samples_leaf"": 1, ""n_estimators"": 200}",ok,2.758653200000026,0.61,6847,5354,1493,0.61,0.9981013582590916,0.9961293657539192,0.9986522911051212,0.9926322839919623,0.9972100808697604,0.9993015594377548,0.9985157905069804,0.000373552484124,5352,2,11,1482
iscx_url2016_binary,s2,r02,rf,rf_depth24_leaf2,1,"{""class_weight"": null, ""max_depth"": 24, ""max_features"": ""sqrt"", ""min_samples_leaf"": 2, ""n_estimators"": 200}",ok,2.668102500000259,0.67,6847,5354,1493,0.67,0.9981013582590916,0.995646349631614,1.0,0.9912926992632284,0.9972073695125044,0.9994141506084552,0.998715906408676,0.0,5354,0,13,1480
iscx_url2016_binary,s2,r02,rf,rf_unlimited_leaf5_balanced,2,"{""class_weight"": ""balanced_subsample"", ""max_depth"": null, ""max_features"": ""sqrt"", ""min_samples_leaf"": 5, ""n_estimators"": 200}",ok,2.9198694000001524,0.73,6847,5354,1493,0.73,0.9982474076237768,0.9959812458137978,1.0,0.9919624916275954,0.9974228136385992,0.999389880956104,0.998569847167457,0.0,5354,0,12,1481
iscx_url2016_binary,s2,r02,xgb,xgb_d4_lr005,0,"{""colsample_bytree"": 0.9, ""learning_rate"": 0.05, ""max_depth"": 4, ""n_estimators"": 300, ""reg_lambda"": 1.0, ""scale_pos_weight"": 1.0, ""subsample"": 0.9}",ok,1.6124509999999646,0.87,6847,5354,1493,0.87,0.9973711114356651,0.9942133767818492,0.999322951929587,0.9886135298057602,0.9961304578798053,0.998928507358834,0.9977009810219556,0.000186776242062,5353,1,17,1476
iscx_url2016_binary,s2,r02,xgb,xgb_d6_lr005,1,"{""colsample_bytree"": 0.9, ""learning_rate"": 0.05, ""max_depth"": 6, ""n_estimators"": 250, ""reg_lambda"": 1.0, ""scale_pos_weight"": 1.0, ""subsample"": 0.9}",ok,1.75358180000012,0.91,6847,5354,1493,0.91,0.997809259529721,0.9952180653283996,0.9993243243243244,0.9906229068988612,0.9967777340528896,0.9986824331002028,0.9973804732590538,0.000186776242062,5353,1,14,1479
iscx_url2016_binary,s2,r02,xgb,xgb_d6_lr01_balanced,2,"{""colsample_bytree"": 0.9, ""learning_rate"": 0.1, ""max_depth"": 6, ""n_estimators"": 200, ""reg_lambda"": 1.0, ""scale_pos_weight"": 3.4967095851216023, ""subsample"": 0.9}",ok,1.5874446999996508,0.94,6847,5354,1493,0.94,0.9985395063531474,0.9966510381781648,1.0,0.9933020763563296,0.997853387528166,0.9989048632129868,0.9979521104597788,0.0,5354,0,10,1483
iscx_url2016_binary,s2,r03,lr,lr_c01,0,"{""C"": 0.1, ""class_weight"": null}",ok,1.2111497000000782,0.43,6847,5354,1493,0.43,0.7749379290200088,0.848843663656646,0.4919300605245461,0.9799062290689886,0.7440079409934864,0.7917681342467062,0.4605835476451476,0.2822189017556967,3843,1511,30,1463
iscx_url2016_binary,s2,r03,lr,lr_c1,1,"{""C"": 1.0, ""class_weight"": null}",ok,1.4931486999998924,0.4,6847,5354,1493,0.4,0.7763984226668614,0.8502605609892611,0.4935983827493261,0.9812458137977228,0.7454925733603769,0.8176055560990512,0.5225878969211173,0.2807246918192006,3851,1503,28,1465
iscx_url2016_binary,s2,r03,lr,lr_c1_balanced,2,"{""C"": 1.0, ""class_weight"": ""balanced""}",ok,1.7445732000001044,0.64,6847,5354,1493,0.64,0.7753760771140645,0.8498483522031965,0.492442055760833,0.9819156061620896,0.7445947348711949,0.790401527637004,0.4575829408946337,0.2822189017556967,3843,1511,27,1466
iscx_url2016_binary,s2,r03,rf,rf_depth16_leaf1,0,"{""class_weight"": null, ""max_depth"": 16, ""max_features"": ""sqrt"", ""min_samples_leaf"": 1, ""n_estimators"": 200}",ok,4.133846400000039,0.6,6847,5354,1493,0.6,0.9975171608003504,0.9945482729640328,0.9993234100135318,0.9892833221701272,0.996346321820936,0.9983295223307074,0.9973536348554554,0.000186776242062,5353,1,16,1477
iscx_url2016_binary,s2,r03,rf,rf_depth24_leaf2,1,"{""class_weight"": null, ""max_depth"": 24, ""max_features"": ""sqrt"", ""min_samples_leaf"": 2, ""n_estimators"": 200}",ok,2.3771185999999034,0.58,6847,5354,1493,0.58,0.9973711114356651,0.994696392904154,0.9979743416610398,0.9899531145344944,0.9961342204578988,0.9980173945852656,0.996653628531724,0.000560328726186,5351,3,15,1478
iscx_url2016_binary,s2,r03,rf,rf_unlimited_leaf5_balanced,2,"{""class_weight"": ""balanced_subsample"", ""max_depth"": null, ""max_features"": ""sqrt"", ""min_samples_leaf"": 5, ""n_estimators"": 200}",ok,2.7511270999998487,0.75,6847,5354,1493,0.75,0.9957645684241272,0.9907710268389828,0.9986376021798364,0.9819156061620896,0.993752032108582,0.9982538360437364,0.9969055335304056,0.000373552484124,5352,2,27,1466
iscx_url2016_binary,s2,r03,xgb,xgb_d4_lr005,0,"{""colsample_bytree"": 0.9, ""learning_rate"": 0.05, ""max_depth"": 4, ""n_estimators"": 300, ""reg_lambda"": 1.0, ""scale_pos_weight"": 1.0, ""subsample"": 0.9}",ok,2.0156261000001905,0.87,6847,5354,1493,0.87,0.99722506207098,0.9938784805996655,0.9993224932249324,0.9879437374413932,0.9959144885652128,0.998219683388624,0.9970782743951092,0.000186776242062,5353,1,18,1475
iscx_url2016_binary,s2,r03,xgb,xgb_d6_lr005,1,"{""colsample_bytree"": 0.9, ""learning_rate"": 0.05, ""max_depth"": 6, ""n_estimators"": 250, ""reg_lambda"": 1.0, ""scale_pos_weight"": 1.0, ""subsample"": 0.9}",ok,4.622913199999857,0.89,6847,5354,1493,0.89,0.9979553088944064,0.9953114534494308,1.0,0.9906229068988612,0.9969918204428926,0.9983918227784948,0.997404309657286,0.0,5354,0,14,1479
iscx_url2016_binary,s2,r03,xgb,xgb_d6_lr01_balanced,2,"{""colsample_bytree"": 0.9, ""learning_rate"": 0.1, ""max_depth"": 6, ""n_estimators"": 200, ""reg_lambda"": 1.0, ""scale_pos_weight"": 3.4967095851216023, ""subsample"": 0.9}",ok,1.8515391999999335,0.95,6847,5354,1493,0.95,0.9981013582590916,0.9958878576927668,0.9993252361673416,0.9919624916275954,0.9972087261996878,0.9982824842416146,0.9970536441887098,0.000186776242062,5353,1,12,1481
iscx_url2016_binary,s2,r04,lr,lr_c01,0,"{""C"": 0.1, ""class_weight"": null}",ok,1.5282052000002295,0.73,6827,5333,1494,0.73,0.7775010985791709,0.8467436217775659,0.4957235716729387,0.9698795180722892,0.7458270474613999,0.7962539576394208,0.4781634094204949,0.2763922745171573,3859,1474,45,1449
iscx_url2016_binary,s2,r04,lr,lr_c1,1,"{""C"": 1.0, ""class_weight"": null}",ok,1.638187900000048,0.86,6827,5333,1494,0.86,0.7833601874908451,0.8485665268737931,0.5026159748866411,0.964524765729585,0.7508527757687493,0.8210372586037631,0.536971931557825,0.2673917119819988,3907,1426,53,1441
iscx_url2016_binary,s2,r04,lr,lr_c1_balanced,2,"{""C"": 1.0, ""class_weight"": ""balanced""}",ok,1.36155030000009,0.83,6827,5333,1494,0.83,0.7777940530247547,0.8519903728922817,0.4961187985150185,0.9839357429718876,0.7473457180106409,0.7954342527934101,0.4768843663568696,0.2799549971873242,3840,1493,24,1470
iscx_url2016_binary,s2,r04,rf,rf_depth16_leaf1,0,"{""class_weight"": null, ""max_depth"": 16, ""max_features"": ""sqrt"", ""min_samples_leaf"": 1, ""n_estimators"": 200}",ok,4.631872599999952,0.63,6827,5333,1494,0.63,0.9982422733264976,0.9964657680663276,0.9986541049798116,0.9933065595716198,0.9974244636342716,0.9982131162314112,0.9970560673279776,0.0003750234389649,5331,2,10,1484
iscx_url2016_binary,s2,r04,rf,rf_depth24_leaf2,1,"{""class_weight"": null, ""max_depth"": 24, ""max_features"": ""sqrt"", ""min_samples_leaf"": 2, ""n_estimators"": 200}",ok,4.995892499999627,0.66,6827,5333,1494,0.66,0.9982422733264976,0.9962248519046496,0.9993261455525606,0.9926372155287818,0.9974232167404228,0.9983973646947312,0.9972395834811364,0.0001875117194824,5332,1,11,1483
iscx_url2016_binary,s2,r04,rf,rf_unlimited_leaf5_balanced,2,"{""class_weight"": ""balanced_subsample"", ""max_depth"": null, ""max_features"": ""sqrt"", ""min_samples_leaf"": 5, ""n_estimators"": 200}",ok,5.691945399999895,0.79,6827,5333,1494,0.79,0.9973634099897466,0.9946986520994912,0.9979757085020244,0.9899598393574296,0.996132951984484,0.9988028870278288,0.997606516450344,0.0005625351584474,5330,3,15,1479
iscx_url2016_binary,s2,r04,xgb,xgb_d4_lr005,0,"{""colsample_bytree"": 0.9, ""learning_rate"": 0.05, ""max_depth"": 4, ""n_estimators"": 300, ""reg_lambda"": 1.0, ""scale_pos_weight"": 1.0, ""subsample"": 0.9}",ok,6.885460300000432,0.84,6827,5333,1494,0.84,0.9985352277720816,0.99665327978581,1.0,0.9933065595716198,0.9978526806170188,0.9990813933902998,0.9984757611413936,0.0,5333,0,10,1484
iscx_url2016_binary,s2,r04,xgb,xgb_d6_lr005,1,"{""colsample_bytree"": 0.9, ""learning_rate"": 0.05, ""max_depth"": 6, ""n_estimators"": 250, ""reg_lambda"": 1.0, ""scale_pos_weight"": 1.0, ""subsample"": 0.9}",ok,4.360952699999871,0.91,6827,5333,1494,0.91,0.9983887505492895,0.9965595239260688,0.9993265993265992,0.9933065595716198,0.9976385203842982,0.9990406026882704,0.9983379648358244,0.0001875117194824,5332,1,10,1484
iscx_url2016_binary,s2,r04,xgb,xgb_d6_lr01_balanced,2,"{""colsample_bytree"": 0.9, ""learning_rate"": 0.1, ""max_depth"": 6, ""n_estimators"": 200, ""reg_lambda"": 1.0, ""scale_pos_weight"": 3.500214622978967, ""subsample"": 0.9}",ok,3.831613100000141,0.95,6827,5333,1494,0.95,0.9967775010985792,0.9960100417922706,0.9906666666666668,0.994645247657296,0.9952940903696073,0.9989914028261304,0.9985092474324194,0.0026251640727545,5319,14,8,1486
iscx_url2016_binary,s2,r05,lr,lr_c01,0,"{""C"": 0.1, ""class_weight"": null}",ok,2.3958551999999145,0.53,6847,5354,1493,0.53,0.7746458302906383,0.848173871292279,0.4915881561238223,0.9785666443402544,0.7436164570587116,0.7945932969221827,0.4731989655929298,0.2822189017556967,3843,1511,32,1461
iscx_url2016_binary,s2,r05,lr,lr_c1,1,"{""C"": 1.0, ""class_weight"": null}",ok,2.536675400000149,0.87,6847,5354,1493,0.87,0.7804878048780488,0.8415245495039608,0.4982431482782853,0.9497655726724716,0.7464720373271692,0.8159470881546331,0.526380130759995,0.2667164736645498,3926,1428,75,1418
iscx_url2016_binary,s2,r05,lr,lr_c1_balanced,2,"{""C"": 1.0, ""class_weight"": ""balanced""}",ok,1.963517999999567,0.91,6847,5354,1493,0.91,0.7742076821965824,0.8428220376449831,0.4909648823729969,0.9645010046885466,0.7419449379144425,0.7900651302392113,0.4588680021091262,0.2788569293985805,3861,1493,53,1440
iscx_url2016_binary,s2,r05,rf,rf_depth16_leaf1,0,"{""class_weight"": null, ""max_depth"": 16, ""max_features"": ""sqrt"", ""min_samples_leaf"": 1, ""n_estimators"": 200}",ok,5.010808900000029,0.61,6847,5354,1493,0.61,0.997809259529721,0.9957010814507048,0.997978436657682,0.9919624916275954,0.9967808625420312,0.998716210451413,0.9975405153707428,0.000560328726186,5351,3,12,1481
iscx_url2016_binary,s2,r05,rf,rf_depth24_leaf2,1,"{""class_weight"": null, ""max_depth"": 24, ""max_features"": ""sqrt"", ""min_samples_leaf"": 2, ""n_estimators"": 200}",ok,4.652771299999586,0.62,6847,5354,1493,0.62,0.9979553088944064,0.9955529615105831,0.99932478055368,0.9912926992632284,0.9969932825783656,0.9989529021124856,0.997833912960162,0.000186776242062,5353,1,13,1480
iscx_url2016_binary,s2,r05,rf,rf_unlimited_leaf5_balanced,2,"{""class_weight"": ""balanced_subsample"", ""max_depth"": null, ""max_features"": ""sqrt"", ""min_samples_leaf"": 5, ""n_estimators"": 200}",ok,5.280191500000001,0.67,6847,5354,1493,0.67,0.9975171608003504,0.9950312890863376,0.9979757085020244,0.9906229068988612,0.9963498727226688,0.9990868856056192,0.9979715658861812,0.000560328726186,5351,3,14,1479
iscx_url2016_binary,s2,r05,xgb,xgb_d4_lr005,0,"{""colsample_bytree"": 0.9, ""learning_rate"": 0.05, ""max_depth"": 4, ""n_estimators"": 300, ""reg_lambda"": 1.0, ""scale_pos_weight"": 1.0, ""subsample"": 0.9}",ok,3.7088205000000016,0.82,6847,5354,1493,0.82,0.997809259529721,0.9949765572672472,1.0,0.9899531145344944,0.9967761663125908,0.9983231421643676,0.9969545201481568,0.0,5354,0,15,1478
iscx_url2016_binary,s2,r05,xgb,xgb_d6_lr005,1,"{""colsample_bytree"": 0.9, ""learning_rate"": 0.05, ""max_depth"": 6, ""n_estimators"": 250, ""reg_lambda"": 1.0, ""scale_pos_weight"": 1.0, ""subsample"": 0.9}",ok,3.1771859999998924,0.89,6847,5354,1493,0.89,0.9976632101650358,0.9946416610850636,1.0,0.9892833221701272,0.9965604070042712,0.9980346585647728,0.9961637806651396,0.0,5354,0,16,1477
iscx_url2016_binary,s2,r05,xgb,xgb_d6_lr01_balanced,2,"{""colsample_bytree"": 0.9, ""learning_rate"": 0.1, ""max_depth"": 6, ""n_estimators"": 200, ""reg_lambda"": 1.0, ""scale_pos_weight"": 3.4967095851216023, ""subsample"": 0.9}",ok,2.9941853999998784,0.95,6847,5354,1493,0.95,0.9937198773185336,0.9926031979395316,0.9807692307692308,0.9906229068988612,0.9908250602459798,0.9981088436361344,0.9964106376956604,0.0054165110197982,5325,29,14,1479
iscx_url2016_binary,s2,r06,lr,lr_c01,0,"{""C"": 0.1, ""class_weight"": null}",ok,2.405862900000102,0.71,6847,5354,1493,0.71,0.7787352125018256,0.8500642144976895,0.4962559564329475,0.9765572672471534,0.747268400113409,0.7975419345815273,0.4705880209975827,0.2764288382517744,3874,1480,35,1458
iscx_url2016_binary,s2,r06,lr,lr_c1,1,"{""C"": 1.0, ""class_weight"": null}",ok,2.4388527999999496,0.79,6847,5354,1493,0.79,0.780049656783993,0.8499386753423585,0.4977747346799041,0.9738780977896851,0.7482641926940925,0.8157478017824934,0.5253968774529651,0.2740007471049682,3887,1467,39,1454
iscx_url2016_binary,s2,r06,lr,lr_c1_balanced,2,"{""C"": 1.0, ""class_weight"": ""balanced""}",ok,1.997622599999886,0.91,6847,5354,1493,0.91,0.776690521396232,0.8475492404974928,0.4938817131203263,0.973208305425318,0.7450528831267254,0.7921690839157006,0.4545533281222333,0.2781098244303324,3865,1489,40,1453
iscx_url2016_binary,s2,r06,rf,rf_depth16_leaf1,0,"{""class_weight"": null, ""max_depth"": 16, ""max_features"": ""sqrt"", ""min_samples_leaf"": 1, ""n_estimators"": 200}",ok,4.948378199999752,0.65,6847,5354,1493,0.65,0.9982474076237768,0.9959812458137978,1.0,0.9919624916275954,0.9974228136385992,0.9987432323323812,0.9976744035571832,0.0,5354,0,12,1481
iscx_url2016_binary,s2,r06,rf,rf_depth24_leaf2,1,"{""class_weight"": null, ""max_depth"": 24, ""max_features"": ""sqrt"", ""min_samples_leaf"": 2, ""n_estimators"": 200}",ok,4.527489099999912,0.64,6847,5354,1493,0.64,0.998393456988462,0.9965576500571338,0.9993261455525606,0.9933020763563296,0.9976392991974896,0.9986814322897968,0.9974737308132252,0.000186776242062,5353,1,10,1483
iscx_url2016_binary,s2,r06,rf,rf_unlimited_leaf5_balanced,2,"{""class_weight"": ""balanced_subsample"", ""max_depth"": null, ""max_features"": ""sqrt"", ""min_samples_leaf"": 5, ""n_estimators"": 200}",ok,4.798737499999788,0.79,6847,5354,1493,0.79,0.9975171608003504,0.9945482729640328,0.9993234100135318,0.9892833221701272,0.996346321820936,0.9989771717648366,0.9976824724078152,0.000186776242062,5353,1,16,1477
iscx_url2016_binary,s2,r06,xgb,xgb_d4_lr005,0,"{""colsample_bytree"": 0.9, ""learning_rate"": 0.05, ""max_depth"": 4, ""n_estimators"": 300, ""reg_lambda"": 1.0, ""scale_pos_weight"": 1.0, ""subsample"": 0.9}",ok,3.7531204000001703,0.86,6847,5354,1493,0.86,0.9986855557178326,0.9969859343603482,1.0,0.9939718687206964,0.9980685175252187,0.9992009779919292,0.9980646707171406,0.0,5354,0,9,1484
iscx_url2016_binary,s2,r06,xgb,xgb_d6_lr005,1,"{""colsample_bytree"": 0.9, ""learning_rate"": 0.05, ""max_depth"": 6, ""n_estimators"": 250, ""reg_lambda"": 1.0, ""scale_pos_weight"": 1.0, ""subsample"": 0.9}",ok,3.3059696999998778,0.93,6847,5354,1493,0.93,0.998393456988462,0.9963161419959812,1.0,0.9926322839919623,0.9976381529381974,0.9987727562393648,0.997468485723068,0.0,5354,0,11,1482
iscx_url2016_binary,s2,r06,xgb,xgb_d6_lr01_balanced,2,"{""colsample_bytree"": 0.9, ""learning_rate"": 0.1, ""max_depth"": 6, ""n_estimators"": 200, ""reg_lambda"": 1.0, ""scale_pos_weight"": 3.4967095851216023, ""subsample"": 0.9}",ok,3.0220008000001144,0.95,6847,5354,1493,0.95,0.9799912370381187,0.9847907468072272,0.9211180124223602,0.9933020763563296,0.971456833465733,0.9984466171482358,0.9969867671807392,0.0237205827418752,5227,127,10,1483
iscx_url2016_binary,s2,r07,lr,lr_c01,0,"{""C"": 0.1, ""class_weight"": null}",ok,2.521885900000143,0.64,7064,5582,1482,0.64,0.9869762174405436,0.9694564802713176,0.9985652797704448,0.9392712550607288,0.9799174011778218,0.9891435793960828,0.9776711824432508,0.0003582945180938,5580,2,90,1392
iscx_url2016_binary,s2,r07,lr,lr_c1,1,"{""C"": 1.0, ""class_weight"": null}",ok,2.7311016999997264,0.82,7064,5582,1482,0.82,0.9847112117780294,0.9645539861836604,0.9971056439942112,0.9298245614035088,0.9763512173057388,0.9885112451774092,0.9754831310979049,0.0007165890361877,5578,4,104,1378
iscx_url2016_binary,s2,r07,lr,lr_c1_balanced,2,"{""C"": 1.0, ""class_weight"": ""balanced""}",ok,2.7245834999998806,0.93,7064,5582,1482,0.93,0.9848527746319364,0.964643559813184,0.997827661115134,0.9298245614035088,0.9765640844612972,0.9889573000936596,0.9762184073351986,0.0005374417771408,5579,3,104,1378
iscx_url2016_binary,s2,r07,rf,rf_depth16_leaf1,0,"{""class_weight"": null, ""max_depth"": 16, ""max_features"": ""sqrt"", ""min_samples_leaf"": 1, ""n_estimators"": 200}",ok,4.771173499999804,0.35,7064,5582,1482,0.35,0.9963193657984144,0.991971495035856,0.9979480164158688,0.9844804318488528,0.9944218643092616,0.9988427957416623,0.997161237577263,0.0005374417771408,5579,3,23,1459
iscx_url2016_binary,s2,r07,rf,rf_depth24_leaf2,1,"{""class_weight"": null, ""max_depth"": 24, ""max_features"": ""sqrt"", ""min_samples_leaf"": 2, ""n_estimators"": 200}",ok,3.1978628000001663,0.42,7064,5582,1482,0.42,0.9953284258210644,0.9896098216215512,0.9979381443298968,0.979757085020243,0.9929076234012284,0.9985861630622044,0.9964153395470664,0.0005374417771408,5579,3,30,1452
iscx_url2016_binary,s2,r07,rf,rf_unlimited_leaf5_balanced,2,"{""class_weight"": ""balanced_subsample"", ""max_depth"": null, ""max_features"": ""sqrt"", ""min_samples_leaf"": 5, ""n_estimators"": 200}",ok,4.905916799999886,0.55,7064,5582,1482,0.55,0.9956115515288788,0.9905323937410154,0.9972583961617546,0.9817813765182186,0.99334414699726,0.998705836332418,0.9966149085795872,0.0007165890361877,5578,4,27,1455
iscx_url2016_binary,s2,r07,xgb,xgb_d4_lr005,0,"{""colsample_bytree"": 0.9, ""learning_rate"": 0.05, ""max_depth"": 4, ""n_estimators"": 300, ""reg_lambda"": 1.0, ""scale_pos_weight"": 1.0, ""subsample"": 0.9}",ok,2.3223982999998043,0.22,7064,5582,1482,0.22,0.9963193657984144,0.991971495035856,0.9979480164158688,0.9844804318488528,0.9944218643092616,0.9976936905834302,0.9950860797784352,0.0005374417771408,5579,3,23,1459
iscx_url2016_binary,s2,r07,xgb,xgb_d6_lr005,1,"{""colsample_bytree"": 0.9, ""learning_rate"": 0.05, ""max_depth"": 6, ""n_estimators"": 250, ""reg_lambda"": 1.0, ""scale_pos_weight"": 1.0, ""subsample"": 0.9}",ok,2.211220400000002,0.23,7064,5582,1482,0.23,0.9960362400906002,0.990801114629586,0.9993131868131868,0.9817813765182186,0.993983736573122,0.9981734716031044,0.9962989359752136,0.0001791472590469,5581,1,27,1455
iscx_url2016_binary,s2,r07,xgb,xgb_d6_lr01_balanced,2,"{""colsample_bytree"": 0.9, ""learning_rate"": 0.1, ""max_depth"": 6, ""n_estimators"": 200, ""reg_lambda"": 1.0, ""scale_pos_weight"": 3.4967095851216023, ""subsample"": 0.9}",ok,1.7704603000001953,0.12,7064,5582,1482,0.12,0.9970271800679502,0.9936584046175024,0.9979550102249488,0.9878542510121456,0.9955002098925312,0.9984737427174584,0.996858947145802,0.0005374417771408,5579,3,18,1464
iscx_url2016_binary,s2,r08,lr,lr_c01,0,"{""C"": 0.1, ""class_weight"": null}",ok,1.5958906999999272,0.43,6847,5354,1493,0.43,0.7752300277493793,0.849513456021013,0.492271505376344,0.9812458137977228,0.74439919445066,0.7937394805443708,0.4629487807448152,0.2822189017556967,3843,1511,28,1465
iscx_url2016_binary,s2,r08,lr,lr_c1,1,"{""C"": 1.0, ""class_weight"": null}",ok,2.258138499999859,0.86,6847,5354,1493,0.86,0.7816561997955309,0.8420301464110563,0.4996473906911142,0.9490957803081044,0.7475088542894202,0.8194600577817888,0.5238858657682152,0.2650354874859917,3935,1419,76,1417
iscx_url2016_binary,s2,r08,lr,lr_c1_balanced,2,"{""C"": 1.0, ""class_weight"": ""balanced""}",ok,1.3603401000000304,0.61,6847,5354,1493,0.61,0.7756681758434351,0.8510011606898686,0.4927924907810929,0.984594775619558,0.745102977796676,0.791934769179343,0.4530204862360033,0.2825924542398207,3841,1513,23,1470
iscx_url2016_binary,s2,r08,rf,rf_depth16_leaf1,0,"{""class_weight"": null, ""max_depth"": 16, ""max_features"": ""sqrt"", ""min_samples_leaf"": 1, ""n_estimators"": 200}",ok,2.873656700000083,0.66,6847,5354,1493,0.66,0.9970790127062948,0.993543584417482,0.9993220338983052,0.987273945077026,0.9956984137594468,0.9969607889988916,0.9945091792960756,0.000186776242062,5353,1,19,1474
iscx_url2016_binary,s2,r08,rf,rf_depth24_leaf2,1,"{""class_weight"": null, ""max_depth"": 24, ""max_features"": ""sqrt"", ""min_samples_leaf"": 2, ""n_estimators"": 200}",ok,2.5056860999998207,0.62,6847,5354,1493,0.62,0.9969329633416094,0.993450196296451,0.9986449864498644,0.987273945077026,0.995484434729972,0.9974693257865556,0.9951641592808652,0.000373552484124,5352,2,19,1474
iscx_url2016_binary,s2,r08,rf,rf_unlimited_leaf5_balanced,2,"{""class_weight"": ""balanced_subsample"", ""max_depth"": null, ""max_features"": ""sqrt"", ""min_samples_leaf"": 5, ""n_estimators"": 200}",ok,3.097541000000092,0.76,6847,5354,1493,0.76,0.9962027165181832,0.9915342073243808,0.9993192648059904,0.9832551908908238,0.9943997429988451,0.9974007702737292,0.9949811567638476,0.000186776242062,5353,1,25,1468
iscx_url2016_binary,s2,r08,xgb,xgb_d4_lr005,0,"{""colsample_bytree"": 0.9, ""learning_rate"": 0.05, ""max_depth"": 4, ""n_estimators"": 300, ""reg_lambda"": 1.0, ""scale_pos_weight"": 1.0, ""subsample"": 0.9}",ok,1.7898840999996537,0.78,6847,5354,1493,0.78,0.9975171608003504,0.9945482729640328,0.9993234100135318,0.9892833221701272,0.996346321820936,0.9981771489463592,0.9965744949140316,0.000186776242062,5353,1,16,1477
iscx_url2016_binary,s2,r08,xgb,xgb_d6_lr005,1,"{""colsample_bytree"": 0.9, ""learning_rate"": 0.05, ""max_depth"": 6, ""n_estimators"": 250, ""reg_lambda"": 1.0, ""scale_pos_weight"": 1.0, ""subsample"": 0.9}",ok,2.911935200000244,0.82,6847,5354,1493,0.82,0.9970790127062948,0.9933020763563296,1.0,0.9866041527126592,0.9956963156388864,0.9983350267879414,0.996733479248378,0.0,5354,0,20,1473
iscx_url2016_binary,s2,r08,xgb,xgb_d6_lr01_balanced,2,"{""colsample_bytree"": 0.9, ""learning_rate"": 0.1, ""max_depth"": 6, ""n_estimators"": 200, ""reg_lambda"": 1.0, ""scale_pos_weight"": 3.4967095851216023, ""subsample"": 0.9}",ok,1.836295900000096,0.91,6847,5354,1493,0.91,0.997809259529721,0.9949765572672472,1.0,0.9899531145344944,0.9967761663125908,0.9986308913642824,0.9973064442774352,0.0,5354,0,15,1478
iscx_url2016_binary,s2,r09,lr,lr_c01,0,"{""C"": 0.1, ""class_weight"": null}",ok,1.4124165999996876,0.69,7064,5582,1482,0.69,0.9847112117780294,0.9640583696100488,0.9985486211901308,0.9284750337381916,0.9763265488505104,0.9867421357737975,0.972922357643154,0.0003582945180938,5580,2,106,1376
iscx_url2016_binary,s2,r09,lr,lr_c1,1,"{""C"": 1.0, ""class_weight"": null}",ok,1.4841472000002796,0.86,7064,5582,1482,0.86,0.9823046432616082,0.9585706853192568,0.9977989728539984,0.9176788124156544,0.9724923275244792,0.9872765554986604,0.9722717545024916,0.0005374417771408,5579,3,122,1360
iscx_url2016_binary,s2,r09,lr,lr_c1_balanced,2,"{""C"": 1.0, ""class_weight"": ""balanced""}",ok,1.5476636000003057,0.95,7064,5582,1482,0.95,0.983295583238958,0.960932358733562,0.9978102189781022,0.9224021592442644,0.974080411075516,0.988673831589972,0.9748765365004908,0.0005374417771408,5579,3,115,1367
iscx_url2016_binary,s2,r09,rf,rf_depth16_leaf1,0,"{""class_weight"": null, ""max_depth"": 16, ""max_features"": ""sqrt"", ""min_samples_leaf"": 1, ""n_estimators"": 200}",ok,3.5955963000001248,0.51,7064,5582,1482,0.51,0.9954699886749716,0.9892037786774628,1.0,0.9784075573549258,0.993113892264193,0.9988766427271774,0.997232738509107,0.0,5582,0,32,1450
iscx_url2016_binary,s2,r09,rf,rf_depth24_leaf2,1,"{""class_weight"": null, ""max_depth"": 24, ""max_features"": ""sqrt"", ""min_samples_leaf"": 2, ""n_estimators"": 200}",ok,2.726211400000011,0.33,7064,5582,1482,0.33,0.9956115515288788,0.9932582848958794,0.9898717083051992,0.9892037786774628,0.9933805484842992,0.9985571513603344,0.9964723706061008,0.002687208885704,5567,15,16,1466
iscx_url2016_binary,s2,r09,rf,rf_unlimited_leaf5_balanced,2,"{""class_weight"": ""balanced_subsample"", ""max_depth"": null, ""max_features"": ""sqrt"", ""min_samples_leaf"": 5, ""n_estimators"": 200}",ok,3.0162750999998025,0.49,7064,5582,1482,0.49,0.9956115515288788,0.9902845854542096,0.9979409746053536,0.98110661268556,0.9933408081887648,0.9979712358646526,0.9951254408373236,0.0005374417771408,5579,3,28,1454
iscx_url2016_binary,s2,r09,xgb,xgb_d4_lr005,0,"{""colsample_bytree"": 0.9, ""learning_rate"": 0.05, ""max_depth"": 4, ""n_estimators"": 300, ""reg_lambda"": 1.0, ""scale_pos_weight"": 1.0, ""subsample"": 0.9}",ok,1.7876468999997996,0.36,7064,5582,1482,0.36,0.9958946772366932,0.9904637327132566,0.9993127147766324,0.98110661268556,0.9937673054132006,0.9980021816799808,0.9960001775127464,0.0001791472590469,5581,1,28,1454
iscx_url2016_binary,s2,r09,xgb,xgb_d6_lr005,1,"{""colsample_bytree"": 0.9, ""learning_rate"": 0.05, ""max_depth"": 6, ""n_estimators"": 250, ""reg_lambda"": 1.0, ""scale_pos_weight"": 1.0, ""subsample"": 0.9}",ok,1.9789959999998248,0.31,7064,5582,1482,0.31,0.9964609286523216,0.9918132603785736,0.9993145990404386,0.9838056680161944,0.9946323766106936,0.9984883694504844,0.996798404880695,0.0001791472590469,5581,1,24,1458
iscx_url2016_binary,s2,r09,xgb,xgb_d6_lr01_balanced,2,"{""colsample_bytree"": 0.9, ""learning_rate"": 0.1, ""max_depth"": 6, ""n_estimators"": 200, ""reg_lambda"": 1.0, ""scale_pos_weight"": 3.4967095851216023, ""subsample"": 0.9}",ok,1.5751705000002405,0.32,7064,5582,1482,0.32,0.9961778029445072,0.9916341131195268,0.997946611909651,0.9838056680161944,0.994205870411306,0.9986499888063184,0.9968553818163192,0.0005374417771408,5579,3,24,1458
iscx_url2016_binary,s3,r00,lr,lr_c01,0,"{""C"": 0.1, ""class_weight"": null}",ok,1.222795700000006,0.77,6798,5303,1495,0.77,0.7789055604589585,0.8530041996799944,0.498645903859174,0.9852842809364548,0.7489275526039401,0.7989137214563349,0.4971640506509551,0.2792758815764661,3822,1481,22,1473
iscx_url2016_binary,s3,r00,lr,lr_c1,1,"{""C"": 1.0, ""class_weight"": null}",ok,1.707676900000024,0.86,6798,5303,1495,0.86,0.7809649897028538,0.8536037215004821,0.5010224948875256,0.9832775919732442,0.7506881356534181,0.807189342563085,0.5189326796973293,0.2760701489722798,3839,1464,25,1470
iscx_url2016_binary,s3,r00,lr,lr_c1_balanced,2,"{""C"": 1.0, ""class_weight"": ""balanced""}",ok,2.096992599999794,0.91,6798,5303,1495,0.91,0.7778758458370109,0.8528245197234858,0.4974704890387858,0.9866220735785952,0.7480773837104286,0.7901206927106952,0.4723781365828583,0.2809730341316236,3813,1490,20,1475
iscx_url2016_binary,s3,r00,rf,rf_depth16_leaf1,0,"{""class_weight"": null, ""max_depth"": 16, ""max_features"": ""sqrt"", ""min_samples_leaf"": 1, ""n_estimators"": 200}",ok,3.0534115999998903,0.66,6798,5303,1495,0.66,0.998676081200353,0.996989966555184,1.0,0.993979933110368,0.998066511046646,0.99909636559605,0.9983276039551496,0.0,5303,0,9,1486
iscx_url2016_binary,s3,r00,rf,rf_depth24_leaf2,1,"{""class_weight"": null, ""max_depth"": 24, ""max_features"": ""sqrt"", ""min_samples_leaf"": 2, ""n_estimators"": 200}",ok,2.6923878000002333,0.66,6798,5303,1495,0.66,0.998676081200353,0.996989966555184,1.0,0.993979933110368,0.998066511046646,0.9990623090230368,0.9982762333125192,0.0,5303,0,9,1486
iscx_url2016_binary,s3,r00,rf,rf_unlimited_leaf5_balanced,2,"{""class_weight"": ""balanced_subsample"", ""max_depth"": null, ""max_features"": ""sqrt"", ""min_samples_leaf"": 5, ""n_estimators"": 200}",ok,3.002516200000173,0.73,6798,5303,1495,0.73,0.998676081200353,0.996989966555184,1.0,0.993979933110368,0.998066511046646,0.9991497208937706,0.9984217403508148,0.0,5303,0,9,1486
iscx_url2016_binary,s3,r00,xgb,xgb_d4_lr005,0,"{""colsample_bytree"": 0.9, ""learning_rate"": 0.05, ""max_depth"": 4, ""n_estimators"": 300, ""reg_lambda"": 1.0, ""scale_pos_weight"": 1.0, ""subsample"": 0.9}",ok,1.933428499999991,0.78,6798,5303,1495,0.78,0.999117387466902,0.9979933110367892,1.0,0.9959866220735786,0.9987119392381936,0.9990388478282944,0.998348977514898,0.0,5303,0,6,1489
iscx_url2016_binary,s3,r00,xgb,xgb_d6_lr005,1,"{""colsample_bytree"": 0.9, ""learning_rate"": 0.05, ""max_depth"": 6, ""n_estimators"": 250, ""reg_lambda"": 1.0, ""scale_pos_weight"": 1.0, ""subsample"": 0.9}",ok,1.511858200000006,0.82,6798,5303,1495,0.82,0.9992644895557516,0.9983277591973244,1.0,0.9966555183946488,0.9989268745006724,0.999085517946868,0.9983555708858756,0.0,5303,0,5,1490
iscx_url2016_binary,s3,r00,xgb,xgb_d6_lr01_balanced,2,"{""colsample_bytree"": 0.9, ""learning_rate"": 0.1, ""max_depth"": 6, ""n_estimators"": 200, ""reg_lambda"": 1.0, ""scale_pos_weight"": 3.537326264507809, ""subsample"": 0.9}",ok,1.600531300000057,0.91,6798,5303,1495,0.91,0.9992644895557516,0.9983277591973244,1.0,0.9966555183946488,0.9989268745006724,0.999186930853174,0.9985061805934136,0.0,5303,0,5,1490
iscx_url2016_binary,s3,r01,lr,lr_c01,0,"{""C"": 0.1, ""class_weight"": null}",ok,2.163017500000024,0.66,6879,5388,1491,0.66,0.9899694723070214,0.9780738999699758,0.996508379888268,0.9570757880617036,0.98501293229816,0.9930059197053144,0.9866647412768904,0.000927988121752,5383,5,64,1427
iscx_url2016_binary,s3,r01,lr,lr_c1,1,"{""C"": 1.0, ""class_weight"": null}",ok,1.8157476999999744,0.85,6879,5388,1491,0.85,0.9861898531763338,0.9688698262328238,0.9978601997146932,0.9382964453386988,0.9792092215543524,0.9919268145373104,0.9829757375103716,0.0005567928730512,5385,3,92,1399
iscx_url2016_binary,s3,r01,lr,lr_c1_balanced,2,"{""C"": 1.0, ""class_weight"": ""balanced""}",ok,2.693655099999887,0.94,6879,5388,1491,0.94,0.9863352231428988,0.9701753580129626,0.9950389794472004,0.9416498993963782,0.9794748698201684,0.9925584190617598,0.9840169647081212,0.0012991833704528,5381,7,87,1404
iscx_url2016_binary,s3,r01,rf,rf_depth16_leaf1,0,"{""class_weight"": null, ""max_depth"": 16, ""max_features"": ""sqrt"", ""min_samples_leaf"": 1, ""n_estimators"": 200}",ok,3.356025300000056,0.53,6879,5388,1491,0.53,0.9991277802006104,0.9979879275653925,1.0,0.9959758551307848,0.9987136939702372,0.9998144023756496,0.9995402155797032,0.0,5388,0,6,1485
iscx_url2016_binary,s3,r01,rf,rf_depth24_leaf2,1,"{""class_weight"": null, ""max_depth"": 24, ""max_features"": ""sqrt"", ""min_samples_leaf"": 2, ""n_estimators"": 200}",ok,2.786862999999812,0.53,6879,5388,1491,0.53,0.9991277802006104,0.9979879275653925,1.0,0.9959758551307848,0.9987136939702372,0.9998941931718996,0.9996783179925092,0.0,5388,0,6,1485
iscx_url2016_binary,s3,r01,rf,rf_unlimited_leaf5_balanced,2,"{""class_weight"": ""balanced_subsample"", ""max_depth"": null, ""max_features"": ""sqrt"", ""min_samples_leaf"": 5, ""n_estimators"": 200}",ok,3.003962899999806,0.56,6879,5388,1491,0.56,0.9991277802006104,0.9982304741589852,0.999327505043712,0.9966465459423206,0.9987143193561692,0.9999764735405754,0.9999171342448796,0.0001855976243504,5387,1,5,1486
iscx_url2016_binary,s3,r01,xgb,xgb_d4_lr005,0,"{""colsample_bytree"": 0.9, ""learning_rate"": 0.05, ""max_depth"": 4, ""n_estimators"": 300, ""reg_lambda"": 1.0, ""scale_pos_weight"": 1.0, ""subsample"": 0.9}",ok,2.0789206999997987,0.37,6879,5388,1491,0.37,0.9992731501671754,0.998565819564753,0.9993279569892471,0.9973172367538564,0.9989288597508844,0.9999804568564568,0.999933100889008,0.0001855976243504,5387,1,4,1487
iscx_url2016_binary,s3,r01,xgb,xgb_d6_lr005,1,"{""colsample_bytree"": 0.9, ""learning_rate"": 0.05, ""max_depth"": 6, ""n_estimators"": 250, ""reg_lambda"": 1.0, ""scale_pos_weight"": 1.0, ""subsample"": 0.9}",ok,1.5989190000000235,0.18,6879,5388,1491,0.18,0.9992731501671754,0.9988083661583458,0.9986577181208054,0.9979879275653925,0.9989293797465292,0.9999940250261778,0.9999786662333654,0.0003711952487008,5386,2,3,1488
iscx_url2016_binary,s3,r01,xgb,xgb_d6_lr01_balanced,2,"{""colsample_bytree"": 0.9, ""learning_rate"": 0.1, ""max_depth"": 6, ""n_estimators"": 200, ""reg_lambda"": 1.0, ""scale_pos_weight"": 3.537326264507809, ""subsample"": 0.9}",ok,1.6902703999999176,0.3,6879,5388,1491,0.3,0.9997092600668702,0.999329309188464,1.0,0.9986586183769284,0.9995716479380692,0.9999982572993018,0.9999937297680078,0.0,5388,0,2,1489
iscx_url2016_binary,s3,r02,lr,lr_c01,0,"{""C"": 0.1, ""class_weight"": null}",ok,1.4335304000001088,0.67,6879,5388,1491,0.67,0.9941852013374036,0.9873138235500606,0.9979409746053536,0.9751844399731724,0.9913656007239892,0.9941434053467052,0.9909091984148668,0.0005567928730512,5385,3,37,1454
iscx_url2016_binary,s3,r02,lr,lr_c1,1,"{""C"": 1.0, ""class_weight"": null}",ok,1.4634048999996594,0.84,6879,5388,1491,0.84,0.9918592818723652,0.9819482970577736,0.9979181124219292,0.9644533869885984,0.9878638384829206,0.9943428200980194,0.9899052732865434,0.0005567928730512,5385,3,53,1438
iscx_url2016_binary,s3,r02,lr,lr_c1_balanced,2,"{""C"": 1.0, ""class_weight"": ""balanced""}",ok,1.35029940000004,0.94,6879,5388,1491,0.94,0.9911324320395406,0.9807566632161192,0.9965277777777778,0.9624413145539906,0.9867769637281376,0.9946654686844152,0.9899324957682224,0.000927988121752,5383,5,56,1435
iscx_url2016_binary,s3,r02,rf,rf_depth16_leaf1,0,"{""class_weight"": null, ""max_depth"": 16, ""max_features"": ""sqrt"", ""min_samples_leaf"": 1, ""n_estimators"": 200}",ok,3.0757073999998283,0.38,6879,5388,1491,0.38,0.9992731501671754,0.9988083661583458,0.9986577181208054,0.9979879275653925,0.9989293797465292,0.9998814963525274,0.9997101597976328,0.0003711952487008,5386,2,3,1488
iscx_url2016_binary,s3,r02,rf,rf_depth24_leaf2,1,"{""class_weight"": null, ""max_depth"": 24, ""max_features"": ""sqrt"", ""min_samples_leaf"": 2, ""n_estimators"": 200}",ok,2.7399162000001525,0.42,6879,5388,1491,0.42,0.9994185201337404,0.998901164970521,0.9993284083277368,0.9979879275653925,0.9991432958761384,0.9999924068041012,0.9999729298390192,0.0001855976243504,5387,1,3,1488
iscx_url2016_binary,s3,r02,rf,rf_unlimited_leaf5_balanced,2,"{""class_weight"": ""balanced_subsample"", ""max_depth"": null, ""max_features"": ""sqrt"", ""min_samples_leaf"": 5, ""n_estimators"": 200}",ok,3.438095500000145,0.53,6879,5388,1491,0.53,0.9991277802006104,0.9982304741589852,0.999327505043712,0.9966465459423206,0.9987143193561692,0.9999510799018312,0.9998496142841468,0.0001855976243504,5387,1,5,1486
iscx_url2016_binary,s3,r02,xgb,xgb_d4_lr005,0,"{""colsample_bytree"": 0.9, ""learning_rate"": 0.05, ""max_depth"": 4, ""n_estimators"": 300, ""reg_lambda"": 1.0, ""scale_pos_weight"": 1.0, ""subsample"": 0.9}",ok,2.1286219000003257,0.28,6879,5388,1491,0.28,0.9991277802006104,0.9984730207525778,0.9986568166554736,0.9973172367538564,0.9987149438142076,0.9999868052661428,0.9999534314712424,0.0003711952487008,5386,2,4,1487
iscx_url2016_binary,s3,r02,xgb,xgb_d6_lr005,1,"{""colsample_bytree"": 0.9, ""learning_rate"": 0.05, ""max_depth"": 6, ""n_estimators"": 250, ""reg_lambda"": 1.0, ""scale_pos_weight"": 1.0, ""subsample"": 0.9}",ok,1.8951548000000005,0.29,6879,5388,1491,0.29,0.9997092600668702,0.999329309188464,1.0,0.9986586183769284,0.9995716479380692,0.9999941495047991,0.999979181066585,0.0,5388,0,2,1489
iscx_url2016_binary,s3,r02,xgb,xgb_d6_lr01_balanced,2,"{""colsample_bytree"": 0.9, ""learning_rate"": 0.1, ""max_depth"": 6, ""n_estimators"": 200, ""reg_lambda"": 1.0, ""scale_pos_weight"": 3.537326264507809, ""subsample"": 0.9}",ok,1.853400800000145,0.16,6879,5388,1491,0.16,0.9997092600668702,0.9995718557820568,0.999329309188464,0.999329309188464,0.9995718557820568,0.9999935271116928,0.9999773677929088,0.0001855976243504,5387,1,1,1490
iscx_url2016_binary,s3,r03,lr,lr_c01,0,"{""C"": 0.1, ""class_weight"": null}",ok,1.4757714000002125,0.78,6798,5303,1495,0.78,0.774786701971168,0.8460412702597192,0.4938900203665988,0.9732441471571908,0.7440134017571974,0.7954600065464301,0.4883429674394222,0.2811616066377522,3812,1491,40,1455
iscx_url2016_binary,s3,r03,lr,lr_c1,1,"{""C"": 1.0, ""class_weight"": null}",ok,1.5316554999999423,0.88,6798,5303,1495,0.88,0.7783171521035599,0.8468631688884376,0.4979381443298969,0.9692307692307692,0.7469620073232079,0.8056343446663938,0.5118942082301914,0.275504431453894,3842,1461,46,1449
iscx_url2016_binary,s3,r03,lr,lr_c1_balanced,2,"{""C"": 1.0, ""class_weight"": ""balanced""}",ok,1.3362296999998762,0.89,6798,5303,1495,0.89,0.77390408943807,0.8481173337235124,0.4929388029589778,0.9806020066889632,0.7438368691733515,0.7875983620049736,0.4649486512028487,0.2843673392419385,3795,1508,29,1466
iscx_url2016_binary,s3,r03,rf,rf_depth16_leaf1,0,"{""class_weight"": null, ""max_depth"": 16, ""max_features"": ""sqrt"", ""min_samples_leaf"": 1, ""n_estimators"": 200}",ok,2.9247354999997697,0.64,6798,5303,1495,0.64,0.999117387466902,0.9979933110367892,1.0,0.9959866220735786,0.9987119392381936,0.9992415475054506,0.9986540645041544,0.0,5303,0,6,1489
iscx_url2016_binary,s3,r03,rf,rf_depth24_leaf2,1,"{""class_weight"": null, ""max_depth"": 24, ""max_features"": ""sqrt"", ""min_samples_leaf"": 2, ""n_estimators"": 200}",ok,2.521592900000087,0.6,6798,5303,1495,0.6,0.9989702853780524,0.9981391866911958,0.9986595174262736,0.9966555183946488,0.9984983472068284,0.999300452763218,0.9987107398548064,0.0003771450122572,5301,2,5,1490
iscx_url2016_binary,s3,r03,rf,rf_unlimited_leaf5_balanced,2,"{""class_weight"": ""balanced_subsample"", ""max_depth"": null, ""max_features"": ""sqrt"", ""min_samples_leaf"": 5, ""n_estimators"": 200}",ok,2.8722193000003244,0.76,6798,5303,1495,0.76,0.9988231832892028,0.9973244147157192,1.0,0.9946488294314382,0.9982817576269754,0.9993235355515936,0.9986550324174636,0.0,5303,0,8,1487
iscx_url2016_binary,s3,r03,xgb,xgb_d4_lr005,0,"{""colsample_bytree"": 0.9, ""learning_rate"": 0.05, ""max_depth"": 4, ""n_estimators"": 300, ""reg_lambda"": 1.0, ""scale_pos_weight"": 1.0, ""subsample"": 0.9}",ok,2.2980178999996497,0.72,6798,5303,1495,0.72,0.999117387466902,0.9979933110367892,1.0,0.9959866220735786,0.9987119392381936,0.9994748980983188,0.9990247288892524,0.0,5303,0,6,1489
iscx_url2016_binary,s3,r03,xgb,xgb_d6_lr005,1,"{""colsample_bytree"": 0.9, ""learning_rate"": 0.05, ""max_depth"": 6, ""n_estimators"": 250, ""reg_lambda"": 1.0, ""scale_pos_weight"": 1.0, ""subsample"": 0.9}",ok,1.714183199999752,0.65,6798,5303,1495,0.65,0.999558693733451,0.9989966555183948,1.0,0.9979933110367892,0.999356434517212,0.9994415983380392,0.9990043743439888,0.0,5303,0,3,1492
iscx_url2016_binary,s3,r03,xgb,xgb_d6_lr01_balanced,2,"{""colsample_bytree"": 0.9, ""learning_rate"": 0.1, ""max_depth"": 6, ""n_estimators"": 200, ""reg_lambda"": 1.0, ""scale_pos_weight"": 3.537326264507809, ""subsample"": 0.9}",ok,1.707502100000056,0.86,6798,5303,1495,0.86,0.9988231832892028,0.9980449004381317,0.9979906229068988,0.9966555183946488,0.9982842380078384,0.9994965933966828,0.9990497095001828,0.0005657175183858,5300,3,5,1490
iscx_url2016_binary,s3,r04,lr,lr_c01,0,"{""C"": 0.1, ""class_weight"": null}",ok,1.0875214000002416,0.68,6879,5388,1491,0.68,0.9959296409361826,0.9910954218256832,0.9986366734832992,0.9825620389000672,0.9939707760498836,0.9959568099017266,0.993410852171126,0.0003711952487008,5386,2,26,1465
iscx_url2016_binary,s3,r04,lr,lr_c1,1,"{""C"": 1.0, ""class_weight"": null}",ok,1.2699542999998812,0.84,6879,5388,1491,0.84,0.9933129815380144,0.9855442977090456,0.9972470750172058,0.971830985915493,0.9900606274274087,0.9958985539069608,0.9923319323901618,0.0007423904974016,5384,4,42,1449
iscx_url2016_binary,s3,r04,lr,lr_c1_balanced,2,"{""C"": 1.0, ""class_weight"": ""balanced""}",ok,1.1781752000001688,0.95,6879,5388,1491,0.95,0.9928768716383196,0.984295714898149,0.99792817679558,0.9691482226693494,0.9893992966200847,0.9965299094741672,0.9934138472403566,0.0005567928730512,5385,3,46,1445
iscx_url2016_binary,s3,r04,rf,rf_depth16_leaf1,0,"{""class_weight"": null, ""max_depth"": 16, ""max_features"": ""sqrt"", ""min_samples_leaf"": 1, ""n_estimators"": 200}",ok,2.645513099999789,0.54,6879,5388,1491,0.54,0.9991277802006104,0.9979879275653925,1.0,0.9959758551307848,0.9987136939702372,0.9995207573080154,0.9989429928154124,0.0,5388,0,6,1485
iscx_url2016_binary,s3,r04,rf,rf_depth24_leaf2,1,"{""class_weight"": null, ""max_depth"": 24, ""max_features"": ""sqrt"", ""min_samples_leaf"": 2, ""n_estimators"": 200}",ok,2.409641400000055,0.43,6879,5388,1491,0.43,0.9992731501671754,0.998565819564753,0.9993279569892471,0.9973172367538564,0.9989288597508844,0.9994700945091484,0.9988814063931344,0.0001855976243504,5387,1,4,1487
iscx_url2016_binary,s3,r04,rf,rf_unlimited_leaf5_balanced,2,"{""class_weight"": ""balanced_subsample"", ""max_depth"": null, ""max_features"": ""sqrt"", ""min_samples_leaf"": 5, ""n_estimators"": 200}",ok,2.692039500000192,0.57,6879,5388,1491,0.57,0.9989824102340455,0.9978951287532172,0.9993270524899058,0.9959758551307848,0.9984996745758542,0.9994868991230232,0.9988957456703536,0.0001855976243504,5387,1,6,1485
iscx_url2016_binary,s3,r04,xgb,xgb_d4_lr005,0,"{""colsample_bytree"": 0.9, ""learning_rate"": 0.05, ""max_depth"": 4, ""n_estimators"": 300, ""reg_lambda"": 1.0, ""scale_pos_weight"": 1.0, ""subsample"": 0.9}",ok,1.584445599999981,0.5,6879,5388,1491,0.5,0.9992731501671754,0.9983232729711604,1.0,0.9966465459423206,0.998928338982753,0.9990903102355784,0.998503106830306,0.0,5388,0,5,1486
iscx_url2016_binary,s3,r04,xgb,xgb_d6_lr005,1,"{""colsample_bytree"": 0.9, ""learning_rate"": 0.05, ""max_depth"": 6, ""n_estimators"": 250, ""reg_lambda"": 1.0, ""scale_pos_weight"": 1.0, ""subsample"": 0.9}",ok,1.577580399999988,0.5,6879,5388,1491,0.5,0.9992731501671754,0.9983232729711604,1.0,0.9966465459423206,0.998928338982753,0.9994076062412584,0.998803064636392,0.0,5388,0,5,1486
iscx_url2016_binary,s3,r04,xgb,xgb_d6_lr01_balanced,2,"{""colsample_bytree"": 0.9, ""learning_rate"": 0.1, ""max_depth"": 6, ""n_estimators"": 200, ""reg_lambda"": 1.0, ""scale_pos_weight"": 3.537326264507809, ""subsample"": 0.9}",ok,1.3891665999999532,0.32,6879,5388,1491,0.32,0.9992731501671754,0.998565819564753,0.9993279569892471,0.9973172367538564,0.9989288597508844,0.9998867244546218,0.9996450139614886,0.0001855976243504,5387,1,4,1487
iscx_url2016_binary,s3,r05,lr,lr_c01,0,"{""C"": 0.1, ""class_weight"": null}",ok,1.0901585000001432,0.71,6798,5303,1495,0.71,0.776551927037364,0.8514956196309655,0.4959595959595959,0.9852842809364548,0.7467210319177757,0.7971989099373927,0.4900634195385753,0.2822930416745238,3806,1497,22,1473
iscx_url2016_binary,s3,r05,lr,lr_c1,1,"{""C"": 1.0, ""class_weight"": null}",ok,1.3751446999999644,0.86,6798,5303,1495,0.86,0.7805236834363048,0.8521200532039352,0.5005124701059105,0.979933110367893,0.74998129040865,0.8098646755764548,0.5184016748146879,0.2756930039600226,3841,1462,30,1465
iscx_url2016_binary,s3,r05,lr,lr_c1_balanced,2,"{""C"": 1.0, ""class_weight"": ""balanced""}",ok,1.222308399999747,0.89,6798,5303,1495,0.89,0.7764048249485143,0.8523619810077845,0.4958039610607586,0.9879598662207358,0.7468145754216156,0.7904454915088764,0.4733746760923975,0.2832359042051668,3801,1502,18,1477
iscx_url2016_binary,s3,r05,rf,rf_depth16_leaf1,0,"{""class_weight"": null, ""max_depth"": 16, ""max_features"": ""sqrt"", ""min_samples_leaf"": 1, ""n_estimators"": 200}",ok,2.6218589000000065,0.69,6798,5303,1495,0.69,0.999558693733451,0.9989966555183948,1.0,0.9979933110367892,0.999356434517212,0.9996710387317836,0.9993775584653124,0.0,5303,0,3,1492
iscx_url2016_binary,s3,r05,rf,rf_depth24_leaf2,1,"{""class_weight"": null, ""max_depth"": 24, ""max_features"": ""sqrt"", ""min_samples_leaf"": 2, ""n_estimators"": 200}",ok,2.428108800000245,0.6,6798,5303,1495,0.6,0.9997057958223008,0.9993311036789296,1.0,0.9986622073578596,0.9995710595019596,0.999845105660518,0.9996746864881876,0.0,5303,0,2,1493
iscx_url2016_binary,s3,r05,rf,rf_unlimited_leaf5_balanced,2,"{""class_weight"": ""balanced_subsample"", ""max_depth"": null, ""max_features"": ""sqrt"", ""min_samples_leaf"": 5, ""n_estimators"": 200}",ok,2.689901000000191,0.75,6798,5303,1495,0.75,0.9992644895557516,0.9983277591973244,1.0,0.9966555183946488,0.9989268745006724,0.9998997223127946,0.9997211018871056,0.0,5303,0,5,1490
iscx_url2016_binary,s3,r05,xgb,xgb_d4_lr005,0,"{""colsample_bytree"": 0.9, ""learning_rate"": 0.05, ""max_depth"": 4, ""n_estimators"": 300, ""reg_lambda"": 1.0, ""scale_pos_weight"": 1.0, ""subsample"": 0.9}",ok,1.5499716999997872,0.75,6798,5303,1495,0.75,0.999558693733451,0.9992368174258656,0.999330655957162,0.9986622073578596,0.9993567438736982,0.9998892530699792,0.9997310201980598,0.0001885725061286,5302,1,2,1493
iscx_url2016_binary,s3,r05,xgb,xgb_d6_lr005,1,"{""colsample_bytree"": 0.9, ""learning_rate"": 0.05, ""max_depth"": 6, ""n_estimators"": 250, ""reg_lambda"": 1.0, ""scale_pos_weight"": 1.0, ""subsample"": 0.9}",ok,1.5941717000000608,0.76,6798,5303,1495,0.76,0.9997057958223008,0.9993311036789296,1.0,0.9986622073578596,0.9995710595019596,0.9998177342666515,0.9996459161102748,0.0,5303,0,2,1493
iscx_url2016_binary,s3,r05,xgb,xgb_d6_lr01_balanced,2,"{""colsample_bytree"": 0.9, ""learning_rate"": 0.1, ""max_depth"": 6, ""n_estimators"": 200, ""reg_lambda"": 1.0, ""scale_pos_weight"": 3.537326264507809, ""subsample"": 0.9}",ok,1.3717313000001925,0.91,6798,5303,1495,0.91,0.9997057958223008,0.9993311036789296,1.0,0.9986622073578596,0.9995710595019596,0.99978506518365,0.9995722032169744,0.0,5303,0,2,1493
iscx_url2016_binary,s3,r06,lr,lr_c01,0,"{""C"": 0.1, ""class_weight"": null}",ok,1.1114368999997168,0.67,6879,5388,1491,0.67,0.9943305713039686,0.9876491689558284,0.9979423868312756,0.9758551307847082,0.991583536834485,0.9952749160142742,0.9916692156688846,0.0005567928730512,5385,3,36,1455
iscx_url2016_binary,s3,r06,lr,lr_c1,1,"{""C"": 1.0, ""class_weight"": null}",ok,1.2891999000003125,0.85,6879,5388,1491,0.85,0.9921500218054948,0.9826189878693096,0.997920997920998,0.96579476861167,0.9883030892495204,0.9950344233179328,0.9901381993980244,0.0005567928730512,5385,3,51,1440
iscx_url2016_binary,s3,r06,lr,lr_c1_balanced,2,"{""C"": 1.0, ""class_weight"": ""balanced""}",ok,1.2051891999999498,0.94,6879,5388,1491,0.94,0.9921500218054948,0.9835891742436804,0.9951757408683668,0.9684775318578136,0.9883262679053416,0.9954144565487456,0.9907279847976715,0.0012991833704528,5381,7,47,1444
iscx_url2016_binary,s3,r06,rf,rf_depth16_leaf1,0,"{""class_weight"": null, ""max_depth"": 16, ""max_features"": ""sqrt"", ""min_samples_leaf"": 1, ""n_estimators"": 200}",ok,2.728194699999676,0.54,6879,5388,1491,0.54,0.9992731501671754,0.9983232729711604,1.0,0.9966465459423206,0.998928338982753,0.9997146949999924,0.9993398291520778,0.0,5388,0,5,1486
iscx_url2016_binary,s3,r06,rf,rf_depth24_leaf2,1,"{""class_weight"": null, ""max_depth"": 24, ""max_features"": ""sqrt"", ""min_samples_leaf"": 2, ""n_estimators"": 200}",ok,2.4740011000003506,0.5,6879,5388,1491,0.5,0.9992731501671754,0.998565819564753,0.9993279569892471,0.9973172367538564,0.9989288597508844,0.9997202965379508,0.9993444916050372,0.0001855976243504,5387,1,4,1487
iscx_url2016_binary,s3,r06,rf,rf_unlimited_leaf5_balanced,2,"{""class_weight"": ""balanced_subsample"", ""max_depth"": null, ""max_features"": ""sqrt"", ""min_samples_leaf"": 5, ""n_estimators"": 200}",ok,2.74357289999989,0.66,6879,5388,1491,0.66,0.9992731501671754,0.9983232729711604,1.0,0.9966465459423206,0.998928338982753,0.9997475573560144,0.9994366162386864,0.0,5388,0,5,1486
iscx_url2016_binary,s3,r06,xgb,xgb_d4_lr005,0,"{""colsample_bytree"": 0.9, ""learning_rate"": 0.05, ""max_depth"": 4, ""n_estimators"": 300, ""reg_lambda"": 1.0, ""scale_pos_weight"": 1.0, ""subsample"": 0.9}",ok,1.8998454999996284,0.54,6879,5388,1491,0.54,0.9994185201337404,0.9986586183769282,1.0,0.9973172367538564,0.9991428795707794,0.9999662662936292,0.9998864096994984,0.0,5388,0,4,1487
iscx_url2016_binary,s3,r06,xgb,xgb_d6_lr005,1,"{""colsample_bytree"": 0.9, ""learning_rate"": 0.05, ""max_depth"": 6, ""n_estimators"": 250, ""reg_lambda"": 1.0, ""scale_pos_weight"": 1.0, ""subsample"": 0.9}",ok,1.5661629000001085,0.33,6879,5388,1491,0.33,0.9994185201337404,0.998901164970521,0.9993284083277368,0.9979879275653925,0.9991432958761384,0.9999798344633504,0.9999300704392386,0.0001855976243504,5387,1,3,1488
iscx_url2016_binary,s3,r06,xgb,xgb_d6_lr01_balanced,2,"{""colsample_bytree"": 0.9, ""learning_rate"": 0.1, ""max_depth"": 6, ""n_estimators"": 200, ""reg_lambda"": 1.0, ""scale_pos_weight"": 3.537326264507809, ""subsample"": 0.9}",ok,1.3854154000000565,0.5,6879,5388,1491,0.5,0.9995638901003052,0.998993963782696,1.0,0.9979879275653925,0.9993573158505308,0.9999692537805402,0.9998969225547512,0.0,5388,0,3,1488
iscx_url2016_binary,s3,r07,lr,lr_c01,0,"{""C"": 0.1, ""class_weight"": null}",ok,1.0876555999998343,0.68,6879,5388,1491,0.68,0.993603721471144,0.9859724419269889,0.9979353062629044,0.9725016767270288,0.990492774061,0.9951640055627006,0.9918030877952546,0.0005567928730512,5385,3,41,1450
iscx_url2016_binary,s3,r07,lr,lr_c1,1,"{""C"": 1.0, ""class_weight"": null}",ok,1.2905249000000367,0.85,6879,5388,1491,0.85,0.9915685419392354,0.9817626994334232,0.9965349965349966,0.9644533869885984,0.9874366514161516,0.994710529945324,0.9896494817892312,0.000927988121752,5383,5,53,1438
iscx_url2016_binary,s3,r07,lr,lr_c1_balanced,2,"{""C"": 1.0, ""class_weight"": ""balanced""}",ok,1.3355203999999503,0.95,6879,5388,1491,0.95,0.9908416921064108,0.979600879217398,0.997907949790795,0.959758551307847,0.9863229874528684,0.9949934698515268,0.9899529122977024,0.0005567928730512,5385,3,60,1431
iscx_url2016_binary,s3,r07,rf,rf_depth16_leaf1,0,"{""class_weight"": null, ""max_depth"": 16, ""max_features"": ""sqrt"", ""min_samples_leaf"": 1, ""n_estimators"": 200}",ok,2.521174699999847,0.5,6879,5388,1491,0.5,0.9995638901003052,0.998993963782696,1.0,0.9979879275653925,0.9993573158505308,0.9999584241404876,0.9998745375241334,0.0,5388,0,3,1488
iscx_url2016_binary,s3,r07,rf,rf_depth24_leaf2,1,"{""class_weight"": null, ""max_depth"": 24, ""max_features"": ""sqrt"", ""min_samples_leaf"": 2, ""n_estimators"": 200}",ok,2.679547200000343,0.53,6879,5388,1491,0.53,0.9995638901003052,0.998993963782696,1.0,0.9979879275653925,0.9993573158505308,0.9999203336823717,0.9997619793605312,0.0,5388,0,3,1488
iscx_url2016_binary,s3,r07,rf,rf_unlimited_leaf5_balanced,2,"{""class_weight"": ""balanced_subsample"", ""max_depth"": null, ""max_features"": ""sqrt"", ""min_samples_leaf"": 5, ""n_estimators"": 200}",ok,3.6201845000000494,0.58,6879,5388,1491,0.58,0.9994185201337404,0.9986586183769282,1.0,0.9973172367538564,0.9991428795707794,0.9999860583944148,0.9999514068081656,0.0,5388,0,4,1487
iscx_url2016_binary,s3,r07,xgb,xgb_d4_lr005,0,"{""colsample_bytree"": 0.9, ""learning_rate"": 0.05, ""max_depth"": 4, ""n_estimators"": 300, ""reg_lambda"": 1.0, ""scale_pos_weight"": 1.0, ""subsample"": 0.9}",ok,1.5681820999998308,0.5,6879,5388,1491,0.5,0.9992731501671754,0.9983232729711604,1.0,0.9966465459423206,0.998928338982753,0.9999922823254798,0.9999725657456712,0.0,5388,0,5,1486
iscx_url2016_binary,s3,r07,xgb,xgb_d6_lr005,1,"{""colsample_bytree"": 0.9, ""learning_rate"": 0.05, ""max_depth"": 6, ""n_estimators"": 250, ""reg_lambda"": 1.0, ""scale_pos_weight"": 1.0, ""subsample"": 0.9}",ok,1.5861243999997896,0.27,6879,5388,1491,0.27,0.9997092600668702,0.9998144023756496,0.998660415271266,1.0,0.9995720633179568,0.9999995020855148,0.999998202503486,0.0003711952487008,5386,2,0,1491
iscx_url2016_binary,s3,r07,xgb,xgb_d6_lr01_balanced,2,"{""colsample_bytree"": 0.9, ""learning_rate"": 0.1, ""max_depth"": 6, ""n_estimators"": 200, ""reg_lambda"": 1.0, ""scale_pos_weight"": 3.537326264507809, ""subsample"": 0.9}",ok,1.4421691000002284,0.5,6879,5388,1491,0.5,1.0,1.0,1.0,1.0,1.0,1.0,1.0,0.0,5388,0,0,1491
iscx_url2016_binary,s3,r08,lr,lr_c01,0,"{""C"": 0.1, ""class_weight"": null}",ok,1.1310888000002706,0.71,6798,5303,1495,0.71,0.7753751103265666,0.849540520069097,0.4946091644204852,0.9819397993311036,0.745328789367786,0.7968744895455779,0.4989524197034206,0.2828587591929096,3803,1500,27,1468
iscx_url2016_binary,s3,r08,lr,lr_c1,1,"{""C"": 1.0, ""class_weight"": null}",ok,1.290534199999911,0.87,6798,5303,1495,0.87,0.7783171521035599,0.8471033307959084,0.4979395604395604,0.9698996655518396,0.7470217927863998,0.8068640392230813,0.5213809453612359,0.2756930039600226,3841,1462,45,1450
iscx_url2016_binary,s3,r08,lr,lr_c1_balanced,2,"{""C"": 1.0, ""class_weight"": ""balanced""}",ok,1.3662373000001935,0.87,6798,5303,1495,0.87,0.7736098852603707,0.8486492469397962,0.4926224010731053,0.982608695652174,0.7437372572804088,0.7897361057065572,0.4791398206261292,0.2853102017725815,3790,1513,26,1469
iscx_url2016_binary,s3,r08,rf,rf_depth16_leaf1,0,"{""class_weight"": null, ""max_depth"": 16, ""max_features"": ""sqrt"", ""min_samples_leaf"": 1, ""n_estimators"": 200}",ok,4.496963699999924,0.63,6798,5303,1495,0.63,0.9992644895557516,0.9983277591973244,1.0,0.9966555183946488,0.9989268745006724,0.9996223504459204,0.9992068891295938,0.0,5303,0,5,1490
iscx_url2016_binary,s3,r08,rf,rf_depth24_leaf2,1,"{""class_weight"": null, ""max_depth"": 24, ""max_features"": ""sqrt"", ""min_samples_leaf"": 2, ""n_estimators"": 200}",ok,3.331083099999887,0.62,6798,5303,1495,0.62,0.9992644895557516,0.9985679211047952,0.9993297587131368,0.9973244147157192,0.9989273908620202,0.999722880404037,0.999409052038738,0.0001885725061286,5302,1,4,1491
iscx_url2016_binary,s3,r08,rf,rf_unlimited_leaf5_balanced,2,"{""class_weight"": ""balanced_subsample"", ""max_depth"": null, ""max_features"": ""sqrt"", ""min_samples_leaf"": 5, ""n_estimators"": 200}",ok,2.8914036000001038,0.76,6798,5303,1495,0.76,0.999117387466902,0.9979933110367892,1.0,0.9959866220735786,0.9987119392381936,0.999625629967766,0.9991804606768274,0.0,5303,0,6,1489
iscx_url2016_binary,s3,r08,xgb,xgb_d4_lr005,0,"{""colsample_bytree"": 0.9, ""learning_rate"": 0.05, ""max_depth"": 4, ""n_estimators"": 300, ""reg_lambda"": 1.0, ""scale_pos_weight"": 1.0, ""subsample"": 0.9}",ok,2.297026000000187,0.76,6798,5303,1495,0.76,0.999558693733451,0.9989966555183948,1.0,0.9979933110367892,0.999356434517212,0.9999036325119184,0.9997678686041864,0.0,5303,0,3,1492
iscx_url2016_binary,s3,r08,xgb,xgb_d6_lr005,1,"{""colsample_bytree"": 0.9, ""learning_rate"": 0.05, ""max_depth"": 6, ""n_estimators"": 250, ""reg_lambda"": 1.0, ""scale_pos_weight"": 1.0, ""subsample"": 0.9}",ok,1.5601975999998103,0.72,6798,5303,1495,0.72,0.9997057958223008,0.9993311036789296,1.0,0.9986622073578596,0.9995710595019596,0.9998043639083576,0.9996587245442063,0.0,5303,0,2,1493
iscx_url2016_binary,s3,r08,xgb,xgb_d6_lr01_balanced,2,"{""colsample_bytree"": 0.9, ""learning_rate"": 0.1, ""max_depth"": 6, ""n_estimators"": 200, ""reg_lambda"": 1.0, ""scale_pos_weight"": 3.537326264507809, ""subsample"": 0.9}",ok,1.4257195000000138,0.95,6798,5303,1495,0.95,0.999558693733451,0.9989966555183948,1.0,0.9979933110367892,0.999356434517212,0.9997511347460925,0.9995248768287192,0.0,5303,0,3,1492
iscx_url2016_binary,s3,r09,lr,lr_c01,0,"{""C"": 0.1, ""class_weight"": null}",ok,1.0927605000001677,0.72,6798,5303,1495,0.72,0.7764048249485143,0.8475587428583682,0.4957468526709765,0.974581939799331,0.7456458827557136,0.7978973219550742,0.5006917934293763,0.2794644540825947,3821,1482,38,1457
iscx_url2016_binary,s3,r09,lr,lr_c1,1,"{""C"": 1.0, ""class_weight"": null}",ok,1.2467862999997124,0.77,6798,5303,1495,0.77,0.7781700500147102,0.8494106636175522,0.4977838390726219,0.9765886287625418,0.7474773809692721,0.8093989834743633,0.5267425327903146,0.2777673015274373,3830,1473,35,1460
iscx_url2016_binary,s3,r09,lr,lr_c1_balanced,2,"{""C"": 1.0, ""class_weight"": ""balanced""}",ok,1.1855287000003043,0.89,6798,5303,1495,0.89,0.7764048249485143,0.8487595523957222,0.4957612750084774,0.9779264214046822,0.7459409402478709,0.7910530859985231,0.4848214587813818,0.2804073166132378,3816,1487,33,1462
iscx_url2016_binary,s3,r09,rf,rf_depth16_leaf1,0,"{""class_weight"": null, ""max_depth"": 16, ""max_features"": ""sqrt"", ""min_samples_leaf"": 1, ""n_estimators"": 200}",ok,2.4534370000001218,0.64,6798,5303,1495,0.64,0.9985289791115034,0.9966555183946488,1.0,0.9933110367892976,0.9978511604618584,0.9988210118964655,0.9977654169210408,0.0,5303,0,10,1485
iscx_url2016_binary,s3,r09,rf,rf_depth24_leaf2,1,"{""class_weight"": null, ""max_depth"": 24, ""max_features"": ""sqrt"", ""min_samples_leaf"": 2, ""n_estimators"": 200}",ok,2.6293540000001485,0.57,6798,5303,1495,0.57,0.9988231832892028,0.9973244147157192,1.0,0.9946488294314382,0.9982817576269754,0.9993647818455762,0.9989128804125408,0.0,5303,0,8,1487
iscx_url2016_binary,s3,r09,rf,rf_unlimited_leaf5_balanced,2,"{""class_weight"": ""balanced_subsample"", ""max_depth"": null, ""max_features"": ""sqrt"", ""min_samples_leaf"": 5, ""n_estimators"": 200}",ok,2.464582799999789,0.75,6798,5303,1495,0.75,0.9976463665784054,0.9946488294314382,1.0,0.9892976588628762,0.9965568663431784,0.9990552454375228,0.9982188468849456,0.0,5303,0,16,1479
iscx_url2016_binary,s3,r09,xgb,xgb_d4_lr005,0,"{""colsample_bytree"": 0.9, ""learning_rate"": 0.05, ""max_depth"": 4, ""n_estimators"": 300, ""reg_lambda"": 1.0, ""scale_pos_weight"": 1.0, ""subsample"": 0.9}",ok,1.5454899000001203,0.78,6798,5303,1495,0.78,0.9983818770226536,0.9968013940490554,0.9986559139784946,0.993979933110368,0.9976379862153636,0.9987681611405672,0.998019788467436,0.0003771450122572,5301,2,9,1486
iscx_url2016_binary,s3,r09,xgb,xgb_d6_lr005,1,"{""colsample_bytree"": 0.9, ""learning_rate"": 0.05, ""max_depth"": 6, ""n_estimators"": 250, ""reg_lambda"": 1.0, ""scale_pos_weight"": 1.0, ""subsample"": 0.9}",ok,1.5590800999998464,0.76,6798,5303,1495,0.76,0.9989702853780524,0.9976588628762542,1.0,0.9953177257525084,0.9984969003188676,0.9987836758016068,0.9981533452710458,0.0,5303,0,7,1488
iscx_url2016_binary,s3,r09,xgb,xgb_d6_lr01_balanced,2,"{""colsample_bytree"": 0.9, ""learning_rate"": 0.1, ""max_depth"": 6, ""n_estimators"": 200, ""reg_lambda"": 1.0, ""scale_pos_weight"": 3.537326264507809, ""subsample"": 0.9}",ok,1.3728019000000131,0.93,6798,5303,1495,0.93,0.9985289791115034,0.9966555183946488,1.0,0.9933110367892976,0.9978511604618584,0.9985968691918564,0.9980354194069052,0.0,5303,0,10,1485
phiusiil,s0,r00,lr,lr_c01,0,"{""C"": 0.1, ""class_weight"": null}",ok,6.120446299999999,0.34,35369,20227,15142,0.34,0.9592863807288868,0.9607514412906052,0.9363138453700166,0.9709417514198916,0.9586088974194272,0.9822995005890643,0.9808856788233798,0.0494388688386809,19227,1000,440,14702
phiusiil,s0,r00,lr,lr_c1,1,"{""C"": 1.0, ""class_weight"": null}",ok,8.1099144,0.38,35369,20227,15142,0.38,0.985015126240493,0.9846822519626124,0.9826265028405338,0.982366926429798,0.9846983462733472,0.9928998493567432,0.9939334337113788,0.013002422504573,19964,263,267,14875
phiusiil,s0,r00,lr,lr_c1_balanced,2,"{""C"": 1.0, ""class_weight"": ""balanced""}",ok,7.7540905,0.46,35369,20227,15142,0.46,0.9858633266419746,0.9853574245743646,0.9850914391730718,0.9818385946374324,0.9855589336874402,0.993404059212576,0.9941392073647106,0.0111237454887032,20002,225,275,14867
phiusiil,s0,r00,rf,rf_depth16_leaf1,0,"{""class_weight"": null, ""max_depth"": 16, ""max_features"": ""sqrt"", ""min_samples_leaf"": 1, ""n_estimators"": 200}",ok,27.3348659,0.28,35369,20227,15142,0.28,0.970510899375159,0.9694360796010062,0.9689350096454468,0.9619601109496764,0.9698609372175282,0.993621365602381,0.993065811823878,0.023087951747664,19760,467,576,14566
phiusiil,s0,r00,rf,rf_depth24_leaf2,1,"{""class_weight"": null, ""max_depth"": 24, ""max_features"": ""sqrt"", ""min_samples_leaf"": 2, ""n_estimators"": 200}",ok,31.35043180000001,0.33,35369,20227,15142,0.33,0.991659362718765,0.9916452001130454,0.988999407153679,0.9915466913221505,0.991486070533533,0.9973013812054996,0.9977321946519144,0.0082562910960597,20060,167,128,15014
phiusiil,s0,r00,rf,rf_unlimited_leaf5_balanced,2,"{""class_weight"": ""balanced_subsample"", ""max_depth"": null, ""max_features"": ""sqrt"", ""min_samples_leaf"": 5, ""n_estimators"": 200}",ok,33.3535603,0.48,35369,20227,15142,0.48,0.991150442477876,0.9907851851633216,0.9910590105304988,0.9882446176198652,0.9909604227948544,0.9971515561616964,0.9974450401726378,0.0066742472932219,20092,135,178,14964
phiusiil,s0,r00,xgb,xgb_d4_lr005,0,"{""colsample_bytree"": 0.9, ""learning_rate"": 0.05, ""max_depth"": 4, ""n_estimators"": 300, ""reg_lambda"": 1.0, ""scale_pos_weight"": 1.0, ""subsample"": 0.9}",ok,14.480906300000017,0.35,35369,20227,15142,0.35,0.9906980689304192,0.9901323338319036,0.9920281671427622,0.9861973319244486,0.990494657642147,0.997469390754652,0.9978755413998348,0.0059326642606417,20107,120,209,14933
phiusiil,s0,r00,xgb,xgb_d6_lr005,1,"{""colsample_bytree"": 0.9, ""learning_rate"": 0.05, ""max_depth"": 6, ""n_estimators"": 250, ""reg_lambda"": 1.0, ""scale_pos_weight"": 1.0, ""subsample"": 0.9}",ok,13.14022700000001,0.4,35369,20227,15142,0.4,0.9937798637224688,0.9931837081955625,0.9964071856287424,0.9890371153084137,0.993642605285809,0.9975154503321654,0.9980520798442966,0.0026696989172887,20173,54,166,14976
phiusiil,s0,r00,xgb,xgb_d6_lr01_balanced,2,"{""colsample_bytree"": 0.9, ""learning_rate"": 0.1, ""max_depth"": 6, ""n_estimators"": 200, ""reg_lambda"": 1.0, ""scale_pos_weight"": 1.3358712726963955, ""subsample"": 0.9}",ok,10.614582100000009,0.4,35369,20227,15142,0.4,0.9948825242443948,0.9943802026108152,0.9971422874991692,0.9908862765816931,0.9947703517344622,0.9977119912216524,0.9982136372602516,0.0021258713600632,20184,43,138,15004
phiusiil,s0,r01,lr,lr_c01,0,"{""C"": 0.1, ""class_weight"": null}",ok,11.393440000000002,0.34,35369,20228,15141,0.34,0.9577878933529362,0.959150973793412,0.9350930884978322,0.9686282279902252,0.9570794645425984,0.9816153246817598,0.9804654572413694,0.0503262804034012,19210,1018,475,14666
phiusiil,s0,r01,lr,lr_c1,1,"{""C"": 1.0, ""class_weight"": null}",ok,8.269581500000001,0.36,35369,20228,15141,0.36,0.9851564929740734,0.9850215044692864,0.9812961011591148,0.9840829535697774,0.9848483411252028,0.9927868220651916,0.9938124251151752,0.0140399446312042,19944,284,241,14900
phiusiil,s0,r01,lr,lr_c1_balanced,2,"{""C"": 1.0, ""class_weight"": ""balanced""}",ok,8.323651199999997,0.43,35369,20228,15141,0.43,0.98546749978795,0.9852518812778236,0.9823253973488096,0.9837527243907273,0.9851632343847502,0.9929835196767548,0.993900411645081,0.01324896183508,19960,268,246,14895
phiusiil,s0,r01,rf,rf_depth16_leaf1,0,"{""class_weight"": null, ""max_depth"": 16, ""max_features"": ""sqrt"", ""min_samples_leaf"": 1, ""n_estimators"": 200}",ok,18.7565357,0.35,35369,20228,15141,0.35,0.968757951878764,0.9658682120843716,0.9805532730758696,0.9457763687999472,0.967947538792574,0.9933748481105764,0.9929044485201256,0.0140399446312042,19944,284,821,14320
phiusiil,s0,r01,rf,rf_depth24_leaf2,1,"{""class_weight"": null, ""max_depth"": 24, ""max_features"": ""sqrt"", ""min_samples_leaf"": 2, ""n_estimators"": 200}",ok,20.0692627,0.33,35369,20228,15141,0.33,0.9918572761457772,0.991892894877271,0.9888749917714436,0.9921405455386038,0.991688711418741,0.9972871300723042,0.9977669652465706,0.0083547557840616,20059,169,119,15022
phiusiil,s0,r01,rf,rf_unlimited_leaf5_balanced,2,"{""class_weight"": ""balanced_subsample"", ""max_depth"": null, ""max_features"": ""sqrt"", ""min_samples_leaf"": 5, ""n_estimators"": 200}",ok,19.3740658,0.53,35369,20228,15141,0.53,0.992140009612938,0.991583661730808,0.9938858244168272,0.9877154745393304,0.9919676545681588,0.9970552056205908,0.9975363369360948,0.004548151077714,20136,92,186,14955
phiusiil,s0,r01,xgb,xgb_d4_lr005,0,"{""colsample_bytree"": 0.9, ""learning_rate"": 0.05, ""max_depth"": 4, ""n_estimators"": 300, ""reg_lambda"": 1.0, ""scale_pos_weight"": 1.0, ""subsample"": 0.9}",ok,8.123114299999997,0.43,35369,20228,15141,0.43,0.9918855494924934,0.9910539237149308,0.9957282071819517,0.9852717786143584,0.9917030208563128,0.9974310086465976,0.9978224479344568,0.0031639311844967,20164,64,223,14918
phiusiil,s0,r01,xgb,xgb_d6_lr005,1,"{""colsample_bytree"": 0.9, ""learning_rate"": 0.05, ""max_depth"": 6, ""n_estimators"": 250, ""reg_lambda"": 1.0, ""scale_pos_weight"": 1.0, ""subsample"": 0.9}",ok,6.333764400000007,0.35,35369,20228,15141,0.35,0.994401877350222,0.9939182210587428,0.996346243273766,0.9905554454791624,0.9942794112542104,0.9977607480651488,0.9982133384500228,0.0027190033616768,20173,55,143,14998
phiusiil,s0,r01,xgb,xgb_d6_lr01_balanced,2,"{""colsample_bytree"": 0.9, ""learning_rate"": 0.1, ""max_depth"": 6, ""n_estimators"": 200, ""reg_lambda"": 1.0, ""scale_pos_weight"": 1.3358712726963955, ""subsample"": 0.9}",ok,5.747300600000003,0.49,35369,20228,15141,0.49,0.9957024512991602,0.9951216964723806,0.9988684017839312,0.991083812165643,0.9956073195422116,0.99793862418074,0.9983446598162332,0.0008404192208819,20211,17,135,15006
phiusiil,s0,r02,lr,lr_c01,0,"{""C"": 0.1, ""class_weight"": null}",ok,6.753847199999996,0.35,35369,20228,15141,0.35,0.9616330685063192,0.9628863624256164,0.9407213198618748,0.9716002906016776,0.9609758446476646,0.9835807400939376,0.982125124335172,0.0458275657504449,19301,927,430,14711
phiusiil,s0,r02,lr,lr_c1,1,"{""C"": 1.0, ""class_weight"": null}",ok,7.740925599999983,0.43,35369,20228,15141,0.43,0.9873335406712092,0.9868251503561468,0.9870715374925412,0.9832904035400568,0.9870597183000978,0.9940631101721988,0.994539102620588,0.0096401028277634,20033,195,253,14888
phiusiil,s0,r02,lr,lr_c1_balanced,2,"{""C"": 1.0, ""class_weight"": ""balanced""}",ok,8.438399899999979,0.49,35369,20228,15141,0.49,0.987729367525234,0.987229338268134,0.9875356361466552,0.9837527243907273,0.9874641021032198,0.9943174232088516,0.994722562578849,0.0092940478544591,20040,188,246,14895
phiusiil,s0,r02,rf,rf_depth16_leaf1,0,"{""class_weight"": null, ""max_depth"": 16, ""max_features"": ""sqrt"", ""min_samples_leaf"": 1, ""n_estimators"": 200}",ok,21.89974190000001,0.3,35369,20228,15141,0.3,0.9713308264299244,0.9697203775773956,0.9740922209544264,0.9585232151112872,0.9706648887040976,0.9937922497608238,0.993150966899726,0.0190824599564959,19842,386,628,14513
phiusiil,s0,r02,rf,rf_depth24_leaf2,1,"{""class_weight"": null, ""max_depth"": 24, ""max_features"": ""sqrt"", ""min_samples_leaf"": 2, ""n_estimators"": 200}",ok,19.287646699999986,0.32,35369,20228,15141,0.32,0.9914331759450368,0.9915636452192186,0.9875788643533124,0.992470774717654,0.9912576238358002,0.9973560524347778,0.9976833610976272,0.0093434842792169,20039,189,114,15027
phiusiil,s0,r02,rf,rf_unlimited_leaf5_balanced,2,"{""class_weight"": ""balanced_subsample"", ""max_depth"": null, ""max_features"": ""sqrt"", ""min_samples_leaf"": 5, ""n_estimators"": 200}",ok,19.5051488,0.51,35369,20228,15141,0.51,0.991093895784444,0.990694001989368,0.9912524850894632,0.9879136120467604,0.9909018992545756,0.9970685728171405,0.9973398908726384,0.0065256080680245,20096,132,183,14958
phiusiil,s0,r02,xgb,xgb_d4_lr005,0,"{""colsample_bytree"": 0.9, ""learning_rate"": 0.05, ""max_depth"": 4, ""n_estimators"": 300, ""reg_lambda"": 1.0, ""scale_pos_weight"": 1.0, ""subsample"": 0.9}",ok,6.825879200000003,0.4,35369,20228,15141,0.4,0.9908959823574316,0.9902220051037748,0.993144758735441,0.9855359619575986,0.9906946115094362,0.9973496512650574,0.9977021912311824,0.0050919517500494,20125,103,219,14922
phiusiil,s0,r02,xgb,xgb_d6_lr005,1,"{""colsample_bytree"": 0.9, ""learning_rate"": 0.05, ""max_depth"": 6, ""n_estimators"": 250, ""reg_lambda"": 1.0, ""scale_pos_weight"": 1.0, ""subsample"": 0.9}",ok,5.9852846,0.36,35369,20228,15141,0.36,0.9940060504961972,0.9935721660854384,0.9954204552996616,0.9905554454791624,0.9938756491059144,0.9975725233102162,0.9980219590001328,0.0034111133082855,20159,69,143,14998
phiusiil,s0,r02,xgb,xgb_d6_lr01_balanced,2,"{""colsample_bytree"": 0.9, ""learning_rate"": 0.1, ""max_depth"": 6, ""n_estimators"": 200, ""reg_lambda"": 1.0, ""scale_pos_weight"": 1.3358712726963955, ""subsample"": 0.9}",ok,5.823902000000004,0.46,35369,20228,15141,0.46,0.9956741779524444,0.9951966347263154,0.998006379585327,0.9918763621953636,0.9955793580959816,0.9977101868237788,0.9981881240256608,0.0014830927427328,20198,30,123,15018
phiusiil,s0,r03,lr,lr_c01,0,"{""C"": 0.1, ""class_weight"": null}",ok,6.679756900000001,0.34,35369,20228,15141,0.34,0.9625660889479488,0.964075775182796,0.940172029308697,0.97457235321313,0.9619409393720284,0.984098996491186,0.982554832546225,0.046420802847538,19289,939,385,14756
phiusiil,s0,r03,lr,lr_c1,1,"{""C"": 1.0, ""class_weight"": null}",ok,8.221649899999989,0.4,35369,20228,15141,0.4,0.9885210212332832,0.9880792376197394,0.988140197442523,0.985007595271118,0.9882738541542012,0.994902505793638,0.995539586143862,0.0088491200316393,20049,179,227,14914
phiusiil,s0,r03,lr,lr_c1_balanced,2,"{""C"": 1.0, ""class_weight"": ""balanced""}",ok,8.326041300000014,0.46,35369,20228,15141,0.46,0.9882382877661228,0.9877822272627936,0.9878735670267048,0.984611320256258,0.9879848312600564,0.9948912282418838,0.995407529720702,0.0090468657306703,20045,183,233,14908
phiusiil,s0,r03,rf,rf_depth16_leaf1,0,"{""class_weight"": null, ""max_depth"": 16, ""max_features"": ""sqrt"", ""min_samples_leaf"": 1, ""n_estimators"": 200}",ok,19.06374439999999,0.26,35369,20228,15141,0.26,0.9695778789335292,0.9688605295575228,0.9650201679560934,0.9638729278119016,0.9689306192932804,0.992831065396126,0.9923734570031024,0.0261518686968558,19699,529,547,14594
phiusiil,s0,r03,rf,rf_depth24_leaf2,1,"{""class_weight"": null, ""max_depth"": 24, ""max_features"": ""sqrt"", ""min_samples_leaf"": 2, ""n_estimators"": 200}",ok,18.93031239999999,0.32,35369,20228,15141,0.32,0.991659362718765,0.991728172096145,0.9883552631578948,0.9922065913744138,0.9914873301127748,0.9971519169937711,0.997660339263806,0.0087502471821237,20051,177,118,15023
phiusiil,s0,r03,rf,rf_unlimited_leaf5_balanced,2,"{""class_weight"": ""balanced_subsample"", ""max_depth"": null, ""max_features"": ""sqrt"", ""min_samples_leaf"": 5, ""n_estimators"": 200}",ok,20.02124150000003,0.49,35369,20228,15141,0.49,0.9912352625180244,0.9908591165788933,0.9912553825770124,0.9882438412258108,0.9910466890295282,0.9969380091982768,0.997413908174795,0.0065256080680245,20096,132,178,14963
phiusiil,s0,r03,xgb,xgb_d4_lr005,0,"{""colsample_bytree"": 0.9, ""learning_rate"": 0.05, ""max_depth"": 4, ""n_estimators"": 300, ""reg_lambda"": 1.0, ""scale_pos_weight"": 1.0, ""subsample"": 0.9}",ok,8.334500399999968,0.33,35369,20228,15141,0.33,0.9912352625180244,0.9908757259899454,0.9911252400821248,0.9883759328974308,0.991046989125598,0.9970640768157606,0.9976039651064544,0.00662448091754,20094,134,176,14965
phiusiil,s0,r03,xgb,xgb_d6_lr005,1,"{""colsample_bytree"": 0.9, ""learning_rate"": 0.05, ""max_depth"": 6, ""n_estimators"": 250, ""reg_lambda"": 1.0, ""scale_pos_weight"": 1.0, ""subsample"": 0.9}",ok,6.825811600000009,0.42,35369,20228,15141,0.42,0.9942039639232096,0.993645537105777,0.9966746475126363,0.989762895449442,0.9940763154187056,0.9973144032019522,0.9978805522877536,0.002471821237888,20178,50,155,14986
phiusiil,s0,r03,xgb,xgb_d6_lr01_balanced,2,"{""colsample_bytree"": 0.9, ""learning_rate"": 0.1, ""max_depth"": 6, ""n_estimators"": 200, ""reg_lambda"": 1.0, ""scale_pos_weight"": 1.3358712726963955, ""subsample"": 0.9}",ok,6.467802799999959,0.5,35369,20228,15141,0.5,0.9953348977918516,0.9947671408893504,0.9982698961937716,0.9908196288224028,0.9952318324536572,0.9973491337514632,0.9979971147873826,0.0012853470437017,20202,26,139,15002
phiusiil,s0,r04,lr,lr_c01,0,"{""C"": 0.1, ""class_weight"": null}",ok,7.189579100000003,0.35,35369,20228,15141,0.35,0.959851847663208,0.9609803174136486,0.9392969200230518,0.9688263654976552,0.9591576951099908,0.9829588928210344,0.9813970053289924,0.0468657306703579,19280,948,472,14669
phiusiil,s0,r04,lr,lr_c1,1,"{""C"": 1.0, ""class_weight"": null}",ok,8.633160799999985,0.39,35369,20228,15141,0.39,0.9868528937770364,0.9865544254451764,0.9848044397463002,0.9844792285846378,0.98657462946628,0.994078407025114,0.9946909682246772,0.0113703776942851,19998,230,235,14906
phiusiil,s0,r04,lr,lr_c1_balanced,2,"{""C"": 1.0, ""class_weight"": ""balanced""}",ok,8.817030999999986,0.44,35369,20228,15141,0.44,0.987163900590913,0.9869675057752884,0.984431690744772,0.9856020077934088,0.9868947189985826,0.9941881917385452,0.994681647500904,0.0116669962428317,19992,236,218,14923
phiusiil,s0,r04,rf,rf_depth16_leaf1,0,"{""class_weight"": null, ""max_depth"": 16, ""max_features"": ""sqrt"", ""min_samples_leaf"": 1, ""n_estimators"": 200}",ok,18.215956399999985,0.31,35369,20228,15141,0.31,0.9742712544883938,0.9729720575179432,0.9756668226485729,0.9639389736477116,0.9736873037837196,0.9933979207276792,0.993053881838224,0.0179948586118251,19864,364,546,14595
phiusiil,s0,r04,rf,rf_depth24_leaf2,1,"{""class_weight"": null, ""max_depth"": 24, ""max_features"": ""sqrt"", ""min_samples_leaf"": 2, ""n_estimators"": 200}",ok,17.89666649999998,0.37,35369,20228,15141,0.37,0.9917724561056293,0.9915779037798762,0.9905523255813954,0.9902252163001124,0.9915983165047042,0.9972002139091016,0.9976400420997458,0.0070694087403598,20085,143,148,14993
phiusiil,s0,r04,rf,rf_unlimited_leaf5_balanced,2,"{""class_weight"": ""balanced_subsample"", ""max_depth"": null, ""max_features"": ""sqrt"", ""min_samples_leaf"": 5, ""n_estimators"": 200}",ok,19.908548,0.52,35369,20228,15141,0.52,0.9915745426786168,0.9910311645445476,0.9930246462499168,0.98725315368866,0.9913902250189632,0.9967086298686224,0.9972145628220156,0.0051908245995649,20123,105,193,14948
phiusiil,s0,r04,xgb,xgb_d4_lr005,0,"{""colsample_bytree"": 0.9, ""learning_rate"": 0.05, ""max_depth"": 4, ""n_estimators"": 300, ""reg_lambda"": 1.0, ""scale_pos_weight"": 1.0, ""subsample"": 0.9}",ok,7.193508199999997,0.36,35369,20228,15141,0.36,0.9903305154231108,0.98978577379488,0.991367288664586,0.985998282808269,0.9901194839998052,0.9969591815446438,0.997568604672692,0.0064267352185089,20098,130,212,14929
phiusiil,s0,r04,xgb,xgb_d6_lr005,1,"{""colsample_bytree"": 0.9, ""learning_rate"": 0.05, ""max_depth"": 6, ""n_estimators"": 250, ""reg_lambda"": 1.0, ""scale_pos_weight"": 1.0, ""subsample"": 0.9}",ok,7.202725299999997,0.4,35369,20228,15141,0.4,0.9939777771494812,0.99333152552938,0.9970697922216304,0.9888382537481012,0.9938441007449988,0.997387290991932,0.997937102698336,0.0021752026893415,20184,44,169,14972
phiusiil,s0,r04,xgb,xgb_d6_lr01_balanced,2,"{""colsample_bytree"": 0.9, ""learning_rate"": 0.1, ""max_depth"": 6, ""n_estimators"": 200, ""reg_lambda"": 1.0, ""scale_pos_weight"": 1.3358712726963955, ""subsample"": 0.9}",ok,6.72599120000001,0.46,35369,20228,15141,0.46,0.995447991178716,0.9948577090333398,0.9986020503261882,0.9907535829865928,0.9953471870407792,0.9975252810124934,0.9980781685422052,0.0010381649199129,20207,21,140,15001
phiusiil,s0,r05,lr,lr_c01,0,"{""C"": 0.1, ""class_weight"": null}",ok,6.805789699999991,0.35,35369,20227,15142,0.35,0.96434730979106,0.9655165734584112,0.9447612944569048,0.9736494518557656,0.9637278870069244,0.9842792151505456,0.9829132005863896,0.042616304938943,19365,862,399,14743
phiusiil,s0,r05,lr,lr_c1,1,"{""C"": 1.0, ""class_weight"": null}",ok,7.935178199999996,0.43,35369,20227,15142,0.43,0.9886623879668636,0.9881367006860196,0.988986930272673,0.9844802535992604,0.988416415650003,0.9944873473684304,0.9952121036874588,0.008206852227221,20061,166,235,14907
phiusiil,s0,r05,lr,lr_c1_balanced,2,"{""C"": 1.0, ""class_weight"": ""balanced""}",ok,8.949948199999994,0.44,35369,20227,15142,0.44,0.9881817410726907,0.9878575924451504,0.9867759851891034,0.9856029586580372,0.9879304975099416,0.9943586241215696,0.994990413564488,0.0098877737677361,20027,200,218,14924
phiusiil,s0,r05,rf,rf_depth16_leaf1,0,"{""class_weight"": null, ""max_depth"": 16, ""max_features"": ""sqrt"", ""min_samples_leaf"": 1, ""n_estimators"": 200}",ok,18.47572660000003,0.29,35369,20227,15142,0.29,0.9726314003788628,0.9713232423928708,0.9735400240545236,0.9622242768458592,0.972012158313916,0.9938843658879328,0.9933509463383016,0.0195777920601176,19831,396,572,14570
phiusiil,s0,r05,rf,rf_depth24_leaf2,1,"{""class_weight"": null, ""max_depth"": 24, ""max_features"": ""sqrt"", ""min_samples_leaf"": 2, ""n_estimators"": 200}",ok,18.5038945,0.32,35369,20227,15142,0.32,0.992140009612938,0.9922397578528478,0.9887544390372222,0.99293356227711,0.9919783511187694,0.9976552795301789,0.9979761838555252,0.0084540465714144,20056,171,107,15035
phiusiil,s0,r05,rf,rf_unlimited_leaf5_balanced,2,"{""class_weight"": ""balanced_subsample"", ""max_depth"": null, ""max_features"": ""sqrt"", ""min_samples_leaf"": 5, ""n_estimators"": 200}",ok,19.683360499999992,0.51,35369,20227,15142,0.51,0.9924510164268144,0.9920634012908708,0.992974083648174,0.989367322678642,0.9922881470572356,0.9974534689052338,0.9976628442751484,0.0052405200969001,20121,106,161,14981
phiusiil,s0,r05,xgb,xgb_d4_lr005,0,"{""colsample_bytree"": 0.9, ""learning_rate"": 0.05, ""max_depth"": 4, ""n_estimators"": 300, ""reg_lambda"": 1.0, ""scale_pos_weight"": 1.0, ""subsample"": 0.9}",ok,8.39144360000006,0.44,35369,20227,15142,0.44,0.9918855494924934,0.9911124409592912,0.9952657198106288,0.9857350416061288,0.991704157413508,0.9976713776904488,0.9979759076290948,0.0035101596875463,20156,71,216,14926
phiusiil,s0,r05,xgb,xgb_d6_lr005,1,"{""colsample_bytree"": 0.9, ""learning_rate"": 0.05, ""max_depth"": 6, ""n_estimators"": 250, ""reg_lambda"": 1.0, ""scale_pos_weight"": 1.0, ""subsample"": 0.9}",ok,6.770958099999916,0.31,35369,20227,15142,0.31,0.9946280641239504,0.9943403563583182,0.9950993377483444,0.9923391890106988,0.9945127626609332,0.9977627034466428,0.9982237277736814,0.0036584762940623,20153,74,116,15026
phiusiil,s0,r05,xgb,xgb_d6_lr01_balanced,2,"{""colsample_bytree"": 0.9, ""learning_rate"": 0.1, ""max_depth"": 6, ""n_estimators"": 200, ""reg_lambda"": 1.0, ""scale_pos_weight"": 1.3358712726963955, ""subsample"": 0.9}",ok,6.427822699999979,0.55,35369,20227,15142,0.55,0.9956741779524444,0.9951387571953848,0.99847023611573,0.9914146083740588,0.99557890858079,0.9978710383025072,0.9983362197442872,0.0011370939832896,20204,23,130,15012
phiusiil,s0,r06,lr,lr_c01,0,"{""C"": 0.1, ""class_weight"": null}",ok,6.913955999999985,0.37,35369,20227,15142,0.37,0.9636687494698748,0.9646742679542416,0.945018947909307,0.9716682076343944,0.9630274921791602,0.9843224717120176,0.9833714188392916,0.0423196717259109,19371,856,429,14713
phiusiil,s0,r06,lr,lr_c1,1,"{""C"": 1.0, ""class_weight"": null}",ok,8.70309199999997,0.41,35369,20227,15142,0.41,0.9886906613135796,0.9881531188178354,0.9891174518911744,0.9844142121252146,0.9884450104716256,0.9946260811536518,0.9953468299241246,0.0081079744895436,20063,164,236,14906
phiusiil,s0,r06,lr,lr_c1_balanced,2,"{""C"": 1.0, ""class_weight"": ""balanced""}",ok,8.222072799999978,0.48,35369,20227,15142,0.48,0.98883202804716,0.9882767159899322,0.9894457351476932,0.9844142121252146,0.9885889669799434,0.9946437775391428,0.9952636471333708,0.0078607801453502,20068,159,236,14906
phiusiil,s0,r06,rf,rf_depth16_leaf1,0,"{""class_weight"": null, ""max_depth"": 16, ""max_features"": ""sqrt"", ""min_samples_leaf"": 1, ""n_estimators"": 200}",ok,18.130628099999967,0.28,35369,20227,15142,0.28,0.970963272922616,0.9700308218142,0.9684699634915368,0.9635451063267731,0.9703313141478528,0.9941895713998776,0.9936348045777116,0.0234834626983734,19752,475,552,14590
phiusiil,s0,r06,rf,rf_depth24_leaf2,1,"{""class_weight"": null, ""max_depth"": 24, ""max_features"": ""sqrt"", ""min_samples_leaf"": 2, ""n_estimators"": 200}",ok,18.226322200000027,0.33,35369,20227,15142,0.33,0.991009075744296,0.991201172660453,0.986543258500722,0.9925373134328358,0.9908262555320232,0.9971616728130696,0.997575262233431,0.0101349681119295,20022,205,113,15029
phiusiil,s0,r06,rf,rf_unlimited_leaf5_balanced,2,"{""class_weight"": ""balanced_subsample"", ""max_depth"": null, ""max_features"": ""sqrt"", ""min_samples_leaf"": 5, ""n_estimators"": 200}",ok,19.53420799999992,0.47,35369,20227,15142,0.47,0.9909242557041475,0.9907783596478476,0.9890450735827888,0.9897635715229164,0.9907335477281792,0.996977264722196,0.9973227029571248,0.008206852227221,20061,166,155,14987
phiusiil,s0,r06,xgb,xgb_d4_lr005,0,"{""colsample_bytree"": 0.9, ""learning_rate"": 0.05, ""max_depth"": 4, ""n_estimators"": 300, ""reg_lambda"": 1.0, ""scale_pos_weight"": 1.0, ""subsample"": 0.9}",ok,7.208650899999952,0.49,35369,20227,15142,0.49,0.9914049025983206,0.9905178832194887,0.9955249799625968,0.984348170651169,0.9912108832177516,0.9972406306895144,0.997648356300257,0.0033124042121916,20160,67,237,14905
phiusiil,s0,r06,xgb,xgb_d6_lr005,1,"{""colsample_bytree"": 0.9, ""learning_rate"": 0.05, ""max_depth"": 6, ""n_estimators"": 250, ""reg_lambda"": 1.0, ""scale_pos_weight"": 1.0, ""subsample"": 0.9}",ok,6.999808399999893,0.35,35369,20227,15142,0.35,0.9940343238429132,0.9937050299990628,0.9946332737030412,0.9914146083740588,0.993905921118665,0.9974589018914805,0.9979675387767458,0.0040045483759331,20146,81,130,15012
phiusiil,s0,r06,xgb,xgb_d6_lr01_balanced,2,"{""colsample_bytree"": 0.9, ""learning_rate"": 0.1, ""max_depth"": 6, ""n_estimators"": 200, ""reg_lambda"": 1.0, ""scale_pos_weight"": 1.3358712726963955, ""subsample"": 0.9}",ok,7.769262499999968,0.54,35369,20227,15142,0.54,0.9957307246458764,0.995213099972034,0.9984041492120488,0.991612732796196,0.9956368486293,0.9977378746341948,0.9981859161129882,0.0011865328521283,20203,24,127,15015
phiusiil,s0,r07,lr,lr_c01,0,"{""C"": 0.1, ""class_weight"": null}",ok,6.954303099999947,0.34,35369,20228,15141,0.34,0.9575051598857756,0.9587709163812048,0.9353850083003448,0.9675714946172644,0.956784946300326,0.9826271927279526,0.9808996682168164,0.0500296618548546,19216,1012,491,14650
phiusiil,s0,r07,lr,lr_c1,1,"{""C"": 1.0, ""class_weight"": null}",ok,8.740608399999928,0.41,35369,20228,15141,0.41,0.9864005202295796,0.9858682693536992,0.9860098130221456,0.982167624331286,0.9861064111414136,0.9934126102775755,0.9942648631871004,0.0104310856238876,20017,211,270,14871
phiusiil,s0,r07,lr,lr_c1_balanced,2,"{""C"": 1.0, ""class_weight"": ""balanced""}",ok,8.648786299999983,0.43,35369,20228,15141,0.43,0.986061240068987,0.9858041825598848,0.9834323432343234,0.9840169077339672,0.985767874186547,0.9934149056217806,0.9940664880030105,0.0124085426141981,19977,251,242,14899
phiusiil,s0,r07,rf,rf_depth16_leaf1,0,"{""class_weight"": null, ""max_depth"": 16, ""max_features"": ""sqrt"", ""min_samples_leaf"": 1, ""n_estimators"": 200}",ok,18.024535899999933,0.27,35369,20228,15141,0.27,0.9686165851451836,0.9672560774282356,0.968543378080545,0.9577967109173766,0.967908159117449,0.993311193938536,0.9926922263507006,0.0232845560609056,19757,471,639,14502
phiusiil,s0,r07,rf,rf_depth24_leaf2,1,"{""class_weight"": null, ""max_depth"": 24, ""max_features"": ""sqrt"", ""min_samples_leaf"": 2, ""n_estimators"": 200}",ok,19.368122599999992,0.34,35369,20228,15141,0.34,0.9917724561056293,0.991851959062239,0.9884225759768452,0.992404728881844,0.9916028939039953,0.9971790676832945,0.9975618577383124,0.008700810757366,20052,176,115,15026
phiusiil,s0,r07,rf,rf_unlimited_leaf5_balanced,2,"{""class_weight"": ""balanced_subsample"", ""max_depth"": null, ""max_features"": ""sqrt"", ""min_samples_leaf"": 5, ""n_estimators"": 200}",ok,23.7522252,0.53,35369,20228,15141,0.53,0.991037349091012,0.990519994981718,0.9920993227990972,0.9869229245096096,0.9908419758752542,0.99711948015593,0.997312234087424,0.0058829345461736,20109,119,198,14943
phiusiil,s0,r07,xgb,xgb_d4_lr005,0,"{""colsample_bytree"": 0.9, ""learning_rate"": 0.05, ""max_depth"": 4, ""n_estimators"": 300, ""reg_lambda"": 1.0, ""scale_pos_weight"": 1.0, ""subsample"": 0.9}",ok,8.415692299999932,0.38,35369,20228,15141,0.38,0.9909808023975798,0.9903958162072248,0.9925561611059418,0.9863285119873192,0.9907829500552896,0.997142293199968,0.9976451851474116,0.0055368795728692,20116,112,207,14934
phiusiil,s0,r07,xgb,xgb_d6_lr005,1,"{""colsample_bytree"": 0.9, ""learning_rate"": 0.05, ""max_depth"": 6, ""n_estimators"": 250, ""reg_lambda"": 1.0, ""scale_pos_weight"": 1.0, ""subsample"": 0.9}",ok,8.067412099999956,0.4,35369,20228,15141,0.4,0.99448669739037,0.9940006804014055,0.9964788732394366,0.9906214913149726,0.9943660392037762,0.9973842903926088,0.997951487131132,0.0026201305121613,20175,53,142,14999
phiusiil,s0,r07,xgb,xgb_d6_lr01_balanced,2,"{""colsample_bytree"": 0.9, ""learning_rate"": 0.1, ""max_depth"": 6, ""n_estimators"": 200, ""reg_lambda"": 1.0, ""scale_pos_weight"": 1.3358712726963955, ""subsample"": 0.9}",ok,7.513187700000003,0.47,35369,20228,15141,0.47,0.9954197178319998,0.994949256698327,0.99760813235001,0.9916782246879334,0.9953194391390588,0.9975626872868636,0.9981560302417136,0.0017797112912794,20192,36,126,15015
phiusiil,s0,r08,lr,lr_c01,0,"{""C"": 0.1, ""class_weight"": null}",ok,7.352227699999958,0.34,35369,20227,15142,0.34,0.9601911278238004,0.9618081048753366,0.9364433710436,0.973055078589354,0.9595381888476509,0.9827848941589958,0.9812014758247491,0.0494388688386809,19227,1000,408,14734
phiusiil,s0,r08,lr,lr_c1,1,"{""C"": 1.0, ""class_weight"": null}",ok,8.733464199999958,0.39,35369,20227,15142,0.39,0.9860895134157032,0.985878930851256,0.9831156839467088,0.9844142121252146,0.985798271045325,0.9930216850528304,0.993645075285452,0.0126563504227023,19971,256,236,14906
phiusiil,s0,r08,lr,lr_c1_balanced,2,"{""C"": 1.0, ""class_weight"": ""balanced""}",ok,7.926865500000076,0.45,35369,20227,15142,0.45,0.9863722468828636,0.98615102910326,0.983573030742842,0.9846123365473516,0.9860864637826364,0.9931679577594724,0.993612993584026,0.0123102783408315,19978,249,233,14909
phiusiil,s0,r08,rf,rf_depth16_leaf1,0,"{""class_weight"": null, ""max_depth"": 16, ""max_features"": ""sqrt"", ""min_samples_leaf"": 1, ""n_estimators"": 200}",ok,17.790331400000014,0.31,35369,20227,15142,0.31,0.971613559897085,0.969985072413185,0.97462065261179,0.9586580372473914,0.9709531763364644,0.993143956628523,0.9924138915341774,0.0186878924210214,19849,378,626,14516
phiusiil,s0,r08,rf,rf_depth24_leaf2,1,"{""class_weight"": null, ""max_depth"": 24, ""max_features"": ""sqrt"", ""min_samples_leaf"": 2, ""n_estimators"": 200}",ok,18.79378069999996,0.31,35369,20227,15142,0.31,0.991150442477876,0.9912832633195324,0.9871870687955844,0.9922071060626072,0.9909693918324942,0.9974046895695812,0.9976550529025552,0.0096405794235427,20032,195,118,15024
phiusiil,s0,r08,rf,rf_unlimited_leaf5_balanced,2,"{""class_weight"": ""balanced_subsample"", ""max_depth"": null, ""max_features"": ""sqrt"", ""min_samples_leaf"": 5, ""n_estimators"": 200}",ok,20.40709430000004,0.47,35369,20227,15142,0.47,0.9908959823574316,0.9906374219769792,0.989884966283221,0.9888389908862766,0.99070259556593,0.9970789781260726,0.9972706855029312,0.0075641469323181,20074,153,169,14973
phiusiil,s0,r08,xgb,xgb_d4_lr005,0,"{""colsample_bytree"": 0.9, ""learning_rate"": 0.05, ""max_depth"": 4, ""n_estimators"": 300, ""reg_lambda"": 1.0, ""scale_pos_weight"": 1.0, ""subsample"": 0.9}",ok,7.315389499999924,0.4,35369,20227,15142,0.4,0.9905849755435552,0.9898176222265348,0.9934688437187604,0.9844802535992604,0.9903751678856332,0.9972016823163552,0.9976505362671956,0.0048450091461907,20129,98,235,14907
phiusiil,s0,r08,xgb,xgb_d6_lr005,1,"{""colsample_bytree"": 0.9, ""learning_rate"": 0.05, ""max_depth"": 6, ""n_estimators"": 250, ""reg_lambda"": 1.0, ""scale_pos_weight"": 1.0, ""subsample"": 0.9}",ok,6.7457491999999775,0.35,35369,20227,15142,0.35,0.9938646837626168,0.9934404951560978,0.9951562603675934,0.9904900277374192,0.9937314709812848,0.9976066634453148,0.9980399871329754,0.0036090374252237,20154,73,144,14998
phiusiil,s0,r08,xgb,xgb_d6_lr01_balanced,2,"{""colsample_bytree"": 0.9, ""learning_rate"": 0.1, ""max_depth"": 6, ""n_estimators"": 200, ""reg_lambda"": 1.0, ""scale_pos_weight"": 1.3358712726963955, ""subsample"": 0.9}",ok,6.235409200000049,0.52,35369,20227,15142,0.52,0.9950521643246912,0.994545121822538,0.99740777666999,0.9910183595297848,0.9949436246384816,0.9976500587699574,0.9981636597540496,0.0019281158847085,20188,39,136,15006
phiusiil,s0,r09,lr,lr_c01,0,"{""C"": 0.1, ""class_weight"": null}",ok,6.844534199999998,0.34,35369,20228,15141,0.34,0.9603324945573808,0.9620565987606552,0.9359055717730675,0.9740439865266496,0.9596886261987504,0.982514689843753,0.9812643529546744,0.0499307890053391,19218,1010,393,14748
phiusiil,s0,r09,lr,lr_c1,1,"{""C"": 1.0, ""class_weight"": null}",ok,8.963838099999975,0.41,35369,20228,15141,0.41,0.986061240068987,0.9856713072714662,0.9844556158221986,0.9829601743610066,0.9857640860611884,0.993463184579226,0.9941896366747932,0.0116175598180739,19993,235,258,14883
phiusiil,s0,r09,lr,lr_c1_balanced,2,"{""C"": 1.0, ""class_weight"": ""balanced""}",ok,9.959317499999996,0.45,35369,20228,15141,0.45,0.9865136136164436,0.986282721013208,0.983832651445163,0.984677366092068,0.9862302251287898,0.9939312323626632,0.9944548201207992,0.0121119240656515,19983,245,232,14909
phiusiil,s0,r09,rf,rf_depth16_leaf1,0,"{""class_weight"": null, ""max_depth"": 16, ""max_features"": ""sqrt"", ""min_samples_leaf"": 1, ""n_estimators"": 200}",ok,18.28854620000004,0.32,35369,20228,15141,0.32,0.97107636630948,0.9691989442670444,0.9758021029927204,0.9561455650221252,0.9703881584600644,0.9935573181796472,0.992813531271958,0.0177476764880363,19869,359,664,14477
phiusiil,s0,r09,rf,rf_depth24_leaf2,1,"{""class_weight"": null, ""max_depth"": 24, ""max_features"": ""sqrt"", ""min_samples_leaf"": 2, ""n_estimators"": 200}",ok,19.28168900000003,0.32,35369,20228,15141,0.32,0.991687636065481,0.9918276326582592,0.9878425445225736,0.9928010038967044,0.9915173677326744,0.997399541534544,0.9976160934733516,0.0091457385801858,20043,185,109,15032
phiusiil,s0,r09,rf,rf_unlimited_leaf5_balanced,2,"{""class_weight"": ""balanced_subsample"", ""max_depth"": null, ""max_features"": ""sqrt"", ""min_samples_leaf"": 5, ""n_estimators"": 200}",ok,20.388365900000053,0.46,35369,20228,15141,0.46,0.9909525290508636,0.9907531144490488,0.9894973247902769,0.9893666204345816,0.9907612656744738,0.9969309354241378,0.99705242133147,0.007860391536484,20069,159,161,14980
phiusiil,s0,r09,xgb,xgb_d4_lr005,0,"{""colsample_bytree"": 0.9, ""learning_rate"": 0.05, ""max_depth"": 4, ""n_estimators"": 300, ""reg_lambda"": 1.0, ""scale_pos_weight"": 1.0, ""subsample"": 0.9}",ok,7.506489299999998,0.38,35369,20228,15141,0.38,0.9912352625180244,0.9907511554070532,0.9921029928993298,0.98738524536028,0.9910447322094464,0.9976487333089132,0.997972286796282,0.0058829345461736,20109,119,191,14950
phiusiil,s0,r09,xgb,xgb_d6_lr005,1,"{""colsample_bytree"": 0.9, ""learning_rate"": 0.05, ""max_depth"": 6, ""n_estimators"": 250, ""reg_lambda"": 1.0, ""scale_pos_weight"": 1.0, ""subsample"": 0.9}",ok,6.673552699999959,0.38,35369,20228,15141,0.38,0.9941756905764936,0.9937536941818164,0.99555378591811,0.9908196288224028,0.994049080113374,0.997990979578071,0.9983502392543744,0.00331224045877,20161,67,139,15002
phiusiil,s0,r09,xgb,xgb_d6_lr01_balanced,2,"{""colsample_bytree"": 0.9, ""learning_rate"": 0.1, ""max_depth"": 6, ""n_estimators"": 200, ""reg_lambda"": 1.0, ""scale_pos_weight"": 1.3358712726963955, ""subsample"": 0.9}",ok,6.54825100000005,0.53,35369,20228,15141,0.53,0.9957872713393084,0.9952622887537264,0.99853684490556,0.9916121788521234,0.9956944926701812,0.9980668467444188,0.9984987376497312,0.0010876013446707,20206,22,127,15014
phiusiil,s1,r00,lr,lr_c01,0,"{""C"": 0.1, ""class_weight"": null}",ok,6.689278800000011,0.34,35369,20227,15142,0.34,0.9584099069806892,0.9598855231923638,0.9351327264625374,0.9701492537313432,0.9577200140004928,0.9827290542267336,0.981385948419608,0.0503782073466159,19208,1019,452,14690
phiusiil,s1,r00,lr,lr_c1,1,"{""C"": 1.0, ""class_weight"": null}",ok,8.439933399999973,0.41,35369,20227,15142,0.41,0.9856371398682462,0.984902328718301,0.9865673626812076,0.9797913089420156,0.98532119412656,0.9930550486165092,0.993982783774336,0.0099866515054135,20025,202,306,14836
phiusiil,s1,r00,lr,lr_c1_balanced,2,"{""C"": 1.0, ""class_weight"": ""balanced""}",ok,8.800326299999938,0.48,35369,20227,15142,0.48,0.98560886652153,0.984836102770864,0.9868254707565374,0.9794611015717872,0.9852911754900504,0.9932894767490292,0.9939812624396522,0.0097888960300588,20029,198,311,14831
phiusiil,s1,r00,rf,rf_depth16_leaf1,0,"{""class_weight"": null, ""max_depth"": 16, ""max_features"": ""sqrt"", ""min_samples_leaf"": 1, ""n_estimators"": 200}",ok,18.576278799999955,0.36,35369,20227,15142,0.36,0.9694647855466652,0.9667947895859604,0.9798007370001364,0.9482234843481706,0.9686873721128796,0.992856063862716,0.992239545742042,0.0146339051762495,19931,296,784,14358
phiusiil,s1,r00,rf,rf_depth24_leaf2,1,"{""class_weight"": null, ""max_depth"": 24, ""max_features"": ""sqrt"", ""min_samples_leaf"": 2, ""n_estimators"": 200}",ok,22.26146360000007,0.35,35369,20227,15142,0.35,0.9920551895727896,0.9920161761027266,0.9897185790549,0.9917448157442874,0.991889586687251,0.9972266319343864,0.997618100730412,0.0077124635388342,20071,156,125,15017
phiusiil,s1,r00,rf,rf_unlimited_leaf5_balanced,2,"{""class_weight"": ""balanced_subsample"", ""max_depth"": null, ""max_features"": ""sqrt"", ""min_samples_leaf"": 5, ""n_estimators"": 200}",ok,20.38226469999995,0.46,35369,20227,15142,0.46,0.9914614492917526,0.9912065223887976,0.9906109494842634,0.989433364152688,0.9912799288229724,0.9966020017668046,0.9969796272778576,0.0070203193750926,20085,142,160,14982
phiusiil,s1,r00,xgb,xgb_d4_lr005,0,"{""colsample_bytree"": 0.9, ""learning_rate"": 0.05, ""max_depth"": 4, ""n_estimators"": 300, ""reg_lambda"": 1.0, ""scale_pos_weight"": 1.0, ""subsample"": 0.9}",ok,7.574505999999928,0.44,35369,20227,15142,0.44,0.9908959823574316,0.9900397281895266,0.9945935122146576,0.984084004754986,0.9906912739534456,0.997171400927566,0.997593706592536,0.0040045483759331,20146,81,241,14901
phiusiil,s1,r00,xgb,xgb_d6_lr005,1,"{""colsample_bytree"": 0.9, ""learning_rate"": 0.05, ""max_depth"": 6, ""n_estimators"": 250, ""reg_lambda"": 1.0, ""scale_pos_weight"": 1.0, ""subsample"": 0.9}",ok,6.536389900000131,0.39,35369,20227,15142,0.39,0.9940060504961972,0.9935308871177804,0.9957497675654138,0.9902258618412364,0.9938752356957856,0.9975565144355456,0.9980165656326808,0.0031640876056755,20163,64,148,14994
phiusiil,s1,r00,xgb,xgb_d6_lr01_balanced,2,"{""colsample_bytree"": 0.9, ""learning_rate"": 0.1, ""max_depth"": 6, ""n_estimators"": 200, ""reg_lambda"": 1.0, ""scale_pos_weight"": 1.3359043305972262, ""subsample"": 0.9}",ok,6.029465800000025,0.53,35369,20227,15142,0.53,0.9953631711385676,0.9948004329959438,0.9982701264138388,0.9908862765816931,0.9952608512130576,0.9976516243450206,0.9981537334434492,0.0012854105898057,20201,26,138,15004
phiusiil,s1,r01,lr,lr_c01,0,"{""C"": 0.1, ""class_weight"": null}",ok,6.503658900000119,0.34,35369,20227,15142,0.34,0.9573072464587632,0.958996176973441,0.9323227197767348,0.9707436269977546,0.9566171061357864,0.9832517261142564,0.981793752708711,0.0527512730508726,19160,1067,443,14699
phiusiil,s1,r01,lr,lr_c1,1,"{""C"": 1.0, ""class_weight"": null}",ok,7.790773000000172,0.56,35369,20227,15142,0.56,0.9847041194266164,0.9831402388856628,0.9918480091625682,0.9722625809008058,0.9843412745887417,0.9934449208849784,0.9941049026041217,0.0059821031294803,20106,121,420,14722
phiusiil,s1,r01,lr,lr_c1_balanced,2,"{""C"": 1.0, ""class_weight"": ""balanced""}",ok,9.16817919999994,0.49,35369,20227,15142,0.49,0.9853261330543696,0.9844892927954284,0.9869463869463868,0.9786686038832386,0.9850004144913348,0.993777444783898,0.9943413161878022,0.0096900182923814,20031,196,323,14819
phiusiil,s1,r01,rf,rf_depth16_leaf1,0,"{""class_weight"": null, ""max_depth"": 16, ""max_features"": ""sqrt"", ""min_samples_leaf"": 1, ""n_estimators"": 200}",ok,17.7897382000001,0.28,35369,20227,15142,0.28,0.9713308264299244,0.9701861484095812,0.9705568878230748,0.9622242768458592,0.970693702349622,0.9940283841011832,0.9936412060414184,0.0218519800266969,19785,442,572,14570
phiusiil,s1,r01,rf,rf_depth24_leaf2,1,"{""class_weight"": null, ""max_depth"": 24, ""max_features"": ""sqrt"", ""min_samples_leaf"": 2, ""n_estimators"": 200}",ok,21.20124739999983,0.35,35369,20227,15142,0.35,0.9917159094121972,0.991694638981884,0.9891297186902958,0.9915466913221505,0.9915436527859542,0.9972543062080808,0.9976763907109476,0.0081574133583823,20062,165,128,15014
phiusiil,s1,r01,rf,rf_unlimited_leaf5_balanced,2,"{""class_weight"": ""balanced_subsample"", ""max_depth"": null, ""max_features"": ""sqrt"", ""min_samples_leaf"": 5, ""n_estimators"": 200}",ok,22.673803099999983,0.49,35369,20227,15142,0.49,0.991093895784444,0.990719143689276,0.9910578260581572,0.9881125346717738,0.990902509514518,0.9968600000481916,0.997309208937626,0.0066742472932219,20092,135,180,14962
phiusiil,s1,r01,xgb,xgb_d4_lr005,0,"{""colsample_bytree"": 0.9, ""learning_rate"": 0.05, ""max_depth"": 4, ""n_estimators"": 300, ""reg_lambda"": 1.0, ""scale_pos_weight"": 1.0, ""subsample"": 0.9}",ok,8.751829900000075,0.41,35369,20227,15142,0.41,0.9914049025983206,0.9905510884299028,0.995260347129506,0.9846123365473516,0.991211486785856,0.9969478371350318,0.9975284793800748,0.0035101596875463,20156,71,233,14909
phiusiil,s1,r01,xgb,xgb_d6_lr005,1,"{""colsample_bytree"": 0.9, ""learning_rate"": 0.05, ""max_depth"": 6, ""n_estimators"": 250, ""reg_lambda"": 1.0, ""scale_pos_weight"": 1.0, ""subsample"": 0.9}",ok,8.534178800000063,0.4,35369,20227,15142,0.4,0.9941756905764936,0.9936127933034684,0.9966746475126363,0.9896975300488708,0.9940474698903534,0.9974338657505312,0.9979996579793302,0.002471943441934,20177,50,156,14986
phiusiil,s1,r01,xgb,xgb_d6_lr01_balanced,2,"{""colsample_bytree"": 0.9, ""learning_rate"": 0.1, ""max_depth"": 6, ""n_estimators"": 200, ""reg_lambda"": 1.0, ""scale_pos_weight"": 1.3359043305972262, ""subsample"": 0.9}",ok,7.064937299999883,0.42,35369,20227,15142,0.42,0.9952500777517036,0.9947015552582664,0.9980045230810164,0.9908862765816931,0.9951454270573732,0.9973860136793584,0.9979872198887132,0.0014831660651604,20197,30,138,15004
phiusiil,s1,r02,lr,lr_c01,0,"{""C"": 0.1, ""class_weight"": null}",ok,7.795900500000016,0.34,35369,20227,15142,0.34,0.9539709915462692,0.9556227120687656,0.9283631291999492,0.9671113459252412,0.9532296289974408,0.9815611939998126,0.9801414359444968,0.0558659217877094,19097,1130,498,14644
phiusiil,s1,r02,lr,lr_c1,1,"{""C"": 1.0, ""class_weight"": null}",ok,7.937647199999901,0.36,35369,20227,15142,0.36,0.9846475727331844,0.98431109149954,0.9821652685117908,0.9819706775855236,0.9843231529235242,0.992562207545599,0.9935417709264632,0.0133484945864438,19957,270,273,14869
phiusiil,s1,r02,lr,lr_c1_balanced,2,"{""C"": 1.0, ""class_weight"": ""balanced""}",ok,8.445207099999834,0.44,35369,20227,15142,0.44,0.9847889394667648,0.984293566527377,0.9835761589403974,0.9808479725267468,0.9844624542714844,0.992776057916208,0.9936286488432616,0.0122608394719928,19979,248,290,14852
phiusiil,s1,r02,rf,rf_depth16_leaf1,0,"{""class_weight"": null, ""max_depth"": 16, ""max_features"": ""sqrt"", ""min_samples_leaf"": 1, ""n_estimators"": 200}",ok,19.629038199999968,0.32,35369,20227,15142,0.32,0.968249031637875,0.9658397708397746,0.9760918291109149,0.9490820235107648,0.9674610523696352,0.9919306294244514,0.9913808390887668,0.0174024818312157,19875,352,771,14371
phiusiil,s1,r02,rf,rf_depth24_leaf2,1,"{""class_weight"": null, ""max_depth"": 24, ""max_features"": ""sqrt"", ""min_samples_leaf"": 2, ""n_estimators"": 200}",ok,21.869712099999788,0.3,35369,20227,15142,0.3,0.991009075744296,0.991101557029211,0.987310979618672,0.9917448157442874,0.9908244575977818,0.9973381403855828,0.997744742393251,0.0095417016858654,20034,193,125,15017
phiusiil,s1,r02,rf,rf_unlimited_leaf5_balanced,2,"{""class_weight"": ""balanced_subsample"", ""max_depth"": null, ""max_features"": ""sqrt"", ""min_samples_leaf"": 5, ""n_estimators"": 200}",ok,21.853856999999834,0.51,35369,20227,15142,0.51,0.9912352625180244,0.99071822132232,0.99236489178064,0.9871219125610884,0.991044279109617,0.9971403392000072,0.9974830865739948,0.0056854699164483,20112,115,195,14947
phiusiil,s1,r02,xgb,xgb_d4_lr005,0,"{""colsample_bytree"": 0.9, ""learning_rate"": 0.05, ""max_depth"": 4, ""n_estimators"": 300, ""reg_lambda"": 1.0, ""scale_pos_weight"": 1.0, ""subsample"": 0.9}",ok,9.91993350000007,0.39,35369,20227,15142,0.39,0.9915745426786168,0.9909733480223346,0.9934840425531914,0.98679170519086,0.9913893504108412,0.9970434661820148,0.9975664147713912,0.0048450091461907,20129,98,200,14942
phiusiil,s1,r02,xgb,xgb_d6_lr005,1,"{""colsample_bytree"": 0.9, ""learning_rate"": 0.05, ""max_depth"": 6, ""n_estimators"": 250, ""reg_lambda"": 1.0, ""scale_pos_weight"": 1.0, ""subsample"": 0.9}",ok,7.490714500000195,0.36,35369,20227,15142,0.36,0.9942605106166416,0.9937865672379684,0.9960815567510128,0.9904900277374192,0.9941351997454028,0.9976252397525568,0.9980598791212598,0.0029168932614821,20168,59,144,14998
phiusiil,s1,r02,xgb,xgb_d6_lr01_balanced,2,"{""colsample_bytree"": 0.9, ""learning_rate"": 0.1, ""max_depth"": 6, ""n_estimators"": 200, ""reg_lambda"": 1.0, ""scale_pos_weight"": 1.3359043305972262, ""subsample"": 0.9}",ok,6.75127620000012,0.46,35369,20227,15142,0.46,0.995476264525432,0.9948993107336211,0.9985358711566618,0.9908862765816931,0.9953762830866726,0.9977520056224616,0.9982006493323268,0.0010876551144509,20205,22,138,15004
phiusiil,s1,r03,lr,lr_c01,0,"{""C"": 0.1, ""class_weight"": null}",ok,6.824781300000041,0.35,35369,20227,15142,0.35,0.95990839435664,0.9612122558217956,0.9381864623243934,0.9702813366794348,0.9592286087062072,0.982414303441176,0.981344427714994,0.0478568250358431,19259,968,450,14692
phiusiil,s1,r03,lr,lr_c1,1,"{""C"": 1.0, ""class_weight"": null}",ok,8.41566140000009,0.43,35369,20227,15142,0.43,0.9860895134157032,0.985372551392442,0.9870345744680852,0.9803856822084268,0.9857837597387042,0.9928030089889084,0.993919727794511,0.0096405794235427,20032,195,297,14845
phiusiil,s1,r03,lr,lr_c1_balanced,2,"{""C"": 1.0, ""class_weight"": ""balanced""}",ok,8.62715090000006,0.47,35369,20227,15142,0.47,0.9863722468828636,0.9857691691834988,0.9865259524757732,0.9815744287412494,0.9860757682502396,0.9930033372966924,0.9939707898150204,0.0100360903742522,20024,203,279,14863
phiusiil,s1,r03,rf,rf_depth16_leaf1,0,"{""class_weight"": null, ""max_depth"": 16, ""max_features"": ""sqrt"", ""min_samples_leaf"": 1, ""n_estimators"": 200}",ok,18.249837900000102,0.3,35369,20227,15142,0.3,0.9717831999773812,0.9702911137691675,0.9738041002277904,0.9599128252542596,0.97113479751609,0.993828679411412,0.9935544027539478,0.0193305977159242,19836,391,607,14535
phiusiil,s1,r03,rf,rf_depth24_leaf2,1,"{""class_weight"": null, ""max_depth"": 24, ""max_features"": ""sqrt"", ""min_samples_leaf"": 2, ""n_estimators"": 200}",ok,18.64849849999996,0.32,35369,20227,15142,0.32,0.9912635358647404,0.9912908267285708,0.98815243862305,0.9914806498481046,0.9910828997814058,0.9970456325199804,0.997471174785869,0.0088989963909625,20047,180,129,15013
phiusiil,s1,r03,rf,rf_unlimited_leaf5_balanced,2,"{""class_weight"": ""balanced_subsample"", ""max_depth"": null, ""max_features"": ""sqrt"", ""min_samples_leaf"": 5, ""n_estimators"": 200}",ok,19.61338100000012,0.54,35369,20227,15142,0.54,0.9909525290508636,0.9903216035312634,0.9928837456770416,0.9859331660282658,0.990753351285986,0.9964647013235076,0.996947949889049,0.0052899589657388,20120,107,213,14929
phiusiil,s1,r03,xgb,xgb_d4_lr005,0,"{""colsample_bytree"": 0.9, ""learning_rate"": 0.05, ""max_depth"": 4, ""n_estimators"": 300, ""reg_lambda"": 1.0, ""scale_pos_weight"": 1.0, ""subsample"": 0.9}",ok,7.2113417999999,0.37,35369,20227,15142,0.37,0.991037349091012,0.9904787748605566,0.992426758785624,0.9865935807687228,0.9908413570594544,0.9971103141149564,0.997556278866374,0.0056360310476096,20113,114,203,14939
phiusiil,s1,r03,xgb,xgb_d6_lr005,1,"{""colsample_bytree"": 0.9, ""learning_rate"": 0.05, ""max_depth"": 6, ""n_estimators"": 250, ""reg_lambda"": 1.0, ""scale_pos_weight"": 1.0, ""subsample"": 0.9}",ok,7.060755100000051,0.37,35369,20227,15142,0.37,0.9935536769487404,0.9930523631410358,0.9953500730702804,0.9895654471007792,0.9934127667469674,0.9971222379525604,0.9977968096200748,0.0034607208187076,20157,70,158,14984
phiusiil,s1,r03,xgb,xgb_d6_lr01_balanced,2,"{""colsample_bytree"": 0.9, ""learning_rate"": 0.1, ""max_depth"": 6, ""n_estimators"": 200, ""reg_lambda"": 1.0, ""scale_pos_weight"": 1.3359043305972262, ""subsample"": 0.9}",ok,6.58771969999998,0.54,35369,20227,15142,0.54,0.9950804376714072,0.994461924323112,0.99833533093621,0.9901598203671906,0.9949713656888728,0.9972832636329738,0.9979641956577504,0.001235971720967,20202,25,149,14993
phiusiil,s1,r04,lr,lr_c01,0,"{""C"": 0.1, ""class_weight"": null}",ok,6.863867199999959,0.36,35369,20227,15142,0.36,0.962085442053776,0.9631820626929132,0.942368100519264,0.9708096684718004,0.9614249808854723,0.9832779180707896,0.9821553200074546,0.0444455430859741,19328,899,442,14700
phiusiil,s1,r04,lr,lr_c1,1,"{""C"": 1.0, ""class_weight"": null}",ok,9.235198699999955,0.46,35369,20227,15142,0.46,0.9864287935762956,0.985552966369025,0.9887333333333334,0.9794611015717872,0.986125775771801,0.9933747393709322,0.9940369465063572,0.008355168833737,20058,169,311,14831
phiusiil,s1,r04,lr,lr_c1_balanced,2,"{""C"": 1.0, ""class_weight"": ""balanced""}",ok,8.87429189999989,0.51,35369,20227,15142,0.51,0.9860329667222708,0.9852484008001718,0.9874866879659212,0.9797913089420156,0.98572403132193,0.9934426027237794,0.9939513078697936,0.009294507341672,20039,188,306,14836
phiusiil,s1,r04,rf,rf_depth16_leaf1,0,"{""class_weight"": null, ""max_depth"": 16, ""max_features"": ""sqrt"", ""min_samples_leaf"": 1, ""n_estimators"": 200}",ok,17.358546800000113,0.3,35369,20227,15142,0.3,0.9696626989736776,0.9682130210174223,0.97062955777079,0.9581297054550256,0.9689712069647634,0.9929305029573304,0.9925267043062648,0.0217036634201809,19788,439,634,14508
phiusiil,s1,r04,rf,rf_depth24_leaf2,1,"{""class_weight"": null, ""max_depth"": 24, ""max_features"": ""sqrt"", ""min_samples_leaf"": 2, ""n_estimators"": 200}",ok,18.676659599999997,0.35,35369,20227,15142,0.35,0.991150442477876,0.99118364768829,0.9879565646594276,0.9914146083740588,0.9909676164284408,0.9970096177634932,0.9975112565529743,0.0090473129974786,20044,183,130,15012
phiusiil,s1,r04,rf,rf_unlimited_leaf5_balanced,2,"{""class_weight"": ""balanced_subsample"", ""max_depth"": null, ""max_features"": ""sqrt"", ""min_samples_leaf"": 5, ""n_estimators"": 200}",ok,22.761285600000065,0.55,35369,20227,15142,0.55,0.9914049025983206,0.9908416340210257,0.9929568106312292,0.9869237881389512,0.9912167252979868,0.9967480638799292,0.9971345969118222,0.0052405200969001,20121,106,198,14944
phiusiil,s1,r04,xgb,xgb_d4_lr005,0,"{""colsample_bytree"": 0.9, ""learning_rate"": 0.05, ""max_depth"": 4, ""n_estimators"": 300, ""reg_lambda"": 1.0, ""scale_pos_weight"": 1.0, ""subsample"": 0.9}",ok,7.709351099999822,0.4,35369,20227,15142,0.4,0.9906980689304192,0.9899497051746262,0.993470584316077,0.9847444194954432,0.990491105986057,0.99702213420146,0.9975295284578954,0.0048450091461907,20129,98,231,14911
phiusiil,s1,r04,xgb,xgb_d6_lr005,1,"{""colsample_bytree"": 0.9, ""learning_rate"": 0.05, ""max_depth"": 6, ""n_estimators"": 250, ""reg_lambda"": 1.0, ""scale_pos_weight"": 1.0, ""subsample"": 0.9}",ok,6.7677395999999135,0.41,35369,20227,15142,0.41,0.9938646837626168,0.993299373011838,0.9962758528961894,0.989367322678642,0.9937296695199384,0.9973595621540712,0.9978744173223631,0.0027685766549661,20171,56,161,14981
phiusiil,s1,r04,xgb,xgb_d6_lr01_balanced,2,"{""colsample_bytree"": 0.9, ""learning_rate"": 0.1, ""max_depth"": 6, ""n_estimators"": 200, ""reg_lambda"": 1.0, ""scale_pos_weight"": 1.3359043305972262, ""subsample"": 0.9}",ok,6.904708700000128,0.53,35369,20227,15142,0.53,0.9949673442845428,0.994404553098452,0.9977381585949974,0.9904900277374192,0.9948563770750232,0.9973193273646972,0.9979766820780852,0.0016809215405151,20193,34,144,14998
phiusiil,s1,r05,lr,lr_c01,0,"{""C"": 0.1, ""class_weight"": null}",ok,6.817594599999893,0.34,35369,20227,15142,0.34,0.957703073312788,0.9593007425422942,0.9334265023504004,0.970413419627526,0.9570118342908748,0.9822324681827316,0.9806524895937622,0.0518119345429376,19179,1048,448,14694
phiusiil,s1,r05,lr,lr_c1,1,"{""C"": 1.0, ""class_weight"": null}",ok,8.767609199999924,0.39,35369,20227,15142,0.39,0.9843365659193078,0.9839644659974957,0.9820248480042294,0.9813763043191124,0.9840046433819304,0.9929959893786948,0.9936981935105816,0.0134473723241212,19955,272,282,14860
phiusiil,s1,r05,lr,lr_c1_balanced,2,"{""C"": 1.0, ""class_weight"": ""balanced""}",ok,9.250205900000084,0.45,35369,20227,15142,0.45,0.9846192993864684,0.9843195772755348,0.9818457882228676,0.9822348434817064,0.9842954551153198,0.9934264817083988,0.9938664397279542,0.0135956889306372,19952,275,269,14873
phiusiil,s1,r05,rf,rf_depth16_leaf1,0,"{""class_weight"": null, ""max_depth"": 16, ""max_features"": ""sqrt"", ""min_samples_leaf"": 1, ""n_estimators"": 200}",ok,18.332360899999912,0.31,35369,20227,15142,0.31,0.9736209675139246,0.9721469160845302,0.9761410093157296,0.9618940694756308,0.9730136252897802,0.993585984258954,0.9932195019948162,0.0176002373065704,19871,356,577,14565
phiusiil,s1,r05,rf,rf_depth24_leaf2,1,"{""class_weight"": null, ""max_depth"": 24, ""max_features"": ""sqrt"", ""min_samples_leaf"": 2, ""n_estimators"": 200}",ok,18.805634099999907,0.34,35369,20227,15142,0.34,0.9918855494924934,0.991942571219642,0.9887477791669408,0.9923391890106988,0.9917180462537398,0.996932770719746,0.9974072558554036,0.0084540465714144,20056,171,116,15026
phiusiil,s1,r05,rf,rf_unlimited_leaf5_balanced,2,"{""class_weight"": ""balanced_subsample"", ""max_depth"": null, ""max_features"": ""sqrt"", ""min_samples_leaf"": 5, ""n_estimators"": 200}",ok,20.228547800000115,0.49,35369,20227,15142,0.49,0.991093895784444,0.9907772528075004,0.9906028720799418,0.9885748249900936,0.9909035749849604,0.9964840269518692,0.9969300109768642,0.0070203193750926,20085,142,173,14969
phiusiil,s1,r05,xgb,xgb_d4_lr005,0,"{""colsample_bytree"": 0.9, ""learning_rate"": 0.05, ""max_depth"": 4, ""n_estimators"": 300, ""reg_lambda"": 1.0, ""scale_pos_weight"": 1.0, ""subsample"": 0.9}",ok,7.837476899999956,0.39,35369,20227,15142,0.39,0.9907263422771352,0.9901570532663228,0.9920940738772256,0.9861973319244486,0.990523469148389,0.9967681910696634,0.9974215597447946,0.005883225391803,20108,119,209,14933
phiusiil,s1,r05,xgb,xgb_d6_lr005,1,"{""colsample_bytree"": 0.9, ""learning_rate"": 0.05, ""max_depth"": 6, ""n_estimators"": 250, ""reg_lambda"": 1.0, ""scale_pos_weight"": 1.0, ""subsample"": 0.9}",ok,6.807303600000068,0.37,35369,20227,15142,0.37,0.9936950436823206,0.9933502876678062,0.9943012391491618,0.990952318055739,0.993559230404301,0.997354165082998,0.9978983702935648,0.0042517427201265,20141,86,137,15005
phiusiil,s1,r05,xgb,xgb_d6_lr01_balanced,2,"{""colsample_bytree"": 0.9, ""learning_rate"": 0.1, ""max_depth"": 6, ""n_estimators"": 200, ""reg_lambda"": 1.0, ""scale_pos_weight"": 1.3359043305972262, ""subsample"": 0.9}",ok,6.901249600000028,0.53,35369,20227,15142,0.53,0.9951935310582714,0.9946604176920312,0.9978055592499002,0.990952318055739,0.9950878011840852,0.9973987407108424,0.9980303188941984,0.0016314826716764,20194,33,137,15005
phiusiil,s1,r06,lr,lr_c01,0,"{""C"": 0.1, ""class_weight"": null}",ok,7.586629599999924,0.35,35369,20227,15142,0.35,0.9602194011705164,0.9611687201014752,0.9409876067552816,0.967771760665698,0.9595184884921026,0.9823903725080656,0.981512856173702,0.0454343204627478,19308,919,488,14654
phiusiil,s1,r06,lr,lr_c1,1,"{""C"": 1.0, ""class_weight"": null}",ok,8.605150900000126,0.41,35369,20227,15142,0.41,0.9858067799485424,0.9850921518378346,0.9866374152373356,0.980121516312244,0.9854950575792174,0.9935315042057614,0.9943217774036464,0.0099372126365748,20026,201,301,14841
phiusiil,s1,r06,lr,lr_c1_balanced,2,"{""C"": 1.0, ""class_weight"": ""balanced""}",ok,10.08266790000016,0.44,35369,20227,15142,0.44,0.986061240068987,0.9855885697335244,0.9850983508841644,0.9823008849557522,0.9857619438909366,0.9937541913415608,0.9943248388921148,0.0111237454887032,20002,225,268,14874
phiusiil,s1,r06,rf,rf_depth16_leaf1,0,"{""class_weight"": null, ""max_depth"": 16, ""max_features"": ""sqrt"", ""min_samples_leaf"": 1, ""n_estimators"": 200}",ok,28.66457809999997,0.33,35369,20227,15142,0.33,0.9740167943679492,0.972268852996106,0.9787921631993536,0.9601109496763968,0.973402769183356,0.9945539798103308,0.994021558410914,0.0155732436841845,19912,315,604,14538
phiusiil,s1,r06,rf,rf_depth24_leaf2,1,"{""class_weight"": null, ""max_depth"": 24, ""max_features"": ""sqrt"", ""min_samples_leaf"": 2, ""n_estimators"": 200}",ok,37.246773400000166,0.31,35369,20227,15142,0.31,0.9920269162260736,0.992165784022981,0.9883017875920084,0.9931316866992472,0.9918635976211368,0.9979373899530516,0.9981744276626404,0.0088001186532852,20049,178,104,15038
phiusiil,s1,r06,rf,rf_unlimited_leaf5_balanced,2,"{""class_weight"": ""balanced_subsample"", ""max_depth"": null, ""max_features"": ""sqrt"", ""min_samples_leaf"": 5, ""n_estimators"": 200}",ok,43.77893979999999,0.52,35369,20227,15142,0.52,0.9918855494924934,0.9914859995764492,0.9923112613508318,0.9887069079381852,0.9917104801701372,0.9977335484882952,0.997865323156911,0.0057349087852869,20111,116,171,14971
phiusiil,s1,r06,xgb,xgb_d4_lr005,0,"{""colsample_bytree"": 0.9, ""learning_rate"": 0.05, ""max_depth"": 4, ""n_estimators"": 300, ""reg_lambda"": 1.0, ""scale_pos_weight"": 1.0, ""subsample"": 0.9}",ok,12.877807699999948,0.44,35369,20227,15142,0.44,0.9915462693319008,0.9907909038384486,0.9946677331200426,0.9855369171839916,0.991357735928764,0.99780438790302,0.9980843193140574,0.0039551095070944,20147,80,219,14923
phiusiil,s1,r06,xgb,xgb_d6_lr005,1,"{""colsample_bytree"": 0.9, ""learning_rate"": 0.05, ""max_depth"": 6, ""n_estimators"": 250, ""reg_lambda"": 1.0, ""scale_pos_weight"": 1.0, ""subsample"": 0.9}",ok,11.18779389999986,0.37,35369,20227,15142,0.37,0.9940908705363454,0.9936548532366596,0.9955531957257584,0.9906221106855104,0.993962365345503,0.9980698875581462,0.9984452329449122,0.0033124042121916,20160,67,142,15000
phiusiil,s1,r06,xgb,xgb_d6_lr01_balanced,2,"{""colsample_bytree"": 0.9, ""learning_rate"": 0.1, ""max_depth"": 6, ""n_estimators"": 200, ""reg_lambda"": 1.0, ""scale_pos_weight"": 1.3359043305972262, ""subsample"": 0.9}",ok,10.22159959999999,0.53,35369,20227,15142,0.53,0.9953914444852836,0.9948666589433808,0.9980051865150608,0.991216483951922,0.9952901081230192,0.998169361161202,0.9985712935340472,0.0014831660651604,20197,30,133,15009
phiusiil,s1,r07,lr,lr_c01,0,"{""C"": 0.1, ""class_weight"": null}",ok,11.270598199999997,0.35,35369,20227,15142,0.35,0.9601063077836524,0.9611279514820223,0.9403502020396384,0.968234050984018,0.9594089239804904,0.9824980527282676,0.9814918089587076,0.0459781480199733,19297,930,481,14661
phiusiil,s1,r07,lr,lr_c1,1,"{""C"": 1.0, ""class_weight"": null}",ok,14.887464800000089,0.43,35369,20227,15142,0.43,0.9864853402697276,0.9856522130534848,0.9884743504330448,0.9798573504160611,0.9861847641915924,0.993277152946993,0.994289300179739,0.0085529243090918,20054,173,305,14837
phiusiil,s1,r07,lr,lr_c1_balanced,2,"{""C"": 1.0, ""class_weight"": ""balanced""}",ok,16.206086800000094,0.46,35369,20227,15142,0.46,0.9864005202295796,0.985760683407504,0.9868499701135685,0.9813102628450668,0.9861036013671864,0.993535154493396,0.9943839371192158,0.0097888960300588,20029,198,283,14859
phiusiil,s1,r07,rf,rf_depth16_leaf1,0,"{""class_weight"": null, ""max_depth"": 16, ""max_features"": ""sqrt"", ""min_samples_leaf"": 1, ""n_estimators"": 200}",ok,33.60590830000001,0.32,35369,20227,15142,0.32,0.9719245667109616,0.9699166327850538,0.977974461185055,0.9559503368115176,0.97124788599749,0.9923656878787144,0.9919225734323742,0.0161170712414099,19901,326,667,14475
phiusiil,s1,r07,rf,rf_depth24_leaf2,1,"{""class_weight"": null, ""max_depth"": 24, ""max_features"": ""sqrt"", ""min_samples_leaf"": 2, ""n_estimators"": 200}",ok,39.535891499999934,0.35,35369,20227,15142,0.35,0.9923379230399504,0.9921471522104708,0.991278493557978,0.9908202351076476,0.9921757517964772,0.9972582225945008,0.9976687756632542,0.0065259306867058,20095,132,139,15003
phiusiil,s1,r07,rf,rf_unlimited_leaf5_balanced,2,"{""class_weight"": ""balanced_subsample"", ""max_depth"": null, ""max_features"": ""sqrt"", ""min_samples_leaf"": 5, ""n_estimators"": 200}",ok,39.08071760000007,0.49,35369,20227,15142,0.49,0.9918855494924934,0.991436191760828,0.992703150912106,0.988310659093911,0.9917096440303312,0.9967899752549024,0.997227804688644,0.0054382755722549,20117,110,177,14965
phiusiil,s1,r07,xgb,xgb_d4_lr005,0,"{""colsample_bytree"": 0.9, ""learning_rate"": 0.05, ""max_depth"": 4, ""n_estimators"": 300, ""reg_lambda"": 1.0, ""scale_pos_weight"": 1.0, ""subsample"": 0.9}",ok,12.382050499999878,0.42,35369,20227,15142,0.42,0.9912352625180244,0.9904691822442148,0.9943340887881617,0.9851406683397174,0.9910397165913154,0.997280924249172,0.9976819176258526,0.0042023038512878,20142,85,225,14917
phiusiil,s1,r07,xgb,xgb_d6_lr005,1,"{""colsample_bytree"": 0.9, ""learning_rate"": 0.05, ""max_depth"": 6, ""n_estimators"": 250, ""reg_lambda"": 1.0, ""scale_pos_weight"": 1.0, ""subsample"": 0.9}",ok,9.836429999999837,0.37,35369,20227,15142,0.37,0.9939212304560492,0.9934318249067118,0.9957489206243773,0.9900277374190992,0.9937884070981666,0.9976312375865324,0.99807375635866,0.0031640876056755,20163,64,151,14991
phiusiil,s1,r07,xgb,xgb_d6_lr01_balanced,2,"{""colsample_bytree"": 0.9, ""learning_rate"": 0.1, ""max_depth"": 6, ""n_estimators"": 200, ""reg_lambda"": 1.0, ""scale_pos_weight"": 1.3359043305972262, ""subsample"": 0.9}",ok,10.586646500000144,0.54,35369,20227,15142,0.54,0.99556108456558,0.9949153599186548,0.9992004797121729,0.9904239862633734,0.9954623210936504,0.9977560542420206,0.9982098272292266,0.0005932664260641,20215,12,145,14997
phiusiil,s1,r08,lr,lr_c01,0,"{""C"": 0.1, ""class_weight"": null}",ok,11.428239200000007,0.36,35369,20227,15142,0.36,0.9609262348384178,0.9620108411322534,0.9409691065248044,0.969554880464932,0.9602464780984388,0.9836618512755668,0.9826621576455684,0.0455331982004251,19306,921,461,14681
phiusiil,s1,r08,lr,lr_c1,1,"{""C"": 1.0, ""class_weight"": null}",ok,12.677857600000152,0.45,35369,20227,15142,0.45,0.9872487206310612,0.9865022664400842,0.9888201237772012,0.9813102628450668,0.9869670087066632,0.9940093425291936,0.9948739963466352,0.0083057299648984,20059,168,283,14859
phiusiil,s1,r08,lr,lr_c1_balanced,2,"{""C"": 1.0, ""class_weight"": ""balanced""}",ok,11.451311400000122,0.52,35369,20227,15142,0.52,0.9873335406712092,0.9865930273485491,0.988887410167687,0.981442345793158,0.9870538126583946,0.994395724495801,0.9949868081280872,0.0082562910960597,20060,167,281,14861
phiusiil,s1,r08,rf,rf_depth16_leaf1,0,"{""class_weight"": null, ""max_depth"": 16, ""max_features"": ""sqrt"", ""min_samples_leaf"": 1, ""n_estimators"": 200}",ok,30.861327900000106,0.28,35369,20227,15142,0.28,0.9723769402584184,0.971283396140374,0.9715693454957054,0.9636771892748646,0.9717647476774136,0.9942162726988713,0.9937105833943212,0.0211103969941167,19800,427,550,14592
phiusiil,s1,r08,rf,rf_depth24_leaf2,1,"{""class_weight"": null, ""max_depth"": 24, ""max_features"": ""sqrt"", ""min_samples_leaf"": 2, ""n_estimators"": 200}",ok,29.274298600000066,0.28,35369,20227,15142,0.28,0.991093895784444,0.9913915492001604,0.9858444196867424,0.9934618940694756,0.9909146456530852,0.997687002423432,0.9980177223398656,0.010678795669155,20011,216,99,15043
phiusiil,s1,r08,rf,rf_unlimited_leaf5_balanced,2,"{""class_weight"": ""balanced_subsample"", ""max_depth"": null, ""max_features"": ""sqrt"", ""min_samples_leaf"": 5, ""n_estimators"": 200}",ok,30.48855289999983,0.47,35369,20227,15142,0.47,0.9925075631202466,0.9922871675143834,0.991736629867125,0.990754193633602,0.9923484731140512,0.9975782023028196,0.9978793707752333,0.0061798586048351,20102,125,140,15002
phiusiil,s1,r08,xgb,xgb_d4_lr005,0,"{""colsample_bytree"": 0.9, ""learning_rate"": 0.05, ""max_depth"": 4, ""n_estimators"": 300, ""reg_lambda"": 1.0, ""scale_pos_weight"": 1.0, ""subsample"": 0.9}",ok,7.541949999999815,0.36,35369,20227,15142,0.36,0.99219655630637,0.99182432377589,0.992512589451365,0.9892352397305508,0.9920285313954668,0.9976278158500022,0.9979809819547556,0.0055865921787709,20114,113,163,14979
phiusiil,s1,r08,xgb,xgb_d6_lr005,1,"{""colsample_bytree"": 0.9, ""learning_rate"": 0.05, ""max_depth"": 6, ""n_estimators"": 250, ""reg_lambda"": 1.0, ""scale_pos_weight"": 1.0, ""subsample"": 0.9}",ok,6.870676600000024,0.32,35369,20227,15142,0.32,0.9946563374706664,0.9943982810031516,0.9949030250877076,0.9926033549068816,0.9945419625324384,0.9979924805641938,0.9983869949521113,0.0038067929005784,20150,77,112,15030
phiusiil,s1,r08,xgb,xgb_d6_lr01_balanced,2,"{""colsample_bytree"": 0.9, ""learning_rate"": 0.1, ""max_depth"": 6, ""n_estimators"": 200, ""reg_lambda"": 1.0, ""scale_pos_weight"": 1.3359043305972262, ""subsample"": 0.9}",ok,6.461495500000183,0.48,35369,20227,15142,0.48,0.9957307246458764,0.9952712090902583,0.9979406098452136,0.992075023114516,0.9956373656655446,0.9981278954608818,0.9984982305125064,0.0015326049339991,20196,31,120,15022
phiusiil,s1,r09,lr,lr_c01,0,"{""C"": 0.1, ""class_weight"": null}",ok,7.342494699999861,0.35,35369,20227,15142,0.35,0.960445587944245,0.961889457640851,0.9379261997323306,0.9719323735305772,0.9597841365637902,0.9828098372469958,0.9815158673719568,0.0481534582488752,19253,974,425,14717
phiusiil,s1,r09,lr,lr_c1,1,"{""C"": 1.0, ""class_weight"": null}",ok,9.85152169999992,0.41,35369,20227,15142,0.41,0.9853261330543696,0.9848213448995692,0.984365684001325,0.9813102628450668,0.9850105501811364,0.99334496242708,0.994023706288683,0.0116675730459287,19991,236,283,14859
phiusiil,s1,r09,lr,lr_c1_balanced,2,"{""C"": 1.0, ""class_weight"": ""balanced""}",ok,9.325464999999896,0.47,35369,20227,15142,0.47,0.9857785066018264,0.9852998688763136,0.9847672031260348,0.9819706775855236,0.9854731395073856,0.9934694117682936,0.9940394197541288,0.0113709398328966,19997,230,273,14869
phiusiil,s1,r09,rf,rf_depth16_leaf1,0,"{""class_weight"": null, ""max_depth"": 16, ""max_features"": ""sqrt"", ""min_samples_leaf"": 1, ""n_estimators"": 200}",ok,27.232602800000222,0.28,35369,20227,15142,0.28,0.9740167943679492,0.973439336663201,0.9698711595639248,0.9694227975168406,0.9734668483430352,0.9941066628543472,0.9936109576144366,0.0225441241904385,19771,456,463,14679
phiusiil,s1,r09,rf,rf_depth24_leaf2,1,"{""class_weight"": null, ""max_depth"": 24, ""max_features"": ""sqrt"", ""min_samples_leaf"": 2, ""n_estimators"": 200}",ok,26.4801652000001,0.35,35369,20227,15142,0.35,0.9914331759450368,0.9913478290064484,0.9892515661061656,0.990754193633602,0.9912540301176916,0.997284527194078,0.9975619400316093,0.0080585356207049,20064,163,140,15002
phiusiil,s1,r09,rf,rf_unlimited_leaf5_balanced,2,"{""class_weight"": ""balanced_subsample"", ""max_depth"": null, ""max_features"": ""sqrt"", ""min_samples_leaf"": 5, ""n_estimators"": 200}",ok,28.61010410000017,0.5,35369,20227,15142,0.5,0.9907828889705674,0.990364216884628,0.9909862142099682,0.9874521199313168,0.9905841087784868,0.997017156684914,0.9971749969069672,0.0067236861620606,20091,136,190,14952
phiusiil,s1,r09,xgb,xgb_d4_lr005,0,"{""colsample_bytree"": 0.9, ""learning_rate"": 0.05, ""max_depth"": 4, ""n_estimators"": 300, ""reg_lambda"": 1.0, ""scale_pos_weight"": 1.0, ""subsample"": 0.9}",ok,7.572788799999671,0.37,35369,20227,15142,0.37,0.99112216913116,0.9906442474924532,0.9919055201698512,0.9873200369832256,0.9909294860090476,0.9969919964733648,0.9974870997930326,0.006031541998319,20105,122,192,14950
phiusiil,s1,r09,xgb,xgb_d6_lr005,1,"{""colsample_bytree"": 0.9, ""learning_rate"": 0.05, ""max_depth"": 6, ""n_estimators"": 250, ""reg_lambda"": 1.0, ""scale_pos_weight"": 1.0, ""subsample"": 0.9}",ok,6.506316900000002,0.42,35369,20227,15142,0.42,0.993242670134864,0.9926476285207668,0.9956761790727068,0.988508783516048,0.9930937334563656,0.9974478090003908,0.997924301818977,0.0032135264745142,20162,65,174,14968
phiusiil,s1,r09,xgb,xgb_d6_lr01_balanced,2,"{""colsample_bytree"": 0.9, ""learning_rate"": 0.1, ""max_depth"": 6, ""n_estimators"": 200, ""reg_lambda"": 1.0, ""scale_pos_weight"": 1.3359043305972262, ""subsample"": 0.9}",ok,6.148982799999885,0.51,35369,20227,15142,0.51,0.9948542508976788,0.9942641688477571,0.9978038067349928,0.9901598203671906,0.99474052201109,0.9976209887020202,0.9981100618084716,0.0016314826716764,20194,33,149,14993
phiusiil,s2,r00,lr,lr_c01,0,"{""C"": 0.1, ""class_weight"": null}",ok,7.733895700000176,0.5,35369,20227,15142,0.5,0.9751477282365912,0.9737142020160728,0.9778864839509482,0.9637432307489104,0.9745759788465768,0.9865657824244292,0.9891260037353732,0.0163148267167647,19897,330,549,14593
phiusiil,s2,r00,lr,lr_c1,1,"{""C"": 1.0, ""class_weight"": null}",ok,9.49963839999964,0.38,35369,20227,15142,0.38,0.9862874268427154,0.9850475092771668,0.9914168845973312,0.9764231937656848,0.9859707382977008,0.9923872582054204,0.9941307634342332,0.0063281752113511,20099,128,357,14785
phiusiil,s2,r00,lr,lr_c1_balanced,2,"{""C"": 1.0, ""class_weight"": ""balanced""}",ok,10.621453499999916,0.34,35369,20227,15142,0.34,0.9864005202295796,0.9855780547502266,0.9882768267501498,0.9798573504160611,0.9860984131740012,0.9924808531475768,0.9942101579064394,0.0087012409156078,20051,176,305,14837
phiusiil,s2,r00,rf,rf_depth16_leaf1,0,"{""class_weight"": null, ""max_depth"": 16, ""max_features"": ""sqrt"", ""min_samples_leaf"": 1, ""n_estimators"": 200}",ok,27.61621820000028,0.34,35369,20227,15142,0.34,0.9776640560943198,0.9766115410980888,0.9783362218370883,0.9692907145687492,0.9771657293778682,0.9926154926030186,0.9936379822914244,0.0160676323725713,19902,325,465,14677
phiusiil,s2,r00,rf,rf_depth24_leaf2,1,"{""class_weight"": null, ""max_depth"": 24, ""max_features"": ""sqrt"", ""min_samples_leaf"": 2, ""n_estimators"": 200}",ok,27.293193299999984,0.39,35369,20227,15142,0.39,0.9891713082077526,0.988440528361308,0.9912788762399308,0.9833575485404834,0.9889315070597424,0.994401270125092,0.995594032547636,0.0064764918178672,20096,131,252,14890
phiusiil,s2,r00,rf,rf_unlimited_leaf5_balanced,2,"{""class_weight"": ""balanced_subsample"", ""max_depth"": null, ""max_features"": ""sqrt"", ""min_samples_leaf"": 5, ""n_estimators"": 200}",ok,29.641465400000016,0.54,35369,20227,15142,0.54,0.9896802284486416,0.9887609586418036,0.9934548854604957,0.982366926429798,0.9894473681983058,0.9938859722756932,0.9952485364043768,0.0048450091461907,20129,98,267,14875
phiusiil,s2,r00,xgb,xgb_d4_lr005,0,"{""colsample_bytree"": 0.9, ""learning_rate"": 0.05, ""max_depth"": 4, ""n_estimators"": 300, ""reg_lambda"": 1.0, ""scale_pos_weight"": 1.0, ""subsample"": 0.9}",ok,7.240534699999898,0.47,35369,20227,15142,0.47,0.9890299414741724,0.9877026347965516,0.9958327732222072,0.9784704794611015,0.9887731639456828,0.9942364896765392,0.995423373031342,0.0030652098679982,20165,62,326,14816
phiusiil,s2,r00,xgb,xgb_d6_lr005,1,"{""colsample_bytree"": 0.9, ""learning_rate"": 0.05, ""max_depth"": 6, ""n_estimators"": 250, ""reg_lambda"": 1.0, ""scale_pos_weight"": 1.0, ""subsample"": 0.9}",ok,6.580507399999988,0.47,35369,20227,15142,0.47,0.9909808023975798,0.989815039599058,0.9971825316965184,0.9817065116893408,0.9907720246891328,0.9944054575078212,0.9955999610305352,0.0020764324912246,20185,42,277,14865
phiusiil,s2,r00,xgb,xgb_d6_lr01_balanced,2,"{""colsample_bytree"": 0.9, ""learning_rate"": 0.1, ""max_depth"": 6, ""n_estimators"": 200, ""reg_lambda"": 1.0, ""scale_pos_weight"": 1.3359043305972262, ""subsample"": 0.9}",ok,6.147415599999931,0.48,35369,20227,15142,0.48,0.991687636065481,0.9905077371829732,0.998255033557047,0.9823008849557522,0.9914947017953124,0.9945797293572268,0.9957413449943532,0.0012854105898057,20201,26,268,14874
phiusiil,s2,r01,lr,lr_c01,0,"{""C"": 0.1, ""class_weight"": null}",ok,7.955217500000344,0.51,35369,20227,15142,0.51,0.9733665073934802,0.9717501138200824,0.9768941429339064,0.960507198520671,0.9727454769854298,0.9857402737939054,0.9886470154680608,0.0170069708805062,19883,344,598,14544
phiusiil,s2,r01,lr,lr_c1,1,"{""C"": 1.0, ""class_weight"": null}",ok,10.638170400000035,0.34,35369,20227,15142,0.34,0.9851282196273572,0.9840257111633705,0.9887640449438202,0.9763571522916392,0.9847898966206774,0.991709298902706,0.9937116624245784,0.0083057299648984,20059,168,358,14784
phiusiil,s2,r01,lr,lr_c1_balanced,2,"{""C"": 1.0, ""class_weight"": ""balanced""}",ok,9.369993599999816,0.43,35369,20227,15142,0.43,0.9852978597076536,0.9840910147438512,0.9898164277100362,0.975696737551182,0.9849600147378424,0.9918923667046048,0.99381618844118,0.0075147080634795,20075,152,368,14774
phiusiil,s2,r01,rf,rf_depth16_leaf1,0,"{""class_weight"": null, ""max_depth"": 16, ""max_features"": ""sqrt"", ""min_samples_leaf"": 1, ""n_estimators"": 200}",ok,27.13978320000024,0.36,35369,20227,15142,0.36,0.977748876134468,0.9764864681388628,0.9800682228613472,0.9677057191916524,0.9772424817138304,0.9930223429535086,0.9937663073191256,0.0147327829139269,19929,298,489,14653
phiusiil,s2,r01,rf,rf_depth24_leaf2,1,"{""class_weight"": null, ""max_depth"": 24, ""max_features"": ""sqrt"", ""min_samples_leaf"": 2, ""n_estimators"": 200}",ok,27.516173900000013,0.36,35369,20227,15142,0.36,0.9890864881676044,0.9885240948075168,0.989841986455982,0.9846123365473516,0.9888486830203618,0.9946403394775336,0.995669873964205,0.0075641469323181,20074,153,233,14909
phiusiil,s2,r01,rf,rf_unlimited_leaf5_balanced,2,"{""class_weight"": ""balanced_subsample"", ""max_depth"": null, ""max_features"": ""sqrt"", ""min_samples_leaf"": 5, ""n_estimators"": 200}",ok,32.732446699999855,0.55,35369,20227,15142,0.55,0.9895671350617772,0.9887201900223508,0.9927289707157628,0.982829216748118,0.9893333692615612,0.9941480714168917,0.9953238077972018,0.0053888367034162,20118,109,260,14882
phiusiil,s2,r01,xgb,xgb_d4_lr005,0,"{""colsample_bytree"": 0.9, ""learning_rate"": 0.05, ""max_depth"": 4, ""n_estimators"": 300, ""reg_lambda"": 1.0, ""scale_pos_weight"": 1.0, ""subsample"": 0.9}",ok,7.059798299999999,0.41,35369,20227,15142,0.41,0.9890299414741724,0.9879765777824676,0.9936429336188436,0.9806498481046096,0.9887796051921324,0.9945214227055476,0.995505471865457,0.0046966925396746,20132,95,293,14849
phiusiil,s2,r01,xgb,xgb_d6_lr005,1,"{""colsample_bytree"": 0.9, ""learning_rate"": 0.05, ""max_depth"": 6, ""n_estimators"": 250, ""reg_lambda"": 1.0, ""scale_pos_weight"": 1.0, ""subsample"": 0.9}",ok,6.755838300000001,0.39,35369,20227,15142,0.39,0.9908394356639996,0.9898408658738248,0.9956515921862455,0.9828952582221636,0.9906307156075564,0.994681976591182,0.995739356735156,0.0032135264745142,20162,65,259,14883
phiusiil,s2,r01,xgb,xgb_d6_lr01_balanced,2,"{""colsample_bytree"": 0.9, ""learning_rate"": 0.1, ""max_depth"": 6, ""n_estimators"": 200, ""reg_lambda"": 1.0, ""scale_pos_weight"": 1.3359043305972262, ""subsample"": 0.9}",ok,6.167797700000001,0.55,35369,20227,15142,0.55,0.9914049025983206,0.9902024337205552,0.9980531686358756,0.9818385946374324,0.9912050992575662,0.9950408965101206,0.9959603070124292,0.0014337271963217,20198,29,275,14867
phiusiil,s2,r02,lr,lr_c01,0,"{""C"": 0.1, ""class_weight"": null}",ok,7.268023100000001,0.51,35369,20227,15142,0.51,0.9744974412621222,0.9729879302749612,0.9775959216528038,0.962488442742042,0.9739073313385804,0.9867568642075434,0.9891728091912028,0.0165125821921194,19893,334,568,14574
phiusiil,s2,r02,lr,lr_c1,1,"{""C"": 1.0, ""class_weight"": null}",ok,8.589324599999998,0.35,35369,20227,15142,0.35,0.9856654132149624,0.9846115986537868,0.9891050063498428,0.9772817329282788,0.985340448022758,0.9925171193102782,0.9942949317498516,0.0080585356207049,20064,163,344,14798
phiusiil,s2,r02,lr,lr_c1_balanced,2,"{""C"": 1.0, ""class_weight"": ""balanced""}",ok,9.146668900000002,0.49,35369,20227,15142,0.49,0.9859198733354068,0.9845352266698346,0.9920698924731184,0.9749042398626336,0.9855905502287812,0.992498693193762,0.9942922787843396,0.0058337865229643,20109,118,380,14762
phiusiil,s2,r02,rf,rf_depth16_leaf1,0,"{""class_weight"": null, ""max_depth"": 16, ""max_features"": ""sqrt"", ""min_samples_leaf"": 1, ""n_estimators"": 200}",ok,23.213262900000004,0.35,35369,20227,15142,0.35,0.977183409200147,0.9762411185285812,0.976847847781252,0.9696869634130234,0.9766801183147192,0.9928411917158688,0.9937955748018964,0.0172047263558609,19879,348,459,14683
phiusiil,s2,r02,rf,rf_depth24_leaf2,1,"{""class_weight"": null, ""max_depth"": 24, ""max_features"": ""sqrt"", ""min_samples_leaf"": 2, ""n_estimators"": 200}",ok,28.061308300000007,0.36,35369,20227,15142,0.36,0.9885775679267156,0.9881372541061932,0.98820723466278,0.9850746268656716,0.9883318140900949,0.9945507049995104,0.9956912061795592,0.0088001186532852,20049,178,226,14916
phiusiil,s2,r02,rf,rf_unlimited_leaf5_balanced,2,"{""class_weight"": ""balanced_subsample"", ""max_depth"": null, ""max_features"": ""sqrt"", ""min_samples_leaf"": 5, ""n_estimators"": 200}",ok,28.393484,0.59,35369,20227,15142,0.59,0.989397494981481,0.9885303669028171,0.9926603055981852,0.9824990093778894,0.9891595568492308,0.9938697124971424,0.9952379659415572,0.0054382755722549,20117,110,265,14877
phiusiil,s2,r02,xgb,xgb_d4_lr005,0,"{""colsample_bytree"": 0.9, ""learning_rate"": 0.05, ""max_depth"": 4, ""n_estimators"": 300, ""reg_lambda"": 1.0, ""scale_pos_weight"": 1.0, ""subsample"": 0.9}",ok,7.3098970000000065,0.39,35369,20227,15142,0.39,0.988803754700444,0.9878369314253372,0.992650006681812,0.9811121384229295,0.9885504284011476,0.9946847681796682,0.9957466192964743,0.0054382755722549,20117,110,286,14856
phiusiil,s2,r02,xgb,xgb_d6_lr005,1,"{""colsample_bytree"": 0.9, ""learning_rate"": 0.05, ""max_depth"": 6, ""n_estimators"": 250, ""reg_lambda"": 1.0, ""scale_pos_weight"": 1.0, ""subsample"": 0.9}",ok,8.541374000000019,0.42,35369,20227,15142,0.42,0.9908677090107156,0.9898074761900194,0.9961829505122882,0.9824329679038436,0.9906584218613064,0.9946794364089104,0.9958046446514552,0.0028180155238048,20170,57,266,14876
phiusiil,s2,r02,xgb,xgb_d6_lr01_balanced,2,"{""colsample_bytree"": 0.9, ""learning_rate"": 0.1, ""max_depth"": 6, ""n_estimators"": 200, ""reg_lambda"": 1.0, ""scale_pos_weight"": 1.3359043305972262, ""subsample"": 0.9}",ok,7.2940335999999775,0.55,35369,20227,15142,0.55,0.991631089372049,0.9904167918011172,0.9984555466022024,0.9819706775855236,0.9914362451590504,0.9948156626620182,0.9958897474427192,0.0011370939832896,20204,23,273,14869
phiusiil,s2,r03,lr,lr_c01,0,"{""C"": 0.1, ""class_weight"": null}",ok,7.495215299999984,0.51,35369,20227,15142,0.51,0.973847154287653,0.971987715547934,0.9794294193026236,0.9590542860916657,0.9732229824629276,0.9860505335502672,0.9888577787881646,0.0150788549957976,19922,305,620,14522
phiusiil,s2,r03,lr,lr_c1,1,"{""C"": 1.0, ""class_weight"": null}",ok,9.8843818,0.37,35369,20227,15142,0.37,0.986117786762419,0.9849323978810648,0.9907550077041604,0.9766873596618676,0.9857989062557252,0.992600813092102,0.9943611110170688,0.0068225638997379,20089,138,353,14789
phiusiil,s2,r03,lr,lr_c1_balanced,2,"{""C"": 1.0, ""class_weight"": ""balanced""}",ok,12.11903190000001,0.45,35369,20227,15142,0.45,0.9860046933755549,0.984775411025163,0.9909499229067508,0.9762250693435478,0.9856819727940656,0.9926443700350251,0.9943683052839132,0.0066742472932219,20092,135,360,14782
phiusiil,s2,r03,rf,rf_depth16_leaf1,0,"{""class_weight"": null, ""max_depth"": 16, ""max_features"": ""sqrt"", ""min_samples_leaf"": 1, ""n_estimators"": 200}",ok,32.853359100000006,0.36,35369,20227,15142,0.36,0.9774661426673076,0.9761064529530132,0.980440752897046,0.9666490556069212,0.9769489296557536,0.9934255805640456,0.9941559035646208,0.0144361497008948,19935,292,505,14637
phiusiil,s2,r03,rf,rf_depth24_leaf2,1,"{""class_weight"": null, ""max_depth"": 24, ""max_features"": ""sqrt"", ""min_samples_leaf"": 2, ""n_estimators"": 200}",ok,27.614447299999995,0.38,35369,20227,15142,0.38,0.9890864881676044,0.9884576843866888,0.9903628871460852,0.984084004754986,0.9888471750478752,0.9950224214183676,0.9960015603943424,0.0071686359816087,20082,145,241,14901
phiusiil,s2,r03,rf,rf_unlimited_leaf5_balanced,2,"{""class_weight"": ""balanced_subsample"", ""max_depth"": null, ""max_features"": ""sqrt"", ""min_samples_leaf"": 5, ""n_estimators"": 200}",ok,26.805835400000007,0.57,35369,20227,15142,0.57,0.9898498685289376,0.9889756856691476,0.9933257692050992,0.9828952582221636,0.989621726706276,0.9943622058438728,0.9955232357698922,0.004943886883868,20127,100,259,14883
phiusiil,s2,r03,xgb,xgb_d4_lr005,0,"{""colsample_bytree"": 0.9, ""learning_rate"": 0.05, ""max_depth"": 4, ""n_estimators"": 300, ""reg_lambda"": 1.0, ""scale_pos_weight"": 1.0, ""subsample"": 0.9}",ok,7.777274599999998,0.48,35369,20227,15142,0.48,0.9886058412734317,0.9873816510958826,0.9944313988594432,0.9788667283053758,0.988341884673454,0.9951418981405584,0.9959219447451648,0.0041034261136105,20144,83,320,14822
phiusiil,s2,r03,xgb,xgb_d6_lr005,1,"{""colsample_bytree"": 0.9, ""learning_rate"": 0.05, ""max_depth"": 6, ""n_estimators"": 250, ""reg_lambda"": 1.0, ""scale_pos_weight"": 1.0, ""subsample"": 0.9}",ok,6.540488600000003,0.44,35369,20227,15142,0.44,0.9905849755435552,0.9894523649119804,0.9963799691627004,0.9815744287412494,0.9903678726069168,0.9951790409599952,0.996101760839611,0.0026696989172887,20173,54,279,14863
phiusiil,s2,r03,xgb,xgb_d6_lr01_balanced,2,"{""colsample_bytree"": 0.9, ""learning_rate"": 0.1, ""max_depth"": 6, ""n_estimators"": 200, ""reg_lambda"": 1.0, ""scale_pos_weight"": 1.3359043305972262, ""subsample"": 0.9}",ok,6.296376900000041,0.5,35369,20227,15142,0.5,0.9919420961859255,0.9908547316318,0.9978553716238858,0.9832915070664378,0.9917565736415728,0.9952679522370246,0.9962147036471056,0.0015820438028377,20195,32,253,14889
phiusiil,s2,r04,lr,lr_c01,0,"{""C"": 0.1, ""class_weight"": null}",ok,7.706984900000009,0.51,35369,20227,15142,0.51,0.9745539879555544,0.9726223040136244,0.980953667432122,0.959186369039757,0.9739418391404462,0.9871135312655984,0.9895640433140804,0.013941761012508,19945,282,618,14524
phiusiil,s2,r04,lr,lr_c1,1,"{""C"": 1.0, ""class_weight"": null}",ok,9.558589799999991,0.34,35369,20227,15142,0.34,0.9868811671237524,0.9857741499650609,0.9911658412528443,0.9780742306168274,0.9865815640118396,0.992906635692028,0.9945971196697648,0.0065259306867058,20095,132,332,14810
phiusiil,s2,r04,lr,lr_c1_balanced,2,"{""C"": 1.0, ""class_weight"": ""balanced""}",ok,9.624245199999962,0.34,35369,20227,15142,0.34,0.9869094404704684,0.986139222806224,0.9885508886374226,0.9807819310527012,0.9866197779301152,0.992922345315421,0.9946042055438652,0.0085034854402531,20055,172,291,14851
phiusiil,s2,r04,rf,rf_depth16_leaf1,0,"{""class_weight"": null, ""max_depth"": 16, ""max_features"": ""sqrt"", ""min_samples_leaf"": 1, ""n_estimators"": 200}",ok,24.69648860000001,0.36,35369,20227,15142,0.36,0.978286069722073,0.9770142465110548,0.9808644453365448,0.9681680095099724,0.9777909423869564,0.9935433154003211,0.9941934690123978,0.0141395164878627,19941,286,482,14660
phiusiil,s2,r04,rf,rf_depth24_leaf2,1,"{""class_weight"": null, ""max_depth"": 24, ""max_features"": ""sqrt"", ""min_samples_leaf"": 2, ""n_estimators"": 200}",ok,28.88514619999995,0.38,35369,20227,15142,0.38,0.9902739687296784,0.9896868305921818,0.9916279069767442,0.9856029586580372,0.990061031258248,0.9953170678693016,0.9962296081596654,0.0062292974736738,20101,126,218,14924
phiusiil,s2,r04,rf,rf_unlimited_leaf5_balanced,2,"{""class_weight"": ""balanced_subsample"", ""max_depth"": null, ""max_features"": ""sqrt"", ""min_samples_leaf"": 5, ""n_estimators"": 200}",ok,27.929951700000004,0.58,35369,20227,15142,0.58,0.9903587887698266,0.9894455393965064,0.9943223565560084,0.9830933826443006,0.9901410704806766,0.9948140742318444,0.9958971003290898,0.0042023038512878,20142,85,256,14886
phiusiil,s2,r04,xgb,xgb_d4_lr005,0,"{""colsample_bytree"": 0.9, ""learning_rate"": 0.05, ""max_depth"": 4, ""n_estimators"": 300, ""reg_lambda"": 1.0, ""scale_pos_weight"": 1.0, ""subsample"": 0.9}",ok,6.763347199999998,0.46,35369,20227,15142,0.46,0.9901608753428144,0.9890151629748622,0.9959104317511396,0.981046096948884,0.9899339055603612,0.9950134067098176,0.9960536232783156,0.0030157709991595,20166,61,287,14855
phiusiil,s2,r04,xgb,xgb_d6_lr005,1,"{""colsample_bytree"": 0.9, ""learning_rate"": 0.05, ""max_depth"": 6, ""n_estimators"": 250, ""reg_lambda"": 1.0, ""scale_pos_weight"": 1.0, ""subsample"": 0.9}",ok,6.713825700000029,0.42,35369,20227,15142,0.42,0.9915179959851848,0.9905171453259238,0.9965872591006424,0.9835556729626204,0.991324437004226,0.9952337348717208,0.996249460518388,0.0025213823107727,20176,51,249,14893
phiusiil,s2,r04,xgb,xgb_d6_lr01_balanced,2,"{""colsample_bytree"": 0.9, ""learning_rate"": 0.1, ""max_depth"": 6, ""n_estimators"": 200, ""reg_lambda"": 1.0, ""scale_pos_weight"": 1.3359043305972262, ""subsample"": 0.9}",ok,6.368018399999983,0.43,35369,20227,15142,0.43,0.9925358364669626,0.9915232632014692,0.9980583824317086,0.9844802535992604,0.9923649764915204,0.9953063471900104,0.9963091515210803,0.0014337271963217,20198,29,235,14907
phiusiil,s2,r05,lr,lr_c01,0,"{""C"": 0.1, ""class_weight"": null}",ok,7.990653599999973,0.51,35369,20227,15142,0.51,0.9724334869518504,0.9707268399191564,0.9763297693497412,0.9588561616695284,0.971786504546618,0.986286630105847,0.9888131745710704,0.0174024818312157,19875,352,623,14519
phiusiil,s2,r05,lr,lr_c1,1,"{""C"": 1.0, ""class_weight"": null}",ok,10.489479000000015,0.36,35369,20227,15142,0.36,0.9858350532952586,0.9846104918134398,0.9906830216502448,0.9760929863954564,0.9855086726218334,0.9926521522001208,0.9942474855286134,0.0068720027685766,20088,139,362,14780
phiusiil,s2,r05,lr,lr_c1_balanced,2,"{""C"": 1.0, ""class_weight"": ""balanced""}",ok,14.83307160000004,0.35,35369,20227,15142,0.35,0.9859481466821228,0.98499991514224,0.9886553219886554,0.978404437987056,0.9856325531675988,0.9926442655545205,0.9942156754022432,0.0084046077025757,20057,170,327,14815
phiusiil,s2,r05,rf,rf_depth16_leaf1,0,"{""class_weight"": null, ""max_depth"": 16, ""max_features"": ""sqrt"", ""min_samples_leaf"": 1, ""n_estimators"": 200}",ok,29.22125470000003,0.38,35369,20227,15142,0.38,0.9784839831490854,0.977154077341576,0.98158194360726,0.9679038436137894,0.977990513669085,0.9933196242721716,0.994173521417234,0.0135956889306372,19952,275,486,14656
phiusiil,s2,r05,rf,rf_depth24_leaf2,1,"{""class_weight"": null, ""max_depth"": 24, ""max_features"": ""sqrt"", ""min_samples_leaf"": 2, ""n_estimators"": 200}",ok,22.139493000000016,0.44,35369,20227,15142,0.44,0.9892844015946168,0.9883318735338976,0.993185007015434,0.9817065116893408,0.9890420446591206,0.994618793638446,0.9957379577997628,0.0050427646215454,20125,102,277,14865
phiusiil,s2,r05,rf,rf_unlimited_leaf5_balanced,2,"{""class_weight"": ""balanced_subsample"", ""max_depth"": null, ""max_features"": ""sqrt"", ""min_samples_leaf"": 5, ""n_estimators"": 200}",ok,36.088720499999965,0.64,35369,20227,15142,0.64,0.9894257683281972,0.988140021207061,0.996036544404138,0.9791969356756044,0.9891790130407068,0.9942291613486364,0.9954249223099968,0.0029168932614821,20168,59,315,14827
phiusiil,s2,r05,xgb,xgb_d4_lr005,0,"{""colsample_bytree"": 0.9, ""learning_rate"": 0.05, ""max_depth"": 4, ""n_estimators"": 300, ""reg_lambda"": 1.0, ""scale_pos_weight"": 1.0, ""subsample"": 0.9}",ok,7.183331500000008,0.39,35369,20227,15142,0.39,0.9884927478865674,0.9874155941998616,0.993106217789974,0.979923391890107,0.9882298477348814,0.9944381207256168,0.9955620993024348,0.0050922034903841,20124,103,304,14838
phiusiil,s2,r05,xgb,xgb_d6_lr005,1,"{""colsample_bytree"": 0.9, ""learning_rate"": 0.05, ""max_depth"": 6, ""n_estimators"": 250, ""reg_lambda"": 1.0, ""scale_pos_weight"": 1.0, ""subsample"": 0.9}",ok,6.814708300000007,0.42,35369,20227,15142,0.42,0.9907546156238514,0.9896504893341176,0.9963814246465188,0.9819706775855236,0.9905419170453136,0.99451022043643,0.9956594081879682,0.0026696989172887,20173,54,273,14869
phiusiil,s2,r05,xgb,xgb_d6_lr01_balanced,2,"{""colsample_bytree"": 0.9, ""learning_rate"": 0.1, ""max_depth"": 6, ""n_estimators"": 200, ""reg_lambda"": 1.0, ""scale_pos_weight"": 1.3359043305972262, ""subsample"": 0.9}",ok,7.011628200000018,0.59,35369,20227,15142,0.59,0.991602816025333,0.9903256619458696,0.9989245143510116,0.981442345793158,0.9914061868726786,0.9946927299206314,0.995780729540714,0.0007910219014188,20211,16,281,14861
phiusiil,s2,r06,lr,lr_c01,0,"{""C"": 0.1, ""class_weight"": null}",ok,7.173079199999961,0.5,35369,20227,15142,0.5,0.972094206791258,0.971094310914405,0.9704846107824238,0.9641394795931844,0.9714815599629149,0.986307240517916,0.9889125603205662,0.0219508577643743,19783,444,543,14599
phiusiil,s2,r06,lr,lr_c1,1,"{""C"": 1.0, ""class_weight"": null}",ok,10.59787289999997,0.36,35369,20227,15142,0.36,0.9865136136164436,0.9854278934097987,0.9905010368586528,0.9778761061946902,0.9862064503681957,0.9930868792552828,0.99451975515014,0.0070203193750926,20085,142,335,14807
phiusiil,s2,r06,lr,lr_c1_balanced,2,"{""C"": 1.0, ""class_weight"": ""balanced""}",ok,10.379217500000095,0.37,35369,20227,15142,0.37,0.9869094404704684,0.98610601759581,0.9888111888111888,0.9805177651565185,0.9866188668776262,0.993112524321674,0.994526071305954,0.0083057299648984,20059,168,295,14847
phiusiil,s2,r06,rf,rf_depth16_leaf1,0,"{""class_weight"": null, ""max_depth"": 16, ""max_features"": ""sqrt"", ""min_samples_leaf"": 1, ""n_estimators"": 200}",ok,30.570283000000018,0.38,35369,20227,15142,0.38,0.9778054228279002,0.9765691122181156,0.979942501838604,0.9679698850878352,0.9773014895640436,0.9931061950885974,0.9939130845585502,0.0148316606516042,19927,300,485,14657
phiusiil,s2,r06,rf,rf_depth24_leaf2,1,"{""class_weight"": null, ""max_depth"": 24, ""max_features"": ""sqrt"", ""min_samples_leaf"": 2, ""n_estimators"": 200}",ok,22.580458499999963,0.36,35369,20227,15142,0.36,0.9890864881676044,0.9886984221621904,0.988479872881356,0.9859992075023114,0.9888526173362882,0.994555189498675,0.9957155396998828,0.0086023631779304,20053,174,212,14930
phiusiil,s2,r06,rf,rf_unlimited_leaf5_balanced,2,"{""class_weight"": ""balanced_subsample"", ""max_depth"": null, ""max_features"": ""sqrt"", ""min_samples_leaf"": 5, ""n_estimators"": 200}",ok,22.380047699999977,0.6,35369,20227,15142,0.6,0.9903870621165428,0.9895117653439434,0.9940587449933244,0.9834235900145292,0.9901707417999708,0.9942787748958188,0.9954818996308372,0.0044000593266426,20138,89,251,14891
phiusiil,s2,r06,xgb,xgb_d4_lr005,0,"{""colsample_bytree"": 0.9, ""learning_rate"": 0.05, ""max_depth"": 4, ""n_estimators"": 300, ""reg_lambda"": 1.0, ""scale_pos_weight"": 1.0, ""subsample"": 0.9}",ok,13.06850510000004,0.38,35369,20227,15142,0.38,0.9892844015946168,0.9886556243354344,0.9906281156530408,0.9842821291771232,0.9890493356456264,0.9946857182992582,0.9957378939642296,0.006970880506254,20086,141,238,14904
phiusiil,s2,r06,xgb,xgb_d6_lr005,1,"{""colsample_bytree"": 0.9, ""learning_rate"": 0.05, ""max_depth"": 6, ""n_estimators"": 250, ""reg_lambda"": 1.0, ""scale_pos_weight"": 1.0, ""subsample"": 0.9}",ok,9.36224519999996,0.43,35369,20227,15142,0.43,0.9912069891713082,0.9902286289421042,0.995986890508996,0.9834235900145292,0.9910068765095316,0.9946800910445732,0.9958762444366842,0.0029663321303208,20167,60,251,14891
phiusiil,s2,r06,xgb,xgb_d6_lr01_balanced,2,"{""colsample_bytree"": 0.9, ""learning_rate"": 0.1, ""max_depth"": 6, ""n_estimators"": 200, ""reg_lambda"": 1.0, ""scale_pos_weight"": 1.3359043305972262, ""subsample"": 0.9}",ok,9.233903700000042,0.42,35369,20227,15142,0.42,0.99219655630637,0.9911851234754196,0.9975900388271522,0.9841500462290318,0.9920180680727564,0.9951003850975092,0.996084304754022,0.0017797992781925,20191,36,240,14902
phiusiil,s2,r07,lr,lr_c01,0,"{""C"": 0.1, ""class_weight"": null}",ok,12.300362399999926,0.51,35369,20227,15142,0.51,0.976617942265826,0.9749332021850504,0.981824301581959,0.9632148989565448,0.9760658073285462,0.9867170212200624,0.9892433505774432,0.0133484945864438,19957,270,557,14585
phiusiil,s2,r07,lr,lr_c1,1,"{""C"": 1.0, ""class_weight"": null}",ok,17.4059297,0.34,35369,20227,15142,0.34,0.9853826797478016,0.984273089980955,0.9891631547260686,0.9765552767137764,0.9850497585751724,0.9924451355075252,0.99413860262372,0.0080090967518663,20065,162,355,14787
phiusiil,s2,r07,lr,lr_c1_balanced,2,"{""C"": 1.0, ""class_weight"": ""balanced""}",ok,18.27635310000005,0.31,35369,20227,15142,0.31,0.9856936865616784,0.9850347806131748,0.9860520722635494,0.9804517236824726,0.985381211842654,0.9924561941159492,0.99416398755936,0.010382162456123,20017,210,296,14846
phiusiil,s2,r07,rf,rf_depth16_leaf1,0,"{""class_weight"": null, ""max_depth"": 16, ""max_features"": ""sqrt"", ""min_samples_leaf"": 1, ""n_estimators"": 200}",ok,36.74001169999997,0.34,35369,20227,15142,0.34,0.9783143430687892,0.9772215946027512,0.9795183134298484,0.9696209219389776,0.977828060032,0.993269594435478,0.9940709608659584,0.015177732733475,19920,307,460,14682
phiusiil,s2,r07,rf,rf_depth24_leaf2,1,"{""class_weight"": null, ""max_depth"": 24, ""max_features"": ""sqrt"", ""min_samples_leaf"": 2, ""n_estimators"": 200}",ok,26.191771399999997,0.4,35369,20227,15142,0.4,0.9901608753428144,0.9894136254998308,0.9927391420197176,0.9842160877030776,0.9899422173744266,0.9947539293762852,0.99585317292885,0.0053888367034162,20118,109,239,14903
phiusiil,s2,r07,rf,rf_unlimited_leaf5_balanced,2,"{""class_weight"": ""balanced_subsample"", ""max_depth"": null, ""max_features"": ""sqrt"", ""min_samples_leaf"": 5, ""n_estimators"": 200}",ok,28.058591800000045,0.57,35369,20227,15142,0.57,0.9900760553026662,0.9891070307236745,0.99438465138044,0.982366926429798,0.9898509046007036,0.99431178910281,0.995515752668596,0.0041528649824492,20143,84,267,14875
phiusiil,s2,r07,xgb,xgb_d4_lr005,0,"{""colsample_bytree"": 0.9, ""learning_rate"": 0.05, ""max_depth"": 4, ""n_estimators"": 300, ""reg_lambda"": 1.0, ""scale_pos_weight"": 1.0, ""subsample"": 0.9}",ok,16.1413371000001,0.45,35369,20227,15142,0.45,0.9891147615143204,0.98794281915188,0.9947033188065706,0.9797913089420156,0.9888635631368596,0.99459189317349,0.995687476229381,0.0039056706382557,20148,79,306,14836
phiusiil,s2,r07,xgb,xgb_d6_lr005,1,"{""colsample_bytree"": 0.9, ""learning_rate"": 0.05, ""max_depth"": 6, ""n_estimators"": 250, ""reg_lambda"": 1.0, ""scale_pos_weight"": 1.0, ""subsample"": 0.9}",ok,15.71245070000009,0.46,35369,20227,15142,0.46,0.9905849755435552,0.989460666214584,0.9963134258328308,0.9816404702152952,0.9903680398863683,0.994858576396834,0.995925159547201,0.0027191377861274,20172,55,278,14864
phiusiil,s2,r07,xgb,xgb_d6_lr01_balanced,2,"{""colsample_bytree"": 0.9, ""learning_rate"": 0.1, ""max_depth"": 6, ""n_estimators"": 200, ""reg_lambda"": 1.0, ""scale_pos_weight"": 1.3359043305972262, ""subsample"": 0.9}",ok,8.417789599999992,0.5,35369,20227,15142,0.5,0.9917159094121972,0.99057396313041,0.9979877926084916,0.9826310923259808,0.9915242955574012,0.9951867431322042,0.9961525531704478,0.0014831660651604,20197,30,263,14879
phiusiil,s2,r08,lr,lr_c01,0,"{""C"": 0.1, ""class_weight"": null}",ok,8.116426899999965,0.5,35369,20227,15142,0.5,0.9756283751307644,0.9742091441246332,0.9784240150093808,0.9643376040153216,0.97506789972891,0.987189524507721,0.989573037404885,0.0159193157660552,19905,322,540,14602
phiusiil,s2,r08,lr,lr_c1,1,"{""C"": 1.0, ""class_weight"": null}",ok,9.23519079999994,0.35,35369,20227,15142,0.35,0.9871356272441968,0.986046432690456,0.991368350618936,0.9784704794611015,0.986842176449622,0.9925802679803488,0.9943953312856932,0.0063776140801898,20098,129,326,14816
phiusiil,s2,r08,lr,lr_c1_balanced,2,"{""C"": 1.0, ""class_weight"": ""balanced""}",ok,10.48911959999998,0.33,35369,20227,15142,0.33,0.9870508072040488,0.9864537499382012,0.9873871481678174,0.9823008849557522,0.9867688678534832,0.9925946340497512,0.9943575587160292,0.0093933850793493,20037,190,268,14874
phiusiil,s2,r08,rf,rf_depth16_leaf1,0,"{""class_weight"": null, ""max_depth"": 16, ""max_features"": ""sqrt"", ""min_samples_leaf"": 1, ""n_estimators"": 200}",ok,29.27819460000001,0.33,35369,20227,15142,0.33,0.976646215612542,0.9758627636032524,0.9749203821656052,0.970413419627526,0.9761393485460936,0.9929374933561008,0.9935819186749748,0.0186878924210214,19849,378,448,14694
phiusiil,s2,r08,rf,rf_depth24_leaf2,1,"{""class_weight"": null, ""max_depth"": 24, ""max_features"": ""sqrt"", ""min_samples_leaf"": 2, ""n_estimators"": 200}",ok,34.90171529999998,0.42,35369,20227,15142,0.42,0.9885775679267156,0.9876889837656035,0.9917256105698652,0.9815083872672038,0.9883211292003008,0.994886583702137,0.9959049874832648,0.0061304197359964,20103,124,280,14862
phiusiil,s2,r08,rf,rf_unlimited_leaf5_balanced,2,"{""class_weight"": ""balanced_subsample"", ""max_depth"": null, ""max_features"": ""sqrt"", ""min_samples_leaf"": 5, ""n_estimators"": 200}",ok,34.50868479999997,0.53,35369,20227,15142,0.53,0.9892278549011848,0.9884401594145258,0.991803824881722,0.9829612996962092,0.988987992632396,0.9944189273303938,0.9955872197282798,0.0060809808671577,20104,123,258,14884
phiusiil,s2,r08,xgb,xgb_d4_lr005,0,"{""colsample_bytree"": 0.9, ""learning_rate"": 0.05, ""max_depth"": 4, ""n_estimators"": 300, ""reg_lambda"": 1.0, ""scale_pos_weight"": 1.0, ""subsample"": 0.9}",ok,8.71201300000007,0.43,35369,20227,15142,0.43,0.9890016681274564,0.9879269544402376,0.9937746837137692,0.9804517236824726,0.988750200482915,0.9947104442637092,0.9957757092225612,0.0045978148019973,20134,93,296,14846
phiusiil,s2,r08,xgb,xgb_d6_lr005,1,"{""colsample_bytree"": 0.9, ""learning_rate"": 0.05, ""max_depth"": 6, ""n_estimators"": 250, ""reg_lambda"": 1.0, ""scale_pos_weight"": 1.0, ""subsample"": 0.9}",ok,8.806950599999936,0.5,35369,20227,15142,0.5,0.9909808023975798,0.9897818343886442,0.9974494932545808,0.981442345793158,0.9907713817236306,0.9950143013241394,0.995970609506028,0.0018786770158698,20189,38,281,14861
phiusiil,s2,r08,xgb,xgb_d6_lr01_balanced,2,"{""colsample_bytree"": 0.9, ""learning_rate"": 0.1, ""max_depth"": 6, ""n_estimators"": 200, ""reg_lambda"": 1.0, ""scale_pos_weight"": 1.3359043305972262, ""subsample"": 0.9}",ok,8.175915900000064,0.66,35369,20227,15142,0.66,0.9918572761457772,0.9905813420660576,0.999260553912342,0.9817065116893408,0.9916665324970046,0.9951166563036152,0.9961281519414666,0.0005438275572254,20216,11,277,14865
phiusiil,s2,r09,lr,lr_c01,0,"{""C"": 0.1, ""class_weight"": null}",ok,12.047113399999944,0.51,35369,20227,15142,0.51,0.9793039102038508,0.9777879279137018,0.9841419164090848,0.9672434288733324,0.9788202154295624,0.9888564048479032,0.9910003694131816,0.0116675730459287,19991,236,496,14646
phiusiil,s2,r09,lr,lr_c1,1,"{""C"": 1.0, ""class_weight"": null}",ok,13.282896600000186,0.41,35369,20227,15142,0.41,0.9890864881676044,0.9880260166513062,0.9937759336099584,0.9806498481046096,0.9888372493719182,0.9924596762552712,0.9943980842098749,0.0045978148019973,20134,93,293,14849
phiusiil,s2,r09,lr,lr_c1_balanced,2,"{""C"": 1.0, ""class_weight"": ""balanced""}",ok,8.207774499999914,0.37,35369,20227,15142,0.37,0.9886341146201476,0.9877384226344424,0.9918579818473038,0.9815083872672038,0.9883787462302768,0.9924408109941334,0.994382278252989,0.006031541998319,20105,122,280,14862
phiusiil,s2,r09,rf,rf_depth16_leaf1,0,"{""class_weight"": null, ""max_depth"": 16, ""max_features"": ""sqrt"", ""min_samples_leaf"": 1, ""n_estimators"": 200}",ok,21.10863979999999,0.37,35369,20227,15142,0.37,0.9778336961746162,0.9765274212317068,0.9805220883534136,0.9674415532954695,0.9773270782542408,0.9928617694777796,0.9938081696729671,0.0143867108320561,19936,291,493,14649
phiusiil,s2,r09,rf,rf_depth24_leaf2,1,"{""class_weight"": null, ""max_depth"": 24, ""max_features"": ""sqrt"", ""min_samples_leaf"": 2, ""n_estimators"": 200}",ok,18.84068960000013,0.46,35369,20227,15142,0.46,0.9891713082077526,0.9881167775597712,0.9938432710968348,0.9807819310527012,0.9889241022148232,0.9945157301505472,0.9956984832711956,0.0045483759331586,20135,92,291,14851
phiusiil,s2,r09,rf,rf_unlimited_leaf5_balanced,2,"{""class_weight"": ""balanced_subsample"", ""max_depth"": null, ""max_features"": ""sqrt"", ""min_samples_leaf"": 5, ""n_estimators"": 200}",ok,21.361065199999985,0.56,35369,20227,15142,0.56,0.9893692216347648,0.9884890448631908,0.992725573945542,0.982366926429798,0.9891303696084182,0.9942286977163964,0.9954537434056416,0.0053888367034162,20118,109,267,14875
phiusiil,s2,r09,xgb,xgb_d4_lr005,0,"{""colsample_bytree"": 0.9, ""learning_rate"": 0.05, ""max_depth"": 4, ""n_estimators"": 300, ""reg_lambda"": 1.0, ""scale_pos_weight"": 1.0, ""subsample"": 0.9}",ok,7.896383999999898,0.37,35369,20227,15142,0.37,0.9890582148208884,0.9881424193611466,0.9925886359083927,0.9817725531633866,0.9888117034169968,0.9942204764066792,0.995496283616724,0.0054877144410935,20116,111,276,14866
phiusiil,s2,r09,xgb,xgb_d6_lr005,1,"{""colsample_bytree"": 0.9, ""learning_rate"": 0.05, ""max_depth"": 6, ""n_estimators"": 250, ""reg_lambda"": 1.0, ""scale_pos_weight"": 1.0, ""subsample"": 0.9}",ok,7.015940199999932,0.44,35369,20227,15142,0.44,0.9907263422771352,0.9896174685970948,0.9963811821471652,0.981904636111478,0.9905129109366148,0.9946987440796856,0.995835338585311,0.0026696989172887,20173,54,274,14868
phiusiil,s2,r09,xgb,xgb_d6_lr01_balanced,2,"{""colsample_bytree"": 0.9, ""learning_rate"": 0.1, ""max_depth"": 6, ""n_estimators"": 200, ""reg_lambda"": 1.0, ""scale_pos_weight"": 1.3359043305972262, ""subsample"": 0.9}",ok,6.714304999999968,0.56,35369,20227,15142,0.56,0.9917724561056293,0.9905735941836278,0.9985229942933872,0.9822348434817064,0.9915811235575972,0.9945507180595732,0.9958023856566884,0.0010876551144509,20205,22,269,14873
phiusiil,s3,r00,lr,lr_c01,0,"{""C"": 0.1, ""class_weight"": null}",ok,8.936275399999886,0.91,35674,20127,15547,0.91,0.9841901665078208,0.9836983440992624,0.9837907652567,0.9798674985527754,0.9839178648000212,0.99066605322108,0.9938464201350998,0.0124708103542505,19876,251,313,15234
phiusiil,s3,r00,lr,lr_c1,1,"{""C"": 1.0, ""class_weight"": null}",ok,8.764023700000052,0.92,35674,20127,15547,0.92,0.9870493917138532,0.9865615769911872,0.9874620306340076,0.982761947642632,0.9868251613366142,0.9928290724070032,0.9953397391567004,0.0096387936602573,19933,194,268,15279
phiusiil,s3,r00,lr,lr_c1_balanced,2,"{""C"": 1.0, ""class_weight"": ""balanced""}",ok,8.521152699999902,0.95,35674,20127,15547,0.95,0.9869372652351852,0.9864622079843806,0.9872068230277186,0.982761947642632,0.9867114887973684,0.9942970166713512,0.9960649469857392,0.0098375316738709,19929,198,268,15279
phiusiil,s3,r00,rf,rf_depth16_leaf1,0,"{""class_weight"": null, ""max_depth"": 16, ""max_features"": ""sqrt"", ""min_samples_leaf"": 1, ""n_estimators"": 200}",ok,23.11505779999993,0.85,35674,20127,15547,0.85,0.9878342770645288,0.9873010698012816,0.988872355567057,0.9831478741879462,0.987622160297458,0.9981434191846208,0.9976246540277484,0.0085457345853828,19955,172,262,15285
phiusiil,s3,r00,rf,rf_depth24_leaf2,1,"{""class_weight"": null, ""max_depth"": 24, ""max_features"": ""sqrt"", ""min_samples_leaf"": 2, ""n_estimators"": 200}",ok,23.506568300000023,0.8,35674,20127,15547,0.8,0.9905813757918932,0.9906211240107275,0.9875008012306904,0.990930726185116,0.990427290796563,0.9987411671909618,0.9985063932594318,0.0096884781636607,19932,195,141,15406
phiusiil,s3,r00,rf,rf_unlimited_leaf5_balanced,2,"{""class_weight"": ""balanced_subsample"", ""max_depth"": null, ""max_features"": ""sqrt"", ""min_samples_leaf"": 5, ""n_estimators"": 200}",ok,30.3820032000001,0.83,35674,20127,15547,0.83,0.9870774233335202,0.9870328351610996,0.9837116839810184,0.9866855341866598,0.986865349869082,0.9983084035657042,0.997835011264346,0.0126198638644606,19873,254,207,15340
phiusiil,s3,r00,xgb,xgb_d4_lr005,0,"{""colsample_bytree"": 0.9, ""learning_rate"": 0.05, ""max_depth"": 4, ""n_estimators"": 300, ""reg_lambda"": 1.0, ""scale_pos_weight"": 1.0, ""subsample"": 0.9}",ok,7.417976700000054,0.84,35674,20127,15547,0.84,0.9882547513595336,0.9871248315462204,0.9946377190687942,0.9783237923715188,0.9880349636705792,0.9987497126571032,0.998741116441005,0.0040741292790778,20045,82,337,15210
phiusiil,s3,r00,xgb,xgb_d6_lr005,1,"{""colsample_bytree"": 0.9, ""learning_rate"": 0.05, ""max_depth"": 6, ""n_estimators"": 250, ""reg_lambda"": 1.0, ""scale_pos_weight"": 1.0, ""subsample"": 0.9}",ok,7.375360300000011,0.85,35674,20127,15547,0.85,0.9898805853002186,0.98914382735047,0.993308212058212,0.983405158551489,0.9896991127321764,0.9991388589320872,0.9991621076010008,0.005117503850549,20024,103,258,15289
phiusiil,s3,r00,xgb,xgb_d6_lr01_balanced,2,"{""colsample_bytree"": 0.9, ""learning_rate"": 0.1, ""max_depth"": 6, ""n_estimators"": 200, ""reg_lambda"": 1.0, ""scale_pos_weight"": 1.3542591267000716, ""subsample"": 0.9}",ok,6.921512200000052,0.89,35674,20127,15547,0.89,0.9924594943095812,0.9917659560191192,0.9962967775467776,0.9863639287322312,0.9923242695982146,0.9993649654468358,0.9994281774418854,0.0028320166939931,20070,57,212,15335
phiusiil,s3,r01,lr,lr_c01,0,"{""C"": 0.1, ""class_weight"": null}",ok,7.178331200000002,0.92,35675,20127,15548,0.92,0.9822004204625088,0.9811230906537416,0.9862406260189108,0.972729611525598,0.981873363897281,0.9935241516089836,0.9955396129133636,0.0104834302181149,19916,211,424,15124
phiusiil,s3,r01,lr,lr_c1,1,"{""C"": 1.0, ""class_weight"": null}",ok,8.689566400000103,0.86,35675,20127,15548,0.86,0.9876103714085496,0.9874979498911012,0.9849749582637728,0.9866220735785952,0.9874052279616876,0.9945907259164148,0.996322312542346,0.0116261737963929,19893,234,208,15340
phiusiil,s3,r01,lr,lr_c1_balanced,2,"{""C"": 1.0, ""class_weight"": ""balanced""}",ok,9.297640199999933,0.8,35675,20127,15548,0.8,0.986853538892782,0.98720033658407,0.9801311851238615,0.9899022382299976,0.986648213985001,0.995296953360823,0.9966414254753532,0.0155015650618572,19815,312,157,15391
phiusiil,s3,r01,rf,rf_depth16_leaf1,0,"{""class_weight"": null, ""max_depth"": 16, ""max_features"": ""sqrt"", ""min_samples_leaf"": 1, ""n_estimators"": 200}",ok,22.21828440000013,0.9,35675,20127,15548,0.9,0.9880868955851436,0.987166696966928,0.9925737736955248,0.979997427321842,0.987869485394054,0.9988314091676844,0.9986005932243396,0.0056640333879862,20013,114,311,15237
phiusiil,s3,r01,rf,rf_depth24_leaf2,1,"{""class_weight"": null, ""max_depth"": 24, ""max_features"": ""sqrt"", ""min_samples_leaf"": 2, ""n_estimators"": 200}",ok,21.851110099999914,0.86,35675,20127,15548,0.86,0.9908899789768746,0.9906386125489302,0.9904001030861412,0.9886802161049651,0.9907355461121324,0.9990767303976836,0.9987631884072444,0.0074029910071048,19978,149,176,15372
phiusiil,s3,r01,rf,rf_unlimited_leaf5_balanced,2,"{""class_weight"": ""balanced_subsample"", ""max_depth"": null, ""max_features"": ""sqrt"", ""min_samples_leaf"": 5, ""n_estimators"": 200}",ok,30.26300100000003,0.85,35675,20127,15548,0.85,0.9877785564120533,0.9875592086980374,0.9861039629439012,0.9858502701312066,0.9875734773287876,0.9989107580166688,0.9986998170748798,0.0107318527351319,19911,216,220,15328
phiusiil,s3,r01,xgb,xgb_d4_lr005,0,"{""colsample_bytree"": 0.9, ""learning_rate"": 0.05, ""max_depth"": 4, ""n_estimators"": 300, ""reg_lambda"": 1.0, ""scale_pos_weight"": 1.0, ""subsample"": 0.9}",ok,13.21988979999992,0.82,35675,20127,15548,0.82,0.987666433076384,0.9867794307408568,0.9917328472855096,0.979868793413944,0.9874424040184308,0.9981141426753596,0.9982365743894624,0.0063099319322303,20000,127,313,15235
phiusiil,s3,r01,xgb,xgb_d6_lr005,1,"{""colsample_bytree"": 0.9, ""learning_rate"": 0.05, ""max_depth"": 6, ""n_estimators"": 250, ""reg_lambda"": 1.0, ""scale_pos_weight"": 1.0, ""subsample"": 0.9}",ok,11.0504327000001,0.88,35675,20127,15548,0.88,0.9911422564821304,0.9901452027375076,0.9972577696526508,0.9823771546179572,0.9909781836277616,0.9991314095549856,0.9991362929876316,0.0020867491429423,20085,42,274,15274
phiusiil,s3,r01,xgb,xgb_d6_lr01_balanced,2,"{""colsample_bytree"": 0.9, ""learning_rate"": 0.1, ""max_depth"": 6, ""n_estimators"": 200, ""reg_lambda"": 1.0, ""scale_pos_weight"": 1.3542785150825352, ""subsample"": 0.9}",ok,11.491273099999944,0.8,35675,20127,15548,0.8,0.994646110721794,0.9944137640186004,0.9950996195757302,0.992603550295858,0.9945548701209116,0.9994273180329348,0.999465124407946,0.0037760222586575,20051,76,115,15433
phiusiil,s3,r02,lr,lr_c01,0,"{""C"": 0.1, ""class_weight"": null}",ok,10.897154900000032,0.94,35674,20127,15547,0.94,0.9831529965801424,0.9818278025999494,0.9896474904992792,0.9715057567376344,0.9828337415714112,0.9938211310388462,0.9958523772038168,0.0078501515377353,19969,158,443,15104
phiusiil,s3,r02,lr,lr_c1,1,"{""C"": 1.0, ""class_weight"": null}",ok,14.714579500000127,0.84,35674,20127,15547,0.84,0.9885350675562034,0.988478316418152,0.9856904517453798,0.9880362770952597,0.9883460708519024,0.995111010670459,0.9967779363104032,0.0110796442589556,19904,223,186,15361
phiusiil,s3,r02,lr,lr_c1_balanced,2,"{""C"": 1.0, ""class_weight"": ""balanced""}",ok,17.23320660000013,0.82,35674,20127,15547,0.82,0.9881145932611988,0.9883325497486024,0.982823574484388,0.9900302309127162,0.9879253553347698,0.9957384824541304,0.9970552295333392,0.0133651314155115,19858,269,155,15392
phiusiil,s3,r02,rf,rf_depth16_leaf1,0,"{""class_weight"": null, ""max_depth"": 16, ""max_features"": ""sqrt"", ""min_samples_leaf"": 1, ""n_estimators"": 200}",ok,34.946782400000075,0.88,35674,20127,15547,0.88,0.9898525536805516,0.9894117168484148,0.990693466037614,0.9859780021869172,0.9896768580170008,0.9990096798623908,0.9988796354695846,0.0071545684900879,19983,144,218,15329
phiusiil,s3,r02,rf,rf_depth24_leaf2,1,"{""class_weight"": null, ""max_depth"": 24, ""max_features"": ""sqrt"", ""min_samples_leaf"": 2, ""n_estimators"": 200}",ok,36.549065200000086,0.81,35674,20127,15547,0.81,0.9917587038179068,0.9919718669193274,0.9875343604168,0.9936322120023156,0.9916264100822272,0.9994394298845926,0.999364736892071,0.0096884781636607,19932,195,99,15448
phiusiil,s3,r02,rf,rf_unlimited_leaf5_balanced,2,"{""class_weight"": ""balanced_subsample"", ""max_depth"": null, ""max_features"": ""sqrt"", ""min_samples_leaf"": 5, ""n_estimators"": 200}",ok,41.37078989999986,0.86,35674,20127,15547,0.86,0.9894320793855468,0.9891634940664888,0.9886612549929132,0.987071460731974,0.9892530011295072,0.9990079877066982,0.9987974397335428,0.0087444725989963,19951,176,201,15346
phiusiil,s3,r02,xgb,xgb_d4_lr005,0,"{""colsample_bytree"": 0.9, ""learning_rate"": 0.05, ""max_depth"": 4, ""n_estimators"": 300, ""reg_lambda"": 1.0, ""scale_pos_weight"": 1.0, ""subsample"": 0.9}",ok,15.893694399999958,0.77,35674,20127,15547,0.77,0.9897684588215508,0.989176187631004,0.9918999481596682,0.9845629381874316,0.9895881168290694,0.9983636407046426,0.9984840557082052,0.0062105629254235,20002,125,240,15307
phiusiil,s3,r02,xgb,xgb_d6_lr005,1,"{""colsample_bytree"": 0.9, ""learning_rate"": 0.05, ""max_depth"": 6, ""n_estimators"": 250, ""reg_lambda"": 1.0, ""scale_pos_weight"": 1.0, ""subsample"": 0.9}",ok,11.958955500000002,0.7,35674,20127,15547,0.7,0.9923473678309132,0.9922300956303812,0.9911254019292604,0.9913166527304303,0.9922192889584096,0.9993810481163784,0.999384257133189,0.0068564614696676,19989,138,135,15412
phiusiil,s3,r02,xgb,xgb_d6_lr01_balanced,2,"{""colsample_bytree"": 0.9, ""learning_rate"": 0.1, ""max_depth"": 6, ""n_estimators"": 200, ""reg_lambda"": 1.0, ""scale_pos_weight"": 1.3542591267000716, ""subsample"": 0.9}",ok,9.09071569999992,0.91,35674,20127,15547,0.91,0.9950103716992768,0.9944437436672192,0.99850794680506,0.9900302309127162,0.994921774720853,0.999471219721706,0.99951341492977,0.0011427435782779,20104,23,155,15392
phiusiil,s3,r03,lr,lr_c01,0,"{""C"": 0.1, ""class_weight"": null}",ok,12.564661099999968,0.95,35675,20127,15548,0.95,0.9853679046951648,0.9848008959035006,0.9859637774902976,0.9803833290455364,0.985113133137372,0.9907043131785916,0.993914165724222,0.0107815372385353,19910,217,305,15243
phiusiil,s3,r03,lr,lr_c1,1,"{""C"": 1.0, ""class_weight"": null}",ok,14.35151760000008,0.95,35675,20127,15548,0.95,0.987750525578136,0.9872417174354222,0.9885548011639184,0.9832775919732442,0.9875377045096444,0.993073469575732,0.995466234296424,0.0087941571023997,19950,177,260,15288
phiusiil,s3,r03,lr,lr_c1_balanced,2,"{""C"": 1.0, ""class_weight"": ""balanced""}",ok,19.228518699999995,0.95,35675,20127,15548,0.95,0.9873580939032937,0.9871207288950564,0.9857152049417668,0.985271417545665,0.9871456768644552,0.9943890607735808,0.9961188722381604,0.0110299597555522,19905,222,229,15319
phiusiil,s3,r03,rf,rf_depth16_leaf1,0,"{""class_weight"": null, ""max_depth"": 16, ""max_features"": ""sqrt"", ""min_samples_leaf"": 1, ""n_estimators"": 200}",ok,36.0321527000001,0.83,35675,20127,15548,0.83,0.9879187105816398,0.9877053686323642,0.9862335155998714,0.9860432209930536,0.9877160732660264,0.998780599828598,0.9984372898972922,0.0106324837283251,19913,214,217,15331
phiusiil,s3,r03,rf,rf_depth24_leaf2,1,"{""class_weight"": null, ""max_depth"": 24, ""max_features"": ""sqrt"", ""min_samples_leaf"": 2, ""n_estimators"": 200}",ok,37.90298759999996,0.8,35675,20127,15548,0.8,0.9894043447792572,0.9895195112911068,0.985346813411825,0.99041677386159,0.9892331090702328,0.9991537816419632,0.9990055137735312,0.0113777512793759,19898,229,149,15399
phiusiil,s3,r03,rf,rf_unlimited_leaf5_balanced,2,"{""class_weight"": ""balanced_subsample"", ""max_depth"": null, ""max_features"": ""sqrt"", ""min_samples_leaf"": 5, ""n_estimators"": 200}",ok,40.099479900000006,0.86,35675,20127,15548,0.86,0.988479327259986,0.988209529891671,0.987441231403362,0.9861075379470028,0.9882845461586748,0.9988337594990616,0.9985748930329164,0.0096884781636607,19932,195,216,15332
phiusiil,s3,r03,xgb,xgb_d4_lr005,0,"{""colsample_bytree"": 0.9, ""learning_rate"": 0.05, ""max_depth"": 4, ""n_estimators"": 300, ""reg_lambda"": 1.0, ""scale_pos_weight"": 1.0, ""subsample"": 0.9}",ok,9.493600499999957,0.82,35675,20127,15548,0.82,0.9890679747722496,0.9880288595512144,0.99490662139219,0.979933110367893,0.988865308276932,0.9988207583798118,0.998799360056584,0.0038753912654643,20049,78,312,15236
phiusiil,s3,r03,xgb,xgb_d6_lr005,1,"{""colsample_bytree"": 0.9, ""learning_rate"": 0.05, ""max_depth"": 6, ""n_estimators"": 250, ""reg_lambda"": 1.0, ""scale_pos_weight"": 1.0, ""subsample"": 0.9}",ok,8.00295170000004,0.8,35675,20127,15548,0.8,0.9903573931324456,0.9896325253216808,0.9938287644536832,0.9839850784666838,0.9901846297364196,0.999399890576496,0.9993668415966024,0.0047200278233219,20032,95,249,15299
phiusiil,s3,r03,xgb,xgb_d6_lr01_balanced,2,"{""colsample_bytree"": 0.9, ""learning_rate"": 0.1, ""max_depth"": 6, ""n_estimators"": 200, ""reg_lambda"": 1.0, ""scale_pos_weight"": 1.3542785150825352, ""subsample"": 0.9}",ok,7.945840900000121,0.74,35675,20127,15548,0.74,0.9929922915206728,0.992735900635288,0.9931656995486784,0.9907383586313352,0.992872919247226,0.9995417780525616,0.9995632180438851,0.0052665573607591,20021,106,144,15404
phiusiil,s3,r04,lr,lr_c01,0,"{""C"": 0.1, ""class_weight"": null}",ok,11.284486900000047,0.77,35674,20127,15547,0.77,0.98410607164882,0.9844507845369082,0.9766450299096348,0.9871357818228598,0.9838590740772996,0.9933831870842637,0.9956854154213552,0.0182342127490435,19760,367,200,15347
phiusiil,s3,r04,lr,lr_c1,1,"{""C"": 1.0, ""class_weight"": null}",ok,16.443860600000107,0.81,35674,20127,15547,0.81,0.9886471940348712,0.9887167330060408,0.9847611730055064,0.9892583778220878,0.9884628817863872,0.9948440175836036,0.9966540262084872,0.0118249118100064,19889,238,167,15380
phiusiil,s3,r04,lr,lr_c1_balanced,2,"{""C"": 1.0, ""class_weight"": ""balanced""}",ok,14.669174899999916,0.86,35674,20127,15547,0.86,0.9876100241071928,0.9876731586994784,0.9834837718455924,0.988164919277031,0.9874091453704736,0.9951067890695716,0.996738053200516,0.0128186018780742,19869,258,184,15363
phiusiil,s3,r04,rf,rf_depth16_leaf1,0,"{""class_weight"": null, ""max_depth"": 16, ""max_features"": ""sqrt"", ""min_samples_leaf"": 1, ""n_estimators"": 200}",ok,33.44191879999994,0.85,35674,20127,15547,0.85,0.9906094074115602,0.9902507784004068,0.9909630777175316,0.9874573872772884,0.9904481637205612,0.9989710015614522,0.9988363850424712,0.0069558304764743,19987,140,195,15352
phiusiil,s3,r04,rf,rf_depth24_leaf2,1,"{""class_weight"": null, ""max_depth"": 24, ""max_features"": ""sqrt"", ""min_samples_leaf"": 2, ""n_estimators"": 200}",ok,22.933139299999997,0.79,35674,20127,15547,0.79,0.9919549251555756,0.9921018529187924,0.9883512544802868,0.9932462854570012,0.9918246667546188,0.9992197660249452,0.9990712574155236,0.0090425796194167,19945,182,105,15442
phiusiil,s3,r04,rf,rf_unlimited_leaf5_balanced,2,"{""class_weight"": ""balanced_subsample"", ""max_depth"": null, ""max_features"": ""sqrt"", ""min_samples_leaf"": 5, ""n_estimators"": 200}",ok,35.42411799999991,0.84,35674,20127,15547,0.84,0.989179794808544,0.9889691869761382,0.9878370551515542,0.9873287450955168,0.9889978154507906,0.9987074838651836,0.9983372403164892,0.0093903711432404,19938,189,197,15350
phiusiil,s3,r04,xgb,xgb_d4_lr005,0,"{""colsample_bytree"": 0.9, ""learning_rate"": 0.05, ""max_depth"": 4, ""n_estimators"": 300, ""reg_lambda"": 1.0, ""scale_pos_weight"": 1.0, ""subsample"": 0.9}",ok,16.625333700000056,0.86,35674,20127,15547,0.86,0.989460111005214,0.9883467325379576,0.9960761232097312,0.9796745352801184,0.989262795972404,0.9983185676850244,0.9984594920600542,0.0029810702042033,20067,60,316,15231
phiusiil,s3,r04,xgb,xgb_d6_lr005,1,"{""colsample_bytree"": 0.9, ""learning_rate"": 0.05, ""max_depth"": 6, ""n_estimators"": 250, ""reg_lambda"": 1.0, ""scale_pos_weight"": 1.0, ""subsample"": 0.9}",ok,13.448215899999925,0.85,35674,20127,15547,0.85,0.9923473678309132,0.9916153589561242,0.9964894031985436,0.9859136810960314,0.9922095416159622,0.9993133059628508,0.9993440582841516,0.0026829631837829,20073,54,219,15328
phiusiil,s3,r04,xgb,xgb_d6_lr01_balanced,2,"{""colsample_bytree"": 0.9, ""learning_rate"": 0.1, ""max_depth"": 6, ""n_estimators"": 200, ""reg_lambda"": 1.0, ""scale_pos_weight"": 1.3542785150825352, ""subsample"": 0.9}",ok,13.901441299999988,0.9,35674,20127,15547,0.9,0.9950664349386108,0.9945300196393284,0.9983142060558906,0.9903518363671449,0.9949791358968052,0.9994583791521638,0.9995257254082508,0.0012917970884881,20101,26,150,15397
phiusiil,s3,r05,lr,lr_c01,0,"{""C"": 0.1, ""class_weight"": null}",ok,9.91251289999991,0.91,35674,20127,15547,0.91,0.9830128384818074,0.9820548694410164,0.986265703313155,0.974593169100148,0.9827043949631508,0.994104342615106,0.9960060569774908,0.0104834302181149,19916,211,395,15152
phiusiil,s3,r05,lr,lr_c1,1,"{""C"": 1.0, ""class_weight"": null}",ok,21.39178349999997,0.86,35674,20127,15547,0.86,0.9886471940348712,0.988548412249994,0.9861931672232211,0.9877789927317168,0.9884590393189006,0.9950182696729184,0.996739868327655,0.0106821682317285,19912,215,190,15357
phiusiil,s3,r05,lr,lr_c1_balanced,2,"{""C"": 1.0, ""class_weight"": ""balanced""}",ok,17.304108699999915,0.82,35674,20127,15547,0.82,0.9878903403038628,0.9881777214974358,0.9819526815891844,0.9904161574580304,0.9876992820692528,0.9957462193926226,0.9970380122517872,0.0140607144631589,19844,283,149,15398
phiusiil,s3,r05,rf,rf_depth16_leaf1,0,"{""class_weight"": null, ""max_depth"": 16, ""max_features"": ""sqrt"", ""min_samples_leaf"": 1, ""n_estimators"": 200}",ok,22.12895069999968,0.84,35674,20127,15547,0.84,0.9891517631888772,0.9889589813119188,0.9876479670612456,0.9874573872772884,0.9889697165046536,0.9990959814005916,0.998858291856299,0.0095394246534505,19935,192,195,15352
phiusiil,s3,r05,rf,rf_depth24_leaf2,1,"{""class_weight"": null, ""max_depth"": 24, ""max_features"": ""sqrt"", ""min_samples_leaf"": 2, ""n_estimators"": 200}",ok,33.64085979999982,0.81,35674,20127,15547,0.81,0.9923193362112462,0.9923808924284674,0.989550612218732,0.9928603589116872,0.9921935706733268,0.9991106515435694,0.9988358206403796,0.0080985740547523,19964,163,111,15436
phiusiil,s3,r05,rf,rf_unlimited_leaf5_balanced,2,"{""class_weight"": ""balanced_subsample"", ""max_depth"": null, ""max_features"": ""sqrt"", ""min_samples_leaf"": 5, ""n_estimators"": 200}",ok,23.82205189999968,0.84,35674,20127,15547,0.84,0.9895442058642148,0.9892774996607778,0.988790104367994,0.9872001029137454,0.9893670276427218,0.9989078261510496,0.9986138435217822,0.0086451035921895,19953,174,199,15348
phiusiil,s3,r05,xgb,xgb_d4_lr005,0,"{""colsample_bytree"": 0.9, ""learning_rate"": 0.05, ""max_depth"": 4, ""n_estimators"": 300, ""reg_lambda"": 1.0, ""scale_pos_weight"": 1.0, ""subsample"": 0.9}",ok,10.497597300000052,0.83,35674,20127,15547,0.83,0.9894320793855468,0.988373118342444,0.9955572977917156,0.9801247829163182,0.9892354877649772,0.9983147902949798,0.998446681533476,0.0033785462314304,20059,68,309,15238
phiusiil,s3,r05,xgb,xgb_d6_lr005,1,"{""colsample_bytree"": 0.9, ""learning_rate"": 0.05, ""max_depth"": 6, ""n_estimators"": 250, ""reg_lambda"": 1.0, ""scale_pos_weight"": 1.0, ""subsample"": 0.9}",ok,8.12043790000007,0.82,35674,20127,15547,0.82,0.992711778886584,0.9920041728719168,0.9967505036719309,0.9864925709140028,0.9925807972824257,0.9992359589482582,0.9992661760841908,0.0024842251701694,20077,50,210,15337
phiusiil,s3,r05,xgb,xgb_d6_lr01_balanced,2,"{""colsample_bytree"": 0.9, ""learning_rate"": 0.1, ""max_depth"": 6, ""n_estimators"": 200, ""reg_lambda"": 1.0, ""scale_pos_weight"": 1.3542591267000716, ""subsample"": 0.9}",ok,6.453941700000087,0.8,35674,20127,15547,0.8,0.9947861187419408,0.994449917878358,0.9961883842625492,0.991831221457516,0.9946960808078606,0.9992516517349026,0.9993841762659622,0.0029313857007999,20068,59,127,15420
phiusiil,s3,r06,lr,lr_c01,0,"{""C"": 0.1, ""class_weight"": null}",ok,9.419363900000008,0.93,35674,20127,15547,0.93,0.9847227672814935,0.9840532541817362,0.9860049241933394,0.9788383610986042,0.9844537229190152,0.9904722063203796,0.9937557397693256,0.0107318527351319,19911,216,329,15218
phiusiil,s3,r06,lr,lr_c1,1,"{""C"": 1.0, ""class_weight"": null}",ok,12.050156199999948,0.95,35674,20127,15547,0.95,0.9877782138251948,0.9870171998981614,0.990776226047418,0.9810895992796038,0.987559321813846,0.993153996659707,0.9954880540575516,0.0070551994832811,19985,142,294,15253
phiusiil,s3,r06,lr,lr_c1_balanced,2,"{""C"": 1.0, ""class_weight"": ""balanced""}",ok,14.965851099999782,0.94,35674,20127,15547,0.94,0.9870213600941864,0.9866391908518618,0.986517868662108,0.9836624429150318,0.9867994838680704,0.9941890494683387,0.9959812973728678,0.0103840612113081,19918,209,254,15293
phiusiil,s3,r06,rf,rf_depth16_leaf1,0,"{""class_weight"": null, ""max_depth"": 16, ""max_features"": ""sqrt"", ""min_samples_leaf"": 1, ""n_estimators"": 200}",ok,32.69418810000025,0.85,35674,20127,15547,0.85,0.9878062454448618,0.9872908641370624,0.98868192989264,0.9832765163697176,0.9875941028600056,0.9983626803783242,0.9979407313061616,0.0086947880955929,19952,175,260,15287
phiusiil,s3,r06,rf,rf_depth24_leaf2,1,"{""class_weight"": null, ""max_depth"": 24, ""max_features"": ""sqrt"", ""min_samples_leaf"": 2, ""n_estimators"": 200}",ok,19.512190699999792,0.79,35674,20127,15547,0.79,0.9903851544542244,0.9904179550738512,0.9873076923076924,0.9906734418215732,0.9902277887020616,0.998987897552286,0.9988231888175412,0.0098375316738709,19929,198,145,15402
phiusiil,s3,r06,rf,rf_unlimited_leaf5_balanced,2,"{""class_weight"": ""balanced_subsample"", ""max_depth"": null, ""max_features"": ""sqrt"", ""min_samples_leaf"": 5, ""n_estimators"": 200}",ok,21.069087200000013,0.85,35674,20127,15547,0.85,0.9882547513595336,0.9879664353264536,0.9873083365545676,0.9857207178233744,0.9880557227407518,0.9984193220544236,0.9980051438057064,0.0097878471704675,19930,197,222,15325
phiusiil,s3,r06,xgb,xgb_d4_lr005,0,"{""colsample_bytree"": 0.9, ""learning_rate"": 0.05, ""max_depth"": 4, ""n_estimators"": 300, ""reg_lambda"": 1.0, ""scale_pos_weight"": 1.0, ""subsample"": 0.9}",ok,7.163100499999928,0.83,35674,20127,15547,0.83,0.9897404272018836,0.9886537014049036,0.9962084068771656,0.980189104007204,0.989548845101584,0.9987543433154572,0.9987841218230664,0.0028817011973965,20069,58,308,15239
phiusiil,s3,r06,xgb,xgb_d6_lr005,1,"{""colsample_bytree"": 0.9, ""learning_rate"": 0.05, ""max_depth"": 6, ""n_estimators"": 250, ""reg_lambda"": 1.0, ""scale_pos_weight"": 1.0, ""subsample"": 0.9}",ok,6.709550599999602,0.77,35674,20127,15547,0.77,0.9906094074115602,0.9900239112944312,0.9929358392741412,0.9854634334598316,0.990443744512728,0.9992996680508244,0.9993039432292592,0.0054156108709693,20018,109,226,15321
phiusiil,s3,r06,xgb,xgb_d6_lr01_balanced,2,"{""colsample_bytree"": 0.9, ""learning_rate"": 0.1, ""max_depth"": 6, ""n_estimators"": 200, ""reg_lambda"": 1.0, ""scale_pos_weight"": 1.3542591267000716, ""subsample"": 0.9}",ok,6.393312599999717,0.71,35674,20127,15547,0.71,0.9943376128272692,0.994242717488401,0.993503569820544,0.993503569820544,0.994242717488401,0.9994813103385128,0.9995550355359868,0.0050181348437422,20026,101,101,15446
phiusiil,s3,r07,lr,lr_c01,0,"{""C"": 0.1, ""class_weight"": null}",ok,9.477600400000028,0.95,35675,20127,15548,0.95,0.9825087596355992,0.9811256550873652,0.989311475409836,0.9703498842294828,0.9821756468315658,0.9938855018765648,0.9958381190357344,0.0080985740547523,19964,163,461,15087
phiusiil,s3,r07,lr,lr_c1,1,"{""C"": 1.0, ""class_weight"": null}",ok,11.601751799999874,0.86,35675,20127,15548,0.86,0.987750525578136,0.9877099558528836,0.984544346822292,0.987393877025984,0.9875494197485618,0.9949278378923626,0.9965874933154568,0.0119739653202166,19886,241,196,15352
phiusiil,s3,r07,lr,lr_c1_balanced,2,"{""C"": 1.0, ""class_weight"": ""balanced""}",ok,8.383699699999852,0.87,35675,20127,15548,0.87,0.9868815697266994,0.9869764271764954,0.982282205449661,0.9877154617957292,0.9866701378167824,0.9955734360543504,0.996885869562194,0.0137626074427386,19850,277,191,15357
phiusiil,s3,r07,rf,rf_depth16_leaf1,0,"{""class_weight"": null, ""max_depth"": 16, ""max_features"": ""sqrt"", ""min_samples_leaf"": 1, ""n_estimators"": 200}",ok,20.21345499999961,0.86,35675,20127,15548,0.86,0.990385423966363,0.9899646490348416,0.9912127673321705,0.9866863905325444,0.9902192550155292,0.998984698387263,0.9987582002593388,0.0067570924628608,19991,136,207,15341
phiusiil,s3,r07,rf,rf_depth24_leaf2,1,"{""class_weight"": null, ""max_depth"": 24, ""max_features"": ""sqrt"", ""min_samples_leaf"": 2, ""n_estimators"": 200}",ok,21.758345700000064,0.85,35675,20127,15548,0.85,0.9918990889978976,0.991679258115648,0.9914331723027376,0.9899665551839464,0.9917620049911804,0.9992465182724636,0.999050378018087,0.0066080389526506,19994,133,156,15392
phiusiil,s3,r07,rf,rf_unlimited_leaf5_balanced,2,"{""class_weight"": ""balanced_subsample"", ""max_depth"": null, ""max_features"": ""sqrt"", ""min_samples_leaf"": 5, ""n_estimators"": 200}",ok,22.376022399999783,0.85,35675,20127,15548,0.85,0.9893482831114224,0.989001588370242,0.9892271964907754,0.98630048880885,0.9891661971605872,0.9987646460156804,0.9983107667419556,0.0082973120683658,19960,167,213,15335
phiusiil,s3,r07,xgb,xgb_d4_lr005,0,"{""colsample_bytree"": 0.9, ""learning_rate"": 0.05, ""max_depth"": 4, ""n_estimators"": 300, ""reg_lambda"": 1.0, ""scale_pos_weight"": 1.0, ""subsample"": 0.9}",ok,7.043303500000093,0.82,35675,20127,15548,0.82,0.9891800981079188,0.9884794073711172,0.9920810073997144,0.983020324157448,0.9889872407636838,0.9982579506805312,0.9984268689887014,0.0060615094152133,20005,122,264,15284
phiusiil,s3,r07,xgb,xgb_d6_lr005,1,"{""colsample_bytree"": 0.9, ""learning_rate"": 0.05, ""max_depth"": 6, ""n_estimators"": 250, ""reg_lambda"": 1.0, ""scale_pos_weight"": 1.0, ""subsample"": 0.9}",ok,6.66261059999988,0.87,35675,20127,15548,0.87,0.9917309039943938,0.99076200095179,0.9977808237060244,0.9832132750192952,0.9915780588051282,0.999107422114492,0.9991565810702252,0.0016892731157152,20093,34,261,15287
phiusiil,s3,r07,xgb,xgb_d6_lr01_balanced,2,"{""colsample_bytree"": 0.9, ""learning_rate"": 0.1, ""max_depth"": 6, ""n_estimators"": 200, ""reg_lambda"": 1.0, ""scale_pos_weight"": 1.3542785150825352, ""subsample"": 0.9}",ok,7.0203803999997945,0.88,35675,20127,15548,0.88,0.9951226348983884,0.994660492890981,0.9977337477337478,0.9910599434010804,0.9950371175270948,0.9994988569432572,0.9995575591969016,0.0017389576191185,20092,35,139,15409
phiusiil,s3,r08,lr,lr_c01,0,"{""C"": 0.1, ""class_weight"": null}",ok,7.429108000000269,0.95,35675,20127,15548,0.95,0.9844428871758936,0.983695768811704,0.9863120337333766,0.9778749678415232,0.984166667292415,0.990845535979026,0.9939106545408014,0.0104834302181149,19916,211,344,15204
phiusiil,s3,r08,lr,lr_c1,1,"{""C"": 1.0, ""class_weight"": null}",ok,8.531355600000097,0.92,35675,20127,15548,0.92,0.9867974772249476,0.9863166023995634,0.9870775990178976,0.9825701054798044,0.9865692977035398,0.992945223927878,0.995402843795064,0.0099369006806776,19927,200,271,15277
phiusiil,s3,r08,lr,lr_c1_balanced,2,"{""C"": 1.0, ""class_weight"": ""balanced""}",ok,10.02795789999982,0.95,35675,20127,15548,0.95,0.986937631394534,0.9864115487569804,0.9876487325400932,0.9823128376640082,0.9867105881267432,0.994190071908828,0.9960098324040704,0.0094897401500472,19936,191,275,15273
phiusiil,s3,r08,rf,rf_depth16_leaf1,0,"{""class_weight"": null, ""max_depth"": 16, ""max_features"": ""sqrt"", ""min_samples_leaf"": 1, ""n_estimators"": 200}",ok,22.810175000000072,0.86,35675,20127,15548,0.86,0.9886475122634898,0.9881610453195148,0.989526087799832,0.9843709801903782,0.9884504474765896,0.9986746064343746,0.9983416034635464,0.0080488895513489,19965,162,243,15305
phiusiil,s3,r08,rf,rf_depth24_leaf2,1,"{""class_weight"": null, ""max_depth"": 24, ""max_features"": ""sqrt"", ""min_samples_leaf"": 2, ""n_estimators"": 200}",ok,28.387494999999944,0.79,35675,20127,15548,0.79,0.9903013314646112,0.9903510444719252,0.9870562604126618,0.9907383586313352,0.9901430301658614,0.9991127251395368,0.9989020933385204,0.0100362696874844,19925,202,144,15404
phiusiil,s3,r08,rf,rf_unlimited_leaf5_balanced,2,"{""class_weight"": ""balanced_subsample"", ""max_depth"": null, ""max_features"": ""sqrt"", ""min_samples_leaf"": 5, ""n_estimators"": 200}",ok,28.076658899999984,0.88,35675,20127,15548,0.88,0.9885073580939032,0.988000252934642,0.989522700814901,0.9840493954206329,0.9883074246204904,0.9987092670316324,0.9983841816071416,0.0080488895513489,19965,162,248,15300
phiusiil,s3,r08,xgb,xgb_d4_lr005,0,"{""colsample_bytree"": 0.9, ""learning_rate"": 0.05, ""max_depth"": 4, ""n_estimators"": 300, ""reg_lambda"": 1.0, ""scale_pos_weight"": 1.0, ""subsample"": 0.9}",ok,11.56363859999965,0.84,35675,20127,15548,0.84,0.989208128941836,0.9881384383591773,0.9953609931394968,0.9798044764599948,0.9890072978688536,0.9989473407408108,0.9989049244404604,0.0035275997416405,20056,71,314,15234
phiusiil,s3,r08,xgb,xgb_d6_lr005,1,"{""colsample_bytree"": 0.9, ""learning_rate"": 0.05, ""max_depth"": 6, ""n_estimators"": 250, ""reg_lambda"": 1.0, ""scale_pos_weight"": 1.0, ""subsample"": 0.9}",ok,9.801597599999695,0.9,35675,20127,15548,0.9,0.9911702873160476,0.9901627287639364,0.9973878403970484,0.9823128376640082,0.9910065258571502,0.9993914559066522,0.99934675989546,0.0019873801361355,20087,40,275,15273
phiusiil,s3,r08,xgb,xgb_d6_lr01_balanced,2,"{""colsample_bytree"": 0.9, ""learning_rate"": 0.1, ""max_depth"": 6, ""n_estimators"": 200, ""reg_lambda"": 1.0, ""scale_pos_weight"": 1.3542785150825352, ""subsample"": 0.9}",ok,9.039621200000056,0.67,35675,20127,15548,0.67,0.9927680448493342,0.9927639656051324,0.9906931964056482,0.992732184203756,0.9926486210858954,0.9995317679736504,0.9995181507911152,0.0072042529934913,19982,145,113,15435
phiusiil,s3,r09,lr,lr_c01,0,"{""C"": 0.1, ""class_weight"": null}",ok,10.471748699999807,0.95,35674,20128,15546,0.95,0.9836015024948142,0.9827516923977806,0.9860939632204822,0.976135340280458,0.9833069204555418,0.9903302176887424,0.993647617396815,0.0106319554848966,19914,214,371,15175
phiusiil,s3,r09,lr,lr_c1,1,"{""C"": 1.0, ""class_weight"": null}",ok,13.871201999999812,0.95,35674,20128,15546,0.95,0.9864607277008466,0.985768701563052,0.98845580128413,0.980380805351859,0.9862206327426356,0.9932054064715272,0.9954629510365932,0.0088434022257551,19950,178,305,15241
phiusiil,s3,r09,lr,lr_c1_balanced,2,"{""C"": 1.0, ""class_weight"": ""balanced""}",ok,12.075080699999944,0.95,35674,20128,15546,0.95,0.9864326960811796,0.9859708300429292,0.9864358609998708,0.9823748874308504,0.9861986088857786,0.993854286573392,0.9957949844751356,0.010433227344992,19918,210,274,15272
phiusiil,s3,r09,rf,rf_depth16_leaf1,0,"{""class_weight"": null, ""max_depth"": 16, ""max_features"": ""sqrt"", ""min_samples_leaf"": 1, ""n_estimators"": 200}",ok,30.08512950000022,0.84,35674,20128,15546,0.84,0.987469866008858,0.9871608467674884,0.986468200270636,0.9847549208799692,0.9872571618570224,0.99821931961447,0.9975312896668148,0.010433227344992,19918,210,237,15309
phiusiil,s3,r09,rf,rf_depth24_leaf2,1,"{""class_weight"": null, ""max_depth"": 24, ""max_features"": ""sqrt"", ""min_samples_leaf"": 2, ""n_estimators"": 200}",ok,35.29390719999992,0.79,35674,20128,15546,0.79,0.9896002691035488,0.989824853345638,0.984669434685404,0.9915733950855524,0.989434158144183,0.9989417704179422,0.9986490611176452,0.0119236883942766,19888,240,131,15415
phiusiil,s3,r09,rf,rf_unlimited_leaf5_balanced,2,"{""class_weight"": ""balanced_subsample"", ""max_depth"": null, ""max_features"": ""sqrt"", ""min_samples_leaf"": 5, ""n_estimators"": 200}",ok,43.96654919999992,0.81,35674,20128,15546,0.81,0.987441834389191,0.9877144118884476,0.9815027426967724,0.9898366139199796,0.9872433376083208,0.9982784724271804,0.9976703386611404,0.0144077901430842,19838,290,158,15388
phiusiil,s3,r09,xgb,xgb_d4_lr005,0,"{""colsample_bytree"": 0.9, ""learning_rate"": 0.05, ""max_depth"": 4, ""n_estimators"": 300, ""reg_lambda"": 1.0, ""scale_pos_weight"": 1.0, ""subsample"": 0.9}",ok,8.016397999999754,0.84,35674,20128,15546,0.84,0.9886191624152044,0.987615565539431,0.9939963456016706,0.979801878296668,0.9884089663666578,0.9989111545749556,0.9988424656781988,0.004570747217806,20036,92,314,15232
phiusiil,s3,r09,xgb,xgb_d6_lr005,1,"{""colsample_bytree"": 0.9, ""learning_rate"": 0.05, ""max_depth"": 6, ""n_estimators"": 250, ""reg_lambda"": 1.0, ""scale_pos_weight"": 1.0, ""subsample"": 0.9}",ok,7.135772399999951,0.79,35674,20128,15546,0.79,0.9904692493132252,0.9898554436221588,0.9929970172480872,0.985076547021742,0.9903004574598662,0.99932921423052,0.9992780156487566,0.0053656597774244,20020,108,232,15314
phiusiil,s3,r09,xgb,xgb_d6_lr01_balanced,2,"{""colsample_bytree"": 0.9, ""learning_rate"": 0.1, ""max_depth"": 6, ""n_estimators"": 200, ""reg_lambda"": 1.0, ""scale_pos_weight"": 1.3542448103078024, ""subsample"": 0.9}",ok,7.001822599999741,0.83,35674,20128,15546,0.83,0.992851936984919,0.992281758766281,0.9957206769111068,0.987842531840988,0.992725397842558,0.9995635117161912,0.9995386597025844,0.003279014308426,20062,66,189,15357
