accuracy,balanced_accuracy,cohort,corpus_version,fn,fp,fpr,inference_seconds_all_target,inference_seconds_per_sample,macro_f1,model,model_seed,n_benign,n_phishing,n_samples,pr_auc,precision,recall,repetition,roc_auc,scenario,selected_candidate,selected_params_json,source_dataset,target_dataset,threshold,tn,tp,feature_set,n_features,feature_names_json,source_validation_threshold
0.4012210835303052,0.4718691539213654,primary_domain_filtered,master,5612,134731,0.9999406259509124,0.1519057999998949,6.442337134685718e-07,0.2863833315622346,lr,20261001,134739,99643,234382,0.4558589634310394,0.4110429179671448,0.9436789337936432,r00,0.3610150673800047,S4-external,lr_c1,"{""C"": 1.0, ""class_weight"": null}",iscx_url2016_binary,phiusiil,0.86,8,94031,f_all,35,"[""url_length"", ""hostname_length"", ""path_length"", ""query_length"", ""fragment_length"", ""digit_count"", ""letter_count"", ""special_char_count"", ""digit_ratio"", ""letter_ratio"", ""special_char_ratio"", ""dot_count"", ""hyphen_count"", ""underscore_count"", ""slash_count"", ""question_mark_count"", ""equals_sign_count"", ""percent_sign_count"", ""at_sign_count"", ""subdomain_depth"", ""path_segment_count"", ""query_parameter_count"", ""has_port"", ""has_userinfo"", ""host_is_ip"", ""tld_length"", ""registrable_domain_length"", ""domain_digit_ratio"", ""domain_hyphen_ratio"", ""url_char_entropy"", ""longest_repeated_char_run"", ""char_type_transition_count"", ""token_count"", ""token_mean_length"", ""token_max_length""]",0.86
0.403646418680792,0.471424693716256,unfiltered,master,5775,134841,0.9999406743839404,0.1519057999998949,6.442337134685718e-07,0.2876164864850813,lr,20261001,134849,100944,235793,0.4609088343628031,0.4137602712925525,0.9427900618164526,r00,0.3621576059585482,S4-external,lr_c1,"{""C"": 1.0, ""class_weight"": null}",iscx_url2016_binary,phiusiil,0.86,8,95169,f_all,35,"[""url_length"", ""hostname_length"", ""path_length"", ""query_length"", ""fragment_length"", ""digit_count"", ""letter_count"", ""special_char_count"", ""digit_ratio"", ""letter_ratio"", ""special_char_ratio"", ""dot_count"", ""hyphen_count"", ""underscore_count"", ""slash_count"", ""question_mark_count"", ""equals_sign_count"", ""percent_sign_count"", ""at_sign_count"", ""subdomain_depth"", ""path_segment_count"", ""query_parameter_count"", ""has_port"", ""has_userinfo"", ""host_is_ip"", ""tld_length"", ""registrable_domain_length"", ""domain_digit_ratio"", ""domain_hyphen_ratio"", ""url_char_entropy"", ""longest_repeated_char_run"", ""char_type_transition_count"", ""token_count"", ""token_mean_length"", ""token_max_length""]",0.86
0.40413512983078903,0.47530684543821444,primary_domain_filtered,master,4921,134739,1.0,0.05803959999999719,2.4614640807826014e-07,0.28781783266080024,lr,20261001,134739,99643,234382,0.4622748734773821,0.4128021755330971,0.9506136908764289,r00,0.36413963836989677,S4-external,lr_c1,"{""C"": 1.0, ""class_weight"": null}",iscx_url2016_binary,phiusiil,0.76,0,94722,f_single,15,"[""subdomain_depth"", ""token_count"", ""dot_count"", ""registrable_domain_length"", ""hyphen_count"", ""char_type_transition_count"", ""special_char_count"", ""slash_count"", ""question_mark_count"", ""equals_sign_count"", ""special_char_ratio"", ""query_length"", ""letter_count"", ""domain_hyphen_ratio"", ""path_length""]",0.76
0.40681445165887026,0.4751347281661119,unfiltered,master,5020,134849,1.0,0.05803959999999719,2.4614640807826014e-07,0.2891742057235535,lr,20261001,134849,100944,235793,0.46705456958824554,0.415663877490001,0.9502694563322238,r00,0.36502564200681986,S4-external,lr_c1,"{""C"": 1.0, ""class_weight"": null}",iscx_url2016_binary,phiusiil,0.76,0,95924,f_single,15,"[""subdomain_depth"", ""token_count"", ""dot_count"", ""registrable_domain_length"", ""hyphen_count"", ""char_type_transition_count"", ""special_char_count"", ""slash_count"", ""question_mark_count"", ""equals_sign_count"", ""special_char_ratio"", ""query_length"", ""letter_count"", ""domain_hyphen_ratio"", ""path_length""]",0.76
0.40416072906622524,0.4753369529219313,primary_domain_filtered,master,4915,134739,1.0,0.047268600000002436,2.0046651088031635e-07,0.28783081644434994,lr,20261001,134739,99643,234382,0.45839230885115356,0.41281752931794113,0.9506739058438626,r00,0.3852335320264513,S4-external,lr_c1,"{""C"": 1.0, ""class_weight"": null}",iscx_url2016_binary,phiusiil,0.67,0,94728,f_stable,11,"[""subdomain_depth"", ""token_count"", ""dot_count"", ""registrable_domain_length"", ""char_type_transition_count"", ""special_char_count"", ""hyphen_count"", ""slash_count"", ""equals_sign_count"", ""special_char_ratio"", ""question_mark_count""]",0.67
0.4071155632270678,0.4754864083055952,unfiltered,master,4949,134849,1.0,0.047268600000002436,2.0046651088031635e-07,0.2893263168047066,lr,20261001,134849,100944,235793,0.4632258166110411,0.4158436000069311,0.9509728166111904,r00,0.38577010868185574,S4-external,lr_c1,"{""C"": 1.0, ""class_weight"": null}",iscx_url2016_binary,phiusiil,0.67,0,95995,f_stable,11,"[""subdomain_depth"", ""token_count"", ""dot_count"", ""registrable_domain_length"", ""char_type_transition_count"", ""special_char_count"", ""hyphen_count"", ""slash_count"", ""equals_sign_count"", ""special_char_ratio"", ""question_mark_count""]",0.67
0.4117722350692459,0.4842889114137471,primary_domain_filtered,master,3131,134739,1.0,0.727852299999995,3.0868274291433376e-06,0.2916704443114713,rf,20261001,134739,99643,234382,0.3532648452346486,0.4173473844437429,0.9685778228274942,r00,0.35614715128754,S4-external,rf_unlimited_leaf5_balanced,"{""class_weight"": ""balanced_subsample"", ""max_depth"": null, ""max_features"": ""sqrt"", ""min_samples_leaf"": 5, ""n_estimators"": 200}",iscx_url2016_binary,phiusiil,0.73,0,96512,f_all,35,"[""url_length"", ""hostname_length"", ""path_length"", ""query_length"", ""fragment_length"", ""digit_count"", ""letter_count"", ""special_char_count"", ""digit_ratio"", ""letter_ratio"", ""special_char_ratio"", ""dot_count"", ""hyphen_count"", ""underscore_count"", ""slash_count"", ""question_mark_count"", ""equals_sign_count"", ""percent_sign_count"", ""at_sign_count"", ""subdomain_depth"", ""path_segment_count"", ""query_parameter_count"", ""has_port"", ""has_userinfo"", ""host_is_ip"", ""tld_length"", ""registrable_domain_length"", ""domain_digit_ratio"", ""domain_hyphen_ratio"", ""url_char_entropy"", ""longest_repeated_char_run"", ""char_type_transition_count"", ""token_count"", ""token_mean_length"", ""token_max_length""]",0.73
0.4148045107361117,0.4844666349659217,unfiltered,master,3136,134849,1.0,0.727852299999995,3.0868274291433376e-06,0.2931885695786284,rf,20261001,134849,100944,235793,0.3553084332124437,0.4203956897922693,0.9689332699318434,r00,0.3545875002255771,S4-external,rf_unlimited_leaf5_balanced,"{""class_weight"": ""balanced_subsample"", ""max_depth"": null, ""max_features"": ""sqrt"", ""min_samples_leaf"": 5, ""n_estimators"": 200}",iscx_url2016_binary,phiusiil,0.73,0,97808,f_all,35,"[""url_length"", ""hostname_length"", ""path_length"", ""query_length"", ""fragment_length"", ""digit_count"", ""letter_count"", ""special_char_count"", ""digit_ratio"", ""letter_ratio"", ""special_char_ratio"", ""dot_count"", ""hyphen_count"", ""underscore_count"", ""slash_count"", ""question_mark_count"", ""equals_sign_count"", ""percent_sign_count"", ""at_sign_count"", ""subdomain_depth"", ""path_segment_count"", ""query_parameter_count"", ""has_port"", ""has_userinfo"", ""host_is_ip"", ""tld_length"", ""registrable_domain_length"", ""domain_digit_ratio"", ""domain_hyphen_ratio"", ""url_char_entropy"", ""longest_repeated_char_run"", ""char_type_transition_count"", ""token_count"", ""token_mean_length"", ""token_max_length""]",0.73
0.41186609893251186,0.4843993055207089,primary_domain_filtered,master,3109,134739,1.0,0.8984969000000014,3.810532543374915e-06,0.29171753556793867,rf,20261001,134739,99643,234382,0.35745805510919204,0.417402809666498,0.9687986110414178,r00,0.3574499416519868,S4-external,rf_unlimited_leaf5_balanced,"{""class_weight"": ""balanced_subsample"", ""max_depth"": null, ""max_features"": ""sqrt"", ""min_samples_leaf"": 5, ""n_estimators"": 200}",iscx_url2016_binary,phiusiil,0.72,0,96534,f_single,15,"[""subdomain_depth"", ""url_length"", ""dot_count"", ""hyphen_count"", ""path_length"", ""hostname_length"", ""longest_repeated_char_run"", ""special_char_count"", ""token_count"", ""char_type_transition_count"", ""token_max_length"", ""slash_count"", ""digit_count"", ""letter_count"", ""token_mean_length""]",0.72
0.414897812912173,0.4845756062767475,unfiltered,master,3114,134849,1.0,0.8984969000000014,3.810532543374915e-06,0.2932351786297707,rf,20261001,134849,100944,235793,0.3596223331685194,0.4204504918793703,0.969151212553495,r00,0.35607143539220193,S4-external,rf_unlimited_leaf5_balanced,"{""class_weight"": ""balanced_subsample"", ""max_depth"": null, ""max_features"": ""sqrt"", ""min_samples_leaf"": 5, ""n_estimators"": 200}",iscx_url2016_binary,phiusiil,0.72,0,97830,f_single,15,"[""subdomain_depth"", ""url_length"", ""dot_count"", ""hyphen_count"", ""path_length"", ""hostname_length"", ""longest_repeated_char_run"", ""special_char_count"", ""token_count"", ""char_type_transition_count"", ""token_max_length"", ""slash_count"", ""digit_count"", ""letter_count"", ""token_mean_length""]",0.72
0.41437055746601703,0.4873448210110093,primary_domain_filtered,master,2522,134739,1.0,0.904046300000001,3.834067593185553e-06,0.29297170764668795,rf,20261001,134739,99643,234382,0.41125582446723774,0.4188777710687484,0.9746896420220186,r00,0.46997580432941727,S4-external,rf_depth16_leaf1,"{""class_weight"": null, ""max_depth"": 16, ""max_features"": ""sqrt"", ""min_samples_leaf"": 1, ""n_estimators"": 200}",iscx_url2016_binary,phiusiil,0.65,0,97121,f_stable,15,"[""subdomain_depth"", ""url_length"", ""dot_count"", ""hyphen_count"", ""path_length"", ""hostname_length"", ""token_count"", ""longest_repeated_char_run"", ""special_char_count"", ""token_max_length"", ""letter_count"", ""char_type_transition_count"", ""slash_count"", ""token_mean_length"", ""digit_count""]",0.65
0.41739152561780885,0.4874881122206372,unfiltered,master,2526,134849,1.0,0.904046300000001,3.834067593185553e-06,0.29447863774681265,rf,20261001,134849,100944,235793,0.4134697332148983,0.4219113719471678,0.9749762244412744,r00,0.46851733998972345,S4-external,rf_depth16_leaf1,"{""class_weight"": null, ""max_depth"": 16, ""max_features"": ""sqrt"", ""min_samples_leaf"": 1, ""n_estimators"": 200}",iscx_url2016_binary,phiusiil,0.65,0,98418,f_stable,15,"[""subdomain_depth"", ""url_length"", ""dot_count"", ""hyphen_count"", ""path_length"", ""hostname_length"", ""token_count"", ""longest_repeated_char_run"", ""special_char_count"", ""token_max_length"", ""letter_count"", ""char_type_transition_count"", ""slash_count"", ""token_mean_length"", ""digit_count""]",0.65
0.4181037793004582,0.4917354957197194,primary_domain_filtered,master,1647,134739,1.0,0.1492813999998361,6.33103612065821e-07,0.2948329913532183,xgb,20261001,134739,99643,234382,0.39722834662163,0.4210625819064601,0.9834709914394388,r00,0.3849590340076806,S4-external,xgb_d6_lr01_balanced,"{""colsample_bytree"": 0.9, ""learning_rate"": 0.1, ""max_depth"": 6, ""n_estimators"": 200, ""reg_lambda"": 1.0, ""scale_pos_weight"": 3.537326264507809, ""subsample"": 0.9}",iscx_url2016_binary,phiusiil,0.91,0,97996,f_all,35,"[""url_length"", ""hostname_length"", ""path_length"", ""query_length"", ""fragment_length"", ""digit_count"", ""letter_count"", ""special_char_count"", ""digit_ratio"", ""letter_ratio"", ""special_char_ratio"", ""dot_count"", ""hyphen_count"", ""underscore_count"", ""slash_count"", ""question_mark_count"", ""equals_sign_count"", ""percent_sign_count"", ""at_sign_count"", ""subdomain_depth"", ""path_segment_count"", ""query_parameter_count"", ""has_port"", ""has_userinfo"", ""host_is_ip"", ""tld_length"", ""registrable_domain_length"", ""domain_digit_ratio"", ""domain_hyphen_ratio"", ""url_char_entropy"", ""longest_repeated_char_run"", ""char_type_transition_count"", ""token_count"", ""token_mean_length"", ""token_max_length""]",0.91
0.4210981666122404,0.4918172452052623,unfiltered,master,1652,134849,1.0,0.1492813999998361,6.33103612065821e-07,0.296318844472298,xgb,20261001,134849,100944,235793,0.3990996856551122,0.424069257413268,0.9836344904105246,r00,0.3833943672481502,S4-external,xgb_d6_lr01_balanced,"{""colsample_bytree"": 0.9, ""learning_rate"": 0.1, ""max_depth"": 6, ""n_estimators"": 200, ""reg_lambda"": 1.0, ""scale_pos_weight"": 3.537326264507809, ""subsample"": 0.9}",iscx_url2016_binary,phiusiil,0.91,0,99292,f_all,35,"[""url_length"", ""hostname_length"", ""path_length"", ""query_length"", ""fragment_length"", ""digit_count"", ""letter_count"", ""special_char_count"", ""digit_ratio"", ""letter_ratio"", ""special_char_ratio"", ""dot_count"", ""hyphen_count"", ""underscore_count"", ""slash_count"", ""question_mark_count"", ""equals_sign_count"", ""percent_sign_count"", ""at_sign_count"", ""subdomain_depth"", ""path_segment_count"", ""query_parameter_count"", ""has_port"", ""has_userinfo"", ""host_is_ip"", ""tld_length"", ""registrable_domain_length"", ""domain_digit_ratio"", ""domain_hyphen_ratio"", ""url_char_entropy"", ""longest_repeated_char_run"", ""char_type_transition_count"", ""token_count"", ""token_mean_length"", ""token_max_length""]",0.91
0.41609423931871903,0.48937205824794516,primary_domain_filtered,master,2118,134739,1.0,0.12352300000000227,5.238620315276631e-07,0.29383230844784836,xgb,20261001,134739,99643,234382,0.4256974694911386,0.4198885750697482,0.9787441164958903,r00,0.44769904334604693,S4-external,xgb_d6_lr01_balanced,"{""colsample_bytree"": 0.9, ""learning_rate"": 0.1, ""max_depth"": 6, ""n_estimators"": 200, ""reg_lambda"": 1.0, ""scale_pos_weight"": 3.537326264507809, ""subsample"": 0.9}",iscx_url2016_binary,phiusiil,0.87,0,97525,f_single,15,"[""url_length"", ""subdomain_depth"", ""dot_count"", ""hyphen_count"", ""hostname_length"", ""path_length"", ""token_mean_length"", ""longest_repeated_char_run"", ""token_max_length"", ""url_char_entropy"", ""special_char_ratio"", ""slash_count"", ""registrable_domain_length"", ""token_count"", ""digit_ratio""]",0.87
0.41910065184293005,0.48948426850530985,unfiltered,master,2123,134849,1.0,0.12352300000000227,5.238620315276631e-07,0.2953283484851202,xgb,20261001,134849,100944,235793,0.42836071978191,0.42290837505884366,0.9789685370106197,r00,0.44729692418737416,S4-external,xgb_d6_lr01_balanced,"{""colsample_bytree"": 0.9, ""learning_rate"": 0.1, ""max_depth"": 6, ""n_estimators"": 200, ""reg_lambda"": 1.0, ""scale_pos_weight"": 3.537326264507809, ""subsample"": 0.9}",iscx_url2016_binary,phiusiil,0.87,0,98821,f_single,15,"[""url_length"", ""subdomain_depth"", ""dot_count"", ""hyphen_count"", ""hostname_length"", ""path_length"", ""token_mean_length"", ""longest_repeated_char_run"", ""token_max_length"", ""url_char_entropy"", ""special_char_ratio"", ""slash_count"", ""registrable_domain_length"", ""token_count"", ""digit_ratio""]",0.87
0.4185816316952667,0.4922975020824343,primary_domain_filtered,master,1535,134739,1.0,0.14106660000000204,5.982645795252702e-07,0.2950705284369455,xgb,20261001,134739,99643,234382,0.44113945426628465,0.4213410522789643,0.9845950041648686,r00,0.44446696243525696,S4-external,xgb_d6_lr005,"{""colsample_bytree"": 0.9, ""learning_rate"": 0.05, ""max_depth"": 6, ""n_estimators"": 250, ""reg_lambda"": 1.0, ""scale_pos_weight"": 1.0, ""subsample"": 0.9}",iscx_url2016_binary,phiusiil,0.79,0,98108,f_stable,14,"[""url_length"", ""subdomain_depth"", ""dot_count"", ""hostname_length"", ""hyphen_count"", ""path_length"", ""token_mean_length"", ""longest_repeated_char_run"", ""token_max_length"", ""digit_ratio"", ""tld_length"", ""registrable_domain_length"", ""slash_count"", ""token_count""]",0.79
0.42156891850054923,0.49236705500079253,unfiltered,master,1541,134849,1.0,0.14106660000000204,5.982645795252702e-07,0.29655186816071794,xgb,20261001,134849,100944,235793,0.44345813710503995,0.4243421614329867,0.9847341100015851,r00,0.44351732727318727,S4-external,xgb_d6_lr005,"{""colsample_bytree"": 0.9, ""learning_rate"": 0.05, ""max_depth"": 6, ""n_estimators"": 250, ""reg_lambda"": 1.0, ""scale_pos_weight"": 1.0, ""subsample"": 0.9}",iscx_url2016_binary,phiusiil,0.79,0,99403,f_stable,14,"[""url_length"", ""subdomain_depth"", ""dot_count"", ""hostname_length"", ""hyphen_count"", ""path_length"", ""token_mean_length"", ""longest_repeated_char_run"", ""token_max_length"", ""digit_ratio"", ""tld_length"", ""registrable_domain_length"", ""slash_count"", ""token_count""]",0.79
0.406569336808175,0.4811954052468363,primary_domain_filtered,master,3711,134734,0.9999554697936768,0.1743071000000782,7.392378060420717e-07,0.2890859544072465,lr,20261002,134740,98556,233296,0.5052404781822695,0.4131257649872157,0.9623462802873494,r01,0.4321349279815467,S4-external,lr_c01,"{""C"": 0.1, ""class_weight"": null}",iscx_url2016_binary,phiusiil,0.66,6,94845,f_all,35,"[""url_length"", ""hostname_length"", ""path_length"", ""query_length"", ""fragment_length"", ""digit_count"", ""letter_count"", ""special_char_count"", ""digit_ratio"", ""letter_ratio"", ""special_char_ratio"", ""dot_count"", ""hyphen_count"", ""underscore_count"", ""slash_count"", ""question_mark_count"", ""equals_sign_count"", ""percent_sign_count"", ""at_sign_count"", ""subdomain_depth"", ""path_segment_count"", ""query_parameter_count"", ""has_port"", ""has_userinfo"", ""host_is_ip"", ""tld_length"", ""registrable_domain_length"", ""domain_digit_ratio"", ""domain_hyphen_ratio"", ""url_char_entropy"", ""longest_repeated_char_run"", ""char_type_transition_count"", ""token_count"", ""token_mean_length"", ""token_max_length""]",0.66
0.4105083696292935,0.4794415290841488,unfiltered,master,4155,134843,0.9999555057879554,0.1743071000000782,7.392378060420717e-07,0.291071378469415,lr,20261002,134849,100944,235793,0.5105736606231761,0.4178567728120467,0.958838563956253,r01,0.4303176981478543,S4-external,lr_c01,"{""C"": 0.1, ""class_weight"": null}",iscx_url2016_binary,phiusiil,0.66,6,96789,f_all,35,"[""url_length"", ""hostname_length"", ""path_length"", ""query_length"", ""fragment_length"", ""digit_count"", ""letter_count"", ""special_char_count"", ""digit_ratio"", ""letter_ratio"", ""special_char_ratio"", ""dot_count"", ""hyphen_count"", ""underscore_count"", ""slash_count"", ""question_mark_count"", ""equals_sign_count"", ""percent_sign_count"", ""at_sign_count"", ""subdomain_depth"", ""path_segment_count"", ""query_parameter_count"", ""has_port"", ""has_userinfo"", ""host_is_ip"", ""tld_length"", ""registrable_domain_length"", ""domain_digit_ratio"", ""domain_hyphen_ratio"", ""url_char_entropy"", ""longest_repeated_char_run"", ""char_type_transition_count"", ""token_count"", ""token_mean_length"", ""token_max_length""]",0.66
0.3963034085453673,0.46905312715613456,primary_domain_filtered,master,6100,134740,1.0,0.05837749999999886,2.4757944468240727e-07,0.28382327660306,lr,20261002,134740,98556,233296,0.4767525381065954,0.4069437842215532,0.9381062543122691,r01,0.393032009009865,S4-external,lr_c01,"{""C"": 0.1, ""class_weight"": null}",iscx_url2016_binary,phiusiil,0.71,0,92456,f_single,15,"[""subdomain_depth"", ""dot_count"", ""hyphen_count"", ""hostname_length"", ""char_type_transition_count"", ""path_length"", ""special_char_count"", ""token_count"", ""registrable_domain_length"", ""letter_count"", ""question_mark_count"", ""slash_count"", ""url_length"", ""equals_sign_count"", ""digit_ratio""]",0.71
0.40006700792644395,0.4672541210968458,unfiltered,master,6611,134849,1.0,0.05837749999999886,2.4757944468240727e-07,0.2857484717956174,lr,20261002,134849,100944,235793,0.48249310049481153,0.41160736881605015,0.9345082421936916,r01,0.3919220964685953,S4-external,lr_c01,"{""C"": 0.1, ""class_weight"": null}",iscx_url2016_binary,phiusiil,0.71,0,94333,f_single,15,"[""subdomain_depth"", ""dot_count"", ""hyphen_count"", ""hostname_length"", ""char_type_transition_count"", ""path_length"", ""special_char_count"", ""token_count"", ""registrable_domain_length"", ""letter_count"", ""question_mark_count"", ""slash_count"", ""url_length"", ""equals_sign_count"", ""digit_ratio""]",0.71
0.3915455044235649,0.46342181095011975,primary_domain_filtered,master,7210,134740,1.0,0.050489600000002355,2.1412679765727716e-07,0.2813745602848676,lr,20261002,134740,98556,233296,0.44831241044644515,0.40403209398193607,0.9268436219002395,r01,0.3551193335595598,S4-external,lr_c1_balanced,"{""C"": 1.0, ""class_weight"": ""balanced""}",iscx_url2016_binary,phiusiil,0.9,0,91346,f_stable,13,"[""subdomain_depth"", ""dot_count"", ""hyphen_count"", ""token_count"", ""special_char_count"", ""hostname_length"", ""registrable_domain_length"", ""path_length"", ""char_type_transition_count"", ""question_mark_count"", ""slash_count"", ""letter_count"", ""equals_sign_count""]",0.9
0.39542310416339754,0.46183032176256145,unfiltered,master,7706,134849,1.0,0.050489600000002355,2.1412679765727716e-07,0.2833714756360343,lr,20261002,134849,100944,235793,0.4544974993631177,0.4087826136518083,0.9236606435251229,r01,0.35418993778075564,S4-external,lr_c1_balanced,"{""C"": 1.0, ""class_weight"": ""balanced""}",iscx_url2016_binary,phiusiil,0.9,0,93238,f_stable,13,"[""subdomain_depth"", ""dot_count"", ""hyphen_count"", ""token_count"", ""special_char_count"", ""hostname_length"", ""registrable_domain_length"", ""path_length"", ""char_type_transition_count"", ""question_mark_count"", ""slash_count"", ""letter_count"", ""equals_sign_count""]",0.9
0.4154078938344421,0.4916646373635294,primary_domain_filtered,master,1643,134740,1.0,0.6012359000001197,2.549846263460407e-06,0.293489880651345,rf,20261002,134740,98556,233296,0.3404491918095385,0.4183541762895365,0.9833292747270588,r01,0.3293754724184268,S4-external,rf_unlimited_leaf5_balanced,"{""class_weight"": ""balanced_subsample"", ""max_depth"": null, ""max_features"": ""sqrt"", ""min_samples_leaf"": 5, ""n_estimators"": 200}",iscx_url2016_binary,phiusiil,0.56,0,96913,f_all,35,"[""url_length"", ""hostname_length"", ""path_length"", ""query_length"", ""fragment_length"", ""digit_count"", ""letter_count"", ""special_char_count"", ""digit_ratio"", ""letter_ratio"", ""special_char_ratio"", ""dot_count"", ""hyphen_count"", ""underscore_count"", ""slash_count"", ""question_mark_count"", ""equals_sign_count"", ""percent_sign_count"", ""at_sign_count"", ""subdomain_depth"", ""path_segment_count"", ""query_parameter_count"", ""has_port"", ""has_userinfo"", ""host_is_ip"", ""tld_length"", ""registrable_domain_length"", ""domain_digit_ratio"", ""domain_hyphen_ratio"", ""url_char_entropy"", ""longest_repeated_char_run"", ""char_type_transition_count"", ""token_count"", ""token_mean_length"", ""token_max_length""]",0.56
0.4210939256042376,0.4918122919638611,unfiltered,master,1653,134849,1.0,0.6012359000001197,2.549846263460407e-06,0.296316744458106,rf,20261002,134849,100944,235793,0.3441209462403496,0.4240667976424361,0.9836245839277225,r01,0.3259011183785461,S4-external,rf_unlimited_leaf5_balanced,"{""class_weight"": ""balanced_subsample"", ""max_depth"": null, ""max_features"": ""sqrt"", ""min_samples_leaf"": 5, ""n_estimators"": 200}",iscx_url2016_binary,phiusiil,0.56,0,99291,f_all,35,"[""url_length"", ""hostname_length"", ""path_length"", ""query_length"", ""fragment_length"", ""digit_count"", ""letter_count"", ""special_char_count"", ""digit_ratio"", ""letter_ratio"", ""special_char_ratio"", ""dot_count"", ""hyphen_count"", ""underscore_count"", ""slash_count"", ""question_mark_count"", ""equals_sign_count"", ""percent_sign_count"", ""at_sign_count"", ""subdomain_depth"", ""path_segment_count"", ""query_parameter_count"", ""has_port"", ""has_userinfo"", ""host_is_ip"", ""tld_length"", ""registrable_domain_length"", ""domain_digit_ratio"", ""domain_hyphen_ratio"", ""url_char_entropy"", ""longest_repeated_char_run"", ""char_type_transition_count"", ""token_count"", ""token_mean_length"", ""token_max_length""]",0.56
0.4133289897812221,0.4892041073095499,primary_domain_filtered,master,2128,134740,1.0,0.8804034999999999,3.7337982891773714e-06,0.29245065569991874,rf,20261002,134740,98556,233296,0.3770412618355911,0.4171338593576966,0.9784082146190998,r01,0.40513886390790715,S4-external,rf_depth24_leaf2,"{""class_weight"": null, ""max_depth"": 24, ""max_features"": ""sqrt"", ""min_samples_leaf"": 2, ""n_estimators"": 200}",iscx_url2016_binary,phiusiil,0.54,0,96428,f_single,15,"[""subdomain_depth"", ""url_length"", ""hyphen_count"", ""dot_count"", ""path_length"", ""hostname_length"", ""longest_repeated_char_run"", ""token_max_length"", ""special_char_count"", ""token_count"", ""char_type_transition_count"", ""token_mean_length"", ""digit_count"", ""digit_ratio"", ""slash_count""]",0.54
0.4190158316828744,0.48938520367728644,unfiltered,master,2143,134849,1.0,0.8804034999999999,3.7337982891773714e-06,0.2952862274876417,rf,20261002,134849,100944,235793,0.38044716484823105,0.42285897710250375,0.9787704073545729,r01,0.40079337459178854,S4-external,rf_depth24_leaf2,"{""class_weight"": null, ""max_depth"": 24, ""max_features"": ""sqrt"", ""min_samples_leaf"": 2, ""n_estimators"": 200}",iscx_url2016_binary,phiusiil,0.54,0,98801,f_single,15,"[""subdomain_depth"", ""url_length"", ""hyphen_count"", ""dot_count"", ""path_length"", ""hostname_length"", ""longest_repeated_char_run"", ""token_max_length"", ""special_char_count"", ""token_count"", ""char_type_transition_count"", ""token_mean_length"", ""digit_count"", ""digit_ratio"", ""slash_count""]",0.54
0.4112415129277827,0.4867334307398839,primary_domain_filtered,master,2615,134740,1.0,0.890150399999996,3.7751349700796716e-06,0.29140406454924567,rf,20261002,134740,98556,233296,0.38192409838590696,0.41590334704635407,0.9734668614797678,r01,0.41404542029235547,S4-external,rf_unlimited_leaf5_balanced,"{""class_weight"": ""balanced_subsample"", ""max_depth"": null, ""max_features"": ""sqrt"", ""min_samples_leaf"": 5, ""n_estimators"": 200}",iscx_url2016_binary,phiusiil,0.65,0,95941,f_stable,15,"[""subdomain_depth"", ""url_length"", ""dot_count"", ""hyphen_count"", ""path_length"", ""hostname_length"", ""token_count"", ""longest_repeated_char_run"", ""special_char_count"", ""token_max_length"", ""char_type_transition_count"", ""token_mean_length"", ""digit_count"", ""letter_count"", ""slash_count""]",0.65
0.4169504607855195,0.4869729751149152,unfiltered,master,2630,134849,1.0,0.890150399999996,3.7751349700796716e-06,0.29425902480343125,rf,20261002,134849,100944,235793,0.38556527719430794,0.4216535213563044,0.9739459502298304,r01,0.41015568823820325,S4-external,rf_unlimited_leaf5_balanced,"{""class_weight"": ""balanced_subsample"", ""max_depth"": null, ""max_features"": ""sqrt"", ""min_samples_leaf"": 5, ""n_estimators"": 200}",iscx_url2016_binary,phiusiil,0.65,0,98314,f_stable,15,"[""subdomain_depth"", ""url_length"", ""dot_count"", ""hyphen_count"", ""path_length"", ""hostname_length"", ""token_count"", ""longest_repeated_char_run"", ""special_char_count"", ""token_max_length"", ""char_type_transition_count"", ""token_mean_length"", ""digit_count"", ""letter_count"", ""slash_count""]",0.65
0.4183397915094987,0.4951347457283169,primary_domain_filtered,master,959,134740,1.0,0.1566780999996808,6.644730759593408e-07,0.2949503313760037,xgb,20261002,134740,98556,233296,0.4190261420565107,0.4200665412740975,0.9902694914566338,r01,0.4145026188327175,S4-external,xgb_d6_lr01_balanced,"{""colsample_bytree"": 0.9, ""learning_rate"": 0.1, ""max_depth"": 6, ""n_estimators"": 200, ""reg_lambda"": 1.0, ""scale_pos_weight"": 3.537326264507809, ""subsample"": 0.9}",iscx_url2016_binary,phiusiil,0.3,0,97597,f_all,35,"[""url_length"", ""hostname_length"", ""path_length"", ""query_length"", ""fragment_length"", ""digit_count"", ""letter_count"", ""special_char_count"", ""digit_ratio"", ""letter_ratio"", ""special_char_ratio"", ""dot_count"", ""hyphen_count"", ""underscore_count"", ""slash_count"", ""question_mark_count"", ""equals_sign_count"", ""percent_sign_count"", ""at_sign_count"", ""subdomain_depth"", ""path_segment_count"", ""query_parameter_count"", ""has_port"", ""has_userinfo"", ""host_is_ip"", ""tld_length"", ""registrable_domain_length"", ""domain_digit_ratio"", ""domain_hyphen_ratio"", ""url_char_entropy"", ""longest_repeated_char_run"", ""char_type_transition_count"", ""token_count"", ""token_mean_length"", ""token_max_length""]",0.3
0.4240287031421628,0.4952399350134728,unfiltered,master,961,134849,1.0,0.1566780999996808,6.644730759593408e-07,0.2977669636900791,xgb,20261002,134849,100944,235793,0.4225474132224121,0.4257639503985828,0.9904798700269456,r01,0.4109284259636147,S4-external,xgb_d6_lr01_balanced,"{""colsample_bytree"": 0.9, ""learning_rate"": 0.1, ""max_depth"": 6, ""n_estimators"": 200, ""reg_lambda"": 1.0, ""scale_pos_weight"": 3.537326264507809, ""subsample"": 0.9}",iscx_url2016_binary,phiusiil,0.3,0,99983,f_all,35,"[""url_length"", ""hostname_length"", ""path_length"", ""query_length"", ""fragment_length"", ""digit_count"", ""letter_count"", ""special_char_count"", ""digit_ratio"", ""letter_ratio"", ""special_char_ratio"", ""dot_count"", ""hyphen_count"", ""underscore_count"", ""slash_count"", ""question_mark_count"", ""equals_sign_count"", ""percent_sign_count"", ""at_sign_count"", ""subdomain_depth"", ""path_segment_count"", ""query_parameter_count"", ""has_port"", ""has_userinfo"", ""host_is_ip"", ""tld_length"", ""registrable_domain_length"", ""domain_digit_ratio"", ""domain_hyphen_ratio"", ""url_char_entropy"", ""longest_repeated_char_run"", ""char_type_transition_count"", ""token_count"", ""token_mean_length"", ""token_max_length""]",0.3
0.4174267882861258,0.49405414180770324,primary_domain_filtered,master,1172,134740,1.0,0.1257874000000001,5.334653700491538e-07,0.29449618966977137,xgb,20261002,134740,98556,233296,0.441128600245241,0.41953438679326566,0.9881082836154065,r01,0.4140590210964571,S4-external,xgb_d6_lr01_balanced,"{""colsample_bytree"": 0.9, ""learning_rate"": 0.1, ""max_depth"": 6, ""n_estimators"": 200, ""reg_lambda"": 1.0, ""scale_pos_weight"": 3.537326264507809, ""subsample"": 0.9}",iscx_url2016_binary,phiusiil,0.5,0,97384,f_single,15,"[""subdomain_depth"", ""url_length"", ""dot_count"", ""hostname_length"", ""hyphen_count"", ""token_max_length"", ""path_length"", ""longest_repeated_char_run"", ""token_mean_length"", ""tld_length"", ""digit_ratio"", ""registrable_domain_length"", ""slash_count"", ""token_count"", ""char_type_transition_count""]",0.5
0.42312536843757026,0.49418489459502296,unfiltered,master,1174,134849,1.0,0.1257874000000001,5.334653700491538e-07,0.29732121837032094,xgb,20261002,134849,100944,235793,0.444004688849308,0.4252426274086924,0.9883697891900459,r01,0.41022434618289016,S4-external,xgb_d6_lr01_balanced,"{""colsample_bytree"": 0.9, ""learning_rate"": 0.1, ""max_depth"": 6, ""n_estimators"": 200, ""reg_lambda"": 1.0, ""scale_pos_weight"": 3.537326264507809, ""subsample"": 0.9}",iscx_url2016_binary,phiusiil,0.5,0,99770,f_single,15,"[""subdomain_depth"", ""url_length"", ""dot_count"", ""hostname_length"", ""hyphen_count"", ""token_max_length"", ""path_length"", ""longest_repeated_char_run"", ""token_mean_length"", ""tld_length"", ""digit_ratio"", ""registrable_domain_length"", ""slash_count"", ""token_count"", ""char_type_transition_count""]",0.5
0.4176582538920513,0.4943280977312391,primary_domain_filtered,master,1118,134740,1.0,0.12540309999999977,5.318355506736831e-07,0.2946113795376345,xgb,20261002,134740,98556,233296,0.4753373444194567,0.4196693915874889,0.9886561954624782,r01,0.4846893011439649,S4-external,xgb_d6_lr01_balanced,"{""colsample_bytree"": 0.9, ""learning_rate"": 0.1, ""max_depth"": 6, ""n_estimators"": 200, ""reg_lambda"": 1.0, ""scale_pos_weight"": 3.537326264507809, ""subsample"": 0.9}",iscx_url2016_binary,phiusiil,0.62,0,97438,f_stable,12,"[""subdomain_depth"", ""url_length"", ""dot_count"", ""hostname_length"", ""hyphen_count"", ""token_max_length"", ""path_length"", ""token_mean_length"", ""longest_repeated_char_run"", ""tld_length"", ""token_count"", ""registrable_domain_length""]",0.62
0.4233543828697205,0.49445236963068634,unfiltered,master,1120,134849,1.0,0.12540309999999977,5.318355506736831e-07,0.2974342777630454,xgb,20261002,134849,100944,235793,0.47807095100555097,0.42537488334831874,0.9889047392613727,r01,0.4801818266762586,S4-external,xgb_d6_lr01_balanced,"{""colsample_bytree"": 0.9, ""learning_rate"": 0.1, ""max_depth"": 6, ""n_estimators"": 200, ""reg_lambda"": 1.0, ""scale_pos_weight"": 3.537326264507809, ""subsample"": 0.9}",iscx_url2016_binary,phiusiil,0.62,0,99824,f_stable,12,"[""subdomain_depth"", ""url_length"", ""dot_count"", ""hostname_length"", ""hyphen_count"", ""token_max_length"", ""path_length"", ""token_mean_length"", ""longest_repeated_char_run"", ""tld_length"", ""token_count"", ""registrable_domain_length""]",0.62
0.406459355778916,0.4810349877081943,primary_domain_filtered,master,3743,134733,0.9999554694631844,0.1498572999998941,6.355460085748693e-07,0.2890303481728837,lr,20261003,134739,98566,233305,0.5048453364403976,0.41307132028786,0.9620254448795732,r02,0.432738816911054,S4-external,lr_c01,"{""C"": 0.1, ""class_weight"": null}",iscx_url2016_binary,phiusiil,0.67,6,94823,f_all,35,"[""url_length"", ""hostname_length"", ""path_length"", ""query_length"", ""fragment_length"", ""digit_count"", ""letter_count"", ""special_char_count"", ""digit_ratio"", ""letter_ratio"", ""special_char_ratio"", ""dot_count"", ""hyphen_count"", ""underscore_count"", ""slash_count"", ""question_mark_count"", ""equals_sign_count"", ""percent_sign_count"", ""at_sign_count"", ""subdomain_depth"", ""path_segment_count"", ""query_parameter_count"", ""has_port"", ""has_userinfo"", ""host_is_ip"", ""tld_length"", ""registrable_domain_length"", ""domain_digit_ratio"", ""domain_hyphen_ratio"", ""url_char_entropy"", ""longest_repeated_char_run"", ""char_type_transition_count"", ""token_count"", ""token_mean_length"", ""token_max_length""]",0.67
0.4103896214052155,0.4793028383249159,unfiltered,master,4183,134843,0.9999555057879554,0.1498572999998941,6.355460085748693e-07,0.2910116755076687,lr,20261003,134849,100944,235793,0.5101557264631413,0.4177863940173745,0.9585611824377872,r02,0.4309177360202407,S4-external,lr_c01,"{""C"": 0.1, ""class_weight"": null}",iscx_url2016_binary,phiusiil,0.67,6,96761,f_all,35,"[""url_length"", ""hostname_length"", ""path_length"", ""query_length"", ""fragment_length"", ""digit_count"", ""letter_count"", ""special_char_count"", ""digit_ratio"", ""letter_ratio"", ""special_char_ratio"", ""dot_count"", ""hyphen_count"", ""underscore_count"", ""slash_count"", ""question_mark_count"", ""equals_sign_count"", ""percent_sign_count"", ""at_sign_count"", ""subdomain_depth"", ""path_segment_count"", ""query_parameter_count"", ""has_port"", ""has_userinfo"", ""host_is_ip"", ""tld_length"", ""registrable_domain_length"", ""domain_digit_ratio"", ""domain_hyphen_ratio"", ""url_char_entropy"", ""longest_repeated_char_run"", ""char_type_transition_count"", ""token_count"", ""token_mean_length"", ""token_max_length""]",0.67
0.396300979404642,0.46902075766491486,primary_domain_filtered,master,6107,134739,1.0,0.07398309999999952,3.1376291917062645e-07,0.2838220306725114,lr,20261003,134739,98566,233305,0.4774177931549479,0.4069534062799849,0.9380415153298297,r02,0.39458386076982344,S4-external,lr_c01,"{""C"": 0.1, ""class_weight"": null}",iscx_url2016_binary,phiusiil,0.72,0,92459,f_single,15,"[""subdomain_depth"", ""dot_count"", ""hyphen_count"", ""hostname_length"", ""token_count"", ""registrable_domain_length"", ""special_char_count"", ""path_length"", ""question_mark_count"", ""char_type_transition_count"", ""letter_count"", ""equals_sign_count"", ""slash_count"", ""digit_ratio"", ""url_length""]",0.72
0.39999915179839945,0.467174869234427,unfiltered,master,6627,134849,1.0,0.07398309999999952,3.1376291917062645e-07,0.28571385295810486,lr,20261003,134849,100944,235793,0.48309798197255066,0.41156628819283836,0.934349738468854,r02,0.39343653732699724,S4-external,lr_c01,"{""C"": 0.1, ""class_weight"": null}",iscx_url2016_binary,phiusiil,0.72,0,94317,f_single,15,"[""subdomain_depth"", ""dot_count"", ""hyphen_count"", ""hostname_length"", ""token_count"", ""registrable_domain_length"", ""special_char_count"", ""path_length"", ""question_mark_count"", ""char_type_transition_count"", ""letter_count"", ""equals_sign_count"", ""slash_count"", ""digit_ratio"", ""url_length""]",0.72
0.39335633612652965,0.4655357831300854,primary_domain_filtered,master,6794,134739,1.0,0.059133200000005104,2.507843744301362e-07,0.28230849921710854,lr,20261003,134739,98566,233305,0.4466789659299513,0.40515471654798224,0.9310715662601708,r02,0.3534404946806433,S4-external,lr_c1_balanced,"{""C"": 1.0, ""class_weight"": ""balanced""}",iscx_url2016_binary,phiusiil,0.9,0,91772,f_stable,13,"[""subdomain_depth"", ""dot_count"", ""hyphen_count"", ""token_count"", ""hostname_length"", ""registrable_domain_length"", ""special_char_count"", ""path_length"", ""char_type_transition_count"", ""question_mark_count"", ""slash_count"", ""equals_sign_count"", ""letter_count""]",0.9
0.3971195073645104,0.4638116183230306,unfiltered,master,7306,134849,1.0,0.059133200000005104,2.507843744301362e-07,0.28424161660560177,lr,20261003,134849,100944,235793,0.45282082898902143,0.40981762638574626,0.9276232366460612,r02,0.352483650307695,S4-external,lr_c1_balanced,"{""C"": 1.0, ""class_weight"": ""balanced""}",iscx_url2016_binary,phiusiil,0.9,0,93638,f_stable,13,"[""subdomain_depth"", ""dot_count"", ""hyphen_count"", ""token_count"", ""hostname_length"", ""registrable_domain_length"", ""special_char_count"", ""path_length"", ""char_type_transition_count"", ""question_mark_count"", ""slash_count"", ""equals_sign_count"", ""letter_count""]",0.9
0.4181136280834101,0.494835947486963,primary_domain_filtered,master,1018,134739,1.0,0.6495225000003302,2.7546301204884376e-06,0.2948378887300402,rf,20261003,134739,98566,233305,0.3774187718546611,0.4199460150589572,0.989671894973926,r02,0.4125797688547626,S4-external,rf_depth24_leaf2,"{""class_weight"": null, ""max_depth"": 24, ""max_features"": ""sqrt"", ""min_samples_leaf"": 2, ""n_estimators"": 200}",iscx_url2016_binary,phiusiil,0.42,0,97548,f_all,35,"[""url_length"", ""hostname_length"", ""path_length"", ""query_length"", ""fragment_length"", ""digit_count"", ""letter_count"", ""special_char_count"", ""digit_ratio"", ""letter_ratio"", ""special_char_ratio"", ""dot_count"", ""hyphen_count"", ""underscore_count"", ""slash_count"", ""question_mark_count"", ""equals_sign_count"", ""percent_sign_count"", ""at_sign_count"", ""subdomain_depth"", ""path_segment_count"", ""query_parameter_count"", ""has_port"", ""has_userinfo"", ""host_is_ip"", ""tld_length"", ""registrable_domain_length"", ""domain_digit_ratio"", ""domain_hyphen_ratio"", ""url_char_entropy"", ""longest_repeated_char_run"", ""char_type_transition_count"", ""token_count"", ""token_mean_length"", ""token_max_length""]",0.42
0.4237657606459903,0.4949328340466001,unfiltered,master,1023,134849,1.0,0.6495225000003302,2.7546301204884376e-06,0.2976372745849145,rf,20261003,134849,100944,235793,0.3811523764348872,0.4256123014013716,0.9898656680932002,r02,0.408922858193367,S4-external,rf_depth24_leaf2,"{""class_weight"": null, ""max_depth"": 24, ""max_features"": ""sqrt"", ""min_samples_leaf"": 2, ""n_estimators"": 200}",iscx_url2016_binary,phiusiil,0.42,0,99921,f_all,35,"[""url_length"", ""hostname_length"", ""path_length"", ""query_length"", ""fragment_length"", ""digit_count"", ""letter_count"", ""special_char_count"", ""digit_ratio"", ""letter_ratio"", ""special_char_ratio"", ""dot_count"", ""hyphen_count"", ""underscore_count"", ""slash_count"", ""question_mark_count"", ""equals_sign_count"", ""percent_sign_count"", ""at_sign_count"", ""subdomain_depth"", ""path_segment_count"", ""query_parameter_count"", ""has_port"", ""has_userinfo"", ""host_is_ip"", ""tld_length"", ""registrable_domain_length"", ""domain_digit_ratio"", ""domain_hyphen_ratio"", ""url_char_entropy"", ""longest_repeated_char_run"", ""char_type_transition_count"", ""token_count"", ""token_mean_length"", ""token_max_length""]",0.42
0.4125200917254238,0.4882160176937281,primary_domain_filtered,master,2323,134739,1.0,0.899656499999999,3.815450416254931e-06,0.29204546833845146,rf,20261003,134739,98566,233305,0.3689495714923684,0.4166688313375068,0.9764320353874562,r02,0.3874950194829095,S4-external,rf_depth24_leaf2,"{""class_weight"": null, ""max_depth"": 24, ""max_features"": ""sqrt"", ""min_samples_leaf"": 2, ""n_estimators"": 200}",iscx_url2016_binary,phiusiil,0.57,0,96243,f_single,15,"[""url_length"", ""subdomain_depth"", ""hostname_length"", ""dot_count"", ""path_length"", ""hyphen_count"", ""token_count"", ""longest_repeated_char_run"", ""special_char_count"", ""token_max_length"", ""char_type_transition_count"", ""token_mean_length"", ""digit_ratio"", ""digit_count"", ""letter_count""]",0.57
0.41820155814634025,0.4884341813282612,unfiltered,master,2335,134849,1.0,0.899656499999999,3.815450416254931e-06,0.29488160955975146,rf,20261003,134849,100944,235793,0.372435576660569,0.42238432608863263,0.9768683626565224,r02,0.38343501604874164,S4-external,rf_depth24_leaf2,"{""class_weight"": null, ""max_depth"": 24, ""max_features"": ""sqrt"", ""min_samples_leaf"": 2, ""n_estimators"": 200}",iscx_url2016_binary,phiusiil,0.57,0,98609,f_single,15,"[""url_length"", ""subdomain_depth"", ""hostname_length"", ""dot_count"", ""path_length"", ""hyphen_count"", ""token_count"", ""longest_repeated_char_run"", ""special_char_count"", ""token_max_length"", ""char_type_transition_count"", ""token_mean_length"", ""digit_ratio"", ""digit_count"", ""letter_count""]",0.57
0.4146889265125051,0.4907828257208368,primary_domain_filtered,master,1817,134739,1.0,0.9388350999999986,3.981607172392728e-06,0.29313082101716686,rf,20261003,134739,98566,233305,0.39935379263838394,0.41794391069947473,0.9815656514416736,r02,0.468475540426811,S4-external,rf_unlimited_leaf5_balanced,"{""class_weight"": ""balanced_subsample"", ""max_depth"": null, ""max_features"": ""sqrt"", ""min_samples_leaf"": 5, ""n_estimators"": 200}",iscx_url2016_binary,phiusiil,0.55,0,96749,f_stable,13,"[""url_length"", ""subdomain_depth"", ""hostname_length"", ""dot_count"", ""path_length"", ""hyphen_count"", ""token_count"", ""longest_repeated_char_run"", ""special_char_count"", ""token_max_length"", ""char_type_transition_count"", ""token_mean_length"", ""digit_count""]",0.55
0.4203644722277591,0.4909603344428594,unfiltered,master,1825,134849,1.0,0.9388350999999986,3.981607172392728e-06,0.295955355436652,rf,20261003,134849,100944,235793,0.40310405629165047,0.423643404226219,0.9819206688857188,r02,0.4645635114712958,S4-external,rf_unlimited_leaf5_balanced,"{""class_weight"": ""balanced_subsample"", ""max_depth"": null, ""max_features"": ""sqrt"", ""min_samples_leaf"": 5, ""n_estimators"": 200}",iscx_url2016_binary,phiusiil,0.55,0,99119,f_stable,13,"[""url_length"", ""subdomain_depth"", ""hostname_length"", ""dot_count"", ""path_length"", ""hyphen_count"", ""token_count"", ""longest_repeated_char_run"", ""special_char_count"", ""token_max_length"", ""char_type_transition_count"", ""token_mean_length"", ""digit_count""]",0.55
0.4190137373823964,0.4959012235456445,primary_domain_filtered,master,808,134739,1.0,0.2093990000003032,8.880628347758551e-07,0.2952851874114594,xgb,20261003,134739,98566,233305,0.4025399461843926,0.4204699415476329,0.9918024470912892,r02,0.3904984706739065,S4-external,xgb_d6_lr01_balanced,"{""colsample_bytree"": 0.9, ""learning_rate"": 0.1, ""max_depth"": 6, ""n_estimators"": 200, ""reg_lambda"": 1.0, ""scale_pos_weight"": 3.537326264507809, ""subsample"": 0.9}",iscx_url2016_binary,phiusiil,0.16,0,97758,f_all,35,"[""url_length"", ""hostname_length"", ""path_length"", ""query_length"", ""fragment_length"", ""digit_count"", ""letter_count"", ""special_char_count"", ""digit_ratio"", ""letter_ratio"", ""special_char_ratio"", ""dot_count"", ""hyphen_count"", ""underscore_count"", ""slash_count"", ""question_mark_count"", ""equals_sign_count"", ""percent_sign_count"", ""at_sign_count"", ""subdomain_depth"", ""path_segment_count"", ""query_parameter_count"", ""has_port"", ""has_userinfo"", ""host_is_ip"", ""tld_length"", ""registrable_domain_length"", ""domain_digit_ratio"", ""domain_hyphen_ratio"", ""url_char_entropy"", ""longest_repeated_char_run"", ""char_type_transition_count"", ""token_count"", ""token_mean_length"", ""token_max_length""]",0.16
0.4246690953505829,0.4959878744650499,unfiltered,master,810,134849,1.0,0.2093990000003032,8.880628347758551e-07,0.298082619140468,xgb,20261003,134849,100944,235793,0.406062966186915,0.4261329542988216,0.9919757489301,r02,0.3872041756326987,S4-external,xgb_d6_lr01_balanced,"{""colsample_bytree"": 0.9, ""learning_rate"": 0.1, ""max_depth"": 6, ""n_estimators"": 200, ""reg_lambda"": 1.0, ""scale_pos_weight"": 3.537326264507809, ""subsample"": 0.9}",iscx_url2016_binary,phiusiil,0.16,0,100134,f_all,35,"[""url_length"", ""hostname_length"", ""path_length"", ""query_length"", ""fragment_length"", ""digit_count"", ""letter_count"", ""special_char_count"", ""digit_ratio"", ""letter_ratio"", ""special_char_ratio"", ""dot_count"", ""hyphen_count"", ""underscore_count"", ""slash_count"", ""question_mark_count"", ""equals_sign_count"", ""percent_sign_count"", ""at_sign_count"", ""subdomain_depth"", ""path_segment_count"", ""query_parameter_count"", ""has_port"", ""has_userinfo"", ""host_is_ip"", ""tld_length"", ""registrable_domain_length"", ""domain_digit_ratio"", ""domain_hyphen_ratio"", ""url_char_entropy"", ""longest_repeated_char_run"", ""char_type_transition_count"", ""token_count"", ""token_mean_length"", ""token_max_length""]",0.16
0.41895373009579734,0.4958302051417324,primary_domain_filtered,master,822,134739,1.0,0.1279408999999987,5.42598380783139e-07,0.29525538515446353,xgb,20261003,134739,98566,233305,0.36864284397989805,0.42043504256225184,0.9916604102834649,r02,0.3453244308712643,S4-external,xgb_d6_lr01_balanced,"{""colsample_bytree"": 0.9, ""learning_rate"": 0.1, ""max_depth"": 6, ""n_estimators"": 200, ""reg_lambda"": 1.0, ""scale_pos_weight"": 3.537326264507809, ""subsample"": 0.9}",iscx_url2016_binary,phiusiil,0.15,0,97744,f_single,15,"[""url_length"", ""subdomain_depth"", ""dot_count"", ""hostname_length"", ""hyphen_count"", ""token_max_length"", ""path_length"", ""longest_repeated_char_run"", ""token_mean_length"", ""special_char_ratio"", ""tld_length"", ""digit_ratio"", ""token_count"", ""registrable_domain_length"", ""slash_count""]",0.15
0.42460972123854396,0.4959185290854335,unfiltered,master,824,134849,1.0,0.1279408999999987,5.42598380783139e-07,0.2980533650082015,xgb,20261003,134849,100944,235793,0.37179461394035335,0.4260987619643442,0.991837058170867,r02,0.3417975363301254,S4-external,xgb_d6_lr01_balanced,"{""colsample_bytree"": 0.9, ""learning_rate"": 0.1, ""max_depth"": 6, ""n_estimators"": 200, ""reg_lambda"": 1.0, ""scale_pos_weight"": 3.537326264507809, ""subsample"": 0.9}",iscx_url2016_binary,phiusiil,0.15,0,100120,f_single,15,"[""url_length"", ""subdomain_depth"", ""dot_count"", ""hostname_length"", ""hyphen_count"", ""token_max_length"", ""path_length"", ""longest_repeated_char_run"", ""token_mean_length"", ""special_char_ratio"", ""tld_length"", ""digit_ratio"", ""token_count"", ""registrable_domain_length"", ""slash_count""]",0.15
0.4177535843638156,0.49440983706349045,primary_domain_filtered,master,1102,134739,1.0,0.13852959999999825,5.87505142222196e-07,0.2946588102270769,xgb,20261003,134739,98566,233305,0.38888479654535935,0.4197361791191328,0.9888196741269809,r02,0.3607680644422795,S4-external,xgb_d6_lr005,"{""colsample_bytree"": 0.9, ""learning_rate"": 0.05, ""max_depth"": 6, ""n_estimators"": 250, ""reg_lambda"": 1.0, ""scale_pos_weight"": 1.0, ""subsample"": 0.9}",iscx_url2016_binary,phiusiil,0.37,0,97464,f_stable,12,"[""url_length"", ""subdomain_depth"", ""dot_count"", ""hostname_length"", ""hyphen_count"", ""path_length"", ""token_mean_length"", ""token_max_length"", ""longest_repeated_char_run"", ""digit_ratio"", ""tld_length"", ""registrable_domain_length""]",0.37
0.423422238997765,0.4945316214931051,unfiltered,master,1104,134849,1.0,0.13852959999999825,5.87505142222196e-07,0.29746776985576506,xgb,20261003,134849,100944,235793,0.39171733650131163,0.42541405860521797,0.9890632429862102,r02,0.3566500246336127,S4-external,xgb_d6_lr005,"{""colsample_bytree"": 0.9, ""learning_rate"": 0.05, ""max_depth"": 6, ""n_estimators"": 250, ""reg_lambda"": 1.0, ""scale_pos_weight"": 1.0, ""subsample"": 0.9}",iscx_url2016_binary,phiusiil,0.37,0,99840,f_stable,12,"[""url_length"", ""subdomain_depth"", ""dot_count"", ""hostname_length"", ""hyphen_count"", ""path_length"", ""token_mean_length"", ""token_max_length"", ""longest_repeated_char_run"", ""digit_ratio"", ""tld_length"", ""registrable_domain_length""]",0.37
0.4003738301803858,0.4710336276171416,primary_domain_filtered,master,5776,134735,0.9999332066733956,0.3338853999998719,1.4160106534115596e-06,0.2859572638477177,lr,20261004,134744,99587,234331,0.4569441178421475,0.4104687896528489,0.9420004619076788,r03,0.3629940009494452,S4-external,lr_c1,"{""C"": 1.0, ""class_weight"": null}",iscx_url2016_binary,phiusiil,0.88,9,93811,f_all,35,"[""url_length"", ""hostname_length"", ""path_length"", ""query_length"", ""fragment_length"", ""digit_count"", ""letter_count"", ""special_char_count"", ""digit_ratio"", ""letter_ratio"", ""special_char_ratio"", ""dot_count"", ""hyphen_count"", ""underscore_count"", ""slash_count"", ""question_mark_count"", ""equals_sign_count"", ""percent_sign_count"", ""at_sign_count"", ""subdomain_depth"", ""path_segment_count"", ""query_parameter_count"", ""has_port"", ""has_userinfo"", ""host_is_ip"", ""tld_length"", ""registrable_domain_length"", ""domain_digit_ratio"", ""domain_hyphen_ratio"", ""url_char_entropy"", ""longest_repeated_char_run"", ""char_type_transition_count"", ""token_count"", ""token_mean_length"", ""token_max_length""]",0.88
0.4029508933683358,0.4706111167360662,unfiltered,master,5940,134840,0.9999332586819332,0.3338853999998719,1.4160106534115596e-06,0.2872690194918348,lr,20261004,134849,100944,235793,0.4620441452192098,0.4133412227423818,0.9411554921540656,r03,0.3639561930036698,S4-external,lr_c1,"{""C"": 1.0, ""class_weight"": null}",iscx_url2016_binary,phiusiil,0.88,9,95004,f_all,35,"[""url_length"", ""hostname_length"", ""path_length"", ""query_length"", ""fragment_length"", ""digit_count"", ""letter_count"", ""special_char_count"", ""digit_ratio"", ""letter_ratio"", ""special_char_ratio"", ""dot_count"", ""hyphen_count"", ""underscore_count"", ""slash_count"", ""question_mark_count"", ""equals_sign_count"", ""percent_sign_count"", ""at_sign_count"", ""subdomain_depth"", ""path_segment_count"", ""query_parameter_count"", ""has_port"", ""has_userinfo"", ""host_is_ip"", ""tld_length"", ""registrable_domain_length"", ""domain_digit_ratio"", ""domain_hyphen_ratio"", ""url_char_entropy"", ""longest_repeated_char_run"", ""char_type_transition_count"", ""token_count"", ""token_mean_length"", ""token_max_length""]",0.88
0.4127750916438713,0.4856356753391507,primary_domain_filtered,master,2861,134744,1.0,0.05078609999999628,2.153842565300763e-07,0.2921732511319803,lr,20261004,134744,99587,234331,0.4492235968782857,0.4178770467015164,0.9712713506783014,r03,0.34526498560947116,S4-external,lr_c1,"{""C"": 1.0, ""class_weight"": null}",iscx_url2016_binary,phiusiil,0.39,0,96726,f_single,15,"[""subdomain_depth"", ""dot_count"", ""char_type_transition_count"", ""token_count"", ""special_char_count"", ""registrable_domain_length"", ""hyphen_count"", ""slash_count"", ""url_length"", ""domain_hyphen_ratio"", ""equals_sign_count"", ""digit_ratio"", ""path_length"", ""special_char_ratio"", ""percent_sign_count""]",0.39
0.4158817267688184,0.4857247582818196,unfiltered,master,2882,134849,1.0,0.05078609999999628,2.153842565300763e-07,0.293726318311842,lr,20261004,134849,100944,235793,0.45415726231060694,0.42102777455766366,0.9714495165636392,r03,0.34615760105823723,S4-external,lr_c1,"{""C"": 1.0, ""class_weight"": null}",iscx_url2016_binary,phiusiil,0.39,0,98062,f_single,15,"[""subdomain_depth"", ""dot_count"", ""char_type_transition_count"", ""token_count"", ""special_char_count"", ""registrable_domain_length"", ""hyphen_count"", ""slash_count"", ""url_length"", ""domain_hyphen_ratio"", ""equals_sign_count"", ""digit_ratio"", ""path_length"", ""special_char_ratio"", ""percent_sign_count""]",0.39
0.41170395722290265,0.4843754706939661,primary_domain_filtered,master,3112,134744,1.0,0.06158369999999991,2.611769645409317e-07,0.29163618555890763,lr,20261004,134744,99587,234331,0.4397651560458074,0.4172451225894066,0.9687509413879322,r03,0.3369442857721144,S4-external,lr_c1,"{""C"": 1.0, ""class_weight"": null}",iscx_url2016_binary,phiusiil,0.4,0,96475,f_stable,13,"[""subdomain_depth"", ""char_type_transition_count"", ""dot_count"", ""token_count"", ""special_char_count"", ""registrable_domain_length"", ""hyphen_count"", ""slash_count"", ""url_length"", ""path_length"", ""special_char_ratio"", ""digit_ratio"", ""equals_sign_count""]",0.4
0.4148172337601201,0.4844814946901252,unfiltered,master,3133,134849,1.0,0.06158369999999991,2.611769645409317e-07,0.2931949257203151,lr,20261004,134849,100944,235793,0.44488622625209384,0.42040316341442446,0.9689629893802504,r03,0.3379538922624339,S4-external,lr_c1,"{""C"": 1.0, ""class_weight"": null}",iscx_url2016_binary,phiusiil,0.4,0,97811,f_stable,13,"[""subdomain_depth"", ""char_type_transition_count"", ""dot_count"", ""token_count"", ""special_char_count"", ""registrable_domain_length"", ""hyphen_count"", ""slash_count"", ""url_length"", ""path_length"", ""special_char_ratio"", ""digit_ratio"", ""equals_sign_count""]",0.4
0.4156086902714536,0.488969443802906,primary_domain_filtered,master,2197,134744,1.0,1.0751200999998218,4.559592948051138e-06,0.2935900952909221,rf,20261004,134744,99587,234331,0.3767816790785803,0.4195421609932194,0.977938887605812,r03,0.3985076566287043,S4-external,rf_depth16_leaf1,"{""class_weight"": null, ""max_depth"": 16, ""max_features"": ""sqrt"", ""min_samples_leaf"": 1, ""n_estimators"": 200}",iscx_url2016_binary,phiusiil,0.64,0,97390,f_all,35,"[""url_length"", ""hostname_length"", ""path_length"", ""query_length"", ""fragment_length"", ""digit_count"", ""letter_count"", ""special_char_count"", ""digit_ratio"", ""letter_ratio"", ""special_char_ratio"", ""dot_count"", ""hyphen_count"", ""underscore_count"", ""slash_count"", ""question_mark_count"", ""equals_sign_count"", ""percent_sign_count"", ""at_sign_count"", ""subdomain_depth"", ""path_segment_count"", ""query_parameter_count"", ""has_port"", ""has_userinfo"", ""host_is_ip"", ""tld_length"", ""registrable_domain_length"", ""domain_digit_ratio"", ""domain_hyphen_ratio"", ""url_char_entropy"", ""longest_repeated_char_run"", ""char_type_transition_count"", ""token_count"", ""token_mean_length"", ""token_max_length""]",0.64
0.418769853218713,0.4890979156760184,unfiltered,master,2201,134849,1.0,1.0751200999998218,4.559592948051138e-06,0.2951640481144032,rf,20261004,134849,100944,235793,0.3789699160784962,0.422715675194356,0.9781958313520368,r03,0.3967546078402993,S4-external,rf_depth16_leaf1,"{""class_weight"": null, ""max_depth"": 16, ""max_features"": ""sqrt"", ""min_samples_leaf"": 1, ""n_estimators"": 200}",iscx_url2016_binary,phiusiil,0.64,0,98743,f_all,35,"[""url_length"", ""hostname_length"", ""path_length"", ""query_length"", ""fragment_length"", ""digit_count"", ""letter_count"", ""special_char_count"", ""digit_ratio"", ""letter_ratio"", ""special_char_ratio"", ""dot_count"", ""hyphen_count"", ""underscore_count"", ""slash_count"", ""question_mark_count"", ""equals_sign_count"", ""percent_sign_count"", ""at_sign_count"", ""subdomain_depth"", ""path_segment_count"", ""query_parameter_count"", ""has_port"", ""has_userinfo"", ""host_is_ip"", ""tld_length"", ""registrable_domain_length"", ""domain_digit_ratio"", ""domain_hyphen_ratio"", ""url_char_entropy"", ""longest_repeated_char_run"", ""char_type_transition_count"", ""token_count"", ""token_mean_length"", ""token_max_length""]",0.64
0.41611651894115587,0.4895669113438501,primary_domain_filtered,master,2078,134744,1.0,0.891777900000001,3.782037210604221e-06,0.29384341851494694,rf,20261004,134744,99587,234331,0.3970599845488168,0.4198395715017675,0.9791338226877002,r03,0.4418652393346702,S4-external,rf_depth16_leaf1,"{""class_weight"": null, ""max_depth"": 16, ""max_features"": ""sqrt"", ""min_samples_leaf"": 1, ""n_estimators"": 200}",iscx_url2016_binary,phiusiil,0.6,0,97509,f_single,15,"[""subdomain_depth"", ""url_length"", ""hostname_length"", ""dot_count"", ""hyphen_count"", ""path_length"", ""token_count"", ""longest_repeated_char_run"", ""special_char_count"", ""token_max_length"", ""token_mean_length"", ""char_type_transition_count"", ""digit_count"", ""registrable_domain_length"", ""slash_count""]",0.6
0.4192745331710441,0.489687351402758,unfiltered,master,2082,134849,1.0,0.891777900000001,3.782037210604221e-06,0.295414680790665,rf,20261004,134849,100944,235793,0.3993703983487894,0.4230096144383448,0.979374702805516,r03,0.44029586695116774,S4-external,rf_depth16_leaf1,"{""class_weight"": null, ""max_depth"": 16, ""max_features"": ""sqrt"", ""min_samples_leaf"": 1, ""n_estimators"": 200}",iscx_url2016_binary,phiusiil,0.6,0,98862,f_single,15,"[""subdomain_depth"", ""url_length"", ""hostname_length"", ""dot_count"", ""hyphen_count"", ""path_length"", ""token_count"", ""longest_repeated_char_run"", ""special_char_count"", ""token_max_length"", ""token_mean_length"", ""char_type_transition_count"", ""digit_count"", ""registrable_domain_length"", ""slash_count""]",0.6
0.4135347009145183,0.48652936628274773,primary_domain_filtered,master,2683,134744,1.0,0.8900977999999995,3.77491189305874e-06,0.29255362506981447,rf,20261004,134744,99587,234331,0.38557356204879795,0.418324354192568,0.9730587325654955,r03,0.4174749370156121,S4-external,rf_depth16_leaf1,"{""class_weight"": null, ""max_depth"": 16, ""max_features"": ""sqrt"", ""min_samples_leaf"": 1, ""n_estimators"": 200}",iscx_url2016_binary,phiusiil,0.73,0,96904,f_stable,13,"[""subdomain_depth"", ""url_length"", ""hostname_length"", ""dot_count"", ""hyphen_count"", ""path_length"", ""token_count"", ""longest_repeated_char_run"", ""special_char_count"", ""token_max_length"", ""char_type_transition_count"", ""digit_count"", ""registrable_domain_length""]",0.73
0.41670448232135815,0.4866856871136472,unfiltered,master,2688,134849,1.0,0.8900977999999995,3.77491189305874e-06,0.2941364889582067,rf,20261004,134849,100944,235793,0.3881068084814532,0.42150962012826837,0.9733713742272944,r03,0.4164200096878171,S4-external,rf_depth16_leaf1,"{""class_weight"": null, ""max_depth"": 16, ""max_features"": ""sqrt"", ""min_samples_leaf"": 1, ""n_estimators"": 200}",iscx_url2016_binary,phiusiil,0.73,0,98256,f_stable,13,"[""subdomain_depth"", ""url_length"", ""hostname_length"", ""dot_count"", ""hyphen_count"", ""path_length"", ""token_count"", ""longest_repeated_char_run"", ""special_char_count"", ""token_max_length"", ""char_type_transition_count"", ""digit_count"", ""registrable_domain_length""]",0.73
0.4185361731909137,0.4924136684507014,primary_domain_filtered,master,1511,134744,1.0,0.1559131000003617,6.612287048401002e-07,0.2950479382203143,xgb,20261004,134744,99587,234331,0.5109035492576252,0.4212524697190963,0.9848273369014028,r03,0.4847384126398089,S4-external,xgb_d6_lr005,"{""colsample_bytree"": 0.9, ""learning_rate"": 0.05, ""max_depth"": 6, ""n_estimators"": 250, ""reg_lambda"": 1.0, ""scale_pos_weight"": 1.0, ""subsample"": 0.9}",iscx_url2016_binary,phiusiil,0.65,0,98076,f_all,35,"[""url_length"", ""hostname_length"", ""path_length"", ""query_length"", ""fragment_length"", ""digit_count"", ""letter_count"", ""special_char_count"", ""digit_ratio"", ""letter_ratio"", ""special_char_ratio"", ""dot_count"", ""hyphen_count"", ""underscore_count"", ""slash_count"", ""question_mark_count"", ""equals_sign_count"", ""percent_sign_count"", ""at_sign_count"", ""subdomain_depth"", ""path_segment_count"", ""query_parameter_count"", ""has_port"", ""has_userinfo"", ""host_is_ip"", ""tld_length"", ""registrable_domain_length"", ""domain_digit_ratio"", ""domain_hyphen_ratio"", ""url_char_entropy"", ""longest_repeated_char_run"", ""char_type_transition_count"", ""token_count"", ""token_mean_length"", ""token_max_length""]",0.65
0.4216749437006187,0.4924908860358218,unfiltered,master,1516,134849,1.0,0.1559131000003617,6.612287048401002e-07,0.2966043296810164,xgb,20261004,134849,100944,235793,0.5131769861334614,0.4244035906213584,0.9849817720716436,r03,0.4834234590535902,S4-external,xgb_d6_lr005,"{""colsample_bytree"": 0.9, ""learning_rate"": 0.05, ""max_depth"": 6, ""n_estimators"": 250, ""reg_lambda"": 1.0, ""scale_pos_weight"": 1.0, ""subsample"": 0.9}",iscx_url2016_binary,phiusiil,0.65,0,99428,f_all,35,"[""url_length"", ""hostname_length"", ""path_length"", ""query_length"", ""fragment_length"", ""digit_count"", ""letter_count"", ""special_char_count"", ""digit_ratio"", ""letter_ratio"", ""special_char_ratio"", ""dot_count"", ""hyphen_count"", ""underscore_count"", ""slash_count"", ""question_mark_count"", ""equals_sign_count"", ""percent_sign_count"", ""at_sign_count"", ""subdomain_depth"", ""path_segment_count"", ""query_parameter_count"", ""has_port"", ""has_userinfo"", ""host_is_ip"", ""tld_length"", ""registrable_domain_length"", ""domain_digit_ratio"", ""domain_hyphen_ratio"", ""url_char_entropy"", ""longest_repeated_char_run"", ""char_type_transition_count"", ""token_count"", ""token_mean_length"", ""token_max_length""]",0.65
0.4197139943071979,0.49379939148684066,primary_domain_filtered,master,1235,134744,1.0,0.14527869999999865,6.161281293337744e-07,0.29563277955290773,xgb,20261004,134744,99587,234331,0.44948341783091217,0.4219377423894018,0.9875987829736813,r03,0.4630526117483148,S4-external,xgb_d4_lr005,"{""colsample_bytree"": 0.9, ""learning_rate"": 0.05, ""max_depth"": 4, ""n_estimators"": 300, ""reg_lambda"": 1.0, ""scale_pos_weight"": 1.0, ""subsample"": 0.9}",iscx_url2016_binary,phiusiil,0.56,0,98352,f_single,15,"[""url_length"", ""subdomain_depth"", ""dot_count"", ""hostname_length"", ""hyphen_count"", ""token_max_length"", ""path_length"", ""token_mean_length"", ""longest_repeated_char_run"", ""token_count"", ""registrable_domain_length"", ""slash_count"", ""digit_ratio"", ""tld_length"", ""percent_sign_count""]",0.56
0.42285818493339494,0.4938728403867491,unfiltered,master,1237,134849,1.0,0.14527869999999865,6.161281293337744e-07,0.2971892697466468,xgb,20261004,134849,100944,235793,0.45199152402313736,0.42508825184604104,0.9877456807734982,r03,0.462113660585148,S4-external,xgb_d4_lr005,"{""colsample_bytree"": 0.9, ""learning_rate"": 0.05, ""max_depth"": 4, ""n_estimators"": 300, ""reg_lambda"": 1.0, ""scale_pos_weight"": 1.0, ""subsample"": 0.9}",iscx_url2016_binary,phiusiil,0.56,0,99707,f_single,15,"[""url_length"", ""subdomain_depth"", ""dot_count"", ""hostname_length"", ""hyphen_count"", ""token_max_length"", ""path_length"", ""token_mean_length"", ""longest_repeated_char_run"", ""token_count"", ""registrable_domain_length"", ""slash_count"", ""digit_ratio"", ""tld_length"", ""percent_sign_count""]",0.56
0.41963717988657073,0.4937090182453533,primary_domain_filtered,master,1253,134744,1.0,0.1479828000000012,6.275962390741082e-07,0.2955946673079524,xgb,20261004,134744,99587,234331,0.441524962356597,0.42189310016389364,0.9874180364907066,r03,0.4372131906629751,S4-external,xgb_d4_lr005,"{""colsample_bytree"": 0.9, ""learning_rate"": 0.05, ""max_depth"": 4, ""n_estimators"": 300, ""reg_lambda"": 1.0, ""scale_pos_weight"": 1.0, ""subsample"": 0.9}",iscx_url2016_binary,phiusiil,0.58,0,98334,f_stable,15,"[""url_length"", ""subdomain_depth"", ""dot_count"", ""hostname_length"", ""hyphen_count"", ""token_max_length"", ""path_length"", ""longest_repeated_char_run"", ""token_mean_length"", ""tld_length"", ""registrable_domain_length"", ""token_count"", ""slash_count"", ""digit_ratio"", ""percent_sign_count""]",0.58
0.4227818467893449,0.49378368204152795,unfiltered,master,1255,134849,1.0,0.1479828000000012,6.275962390741082e-07,0.2971515610375519,xgb,20261004,134849,100944,235793,0.4444712493043337,0.42504412930953617,0.9875673640830559,r03,0.43639245288655765,S4-external,xgb_d4_lr005,"{""colsample_bytree"": 0.9, ""learning_rate"": 0.05, ""max_depth"": 4, ""n_estimators"": 300, ""reg_lambda"": 1.0, ""scale_pos_weight"": 1.0, ""subsample"": 0.9}",iscx_url2016_binary,phiusiil,0.58,0,99689,f_stable,15,"[""url_length"", ""subdomain_depth"", ""dot_count"", ""hostname_length"", ""hyphen_count"", ""token_max_length"", ""path_length"", ""longest_repeated_char_run"", ""token_mean_length"", ""tld_length"", ""registrable_domain_length"", ""token_count"", ""slash_count"", ""digit_ratio"", ""percent_sign_count""]",0.58
0.4058868662103138,0.4803743350736026,primary_domain_filtered,master,3873,134733,0.9999554694631844,0.1320737000000917,5.601256186574316e-07,0.2887407659756898,lr,20261005,134739,98560,233299,0.5067825173579129,0.4127233894167901,0.9607041396103896,r04,0.4343479276459862,S4-external,lr_c01,"{""C"": 0.1, ""class_weight"": null}",iscx_url2016_binary,phiusiil,0.68,6,94687,f_all,35,"[""url_length"", ""hostname_length"", ""path_length"", ""query_length"", ""fragment_length"", ""digit_count"", ""letter_count"", ""special_char_count"", ""digit_ratio"", ""letter_ratio"", ""special_char_ratio"", ""dot_count"", ""hyphen_count"", ""underscore_count"", ""slash_count"", ""question_mark_count"", ""equals_sign_count"", ""percent_sign_count"", ""at_sign_count"", ""subdomain_depth"", ""path_segment_count"", ""query_parameter_count"", ""has_port"", ""has_userinfo"", ""host_is_ip"", ""tld_length"", ""registrable_domain_length"", ""domain_digit_ratio"", ""domain_hyphen_ratio"", ""url_char_entropy"", ""longest_repeated_char_run"", ""char_type_transition_count"", ""token_count"", ""token_mean_length"", ""token_max_length""]",0.68
0.4097661932288066,0.4785747118389435,unfiltered,master,4330,134843,0.9999555057879554,0.1320737000000917,5.601256186574316e-07,0.2906980700220586,lr,20261005,134849,100944,235793,0.512058601556265,0.4174166259823639,0.9571049294658424,r04,0.4325090559426865,S4-external,lr_c01,"{""C"": 0.1, ""class_weight"": null}",iscx_url2016_binary,phiusiil,0.68,6,96614,f_all,35,"[""url_length"", ""hostname_length"", ""path_length"", ""query_length"", ""fragment_length"", ""digit_count"", ""letter_count"", ""special_char_count"", ""digit_ratio"", ""letter_ratio"", ""special_char_ratio"", ""dot_count"", ""hyphen_count"", ""underscore_count"", ""slash_count"", ""question_mark_count"", ""equals_sign_count"", ""percent_sign_count"", ""at_sign_count"", ""subdomain_depth"", ""path_segment_count"", ""query_parameter_count"", ""has_port"", ""has_userinfo"", ""host_is_ip"", ""tld_length"", ""registrable_domain_length"", ""domain_digit_ratio"", ""domain_hyphen_ratio"", ""url_char_entropy"", ""longest_repeated_char_run"", ""char_type_transition_count"", ""token_count"", ""token_mean_length"", ""token_max_length""]",0.68
0.3978285376276795,0.47084517045454544,primary_domain_filtered,master,5747,134739,1.0,0.0672880000000049,2.853689464912228e-07,0.28460467569424003,lr,20261005,134739,98560,233299,0.44339416225368694,0.40787600196878077,0.9416903409090909,r04,0.34522290891388324,S4-external,lr_c1_balanced,"{""C"": 1.0, ""class_weight"": ""balanced""}",iscx_url2016_binary,phiusiil,0.89,0,92813,f_single,15,"[""subdomain_depth"", ""dot_count"", ""hyphen_count"", ""token_count"", ""special_char_count"", ""hostname_length"", ""char_type_transition_count"", ""registrable_domain_length"", ""path_length"", ""question_mark_count"", ""letter_count"", ""slash_count"", ""digit_ratio"", ""domain_hyphen_ratio"", ""equals_sign_count""]",0.89
0.40180158019958184,0.4692799968299255,unfiltered,master,6202,134849,1.0,0.0672880000000049,2.853689464912228e-07,0.28663227797358826,lr,20261005,134849,100944,235793,0.4494058338424751,0.41265554834466506,0.938559993659851,r04,0.3441342389898403,S4-external,lr_c1_balanced,"{""C"": 1.0, ""class_weight"": ""balanced""}",iscx_url2016_binary,phiusiil,0.89,0,94742,f_single,15,"[""subdomain_depth"", ""dot_count"", ""hyphen_count"", ""token_count"", ""special_char_count"", ""hostname_length"", ""char_type_transition_count"", ""registrable_domain_length"", ""path_length"", ""question_mark_count"", ""letter_count"", ""slash_count"", ""digit_ratio"", ""domain_hyphen_ratio"", ""equals_sign_count""]",0.89
0.39529959408312937,0.4678520698051948,primary_domain_filtered,master,6337,134739,1.0,0.09992160000000183,4.2376830525079977e-07,0.2833080406239824,lr,20261005,134739,98560,233299,0.4495746750356175,0.40633674359584426,0.9357041396103896,r04,0.3572559797742808,S4-external,lr_c1,"{""C"": 1.0, ""class_weight"": null}",iscx_url2016_binary,phiusiil,0.76,0,92223,f_stable,13,"[""subdomain_depth"", ""dot_count"", ""hyphen_count"", ""token_count"", ""hostname_length"", ""special_char_count"", ""registrable_domain_length"", ""path_length"", ""char_type_transition_count"", ""question_mark_count"", ""slash_count"", ""letter_count"", ""equals_sign_count""]",0.76
0.3990322019737651,0.4660455301949596,unfiltered,master,6855,134849,1.0,0.09992160000000183,4.2376830525079977e-07,0.28522016963641544,lr,20261005,134849,100944,235793,0.4556438845810891,0.4109802653993658,0.9320910603899192,r04,0.35624198853084865,S4-external,lr_c1,"{""C"": 1.0, ""class_weight"": null}",iscx_url2016_binary,phiusiil,0.76,0,94089,f_stable,13,"[""subdomain_depth"", ""dot_count"", ""hyphen_count"", ""token_count"", ""hostname_length"", ""special_char_count"", ""registrable_domain_length"", ""path_length"", ""char_type_transition_count"", ""question_mark_count"", ""slash_count"", ""letter_count"", ""equals_sign_count""]",0.76
0.4180900903990158,0.494825487012987,primary_domain_filtered,master,1020,134739,1.0,0.9894808999997622,4.196396415499027e-06,0.2948261843373967,rf,20261005,134739,98560,233299,0.4092037107511094,0.4199260372224781,0.989650974025974,r04,0.4622324994568624,S4-external,rf_depth24_leaf2,"{""class_weight"": null, ""max_depth"": 24, ""max_features"": ""sqrt"", ""min_samples_leaf"": 2, ""n_estimators"": 200}",iscx_url2016_binary,phiusiil,0.43,0,97540,f_all,35,"[""url_length"", ""hostname_length"", ""path_length"", ""query_length"", ""fragment_length"", ""digit_count"", ""letter_count"", ""special_char_count"", ""digit_ratio"", ""letter_ratio"", ""special_char_ratio"", ""dot_count"", ""hyphen_count"", ""underscore_count"", ""slash_count"", ""question_mark_count"", ""equals_sign_count"", ""percent_sign_count"", ""at_sign_count"", ""subdomain_depth"", ""path_segment_count"", ""query_parameter_count"", ""has_port"", ""has_userinfo"", ""host_is_ip"", ""tld_length"", ""registrable_domain_length"", ""domain_digit_ratio"", ""domain_hyphen_ratio"", ""url_char_entropy"", ""longest_repeated_char_run"", ""char_type_transition_count"", ""token_count"", ""token_mean_length"", ""token_max_length""]",0.43
0.4237487966139792,0.4949130210809954,unfiltered,master,1027,134849,1.0,0.9894808999997622,4.196396415499027e-06,0.2976289059009264,rf,20261005,134849,100944,235793,0.4136601745177756,0.4256025148445686,0.9898260421619908,r04,0.4598345747799149,S4-external,rf_depth24_leaf2,"{""class_weight"": null, ""max_depth"": 24, ""max_features"": ""sqrt"", ""min_samples_leaf"": 2, ""n_estimators"": 200}",iscx_url2016_binary,phiusiil,0.43,0,99917,f_all,35,"[""url_length"", ""hostname_length"", ""path_length"", ""query_length"", ""fragment_length"", ""digit_count"", ""letter_count"", ""special_char_count"", ""digit_ratio"", ""letter_ratio"", ""special_char_ratio"", ""dot_count"", ""hyphen_count"", ""underscore_count"", ""slash_count"", ""question_mark_count"", ""equals_sign_count"", ""percent_sign_count"", ""at_sign_count"", ""subdomain_depth"", ""path_segment_count"", ""query_parameter_count"", ""has_port"", ""has_userinfo"", ""host_is_ip"", ""tld_length"", ""registrable_domain_length"", ""domain_digit_ratio"", ""domain_hyphen_ratio"", ""url_char_entropy"", ""longest_repeated_char_run"", ""char_type_transition_count"", ""token_count"", ""token_mean_length"", ""token_max_length""]",0.43
0.41370087312847464,0.4896306818181818,primary_domain_filtered,master,2044,134739,1.0,0.9091176000000019,3.855575017070065e-06,0.29263678122583875,rf,20261005,134739,98560,233299,0.37180888175032883,0.4173574625413505,0.9792613636363636,r04,0.39771637454556197,S4-external,rf_unlimited_leaf5_balanced,"{""class_weight"": ""balanced_subsample"", ""max_depth"": null, ""max_features"": ""sqrt"", ""min_samples_leaf"": 5, ""n_estimators"": 200}",iscx_url2016_binary,phiusiil,0.61,0,96516,f_single,15,"[""subdomain_depth"", ""url_length"", ""hostname_length"", ""dot_count"", ""hyphen_count"", ""path_length"", ""token_count"", ""longest_repeated_char_run"", ""special_char_count"", ""token_max_length"", ""digit_count"", ""token_mean_length"", ""special_char_ratio"", ""char_type_transition_count"", ""question_mark_count""]",0.61
0.4193890403871192,0.4898210889205896,unfiltered,master,2055,134849,1.0,0.9091176000000019,3.855575017070065e-06,0.29547152222109346,rf,20261005,134849,100944,235793,0.37515607662920586,0.4230762648777691,0.9796421778411792,r04,0.39340116225243216,S4-external,rf_unlimited_leaf5_balanced,"{""class_weight"": ""balanced_subsample"", ""max_depth"": null, ""max_features"": ""sqrt"", ""min_samples_leaf"": 5, ""n_estimators"": 200}",iscx_url2016_binary,phiusiil,0.61,0,98889,f_single,15,"[""subdomain_depth"", ""url_length"", ""hostname_length"", ""dot_count"", ""hyphen_count"", ""path_length"", ""token_count"", ""longest_repeated_char_run"", ""special_char_count"", ""token_max_length"", ""digit_count"", ""token_mean_length"", ""special_char_ratio"", ""char_type_transition_count"", ""question_mark_count""]",0.61
0.4137823136832991,0.4897270698051948,primary_domain_filtered,master,2025,134739,1.0,0.9202995999999999,3.902997968557166e-06,0.29267752869625324,rf,20261005,134739,98560,233299,0.37511511614493426,0.41740532874426006,0.9794541396103896,r04,0.4020986812177907,S4-external,rf_unlimited_leaf5_balanced,"{""class_weight"": ""balanced_subsample"", ""max_depth"": null, ""max_features"": ""sqrt"", ""min_samples_leaf"": 5, ""n_estimators"": 200}",iscx_url2016_binary,phiusiil,0.6,0,96535,f_stable,11,"[""subdomain_depth"", ""url_length"", ""hostname_length"", ""dot_count"", ""path_length"", ""hyphen_count"", ""token_count"", ""longest_repeated_char_run"", ""special_char_count"", ""token_max_length"", ""char_type_transition_count""]",0.6
0.4194823425631804,0.48993006023141544,unfiltered,master,2033,134849,1.0,0.9202995999999999,3.902997968557166e-06,0.29551783068024284,rf,20261005,134849,100944,235793,0.3786998852543643,0.42313056125941134,0.9798601204628309,r04,0.3981943506197696,S4-external,rf_unlimited_leaf5_balanced,"{""class_weight"": ""balanced_subsample"", ""max_depth"": null, ""max_features"": ""sqrt"", ""min_samples_leaf"": 5, ""n_estimators"": 200}",iscx_url2016_binary,phiusiil,0.6,0,98911,f_stable,11,"[""subdomain_depth"", ""url_length"", ""hostname_length"", ""dot_count"", ""path_length"", ""hyphen_count"", ""token_count"", ""longest_repeated_char_run"", ""special_char_count"", ""token_max_length"", ""char_type_transition_count""]",0.6
0.4179700727392745,0.4946834415584416,primary_domain_filtered,master,1048,134739,1.0,0.1333950999996886,5.657296866305984e-07,0.294766498091055,xgb,20261005,134739,98560,233299,0.4141553433984014,0.4198561039564953,0.9893668831168831,r04,0.4085058991786476,S4-external,xgb_d6_lr01_balanced,"{""colsample_bytree"": 0.9, ""learning_rate"": 0.1, ""max_depth"": 6, ""n_estimators"": 200, ""reg_lambda"": 1.0, ""scale_pos_weight"": 3.537326264507809, ""subsample"": 0.9}",iscx_url2016_binary,phiusiil,0.32,0,97512,f_all,35,"[""url_length"", ""hostname_length"", ""path_length"", ""query_length"", ""fragment_length"", ""digit_count"", ""letter_count"", ""special_char_count"", ""digit_ratio"", ""letter_ratio"", ""special_char_ratio"", ""dot_count"", ""hyphen_count"", ""underscore_count"", ""slash_count"", ""question_mark_count"", ""equals_sign_count"", ""percent_sign_count"", ""at_sign_count"", ""subdomain_depth"", ""path_segment_count"", ""query_parameter_count"", ""has_port"", ""has_userinfo"", ""host_is_ip"", ""tld_length"", ""registrable_domain_length"", ""domain_digit_ratio"", ""domain_hyphen_ratio"", ""url_char_entropy"", ""longest_repeated_char_run"", ""char_type_transition_count"", ""token_count"", ""token_mean_length"", ""token_max_length""]",0.32
0.4236512534299152,0.4947990965287684,unfiltered,master,1050,134849,1.0,0.1333950999996886,5.657296866305984e-07,0.2975807820976088,xgb,20261005,134849,100944,235793,0.4178707814568337,0.4255462356704992,0.9895981930575368,r04,0.4051817359267669,S4-external,xgb_d6_lr01_balanced,"{""colsample_bytree"": 0.9, ""learning_rate"": 0.1, ""max_depth"": 6, ""n_estimators"": 200, ""reg_lambda"": 1.0, ""scale_pos_weight"": 3.537326264507809, ""subsample"": 0.9}",iscx_url2016_binary,phiusiil,0.32,0,99894,f_all,35,"[""url_length"", ""hostname_length"", ""path_length"", ""query_length"", ""fragment_length"", ""digit_count"", ""letter_count"", ""special_char_count"", ""digit_ratio"", ""letter_ratio"", ""special_char_ratio"", ""dot_count"", ""hyphen_count"", ""underscore_count"", ""slash_count"", ""question_mark_count"", ""equals_sign_count"", ""percent_sign_count"", ""at_sign_count"", ""subdomain_depth"", ""path_segment_count"", ""query_parameter_count"", ""has_port"", ""has_userinfo"", ""host_is_ip"", ""tld_length"", ""registrable_domain_length"", ""domain_digit_ratio"", ""domain_hyphen_ratio"", ""url_char_entropy"", ""longest_repeated_char_run"", ""char_type_transition_count"", ""token_count"", ""token_mean_length"", ""token_max_length""]",0.32
0.417708605694838,0.4943739853896104,primary_domain_filtered,master,1109,134739,1.0,0.12132340000000141,5.1453351032474e-07,0.29463643235071807,xgb,20261005,134739,98560,233299,0.4428820372436838,0.4197036909427624,0.9887479707792208,r04,0.427170137194596,S4-external,xgb_d6_lr01_balanced,"{""colsample_bytree"": 0.9, ""learning_rate"": 0.1, ""max_depth"": 6, ""n_estimators"": 200, ""reg_lambda"": 1.0, ""scale_pos_weight"": 3.537326264507809, ""subsample"": 0.9}",iscx_url2016_binary,phiusiil,0.5,0,97451,f_single,15,"[""subdomain_depth"", ""url_length"", ""dot_count"", ""hostname_length"", ""hyphen_count"", ""token_max_length"", ""longest_repeated_char_run"", ""token_mean_length"", ""path_length"", ""digit_ratio"", ""token_count"", ""tld_length"", ""query_length"", ""registrable_domain_length"", ""path_segment_count""]",0.5
0.4233925519417455,0.49449694880329687,unfiltered,master,1111,134849,1.0,0.12132340000000141,5.1453351032474e-07,0.29745311745812303,xgb,20261005,134849,100944,235793,0.4455132449935223,0.42539692008760793,0.9889938976065937,r04,0.4229990714292795,S4-external,xgb_d6_lr01_balanced,"{""colsample_bytree"": 0.9, ""learning_rate"": 0.1, ""max_depth"": 6, ""n_estimators"": 200, ""reg_lambda"": 1.0, ""scale_pos_weight"": 3.537326264507809, ""subsample"": 0.9}",iscx_url2016_binary,phiusiil,0.5,0,99833,f_single,15,"[""subdomain_depth"", ""url_length"", ""dot_count"", ""hostname_length"", ""hyphen_count"", ""token_max_length"", ""longest_repeated_char_run"", ""token_mean_length"", ""path_length"", ""digit_ratio"", ""token_count"", ""tld_length"", ""query_length"", ""registrable_domain_length"", ""path_segment_count""]",0.5
0.4166627375170918,0.49313616071428573,primary_domain_filtered,master,1353,134739,1.0,0.14852429999999828,6.298927449076023e-07,0.29411568927644277,xgb,20261005,134739,98560,233299,0.3583754929148514,0.4190932372190079,0.9862723214285715,r04,0.3218939782647847,S4-external,xgb_d6_lr01_balanced,"{""colsample_bytree"": 0.9, ""learning_rate"": 0.1, ""max_depth"": 6, ""n_estimators"": 200, ""reg_lambda"": 1.0, ""scale_pos_weight"": 3.537326264507809, ""subsample"": 0.9}",iscx_url2016_binary,phiusiil,0.71,0,97207,f_stable,13,"[""url_length"", ""subdomain_depth"", ""dot_count"", ""hostname_length"", ""hyphen_count"", ""token_max_length"", ""token_mean_length"", ""longest_repeated_char_run"", ""path_length"", ""digit_ratio"", ""registrable_domain_length"", ""tld_length"", ""token_count""]",0.71
0.42235774598906667,0.4932883579014107,unfiltered,master,1355,134849,1.0,0.14852429999999828,6.298927449076023e-07,0.296941994501792,xgb,20261005,134849,100944,235793,0.36113987231479183,0.4247988807275271,0.9865767158028214,r04,0.31763052247631157,S4-external,xgb_d6_lr01_balanced,"{""colsample_bytree"": 0.9, ""learning_rate"": 0.1, ""max_depth"": 6, ""n_estimators"": 200, ""reg_lambda"": 1.0, ""scale_pos_weight"": 3.537326264507809, ""subsample"": 0.9}",iscx_url2016_binary,phiusiil,0.71,0,99589,f_stable,13,"[""url_length"", ""subdomain_depth"", ""dot_count"", ""hostname_length"", ""hyphen_count"", ""token_max_length"", ""token_mean_length"", ""longest_repeated_char_run"", ""path_length"", ""digit_ratio"", ""registrable_domain_length"", ""tld_length"", ""token_count""]",0.71
0.4014832948080417,0.47191973987135,primary_domain_filtered,master,5608,134731,0.999933204690515,0.1571483000002445,6.664671979246394e-07,0.2865226932877908,lr,20261006,134740,99738,234478,0.4598376584763397,0.4112976872424747,0.943772684433215,r05,0.3664683810160623,S4-external,lr_c1,"{""C"": 1.0, ""class_weight"": null}",iscx_url2016_binary,phiusiil,0.86,9,94130,f_all,35,"[""url_length"", ""hostname_length"", ""path_length"", ""query_length"", ""fragment_length"", ""digit_count"", ""letter_count"", ""special_char_count"", ""digit_ratio"", ""letter_ratio"", ""special_char_ratio"", ""dot_count"", ""hyphen_count"", ""underscore_count"", ""slash_count"", ""question_mark_count"", ""equals_sign_count"", ""percent_sign_count"", ""at_sign_count"", ""subdomain_depth"", ""path_segment_count"", ""query_parameter_count"", ""has_port"", ""has_userinfo"", ""host_is_ip"", ""tld_length"", ""registrable_domain_length"", ""domain_digit_ratio"", ""domain_hyphen_ratio"", ""url_char_entropy"", ""longest_repeated_char_run"", ""char_type_transition_count"", ""token_count"", ""token_mean_length"", ""token_max_length""]",0.86
0.4043037749212232,0.4721912007430404,unfiltered,master,5621,134840,0.9999332586819332,0.1571483000002445,6.664671979246394e-07,0.2879558960447069,lr,20261006,134849,100944,235793,0.4649480400291708,0.4141543167233656,0.944315660168014,r05,0.36796967133269,S4-external,lr_c1,"{""C"": 1.0, ""class_weight"": null}",iscx_url2016_binary,phiusiil,0.86,9,95323,f_all,35,"[""url_length"", ""hostname_length"", ""path_length"", ""query_length"", ""fragment_length"", ""digit_count"", ""letter_count"", ""special_char_count"", ""digit_ratio"", ""letter_ratio"", ""special_char_ratio"", ""dot_count"", ""hyphen_count"", ""underscore_count"", ""slash_count"", ""question_mark_count"", ""equals_sign_count"", ""percent_sign_count"", ""at_sign_count"", ""subdomain_depth"", ""path_segment_count"", ""query_parameter_count"", ""has_port"", ""has_userinfo"", ""host_is_ip"", ""tld_length"", ""registrable_domain_length"", ""domain_digit_ratio"", ""domain_hyphen_ratio"", ""url_char_entropy"", ""longest_repeated_char_run"", ""char_type_transition_count"", ""token_count"", ""token_mean_length"", ""token_max_length""]",0.86
0.40303141446105817,0.473751228217931,primary_domain_filtered,master,5236,134740,1.0,0.07901880000000006,3.3511936317023855e-07,0.2872575840476625,lr,20261006,134740,99738,234478,0.44886454982964263,0.4122368501408991,0.947502456435862,r05,0.34334204759262793,S4-external,lr_c1,"{""C"": 1.0, ""class_weight"": null}",iscx_url2016_binary,phiusiil,0.77,0,94502,f_single,15,"[""subdomain_depth"", ""dot_count"", ""token_count"", ""special_char_count"", ""char_type_transition_count"", ""hyphen_count"", ""registrable_domain_length"", ""path_length"", ""slash_count"", ""special_char_ratio"", ""question_mark_count"", ""equals_sign_count"", ""digit_ratio"", ""url_length"", ""domain_hyphen_ratio""]",0.77
0.40582629679422205,0.4739806229196386,unfiltered,master,5253,134849,1.0,0.07901880000000006,3.3511936317023855e-07,0.2886745664949138,lr,20261006,134849,100944,235793,0.45382743470245984,0.4150733061507764,0.9479612458392772,r05,0.3447879845021843,S4-external,lr_c1,"{""C"": 1.0, ""class_weight"": null}",iscx_url2016_binary,phiusiil,0.77,0,95691,f_single,15,"[""subdomain_depth"", ""dot_count"", ""token_count"", ""special_char_count"", ""char_type_transition_count"", ""hyphen_count"", ""registrable_domain_length"", ""path_length"", ""slash_count"", ""special_char_ratio"", ""question_mark_count"", ""equals_sign_count"", ""digit_ratio"", ""url_length"", ""domain_hyphen_ratio""]",0.77
0.4001782683236807,0.47039744129619604,primary_domain_filtered,master,5905,134740,1.0,0.049251099999999326,2.0887430924581868e-07,0.2858052273606428,lr,20261006,134740,99738,234478,0.4532998017865006,0.4105165526987002,0.9407948825923921,r05,0.3689758392682758,S4-external,lr_c1,"{""C"": 1.0, ""class_weight"": null}",iscx_url2016_binary,phiusiil,0.8,0,93833,f_stable,12,"[""subdomain_depth"", ""token_count"", ""dot_count"", ""special_char_count"", ""char_type_transition_count"", ""registrable_domain_length"", ""hyphen_count"", ""slash_count"", ""equals_sign_count"", ""path_length"", ""question_mark_count"", ""special_char_ratio""]",0.8
0.4029933034483636,0.4706718576636551,unfiltered,master,5921,134849,1.0,0.049251099999999326,2.0887430924581868e-07,0.2872382230605533,lr,20261006,134849,100944,235793,0.4583361656726125,0.4133735296164822,0.9413437153273102,r05,0.37015947853291264,S4-external,lr_c1,"{""C"": 1.0, ""class_weight"": null}",iscx_url2016_binary,phiusiil,0.8,0,95023,f_stable,12,"[""subdomain_depth"", ""token_count"", ""dot_count"", ""special_char_count"", ""char_type_transition_count"", ""registrable_domain_length"", ""hyphen_count"", ""slash_count"", ""equals_sign_count"", ""path_length"", ""question_mark_count"", ""special_char_ratio""]",0.8
0.4181330444647259,0.491502737171389,primary_domain_filtered,master,1695,134740,1.0,0.999584899999718,4.23924756035895e-06,0.2948475434634203,rf,20261006,134740,99738,234478,0.3735039140643298,0.4211776633173384,0.983005474342778,r05,0.3937943582960698,S4-external,rf_depth24_leaf2,"{""class_weight"": null, ""max_depth"": 24, ""max_features"": ""sqrt"", ""min_samples_leaf"": 2, ""n_estimators"": 200}",iscx_url2016_binary,phiusiil,0.6,0,98043,f_all,35,"[""url_length"", ""hostname_length"", ""path_length"", ""query_length"", ""fragment_length"", ""digit_count"", ""letter_count"", ""special_char_count"", ""digit_ratio"", ""letter_ratio"", ""special_char_ratio"", ""dot_count"", ""hyphen_count"", ""underscore_count"", ""slash_count"", ""question_mark_count"", ""equals_sign_count"", ""percent_sign_count"", ""at_sign_count"", ""subdomain_depth"", ""path_segment_count"", ""query_parameter_count"", ""has_port"", ""has_userinfo"", ""host_is_ip"", ""tld_length"", ""registrable_domain_length"", ""domain_digit_ratio"", ""domain_hyphen_ratio"", ""url_char_entropy"", ""longest_repeated_char_run"", ""char_type_transition_count"", ""token_count"", ""token_mean_length"", ""token_max_length""]",0.6
0.420911562260118,0.4915993025836107,unfiltered,master,1696,134849,1.0,0.999584899999718,4.23924756035895e-06,0.2962264319889207,rf,20261006,134849,100944,235793,0.3755529307354178,0.4239610076165008,0.9831986051672216,r05,0.3925604400591939,S4-external,rf_depth24_leaf2,"{""class_weight"": null, ""max_depth"": 24, ""max_features"": ""sqrt"", ""min_samples_leaf"": 2, ""n_estimators"": 200}",iscx_url2016_binary,phiusiil,0.6,0,99248,f_all,35,"[""url_length"", ""hostname_length"", ""path_length"", ""query_length"", ""fragment_length"", ""digit_count"", ""letter_count"", ""special_char_count"", ""digit_ratio"", ""letter_ratio"", ""special_char_ratio"", ""dot_count"", ""hyphen_count"", ""underscore_count"", ""slash_count"", ""question_mark_count"", ""equals_sign_count"", ""percent_sign_count"", ""at_sign_count"", ""subdomain_depth"", ""path_segment_count"", ""query_parameter_count"", ""has_port"", ""has_userinfo"", ""host_is_ip"", ""tld_length"", ""registrable_domain_length"", ""domain_digit_ratio"", ""domain_hyphen_ratio"", ""url_char_entropy"", ""longest_repeated_char_run"", ""char_type_transition_count"", ""token_count"", ""token_mean_length"", ""token_max_length""]",0.6
0.41351427426027176,0.4860735126030199,primary_domain_filtered,master,2778,134740,1.0,0.8742981999999984,3.707905663017979e-06,0.2925434017825355,rf,20261006,134740,99738,234478,0.3843829295735947,0.4184721622788088,0.9721470252060398,r05,0.41400973776022276,S4-external,rf_depth16_leaf1,"{""class_weight"": null, ""max_depth"": 16, ""max_features"": ""sqrt"", ""min_samples_leaf"": 1, ""n_estimators"": 200}",iscx_url2016_binary,phiusiil,0.69,0,96960,f_single,15,"[""subdomain_depth"", ""url_length"", ""hostname_length"", ""dot_count"", ""hyphen_count"", ""path_length"", ""longest_repeated_char_run"", ""token_count"", ""special_char_count"", ""token_max_length"", ""char_type_transition_count"", ""digit_ratio"", ""token_mean_length"", ""digit_count"", ""question_mark_count""]",0.69
0.4163143095851022,0.4862299889047393,unfiltered,master,2780,134849,1.0,0.8742981999999984,3.707905663017979e-06,0.29394203445353745,rf,20261006,134849,100944,235793,0.38646334744143107,0.4212812160694897,0.9724599778094786,r05,0.41277512364642854,S4-external,rf_depth16_leaf1,"{""class_weight"": null, ""max_depth"": 16, ""max_features"": ""sqrt"", ""min_samples_leaf"": 1, ""n_estimators"": 200}",iscx_url2016_binary,phiusiil,0.69,0,98164,f_single,15,"[""subdomain_depth"", ""url_length"", ""hostname_length"", ""dot_count"", ""hyphen_count"", ""path_length"", ""longest_repeated_char_run"", ""token_count"", ""special_char_count"", ""token_max_length"", ""char_type_transition_count"", ""digit_ratio"", ""token_mean_length"", ""digit_count"", ""question_mark_count""]",0.69
0.41394501829595953,0.48657983917864805,primary_domain_filtered,master,2677,134740,1.0,0.8685351000000026,3.6834643097971634e-06,0.29275892127321373,rf,20261006,134740,99738,234478,0.3865143708580712,0.41872554475606233,0.9731596783572961,r05,0.41929415566781103,S4-external,rf_depth24_leaf2,"{""class_weight"": null, ""max_depth"": 24, ""max_features"": ""sqrt"", ""min_samples_leaf"": 2, ""n_estimators"": 200}",iscx_url2016_binary,phiusiil,0.71,0,97061,f_stable,13,"[""subdomain_depth"", ""url_length"", ""hostname_length"", ""dot_count"", ""path_length"", ""hyphen_count"", ""token_count"", ""longest_repeated_char_run"", ""special_char_count"", ""token_max_length"", ""char_type_transition_count"", ""token_mean_length"", ""digit_count""]",0.71
0.4167426513933832,0.4867302662862577,unfiltered,master,2679,134849,1.0,0.8685351000000026,3.6834643097971634e-06,0.2941555059301079,rf,20261006,134849,100944,235793,0.38850564166194745,0.4215319543227777,0.9734605325725154,r05,0.4178812051387568,S4-external,rf_depth24_leaf2,"{""class_weight"": null, ""max_depth"": 24, ""max_features"": ""sqrt"", ""min_samples_leaf"": 2, ""n_estimators"": 200}",iscx_url2016_binary,phiusiil,0.71,0,98265,f_stable,13,"[""subdomain_depth"", ""url_length"", ""hostname_length"", ""dot_count"", ""path_length"", ""hyphen_count"", ""token_count"", ""longest_repeated_char_run"", ""special_char_count"", ""token_max_length"", ""char_type_transition_count"", ""token_mean_length"", ""digit_count""]",0.71
0.4181330444647259,0.491502737171389,primary_domain_filtered,master,1695,134740,1.0,0.1596892000002299,6.772431751588465e-07,0.2948475434634203,xgb,20261006,134740,99738,234478,0.5134069665299795,0.4211776633173384,0.983005474342778,r05,0.4989371224152478,S4-external,xgb_d6_lr005,"{""colsample_bytree"": 0.9, ""learning_rate"": 0.05, ""max_depth"": 6, ""n_estimators"": 250, ""reg_lambda"": 1.0, ""scale_pos_weight"": 1.0, ""subsample"": 0.9}",iscx_url2016_binary,phiusiil,0.76,0,98043,f_all,35,"[""url_length"", ""hostname_length"", ""path_length"", ""query_length"", ""fragment_length"", ""digit_count"", ""letter_count"", ""special_char_count"", ""digit_ratio"", ""letter_ratio"", ""special_char_ratio"", ""dot_count"", ""hyphen_count"", ""underscore_count"", ""slash_count"", ""question_mark_count"", ""equals_sign_count"", ""percent_sign_count"", ""at_sign_count"", ""subdomain_depth"", ""path_segment_count"", ""query_parameter_count"", ""has_port"", ""has_userinfo"", ""host_is_ip"", ""tld_length"", ""registrable_domain_length"", ""domain_digit_ratio"", ""domain_hyphen_ratio"", ""url_char_entropy"", ""longest_repeated_char_run"", ""char_type_transition_count"", ""token_count"", ""token_mean_length"", ""token_max_length""]",0.76
0.4208988392361096,0.4915844428594072,unfiltered,master,1699,134849,1.0,0.1596892000002299,6.772431751588465e-07,0.2962201302538816,xgb,20261006,134849,100944,235793,0.5155529876798791,0.4239536254666928,0.9831688857188144,r05,0.4982552197338622,S4-external,xgb_d6_lr005,"{""colsample_bytree"": 0.9, ""learning_rate"": 0.05, ""max_depth"": 6, ""n_estimators"": 250, ""reg_lambda"": 1.0, ""scale_pos_weight"": 1.0, ""subsample"": 0.9}",iscx_url2016_binary,phiusiil,0.76,0,99245,f_all,35,"[""url_length"", ""hostname_length"", ""path_length"", ""query_length"", ""fragment_length"", ""digit_count"", ""letter_count"", ""special_char_count"", ""digit_ratio"", ""letter_ratio"", ""special_char_ratio"", ""dot_count"", ""hyphen_count"", ""underscore_count"", ""slash_count"", ""question_mark_count"", ""equals_sign_count"", ""percent_sign_count"", ""at_sign_count"", ""subdomain_depth"", ""path_segment_count"", ""query_parameter_count"", ""has_port"", ""has_userinfo"", ""host_is_ip"", ""tld_length"", ""registrable_domain_length"", ""domain_digit_ratio"", ""domain_hyphen_ratio"", ""url_char_entropy"", ""longest_repeated_char_run"", ""char_type_transition_count"", ""token_count"", ""token_mean_length"", ""token_max_length""]",0.76
0.41986455019234215,0.49353806974272596,primary_domain_filtered,master,1289,134740,1.0,0.140219799999997,5.94673293948493e-07,0.295707467402764,xgb,20261006,134740,99738,234478,0.4053660603388476,0.42218543756352145,0.9870761394854519,r05,0.39196967209648137,S4-external,xgb_d4_lr005,"{""colsample_bytree"": 0.9, ""learning_rate"": 0.05, ""max_depth"": 4, ""n_estimators"": 300, ""reg_lambda"": 1.0, ""scale_pos_weight"": 1.0, ""subsample"": 0.9}",iscx_url2016_binary,phiusiil,0.63,0,98449,f_single,15,"[""url_length"", ""subdomain_depth"", ""dot_count"", ""hostname_length"", ""hyphen_count"", ""token_max_length"", ""path_length"", ""digit_ratio"", ""longest_repeated_char_run"", ""tld_length"", ""slash_count"", ""registrable_domain_length"", ""token_mean_length"", ""token_count"", ""url_char_entropy""]",0.63
0.4226376525172503,0.4936152718338881,unfiltered,master,1289,134849,1.0,0.140219799999997,5.94673293948493e-07,0.2970803224344757,xgb,20261006,134849,100944,235793,0.40713580970142627,0.4249607682598165,0.9872305436677762,r05,0.3910618340798185,S4-external,xgb_d4_lr005,"{""colsample_bytree"": 0.9, ""learning_rate"": 0.05, ""max_depth"": 4, ""n_estimators"": 300, ""reg_lambda"": 1.0, ""scale_pos_weight"": 1.0, ""subsample"": 0.9}",iscx_url2016_binary,phiusiil,0.63,0,99655,f_single,15,"[""url_length"", ""subdomain_depth"", ""dot_count"", ""hostname_length"", ""hyphen_count"", ""token_max_length"", ""path_length"", ""digit_ratio"", ""longest_repeated_char_run"", ""tld_length"", ""slash_count"", ""registrable_domain_length"", ""token_mean_length"", ""token_count"", ""url_char_entropy""]",0.63
0.42000528834261636,0.49370350317832723,primary_domain_filtered,master,1256,134740,1.0,0.14215190000000177,6.028673455106886e-07,0.2957772705430082,xgb,20261006,134740,99738,234478,0.42039739508262447,0.42226719606212104,0.9874070063566545,r05,0.38902702049832194,S4-external,xgb_d4_lr005,"{""colsample_bytree"": 0.9, ""learning_rate"": 0.05, ""max_depth"": 4, ""n_estimators"": 300, ""reg_lambda"": 1.0, ""scale_pos_weight"": 1.0, ""subsample"": 0.9}",iscx_url2016_binary,phiusiil,0.6,0,98482,f_stable,14,"[""url_length"", ""subdomain_depth"", ""dot_count"", ""hostname_length"", ""hyphen_count"", ""token_max_length"", ""path_length"", ""longest_repeated_char_run"", ""digit_ratio"", ""token_mean_length"", ""tld_length"", ""slash_count"", ""registrable_domain_length"", ""token_count""]",0.6
0.4227776057813421,0.4937787288001268,unfiltered,master,1256,134849,1.0,0.14215190000000177,6.028673455106886e-07,0.2971494659906224,xgb,20261006,134849,100944,235793,0.4230867064242634,0.4250416778589306,0.9875574576002536,r05,0.38864817198696383,S4-external,xgb_d4_lr005,"{""colsample_bytree"": 0.9, ""learning_rate"": 0.05, ""max_depth"": 4, ""n_estimators"": 300, ""reg_lambda"": 1.0, ""scale_pos_weight"": 1.0, ""subsample"": 0.9}",iscx_url2016_binary,phiusiil,0.6,0,99688,f_stable,14,"[""url_length"", ""subdomain_depth"", ""dot_count"", ""hostname_length"", ""hyphen_count"", ""token_max_length"", ""path_length"", ""longest_repeated_char_run"", ""digit_ratio"", ""token_mean_length"", ""tld_length"", ""slash_count"", ""registrable_domain_length"", ""token_count""]",0.6
0.4053707892121586,0.4793426169498798,primary_domain_filtered,master,4084,134731,0.9999406259509124,0.1431695000001127,6.071829952547902e-07,0.2884913185599306,lr,20261007,134739,98709,233448,0.5027493773860073,0.4125682345349588,0.9586258598506722,r06,0.4320182251536617,S4-external,lr_c01,"{""C"": 0.1, ""class_weight"": null}",iscx_url2016_binary,phiusiil,0.67,8,94625,f_all,35,"[""url_length"", ""hostname_length"", ""path_length"", ""query_length"", ""fragment_length"", ""digit_count"", ""letter_count"", ""special_char_count"", ""digit_ratio"", ""letter_ratio"", ""special_char_ratio"", ""dot_count"", ""hyphen_count"", ""underscore_count"", ""slash_count"", ""question_mark_count"", ""equals_sign_count"", ""percent_sign_count"", ""at_sign_count"", ""subdomain_depth"", ""path_segment_count"", ""query_parameter_count"", ""has_port"", ""has_userinfo"", ""host_is_ip"", ""tld_length"", ""registrable_domain_length"", ""domain_digit_ratio"", ""domain_hyphen_ratio"", ""url_char_entropy"", ""longest_repeated_char_run"", ""char_type_transition_count"", ""token_count"", ""token_mean_length"", ""token_max_length""]",0.67
0.4093548154525367,0.4780917566422348,unfiltered,master,4429,134841,0.9999406743839404,0.1431695000001127,6.071829952547902e-07,0.2905028164597272,lr,20261007,134849,100944,235793,0.5082605525708261,0.4171709400231677,0.9561241876684102,r06,0.4308990677632732,S4-external,lr_c01,"{""C"": 0.1, ""class_weight"": null}",iscx_url2016_binary,phiusiil,0.67,8,96515,f_all,35,"[""url_length"", ""hostname_length"", ""path_length"", ""query_length"", ""fragment_length"", ""digit_count"", ""letter_count"", ""special_char_count"", ""digit_ratio"", ""letter_ratio"", ""special_char_ratio"", ""dot_count"", ""hyphen_count"", ""underscore_count"", ""slash_count"", ""question_mark_count"", ""equals_sign_count"", ""percent_sign_count"", ""at_sign_count"", ""subdomain_depth"", ""path_segment_count"", ""query_parameter_count"", ""has_port"", ""has_userinfo"", ""host_is_ip"", ""tld_length"", ""registrable_domain_length"", ""domain_digit_ratio"", ""domain_hyphen_ratio"", ""url_char_entropy"", ""longest_repeated_char_run"", ""char_type_transition_count"", ""token_count"", ""token_mean_length"", ""token_max_length""]",0.67
0.40259072684280867,0.4760660122177309,primary_domain_filtered,master,4725,134739,1.0,0.07740910000001122,3.2829261258820756e-07,0.2870336436267683,lr,20261007,134739,98709,233448,0.46960714728639275,0.4109075169528207,0.9521320244354619,r06,0.3768994488828285,S4-external,lr_c01,"{""C"": 0.1, ""class_weight"": null}",iscx_url2016_binary,phiusiil,0.65,0,93984,f_single,15,"[""subdomain_depth"", ""dot_count"", ""hyphen_count"", ""registrable_domain_length"", ""hostname_length"", ""token_count"", ""path_length"", ""special_char_count"", ""question_mark_count"", ""slash_count"", ""letter_count"", ""token_mean_length"", ""equals_sign_count"", ""char_type_transition_count"", ""special_char_ratio""]",0.65
0.40648789404265606,0.4747533285782216,unfiltered,master,5097,134849,1.0,0.07740910000001122,3.2829261258820756e-07,0.28900916656615605,lr,20261007,134849,100944,235793,0.4751303103676256,0.41546884211256374,0.9495066571564432,r06,0.3757895314136266,S4-external,lr_c01,"{""C"": 0.1, ""class_weight"": null}",iscx_url2016_binary,phiusiil,0.65,0,95847,f_single,15,"[""subdomain_depth"", ""dot_count"", ""hyphen_count"", ""registrable_domain_length"", ""hostname_length"", ""token_count"", ""path_length"", ""special_char_count"", ""question_mark_count"", ""slash_count"", ""letter_count"", ""token_mean_length"", ""equals_sign_count"", ""char_type_transition_count"", ""special_char_ratio""]",0.65
0.39359943113669854,0.46543374970873985,primary_domain_filtered,master,6824,134739,1.0,0.05787420000000054,2.454449453546142e-07,0.28243369101812604,lr,20261007,134739,98709,233448,0.4428741709998934,0.4054513202485174,0.9308674994174797,r06,0.3501788682138677,S4-external,lr_c1,"{""C"": 1.0, ""class_weight"": null}",iscx_url2016_binary,phiusiil,0.76,0,91885,f_stable,12,"[""subdomain_depth"", ""dot_count"", ""hyphen_count"", ""token_count"", ""hostname_length"", ""registrable_domain_length"", ""special_char_count"", ""path_length"", ""char_type_transition_count"", ""question_mark_count"", ""slash_count"", ""letter_count""]",0.76
0.3976369103408498,0.4644159137739737,unfiltered,master,7184,134849,1.0,0.05787420000000054,2.454449453546142e-07,0.28450658922843974,lr,20261007,134849,100944,235793,0.44918182459623907,0.41013258445642997,0.9288318275479474,r06,0.3498088095174631,S4-external,lr_c1,"{""C"": 1.0, ""class_weight"": null}",iscx_url2016_binary,phiusiil,0.76,0,93760,f_stable,12,"[""subdomain_depth"", ""dot_count"", ""hyphen_count"", ""token_count"", ""hostname_length"", ""registrable_domain_length"", ""special_char_count"", ""path_length"", ""char_type_transition_count"", ""question_mark_count"", ""slash_count"", ""letter_count""]",0.76
0.4177975394948768,0.4940481617684304,primary_domain_filtered,master,1175,134739,1.0,0.976164300000164,4.1399206083308834e-06,0.2946806774990785,rf,20261007,134739,98709,233448,0.3572448473106222,0.4199110529420122,0.9880963235368608,r06,0.360931115592419,S4-external,rf_depth24_leaf2,"{""class_weight"": null, ""max_depth"": 24, ""max_features"": ""sqrt"", ""min_samples_leaf"": 2, ""n_estimators"": 200}",iscx_url2016_binary,phiusiil,0.5,0,97534,f_all,35,"[""url_length"", ""hostname_length"", ""path_length"", ""query_length"", ""fragment_length"", ""digit_count"", ""letter_count"", ""special_char_count"", ""digit_ratio"", ""letter_ratio"", ""special_char_ratio"", ""dot_count"", ""hyphen_count"", ""underscore_count"", ""slash_count"", ""question_mark_count"", ""equals_sign_count"", ""percent_sign_count"", ""at_sign_count"", ""subdomain_depth"", ""path_segment_count"", ""query_parameter_count"", ""has_port"", ""has_userinfo"", ""host_is_ip"", ""tld_length"", ""registrable_domain_length"", ""domain_digit_ratio"", ""domain_hyphen_ratio"", ""url_char_entropy"", ""longest_repeated_char_run"", ""char_type_transition_count"", ""token_count"", ""token_mean_length"", ""token_max_length""]",0.5
0.4230956813815508,0.4941502219052148,unfiltered,master,1181,134849,1.0,0.976164300000164,4.1399206083308834e-06,0.2973065598588611,rf,20261007,134849,100944,235793,0.3609166459776648,0.425225478662643,0.9883004438104296,r06,0.3581100497738769,S4-external,rf_depth24_leaf2,"{""class_weight"": null, ""max_depth"": 24, ""max_features"": ""sqrt"", ""min_samples_leaf"": 2, ""n_estimators"": 200}",iscx_url2016_binary,phiusiil,0.5,0,99763,f_all,35,"[""url_length"", ""hostname_length"", ""path_length"", ""query_length"", ""fragment_length"", ""digit_count"", ""letter_count"", ""special_char_count"", ""digit_ratio"", ""letter_ratio"", ""special_char_ratio"", ""dot_count"", ""hyphen_count"", ""underscore_count"", ""slash_count"", ""question_mark_count"", ""equals_sign_count"", ""percent_sign_count"", ""at_sign_count"", ""subdomain_depth"", ""path_segment_count"", ""query_parameter_count"", ""has_port"", ""has_userinfo"", ""host_is_ip"", ""tld_length"", ""registrable_domain_length"", ""domain_digit_ratio"", ""domain_hyphen_ratio"", ""url_char_entropy"", ""longest_repeated_char_run"", ""char_type_transition_count"", ""token_count"", ""token_mean_length"", ""token_max_length""]",0.5
0.41422072581474245,0.4898185575783363,primary_domain_filtered,master,2010,134739,1.0,0.8888311999999985,3.769540232322412e-06,0.2928968005161337,rf,20261007,134739,98709,233448,0.38604139952181,0.4178181629637311,0.9796371151566726,r06,0.4230446691258125,S4-external,rf_depth16_leaf1,"{""class_weight"": null, ""max_depth"": 16, ""max_features"": ""sqrt"", ""min_samples_leaf"": 1, ""n_estimators"": 200}",iscx_url2016_binary,phiusiil,0.56,0,96699,f_single,15,"[""subdomain_depth"", ""url_length"", ""hostname_length"", ""dot_count"", ""hyphen_count"", ""path_length"", ""token_count"", ""special_char_count"", ""longest_repeated_char_run"", ""token_max_length"", ""token_mean_length"", ""char_type_transition_count"", ""digit_ratio"", ""registrable_domain_length"", ""digit_count""]",0.56
0.41955019869122495,0.4900093120938342,unfiltered,master,2017,134849,1.0,0.8888311999999985,3.769540232322412e-06,0.29555150573613764,rf,20261007,134849,100944,235793,0.3896952661481544,0.4231700431181986,0.9800186241876684,r06,0.41993675308319744,S4-external,rf_depth16_leaf1,"{""class_weight"": null, ""max_depth"": 16, ""max_features"": ""sqrt"", ""min_samples_leaf"": 1, ""n_estimators"": 200}",iscx_url2016_binary,phiusiil,0.56,0,98927,f_single,15,"[""subdomain_depth"", ""url_length"", ""hostname_length"", ""dot_count"", ""hyphen_count"", ""path_length"", ""token_count"", ""special_char_count"", ""longest_repeated_char_run"", ""token_max_length"", ""token_mean_length"", ""char_type_transition_count"", ""digit_ratio"", ""registrable_domain_length"", ""digit_count""]",0.56
0.4114192453994037,0.4865057897456159,primary_domain_filtered,master,2664,134739,1.0,0.8802397000000042,3.733103612066534e-06,0.2914932942429733,rf,20261007,134739,98709,233448,0.36781220682241494,0.41616836522462564,0.9730115794912318,r06,0.38517018135654474,S4-external,rf_unlimited_leaf5_balanced,"{""class_weight"": ""balanced_subsample"", ""max_depth"": null, ""max_features"": ""sqrt"", ""min_samples_leaf"": 5, ""n_estimators"": 200}",iscx_url2016_binary,phiusiil,0.69,0,96045,f_stable,13,"[""subdomain_depth"", ""url_length"", ""dot_count"", ""hostname_length"", ""path_length"", ""hyphen_count"", ""token_count"", ""longest_repeated_char_run"", ""special_char_count"", ""token_max_length"", ""char_type_transition_count"", ""token_mean_length"", ""digit_count""]",0.69
0.41674689240138596,0.4867352195276589,unfiltered,master,2678,134849,1.0,0.8802397000000042,3.733103612066534e-06,0.29415761886373365,rf,20261007,134849,100944,235793,0.37124036306310926,0.4215344357934925,0.9734704390553178,r06,0.38174027322161413,S4-external,rf_unlimited_leaf5_balanced,"{""class_weight"": ""balanced_subsample"", ""max_depth"": null, ""max_features"": ""sqrt"", ""min_samples_leaf"": 5, ""n_estimators"": 200}",iscx_url2016_binary,phiusiil,0.69,0,98266,f_stable,13,"[""subdomain_depth"", ""url_length"", ""dot_count"", ""hostname_length"", ""path_length"", ""hyphen_count"", ""token_count"", ""longest_repeated_char_run"", ""special_char_count"", ""token_max_length"", ""char_type_transition_count"", ""token_mean_length"", ""digit_count""]",0.69
0.4179174805524142,0.4941899928071401,primary_domain_filtered,master,1147,134739,1.0,0.1370360000000801,5.811707726695877e-07,0.2947403401709918,xgb,20261007,134739,98709,233448,0.4106347348113025,0.4199809729618038,0.9883799856142804,r06,0.4427662577425502,S4-external,xgb_d6_lr01_balanced,"{""colsample_bytree"": 0.9, ""learning_rate"": 0.1, ""max_depth"": 6, ""n_estimators"": 200, ""reg_lambda"": 1.0, ""scale_pos_weight"": 3.537326264507809, ""subsample"": 0.9}",iscx_url2016_binary,phiusiil,0.5,0,97562,f_all,35,"[""url_length"", ""hostname_length"", ""path_length"", ""query_length"", ""fragment_length"", ""digit_count"", ""letter_count"", ""special_char_count"", ""digit_ratio"", ""letter_ratio"", ""special_char_ratio"", ""dot_count"", ""hyphen_count"", ""underscore_count"", ""slash_count"", ""question_mark_count"", ""equals_sign_count"", ""percent_sign_count"", ""at_sign_count"", ""subdomain_depth"", ""path_segment_count"", ""query_parameter_count"", ""has_port"", ""has_userinfo"", ""host_is_ip"", ""tld_length"", ""registrable_domain_length"", ""domain_digit_ratio"", ""domain_hyphen_ratio"", ""url_char_entropy"", ""longest_repeated_char_run"", ""char_type_transition_count"", ""token_count"", ""token_mean_length"", ""token_max_length""]",0.5
0.4232398756536453,0.4943186321128546,unfiltered,master,1147,134849,1.0,0.1370360000000801,5.811707726695877e-07,0.2973777526147978,xgb,20261007,134849,100944,235793,0.4145081061331647,0.4253087629876494,0.9886372642257092,r06,0.4401714508526301,S4-external,xgb_d6_lr01_balanced,"{""colsample_bytree"": 0.9, ""learning_rate"": 0.1, ""max_depth"": 6, ""n_estimators"": 200, ""reg_lambda"": 1.0, ""scale_pos_weight"": 3.537326264507809, ""subsample"": 0.9}",iscx_url2016_binary,phiusiil,0.5,0,99797,f_all,35,"[""url_length"", ""hostname_length"", ""path_length"", ""query_length"", ""fragment_length"", ""digit_count"", ""letter_count"", ""special_char_count"", ""digit_ratio"", ""letter_ratio"", ""special_char_ratio"", ""dot_count"", ""hyphen_count"", ""underscore_count"", ""slash_count"", ""question_mark_count"", ""equals_sign_count"", ""percent_sign_count"", ""at_sign_count"", ""subdomain_depth"", ""path_segment_count"", ""query_parameter_count"", ""has_port"", ""has_userinfo"", ""host_is_ip"", ""tld_length"", ""registrable_domain_length"", ""domain_digit_ratio"", ""domain_hyphen_ratio"", ""url_char_entropy"", ""longest_repeated_char_run"", ""char_type_transition_count"", ""token_count"", ""token_mean_length"", ""token_max_length""]",0.5
0.41773328535691034,0.4939721808548359,primary_domain_filtered,master,1190,134739,1.0,0.1227414999999894,5.205476837734344e-07,0.2946487112008146,xgb,20261007,134739,98709,233448,0.42084106767354884,0.4198735888537747,0.9879443617096718,r06,0.4386837092716952,S4-external,xgb_d6_lr01_balanced,"{""colsample_bytree"": 0.9, ""learning_rate"": 0.1, ""max_depth"": 6, ""n_estimators"": 200, ""reg_lambda"": 1.0, ""scale_pos_weight"": 3.537326264507809, ""subsample"": 0.9}",iscx_url2016_binary,phiusiil,0.67,0,97519,f_single,15,"[""url_length"", ""subdomain_depth"", ""dot_count"", ""hostname_length"", ""hyphen_count"", ""token_mean_length"", ""path_length"", ""token_max_length"", ""longest_repeated_char_run"", ""digit_ratio"", ""special_char_ratio"", ""token_count"", ""tld_length"", ""registrable_domain_length"", ""slash_count""]",0.67
0.4230575123095257,0.4941056427326042,unfiltered,master,1190,134849,1.0,0.1227414999999894,5.205476837734344e-07,0.29728771230259843,xgb,20261007,134849,100944,235793,0.42418302862749097,0.4252034287711581,0.9882112854652084,r06,0.43591592457281797,S4-external,xgb_d6_lr01_balanced,"{""colsample_bytree"": 0.9, ""learning_rate"": 0.1, ""max_depth"": 6, ""n_estimators"": 200, ""reg_lambda"": 1.0, ""scale_pos_weight"": 3.537326264507809, ""subsample"": 0.9}",iscx_url2016_binary,phiusiil,0.67,0,99754,f_single,15,"[""url_length"", ""subdomain_depth"", ""dot_count"", ""hostname_length"", ""hyphen_count"", ""token_mean_length"", ""path_length"", ""token_max_length"", ""longest_repeated_char_run"", ""digit_ratio"", ""special_char_ratio"", ""token_count"", ""tld_length"", ""registrable_domain_length"", ""slash_count""]",0.67
0.41765189678215275,0.4938759383642829,primary_domain_filtered,master,1209,134739,1.0,0.1455945000000014,6.174674396610646e-07,0.2946082163965336,xgb,20261007,134739,98709,233448,0.4577009200835266,0.41982612739462366,0.9877518767285658,r06,0.4159986213020868,S4-external,xgb_d6_lr005,"{""colsample_bytree"": 0.9, ""learning_rate"": 0.05, ""max_depth"": 6, ""n_estimators"": 250, ""reg_lambda"": 1.0, ""scale_pos_weight"": 1.0, ""subsample"": 0.9}",iscx_url2016_binary,phiusiil,0.5,0,97500,f_stable,15,"[""subdomain_depth"", ""url_length"", ""dot_count"", ""hostname_length"", ""hyphen_count"", ""path_length"", ""token_mean_length"", ""token_max_length"", ""longest_repeated_char_run"", ""tld_length"", ""digit_ratio"", ""registrable_domain_length"", ""slash_count"", ""special_char_ratio"", ""token_count""]",0.5
0.4229684511414673,0.4940016246631796,unfiltered,master,1211,134849,1.0,0.1455945000000014,6.174674396610646e-07,0.2972437307391976,xgb,20261007,134849,100944,235793,0.4609912829966742,0.42515197244460357,0.9880032493263592,r06,0.41340047730644675,S4-external,xgb_d6_lr005,"{""colsample_bytree"": 0.9, ""learning_rate"": 0.05, ""max_depth"": 6, ""n_estimators"": 250, ""reg_lambda"": 1.0, ""scale_pos_weight"": 1.0, ""subsample"": 0.9}",iscx_url2016_binary,phiusiil,0.5,0,99733,f_stable,15,"[""subdomain_depth"", ""url_length"", ""dot_count"", ""hostname_length"", ""hyphen_count"", ""path_length"", ""token_mean_length"", ""token_max_length"", ""longest_repeated_char_run"", ""tld_length"", ""digit_ratio"", ""registrable_domain_length"", ""slash_count"", ""special_char_ratio"", ""token_count""]",0.5
0.4053288297749221,0.479715412553883,primary_domain_filtered,master,4005,134730,0.9999332041947766,0.1401200999998764,5.942504654501042e-07,0.2884760139896489,lr,20261008,134739,98558,233297,0.5090540413489386,0.4123855671811691,0.9593640293025428,r07,0.4412588495294436,S4-external,lr_c01,"{""C"": 0.1, ""class_weight"": null}",iscx_url2016_binary,phiusiil,0.68,9,94553,f_all,35,"[""url_length"", ""hostname_length"", ""path_length"", ""query_length"", ""fragment_length"", ""digit_count"", ""letter_count"", ""special_char_count"", ""digit_ratio"", ""letter_ratio"", ""special_char_ratio"", ""dot_count"", ""hyphen_count"", ""underscore_count"", ""slash_count"", ""question_mark_count"", ""equals_sign_count"", ""percent_sign_count"", ""at_sign_count"", ""subdomain_depth"", ""path_segment_count"", ""query_parameter_count"", ""has_port"", ""has_userinfo"", ""host_is_ip"", ""tld_length"", ""registrable_domain_length"", ""domain_digit_ratio"", ""domain_hyphen_ratio"", ""url_char_entropy"", ""longest_repeated_char_run"", ""char_type_transition_count"", ""token_count"", ""token_mean_length"", ""token_max_length""]",0.68
0.4091258010203865,0.477823036216174,unfiltered,master,4484,134840,0.9999332586819332,0.1401200999998764,5.942504654501042e-07,0.2903933837843475,lr,20261008,134849,100944,235793,0.5143990994713055,0.4170341547773454,0.9555793311142812,r07,0.4394761581542547,S4-external,lr_c01,"{""C"": 0.1, ""class_weight"": null}",iscx_url2016_binary,phiusiil,0.68,9,96460,f_all,35,"[""url_length"", ""hostname_length"", ""path_length"", ""query_length"", ""fragment_length"", ""digit_count"", ""letter_count"", ""special_char_count"", ""digit_ratio"", ""letter_ratio"", ""special_char_ratio"", ""dot_count"", ""hyphen_count"", ""underscore_count"", ""slash_count"", ""question_mark_count"", ""equals_sign_count"", ""percent_sign_count"", ""at_sign_count"", ""subdomain_depth"", ""path_segment_count"", ""query_parameter_count"", ""has_port"", ""has_userinfo"", ""host_is_ip"", ""tld_length"", ""registrable_domain_length"", ""domain_digit_ratio"", ""domain_hyphen_ratio"", ""url_char_entropy"", ""longest_repeated_char_run"", ""char_type_transition_count"", ""token_count"", ""token_mean_length"", ""token_max_length""]",0.68
0.4004509273586887,0.47395442277643623,primary_domain_filtered,master,5134,134739,1.0,0.04207989999999029,1.7846119265622936e-07,0.28594427661521604,lr,20261008,134739,98558,233297,0.45067750858826705,0.4094616567979909,0.9479088455528725,r07,0.3529732811141891,S4-external,lr_c1_balanced,"{""C"": 1.0, ""class_weight"": ""balanced""}",iscx_url2016_binary,phiusiil,0.85,0,93424,f_single,15,"[""subdomain_depth"", ""dot_count"", ""hyphen_count"", ""hostname_length"", ""token_count"", ""registrable_domain_length"", ""special_char_count"", ""path_length"", ""char_type_transition_count"", ""question_mark_count"", ""letter_count"", ""slash_count"", ""domain_hyphen_ratio"", ""digit_ratio"", ""url_length""]",0.85
0.40454551237738184,0.4724847440164844,unfiltered,master,5555,134849,1.0,0.04207989999999029,1.7846119265622936e-07,0.2880259192830528,lr,20261008,134849,100944,235793,0.45667759939001346,0.4143060658970283,0.9449694880329688,r07,0.35184302578485893,S4-external,lr_c1_balanced,"{""C"": 1.0, ""class_weight"": ""balanced""}",iscx_url2016_binary,phiusiil,0.85,0,95389,f_single,15,"[""subdomain_depth"", ""dot_count"", ""hyphen_count"", ""hostname_length"", ""token_count"", ""registrable_domain_length"", ""special_char_count"", ""path_length"", ""char_type_transition_count"", ""question_mark_count"", ""letter_count"", ""slash_count"", ""domain_hyphen_ratio"", ""digit_ratio"", ""url_length""]",0.85
0.39442427463705065,0.4668215669960835,primary_domain_filtered,master,6540,134739,1.0,0.047396399999996675,2.0100851170304748e-07,0.282858152867221,lr,20261008,134739,98558,233297,0.4520078963086998,0.40580004145406756,0.933643133992167,r07,0.35860314031046275,S4-external,lr_c1_balanced,"{""C"": 1.0, ""class_weight"": ""balanced""}",iscx_url2016_binary,phiusiil,0.88,0,92018,f_stable,12,"[""subdomain_depth"", ""dot_count"", ""hyphen_count"", ""token_count"", ""hostname_length"", ""special_char_count"", ""registrable_domain_length"", ""path_length"", ""char_type_transition_count"", ""question_mark_count"", ""slash_count"", ""letter_count""]",0.88
0.3983833277493395,0.46528768426058015,unfiltered,master,7008,134849,1.0,0.047396399999996675,2.0100851170304748e-07,0.28488849934340016,lr,20261008,134849,100944,235793,0.45812477687071734,0.41058635837139673,0.9305753685211603,r07,0.35763331370529006,S4-external,lr_c1_balanced,"{""C"": 1.0, ""class_weight"": ""balanced""}",iscx_url2016_binary,phiusiil,0.88,0,93936,f_stable,12,"[""subdomain_depth"", ""dot_count"", ""hyphen_count"", ""token_count"", ""hostname_length"", ""special_char_count"", ""registrable_domain_length"", ""path_length"", ""char_type_transition_count"", ""question_mark_count"", ""slash_count"", ""letter_count""]",0.88
0.4170820884966373,0.4936382637634692,primary_domain_filtered,master,1254,134739,1.0,0.6093400999998266,2.5842162405153105e-06,0.2943245785705427,rf,20261008,134739,98558,233297,0.3792577273025181,0.4193360713316066,0.9872765275269384,r07,0.409284405074898,S4-external,rf_depth16_leaf1,"{""class_weight"": null, ""max_depth"": 16, ""max_features"": ""sqrt"", ""min_samples_leaf"": 1, ""n_estimators"": 200}",iscx_url2016_binary,phiusiil,0.5,0,97304,f_all,35,"[""url_length"", ""hostname_length"", ""path_length"", ""query_length"", ""fragment_length"", ""digit_count"", ""letter_count"", ""special_char_count"", ""digit_ratio"", ""letter_ratio"", ""special_char_ratio"", ""dot_count"", ""hyphen_count"", ""underscore_count"", ""slash_count"", ""question_mark_count"", ""equals_sign_count"", ""percent_sign_count"", ""at_sign_count"", ""subdomain_depth"", ""path_segment_count"", ""query_parameter_count"", ""has_port"", ""has_userinfo"", ""host_is_ip"", ""tld_length"", ""registrable_domain_length"", ""domain_digit_ratio"", ""domain_hyphen_ratio"", ""url_char_entropy"", ""longest_repeated_char_run"", ""char_type_transition_count"", ""token_count"", ""token_mean_length"", ""token_max_length""]",0.5
0.4227436777173198,0.4937391028689174,unfiltered,master,1264,134849,1.0,0.6093400999998266,2.5842162405153105e-06,0.2971327051655424,rf,20261008,134849,100944,235793,0.3828116332508294,0.4250220655014944,0.9874782057378348,r07,0.4052152395547795,S4-external,rf_depth16_leaf1,"{""class_weight"": null, ""max_depth"": 16, ""max_features"": ""sqrt"", ""min_samples_leaf"": 1, ""n_estimators"": 200}",iscx_url2016_binary,phiusiil,0.5,0,99680,f_all,35,"[""url_length"", ""hostname_length"", ""path_length"", ""query_length"", ""fragment_length"", ""digit_count"", ""letter_count"", ""special_char_count"", ""digit_ratio"", ""letter_ratio"", ""special_char_ratio"", ""dot_count"", ""hyphen_count"", ""underscore_count"", ""slash_count"", ""question_mark_count"", ""equals_sign_count"", ""percent_sign_count"", ""at_sign_count"", ""subdomain_depth"", ""path_segment_count"", ""query_parameter_count"", ""has_port"", ""has_userinfo"", ""host_is_ip"", ""tld_length"", ""registrable_domain_length"", ""domain_digit_ratio"", ""domain_hyphen_ratio"", ""url_char_entropy"", ""longest_repeated_char_run"", ""char_type_transition_count"", ""token_count"", ""token_mean_length"", ""token_max_length""]",0.5
0.4158604697017107,0.49219241461880314,primary_domain_filtered,master,1539,134739,1.0,0.9294299000000024,3.941719643924978e-06,0.29371571464900276,rf,20261008,134739,98558,233297,0.36620878464953227,0.4186220108906704,0.9843848292376063,r07,0.38206175470820775,S4-external,rf_depth24_leaf2,"{""class_weight"": null, ""max_depth"": 24, ""max_features"": ""sqrt"", ""min_samples_leaf"": 2, ""n_estimators"": 200}",iscx_url2016_binary,phiusiil,0.45,0,97019,f_single,15,"[""url_length"", ""subdomain_depth"", ""hostname_length"", ""dot_count"", ""path_length"", ""hyphen_count"", ""token_max_length"", ""longest_repeated_char_run"", ""special_char_count"", ""token_count"", ""token_mean_length"", ""char_type_transition_count"", ""registrable_domain_length"", ""digit_count"", ""slash_count""]",0.45
0.4215477134605353,0.49234228879378666,unfiltered,master,1546,134849,1.0,0.9294299000000024,3.941719643924978e-06,0.2965413749175843,rf,20261008,134849,100944,235793,0.36984546424495046,0.4243298740218658,0.9846845775875733,r07,0.3783055839180592,S4-external,rf_depth24_leaf2,"{""class_weight"": null, ""max_depth"": 24, ""max_features"": ""sqrt"", ""min_samples_leaf"": 2, ""n_estimators"": 200}",iscx_url2016_binary,phiusiil,0.45,0,99398,f_single,15,"[""url_length"", ""subdomain_depth"", ""hostname_length"", ""dot_count"", ""path_length"", ""hyphen_count"", ""token_max_length"", ""longest_repeated_char_run"", ""special_char_count"", ""token_count"", ""token_mean_length"", ""char_type_transition_count"", ""registrable_domain_length"", ""digit_count"", ""slash_count""]",0.45
0.4143902407660621,0.4904523224903103,primary_domain_filtered,master,1882,134739,1.0,0.8961670999999996,3.8006518429300255e-06,0.2929815469750555,rf,20261008,134739,98558,233297,0.38725535799168187,0.41776030075837783,0.9809046449806206,r07,0.42841146118454493,S4-external,rf_unlimited_leaf5_balanced,"{""class_weight"": ""balanced_subsample"", ""max_depth"": null, ""max_features"": ""sqrt"", ""min_samples_leaf"": 5, ""n_estimators"": 200}",iscx_url2016_binary,phiusiil,0.59,0,96676,f_stable,13,"[""subdomain_depth"", ""url_length"", ""hostname_length"", ""dot_count"", ""path_length"", ""hyphen_count"", ""token_count"", ""longest_repeated_char_run"", ""special_char_count"", ""token_max_length"", ""registrable_domain_length"", ""token_mean_length"", ""char_type_transition_count""]",0.59
0.42008880670757826,0.49063837375178315,unfiltered,master,1890,134849,1.0,0.8961670999999996,3.8006518429300255e-06,0.2958186873407855,rf,20261008,134849,100944,235793,0.3912363665037835,0.423483238778468,0.9812767475035663,r07,0.4250637518815609,S4-external,rf_unlimited_leaf5_balanced,"{""class_weight"": ""balanced_subsample"", ""max_depth"": null, ""max_features"": ""sqrt"", ""min_samples_leaf"": 5, ""n_estimators"": 200}",iscx_url2016_binary,phiusiil,0.59,0,99054,f_stable,13,"[""subdomain_depth"", ""url_length"", ""hostname_length"", ""dot_count"", ""path_length"", ""hyphen_count"", ""token_count"", ""longest_repeated_char_run"", ""special_char_count"", ""token_max_length"", ""registrable_domain_length"", ""token_mean_length"", ""char_type_transition_count""]",0.59
0.4174249990355641,0.4940441161549544,primary_domain_filtered,master,1174,134739,1.0,0.1338309000002482,5.675779179205838e-07,0.2944952990948981,xgb,20261008,134739,98558,233297,0.3714746215076259,0.4195361941729169,0.9880882323099088,r07,0.3509893412080041,S4-external,xgb_d6_lr01_balanced,"{""colsample_bytree"": 0.9, ""learning_rate"": 0.1, ""max_depth"": 6, ""n_estimators"": 200, ""reg_lambda"": 1.0, ""scale_pos_weight"": 3.537326264507809, ""subsample"": 0.9}",iscx_url2016_binary,phiusiil,0.5,0,97384,f_all,35,"[""url_length"", ""hostname_length"", ""path_length"", ""query_length"", ""fragment_length"", ""digit_count"", ""letter_count"", ""special_char_count"", ""digit_ratio"", ""letter_ratio"", ""special_char_ratio"", ""dot_count"", ""hyphen_count"", ""underscore_count"", ""slash_count"", ""question_mark_count"", ""equals_sign_count"", ""percent_sign_count"", ""at_sign_count"", ""subdomain_depth"", ""path_segment_count"", ""query_parameter_count"", ""has_port"", ""has_userinfo"", ""host_is_ip"", ""tld_length"", ""registrable_domain_length"", ""domain_digit_ratio"", ""domain_hyphen_ratio"", ""url_char_entropy"", ""longest_repeated_char_run"", ""char_type_transition_count"", ""token_count"", ""token_mean_length"", ""token_max_length""]",0.5
0.4231168864215647,0.4941749881122206,unfiltered,master,1176,134849,1.0,0.1338309000002482,5.675779179205838e-07,0.2973170302865947,xgb,20261008,134849,100944,235793,0.3750056379287484,0.4252377278713818,0.9883499762244412,r07,0.3479492012446752,S4-external,xgb_d6_lr01_balanced,"{""colsample_bytree"": 0.9, ""learning_rate"": 0.1, ""max_depth"": 6, ""n_estimators"": 200, ""reg_lambda"": 1.0, ""scale_pos_weight"": 3.537326264507809, ""subsample"": 0.9}",iscx_url2016_binary,phiusiil,0.5,0,99768,f_all,35,"[""url_length"", ""hostname_length"", ""path_length"", ""query_length"", ""fragment_length"", ""digit_count"", ""letter_count"", ""special_char_count"", ""digit_ratio"", ""letter_ratio"", ""special_char_ratio"", ""dot_count"", ""hyphen_count"", ""underscore_count"", ""slash_count"", ""question_mark_count"", ""equals_sign_count"", ""percent_sign_count"", ""at_sign_count"", ""subdomain_depth"", ""path_segment_count"", ""query_parameter_count"", ""has_port"", ""has_userinfo"", ""host_is_ip"", ""tld_length"", ""registrable_domain_length"", ""domain_digit_ratio"", ""domain_hyphen_ratio"", ""url_char_entropy"", ""longest_repeated_char_run"", ""char_type_transition_count"", ""token_count"", ""token_mean_length"", ""token_max_length""]",0.5
0.4175578768693982,0.49420138395665497,primary_domain_filtered,master,1143,134739,1.0,0.13430809999999838,5.696017269384519e-07,0.2945614310941242,xgb,20261008,134739,98558,233297,0.43552061683324633,0.4196137046960207,0.9884027679133099,r07,0.36519728177918714,S4-external,xgb_d6_lr005,"{""colsample_bytree"": 0.9, ""learning_rate"": 0.05, ""max_depth"": 6, ""n_estimators"": 250, ""reg_lambda"": 1.0, ""scale_pos_weight"": 1.0, ""subsample"": 0.9}",iscx_url2016_binary,phiusiil,0.38,0,97415,f_single,15,"[""subdomain_depth"", ""url_length"", ""dot_count"", ""hostname_length"", ""hyphen_count"", ""token_max_length"", ""token_mean_length"", ""path_length"", ""longest_repeated_char_run"", ""digit_ratio"", ""tld_length"", ""registrable_domain_length"", ""url_char_entropy"", ""path_segment_count"", ""slash_count""]",0.38
0.4232483576696509,0.494328538595657,unfiltered,master,1145,134849,1.0,0.13430809999999838,5.696017269384519e-07,0.2973819399747312,xgb,20261008,134849,100944,235793,0.438323872347866,0.42531366131396814,0.988657077191314,r07,0.3616032188344712,S4-external,xgb_d6_lr005,"{""colsample_bytree"": 0.9, ""learning_rate"": 0.05, ""max_depth"": 6, ""n_estimators"": 250, ""reg_lambda"": 1.0, ""scale_pos_weight"": 1.0, ""subsample"": 0.9}",iscx_url2016_binary,phiusiil,0.38,0,99799,f_single,15,"[""subdomain_depth"", ""url_length"", ""dot_count"", ""hostname_length"", ""hyphen_count"", ""token_max_length"", ""token_mean_length"", ""path_length"", ""longest_repeated_char_run"", ""digit_ratio"", ""tld_length"", ""registrable_domain_length"", ""url_char_entropy"", ""path_segment_count"", ""slash_count""]",0.38
0.41794793760742743,0.4946630410519694,primary_domain_filtered,master,1052,134739,1.0,0.11733409999999367,4.976148570992085e-07,0.2947554889163641,xgb,20261008,134739,98558,233297,0.46714967348048364,0.4198411160627785,0.9893260821039388,r07,0.46584903937380734,S4-external,xgb_d6_lr01_balanced,"{""colsample_bytree"": 0.9, ""learning_rate"": 0.1, ""max_depth"": 6, ""n_estimators"": 200, ""reg_lambda"": 1.0, ""scale_pos_weight"": 3.537326264507809, ""subsample"": 0.9}",iscx_url2016_binary,phiusiil,0.5,0,97506,f_stable,13,"[""subdomain_depth"", ""url_length"", ""dot_count"", ""hostname_length"", ""hyphen_count"", ""token_mean_length"", ""path_length"", ""token_max_length"", ""longest_repeated_char_run"", ""digit_ratio"", ""tld_length"", ""registrable_domain_length"", ""slash_count""]",0.5
0.4236342893979041,0.49477928356316375,unfiltered,master,1054,134849,1.0,0.11733409999999367,4.976148570992085e-07,0.29757241206733737,xgb,20261008,134849,100944,235793,0.47052171709809026,0.4255364468622598,0.9895585671263275,r07,0.4628892208526305,S4-external,xgb_d6_lr01_balanced,"{""colsample_bytree"": 0.9, ""learning_rate"": 0.1, ""max_depth"": 6, ""n_estimators"": 200, ""reg_lambda"": 1.0, ""scale_pos_weight"": 3.537326264507809, ""subsample"": 0.9}",iscx_url2016_binary,phiusiil,0.5,0,99890,f_stable,13,"[""subdomain_depth"", ""url_length"", ""dot_count"", ""hostname_length"", ""hyphen_count"", ""token_mean_length"", ""path_length"", ""token_max_length"", ""longest_repeated_char_run"", ""digit_ratio"", ""tld_length"", ""registrable_domain_length"", ""slash_count""]",0.5
0.4005538062446134,0.4710886974612108,primary_domain_filtered,master,5771,134726,0.9999035171702328,0.1059088000001793,4.491600683658095e-07,0.2860722881073149,lr,20261009,134739,99639,234378,0.4597665626275279,0.4106319500949281,0.9420809120926544,r08,0.3664115569035239,S4-external,lr_c1,"{""C"": 1.0, ""class_weight"": null}",iscx_url2016_binary,phiusiil,0.87,13,93868,f_all,35,"[""url_length"", ""hostname_length"", ""path_length"", ""query_length"", ""fragment_length"", ""digit_count"", ""letter_count"", ""special_char_count"", ""digit_ratio"", ""letter_ratio"", ""special_char_ratio"", ""dot_count"", ""hyphen_count"", ""underscore_count"", ""slash_count"", ""question_mark_count"", ""equals_sign_count"", ""percent_sign_count"", ""at_sign_count"", ""subdomain_depth"", ""path_segment_count"", ""query_parameter_count"", ""has_port"", ""has_userinfo"", ""host_is_ip"", ""tld_length"", ""registrable_domain_length"", ""domain_digit_ratio"", ""domain_hyphen_ratio"", ""url_char_entropy"", ""longest_repeated_char_run"", ""char_type_transition_count"", ""token_count"", ""token_mean_length"", ""token_max_length""]",0.87
0.4030017854643691,0.4706655740712905,unfiltered,master,5932,134836,0.9999035958739034,0.1059088000001793,4.491600683658095e-07,0.2873181430522982,lr,20261009,134849,100944,235793,0.4648522636419055,0.4133688350562111,0.9412347440164844,r08,0.367553522212145,S4-external,lr_c1,"{""C"": 1.0, ""class_weight"": null}",iscx_url2016_binary,phiusiil,0.87,13,95012,f_all,35,"[""url_length"", ""hostname_length"", ""path_length"", ""query_length"", ""fragment_length"", ""digit_count"", ""letter_count"", ""special_char_count"", ""digit_ratio"", ""letter_ratio"", ""special_char_ratio"", ""dot_count"", ""hyphen_count"", ""underscore_count"", ""slash_count"", ""question_mark_count"", ""equals_sign_count"", ""percent_sign_count"", ""at_sign_count"", ""subdomain_depth"", ""path_segment_count"", ""query_parameter_count"", ""has_port"", ""has_userinfo"", ""host_is_ip"", ""tld_length"", ""registrable_domain_length"", ""domain_digit_ratio"", ""domain_hyphen_ratio"", ""url_char_entropy"", ""longest_repeated_char_run"", ""char_type_transition_count"", ""token_count"", ""token_mean_length"", ""token_max_length""]",0.87
0.4003490088660199,0.4708569785834752,primary_domain_filtered,master,5812,134733,0.9999554694631844,0.0897676999999959,3.807055340913254e-07,0.2859271659326011,lr,20261009,134739,99639,234378,0.4692370701359995,0.41051365068253415,0.9416694266301348,r08,0.3718013269860869,S4-external,lr_c1,"{""C"": 1.0, ""class_weight"": null}",iscx_url2016_binary,phiusiil,0.79,6,93827,f_single,15,"[""subdomain_depth"", ""token_count"", ""dot_count"", ""registrable_domain_length"", ""char_type_transition_count"", ""hyphen_count"", ""special_char_count"", ""slash_count"", ""equals_sign_count"", ""question_mark_count"", ""letter_count"", ""path_length"", ""token_mean_length"", ""special_char_ratio"", ""tld_length""]",0.79
0.4032816919925528,0.4710012057365501,unfiltered,master,5859,134843,0.9999555057879554,0.0897676999999959,3.807055340913254e-07,0.2874196313872494,lr,20261009,134849,100944,235793,0.4739712295522267,0.41354250026095124,0.9419579172610556,r08,0.3726344034382335,S4-external,lr_c1,"{""C"": 1.0, ""class_weight"": null}",iscx_url2016_binary,phiusiil,0.79,6,95085,f_single,15,"[""subdomain_depth"", ""token_count"", ""dot_count"", ""registrable_domain_length"", ""char_type_transition_count"", ""hyphen_count"", ""special_char_count"", ""slash_count"", ""equals_sign_count"", ""question_mark_count"", ""letter_count"", ""path_length"", ""token_mean_length"", ""special_char_ratio"", ""tld_length""]",0.79
0.41061447746802177,0.4829384076516224,primary_domain_filtered,master,3400,134739,1.0,0.06096529999999234,2.5855432519197913e-07,0.29108908495328434,lr,20261009,134739,99639,234378,0.4561510658172871,0.41665872940280024,0.9658768153032448,r08,0.3743000335248424,S4-external,lr_c1,"{""C"": 1.0, ""class_weight"": null}",iscx_url2016_binary,phiusiil,0.42,0,96239,f_stable,11,"[""subdomain_depth"", ""token_count"", ""dot_count"", ""char_type_transition_count"", ""registrable_domain_length"", ""special_char_count"", ""hyphen_count"", ""slash_count"", ""equals_sign_count"", ""special_char_ratio"", ""path_length""]",0.42
0.4135915824473161,0.48305000792518626,unfiltered,master,3422,134849,1.0,0.06096529999999234,2.5855432519197913e-07,0.2925820920150608,lr,20261009,134849,100944,235793,0.46114195111053785,0.4196823183615856,0.9661000158503725,r08,0.3750571059891331,S4-external,lr_c1,"{""C"": 1.0, ""class_weight"": null}",iscx_url2016_binary,phiusiil,0.42,0,97522,f_stable,11,"[""subdomain_depth"", ""token_count"", ""dot_count"", ""char_type_transition_count"", ""registrable_domain_length"", ""special_char_count"", ""hyphen_count"", ""slash_count"", ""equals_sign_count"", ""special_char_ratio"", ""path_length""]",0.42
0.4166090674039372,0.4899888597838195,primary_domain_filtered,master,1995,134739,1.0,0.490363399999751,2.079635103670385e-06,0.2940889459132226,rf,20261009,134739,99639,234378,0.3618943265937618,0.4201856418068447,0.9799777195676392,r08,0.3663880459608445,S4-external,rf_depth24_leaf2,"{""class_weight"": null, ""max_depth"": 24, ""max_features"": ""sqrt"", ""min_samples_leaf"": 2, ""n_estimators"": 200}",iscx_url2016_binary,phiusiil,0.62,0,97644,f_all,35,"[""url_length"", ""hostname_length"", ""path_length"", ""query_length"", ""fragment_length"", ""digit_count"", ""letter_count"", ""special_char_count"", ""digit_ratio"", ""letter_ratio"", ""special_char_ratio"", ""dot_count"", ""hyphen_count"", ""underscore_count"", ""slash_count"", ""question_mark_count"", ""equals_sign_count"", ""percent_sign_count"", ""at_sign_count"", ""subdomain_depth"", ""path_segment_count"", ""query_parameter_count"", ""has_port"", ""has_userinfo"", ""host_is_ip"", ""tld_length"", ""registrable_domain_length"", ""domain_digit_ratio"", ""domain_hyphen_ratio"", ""url_char_entropy"", ""longest_repeated_char_run"", ""char_type_transition_count"", ""token_count"", ""token_mean_length"", ""token_max_length""]",0.62
0.419626536835275,0.4900984704390553,unfiltered,master,1999,134849,1.0,0.490363399999751,2.079635103670385e-06,0.2955893863260221,rf,20261009,134849,100944,235793,0.3642561981250486,0.4232144537498823,0.9801969408781106,r08,0.3654041193259047,S4-external,rf_depth24_leaf2,"{""class_weight"": null, ""max_depth"": 24, ""max_features"": ""sqrt"", ""min_samples_leaf"": 2, ""n_estimators"": 200}",iscx_url2016_binary,phiusiil,0.62,0,98945,f_all,35,"[""url_length"", ""hostname_length"", ""path_length"", ""query_length"", ""fragment_length"", ""digit_count"", ""letter_count"", ""special_char_count"", ""digit_ratio"", ""letter_ratio"", ""special_char_ratio"", ""dot_count"", ""hyphen_count"", ""underscore_count"", ""slash_count"", ""question_mark_count"", ""equals_sign_count"", ""percent_sign_count"", ""at_sign_count"", ""subdomain_depth"", ""path_segment_count"", ""query_parameter_count"", ""has_port"", ""has_userinfo"", ""host_is_ip"", ""tld_length"", ""registrable_domain_length"", ""domain_digit_ratio"", ""domain_hyphen_ratio"", ""url_char_entropy"", ""longest_repeated_char_run"", ""char_type_transition_count"", ""token_count"", ""token_mean_length"", ""token_max_length""]",0.62
0.41369070475897907,0.4865564688525577,primary_domain_filtered,master,2679,134739,1.0,0.8757275999999905,3.7139677598571228e-06,0.2926316933161907,rf,20261009,134739,99639,234378,0.3545432258425941,0.4184739683813914,0.9731129377051154,r08,0.3522400578383588,S4-external,rf_unlimited_leaf5_balanced,"{""class_weight"": ""balanced_subsample"", ""max_depth"": null, ""max_features"": ""sqrt"", ""min_samples_leaf"": 5, ""n_estimators"": 200}",iscx_url2016_binary,phiusiil,0.69,0,96960,f_single,15,"[""subdomain_depth"", ""url_length"", ""hostname_length"", ""dot_count"", ""hyphen_count"", ""path_length"", ""longest_repeated_char_run"", ""token_count"", ""special_char_count"", ""token_max_length"", ""token_mean_length"", ""registrable_domain_length"", ""slash_count"", ""char_type_transition_count"", ""digit_count""]",0.69
0.4167214463533693,0.48670550007925184,unfiltered,master,2684,134849,1.0,0.8757275999999905,3.7139677598571228e-06,0.29414494107222505,rf,20261009,134849,100944,235793,0.3567811782841698,0.4215195466498505,0.9734110001585037,r08,0.3510184986623074,S4-external,rf_unlimited_leaf5_balanced,"{""class_weight"": ""balanced_subsample"", ""max_depth"": null, ""max_features"": ""sqrt"", ""min_samples_leaf"": 5, ""n_estimators"": 200}",iscx_url2016_binary,phiusiil,0.69,0,98260,f_single,15,"[""subdomain_depth"", ""url_length"", ""hostname_length"", ""dot_count"", ""hyphen_count"", ""path_length"", ""longest_repeated_char_run"", ""token_count"", ""special_char_count"", ""token_max_length"", ""token_mean_length"", ""registrable_domain_length"", ""slash_count"", ""char_type_transition_count"", ""digit_count""]",0.69
0.41174939627439433,0.48427322634711306,primary_domain_filtered,master,3134,134739,1.0,0.8729631000000069,3.7022434932335007e-06,0.2916589852002067,rf,20261009,134739,99639,234378,0.38720322724433903,0.4173297469339745,0.9685464526942261,r08,0.42070187182421487,S4-external,rf_depth16_leaf1,"{""class_weight"": null, ""max_depth"": 16, ""max_features"": ""sqrt"", ""min_samples_leaf"": 1, ""n_estimators"": 200}",iscx_url2016_binary,phiusiil,0.78,0,96505,f_stable,13,"[""subdomain_depth"", ""url_length"", ""hostname_length"", ""dot_count"", ""hyphen_count"", ""path_length"", ""token_count"", ""longest_repeated_char_run"", ""special_char_count"", ""token_max_length"", ""char_type_transition_count"", ""digit_count"", ""token_mean_length""]",0.78
0.41477906468809506,0.48443691551751467,unfiltered,master,3142,134849,1.0,0.8729631000000069,3.7022434932335007e-06,0.2931758569522924,rf,20261009,134849,100944,235793,0.38933869224804396,0.42038074196973146,0.9688738310350293,r08,0.4190636594817847,S4-external,rf_depth16_leaf1,"{""class_weight"": null, ""max_depth"": 16, ""max_features"": ""sqrt"", ""min_samples_leaf"": 1, ""n_estimators"": 200}",iscx_url2016_binary,phiusiil,0.78,0,97802,f_stable,13,"[""subdomain_depth"", ""url_length"", ""hostname_length"", ""dot_count"", ""hyphen_count"", ""path_length"", ""token_count"", ""longest_repeated_char_run"", ""special_char_count"", ""token_max_length"", ""char_type_transition_count"", ""digit_count"", ""token_mean_length""]",0.78
0.418162114191605,0.4918154537881753,primary_domain_filtered,master,1631,134739,1.0,0.1728113000003759,7.328941062727728e-07,0.2948619977977412,xgb,20261009,134739,99639,234378,0.3775890261337554,0.4210924308369173,0.9836309075763506,r08,0.3494462750977372,S4-external,xgb_d6_lr005,"{""colsample_bytree"": 0.9, ""learning_rate"": 0.05, ""max_depth"": 6, ""n_estimators"": 250, ""reg_lambda"": 1.0, ""scale_pos_weight"": 1.0, ""subsample"": 0.9}",iscx_url2016_binary,phiusiil,0.72,0,98008,f_all,35,"[""url_length"", ""hostname_length"", ""path_length"", ""query_length"", ""fragment_length"", ""digit_count"", ""letter_count"", ""special_char_count"", ""digit_ratio"", ""letter_ratio"", ""special_char_ratio"", ""dot_count"", ""hyphen_count"", ""underscore_count"", ""slash_count"", ""question_mark_count"", ""equals_sign_count"", ""percent_sign_count"", ""at_sign_count"", ""subdomain_depth"", ""path_segment_count"", ""query_parameter_count"", ""has_port"", ""has_userinfo"", ""host_is_ip"", ""tld_length"", ""registrable_domain_length"", ""domain_digit_ratio"", ""domain_hyphen_ratio"", ""url_char_entropy"", ""longest_repeated_char_run"", ""char_type_transition_count"", ""token_count"", ""token_mean_length"", ""token_max_length""]",0.72
0.4211660227402849,0.491896497067681,unfiltered,master,1636,134849,1.0,0.1728113000003759,7.328941062727728e-07,0.2963524429947985,xgb,20261009,134849,100944,235793,0.3799325909408764,0.4241086108892751,0.983792994135362,r08,0.3486129249769531,S4-external,xgb_d6_lr005,"{""colsample_bytree"": 0.9, ""learning_rate"": 0.05, ""max_depth"": 6, ""n_estimators"": 250, ""reg_lambda"": 1.0, ""scale_pos_weight"": 1.0, ""subsample"": 0.9}",iscx_url2016_binary,phiusiil,0.72,0,99308,f_all,35,"[""url_length"", ""hostname_length"", ""path_length"", ""query_length"", ""fragment_length"", ""digit_count"", ""letter_count"", ""special_char_count"", ""digit_ratio"", ""letter_ratio"", ""special_char_ratio"", ""dot_count"", ""hyphen_count"", ""underscore_count"", ""slash_count"", ""question_mark_count"", ""equals_sign_count"", ""percent_sign_count"", ""at_sign_count"", ""subdomain_depth"", ""path_segment_count"", ""query_parameter_count"", ""has_port"", ""has_userinfo"", ""host_is_ip"", ""tld_length"", ""registrable_domain_length"", ""domain_digit_ratio"", ""domain_hyphen_ratio"", ""url_char_entropy"", ""longest_repeated_char_run"", ""char_type_transition_count"", ""token_count"", ""token_mean_length"", ""token_max_length""]",0.72
0.4197023611431107,0.4936269934463413,primary_domain_filtered,master,1270,134739,1.0,0.14703000000000088,6.235554066490561e-07,0.29562700790690827,xgb,20261009,134739,99639,234378,0.40365031939399193,0.4219889493282084,0.9872539868926826,r08,0.3601239189063402,S4-external,xgb_d4_lr005,"{""colsample_bytree"": 0.9, ""learning_rate"": 0.05, ""max_depth"": 4, ""n_estimators"": 300, ""reg_lambda"": 1.0, ""scale_pos_weight"": 1.0, ""subsample"": 0.9}",iscx_url2016_binary,phiusiil,0.6,0,98369,f_single,15,"[""url_length"", ""subdomain_depth"", ""dot_count"", ""hostname_length"", ""hyphen_count"", ""path_length"", ""token_mean_length"", ""token_max_length"", ""longest_repeated_char_run"", ""registrable_domain_length"", ""tld_length"", ""slash_count"", ""special_char_ratio"", ""token_count"", ""digit_ratio""]",0.6
0.4227097496532976,0.49369947693770805,unfiltered,master,1272,134849,1.0,0.14703000000000088,6.235554066490561e-07,0.29711594354105497,xgb,20261009,134849,100944,235793,0.40507546112004666,0.42500245180602164,0.9873989538754161,r08,0.35837361012198354,S4-external,xgb_d4_lr005,"{""colsample_bytree"": 0.9, ""learning_rate"": 0.05, ""max_depth"": 4, ""n_estimators"": 300, ""reg_lambda"": 1.0, ""scale_pos_weight"": 1.0, ""subsample"": 0.9}",iscx_url2016_binary,phiusiil,0.6,0,99672,f_single,15,"[""url_length"", ""subdomain_depth"", ""dot_count"", ""hostname_length"", ""hyphen_count"", ""path_length"", ""token_mean_length"", ""token_max_length"", ""longest_repeated_char_run"", ""registrable_domain_length"", ""tld_length"", ""slash_count"", ""special_char_ratio"", ""token_count"", ""digit_ratio""]",0.6
0.4196810280828405,0.4936019028693584,primary_domain_filtered,master,1275,134739,1.0,0.16301970000000665,6.913678523111655e-07,0.2956164235353517,xgb,20261009,134739,99639,234378,0.41406369924860903,0.421976551138338,0.9872038057387168,r08,0.37561630632144954,S4-external,xgb_d4_lr005,"{""colsample_bytree"": 0.9, ""learning_rate"": 0.05, ""max_depth"": 4, ""n_estimators"": 300, ""reg_lambda"": 1.0, ""scale_pos_weight"": 1.0, ""subsample"": 0.9}",iscx_url2016_binary,phiusiil,0.63,0,98364,f_stable,14,"[""url_length"", ""subdomain_depth"", ""dot_count"", ""hostname_length"", ""hyphen_count"", ""path_length"", ""token_mean_length"", ""token_max_length"", ""longest_repeated_char_run"", ""registrable_domain_length"", ""tld_length"", ""digit_ratio"", ""token_count"", ""slash_count""]",0.63
0.4226885446132837,0.4936747107307022,unfiltered,master,1277,134849,1.0,0.16301970000000665,6.913678523111655e-07,0.2971054671197758,xgb,20261009,134849,100944,235793,0.41589323952552787,0.42499019256681847,0.9873494214614044,r08,0.37421857231101874,S4-external,xgb_d4_lr005,"{""colsample_bytree"": 0.9, ""learning_rate"": 0.05, ""max_depth"": 4, ""n_estimators"": 300, ""reg_lambda"": 1.0, ""scale_pos_weight"": 1.0, ""subsample"": 0.9}",iscx_url2016_binary,phiusiil,0.63,0,99667,f_stable,14,"[""url_length"", ""subdomain_depth"", ""dot_count"", ""hostname_length"", ""hyphen_count"", ""path_length"", ""token_mean_length"", ""token_max_length"", ""longest_repeated_char_run"", ""registrable_domain_length"", ""tld_length"", ""digit_ratio"", ""token_count"", ""slash_count""]",0.63
0.4061325082684306,0.4778113945398265,primary_domain_filtered,master,4423,134735,0.9999628914947306,0.0972504000001208,4.12439724674273e-07,0.2888589894538485,lr,20261010,134740,99585,234325,0.4570182932136714,0.4139331961704589,0.9555856805743836,r09,0.3623956983452532,S4-external,lr_c1,"{""C"": 1.0, ""class_weight"": null}",iscx_url2016_binary,phiusiil,0.77,5,95162,f_all,35,"[""url_length"", ""hostname_length"", ""path_length"", ""query_length"", ""fragment_length"", ""digit_count"", ""letter_count"", ""special_char_count"", ""digit_ratio"", ""letter_ratio"", ""special_char_ratio"", ""dot_count"", ""hyphen_count"", ""underscore_count"", ""slash_count"", ""question_mark_count"", ""equals_sign_count"", ""percent_sign_count"", ""at_sign_count"", ""subdomain_depth"", ""path_segment_count"", ""query_parameter_count"", ""has_port"", ""has_userinfo"", ""host_is_ip"", ""tld_length"", ""registrable_domain_length"", ""domain_digit_ratio"", ""domain_hyphen_ratio"", ""url_char_entropy"", ""longest_repeated_char_run"", ""char_type_transition_count"", ""token_count"", ""token_mean_length"", ""token_max_length""]",0.77
0.4090367398523281,0.4777239997083392,unfiltered,master,4501,134844,0.9999629214899628,0.0972504000001208,4.12439724674273e-07,0.2903248652637316,lr,20261010,134849,100944,235793,0.4621100484248259,0.4169840933558739,0.9554109209066411,r09,0.3633745672576732,S4-external,lr_c1,"{""C"": 1.0, ""class_weight"": null}",iscx_url2016_binary,phiusiil,0.77,5,96443,f_all,35,"[""url_length"", ""hostname_length"", ""path_length"", ""query_length"", ""fragment_length"", ""digit_count"", ""letter_count"", ""special_char_count"", ""digit_ratio"", ""letter_ratio"", ""special_char_ratio"", ""dot_count"", ""hyphen_count"", ""underscore_count"", ""slash_count"", ""question_mark_count"", ""equals_sign_count"", ""percent_sign_count"", ""at_sign_count"", ""subdomain_depth"", ""path_segment_count"", ""query_parameter_count"", ""has_port"", ""has_userinfo"", ""host_is_ip"", ""tld_length"", ""registrable_domain_length"", ""domain_digit_ratio"", ""domain_hyphen_ratio"", ""url_char_entropy"", ""longest_repeated_char_run"", ""char_type_transition_count"", ""token_count"", ""token_mean_length"", ""token_max_length""]",0.77
0.40871865998079593,0.4808605713711904,primary_domain_filtered,master,3812,134740,1.0,0.0636068000000023,2.697569478313703e-07,0.2901350508030948,lr,20261010,134740,99585,234325,0.4371542041505239,0.4154776520196258,0.9617211427423809,r09,0.33875502244810246,S4-external,lr_c1,"{""C"": 1.0, ""class_weight"": null}",iscx_url2016_binary,phiusiil,0.52,0,95773,f_single,15,"[""subdomain_depth"", ""dot_count"", ""token_count"", ""special_char_count"", ""registrable_domain_length"", ""hyphen_count"", ""char_type_transition_count"", ""slash_count"", ""equals_sign_count"", ""question_mark_count"", ""special_char_ratio"", ""url_length"", ""path_length"", ""digit_ratio"", ""digit_count""]",0.52
0.4118358051341643,0.4809993659851006,unfiltered,master,3836,134849,1.0,0.0636068000000023,2.697569478313703e-07,0.2917023379322982,lr,20261010,134849,100944,235793,0.44233731492234085,0.41864655949162993,0.9619987319702012,r09,0.33975754344214676,S4-external,lr_c1,"{""C"": 1.0, ""class_weight"": null}",iscx_url2016_binary,phiusiil,0.52,0,97108,f_single,15,"[""subdomain_depth"", ""dot_count"", ""token_count"", ""special_char_count"", ""registrable_domain_length"", ""hyphen_count"", ""char_type_transition_count"", ""slash_count"", ""equals_sign_count"", ""question_mark_count"", ""special_char_ratio"", ""url_length"", ""path_length"", ""digit_ratio"", ""digit_count""]",0.52
0.4079078203350048,0.4799066124416328,primary_domain_filtered,master,4002,134740,1.0,0.05327280000000201,2.2593037113061884e-07,0.28972622670562703,lr,20261010,134740,99585,234325,0.4483764692672114,0.4149954628934149,0.9598132248832656,r09,0.35941048243933565,S4-external,lr_c1,"{""C"": 1.0, ""class_weight"": null}",iscx_url2016_binary,phiusiil,0.54,0,95583,f_stable,13,"[""subdomain_depth"", ""token_count"", ""dot_count"", ""special_char_count"", ""registrable_domain_length"", ""char_type_transition_count"", ""hyphen_count"", ""slash_count"", ""special_char_ratio"", ""equals_sign_count"", ""path_length"", ""url_length"", ""question_mark_count""]",0.54
0.41101304958162455,0.4800384371532731,unfiltered,master,4030,134849,1.0,0.05327280000000201,2.2593037113061884e-07,0.2912893326560607,lr,20261010,134849,100944,235793,0.4534326356855861,0.41815993061877865,0.9600768743065462,r09,0.360164958144874,S4-external,lr_c1,"{""C"": 1.0, ""class_weight"": null}",iscx_url2016_binary,phiusiil,0.54,0,96914,f_stable,13,"[""subdomain_depth"", ""token_count"", ""dot_count"", ""special_char_count"", ""registrable_domain_length"", ""char_type_transition_count"", ""hyphen_count"", ""slash_count"", ""special_char_ratio"", ""equals_sign_count"", ""path_length"", ""url_length"", ""question_mark_count""]",0.54
0.41798356982823,0.4917608073505046,primary_domain_filtered,master,1641,134740,1.0,0.4875011999997696,2.0674964905649005e-06,0.2947732108622832,rf,20261010,134740,99585,234325,0.3734487025886823,0.4209313919306871,0.9835216147010092,r09,0.3924412199376112,S4-external,rf_depth24_leaf2,"{""class_weight"": null, ""max_depth"": 24, ""max_features"": ""sqrt"", ""min_samples_leaf"": 2, ""n_estimators"": 200}",iscx_url2016_binary,phiusiil,0.57,0,97944,f_all,35,"[""url_length"", ""hostname_length"", ""path_length"", ""query_length"", ""fragment_length"", ""digit_count"", ""letter_count"", ""special_char_count"", ""digit_ratio"", ""letter_ratio"", ""special_char_ratio"", ""dot_count"", ""hyphen_count"", ""underscore_count"", ""slash_count"", ""question_mark_count"", ""equals_sign_count"", ""percent_sign_count"", ""at_sign_count"", ""subdomain_depth"", ""path_segment_count"", ""query_parameter_count"", ""has_port"", ""has_userinfo"", ""host_is_ip"", ""tld_length"", ""registrable_domain_length"", ""domain_digit_ratio"", ""domain_hyphen_ratio"", ""url_char_entropy"", ""longest_repeated_char_run"", ""char_type_transition_count"", ""token_count"", ""token_mean_length"", ""token_max_length""]",0.57
0.4211363356842654,0.4918618243778729,unfiltered,master,1643,134849,1.0,0.4875011999997696,2.0674964905649005e-06,0.2963377440360018,rf,20261010,134849,100944,235793,0.375852948816389,0.4240913944052957,0.9837236487557458,r09,0.391211456946118,S4-external,rf_depth24_leaf2,"{""class_weight"": null, ""max_depth"": 24, ""max_features"": ""sqrt"", ""min_samples_leaf"": 2, ""n_estimators"": 200}",iscx_url2016_binary,phiusiil,0.57,0,99301,f_all,35,"[""url_length"", ""hostname_length"", ""path_length"", ""query_length"", ""fragment_length"", ""digit_count"", ""letter_count"", ""special_char_count"", ""digit_ratio"", ""letter_ratio"", ""special_char_ratio"", ""dot_count"", ""hyphen_count"", ""underscore_count"", ""slash_count"", ""question_mark_count"", ""equals_sign_count"", ""percent_sign_count"", ""at_sign_count"", ""subdomain_depth"", ""path_segment_count"", ""query_parameter_count"", ""has_port"", ""has_userinfo"", ""host_is_ip"", ""tld_length"", ""registrable_domain_length"", ""domain_digit_ratio"", ""domain_hyphen_ratio"", ""url_char_entropy"", ""longest_repeated_char_run"", ""char_type_transition_count"", ""token_count"", ""token_mean_length"", ""token_max_length""]",0.57
0.41123226288274833,0.4838178440528192,primary_domain_filtered,master,3223,134740,1.0,0.8760713000000067,3.7154253943077474e-06,0.291399419995343,rf,20261010,134740,99585,234325,0.38274949827924576,0.4169673996763334,0.9676356881056384,r09,0.41203881882411086,S4-external,rf_depth24_leaf2,"{""class_weight"": null, ""max_depth"": 24, ""max_features"": ""sqrt"", ""min_samples_leaf"": 2, ""n_estimators"": 200}",iscx_url2016_binary,phiusiil,0.73,0,96362,f_single,15,"[""url_length"", ""subdomain_depth"", ""hostname_length"", ""dot_count"", ""hyphen_count"", ""path_length"", ""token_count"", ""special_char_count"", ""longest_repeated_char_run"", ""token_max_length"", ""char_type_transition_count"", ""token_mean_length"", ""digit_count"", ""digit_ratio"", ""letter_count""]",0.73
0.41441009699185305,0.48400598351561264,unfiltered,master,3229,134849,1.0,0.8760713000000067,3.7154253943077474e-06,0.29299147246842655,rf,20261010,134849,100944,235793,0.38479563562424546,0.42016391186942087,0.9680119670312253,r09,0.40997730150029055,S4-external,rf_depth24_leaf2,"{""class_weight"": null, ""max_depth"": 24, ""max_features"": ""sqrt"", ""min_samples_leaf"": 2, ""n_estimators"": 200}",iscx_url2016_binary,phiusiil,0.73,0,97715,f_single,15,"[""url_length"", ""subdomain_depth"", ""hostname_length"", ""dot_count"", ""hyphen_count"", ""path_length"", ""token_count"", ""special_char_count"", ""longest_repeated_char_run"", ""token_max_length"", ""char_type_transition_count"", ""token_mean_length"", ""digit_count"", ""digit_ratio"", ""letter_count""]",0.73
0.4117144990931399,0.48438519857408247,primary_domain_filtered,master,3110,134740,1.0,0.8633430999999945,3.6614449962466843e-06,0.2916414752116082,rf,20261010,134740,99585,234325,0.38984174777820174,0.41725234089483815,0.9687703971481649,r09,0.4265932046074928,S4-external,rf_depth16_leaf1,"{""class_weight"": null, ""max_depth"": 16, ""max_features"": ""sqrt"", ""min_samples_leaf"": 1, ""n_estimators"": 200}",iscx_url2016_binary,phiusiil,0.76,0,96475,f_stable,13,"[""subdomain_depth"", ""url_length"", ""hostname_length"", ""dot_count"", ""path_length"", ""hyphen_count"", ""token_count"", ""longest_repeated_char_run"", ""special_char_count"", ""token_max_length"", ""char_type_transition_count"", ""token_mean_length"", ""digit_count""]",0.76
0.4148723668641563,0.4845458868283405,unfiltered,master,3120,134849,1.0,0.8633430999999945,3.6614449962466843e-06,0.2932224676800043,rf,20261010,134849,100944,235793,0.39238985209524035,0.4204355468833943,0.969091773656681,r09,0.42554743469774714,S4-external,rf_depth16_leaf1,"{""class_weight"": null, ""max_depth"": 16, ""max_features"": ""sqrt"", ""min_samples_leaf"": 1, ""n_estimators"": 200}",iscx_url2016_binary,phiusiil,0.76,0,97824,f_stable,13,"[""subdomain_depth"", ""url_length"", ""hostname_length"", ""dot_count"", ""path_length"", ""hyphen_count"", ""token_count"", ""longest_repeated_char_run"", ""special_char_count"", ""token_max_length"", ""char_type_transition_count"", ""token_mean_length"", ""digit_count""]",0.76
0.4177616558199082,0.4914997238539941,primary_domain_filtered,master,1693,134740,1.0,0.1534985000002962,6.509883669163045e-07,0.2946628258036163,xgb,20261010,134740,99585,234325,0.4098260000665854,0.420801953299632,0.9829994477079882,r09,0.3959143511477336,S4-external,xgb_d6_lr005,"{""colsample_bytree"": 0.9, ""learning_rate"": 0.05, ""max_depth"": 6, ""n_estimators"": 250, ""reg_lambda"": 1.0, ""scale_pos_weight"": 1.0, ""subsample"": 0.9}",iscx_url2016_binary,phiusiil,0.76,0,97892,f_all,35,"[""url_length"", ""hostname_length"", ""path_length"", ""query_length"", ""fragment_length"", ""digit_count"", ""letter_count"", ""special_char_count"", ""digit_ratio"", ""letter_ratio"", ""special_char_ratio"", ""dot_count"", ""hyphen_count"", ""underscore_count"", ""slash_count"", ""question_mark_count"", ""equals_sign_count"", ""percent_sign_count"", ""at_sign_count"", ""subdomain_depth"", ""path_segment_count"", ""query_parameter_count"", ""has_port"", ""has_userinfo"", ""host_is_ip"", ""tld_length"", ""registrable_domain_length"", ""domain_digit_ratio"", ""domain_hyphen_ratio"", ""url_char_entropy"", ""longest_repeated_char_run"", ""char_type_transition_count"", ""token_count"", ""token_mean_length"", ""token_max_length""]",0.76
0.4209030802441124,0.4915893961008084,unfiltered,master,1698,134849,1.0,0.1534985000002962,6.509883669163045e-07,0.2962222308447673,xgb,20261010,134849,100944,235793,0.4124941681507214,0.4239560862043187,0.9831787922016167,r09,0.3949243666481237,S4-external,xgb_d6_lr005,"{""colsample_bytree"": 0.9, ""learning_rate"": 0.05, ""max_depth"": 6, ""n_estimators"": 250, ""reg_lambda"": 1.0, ""scale_pos_weight"": 1.0, ""subsample"": 0.9}",iscx_url2016_binary,phiusiil,0.76,0,99246,f_all,35,"[""url_length"", ""hostname_length"", ""path_length"", ""query_length"", ""fragment_length"", ""digit_count"", ""letter_count"", ""special_char_count"", ""digit_ratio"", ""letter_ratio"", ""special_char_ratio"", ""dot_count"", ""hyphen_count"", ""underscore_count"", ""slash_count"", ""question_mark_count"", ""equals_sign_count"", ""percent_sign_count"", ""at_sign_count"", ""subdomain_depth"", ""path_segment_count"", ""query_parameter_count"", ""has_port"", ""has_userinfo"", ""host_is_ip"", ""tld_length"", ""registrable_domain_length"", ""domain_digit_ratio"", ""domain_hyphen_ratio"", ""url_char_entropy"", ""longest_repeated_char_run"", ""char_type_transition_count"", ""token_count"", ""token_mean_length"", ""token_max_length""]",0.76
0.41907180198442334,0.4930411206507004,primary_domain_filtered,master,1386,134740,1.0,0.14528140000000178,6.161395800553951e-07,0.2953140224465001,xgb,20261010,134740,99585,234325,0.50491151468747,0.4215653025040891,0.9860822413014008,r09,0.4896854696731677,S4-external,xgb_d6_lr005,"{""colsample_bytree"": 0.9, ""learning_rate"": 0.05, ""max_depth"": 6, ""n_estimators"": 250, ""reg_lambda"": 1.0, ""scale_pos_weight"": 1.0, ""subsample"": 0.9}",iscx_url2016_binary,phiusiil,0.56,0,98199,f_single,15,"[""url_length"", ""subdomain_depth"", ""dot_count"", ""hostname_length"", ""hyphen_count"", ""token_max_length"", ""path_length"", ""longest_repeated_char_run"", ""token_mean_length"", ""digit_ratio"", ""registrable_domain_length"", ""tld_length"", ""token_count"", ""percent_sign_count"", ""slash_count""]",0.56
0.42220931070896933,0.4931149944523696,unfiltered,master,1390,134849,1.0,0.14528140000000178,6.161395800553951e-07,0.29686861668659625,xgb,20261010,134849,100944,235793,0.5073986551740215,0.4247129942876158,0.9862299889047392,r09,0.48851464842430076,S4-external,xgb_d6_lr005,"{""colsample_bytree"": 0.9, ""learning_rate"": 0.05, ""max_depth"": 6, ""n_estimators"": 250, ""reg_lambda"": 1.0, ""scale_pos_weight"": 1.0, ""subsample"": 0.9}",iscx_url2016_binary,phiusiil,0.56,0,99554,f_single,15,"[""url_length"", ""subdomain_depth"", ""dot_count"", ""hostname_length"", ""hyphen_count"", ""token_max_length"", ""path_length"", ""longest_repeated_char_run"", ""token_mean_length"", ""digit_ratio"", ""registrable_domain_length"", ""tld_length"", ""token_count"", ""percent_sign_count"", ""slash_count""]",0.56
0.4194772218073189,0.49351810011547925,primary_domain_filtered,master,1291,134740,1.0,0.13980279999999823,5.929047936113381e-07,0.2955152892648947,xgb,20261010,134740,99585,234325,0.48284816841971817,0.42180111056755665,0.9870362002309585,r09,0.4908181744427887,S4-external,xgb_d4_lr005,"{""colsample_bytree"": 0.9, ""learning_rate"": 0.05, ""max_depth"": 4, ""n_estimators"": 300, ""reg_lambda"": 1.0, ""scale_pos_weight"": 1.0, ""subsample"": 0.9}",iscx_url2016_binary,phiusiil,0.57,0,98294,f_stable,13,"[""url_length"", ""subdomain_depth"", ""dot_count"", ""hostname_length"", ""hyphen_count"", ""token_max_length"", ""longest_repeated_char_run"", ""path_length"", ""token_mean_length"", ""tld_length"", ""digit_ratio"", ""registrable_domain_length"", ""slash_count""]",0.57
0.42262068848523915,0.49359545886828343,unfiltered,master,1293,134849,1.0,0.13980279999999823,5.929047936113381e-07,0.29707194047292546,xgb,20261010,134849,100944,235793,0.48508247744670896,0.42495095948827294,0.9871909177365669,r09,0.48963350072931827,S4-external,xgb_d4_lr005,"{""colsample_bytree"": 0.9, ""learning_rate"": 0.05, ""max_depth"": 4, ""n_estimators"": 300, ""reg_lambda"": 1.0, ""scale_pos_weight"": 1.0, ""subsample"": 0.9}",iscx_url2016_binary,phiusiil,0.57,0,99651,f_stable,13,"[""url_length"", ""subdomain_depth"", ""dot_count"", ""hostname_length"", ""hyphen_count"", ""token_max_length"", ""longest_repeated_char_run"", ""path_length"", ""token_mean_length"", ""tld_length"", ""digit_ratio"", ""registrable_domain_length"", ""slash_count""]",0.57
0.2600953585676754,0.5316890034239891,primary_domain_filtered,master,26,30390,0.9335831899729664,0.0221626000000014,4.887766579185646e-07,0.2419034641894995,lr,20261001,32552,8556,41108,0.2280704840549459,0.2191675231243576,0.9969611968209444,r00,0.5547280893886213,S4-external,lr_c1,"{""C"": 1.0, ""class_weight"": null}",phiusiil,iscx_url2016_binary,0.92,2162,8530,f_all,35,"[""url_length"", ""hostname_length"", ""path_length"", ""query_length"", ""fragment_length"", ""digit_count"", ""letter_count"", ""special_char_count"", ""digit_ratio"", ""letter_ratio"", ""special_char_ratio"", ""dot_count"", ""hyphen_count"", ""underscore_count"", ""slash_count"", ""question_mark_count"", ""equals_sign_count"", ""percent_sign_count"", ""at_sign_count"", ""subdomain_depth"", ""path_segment_count"", ""query_parameter_count"", ""has_port"", ""has_userinfo"", ""host_is_ip"", ""tld_length"", ""registrable_domain_length"", ""domain_digit_ratio"", ""domain_hyphen_ratio"", ""url_char_entropy"", ""longest_repeated_char_run"", ""char_type_transition_count"", ""token_count"", ""token_mean_length"", ""token_max_length""]",0.92
0.2668107535893081,0.5291006197648579,unfiltered,master,29,33216,0.93888857482051,0.0221626000000014,4.887766579185646e-07,0.2446062031160529,lr,20261001,35378,9965,45343,0.2358750533457677,0.2302558398220244,0.9970898143502258,r00,0.5434018442694039,S4-external,lr_c1,"{""C"": 1.0, ""class_weight"": null}",phiusiil,iscx_url2016_binary,0.92,2162,9936,f_all,35,"[""url_length"", ""hostname_length"", ""path_length"", ""query_length"", ""fragment_length"", ""digit_count"", ""letter_count"", ""special_char_count"", ""digit_ratio"", ""letter_ratio"", ""special_char_ratio"", ""dot_count"", ""hyphen_count"", ""underscore_count"", ""slash_count"", ""question_mark_count"", ""equals_sign_count"", ""percent_sign_count"", ""at_sign_count"", ""subdomain_depth"", ""path_segment_count"", ""query_parameter_count"", ""has_port"", ""has_userinfo"", ""host_is_ip"", ""tld_length"", ""registrable_domain_length"", ""domain_digit_ratio"", ""domain_hyphen_ratio"", ""url_char_entropy"", ""longest_repeated_char_run"", ""char_type_transition_count"", ""token_count"", ""token_mean_length"", ""token_max_length""]",0.92
0.23394473095261262,0.5155646675033329,primary_domain_filtered,master,17,31474,0.9668837552224133,0.00994319999999993,2.1928853406258806e-07,0.20785024931291463,lr,20261001,32552,8556,41108,0.21721755326721415,0.21340564316597105,0.998013090229079,r00,0.5262098192429997,S4-external,lr_c1,"{""C"": 1.0, ""class_weight"": null}",phiusiil,iscx_url2016_binary,0.91,1078,8539,f_single,15,"[""hostname_length"", ""letter_count"", ""path_length"", ""path_segment_count"", ""query_length"", ""url_length"", ""question_mark_count"", ""slash_count"", ""dot_count"", ""token_mean_length"", ""hyphen_count"", ""longest_repeated_char_run"", ""query_parameter_count"", ""token_max_length"", ""digit_ratio""]",0.91
0.24299230311183645,0.5139810666974299,unfiltered,master,25,34300,0.9695290858725761,0.00994319999999993,2.1928853406258806e-07,0.2129275457400912,lr,20261001,35378,9965,45343,0.22565466188536373,0.22468354430379747,0.997491219267436,r00,0.5165495410657296,S4-external,lr_c1,"{""C"": 1.0, ""class_weight"": null}",phiusiil,iscx_url2016_binary,0.91,1078,9940,f_single,15,"[""hostname_length"", ""letter_count"", ""path_length"", ""path_segment_count"", ""query_length"", ""url_length"", ""question_mark_count"", ""slash_count"", ""dot_count"", ""token_mean_length"", ""hyphen_count"", ""longest_repeated_char_run"", ""query_parameter_count"", ""token_max_length"", ""digit_ratio""]",0.91
0.23194998540430087,0.5143482227623057,primary_domain_filtered,master,16,31557,0.9694335217498157,0.008650700000000011,1.9078358291246745e-07,0.20517448521899392,lr,20261001,32552,8556,41108,0.21689102956531614,0.21298351497618276,0.9981299672744273,r00,0.5252822602906088,S4-external,lr_c1,"{""C"": 1.0, ""class_weight"": null}",phiusiil,iscx_url2016_binary,0.91,995,8540,f_stable,13,"[""letter_count"", ""hostname_length"", ""path_segment_count"", ""query_length"", ""path_length"", ""url_length"", ""slash_count"", ""dot_count"", ""token_mean_length"", ""question_mark_count"", ""token_max_length"", ""hyphen_count"", ""longest_repeated_char_run""]",0.91
0.2411838652052136,0.5128581969166377,unfiltered,master,24,34383,0.9718751766634631,0.008650700000000011,1.9078358291246745e-07,0.2104500189984676,lr,20261001,35378,9965,45343,0.2253823518207771,0.22428029961194837,0.9975915704967386,r00,0.5157595183685609,S4-external,lr_c1,"{""C"": 1.0, ""class_weight"": null}",phiusiil,iscx_url2016_binary,0.91,995,9941,f_stable,13,"[""letter_count"", ""hostname_length"", ""path_segment_count"", ""query_length"", ""path_length"", ""url_length"", ""slash_count"", ""dot_count"", ""token_mean_length"", ""question_mark_count"", ""token_max_length"", ""hyphen_count"", ""longest_repeated_char_run""]",0.91
0.2078427556679965,0.4992987377279102,primary_domain_filtered,master,12,32552,1.0,0.069092300000193,1.523769931415942e-06,0.1720776605171997,rf,20261001,32552,8556,41108,0.1944548006536832,0.2079034455908117,0.9985974754558204,r00,0.4576542422259961,S4-external,rf_depth24_leaf2,"{""class_weight"": null, ""max_depth"": 24, ""max_features"": ""sqrt"", ""min_samples_leaf"": 2, ""n_estimators"": 200}",phiusiil,iscx_url2016_binary,0.8,0,8544,f_all,35,"[""url_length"", ""hostname_length"", ""path_length"", ""query_length"", ""fragment_length"", ""digit_count"", ""letter_count"", ""special_char_count"", ""digit_ratio"", ""letter_ratio"", ""special_char_ratio"", ""dot_count"", ""hyphen_count"", ""underscore_count"", ""slash_count"", ""question_mark_count"", ""equals_sign_count"", ""percent_sign_count"", ""at_sign_count"", ""subdomain_depth"", ""path_segment_count"", ""query_parameter_count"", ""has_port"", ""has_userinfo"", ""host_is_ip"", ""tld_length"", ""registrable_domain_length"", ""domain_digit_ratio"", ""domain_hyphen_ratio"", ""url_char_entropy"", ""longest_repeated_char_run"", ""char_type_transition_count"", ""token_count"", ""token_mean_length"", ""token_max_length""]",0.8
0.2194826103257393,0.4993477170095333,unfiltered,master,13,35378,1.0,0.069092300000193,1.523769931415942e-06,0.179980106700425,rf,20261001,35378,9965,45343,0.2049624735646109,0.2195455548202073,0.9986954340190668,r00,0.4559141431666381,S4-external,rf_depth24_leaf2,"{""class_weight"": null, ""max_depth"": 24, ""max_features"": ""sqrt"", ""min_samples_leaf"": 2, ""n_estimators"": 200}",phiusiil,iscx_url2016_binary,0.8,0,9952,f_all,35,"[""url_length"", ""hostname_length"", ""path_length"", ""query_length"", ""fragment_length"", ""digit_count"", ""letter_count"", ""special_char_count"", ""digit_ratio"", ""letter_ratio"", ""special_char_ratio"", ""dot_count"", ""hyphen_count"", ""underscore_count"", ""slash_count"", ""question_mark_count"", ""equals_sign_count"", ""percent_sign_count"", ""at_sign_count"", ""subdomain_depth"", ""path_segment_count"", ""query_parameter_count"", ""has_port"", ""has_userinfo"", ""host_is_ip"", ""tld_length"", ""registrable_domain_length"", ""domain_digit_ratio"", ""domain_hyphen_ratio"", ""url_char_entropy"", ""longest_repeated_char_run"", ""char_type_transition_count"", ""token_count"", ""token_mean_length"", ""token_max_length""]",0.8
0.20789140799844313,0.4994156147732585,primary_domain_filtered,master,10,32552,1.0,0.10059640000000014,2.2185651588999436e-06,0.17211100817658195,rf,20261001,32552,8556,41108,0.1993818966220999,0.20794199231106136,0.998831229546517,r00,0.47309686778997323,S4-external,rf_depth24_leaf2,"{""class_weight"": null, ""max_depth"": 24, ""max_features"": ""sqrt"", ""min_samples_leaf"": 2, ""n_estimators"": 200}",phiusiil,iscx_url2016_binary,0.71,0,8546,f_single,15,"[""longest_repeated_char_run"", ""hostname_length"", ""subdomain_depth"", ""letter_ratio"", ""registrable_domain_length"", ""url_length"", ""path_length"", ""token_mean_length"", ""path_segment_count"", ""digit_count"", ""token_max_length"", ""special_char_ratio"", ""digit_ratio"", ""letter_count"", ""char_type_transition_count""]",0.71
0.2195487726881768,0.4994982438534872,unfiltered,master,10,35378,1.0,0.10059640000000014,2.2185651588999436e-06,0.18002459401786683,rf,20261001,35378,9965,45343,0.21039130035748482,0.21959720292060972,0.9989964877069744,r00,0.472306891464237,S4-external,rf_depth24_leaf2,"{""class_weight"": null, ""max_depth"": 24, ""max_features"": ""sqrt"", ""min_samples_leaf"": 2, ""n_estimators"": 200}",phiusiil,iscx_url2016_binary,0.71,0,9955,f_single,15,"[""longest_repeated_char_run"", ""hostname_length"", ""subdomain_depth"", ""letter_ratio"", ""registrable_domain_length"", ""url_length"", ""path_length"", ""token_mean_length"", ""path_segment_count"", ""digit_count"", ""token_max_length"", ""special_char_ratio"", ""digit_ratio"", ""letter_count"", ""char_type_transition_count""]",0.71
0.20789140799844313,0.4994156147732585,primary_domain_filtered,master,10,32552,1.0,0.08304009999999984,1.831376397679903e-06,0.17211100817658195,rf,20261001,32552,8556,41108,0.19381787189803848,0.20794199231106136,0.998831229546517,r00,0.4557086282690674,S4-external,rf_depth24_leaf2,"{""class_weight"": null, ""max_depth"": 24, ""max_features"": ""sqrt"", ""min_samples_leaf"": 2, ""n_estimators"": 200}",phiusiil,iscx_url2016_binary,0.73,0,8546,f_stable,14,"[""longest_repeated_char_run"", ""hostname_length"", ""subdomain_depth"", ""registrable_domain_length"", ""path_length"", ""letter_ratio"", ""url_length"", ""char_type_transition_count"", ""token_mean_length"", ""path_segment_count"", ""token_max_length"", ""special_char_ratio"", ""digit_count"", ""digit_ratio""]",0.73
0.2195487726881768,0.4994982438534872,unfiltered,master,10,35378,1.0,0.08304009999999984,1.831376397679903e-06,0.18002459401786683,rf,20261001,35378,9965,45343,0.2052814265311702,0.21959720292060972,0.9989964877069744,r00,0.4569818535261793,S4-external,rf_depth24_leaf2,"{""class_weight"": null, ""max_depth"": 24, ""max_features"": ""sqrt"", ""min_samples_leaf"": 2, ""n_estimators"": 200}",phiusiil,iscx_url2016_binary,0.73,0,9955,f_stable,14,"[""longest_repeated_char_run"", ""hostname_length"", ""subdomain_depth"", ""registrable_domain_length"", ""path_length"", ""letter_ratio"", ""url_length"", ""char_type_transition_count"", ""token_mean_length"", ""path_segment_count"", ""token_max_length"", ""special_char_ratio"", ""digit_count"", ""digit_ratio""]",0.73
0.2078914079984431,0.4994156147732585,primary_domain_filtered,master,10,32552,1.0,0.0281655999999657,6.21167545155056e-07,0.1721110081765819,xgb,20261001,32552,8556,41108,0.1160233028178604,0.2079419923110613,0.998831229546517,r00,0.0722969817142142,S4-external,xgb_d6_lr01_balanced,"{""colsample_bytree"": 0.9, ""learning_rate"": 0.1, ""max_depth"": 6, ""n_estimators"": 200, ""reg_lambda"": 1.0, ""scale_pos_weight"": 1.3542591267000716, ""subsample"": 0.9}",phiusiil,iscx_url2016_binary,0.89,0,8546,f_all,35,"[""url_length"", ""hostname_length"", ""path_length"", ""query_length"", ""fragment_length"", ""digit_count"", ""letter_count"", ""special_char_count"", ""digit_ratio"", ""letter_ratio"", ""special_char_ratio"", ""dot_count"", ""hyphen_count"", ""underscore_count"", ""slash_count"", ""question_mark_count"", ""equals_sign_count"", ""percent_sign_count"", ""at_sign_count"", ""subdomain_depth"", ""path_segment_count"", ""query_parameter_count"", ""has_port"", ""has_userinfo"", ""host_is_ip"", ""tld_length"", ""registrable_domain_length"", ""domain_digit_ratio"", ""domain_hyphen_ratio"", ""url_char_entropy"", ""longest_repeated_char_run"", ""char_type_transition_count"", ""token_count"", ""token_mean_length"", ""token_max_length""]",0.89
0.2194385020841144,0.4992473657802308,unfiltered,master,15,35378,1.0,0.0281655999999657,6.21167545155056e-07,0.1799504458068833,xgb,20261001,35378,9965,45343,0.1256499364716834,0.2195111189551712,0.9984947315604616,r00,0.0964338580361697,S4-external,xgb_d6_lr01_balanced,"{""colsample_bytree"": 0.9, ""learning_rate"": 0.1, ""max_depth"": 6, ""n_estimators"": 200, ""reg_lambda"": 1.0, ""scale_pos_weight"": 1.3542591267000716, ""subsample"": 0.9}",phiusiil,iscx_url2016_binary,0.89,0,9950,f_all,35,"[""url_length"", ""hostname_length"", ""path_length"", ""query_length"", ""fragment_length"", ""digit_count"", ""letter_count"", ""special_char_count"", ""digit_ratio"", ""letter_ratio"", ""special_char_ratio"", ""dot_count"", ""hyphen_count"", ""underscore_count"", ""slash_count"", ""question_mark_count"", ""equals_sign_count"", ""percent_sign_count"", ""at_sign_count"", ""subdomain_depth"", ""path_segment_count"", ""query_parameter_count"", ""has_port"", ""has_userinfo"", ""host_is_ip"", ""tld_length"", ""registrable_domain_length"", ""domain_digit_ratio"", ""domain_hyphen_ratio"", ""url_char_entropy"", ""longest_repeated_char_run"", ""char_type_transition_count"", ""token_count"", ""token_mean_length"", ""token_max_length""]",0.89
0.20796438649411306,0.499590930341281,primary_domain_filtered,master,7,32552,1.0,0.028520700000000065,6.289989634563233e-07,0.17216102462895463,xgb,20261001,32552,8556,41108,0.11585082351951277,0.20799980535753387,0.999181860682562,r00,0.06537944007823895,S4-external,xgb_d6_lr01_balanced,"{""colsample_bytree"": 0.9, ""learning_rate"": 0.1, ""max_depth"": 6, ""n_estimators"": 200, ""reg_lambda"": 1.0, ""scale_pos_weight"": 1.3542591267000716, ""subsample"": 0.9}",phiusiil,iscx_url2016_binary,0.82,0,8549,f_single,15,"[""hostname_length"", ""longest_repeated_char_run"", ""url_length"", ""path_length"", ""registrable_domain_length"", ""subdomain_depth"", ""token_max_length"", ""token_mean_length"", ""char_type_transition_count"", ""digit_count"", ""dot_count"", ""letter_ratio"", ""special_char_ratio"", ""letter_count"", ""slash_count""]",0.82
0.2195487726881768,0.4994982438534872,unfiltered,master,10,35378,1.0,0.028520700000000065,6.289989634563233e-07,0.18002459401786683,xgb,20261001,35378,9965,45343,0.12553445972107308,0.21959720292060972,0.9989964877069744,r00,0.06960134539518537,S4-external,xgb_d6_lr01_balanced,"{""colsample_bytree"": 0.9, ""learning_rate"": 0.1, ""max_depth"": 6, ""n_estimators"": 200, ""reg_lambda"": 1.0, ""scale_pos_weight"": 1.3542591267000716, ""subsample"": 0.9}",phiusiil,iscx_url2016_binary,0.82,0,9955,f_single,15,"[""hostname_length"", ""longest_repeated_char_run"", ""url_length"", ""path_length"", ""registrable_domain_length"", ""subdomain_depth"", ""token_max_length"", ""token_mean_length"", ""char_type_transition_count"", ""digit_count"", ""dot_count"", ""letter_ratio"", ""special_char_ratio"", ""letter_count"", ""slash_count""]",0.82
0.2078427556679965,0.4992987377279102,primary_domain_filtered,master,12,32552,1.0,0.02994029999999981,6.603069933617054e-07,0.17207766051719972,xgb,20261001,32552,8556,41108,0.1187345673833742,0.20790344559081175,0.9985974754558204,r00,0.0987279004292596,S4-external,xgb_d6_lr01_balanced,"{""colsample_bytree"": 0.9, ""learning_rate"": 0.1, ""max_depth"": 6, ""n_estimators"": 200, ""reg_lambda"": 1.0, ""scale_pos_weight"": 1.3542591267000716, ""subsample"": 0.9}",phiusiil,iscx_url2016_binary,0.92,0,8544,f_stable,14,"[""hostname_length"", ""longest_repeated_char_run"", ""url_length"", ""path_length"", ""registrable_domain_length"", ""subdomain_depth"", ""token_max_length"", ""char_type_transition_count"", ""dot_count"", ""token_mean_length"", ""letter_ratio"", ""digit_count"", ""letter_count"", ""slash_count""]",0.92
0.219372339721677,0.499096838936277,unfiltered,master,18,35378,1.0,0.02994029999999981,6.603069933617054e-07,0.1799059504431181,xgb,20261001,35378,9965,45343,0.13000137557699037,0.21945945945945947,0.998193677872554,r00,0.13843450664016355,S4-external,xgb_d6_lr01_balanced,"{""colsample_bytree"": 0.9, ""learning_rate"": 0.1, ""max_depth"": 6, ""n_estimators"": 200, ""reg_lambda"": 1.0, ""scale_pos_weight"": 1.3542591267000716, ""subsample"": 0.9}",phiusiil,iscx_url2016_binary,0.92,0,9947,f_stable,14,"[""hostname_length"", ""longest_repeated_char_run"", ""url_length"", ""path_length"", ""registrable_domain_length"", ""subdomain_depth"", ""token_max_length"", ""char_type_transition_count"", ""dot_count"", ""token_mean_length"", ""letter_ratio"", ""digit_count"", ""letter_count"", ""slash_count""]",0.92
0.2568089603731869,0.5313113830324082,primary_domain_filtered,master,24,30565,0.934538005258974,0.0200108999999883,4.4132280616607627e-07,0.2390485755665255,lr,20261002,32706,8453,41159,0.2244256560849926,0.2161614607375493,0.9971607713237904,r01,0.5530012122598987,S4-external,lr_c1,"{""C"": 1.0, ""class_weight"": null}",phiusiil,iscx_url2016_binary,0.86,2141,8429,f_all,35,"[""url_length"", ""hostname_length"", ""path_length"", ""query_length"", ""fragment_length"", ""digit_count"", ""letter_count"", ""special_char_count"", ""digit_ratio"", ""letter_ratio"", ""special_char_ratio"", ""dot_count"", ""hyphen_count"", ""underscore_count"", ""slash_count"", ""question_mark_count"", ""equals_sign_count"", ""percent_sign_count"", ""at_sign_count"", ""subdomain_depth"", ""path_segment_count"", ""query_parameter_count"", ""has_port"", ""has_userinfo"", ""host_is_ip"", ""tld_length"", ""registrable_domain_length"", ""domain_digit_ratio"", ""domain_hyphen_ratio"", ""url_char_entropy"", ""longest_repeated_char_run"", ""char_type_transition_count"", ""token_count"", ""token_mean_length"", ""token_max_length""]",0.86
0.2664137794146836,0.5289183094530898,unfiltered,master,27,33236,0.9394538979026512,0.0200108999999883,4.4132280616607627e-07,0.2440674495144742,lr,20261002,35378,9965,45343,0.2354844820110902,0.2301848334645851,0.997290516808831,r01,0.5424504463683835,S4-external,lr_c1,"{""C"": 1.0, ""class_weight"": null}",phiusiil,iscx_url2016_binary,0.86,2142,9938,f_all,35,"[""url_length"", ""hostname_length"", ""path_length"", ""query_length"", ""fragment_length"", ""digit_count"", ""letter_count"", ""special_char_count"", ""digit_ratio"", ""letter_ratio"", ""special_char_ratio"", ""dot_count"", ""hyphen_count"", ""underscore_count"", ""slash_count"", ""question_mark_count"", ""equals_sign_count"", ""percent_sign_count"", ""at_sign_count"", ""subdomain_depth"", ""path_segment_count"", ""query_parameter_count"", ""has_port"", ""has_userinfo"", ""host_is_ip"", ""tld_length"", ""registrable_domain_length"", ""domain_digit_ratio"", ""domain_hyphen_ratio"", ""url_char_entropy"", ""longest_repeated_char_run"", ""char_type_transition_count"", ""token_count"", ""token_mean_length"", ""token_max_length""]",0.86
0.22916008649384095,0.5142648666596943,primary_domain_filtered,master,16,31711,0.9695774475631382,0.017804400000000165,3.9266038859361234e-07,0.2031075871176372,lr,20261002,32706,8453,41159,0.21345120077117968,0.210147454418651,0.9981071808825269,r01,0.5236257172719796,S4-external,lr_c1,"{""C"": 1.0, ""class_weight"": null}",phiusiil,iscx_url2016_binary,0.94,995,8437,f_single,15,"[""hostname_length"", ""letter_count"", ""query_length"", ""path_segment_count"", ""path_length"", ""url_length"", ""question_mark_count"", ""slash_count"", ""dot_count"", ""token_mean_length"", ""query_parameter_count"", ""token_max_length"", ""longest_repeated_char_run"", ""hyphen_count"", ""digit_ratio""]",0.94
0.24113975696358864,0.5127218031497375,unfiltered,master,27,34382,0.9718469105093561,0.017804400000000165,3.9266038859361234e-07,0.2104327155418223,lr,20261002,35378,9965,45343,0.22487196295908135,0.22423285198555956,0.997290516808831,r01,0.5143830672887357,S4-external,lr_c1,"{""C"": 1.0, ""class_weight"": null}",phiusiil,iscx_url2016_binary,0.94,996,9938,f_single,15,"[""hostname_length"", ""letter_count"", ""query_length"", ""path_segment_count"", ""path_length"", ""url_length"", ""question_mark_count"", ""slash_count"", ""dot_count"", ""token_mean_length"", ""query_parameter_count"", ""token_max_length"", ""longest_repeated_char_run"", ""hyphen_count"", ""digit_ratio""]",0.94
0.23083651206297529,0.5151881303324836,primary_domain_filtered,master,19,31639,0.9673760166330337,0.019050299999999964,4.2013761771386903e-07,0.20537925491403236,lr,20261002,32706,8453,41159,0.21451865260675038,0.2104658997329873,0.9977522772980008,r01,0.5266105255769853,S4-external,lr_c1,"{""C"": 1.0, ""class_weight"": null}",phiusiil,iscx_url2016_binary,0.94,1067,8434,f_stable,14,"[""letter_count"", ""hostname_length"", ""path_length"", ""path_segment_count"", ""query_length"", ""url_length"", ""slash_count"", ""dot_count"", ""question_mark_count"", ""token_mean_length"", ""token_max_length"", ""longest_repeated_char_run"", ""hyphen_count"", ""query_parameter_count""]",0.94
0.2427055995412743,0.5136892090829407,unfiltered,master,28,34310,0.969811747413647,0.019050299999999964,4.2013761771386903e-07,0.21258003237750348,lr,20261002,35378,9965,45343,0.22593606956724915,0.22458019752751598,0.9971901655795283,r01,0.5172826414299787,S4-external,lr_c1,"{""C"": 1.0, ""class_weight"": null}",phiusiil,iscx_url2016_binary,0.94,1068,9937,f_stable,14,"[""letter_count"", ""hostname_length"", ""path_length"", ""path_segment_count"", ""query_length"", ""url_length"", ""slash_count"", ""dot_count"", ""question_mark_count"", ""token_mean_length"", ""token_max_length"", ""longest_repeated_char_run"", ""hyphen_count"", ""query_parameter_count""]",0.94
0.2050827279574333,0.4992901928309476,primary_domain_filtered,master,12,32706,1.0,0.1948251000001164,4.29669629270486e-06,0.1701814516129032,rf,20261002,32706,8453,41159,0.192011013737016,0.2051425377305757,0.9985803856618952,r01,0.4586887387918517,S4-external,rf_depth24_leaf2,"{""class_weight"": null, ""max_depth"": 24, ""max_features"": ""sqrt"", ""min_samples_leaf"": 2, ""n_estimators"": 200}",phiusiil,iscx_url2016_binary,0.86,0,8441,f_all,35,"[""url_length"", ""hostname_length"", ""path_length"", ""query_length"", ""fragment_length"", ""digit_count"", ""letter_count"", ""special_char_count"", ""digit_ratio"", ""letter_ratio"", ""special_char_ratio"", ""dot_count"", ""hyphen_count"", ""underscore_count"", ""slash_count"", ""question_mark_count"", ""equals_sign_count"", ""percent_sign_count"", ""at_sign_count"", ""subdomain_depth"", ""path_segment_count"", ""query_parameter_count"", ""has_port"", ""has_userinfo"", ""host_is_ip"", ""tld_length"", ""registrable_domain_length"", ""domain_digit_ratio"", ""domain_hyphen_ratio"", ""url_char_entropy"", ""longest_repeated_char_run"", ""char_type_transition_count"", ""token_count"", ""token_mean_length"", ""token_max_length""]",0.86
0.2194164479633019,0.4991971901655795,unfiltered,master,16,35378,1.0,0.1948251000001164,4.29669629270486e-06,0.179935614555451,rf,20261002,35378,9965,45343,0.2052803570465328,0.2194938998830719,0.998394380331159,r01,0.4573180987886911,S4-external,rf_depth24_leaf2,"{""class_weight"": null, ""max_depth"": 24, ""max_features"": ""sqrt"", ""min_samples_leaf"": 2, ""n_estimators"": 200}",phiusiil,iscx_url2016_binary,0.86,0,9949,f_all,35,"[""url_length"", ""hostname_length"", ""path_length"", ""query_length"", ""fragment_length"", ""digit_count"", ""letter_count"", ""special_char_count"", ""digit_ratio"", ""letter_ratio"", ""special_char_ratio"", ""dot_count"", ""hyphen_count"", ""underscore_count"", ""slash_count"", ""question_mark_count"", ""equals_sign_count"", ""percent_sign_count"", ""at_sign_count"", ""subdomain_depth"", ""path_segment_count"", ""query_parameter_count"", ""has_port"", ""has_userinfo"", ""host_is_ip"", ""tld_length"", ""registrable_domain_length"", ""domain_digit_ratio"", ""domain_hyphen_ratio"", ""url_char_entropy"", ""longest_repeated_char_run"", ""char_type_transition_count"", ""token_count"", ""token_mean_length"", ""token_max_length""]",0.86
0.20508272795743338,0.4992463299483189,primary_domain_filtered,master,13,32705,0.9999694245704153,0.0659673999999999,1.4548530092847826e-06,0.17019871428879882,rf,20261002,32706,8453,41159,0.19241808980434585,0.20512820512820512,0.9984620844670531,r01,0.4595048148398211,S4-external,rf_depth24_leaf2,"{""class_weight"": null, ""max_depth"": 24, ""max_features"": ""sqrt"", ""min_samples_leaf"": 2, ""n_estimators"": 200}",phiusiil,iscx_url2016_binary,0.84,1,8440,f_single,15,"[""longest_repeated_char_run"", ""hostname_length"", ""subdomain_depth"", ""letter_ratio"", ""url_length"", ""registrable_domain_length"", ""path_length"", ""token_mean_length"", ""path_segment_count"", ""token_max_length"", ""digit_count"", ""letter_count"", ""digit_ratio"", ""char_type_transition_count"", ""special_char_ratio""]",0.84
0.21939439384248946,0.49911097201333054,unfiltered,master,18,35377,0.9999717338458929,0.0659673999999999,1.4548530092847826e-06,0.17993745534425307,rf,20261002,35378,9965,45343,0.2038471375693774,0.21946430147383283,0.998193677872554,r01,0.4524439926650394,S4-external,rf_depth24_leaf2,"{""class_weight"": null, ""max_depth"": 24, ""max_features"": ""sqrt"", ""min_samples_leaf"": 2, ""n_estimators"": 200}",phiusiil,iscx_url2016_binary,0.84,1,9947,f_single,15,"[""longest_repeated_char_run"", ""hostname_length"", ""subdomain_depth"", ""letter_ratio"", ""url_length"", ""registrable_domain_length"", ""path_length"", ""token_mean_length"", ""path_segment_count"", ""token_max_length"", ""digit_count"", ""letter_count"", ""digit_ratio"", ""char_type_transition_count"", ""special_char_ratio""]",0.84
0.20508272795743338,0.4992463299483189,primary_domain_filtered,master,13,32705,0.9999694245704153,0.07965019999999967,1.7566151335376942e-06,0.17019871428879882,rf,20261002,32706,8453,41159,0.19328921807171778,0.20512820512820512,0.9984620844670531,r01,0.4623917821318665,S4-external,rf_depth24_leaf2,"{""class_weight"": null, ""max_depth"": 24, ""max_features"": ""sqrt"", ""min_samples_leaf"": 2, ""n_estimators"": 200}",phiusiil,iscx_url2016_binary,0.85,1,8440,f_stable,14,"[""longest_repeated_char_run"", ""hostname_length"", ""subdomain_depth"", ""registrable_domain_length"", ""letter_ratio"", ""path_length"", ""url_length"", ""char_type_transition_count"", ""path_segment_count"", ""token_mean_length"", ""token_max_length"", ""special_char_ratio"", ""digit_count"", ""digit_ratio""]",0.85
0.21941644796330195,0.4991611476279818,unfiltered,master,17,35377,0.9999717338458929,0.07965019999999967,1.7566151335376942e-06,0.17995228867622676,rf,20261002,35378,9965,45343,0.20770169948397385,0.2194815223386652,0.9982940291018565,r01,0.4643259549074143,S4-external,rf_depth24_leaf2,"{""class_weight"": null, ""max_depth"": 24, ""max_features"": ""sqrt"", ""min_samples_leaf"": 2, ""n_estimators"": 200}",phiusiil,iscx_url2016_binary,0.85,1,9948,f_stable,14,"[""longest_repeated_char_run"", ""hostname_length"", ""subdomain_depth"", ""registrable_domain_length"", ""letter_ratio"", ""path_length"", ""url_length"", ""char_type_transition_count"", ""path_segment_count"", ""token_mean_length"", ""token_max_length"", ""special_char_ratio"", ""digit_count"", ""digit_ratio""]",0.85
0.205277096139362,0.4997633976103158,primary_domain_filtered,master,4,32706,1.0,0.0594068000000334,1.310164744283206e-06,0.170315271730366,xgb,20261002,32706,8453,41159,0.1149543387310135,0.2052970477463248,0.9995267952206316,r01,0.0782954444331662,S4-external,xgb_d6_lr01_balanced,"{""colsample_bytree"": 0.9, ""learning_rate"": 0.1, ""max_depth"": 6, ""n_estimators"": 200, ""reg_lambda"": 1.0, ""scale_pos_weight"": 1.3542785150825352, ""subsample"": 0.9}",phiusiil,iscx_url2016_binary,0.8,0,8449,f_all,35,"[""url_length"", ""hostname_length"", ""path_length"", ""query_length"", ""fragment_length"", ""digit_count"", ""letter_count"", ""special_char_count"", ""digit_ratio"", ""letter_ratio"", ""special_char_ratio"", ""dot_count"", ""hyphen_count"", ""underscore_count"", ""slash_count"", ""question_mark_count"", ""equals_sign_count"", ""percent_sign_count"", ""at_sign_count"", ""subdomain_depth"", ""path_segment_count"", ""query_parameter_count"", ""has_port"", ""has_userinfo"", ""host_is_ip"", ""tld_length"", ""registrable_domain_length"", ""domain_digit_ratio"", ""domain_hyphen_ratio"", ""url_char_entropy"", ""longest_repeated_char_run"", ""char_type_transition_count"", ""token_count"", ""token_mean_length"", ""token_max_length""]",0.8
0.2196149350506142,0.499648770697441,unfiltered,master,7,35378,1.0,0.0594068000000334,1.310164744283206e-06,0.1800690765085622,xgb,20261002,35378,9965,45343,0.1259236999526715,0.2196488441856361,0.999297541394882,r01,0.0803085461334127,S4-external,xgb_d6_lr01_balanced,"{""colsample_bytree"": 0.9, ""learning_rate"": 0.1, ""max_depth"": 6, ""n_estimators"": 200, ""reg_lambda"": 1.0, ""scale_pos_weight"": 1.3542785150825352, ""subsample"": 0.9}",phiusiil,iscx_url2016_binary,0.8,0,9958,f_all,35,"[""url_length"", ""hostname_length"", ""path_length"", ""query_length"", ""fragment_length"", ""digit_count"", ""letter_count"", ""special_char_count"", ""digit_ratio"", ""letter_ratio"", ""special_char_ratio"", ""dot_count"", ""hyphen_count"", ""underscore_count"", ""slash_count"", ""question_mark_count"", ""equals_sign_count"", ""percent_sign_count"", ""at_sign_count"", ""subdomain_depth"", ""path_segment_count"", ""query_parameter_count"", ""has_port"", ""has_userinfo"", ""host_is_ip"", ""tld_length"", ""registrable_domain_length"", ""domain_digit_ratio"", ""domain_hyphen_ratio"", ""url_char_entropy"", ""longest_repeated_char_run"", ""char_type_transition_count"", ""token_count"", ""token_mean_length"", ""token_max_length""]",0.8
0.20532568818484415,0.4998816988051579,primary_domain_filtered,master,2,32706,1.0,0.026656400000000247,5.878834660256323e-07,0.17034872001612578,xgb,20261002,32706,8453,41159,0.1160181733911445,0.20533566586485896,0.9997633976103159,r01,0.09000967352624782,S4-external,xgb_d6_lr01_balanced,"{""colsample_bytree"": 0.9, ""learning_rate"": 0.1, ""max_depth"": 6, ""n_estimators"": 200, ""reg_lambda"": 1.0, ""scale_pos_weight"": 1.3542785150825352, ""subsample"": 0.9}",phiusiil,iscx_url2016_binary,0.78,0,8451,f_single,15,"[""hostname_length"", ""longest_repeated_char_run"", ""url_length"", ""path_length"", ""token_max_length"", ""subdomain_depth"", ""registrable_domain_length"", ""char_type_transition_count"", ""dot_count"", ""digit_count"", ""slash_count"", ""token_mean_length"", ""letter_ratio"", ""special_char_ratio"", ""letter_count""]",0.78
0.2197031515338641,0.49984947315604616,unfiltered,master,3,35378,1.0,0.026656400000000247,5.878834660256323e-07,0.18012837898924147,xgb,20261002,35378,9965,45343,0.1289566216262456,0.21971768857520954,0.9996989463120923,r01,0.13178800486535258,S4-external,xgb_d6_lr01_balanced,"{""colsample_bytree"": 0.9, ""learning_rate"": 0.1, ""max_depth"": 6, ""n_estimators"": 200, ""reg_lambda"": 1.0, ""scale_pos_weight"": 1.3542785150825352, ""subsample"": 0.9}",phiusiil,iscx_url2016_binary,0.78,0,9962,f_single,15,"[""hostname_length"", ""longest_repeated_char_run"", ""url_length"", ""path_length"", ""token_max_length"", ""subdomain_depth"", ""registrable_domain_length"", ""char_type_transition_count"", ""dot_count"", ""digit_count"", ""slash_count"", ""token_mean_length"", ""letter_ratio"", ""special_char_ratio"", ""letter_count""]",0.78
0.205277096139362,0.49976339761031585,primary_domain_filtered,master,4,32706,1.0,0.028385400000000338,6.260150409104015e-07,0.17031527173036606,xgb,20261002,32706,8453,41159,0.11602594620600955,0.20529704774632487,0.9995267952206317,r01,0.08825933779153695,S4-external,xgb_d6_lr01_balanced,"{""colsample_bytree"": 0.9, ""learning_rate"": 0.1, ""max_depth"": 6, ""n_estimators"": 200, ""reg_lambda"": 1.0, ""scale_pos_weight"": 1.3542785150825352, ""subsample"": 0.9}",phiusiil,iscx_url2016_binary,0.84,0,8449,f_stable,15,"[""hostname_length"", ""longest_repeated_char_run"", ""url_length"", ""path_length"", ""registrable_domain_length"", ""subdomain_depth"", ""token_max_length"", ""char_type_transition_count"", ""dot_count"", ""letter_ratio"", ""digit_count"", ""token_mean_length"", ""slash_count"", ""letter_count"", ""special_char_ratio""]",0.84
0.21961493505061422,0.49964877069744107,unfiltered,master,7,35378,1.0,0.028385400000000338,6.260150409104015e-07,0.18006907650856224,xgb,20261002,35378,9965,45343,0.12732285412134473,0.21964884418563613,0.9992975413948821,r01,0.10859634448422949,S4-external,xgb_d6_lr01_balanced,"{""colsample_bytree"": 0.9, ""learning_rate"": 0.1, ""max_depth"": 6, ""n_estimators"": 200, ""reg_lambda"": 1.0, ""scale_pos_weight"": 1.3542785150825352, ""subsample"": 0.9}",phiusiil,iscx_url2016_binary,0.84,0,9958,f_stable,15,"[""hostname_length"", ""longest_repeated_char_run"", ""url_length"", ""path_length"", ""registrable_domain_length"", ""subdomain_depth"", ""token_max_length"", ""char_type_transition_count"", ""dot_count"", ""letter_ratio"", ""digit_count"", ""token_mean_length"", ""slash_count"", ""letter_count"", ""special_char_ratio""]",0.84
0.2564749248229702,0.5314733796608863,primary_domain_filtered,master,20,30640,0.934687776455874,0.0799022000001059,1.7621727719847815e-06,0.2387398296642894,lr,20261003,32781,8455,41236,0.2241842300761869,0.2158669225847728,0.9976345357776464,r02,0.5532995135666472,S4-external,lr_c1,"{""C"": 1.0, ""class_weight"": null}",phiusiil,iscx_url2016_binary,0.84,2141,8435,f_all,35,"[""url_length"", ""hostname_length"", ""path_length"", ""query_length"", ""fragment_length"", ""digit_count"", ""letter_count"", ""special_char_count"", ""digit_ratio"", ""letter_ratio"", ""special_char_ratio"", ""dot_count"", ""hyphen_count"", ""underscore_count"", ""slash_count"", ""question_mark_count"", ""equals_sign_count"", ""percent_sign_count"", ""at_sign_count"", ""subdomain_depth"", ""path_segment_count"", ""query_parameter_count"", ""has_port"", ""has_userinfo"", ""host_is_ip"", ""tld_length"", ""registrable_domain_length"", ""domain_digit_ratio"", ""domain_hyphen_ratio"", ""url_char_entropy"", ""longest_repeated_char_run"", ""char_type_transition_count"", ""token_count"", ""token_mean_length"", ""token_max_length""]",0.84
0.2665019958979335,0.5291190119116949,unfiltered,master,23,33236,0.9394538979026512,0.0799022000001059,1.7621727719847815e-06,0.2441347196755762,lr,20261003,35378,9965,45343,0.2356796310291968,0.2302561489647505,0.9976919217260412,r02,0.5429457777442941,S4-external,lr_c1,"{""C"": 1.0, ""class_weight"": null}",phiusiil,iscx_url2016_binary,0.84,2142,9942,f_all,35,"[""url_length"", ""hostname_length"", ""path_length"", ""query_length"", ""fragment_length"", ""digit_count"", ""letter_count"", ""special_char_count"", ""digit_ratio"", ""letter_ratio"", ""special_char_ratio"", ""dot_count"", ""hyphen_count"", ""underscore_count"", ""slash_count"", ""question_mark_count"", ""equals_sign_count"", ""percent_sign_count"", ""at_sign_count"", ""subdomain_depth"", ""path_segment_count"", ""query_parameter_count"", ""has_port"", ""has_userinfo"", ""host_is_ip"", ""tld_length"", ""registrable_domain_length"", ""domain_digit_ratio"", ""domain_hyphen_ratio"", ""url_char_entropy"", ""longest_repeated_char_run"", ""char_type_transition_count"", ""token_count"", ""token_mean_length"", ""token_max_length""]",0.84
0.23001746047143273,0.514876526516285,primary_domain_filtered,master,19,31732,0.9679997559561941,0.01086380000000009,2.3959155768255495e-07,0.20448871453341524,lr,20261003,32781,8455,41236,0.2135643372203291,0.210017924716192,0.9977528089887641,r02,0.524914139533345,S4-external,lr_c1,"{""C"": 1.0, ""class_weight"": null}",phiusiil,iscx_url2016_binary,0.95,1049,8436,f_single,15,"[""letter_count"", ""hostname_length"", ""path_segment_count"", ""path_length"", ""url_length"", ""query_length"", ""slash_count"", ""dot_count"", ""token_mean_length"", ""question_mark_count"", ""token_max_length"", ""longest_repeated_char_run"", ""hyphen_count"", ""query_parameter_count"", ""digit_ratio""]",0.95
0.2422645171250248,0.5133344624666745,unfiltered,master,30,34328,0.9703205381875742,0.01086380000000009,2.3959155768255495e-07,0.21200820017588032,lr,20261003,35378,9965,45343,0.22537445338634954,0.2244538327722929,0.9969894631209232,r02,0.5157643532566368,S4-external,lr_c1,"{""C"": 1.0, ""class_weight"": null}",phiusiil,iscx_url2016_binary,0.95,1050,9935,f_single,15,"[""letter_count"", ""hostname_length"", ""path_segment_count"", ""path_length"", ""url_length"", ""query_length"", ""slash_count"", ""dot_count"", ""token_mean_length"", ""question_mark_count"", ""token_max_length"", ""longest_repeated_char_run"", ""hyphen_count"", ""query_parameter_count"", ""digit_ratio""]",0.95
0.22805315743525076,0.51377270635218,primary_domain_filtered,master,16,31816,0.9705622159177573,0.00978869999999965,2.1588117239705468e-07,0.20183227597834205,lr,20261003,32781,8455,41236,0.21327186813245663,0.20963855421686747,0.9981076286221171,r02,0.5240751234953119,S4-external,lr_c1,"{""C"": 1.0, ""class_weight"": null}",phiusiil,iscx_url2016_binary,0.94,965,8439,f_stable,14,"[""letter_count"", ""hostname_length"", ""path_segment_count"", ""path_length"", ""query_length"", ""url_length"", ""slash_count"", ""dot_count"", ""token_mean_length"", ""question_mark_count"", ""token_max_length"", ""hyphen_count"", ""longest_repeated_char_run"", ""query_parameter_count""]",0.94
0.24045607921840195,0.5122836777610779,unfiltered,master,27,34413,0.9727231612866754,0.00978869999999965,2.1588117239705468e-07,0.2094992018417544,lr,20261003,35378,9965,45343,0.22512206111566607,0.2240761200423891,0.997290516808831,r02,0.5150364579493658,S4-external,lr_c1,"{""C"": 1.0, ""class_weight"": null}",phiusiil,iscx_url2016_binary,0.94,965,9938,f_stable,14,"[""letter_count"", ""hostname_length"", ""path_segment_count"", ""path_length"", ""query_length"", ""url_length"", ""slash_count"", ""dot_count"", ""token_mean_length"", ""question_mark_count"", ""token_max_length"", ""hyphen_count"", ""longest_repeated_char_run"", ""query_parameter_count""]",0.94
0.2047482782035115,0.4992903607332939,primary_domain_filtered,master,12,32781,1.0,0.1950928999999632,4.302602386255062e-06,0.1699510859719398,rf,20261003,32781,8455,41236,0.1906707539093501,0.2048078789054919,0.9985807214665878,r02,0.4550735341618303,S4-external,rf_depth24_leaf2,"{""class_weight"": null, ""max_depth"": 24, ""max_features"": ""sqrt"", ""min_samples_leaf"": 2, ""n_estimators"": 200}",phiusiil,iscx_url2016_binary,0.81,0,8443,f_all,35,"[""url_length"", ""hostname_length"", ""path_length"", ""query_length"", ""fragment_length"", ""digit_count"", ""letter_count"", ""special_char_count"", ""digit_ratio"", ""letter_ratio"", ""special_char_ratio"", ""dot_count"", ""hyphen_count"", ""underscore_count"", ""slash_count"", ""question_mark_count"", ""equals_sign_count"", ""percent_sign_count"", ""at_sign_count"", ""subdomain_depth"", ""path_segment_count"", ""query_parameter_count"", ""has_port"", ""has_userinfo"", ""host_is_ip"", ""tld_length"", ""registrable_domain_length"", ""domain_digit_ratio"", ""domain_hyphen_ratio"", ""url_char_entropy"", ""longest_repeated_char_run"", ""char_type_transition_count"", ""token_count"", ""token_mean_length"", ""token_max_length""]",0.81
0.2194826103257393,0.4993477170095333,unfiltered,master,13,35378,1.0,0.1950928999999632,4.302602386255062e-06,0.179980106700425,rf,20261003,35378,9965,45343,0.2045917447665083,0.2195455548202073,0.9986954340190668,r02,0.4549084353890887,S4-external,rf_depth24_leaf2,"{""class_weight"": null, ""max_depth"": 24, ""max_features"": ""sqrt"", ""min_samples_leaf"": 2, ""n_estimators"": 200}",phiusiil,iscx_url2016_binary,0.81,0,9952,f_all,35,"[""url_length"", ""hostname_length"", ""path_length"", ""query_length"", ""fragment_length"", ""digit_count"", ""letter_count"", ""special_char_count"", ""digit_ratio"", ""letter_ratio"", ""special_char_ratio"", ""dot_count"", ""hyphen_count"", ""underscore_count"", ""slash_count"", ""question_mark_count"", ""equals_sign_count"", ""percent_sign_count"", ""at_sign_count"", ""subdomain_depth"", ""path_segment_count"", ""query_parameter_count"", ""has_port"", ""has_userinfo"", ""host_is_ip"", ""tld_length"", ""registrable_domain_length"", ""domain_digit_ratio"", ""domain_hyphen_ratio"", ""url_char_entropy"", ""longest_repeated_char_run"", ""char_type_transition_count"", ""token_count"", ""token_mean_length"", ""token_max_length""]",0.81
0.2047240275487438,0.4991873402600427,primary_domain_filtered,master,14,32780,0.9999694945242671,0.11974800000000041,2.640936859052123e-06,0.16995158017783757,rf,20261003,32781,8455,41236,0.19628153035506182,0.20477426554426142,0.9983441750443525,r02,0.47297387131137875,S4-external,rf_depth24_leaf2,"{""class_weight"": null, ""max_depth"": 24, ""max_features"": ""sqrt"", ""min_samples_leaf"": 2, ""n_estimators"": 200}",phiusiil,iscx_url2016_binary,0.85,1,8441,f_single,15,"[""longest_repeated_char_run"", ""hostname_length"", ""subdomain_depth"", ""letter_ratio"", ""registrable_domain_length"", ""url_length"", ""token_mean_length"", ""path_segment_count"", ""char_type_transition_count"", ""path_length"", ""digit_ratio"", ""digit_count"", ""special_char_ratio"", ""letter_count"", ""token_max_length""]",0.85
0.219372339721677,0.49906079639867923,unfiltered,master,19,35377,0.9999717338458929,0.11974800000000041,2.640936859052123e-06,0.17992262147576918,rf,20261003,35378,9965,45343,0.21067200751142265,0.21944707984908324,0.9980933266432513,r02,0.4733281193885195,S4-external,rf_depth24_leaf2,"{""class_weight"": null, ""max_depth"": 24, ""max_features"": ""sqrt"", ""min_samples_leaf"": 2, ""n_estimators"": 200}",phiusiil,iscx_url2016_binary,0.85,1,9946,f_single,15,"[""longest_repeated_char_run"", ""hostname_length"", ""subdomain_depth"", ""letter_ratio"", ""registrable_domain_length"", ""url_length"", ""token_mean_length"", ""path_segment_count"", ""char_type_transition_count"", ""path_length"", ""digit_ratio"", ""digit_count"", ""special_char_ratio"", ""letter_count"", ""token_max_length""]",0.85
0.20477252885827918,0.49930561347116037,primary_domain_filtered,master,12,32780,0.9999694945242671,0.11944930000000031,2.6343492931654348e-06,0.16998500040817846,rf,20261003,32781,8455,41236,0.19231820724402546,0.20481284719695317,0.9985807214665878,r02,0.460530130326933,S4-external,rf_depth24_leaf2,"{""class_weight"": null, ""max_depth"": 24, ""max_features"": ""sqrt"", ""min_samples_leaf"": 2, ""n_estimators"": 200}",phiusiil,iscx_url2016_binary,0.79,1,8443,f_stable,14,"[""longest_repeated_char_run"", ""hostname_length"", ""subdomain_depth"", ""registrable_domain_length"", ""letter_ratio"", ""path_length"", ""url_length"", ""token_mean_length"", ""char_type_transition_count"", ""path_segment_count"", ""token_max_length"", ""special_char_ratio"", ""digit_count"", ""digit_ratio""]",0.79
0.21948261032573937,0.49931167447193564,unfiltered,master,14,35377,0.9999717338458929,0.11944930000000031,2.6343492931654348e-06,0.17999678545337802,rf,20261003,35378,9965,45343,0.20689178358711188,0.21953318037416167,0.9985950827897642,r02,0.4620711582630337,S4-external,rf_depth24_leaf2,"{""class_weight"": null, ""max_depth"": 24, ""max_features"": ""sqrt"", ""min_samples_leaf"": 2, ""n_estimators"": 200}",phiusiil,iscx_url2016_binary,0.79,1,9951,f_stable,14,"[""longest_repeated_char_run"", ""hostname_length"", ""subdomain_depth"", ""registrable_domain_length"", ""letter_ratio"", ""path_length"", ""url_length"", ""token_mean_length"", ""char_type_transition_count"", ""path_segment_count"", ""token_max_length"", ""special_char_ratio"", ""digit_count"", ""digit_ratio""]",0.79
0.2047725288582791,0.4993494973388527,primary_domain_filtered,master,11,32781,1.0,0.0343248000001494,7.570032860672977e-07,0.1699677938808373,xgb,20261003,32781,8455,41236,0.115607583732181,0.2048271679805943,0.9986989946777056,r02,0.0926485700102742,S4-external,xgb_d6_lr01_balanced,"{""colsample_bytree"": 0.9, ""learning_rate"": 0.1, ""max_depth"": 6, ""n_estimators"": 200, ""reg_lambda"": 1.0, ""scale_pos_weight"": 1.3542591267000716, ""subsample"": 0.9}",phiusiil,iscx_url2016_binary,0.91,0,8444,f_all,35,"[""url_length"", ""hostname_length"", ""path_length"", ""query_length"", ""fragment_length"", ""digit_count"", ""letter_count"", ""special_char_count"", ""digit_ratio"", ""letter_ratio"", ""special_char_ratio"", ""dot_count"", ""hyphen_count"", ""underscore_count"", ""slash_count"", ""question_mark_count"", ""equals_sign_count"", ""percent_sign_count"", ""at_sign_count"", ""subdomain_depth"", ""path_segment_count"", ""query_parameter_count"", ""has_port"", ""has_userinfo"", ""host_is_ip"", ""tld_length"", ""registrable_domain_length"", ""domain_digit_ratio"", ""domain_hyphen_ratio"", ""url_char_entropy"", ""longest_repeated_char_run"", ""char_type_transition_count"", ""token_count"", ""token_mean_length"", ""token_max_length""]",0.91
0.2193943938424894,0.4991470145509282,unfiltered,master,17,35378,1.0,0.0343248000001494,7.570032860672977e-07,0.179920782767539,xgb,20261003,35378,9965,45343,0.1291556129136346,0.2194766800511847,0.9982940291018564,r02,0.1357690168174965,S4-external,xgb_d6_lr01_balanced,"{""colsample_bytree"": 0.9, ""learning_rate"": 0.1, ""max_depth"": 6, ""n_estimators"": 200, ""reg_lambda"": 1.0, ""scale_pos_weight"": 1.3542591267000716, ""subsample"": 0.9}",phiusiil,iscx_url2016_binary,0.91,0,9948,f_all,35,"[""url_length"", ""hostname_length"", ""path_length"", ""query_length"", ""fragment_length"", ""digit_count"", ""letter_count"", ""special_char_count"", ""digit_ratio"", ""letter_ratio"", ""special_char_ratio"", ""dot_count"", ""hyphen_count"", ""underscore_count"", ""slash_count"", ""question_mark_count"", ""equals_sign_count"", ""percent_sign_count"", ""at_sign_count"", ""subdomain_depth"", ""path_segment_count"", ""query_parameter_count"", ""has_port"", ""has_userinfo"", ""host_is_ip"", ""tld_length"", ""registrable_domain_length"", ""domain_digit_ratio"", ""domain_hyphen_ratio"", ""url_char_entropy"", ""longest_repeated_char_run"", ""char_type_transition_count"", ""token_count"", ""token_mean_length"", ""token_max_length""]",0.91
0.2049665340964206,0.4998225901833235,primary_domain_filtered,master,3,32781,1.0,0.035301399999999816,7.78541340449459e-07,0.1701014329415553,xgb,20261003,32781,8455,41236,0.11380459293701392,0.2049814468993282,0.999645180366647,r02,0.06144009730290645,S4-external,xgb_d6_lr01_balanced,"{""colsample_bytree"": 0.9, ""learning_rate"": 0.1, ""max_depth"": 6, ""n_estimators"": 200, ""reg_lambda"": 1.0, ""scale_pos_weight"": 1.3542591267000716, ""subsample"": 0.9}",phiusiil,iscx_url2016_binary,0.79,0,8452,f_single,15,"[""hostname_length"", ""longest_repeated_char_run"", ""url_length"", ""path_length"", ""subdomain_depth"", ""token_max_length"", ""registrable_domain_length"", ""digit_count"", ""char_type_transition_count"", ""token_mean_length"", ""dot_count"", ""letter_ratio"", ""letter_count"", ""special_char_ratio"", ""slash_count""]",0.79
0.21963698917142668,0.49969894631209233,unfiltered,master,6,35378,1.0,0.035301399999999816,7.78541340449459e-07,0.18008390293298615,xgb,20261003,35378,9965,45343,0.1250063799729793,0.21966605642190706,0.9993978926241847,r02,0.08157357637365921,S4-external,xgb_d6_lr01_balanced,"{""colsample_bytree"": 0.9, ""learning_rate"": 0.1, ""max_depth"": 6, ""n_estimators"": 200, ""reg_lambda"": 1.0, ""scale_pos_weight"": 1.3542591267000716, ""subsample"": 0.9}",phiusiil,iscx_url2016_binary,0.79,0,9959,f_single,15,"[""hostname_length"", ""longest_repeated_char_run"", ""url_length"", ""path_length"", ""subdomain_depth"", ""token_max_length"", ""registrable_domain_length"", ""digit_count"", ""char_type_transition_count"", ""token_mean_length"", ""dot_count"", ""letter_ratio"", ""letter_count"", ""special_char_ratio"", ""slash_count""]",0.79
0.2049422834416529,0.49976345357776464,primary_domain_filtered,master,4,32781,1.0,0.029039599999999943,6.404428467459132e-07,0.1700847304123815,xgb,20261003,32781,8455,41236,0.11401392938350446,0.20496216530849826,0.9995269071555293,r02,0.06260448824484753,S4-external,xgb_d6_lr01_balanced,"{""colsample_bytree"": 0.9, ""learning_rate"": 0.1, ""max_depth"": 6, ""n_estimators"": 200, ""reg_lambda"": 1.0, ""scale_pos_weight"": 1.3542591267000716, ""subsample"": 0.9}",phiusiil,iscx_url2016_binary,0.8,0,8451,f_stable,14,"[""hostname_length"", ""longest_repeated_char_run"", ""url_length"", ""path_length"", ""registrable_domain_length"", ""subdomain_depth"", ""token_max_length"", ""char_type_transition_count"", ""dot_count"", ""letter_ratio"", ""token_mean_length"", ""digit_count"", ""letter_count"", ""special_char_ratio""]",0.8
0.21961493505061422,0.49964877069744107,unfiltered,master,7,35378,1.0,0.029039599999999943,6.404428467459132e-07,0.18006907650856224,xgb,20261003,35378,9965,45343,0.12568902739437865,0.21964884418563613,0.9992975413948821,r02,0.07001825769468396,S4-external,xgb_d6_lr01_balanced,"{""colsample_bytree"": 0.9, ""learning_rate"": 0.1, ""max_depth"": 6, ""n_estimators"": 200, ""reg_lambda"": 1.0, ""scale_pos_weight"": 1.3542591267000716, ""subsample"": 0.9}",phiusiil,iscx_url2016_binary,0.8,0,9958,f_stable,14,"[""hostname_length"", ""longest_repeated_char_run"", ""url_length"", ""path_length"", ""registrable_domain_length"", ""subdomain_depth"", ""token_max_length"", ""char_type_transition_count"", ""dot_count"", ""letter_ratio"", ""token_mean_length"", ""digit_count"", ""letter_count"", ""special_char_ratio""]",0.8
0.2555405013064937,0.5295801311845914,primary_domain_filtered,master,23,30747,0.9381521938121682,0.07004360000019,1.544750016544782e-06,0.2366141743248611,lr,20261004,32774,8558,41332,0.2247719299378841,0.2172750878264854,0.9973124561813508,r03,0.5493407277837942,S4-external,lr_c1,"{""C"": 1.0, ""class_weight"": null}",phiusiil,iscx_url2016_binary,0.95,2027,8535,f_all,35,"[""url_length"", ""hostname_length"", ""path_length"", ""query_length"", ""fragment_length"", ""digit_count"", ""letter_count"", ""special_char_count"", ""digit_ratio"", ""letter_ratio"", ""special_char_ratio"", ""dot_count"", ""hyphen_count"", ""underscore_count"", ""slash_count"", ""question_mark_count"", ""equals_sign_count"", ""percent_sign_count"", ""at_sign_count"", ""subdomain_depth"", ""path_segment_count"", ""query_parameter_count"", ""has_port"", ""has_userinfo"", ""host_is_ip"", ""tld_length"", ""registrable_domain_length"", ""domain_digit_ratio"", ""domain_hyphen_ratio"", ""url_char_entropy"", ""longest_repeated_char_run"", ""char_type_transition_count"", ""token_count"", ""token_mean_length"", ""token_max_length""]",0.95
0.263921663762874,0.527357314283638,unfiltered,master,26,33350,0.9426762394708575,0.07004360000019,1.544750016544782e-06,0.2408121110928312,lr,20261004,35378,9965,45343,0.2340185616663674,0.2295964332740419,0.9973908680381336,r03,0.5387396038205627,S4-external,lr_c1,"{""C"": 1.0, ""class_weight"": null}",phiusiil,iscx_url2016_binary,0.95,2028,9939,f_all,35,"[""url_length"", ""hostname_length"", ""path_length"", ""query_length"", ""fragment_length"", ""digit_count"", ""letter_count"", ""special_char_count"", ""digit_ratio"", ""letter_ratio"", ""special_char_ratio"", ""dot_count"", ""hyphen_count"", ""underscore_count"", ""slash_count"", ""question_mark_count"", ""equals_sign_count"", ""percent_sign_count"", ""at_sign_count"", ""subdomain_depth"", ""path_segment_count"", ""query_parameter_count"", ""has_port"", ""has_userinfo"", ""host_is_ip"", ""tld_length"", ""registrable_domain_length"", ""domain_digit_ratio"", ""domain_hyphen_ratio"", ""url_char_entropy"", ""longest_repeated_char_run"", ""char_type_transition_count"", ""token_count"", ""token_mean_length"", ""token_max_length""]",0.95
0.3164376270202265,0.5663822239349693,primary_domain_filtered,master,60,28193,0.8602245682553243,0.016794799999999555,3.703945482213253e-07,0.31024278042155484,lr,20261004,32774,8558,41332,0.23470316130722793,0.23160993159085333,0.9929890161252629,r03,0.5751970733074869,S4-external,lr_c01,"{""C"": 0.1, ""class_weight"": null}",phiusiil,iscx_url2016_binary,0.88,4581,8498,f_single,15,"[""hostname_length"", ""letter_count"", ""path_segment_count"", ""path_length"", ""url_length"", ""slash_count"", ""dot_count"", ""query_length"", ""token_mean_length"", ""token_max_length"", ""longest_repeated_char_run"", ""question_mark_count"", ""hyphen_count"", ""digit_ratio"", ""special_char_ratio""]",0.88
0.31954215645193307,0.5615231905711484,unfiltered,master,67,30787,0.8702300864944316,0.016794799999999555,3.703945482213253e-07,0.3100913412874119,lr,20261004,35378,9965,45343,0.23086614186693855,0.24328376551554626,0.9932764676367285,r03,0.5384482071443619,S4-external,lr_c01,"{""C"": 0.1, ""class_weight"": null}",phiusiil,iscx_url2016_binary,0.88,4591,9898,f_single,15,"[""hostname_length"", ""letter_count"", ""path_segment_count"", ""path_length"", ""url_length"", ""slash_count"", ""dot_count"", ""query_length"", ""token_mean_length"", ""token_max_length"", ""longest_repeated_char_run"", ""question_mark_count"", ""hyphen_count"", ""digit_ratio"", ""special_char_ratio""]",0.88
0.23192683634955966,0.5149924615629844,primary_domain_filtered,master,16,31730,0.9681454811741014,0.009737099999998833,2.14743179763113e-07,0.20578997740240987,lr,20261004,32774,8558,41332,0.21616064004589414,0.21210766785856178,0.9981304043000702,r03,0.5263542225693668,S4-external,lr_c1,"{""C"": 1.0, ""class_weight"": null}",phiusiil,iscx_url2016_binary,0.9,1044,8542,f_stable,13,"[""letter_count"", ""hostname_length"", ""path_segment_count"", ""path_length"", ""url_length"", ""query_length"", ""slash_count"", ""dot_count"", ""token_mean_length"", ""token_max_length"", ""question_mark_count"", ""longest_repeated_char_run"", ""hyphen_count""]",0.9
0.24228657124583727,0.5135648507693146,unfiltered,master,24,34333,0.9704618689581096,0.009737099999998833,2.14743179763113e-07,0.21195317264807775,lr,20261004,35378,9965,45343,0.22580604708969573,0.2245335863034738,0.9975915704967386,r03,0.5169278621934645,S4-external,lr_c1,"{""C"": 1.0, ""class_weight"": null}",phiusiil,iscx_url2016_binary,0.9,1045,9941,f_stable,13,"[""letter_count"", ""hostname_length"", ""path_segment_count"", ""path_length"", ""url_length"", ""query_length"", ""slash_count"", ""dot_count"", ""token_mean_length"", ""token_max_length"", ""question_mark_count"", ""longest_repeated_char_run"", ""hyphen_count""]",0.9
0.2067647343462692,0.4992989016125262,primary_domain_filtered,master,12,32774,1.0,0.0920024000001831,2.029032044641579e-06,0.171338064878303,rf,20261004,32774,8558,41332,0.1889373859216906,0.2068247821878025,0.9985978032250524,r03,0.4429696675011555,S4-external,rf_depth24_leaf2,"{""class_weight"": null, ""max_depth"": 24, ""max_features"": ""sqrt"", ""min_samples_leaf"": 2, ""n_estimators"": 200}",phiusiil,iscx_url2016_binary,0.8,0,8546,f_all,35,"[""url_length"", ""hostname_length"", ""path_length"", ""query_length"", ""fragment_length"", ""digit_count"", ""letter_count"", ""special_char_count"", ""digit_ratio"", ""letter_ratio"", ""special_char_ratio"", ""dot_count"", ""hyphen_count"", ""underscore_count"", ""slash_count"", ""question_mark_count"", ""equals_sign_count"", ""percent_sign_count"", ""at_sign_count"", ""subdomain_depth"", ""path_segment_count"", ""query_parameter_count"", ""has_port"", ""has_userinfo"", ""host_is_ip"", ""tld_length"", ""registrable_domain_length"", ""domain_digit_ratio"", ""domain_hyphen_ratio"", ""url_char_entropy"", ""longest_repeated_char_run"", ""char_type_transition_count"", ""token_count"", ""token_mean_length"", ""token_max_length""]",0.8
0.2194826103257393,0.4993477170095333,unfiltered,master,13,35378,1.0,0.0920024000001831,2.029032044641579e-06,0.179980106700425,rf,20261004,35378,9965,45343,0.2009292146019049,0.2195455548202073,0.9986954340190668,r03,0.4433198383839736,S4-external,rf_depth24_leaf2,"{""class_weight"": null, ""max_depth"": 24, ""max_features"": ""sqrt"", ""min_samples_leaf"": 2, ""n_estimators"": 200}",phiusiil,iscx_url2016_binary,0.8,0,9952,f_all,35,"[""url_length"", ""hostname_length"", ""path_length"", ""query_length"", ""fragment_length"", ""digit_count"", ""letter_count"", ""special_char_count"", ""digit_ratio"", ""letter_ratio"", ""special_char_ratio"", ""dot_count"", ""hyphen_count"", ""underscore_count"", ""slash_count"", ""question_mark_count"", ""equals_sign_count"", ""percent_sign_count"", ""at_sign_count"", ""subdomain_depth"", ""path_segment_count"", ""query_parameter_count"", ""has_port"", ""has_userinfo"", ""host_is_ip"", ""tld_length"", ""registrable_domain_length"", ""domain_digit_ratio"", ""domain_hyphen_ratio"", ""url_char_entropy"", ""longest_repeated_char_run"", ""char_type_transition_count"", ""token_count"", ""token_mean_length"", ""token_max_length""]",0.8
0.20676473434626924,0.49929890161252627,primary_domain_filtered,master,12,32774,1.0,0.08966910000000006,1.9775731645457967e-06,0.17133806487830305,rf,20261004,32774,8558,41332,0.2021197441444997,0.2068247821878025,0.9985978032250525,r03,0.4844353138156514,S4-external,rf_depth24_leaf2,"{""class_weight"": null, ""max_depth"": 24, ""max_features"": ""sqrt"", ""min_samples_leaf"": 2, ""n_estimators"": 200}",phiusiil,iscx_url2016_binary,0.74,0,8546,f_single,15,"[""longest_repeated_char_run"", ""hostname_length"", ""subdomain_depth"", ""letter_ratio"", ""registrable_domain_length"", ""url_length"", ""path_length"", ""path_segment_count"", ""token_max_length"", ""char_type_transition_count"", ""token_mean_length"", ""digit_ratio"", ""digit_count"", ""letter_count"", ""special_char_ratio""]",0.74
0.21946055620492688,0.4992975413948821,unfiltered,master,14,35378,1.0,0.08966910000000006,1.9775731645457967e-06,0.17996527652186495,rf,20261004,35378,9965,45343,0.2141144606818102,0.21952833726753293,0.9985950827897642,r03,0.48306262687680945,S4-external,rf_depth24_leaf2,"{""class_weight"": null, ""max_depth"": 24, ""max_features"": ""sqrt"", ""min_samples_leaf"": 2, ""n_estimators"": 200}",phiusiil,iscx_url2016_binary,0.74,0,9951,f_single,15,"[""longest_repeated_char_run"", ""hostname_length"", ""subdomain_depth"", ""letter_ratio"", ""registrable_domain_length"", ""url_length"", ""path_length"", ""path_segment_count"", ""token_max_length"", ""char_type_transition_count"", ""token_mean_length"", ""digit_ratio"", ""digit_count"", ""letter_count"", ""special_char_ratio""]",0.74
0.20674054001741993,0.49924047674690347,primary_domain_filtered,master,13,32774,1.0,0.07720620000000089,1.7027148622720352e-06,0.17132145076889146,rf,20261004,32774,8558,41332,0.1927245820651769,0.2068055858079818,0.9984809534938069,r03,0.4553603935358047,S4-external,rf_depth24_leaf2,"{""class_weight"": null, ""max_depth"": 24, ""max_features"": ""sqrt"", ""min_samples_leaf"": 2, ""n_estimators"": 200}",phiusiil,iscx_url2016_binary,0.76,0,8545,f_stable,14,"[""longest_repeated_char_run"", ""hostname_length"", ""subdomain_depth"", ""registrable_domain_length"", ""letter_ratio"", ""path_length"", ""url_length"", ""char_type_transition_count"", ""path_segment_count"", ""token_mean_length"", ""token_max_length"", ""special_char_ratio"", ""digit_ratio"", ""digit_count""]",0.76
0.21946055620492688,0.4992975413948821,unfiltered,master,14,35378,1.0,0.07720620000000089,1.7027148622720352e-06,0.17996527652186495,rf,20261004,35378,9965,45343,0.2053393585030564,0.21952833726753293,0.9985950827897642,r03,0.4570563652641784,S4-external,rf_depth24_leaf2,"{""class_weight"": null, ""max_depth"": 24, ""max_features"": ""sqrt"", ""min_samples_leaf"": 2, ""n_estimators"": 200}",phiusiil,iscx_url2016_binary,0.76,0,9951,f_stable,14,"[""longest_repeated_char_run"", ""hostname_length"", ""subdomain_depth"", ""registrable_domain_length"", ""letter_ratio"", ""path_length"", ""url_length"", ""char_type_transition_count"", ""path_segment_count"", ""token_mean_length"", ""token_max_length"", ""special_char_ratio"", ""digit_ratio"", ""digit_count""]",0.76
0.2070066776347624,0.4998831502687544,primary_domain_filtered,master,2,32774,1.0,0.0334874000000127,7.385351652959158e-07,0.17150416933932,xgb,20261004,32774,8558,41332,0.1148185259947108,0.2070166948947495,0.9997663005375088,r03,0.0641187960811108,S4-external,xgb_d6_lr01_balanced,"{""colsample_bytree"": 0.9, ""learning_rate"": 0.1, ""max_depth"": 6, ""n_estimators"": 200, ""reg_lambda"": 1.0, ""scale_pos_weight"": 1.3542785150825352, ""subsample"": 0.9}",phiusiil,iscx_url2016_binary,0.74,0,8556,f_all,35,"[""url_length"", ""hostname_length"", ""path_length"", ""query_length"", ""fragment_length"", ""digit_count"", ""letter_count"", ""special_char_count"", ""digit_ratio"", ""letter_ratio"", ""special_char_ratio"", ""dot_count"", ""hyphen_count"", ""underscore_count"", ""slash_count"", ""question_mark_count"", ""equals_sign_count"", ""percent_sign_count"", ""at_sign_count"", ""subdomain_depth"", ""path_segment_count"", ""query_parameter_count"", ""has_port"", ""has_userinfo"", ""host_is_ip"", ""tld_length"", ""registrable_domain_length"", ""domain_digit_ratio"", ""domain_hyphen_ratio"", ""url_char_entropy"", ""longest_repeated_char_run"", ""char_type_transition_count"", ""token_count"", ""token_mean_length"", ""token_max_length""]",0.74
0.2197252056546765,0.4998996487706974,unfiltered,master,2,35378,1.0,0.0334874000000127,7.385351652959158e-07,0.1801432032690847,xgb,20261004,35378,9965,45343,0.1250743628307496,0.219734897774641,0.9997992975413948,r03,0.0702984897364076,S4-external,xgb_d6_lr01_balanced,"{""colsample_bytree"": 0.9, ""learning_rate"": 0.1, ""max_depth"": 6, ""n_estimators"": 200, ""reg_lambda"": 1.0, ""scale_pos_weight"": 1.3542785150825352, ""subsample"": 0.9}",phiusiil,iscx_url2016_binary,0.74,0,9963,f_all,35,"[""url_length"", ""hostname_length"", ""path_length"", ""query_length"", ""fragment_length"", ""digit_count"", ""letter_count"", ""special_char_count"", ""digit_ratio"", ""letter_ratio"", ""special_char_ratio"", ""dot_count"", ""hyphen_count"", ""underscore_count"", ""slash_count"", ""question_mark_count"", ""equals_sign_count"", ""percent_sign_count"", ""at_sign_count"", ""subdomain_depth"", ""path_segment_count"", ""query_parameter_count"", ""has_port"", ""has_userinfo"", ""host_is_ip"", ""tld_length"", ""registrable_domain_length"", ""domain_digit_ratio"", ""domain_hyphen_ratio"", ""url_char_entropy"", ""longest_repeated_char_run"", ""char_type_transition_count"", ""token_count"", ""token_mean_length"", ""token_max_length""]",0.74
0.20703087196361172,0.4999415751343772,primary_domain_filtered,master,1,32774,1.0,0.026286699999999996,5.797300575612553e-07,0.17152077612299305,xgb,20261004,32774,8558,41332,0.11531473859178554,0.20703588105780166,0.9998831502687544,r03,0.07025505414840932,S4-external,xgb_d6_lr01_balanced,"{""colsample_bytree"": 0.9, ""learning_rate"": 0.1, ""max_depth"": 6, ""n_estimators"": 200, ""reg_lambda"": 1.0, ""scale_pos_weight"": 1.3542785150825352, ""subsample"": 0.9}",phiusiil,iscx_url2016_binary,0.71,0,8557,f_single,15,"[""hostname_length"", ""longest_repeated_char_run"", ""url_length"", ""path_length"", ""subdomain_depth"", ""registrable_domain_length"", ""token_max_length"", ""dot_count"", ""char_type_transition_count"", ""slash_count"", ""digit_count"", ""token_mean_length"", ""letter_ratio"", ""letter_count"", ""special_char_ratio""]",0.71
0.21974725977548906,0.49994982438534874,unfiltered,master,1,35378,1.0,0.026286699999999996,5.797300575612553e-07,0.18015802701285552,xgb,20261004,35378,9965,45343,0.12698527042308866,0.2197521062149883,0.9998996487706975,r03,0.11884777227957982,S4-external,xgb_d6_lr01_balanced,"{""colsample_bytree"": 0.9, ""learning_rate"": 0.1, ""max_depth"": 6, ""n_estimators"": 200, ""reg_lambda"": 1.0, ""scale_pos_weight"": 1.3542785150825352, ""subsample"": 0.9}",phiusiil,iscx_url2016_binary,0.71,0,9964,f_single,15,"[""hostname_length"", ""longest_repeated_char_run"", ""url_length"", ""path_length"", ""subdomain_depth"", ""registrable_domain_length"", ""token_max_length"", ""dot_count"", ""char_type_transition_count"", ""slash_count"", ""digit_count"", ""token_mean_length"", ""letter_ratio"", ""letter_count"", ""special_char_ratio""]",0.71
0.2070066776347624,0.4998831502687544,primary_domain_filtered,master,2,32774,1.0,0.025982199999999622,5.730145777738487e-07,0.17150416933932008,xgb,20261004,32774,8558,41332,0.11717683013041413,0.20701669489474958,0.9997663005375088,r03,0.08446831725106335,S4-external,xgb_d6_lr01_balanced,"{""colsample_bytree"": 0.9, ""learning_rate"": 0.1, ""max_depth"": 6, ""n_estimators"": 200, ""reg_lambda"": 1.0, ""scale_pos_weight"": 1.3542785150825352, ""subsample"": 0.9}",phiusiil,iscx_url2016_binary,0.72,0,8556,f_stable,14,"[""hostname_length"", ""longest_repeated_char_run"", ""url_length"", ""path_length"", ""registrable_domain_length"", ""subdomain_depth"", ""token_max_length"", ""char_type_transition_count"", ""dot_count"", ""letter_ratio"", ""token_mean_length"", ""digit_count"", ""slash_count"", ""letter_count""]",0.72
0.21968109741305164,0.4997992975413949,unfiltered,master,4,35378,1.0,0.025982199999999622,5.730145777738487e-07,0.1801135541732967,xgb,20261004,35378,9965,45343,0.12870275188697206,0.21970047861664352,0.9995985950827898,r03,0.1265024779900549,S4-external,xgb_d6_lr01_balanced,"{""colsample_bytree"": 0.9, ""learning_rate"": 0.1, ""max_depth"": 6, ""n_estimators"": 200, ""reg_lambda"": 1.0, ""scale_pos_weight"": 1.3542785150825352, ""subsample"": 0.9}",phiusiil,iscx_url2016_binary,0.72,0,9961,f_stable,14,"[""hostname_length"", ""longest_repeated_char_run"", ""url_length"", ""path_length"", ""registrable_domain_length"", ""subdomain_depth"", ""token_max_length"", ""char_type_transition_count"", ""dot_count"", ""letter_ratio"", ""token_mean_length"", ""digit_count"", ""slash_count"", ""letter_count""]",0.72
0.2380790603994273,0.519910962394582,primary_domain_filtered,master,15,31383,0.9584058634906092,0.0492370000001756,1.085878746447646e-06,0.2148576211597557,lr,20261005,32745,8464,41209,0.2231850225197665,0.2121158867242418,0.9982277882797732,r04,0.5496971463629854,S4-external,lr_c1,"{""C"": 1.0, ""class_weight"": null}",phiusiil,iscx_url2016_binary,0.81,1362,8449,f_all,35,"[""url_length"", ""hostname_length"", ""path_length"", ""query_length"", ""fragment_length"", ""digit_count"", ""letter_count"", ""special_char_count"", ""digit_ratio"", ""letter_ratio"", ""special_char_ratio"", ""dot_count"", ""hyphen_count"", ""underscore_count"", ""slash_count"", ""question_mark_count"", ""equals_sign_count"", ""percent_sign_count"", ""at_sign_count"", ""subdomain_depth"", ""path_segment_count"", ""query_parameter_count"", ""has_port"", ""has_userinfo"", ""host_is_ip"", ""tld_length"", ""registrable_domain_length"", ""domain_digit_ratio"", ""domain_hyphen_ratio"", ""url_char_entropy"", ""longest_repeated_char_run"", ""char_type_transition_count"", ""token_count"", ""token_mean_length"", ""token_max_length""]",0.81
0.2494100522682663,0.5183460898831932,unfiltered,master,18,34016,0.9615014981061676,0.0492370000001756,1.085878746447646e-06,0.2215027950485499,lr,20261005,35378,9965,45343,0.2341244781745586,0.2262584446011418,0.998193677872554,r04,0.5389291458995057,S4-external,lr_c1,"{""C"": 1.0, ""class_weight"": null}",phiusiil,iscx_url2016_binary,0.81,1362,9947,f_all,35,"[""url_length"", ""hostname_length"", ""path_length"", ""query_length"", ""fragment_length"", ""digit_count"", ""letter_count"", ""special_char_count"", ""digit_ratio"", ""letter_ratio"", ""special_char_ratio"", ""dot_count"", ""hyphen_count"", ""underscore_count"", ""slash_count"", ""question_mark_count"", ""equals_sign_count"", ""percent_sign_count"", ""at_sign_count"", ""subdomain_depth"", ""path_segment_count"", ""query_parameter_count"", ""has_port"", ""has_userinfo"", ""host_is_ip"", ""tld_length"", ""registrable_domain_length"", ""domain_digit_ratio"", ""domain_hyphen_ratio"", ""url_char_entropy"", ""longest_repeated_char_run"", ""char_type_transition_count"", ""token_count"", ""token_mean_length"", ""token_max_length""]",0.81
0.28171030600111624,0.5456571711405744,primary_domain_filtered,master,54,29546,0.9023056955260345,0.009818700000000291,2.1654279602144302e-07,0.27003795677384446,lr,20261005,32745,8464,41209,0.23287543657282225,0.2215723469280219,0.9936200378071833,r04,0.573859443251845,S4-external,lr_c01,"{""C"": 0.1, ""class_weight"": null}",phiusiil,iscx_url2016_binary,0.77,3199,8410,f_single,15,"[""letter_count"", ""hostname_length"", ""query_length"", ""url_length"", ""path_length"", ""path_segment_count"", ""slash_count"", ""token_mean_length"", ""token_max_length"", ""dot_count"", ""question_mark_count"", ""hyphen_count"", ""longest_repeated_char_run"", ""query_parameter_count"", ""char_type_transition_count""]",0.77
0.28897514500584437,0.5420789159253384,unfiltered,master,63,32177,0.9095200407032619,0.009818700000000291,2.1654279602144302e-07,0.2730994131877861,lr,20261005,35378,9965,45343,0.23534590990652593,0.23531928040115022,0.9936778725539388,r04,0.5456513521787787,S4-external,lr_c01,"{""C"": 0.1, ""class_weight"": null}",phiusiil,iscx_url2016_binary,0.77,3201,9902,f_single,15,"[""letter_count"", ""hostname_length"", ""query_length"", ""url_length"", ""path_length"", ""path_segment_count"", ""slash_count"", ""token_mean_length"", ""token_max_length"", ""dot_count"", ""question_mark_count"", ""hyphen_count"", ""longest_repeated_char_run"", ""query_parameter_count"", ""char_type_transition_count""]",0.77
0.21432211410128854,0.5050935278939829,primary_domain_filtered,master,12,32365,0.9883951748358528,0.008144200000000268,1.7961317072095513e-07,0.1829738038522517,lr,20261005,32745,8464,41209,0.20865663432425474,0.20707058333537495,0.9985822306238186,r04,0.5097503395949858,S4-external,lr_c1,"{""C"": 1.0, ""class_weight"": null}",phiusiil,iscx_url2016_binary,0.94,380,8452,f_stable,14,"[""letter_count"", ""hostname_length"", ""path_length"", ""query_length"", ""path_segment_count"", ""url_length"", ""slash_count"", ""dot_count"", ""question_mark_count"", ""token_mean_length"", ""token_max_length"", ""query_parameter_count"", ""longest_repeated_char_run"", ""hyphen_count""]",0.94
0.22768674326797964,0.5043168813726668,unfiltered,master,21,34998,0.9892588614393125,0.008144200000000268,1.7961317072095513e-07,0.19172698936938437,lr,20261005,35378,9965,45343,0.22031243419987806,0.22126296114992658,0.9978926241846463,r04,0.5015473060114267,S4-external,lr_c1,"{""C"": 1.0, ""class_weight"": null}",phiusiil,iscx_url2016_binary,0.94,380,9944,f_stable,14,"[""letter_count"", ""hostname_length"", ""path_length"", ""query_length"", ""path_segment_count"", ""url_length"", ""slash_count"", ""dot_count"", ""question_mark_count"", ""token_mean_length"", ""token_max_length"", ""query_parameter_count"", ""longest_repeated_char_run"", ""hyphen_count""]",0.94
0.2051250940328569,0.4993501890359168,primary_domain_filtered,master,11,32745,1.0,0.2283162999999604,5.03531526365614e-06,0.1702106238170029,rf,20261005,32745,8464,41209,0.1941173809831717,0.2051798631001505,0.9987003780718336,r04,0.4647807797464569,S4-external,rf_depth24_leaf2,"{""class_weight"": null, ""max_depth"": 24, ""max_features"": ""sqrt"", ""min_samples_leaf"": 2, ""n_estimators"": 200}",phiusiil,iscx_url2016_binary,0.79,0,8453,f_all,35,"[""url_length"", ""hostname_length"", ""path_length"", ""query_length"", ""fragment_length"", ""digit_count"", ""letter_count"", ""special_char_count"", ""digit_ratio"", ""letter_ratio"", ""special_char_ratio"", ""dot_count"", ""hyphen_count"", ""underscore_count"", ""slash_count"", ""question_mark_count"", ""equals_sign_count"", ""percent_sign_count"", ""at_sign_count"", ""subdomain_depth"", ""path_segment_count"", ""query_parameter_count"", ""has_port"", ""has_userinfo"", ""host_is_ip"", ""tld_length"", ""registrable_domain_length"", ""domain_digit_ratio"", ""domain_hyphen_ratio"", ""url_char_entropy"", ""longest_repeated_char_run"", ""char_type_transition_count"", ""token_count"", ""token_mean_length"", ""token_max_length""]",0.79
0.2194826103257393,0.4993477170095333,unfiltered,master,13,35378,1.0,0.2283162999999604,5.03531526365614e-06,0.179980106700425,rf,20261005,35378,9965,45343,0.207156912290462,0.2195455548202073,0.9986954340190668,r04,0.4625502915583592,S4-external,rf_depth24_leaf2,"{""class_weight"": null, ""max_depth"": 24, ""max_features"": ""sqrt"", ""min_samples_leaf"": 2, ""n_estimators"": 200}",phiusiil,iscx_url2016_binary,0.79,0,9952,f_all,35,"[""url_length"", ""hostname_length"", ""path_length"", ""query_length"", ""fragment_length"", ""digit_count"", ""letter_count"", ""special_char_count"", ""digit_ratio"", ""letter_ratio"", ""special_char_ratio"", ""dot_count"", ""hyphen_count"", ""underscore_count"", ""slash_count"", ""question_mark_count"", ""equals_sign_count"", ""percent_sign_count"", ""at_sign_count"", ""subdomain_depth"", ""path_segment_count"", ""query_parameter_count"", ""has_port"", ""has_userinfo"", ""host_is_ip"", ""tld_length"", ""registrable_domain_length"", ""domain_digit_ratio"", ""domain_hyphen_ratio"", ""url_char_entropy"", ""longest_repeated_char_run"", ""char_type_transition_count"", ""token_count"", ""token_mean_length"", ""token_max_length""]",0.79
0.2051008274891407,0.4992473110946966,primary_domain_filtered,master,13,32744,0.9999694609864102,0.12479569999999995,2.752259444677237e-06,0.1702111578719546,rf,20261005,32745,8464,41209,0.19403792890893945,0.20514625561354533,0.9984640831758034,r04,0.4647107157299878,S4-external,rf_depth24_leaf2,"{""class_weight"": null, ""max_depth"": 24, ""max_features"": ""sqrt"", ""min_samples_leaf"": 2, ""n_estimators"": 200}",phiusiil,iscx_url2016_binary,0.87,1,8451,f_single,15,"[""longest_repeated_char_run"", ""hostname_length"", ""subdomain_depth"", ""letter_ratio"", ""url_length"", ""registrable_domain_length"", ""token_mean_length"", ""path_segment_count"", ""letter_count"", ""path_length"", ""special_char_ratio"", ""digit_count"", ""token_max_length"", ""digit_ratio"", ""char_type_transition_count""]",0.87
0.219372339721677,0.49906079639867923,unfiltered,master,19,35377,0.9999717338458929,0.12479569999999995,2.752259444677237e-06,0.17992262147576918,rf,20261005,35378,9965,45343,0.20812546021246162,0.21944707984908324,0.9980933266432513,r04,0.4655875458388945,S4-external,rf_depth24_leaf2,"{""class_weight"": null, ""max_depth"": 24, ""max_features"": ""sqrt"", ""min_samples_leaf"": 2, ""n_estimators"": 200}",phiusiil,iscx_url2016_binary,0.87,1,9946,f_single,15,"[""longest_repeated_char_run"", ""hostname_length"", ""subdomain_depth"", ""letter_ratio"", ""url_length"", ""registrable_domain_length"", ""token_mean_length"", ""path_segment_count"", ""letter_count"", ""path_length"", ""special_char_ratio"", ""digit_count"", ""token_max_length"", ""digit_ratio"", ""char_type_transition_count""]",0.87
0.2051008274891407,0.4992473110946966,primary_domain_filtered,master,13,32744,0.9999694609864102,0.15088520000000116,3.327640429614299e-06,0.1702111578719546,rf,20261005,32745,8464,41209,0.1902767002080634,0.20514625561354533,0.9984640831758034,r04,0.4526374464881723,S4-external,rf_depth24_leaf2,"{""class_weight"": null, ""max_depth"": 24, ""max_features"": ""sqrt"", ""min_samples_leaf"": 2, ""n_estimators"": 200}",phiusiil,iscx_url2016_binary,0.86,1,8451,f_stable,14,"[""longest_repeated_char_run"", ""hostname_length"", ""subdomain_depth"", ""letter_ratio"", ""registrable_domain_length"", ""path_length"", ""url_length"", ""char_type_transition_count"", ""token_mean_length"", ""path_segment_count"", ""special_char_ratio"", ""digit_count"", ""token_max_length"", ""digit_ratio""]",0.86
0.219372339721677,0.49906079639867923,unfiltered,master,19,35377,0.9999717338458929,0.15088520000000116,3.327640429614299e-06,0.17992262147576918,rf,20261005,35378,9965,45343,0.20396864039968043,0.21944707984908324,0.9980933266432513,r04,0.4529310455892928,S4-external,rf_depth24_leaf2,"{""class_weight"": null, ""max_depth"": 24, ""max_features"": ""sqrt"", ""min_samples_leaf"": 2, ""n_estimators"": 200}",phiusiil,iscx_url2016_binary,0.86,1,9946,f_stable,14,"[""longest_repeated_char_run"", ""hostname_length"", ""subdomain_depth"", ""letter_ratio"", ""registrable_domain_length"", ""path_length"", ""url_length"", ""char_type_transition_count"", ""token_mean_length"", ""path_segment_count"", ""special_char_ratio"", ""digit_count"", ""token_max_length"", ""digit_ratio""]",0.86
0.205149360576573,0.4994092627599243,primary_domain_filtered,master,10,32745,1.0,0.0589101000000482,1.2992104624759777e-06,0.1702273322191571,xgb,20261005,32745,8464,41209,0.1149264223289694,0.2051991553193038,0.9988185255198488,r04,0.0764057291247224,S4-external,xgb_d6_lr01_balanced,"{""colsample_bytree"": 0.9, ""learning_rate"": 0.1, ""max_depth"": 6, ""n_estimators"": 200, ""reg_lambda"": 1.0, ""scale_pos_weight"": 1.3542785150825352, ""subsample"": 0.9}",phiusiil,iscx_url2016_binary,0.9,0,8454,f_all,35,"[""url_length"", ""hostname_length"", ""path_length"", ""query_length"", ""fragment_length"", ""digit_count"", ""letter_count"", ""special_char_count"", ""digit_ratio"", ""letter_ratio"", ""special_char_ratio"", ""dot_count"", ""hyphen_count"", ""underscore_count"", ""slash_count"", ""question_mark_count"", ""equals_sign_count"", ""percent_sign_count"", ""at_sign_count"", ""subdomain_depth"", ""path_segment_count"", ""query_parameter_count"", ""has_port"", ""has_userinfo"", ""host_is_ip"", ""tld_length"", ""registrable_domain_length"", ""domain_digit_ratio"", ""domain_hyphen_ratio"", ""url_char_entropy"", ""longest_repeated_char_run"", ""char_type_transition_count"", ""token_count"", ""token_mean_length"", ""token_max_length""]",0.9
0.2194826103257393,0.4993477170095333,unfiltered,master,13,35378,1.0,0.0589101000000482,1.2992104624759777e-06,0.179980106700425,xgb,20261005,35378,9965,45343,0.1261115138546749,0.2195455548202073,0.9986954340190668,r04,0.0777230482504243,S4-external,xgb_d6_lr01_balanced,"{""colsample_bytree"": 0.9, ""learning_rate"": 0.1, ""max_depth"": 6, ""n_estimators"": 200, ""reg_lambda"": 1.0, ""scale_pos_weight"": 1.3542785150825352, ""subsample"": 0.9}",phiusiil,iscx_url2016_binary,0.9,0,9952,f_all,35,"[""url_length"", ""hostname_length"", ""path_length"", ""query_length"", ""fragment_length"", ""digit_count"", ""letter_count"", ""special_char_count"", ""digit_ratio"", ""letter_ratio"", ""special_char_ratio"", ""dot_count"", ""hyphen_count"", ""underscore_count"", ""slash_count"", ""question_mark_count"", ""equals_sign_count"", ""percent_sign_count"", ""at_sign_count"", ""subdomain_depth"", ""path_segment_count"", ""query_parameter_count"", ""has_port"", ""has_userinfo"", ""host_is_ip"", ""tld_length"", ""registrable_domain_length"", ""domain_digit_ratio"", ""domain_hyphen_ratio"", ""url_char_entropy"", ""longest_repeated_char_run"", ""char_type_transition_count"", ""token_count"", ""token_mean_length"", ""token_max_length""]",0.9
0.20514936057657307,0.49940926275992437,primary_domain_filtered,master,10,32745,1.0,0.029117499999999907,6.421608627572041e-07,0.17022733221915712,xgb,20261005,32745,8464,41209,0.11569719495757019,0.20519915531930386,0.9988185255198487,r04,0.08194657382864265,S4-external,xgb_d6_lr01_balanced,"{""colsample_bytree"": 0.9, ""learning_rate"": 0.1, ""max_depth"": 6, ""n_estimators"": 200, ""reg_lambda"": 1.0, ""scale_pos_weight"": 1.3542785150825352, ""subsample"": 0.9}",phiusiil,iscx_url2016_binary,0.86,0,8454,f_single,15,"[""hostname_length"", ""url_length"", ""longest_repeated_char_run"", ""path_length"", ""registrable_domain_length"", ""subdomain_depth"", ""token_max_length"", ""digit_count"", ""char_type_transition_count"", ""letter_ratio"", ""dot_count"", ""token_mean_length"", ""letter_count"", ""special_char_ratio"", ""slash_count""]",0.86
0.21946055620492688,0.4992975413948821,unfiltered,master,14,35378,1.0,0.029117499999999907,6.421608627572041e-07,0.17996527652186495,xgb,20261005,35378,9965,45343,0.12763948080148307,0.21952833726753293,0.9985950827897642,r04,0.1160634695854622,S4-external,xgb_d6_lr01_balanced,"{""colsample_bytree"": 0.9, ""learning_rate"": 0.1, ""max_depth"": 6, ""n_estimators"": 200, ""reg_lambda"": 1.0, ""scale_pos_weight"": 1.3542785150825352, ""subsample"": 0.9}",phiusiil,iscx_url2016_binary,0.86,0,9951,f_single,15,"[""hostname_length"", ""url_length"", ""longest_repeated_char_run"", ""path_length"", ""registrable_domain_length"", ""subdomain_depth"", ""token_max_length"", ""digit_count"", ""char_type_transition_count"", ""letter_ratio"", ""dot_count"", ""token_mean_length"", ""letter_count"", ""special_char_ratio"", ""slash_count""]",0.86
0.2053434929263025,0.49988185255198486,primary_domain_filtered,master,2,32745,1.0,0.02829889999999935,6.241073594601008e-07,0.1703609752169274,xgb,20261005,32745,8464,41209,0.11788026334177112,0.20535345936370034,0.9997637051039697,r04,0.1105002159812563,S4-external,xgb_d6_lr01_balanced,"{""colsample_bytree"": 0.9, ""learning_rate"": 0.1, ""max_depth"": 6, ""n_estimators"": 200, ""reg_lambda"": 1.0, ""scale_pos_weight"": 1.3542785150825352, ""subsample"": 0.9}",phiusiil,iscx_url2016_binary,0.76,0,8462,f_stable,14,"[""hostname_length"", ""longest_repeated_char_run"", ""url_length"", ""path_length"", ""registrable_domain_length"", ""subdomain_depth"", ""char_type_transition_count"", ""token_max_length"", ""dot_count"", ""letter_ratio"", ""token_mean_length"", ""digit_count"", ""letter_count"", ""slash_count""]",0.76
0.21968109741305164,0.4997992975413949,unfiltered,master,4,35378,1.0,0.02829889999999935,6.241073594601008e-07,0.1801135541732967,xgb,20261005,35378,9965,45343,0.12893254481462507,0.21970047861664352,0.9995985950827898,r04,0.1160096362482097,S4-external,xgb_d6_lr01_balanced,"{""colsample_bytree"": 0.9, ""learning_rate"": 0.1, ""max_depth"": 6, ""n_estimators"": 200, ""reg_lambda"": 1.0, ""scale_pos_weight"": 1.3542785150825352, ""subsample"": 0.9}",phiusiil,iscx_url2016_binary,0.76,0,9961,f_stable,14,"[""hostname_length"", ""longest_repeated_char_run"", ""url_length"", ""path_length"", ""registrable_domain_length"", ""subdomain_depth"", ""char_type_transition_count"", ""token_max_length"", ""dot_count"", ""letter_ratio"", ""token_mean_length"", ""digit_count"", ""letter_count"", ""slash_count""]",0.76
0.2542803250145096,0.5301427672850023,primary_domain_filtered,master,24,30813,0.9368785916263797,0.0740531999999802,1.6331782193498506e-06,0.2361955550246182,lr,20261006,32889,8463,41352,0.2238351599927283,0.2149954142464078,0.9971641261963844,r05,0.5533758154656012,S4-external,lr_c1,"{""C"": 1.0, ""class_weight"": null}",phiusiil,iscx_url2016_binary,0.86,2076,8439,f_all,35,"[""url_length"", ""hostname_length"", ""path_length"", ""query_length"", ""fragment_length"", ""digit_count"", ""letter_count"", ""special_char_count"", ""digit_ratio"", ""letter_ratio"", ""special_char_ratio"", ""dot_count"", ""hyphen_count"", ""underscore_count"", ""slash_count"", ""question_mark_count"", ""equals_sign_count"", ""percent_sign_count"", ""at_sign_count"", ""subdomain_depth"", ""path_segment_count"", ""query_parameter_count"", ""has_port"", ""has_userinfo"", ""host_is_ip"", ""tld_length"", ""registrable_domain_length"", ""domain_digit_ratio"", ""domain_hyphen_ratio"", ""url_char_entropy"", ""longest_repeated_char_run"", ""char_type_transition_count"", ""token_count"", ""token_mean_length"", ""token_max_length""]",0.86
0.2649582074410603,0.5279855263675565,unfiltered,master,27,33302,0.941319464073718,0.0740531999999802,1.6331782193498506e-06,0.2421750193985452,lr,20261006,35378,9965,45343,0.2356914941635998,0.2298334875115633,0.997290516808831,r05,0.542915188461214,S4-external,lr_c1,"{""C"": 1.0, ""class_weight"": null}",phiusiil,iscx_url2016_binary,0.86,2076,9938,f_all,35,"[""url_length"", ""hostname_length"", ""path_length"", ""query_length"", ""fragment_length"", ""digit_count"", ""letter_count"", ""special_char_count"", ""digit_ratio"", ""letter_ratio"", ""special_char_ratio"", ""dot_count"", ""hyphen_count"", ""underscore_count"", ""slash_count"", ""question_mark_count"", ""equals_sign_count"", ""percent_sign_count"", ""at_sign_count"", ""subdomain_depth"", ""path_segment_count"", ""query_parameter_count"", ""has_port"", ""has_userinfo"", ""host_is_ip"", ""tld_length"", ""registrable_domain_length"", ""domain_digit_ratio"", ""domain_hyphen_ratio"", ""url_char_entropy"", ""longest_repeated_char_run"", ""char_type_transition_count"", ""token_count"", ""token_mean_length"", ""token_max_length""]",0.86
0.24869413813116656,0.5268503450894072,primary_domain_filtered,master,19,31049,0.9440542430599896,0.014442100000000124,3.1850781818583075e-07,0.22903075949008667,lr,20261006,32889,8463,41352,0.22029963994781956,0.21381004228597472,0.9977549332388042,r05,0.5443348779320507,S4-external,lr_c1,"{""C"": 1.0, ""class_weight"": null}",phiusiil,iscx_url2016_binary,0.94,1840,8444,f_single,15,"[""hostname_length"", ""letter_count"", ""path_segment_count"", ""query_length"", ""path_length"", ""url_length"", ""slash_count"", ""dot_count"", ""token_mean_length"", ""question_mark_count"", ""token_max_length"", ""hyphen_count"", ""longest_repeated_char_run"", ""query_parameter_count"", ""special_char_ratio""]",0.94
0.25984165141256643,0.5248508226415269,unfiltered,master,23,33538,0.9479902764429872,0.014442100000000124,3.1850781818583075e-07,0.23543092494990736,lr,20261006,35378,9965,45343,0.23223633255641807,0.22865685372585096,0.9976919217260412,r05,0.534088326611624,S4-external,lr_c1,"{""C"": 1.0, ""class_weight"": null}",phiusiil,iscx_url2016_binary,0.94,1840,9942,f_single,15,"[""hostname_length"", ""letter_count"", ""path_segment_count"", ""query_length"", ""path_length"", ""url_length"", ""slash_count"", ""dot_count"", ""token_mean_length"", ""question_mark_count"", ""token_max_length"", ""hyphen_count"", ""longest_repeated_char_run"", ""query_parameter_count"", ""special_char_ratio""]",0.94
0.22954149738827626,0.5148098452262311,primary_domain_filtered,master,19,31841,0.9681352427863419,0.012562299999999027,2.770504818825183e-07,0.204080833137025,lr,20261006,32889,8463,41352,0.213316926386095,0.20960655330768277,0.9977549332388042,r05,0.5253201801783101,S4-external,lr_c1,"{""C"": 1.0, ""class_weight"": null}",phiusiil,iscx_url2016_binary,0.95,1048,8444,f_stable,14,"[""letter_count"", ""hostname_length"", ""path_segment_count"", ""path_length"", ""query_length"", ""url_length"", ""slash_count"", ""dot_count"", ""token_mean_length"", ""token_max_length"", ""question_mark_count"", ""longest_repeated_char_run"", ""hyphen_count"", ""query_parameter_count""]",0.95
0.24222040888339985,0.5133061963125675,unfiltered,master,30,34330,0.9703770704957884,0.012562299999999027,2.770504818825183e-07,0.21194816282261716,lr,20261006,35378,9965,45343,0.22557916715715445,0.22444369140404383,0.9969894631209232,r05,0.5163102687094355,S4-external,lr_c1,"{""C"": 1.0, ""class_weight"": null}",phiusiil,iscx_url2016_binary,0.95,1048,9935,f_stable,14,"[""letter_count"", ""hostname_length"", ""path_segment_count"", ""path_length"", ""query_length"", ""url_length"", ""slash_count"", ""dot_count"", ""token_mean_length"", ""token_max_length"", ""question_mark_count"", ""longest_repeated_char_run"", ""hyphen_count"", ""query_parameter_count""]",0.95
0.2043673824724318,0.499291031549096,primary_domain_filtered,master,12,32889,1.0,0.1408562999999958,3.1064618573979626e-06,0.1696885729775314,rf,20261006,32889,8463,41352,0.1892959869239077,0.2044267053701016,0.998582063098192,r05,0.4520151258961862,S4-external,rf_depth24_leaf2,"{""class_weight"": null, ""max_depth"": 24, ""max_features"": ""sqrt"", ""min_samples_leaf"": 2, ""n_estimators"": 200}",phiusiil,iscx_url2016_binary,0.81,0,8451,f_all,35,"[""url_length"", ""hostname_length"", ""path_length"", ""query_length"", ""fragment_length"", ""digit_count"", ""letter_count"", ""special_char_count"", ""digit_ratio"", ""letter_ratio"", ""special_char_ratio"", ""dot_count"", ""hyphen_count"", ""underscore_count"", ""slash_count"", ""question_mark_count"", ""equals_sign_count"", ""percent_sign_count"", ""at_sign_count"", ""subdomain_depth"", ""path_segment_count"", ""query_parameter_count"", ""has_port"", ""has_userinfo"", ""host_is_ip"", ""tld_length"", ""registrable_domain_length"", ""domain_digit_ratio"", ""domain_hyphen_ratio"", ""url_char_entropy"", ""longest_repeated_char_run"", ""char_type_transition_count"", ""token_count"", ""token_mean_length"", ""token_max_length""]",0.81
0.2194826103257393,0.4993477170095333,unfiltered,master,13,35378,1.0,0.1408562999999958,3.1064618573979626e-06,0.179980106700425,rf,20261006,35378,9965,45343,0.2038557812057432,0.2195455548202073,0.9986954340190668,r05,0.4528534377642683,S4-external,rf_depth24_leaf2,"{""class_weight"": null, ""max_depth"": 24, ""max_features"": ""sqrt"", ""min_samples_leaf"": 2, ""n_estimators"": 200}",phiusiil,iscx_url2016_binary,0.81,0,9952,f_all,35,"[""url_length"", ""hostname_length"", ""path_length"", ""query_length"", ""fragment_length"", ""digit_count"", ""letter_count"", ""special_char_count"", ""digit_ratio"", ""letter_ratio"", ""special_char_ratio"", ""dot_count"", ""hyphen_count"", ""underscore_count"", ""slash_count"", ""question_mark_count"", ""equals_sign_count"", ""percent_sign_count"", ""at_sign_count"", ""subdomain_depth"", ""path_segment_count"", ""query_parameter_count"", ""has_port"", ""has_userinfo"", ""host_is_ip"", ""tld_length"", ""registrable_domain_length"", ""domain_digit_ratio"", ""domain_hyphen_ratio"", ""url_char_entropy"", ""longest_repeated_char_run"", ""char_type_transition_count"", ""token_count"", ""token_mean_length"", ""token_max_length""]",0.81
0.2043673824724318,0.49929103154909604,primary_domain_filtered,master,12,32889,1.0,0.09096850000000067,2.006230289129539e-06,0.16968857297753148,rf,20261006,32889,8463,41352,0.19112676715691115,0.2044267053701016,0.9985820630981921,r05,0.45774991699258955,S4-external,rf_depth24_leaf2,"{""class_weight"": null, ""max_depth"": 24, ""max_features"": ""sqrt"", ""min_samples_leaf"": 2, ""n_estimators"": 200}",phiusiil,iscx_url2016_binary,0.78,0,8451,f_single,15,"[""longest_repeated_char_run"", ""hostname_length"", ""subdomain_depth"", ""registrable_domain_length"", ""url_length"", ""letter_ratio"", ""token_mean_length"", ""token_max_length"", ""digit_count"", ""letter_count"", ""digit_ratio"", ""special_char_ratio"", ""char_type_transition_count"", ""path_length"", ""path_segment_count""]",0.78
0.21948261032573937,0.49934771700953334,unfiltered,master,13,35378,1.0,0.09096850000000067,2.006230289129539e-06,0.179980106700425,rf,20261006,35378,9965,45343,0.20598094638729655,0.21954555482020738,0.9986954340190667,r05,0.45918802614510046,S4-external,rf_depth24_leaf2,"{""class_weight"": null, ""max_depth"": 24, ""max_features"": ""sqrt"", ""min_samples_leaf"": 2, ""n_estimators"": 200}",phiusiil,iscx_url2016_binary,0.78,0,9952,f_single,15,"[""longest_repeated_char_run"", ""hostname_length"", ""subdomain_depth"", ""registrable_domain_length"", ""url_length"", ""letter_ratio"", ""token_mean_length"", ""token_max_length"", ""digit_count"", ""letter_count"", ""digit_ratio"", ""special_char_ratio"", ""char_type_transition_count"", ""path_length"", ""path_segment_count""]",0.78
0.2043673824724318,0.49929103154909604,primary_domain_filtered,master,12,32889,1.0,0.0657810000000012,1.4507421211653662e-06,0.16968857297753148,rf,20261006,32889,8463,41352,0.19288750460381326,0.2044267053701016,0.9985820630981921,r05,0.4632372855222146,S4-external,rf_depth24_leaf2,"{""class_weight"": null, ""max_depth"": 24, ""max_features"": ""sqrt"", ""min_samples_leaf"": 2, ""n_estimators"": 200}",phiusiil,iscx_url2016_binary,0.74,0,8451,f_stable,14,"[""longest_repeated_char_run"", ""hostname_length"", ""subdomain_depth"", ""registrable_domain_length"", ""letter_ratio"", ""url_length"", ""token_mean_length"", ""path_length"", ""char_type_transition_count"", ""path_segment_count"", ""token_max_length"", ""special_char_ratio"", ""digit_count"", ""digit_ratio""]",0.74
0.21948261032573937,0.49934771700953334,unfiltered,master,13,35378,1.0,0.0657810000000012,1.4507421211653662e-06,0.179980106700425,rf,20261006,35378,9965,45343,0.2075037916298981,0.21954555482020738,0.9986954340190667,r05,0.4636637241595513,S4-external,rf_depth24_leaf2,"{""class_weight"": null, ""max_depth"": 24, ""max_features"": ""sqrt"", ""min_samples_leaf"": 2, ""n_estimators"": 200}",phiusiil,iscx_url2016_binary,0.74,0,9952,f_stable,14,"[""longest_repeated_char_run"", ""hostname_length"", ""subdomain_depth"", ""registrable_domain_length"", ""letter_ratio"", ""url_length"", ""token_mean_length"", ""path_length"", ""char_type_transition_count"", ""path_segment_count"", ""token_max_length"", ""special_char_ratio"", ""digit_count"", ""digit_ratio""]",0.74
0.2045124782356355,0.499645515774548,primary_domain_filtered,master,6,32889,1.0,0.0277983000000858,6.130670665832846e-07,0.169788592423056,xgb,20261006,32889,8463,41352,0.1146821657687082,0.2045421564359309,0.999291031549096,r05,0.0794669585058371,S4-external,xgb_d6_lr01_balanced,"{""colsample_bytree"": 0.9, ""learning_rate"": 0.1, ""max_depth"": 6, ""n_estimators"": 200, ""reg_lambda"": 1.0, ""scale_pos_weight"": 1.3542591267000716, ""subsample"": 0.9}",phiusiil,iscx_url2016_binary,0.8,0,8457,f_all,35,"[""url_length"", ""hostname_length"", ""path_length"", ""query_length"", ""fragment_length"", ""digit_count"", ""letter_count"", ""special_char_count"", ""digit_ratio"", ""letter_ratio"", ""special_char_ratio"", ""dot_count"", ""hyphen_count"", ""underscore_count"", ""slash_count"", ""question_mark_count"", ""equals_sign_count"", ""percent_sign_count"", ""at_sign_count"", ""subdomain_depth"", ""path_segment_count"", ""query_parameter_count"", ""has_port"", ""has_userinfo"", ""host_is_ip"", ""tld_length"", ""registrable_domain_length"", ""domain_digit_ratio"", ""domain_hyphen_ratio"", ""url_char_entropy"", ""longest_repeated_char_run"", ""char_type_transition_count"", ""token_count"", ""token_mean_length"", ""token_max_length""]",0.8
0.2195708268089892,0.4995484194681385,unfiltered,master,9,35378,1.0,0.0277983000000858,6.130670665832846e-07,0.1800394220510316,xgb,20261006,35378,9965,45343,0.1279186174215263,0.2196144174350377,0.999096838936277,r05,0.1235936269339091,S4-external,xgb_d6_lr01_balanced,"{""colsample_bytree"": 0.9, ""learning_rate"": 0.1, ""max_depth"": 6, ""n_estimators"": 200, ""reg_lambda"": 1.0, ""scale_pos_weight"": 1.3542591267000716, ""subsample"": 0.9}",phiusiil,iscx_url2016_binary,0.8,0,9956,f_all,35,"[""url_length"", ""hostname_length"", ""path_length"", ""query_length"", ""fragment_length"", ""digit_count"", ""letter_count"", ""special_char_count"", ""digit_ratio"", ""letter_ratio"", ""special_char_ratio"", ""dot_count"", ""hyphen_count"", ""underscore_count"", ""slash_count"", ""question_mark_count"", ""equals_sign_count"", ""percent_sign_count"", ""at_sign_count"", ""subdomain_depth"", ""path_segment_count"", ""query_parameter_count"", ""has_port"", ""has_userinfo"", ""host_is_ip"", ""tld_length"", ""registrable_domain_length"", ""domain_digit_ratio"", ""domain_hyphen_ratio"", ""url_char_entropy"", ""longest_repeated_char_run"", ""char_type_transition_count"", ""token_count"", ""token_mean_length"", ""token_max_length""]",0.8
0.204609208744438,0.499881838591516,primary_domain_filtered,master,2,32889,1.0,0.045667400000001024,1.007154356791589e-06,0.16985525866741613,xgb,20261006,32889,8463,41352,0.11384812334006572,0.20461910519951632,0.999763677183032,r05,0.06827652451201457,S4-external,xgb_d6_lr01_balanced,"{""colsample_bytree"": 0.9, ""learning_rate"": 0.1, ""max_depth"": 6, ""n_estimators"": 200, ""reg_lambda"": 1.0, ""scale_pos_weight"": 1.3542591267000716, ""subsample"": 0.9}",phiusiil,iscx_url2016_binary,0.79,0,8461,f_single,15,"[""hostname_length"", ""longest_repeated_char_run"", ""url_length"", ""path_length"", ""subdomain_depth"", ""registrable_domain_length"", ""token_max_length"", ""token_mean_length"", ""digit_count"", ""letter_ratio"", ""dot_count"", ""char_type_transition_count"", ""special_char_ratio"", ""letter_count"", ""slash_count""]",0.79
0.21968109741305164,0.4997992975413949,unfiltered,master,4,35378,1.0,0.045667400000001024,1.007154356791589e-06,0.1801135541732967,xgb,20261006,35378,9965,45343,0.12631231887524122,0.21970047861664352,0.9995985950827898,r05,0.08378323084949621,S4-external,xgb_d6_lr01_balanced,"{""colsample_bytree"": 0.9, ""learning_rate"": 0.1, ""max_depth"": 6, ""n_estimators"": 200, ""reg_lambda"": 1.0, ""scale_pos_weight"": 1.3542591267000716, ""subsample"": 0.9}",phiusiil,iscx_url2016_binary,0.79,0,9961,f_single,15,"[""hostname_length"", ""longest_repeated_char_run"", ""url_length"", ""path_length"", ""subdomain_depth"", ""registrable_domain_length"", ""token_max_length"", ""token_mean_length"", ""digit_count"", ""letter_ratio"", ""dot_count"", ""char_type_transition_count"", ""special_char_ratio"", ""letter_count"", ""slash_count""]",0.79
0.2046333913716386,0.499940919295758,primary_domain_filtered,master,1,32889,1.0,0.027236300000000213,6.006726506847852e-07,0.16987192355562694,xgb,20261006,32889,8463,41352,0.11281065505509368,0.20463834006432735,0.999881838591516,r05,0.04640137147279942,S4-external,xgb_d6_lr01_balanced,"{""colsample_bytree"": 0.9, ""learning_rate"": 0.1, ""max_depth"": 6, ""n_estimators"": 200, ""reg_lambda"": 1.0, ""scale_pos_weight"": 1.3542591267000716, ""subsample"": 0.9}",phiusiil,iscx_url2016_binary,0.7,0,8462,f_stable,15,"[""hostname_length"", ""longest_repeated_char_run"", ""url_length"", ""path_length"", ""subdomain_depth"", ""registrable_domain_length"", ""token_max_length"", ""char_type_transition_count"", ""dot_count"", ""letter_ratio"", ""token_mean_length"", ""digit_count"", ""letter_count"", ""slash_count"", ""special_char_ratio""]",0.7
0.21974725977548906,0.49994982438534874,unfiltered,master,1,35378,1.0,0.027236300000000213,6.006726506847852e-07,0.18015802701285552,xgb,20261006,35378,9965,45343,0.12499808730768139,0.2197521062149883,0.9998996487706975,r05,0.05623757292646488,S4-external,xgb_d6_lr01_balanced,"{""colsample_bytree"": 0.9, ""learning_rate"": 0.1, ""max_depth"": 6, ""n_estimators"": 200, ""reg_lambda"": 1.0, ""scale_pos_weight"": 1.3542591267000716, ""subsample"": 0.9}",phiusiil,iscx_url2016_binary,0.7,0,9964,f_stable,15,"[""hostname_length"", ""longest_repeated_char_run"", ""url_length"", ""path_length"", ""subdomain_depth"", ""registrable_domain_length"", ""token_max_length"", ""char_type_transition_count"", ""dot_count"", ""letter_ratio"", ""token_mean_length"", ""digit_count"", ""letter_count"", ""slash_count"", ""special_char_ratio""]",0.7
0.2529163386531167,0.5295764136678525,primary_domain_filtered,master,25,31292,0.9379252465305876,0.0446044999998775,9.837130317772884e-07,0.2347423227527312,lr,20261007,33363,8556,41919,0.2214992851812592,0.2142229364939858,0.9970780738662928,r06,0.5489368021367014,S4-external,lr_c1,"{""C"": 1.0, ""class_weight"": null}",phiusiil,iscx_url2016_binary,0.95,2071,8531,f_all,35,"[""url_length"", ""hostname_length"", ""path_length"", ""query_length"", ""fragment_length"", ""digit_count"", ""letter_count"", ""special_char_count"", ""digit_ratio"", ""letter_ratio"", ""special_char_ratio"", ""dot_count"", ""hyphen_count"", ""underscore_count"", ""slash_count"", ""question_mark_count"", ""equals_sign_count"", ""percent_sign_count"", ""at_sign_count"", ""subdomain_depth"", ""path_segment_count"", ""query_parameter_count"", ""has_port"", ""has_userinfo"", ""host_is_ip"", ""tld_length"", ""registrable_domain_length"", ""domain_digit_ratio"", ""domain_hyphen_ratio"", ""url_char_entropy"", ""longest_repeated_char_run"", ""char_type_transition_count"", ""token_count"", ""token_mean_length"", ""token_max_length""]",0.95
0.2648258827161855,0.5278646853676374,unfiltered,master,28,33307,0.9414607948442536,0.0446044999998775,9.837130317772884e-07,0.2420146803535338,lr,20261007,35378,9965,45343,0.2343474090086555,0.2297891036906854,0.9971901655795284,r06,0.5395585890432217,S4-external,lr_c1,"{""C"": 1.0, ""class_weight"": null}",phiusiil,iscx_url2016_binary,0.95,2071,9937,f_all,35,"[""url_length"", ""hostname_length"", ""path_length"", ""query_length"", ""fragment_length"", ""digit_count"", ""letter_count"", ""special_char_count"", ""digit_ratio"", ""letter_ratio"", ""special_char_ratio"", ""dot_count"", ""hyphen_count"", ""underscore_count"", ""slash_count"", ""question_mark_count"", ""equals_sign_count"", ""percent_sign_count"", ""at_sign_count"", ""subdomain_depth"", ""path_segment_count"", ""query_parameter_count"", ""has_port"", ""has_userinfo"", ""host_is_ip"", ""tld_length"", ""registrable_domain_length"", ""domain_digit_ratio"", ""domain_hyphen_ratio"", ""url_char_entropy"", ""longest_repeated_char_run"", ""char_type_transition_count"", ""token_count"", ""token_mean_length"", ""token_max_length""]",0.95
0.2963572604308309,0.5554332135283189,primary_domain_filtered,master,58,29438,0.8823547043131613,0.012321499999998764,2.717398495908688e-07,0.28788240513467334,lr,20261007,33363,8556,41919,0.23345103204736825,0.22400885702235343,0.993221131369799,r06,0.5786575105939724,S4-external,lr_c01,"{""C"": 0.1, ""class_weight"": null}",phiusiil,iscx_url2016_binary,0.73,3925,8498,f_single,15,"[""letter_count"", ""hostname_length"", ""query_length"", ""path_segment_count"", ""path_length"", ""url_length"", ""slash_count"", ""token_mean_length"", ""token_max_length"", ""dot_count"", ""question_mark_count"", ""longest_repeated_char_run"", ""hyphen_count"", ""query_parameter_count"", ""char_type_transition_count""]",0.73
0.3049202743532629,0.552152960484654,unfiltered,master,67,31450,0.8889705466674205,0.012321499999998764,2.717398495908688e-07,0.2926583856422955,lr,20261007,35378,9965,45343,0.23764258790211162,0.23938279965173648,0.9932764676367285,r06,0.5517479446478073,S4-external,lr_c01,"{""C"": 0.1, ""class_weight"": null}",phiusiil,iscx_url2016_binary,0.73,3928,9898,f_single,15,"[""letter_count"", ""hostname_length"", ""query_length"", ""path_segment_count"", ""path_length"", ""url_length"", ""slash_count"", ""token_mean_length"", ""token_max_length"", ""dot_count"", ""question_mark_count"", ""longest_repeated_char_run"", ""hyphen_count"", ""query_parameter_count"", ""char_type_transition_count""]",0.73
0.22817815310479736,0.5144263120549218,primary_domain_filtered,master,16,32338,0.9692773431645835,0.01115189999999977,2.4594534988862165e-07,0.20254864063642003,lr,20261007,33363,8556,41919,0.21266010997227233,0.20891433044669505,0.9981299672744273,r06,0.525068330840531,S4-external,lr_c1,"{""C"": 1.0, ""class_weight"": null}",phiusiil,iscx_url2016_binary,0.9,1025,8540,f_stable,14,"[""letter_count"", ""hostname_length"", ""path_length"", ""path_segment_count"", ""query_length"", ""url_length"", ""slash_count"", ""dot_count"", ""token_mean_length"", ""question_mark_count"", ""token_max_length"", ""hyphen_count"", ""longest_repeated_char_run"", ""query_parameter_count""]",0.9
0.2418454888295878,0.5132821892282439,unfiltered,master,24,34353,0.971027192040251,0.01115189999999977,2.4594534988862165e-07,0.21135231342604885,lr,20261007,35378,9965,45343,0.2256261872946598,0.2244322030071793,0.9975915704967386,r06,0.5164373657056297,S4-external,lr_c1,"{""C"": 1.0, ""class_weight"": null}",phiusiil,iscx_url2016_binary,0.9,1025,9941,f_stable,14,"[""letter_count"", ""hostname_length"", ""path_length"", ""path_segment_count"", ""query_length"", ""url_length"", ""slash_count"", ""dot_count"", ""token_mean_length"", ""question_mark_count"", ""token_max_length"", ""hyphen_count"", ""longest_repeated_char_run"", ""query_parameter_count""]",0.9
0.2038216560509554,0.4992987377279102,primary_domain_filtered,master,12,33363,1.0,0.069371300000057,1.5299230311196237e-06,0.1693121693121693,rf,20261007,33363,8556,41919,0.1952900784950475,0.203880020044384,0.9985974754558204,r06,0.4731402761219934,S4-external,rf_depth24_leaf2,"{""class_weight"": null, ""max_depth"": 24, ""max_features"": ""sqrt"", ""min_samples_leaf"": 2, ""n_estimators"": 200}",phiusiil,iscx_url2016_binary,0.79,0,8544,f_all,35,"[""url_length"", ""hostname_length"", ""path_length"", ""query_length"", ""fragment_length"", ""digit_count"", ""letter_count"", ""special_char_count"", ""digit_ratio"", ""letter_ratio"", ""special_char_ratio"", ""dot_count"", ""hyphen_count"", ""underscore_count"", ""slash_count"", ""question_mark_count"", ""equals_sign_count"", ""percent_sign_count"", ""at_sign_count"", ""subdomain_depth"", ""path_segment_count"", ""query_parameter_count"", ""has_port"", ""has_userinfo"", ""host_is_ip"", ""tld_length"", ""registrable_domain_length"", ""domain_digit_ratio"", ""domain_hyphen_ratio"", ""url_char_entropy"", ""longest_repeated_char_run"", ""char_type_transition_count"", ""token_count"", ""token_mean_length"", ""token_max_length""]",0.79
0.2194826103257393,0.4993477170095333,unfiltered,master,13,35378,1.0,0.069371300000057,1.5299230311196237e-06,0.179980106700425,rf,20261007,35378,9965,45343,0.2097526039531595,0.2195455548202073,0.9986954340190668,r06,0.471005689623672,S4-external,rf_depth24_leaf2,"{""class_weight"": null, ""max_depth"": 24, ""max_features"": ""sqrt"", ""min_samples_leaf"": 2, ""n_estimators"": 200}",phiusiil,iscx_url2016_binary,0.79,0,9952,f_all,35,"[""url_length"", ""hostname_length"", ""path_length"", ""query_length"", ""fragment_length"", ""digit_count"", ""letter_count"", ""special_char_count"", ""digit_ratio"", ""letter_ratio"", ""special_char_ratio"", ""dot_count"", ""hyphen_count"", ""underscore_count"", ""slash_count"", ""question_mark_count"", ""equals_sign_count"", ""percent_sign_count"", ""at_sign_count"", ""subdomain_depth"", ""path_segment_count"", ""query_parameter_count"", ""has_port"", ""has_userinfo"", ""host_is_ip"", ""tld_length"", ""registrable_domain_length"", ""domain_digit_ratio"", ""domain_hyphen_ratio"", ""url_char_entropy"", ""longest_repeated_char_run"", ""char_type_transition_count"", ""token_count"", ""token_mean_length"", ""token_max_length""]",0.79
0.20384551158186026,0.4993571762505844,primary_domain_filtered,master,11,33363,1.0,0.13644769999999973,3.0092340603841767e-06,0.16932863031071654,rf,20261007,33363,8556,41919,0.19767752107312,0.20389901689414908,0.9987143525011688,r06,0.4805949388074067,S4-external,rf_depth24_leaf2,"{""class_weight"": null, ""max_depth"": 24, ""max_features"": ""sqrt"", ""min_samples_leaf"": 2, ""n_estimators"": 200}",phiusiil,iscx_url2016_binary,0.72,0,8545,f_single,15,"[""longest_repeated_char_run"", ""hostname_length"", ""subdomain_depth"", ""letter_ratio"", ""url_length"", ""registrable_domain_length"", ""token_mean_length"", ""path_segment_count"", ""path_length"", ""letter_count"", ""token_max_length"", ""digit_count"", ""special_char_ratio"", ""char_type_transition_count"", ""digit_ratio""]",0.72
0.21950466444655184,0.49939789262418466,unfiltered,master,12,35378,1.0,0.13644769999999973,3.0092340603841767e-06,0.1799949363425926,rf,20261007,35378,9965,45343,0.21288996585046777,0.2195627716132448,0.9987957852483693,r06,0.48029118932488485,S4-external,rf_depth24_leaf2,"{""class_weight"": null, ""max_depth"": 24, ""max_features"": ""sqrt"", ""min_samples_leaf"": 2, ""n_estimators"": 200}",phiusiil,iscx_url2016_binary,0.72,0,9953,f_single,15,"[""longest_repeated_char_run"", ""hostname_length"", ""subdomain_depth"", ""letter_ratio"", ""url_length"", ""registrable_domain_length"", ""token_mean_length"", ""path_segment_count"", ""path_length"", ""letter_count"", ""token_max_length"", ""digit_count"", ""special_char_ratio"", ""char_type_transition_count"", ""digit_ratio""]",0.72
0.20382165605095542,0.4992987377279102,primary_domain_filtered,master,12,33363,1.0,0.14373029999999964,3.169845400613097e-06,0.1693121693121693,rf,20261007,33363,8556,41919,0.19006661475193135,0.203880020044384,0.9985974754558204,r06,0.4558435401328722,S4-external,rf_depth24_leaf2,"{""class_weight"": null, ""max_depth"": 24, ""max_features"": ""sqrt"", ""min_samples_leaf"": 2, ""n_estimators"": 200}",phiusiil,iscx_url2016_binary,0.72,0,8544,f_stable,15,"[""longest_repeated_char_run"", ""hostname_length"", ""subdomain_depth"", ""registrable_domain_length"", ""letter_ratio"", ""url_length"", ""path_length"", ""char_type_transition_count"", ""token_mean_length"", ""path_segment_count"", ""token_max_length"", ""special_char_ratio"", ""digit_count"", ""letter_count"", ""digit_ratio""]",0.72
0.21950466444655184,0.49939789262418466,unfiltered,master,12,35378,1.0,0.14373029999999964,3.169845400613097e-06,0.1799949363425926,rf,20261007,35378,9965,45343,0.20552294846053315,0.2195627716132448,0.9987957852483693,r06,0.4576756776934545,S4-external,rf_depth24_leaf2,"{""class_weight"": null, ""max_depth"": 24, ""max_features"": ""sqrt"", ""min_samples_leaf"": 2, ""n_estimators"": 200}",phiusiil,iscx_url2016_binary,0.72,0,9953,f_stable,15,"[""longest_repeated_char_run"", ""hostname_length"", ""subdomain_depth"", ""registrable_domain_length"", ""letter_ratio"", ""url_length"", ""path_length"", ""char_type_transition_count"", ""token_mean_length"", ""path_segment_count"", ""token_max_length"", ""special_char_ratio"", ""digit_count"", ""letter_count"", ""digit_ratio""]",0.72
0.2040840668909086,0.4999415614773259,primary_domain_filtered,master,1,33363,1.0,0.0286694999999781,6.322806166327359e-07,0.1694932044220786,xgb,20261007,33363,8556,41919,0.1161349907938301,0.2040889355408177,0.9998831229546518,r06,0.0983882023820679,S4-external,xgb_d6_lr01_balanced,"{""colsample_bytree"": 0.9, ""learning_rate"": 0.1, ""max_depth"": 6, ""n_estimators"": 200, ""reg_lambda"": 1.0, ""scale_pos_weight"": 1.3542591267000716, ""subsample"": 0.9}",phiusiil,iscx_url2016_binary,0.71,0,8555,f_all,35,"[""url_length"", ""hostname_length"", ""path_length"", ""query_length"", ""fragment_length"", ""digit_count"", ""letter_count"", ""special_char_count"", ""digit_ratio"", ""letter_ratio"", ""special_char_ratio"", ""dot_count"", ""hyphen_count"", ""underscore_count"", ""slash_count"", ""question_mark_count"", ""equals_sign_count"", ""percent_sign_count"", ""at_sign_count"", ""subdomain_depth"", ""path_segment_count"", ""query_parameter_count"", ""has_port"", ""has_userinfo"", ""host_is_ip"", ""tld_length"", ""registrable_domain_length"", ""domain_digit_ratio"", ""domain_hyphen_ratio"", ""url_char_entropy"", ""longest_repeated_char_run"", ""char_type_transition_count"", ""token_count"", ""token_mean_length"", ""token_max_length""]",0.71
0.219747259775489,0.4999498243853487,unfiltered,master,1,35378,1.0,0.0286694999999781,6.322806166327359e-07,0.1801580270128555,xgb,20261007,35378,9965,45343,0.1300031423254999,0.2197521062149883,0.9998996487706976,r06,0.1388226379529438,S4-external,xgb_d6_lr01_balanced,"{""colsample_bytree"": 0.9, ""learning_rate"": 0.1, ""max_depth"": 6, ""n_estimators"": 200, ""reg_lambda"": 1.0, ""scale_pos_weight"": 1.3542591267000716, ""subsample"": 0.9}",phiusiil,iscx_url2016_binary,0.71,0,9964,f_all,35,"[""url_length"", ""hostname_length"", ""path_length"", ""query_length"", ""fragment_length"", ""digit_count"", ""letter_count"", ""special_char_count"", ""digit_ratio"", ""letter_ratio"", ""special_char_ratio"", ""dot_count"", ""hyphen_count"", ""underscore_count"", ""slash_count"", ""question_mark_count"", ""equals_sign_count"", ""percent_sign_count"", ""at_sign_count"", ""subdomain_depth"", ""path_segment_count"", ""query_parameter_count"", ""has_port"", ""has_userinfo"", ""host_is_ip"", ""tld_length"", ""registrable_domain_length"", ""domain_digit_ratio"", ""domain_hyphen_ratio"", ""url_char_entropy"", ""longest_repeated_char_run"", ""char_type_transition_count"", ""token_count"", ""token_mean_length"", ""token_max_length""]",0.71
0.20408406689090866,0.4999415614773259,primary_domain_filtered,master,1,33363,1.0,0.034174399999999494,7.536863462937938e-07,0.16949320442207869,xgb,20261007,33363,8556,41919,0.11426408397746395,0.20408893554081778,0.9998831229546518,r06,0.0819627123725242,S4-external,xgb_d6_lr01_balanced,"{""colsample_bytree"": 0.9, ""learning_rate"": 0.1, ""max_depth"": 6, ""n_estimators"": 200, ""reg_lambda"": 1.0, ""scale_pos_weight"": 1.3542591267000716, ""subsample"": 0.9}",phiusiil,iscx_url2016_binary,0.7,0,8555,f_single,15,"[""hostname_length"", ""longest_repeated_char_run"", ""url_length"", ""path_length"", ""subdomain_depth"", ""token_max_length"", ""registrable_domain_length"", ""char_type_transition_count"", ""dot_count"", ""token_mean_length"", ""digit_count"", ""letter_ratio"", ""special_char_ratio"", ""slash_count"", ""letter_count""]",0.7
0.21972520565467657,0.4998996487706974,unfiltered,master,2,35378,1.0,0.034174399999999494,7.536863462937938e-07,0.18014320326908473,xgb,20261007,35378,9965,45343,0.1260284846819913,0.21973489777464106,0.9997992975413948,r06,0.09812166938402787,S4-external,xgb_d6_lr01_balanced,"{""colsample_bytree"": 0.9, ""learning_rate"": 0.1, ""max_depth"": 6, ""n_estimators"": 200, ""reg_lambda"": 1.0, ""scale_pos_weight"": 1.3542591267000716, ""subsample"": 0.9}",phiusiil,iscx_url2016_binary,0.7,0,9963,f_single,15,"[""hostname_length"", ""longest_repeated_char_run"", ""url_length"", ""path_length"", ""subdomain_depth"", ""token_max_length"", ""registrable_domain_length"", ""char_type_transition_count"", ""dot_count"", ""token_mean_length"", ""digit_count"", ""letter_ratio"", ""special_char_ratio"", ""slash_count"", ""letter_count""]",0.7
0.20408406689090866,0.4999415614773259,primary_domain_filtered,master,1,33363,1.0,0.02798310000000015,6.171426681075392e-07,0.16949320442207869,xgb,20261007,33363,8556,41919,0.11395270858040188,0.20408893554081778,0.9998831229546518,r06,0.07961973976400834,S4-external,xgb_d6_lr01_balanced,"{""colsample_bytree"": 0.9, ""learning_rate"": 0.1, ""max_depth"": 6, ""n_estimators"": 200, ""reg_lambda"": 1.0, ""scale_pos_weight"": 1.3542591267000716, ""subsample"": 0.9}",phiusiil,iscx_url2016_binary,0.75,0,8555,f_stable,14,"[""hostname_length"", ""longest_repeated_char_run"", ""url_length"", ""path_length"", ""registrable_domain_length"", ""token_max_length"", ""subdomain_depth"", ""char_type_transition_count"", ""dot_count"", ""token_mean_length"", ""letter_ratio"", ""digit_count"", ""letter_count"", ""special_char_ratio""]",0.75
0.21974725977548906,0.49994982438534874,unfiltered,master,1,35378,1.0,0.02798310000000015,6.171426681075392e-07,0.18015802701285552,xgb,20261007,35378,9965,45343,0.1255988633803242,0.2197521062149883,0.9998996487706975,r06,0.08345255230323488,S4-external,xgb_d6_lr01_balanced,"{""colsample_bytree"": 0.9, ""learning_rate"": 0.1, ""max_depth"": 6, ""n_estimators"": 200, ""reg_lambda"": 1.0, ""scale_pos_weight"": 1.3542591267000716, ""subsample"": 0.9}",phiusiil,iscx_url2016_binary,0.75,0,9964,f_stable,14,"[""hostname_length"", ""longest_repeated_char_run"", ""url_length"", ""path_length"", ""registrable_domain_length"", ""token_max_length"", ""subdomain_depth"", ""char_type_transition_count"", ""dot_count"", ""token_mean_length"", ""letter_ratio"", ""digit_count"", ""letter_count"", ""special_char_ratio""]",0.75
0.2518613731719739,0.528360248183309,primary_domain_filtered,master,23,30825,0.9405608275104508,0.0220248999999057,4.857398054805759e-07,0.2328620043383313,lr,20261008,32773,8460,41233,0.2232491564700947,0.2148897152462941,0.9972813238770686,r07,0.5505019556042031,S4-external,lr_c1,"{""C"": 1.0, ""class_weight"": null}",phiusiil,iscx_url2016_binary,0.86,1948,8437,f_all,35,"[""url_length"", ""hostname_length"", ""path_length"", ""query_length"", ""fragment_length"", ""digit_count"", ""letter_count"", ""special_char_count"", ""digit_ratio"", ""letter_ratio"", ""special_char_ratio"", ""dot_count"", ""hyphen_count"", ""underscore_count"", ""slash_count"", ""question_mark_count"", ""equals_sign_count"", ""percent_sign_count"", ""at_sign_count"", ""subdomain_depth"", ""path_segment_count"", ""query_parameter_count"", ""has_port"", ""has_userinfo"", ""host_is_ip"", ""tld_length"", ""registrable_domain_length"", ""domain_digit_ratio"", ""domain_hyphen_ratio"", ""url_char_entropy"", ""longest_repeated_char_run"", ""char_type_transition_count"", ""token_count"", ""token_mean_length"", ""token_max_length""]",0.86
0.2621793882186886,0.5262768437340063,unfiltered,master,25,33430,0.9449375317994234,0.0220248999999057,4.857398054805759e-07,0.2385230674253271,lr,20261008,35378,9965,45343,0.23461056745143,0.2291906848051648,0.997491219267436,r07,0.5402191703411485,S4-external,lr_c1,"{""C"": 1.0, ""class_weight"": null}",phiusiil,iscx_url2016_binary,0.86,1948,9940,f_all,35,"[""url_length"", ""hostname_length"", ""path_length"", ""query_length"", ""fragment_length"", ""digit_count"", ""letter_count"", ""special_char_count"", ""digit_ratio"", ""letter_ratio"", ""special_char_ratio"", ""dot_count"", ""hyphen_count"", ""underscore_count"", ""slash_count"", ""question_mark_count"", ""equals_sign_count"", ""percent_sign_count"", ""at_sign_count"", ""subdomain_depth"", ""path_segment_count"", ""query_parameter_count"", ""has_port"", ""has_userinfo"", ""host_is_ip"", ""tld_length"", ""registrable_domain_length"", ""domain_digit_ratio"", ""domain_hyphen_ratio"", ""url_char_entropy"", ""longest_repeated_char_run"", ""char_type_transition_count"", ""token_count"", ""token_mean_length"", ""token_max_length""]",0.86
0.22920961365896247,0.514286094280313,primary_domain_filtered,master,19,31763,0.9691819485552131,0.010420199999998658,2.2980834969011002e-07,0.20333459861109338,lr,20261008,32773,8460,41233,0.21392899441285207,0.20995423340961097,0.9977541371158393,r07,0.5255012180282462,S4-external,lr_c1,"{""C"": 1.0, ""class_weight"": null}",phiusiil,iscx_url2016_binary,0.92,1010,8441,f_single,15,"[""hostname_length"", ""letter_count"", ""query_length"", ""path_segment_count"", ""url_length"", ""path_length"", ""dot_count"", ""question_mark_count"", ""slash_count"", ""token_mean_length"", ""query_parameter_count"", ""token_max_length"", ""longest_repeated_char_run"", ""hyphen_count"", ""underscore_count""]",0.92
0.24144851465496328,0.512919666228487,unfiltered,master,27,34368,0.9714511843518571,0.010420199999998658,2.2980834969011002e-07,0.21085387883331513,lr,20261008,35378,9965,45343,0.22561789977712937,0.2243037060443281,0.997290516808831,r07,0.516374648314723,S4-external,lr_c1,"{""C"": 1.0, ""class_weight"": null}",phiusiil,iscx_url2016_binary,0.92,1010,9938,f_single,15,"[""hostname_length"", ""letter_count"", ""query_length"", ""path_segment_count"", ""url_length"", ""path_length"", ""dot_count"", ""question_mark_count"", ""slash_count"", ""token_mean_length"", ""query_parameter_count"", ""token_max_length"", ""longest_repeated_char_run"", ""hyphen_count"", ""underscore_count""]",0.92
0.23139233138505566,0.5155714853928581,primary_domain_filtered,master,21,31671,0.9663747597107375,0.008435200000000975,1.860309198774006e-07,0.20626043868080002,lr,20261008,32773,8460,41233,0.2145029522311434,0.21039640987284966,0.9975177304964539,r07,0.5271454407454558,S4-external,lr_c1,"{""C"": 1.0, ""class_weight"": null}",phiusiil,iscx_url2016_binary,0.93,1102,8439,f_stable,14,"[""letter_count"", ""hostname_length"", ""path_segment_count"", ""query_length"", ""path_length"", ""url_length"", ""slash_count"", ""dot_count"", ""token_mean_length"", ""question_mark_count"", ""token_max_length"", ""longest_repeated_char_run"", ""hyphen_count"", ""query_parameter_count""]",0.93
0.2434333855280859,0.5141195580881097,unfiltered,master,29,34276,0.9688506981740065,0.008435200000000975,1.860309198774006e-07,0.2135831974029462,lr,20261008,35378,9965,45343,0.22616132583358398,0.22473536596399168,0.9970898143502258,r07,0.5179143112601948,S4-external,lr_c1,"{""C"": 1.0, ""class_weight"": null}",phiusiil,iscx_url2016_binary,0.93,1102,9936,f_stable,14,"[""letter_count"", ""hostname_length"", ""path_segment_count"", ""query_length"", ""path_length"", ""url_length"", ""slash_count"", ""dot_count"", ""token_mean_length"", ""question_mark_count"", ""token_max_length"", ""longest_repeated_char_run"", ""hyphen_count"", ""query_parameter_count""]",0.93
0.2048844372226129,0.4992907801418439,primary_domain_filtered,master,12,32773,1.0,0.0731304000000818,1.61282667666634e-06,0.1700448863750729,rf,20261008,32773,8460,41233,0.1910741940374944,0.2049440819000024,0.998581560283688,r07,0.456072075129018,S4-external,rf_depth24_leaf2,"{""class_weight"": null, ""max_depth"": 24, ""max_features"": ""sqrt"", ""min_samples_leaf"": 2, ""n_estimators"": 200}",phiusiil,iscx_url2016_binary,0.85,0,8448,f_all,35,"[""url_length"", ""hostname_length"", ""path_length"", ""query_length"", ""fragment_length"", ""digit_count"", ""letter_count"", ""special_char_count"", ""digit_ratio"", ""letter_ratio"", ""special_char_ratio"", ""dot_count"", ""hyphen_count"", ""underscore_count"", ""slash_count"", ""question_mark_count"", ""equals_sign_count"", ""percent_sign_count"", ""at_sign_count"", ""subdomain_depth"", ""path_segment_count"", ""query_parameter_count"", ""has_port"", ""has_userinfo"", ""host_is_ip"", ""tld_length"", ""registrable_domain_length"", ""domain_digit_ratio"", ""domain_hyphen_ratio"", ""url_char_entropy"", ""longest_repeated_char_run"", ""char_type_transition_count"", ""token_count"", ""token_mean_length"", ""token_max_length""]",0.85
0.2194826103257393,0.4993477170095333,unfiltered,master,13,35378,1.0,0.0731304000000818,1.61282667666634e-06,0.179980106700425,rf,20261008,35378,9965,45343,0.2014295513539898,0.2195455548202073,0.9986954340190668,r07,0.4451884112909514,S4-external,rf_depth24_leaf2,"{""class_weight"": null, ""max_depth"": 24, ""max_features"": ""sqrt"", ""min_samples_leaf"": 2, ""n_estimators"": 200}",phiusiil,iscx_url2016_binary,0.85,0,9952,f_all,35,"[""url_length"", ""hostname_length"", ""path_length"", ""query_length"", ""fragment_length"", ""digit_count"", ""letter_count"", ""special_char_count"", ""digit_ratio"", ""letter_ratio"", ""special_char_ratio"", ""dot_count"", ""hyphen_count"", ""underscore_count"", ""slash_count"", ""question_mark_count"", ""equals_sign_count"", ""percent_sign_count"", ""at_sign_count"", ""subdomain_depth"", ""path_segment_count"", ""query_parameter_count"", ""has_port"", ""has_userinfo"", ""host_is_ip"", ""tld_length"", ""registrable_domain_length"", ""domain_digit_ratio"", ""domain_hyphen_ratio"", ""url_char_entropy"", ""longest_repeated_char_run"", ""char_type_transition_count"", ""token_count"", ""token_mean_length"", ""token_max_length""]",0.85
0.20486018480343415,0.4991878332932626,primary_domain_filtered,master,14,32772,0.9999694870777774,0.05786209999999947,1.2760977438634293e-06,0.17004539489282308,rf,20261008,32773,8460,41233,0.19492409533071153,0.20491047600562862,0.9983451536643027,r07,0.46815754571943013,S4-external,rf_depth24_leaf2,"{""class_weight"": null, ""max_depth"": 24, ""max_features"": ""sqrt"", ""min_samples_leaf"": 2, ""n_estimators"": 200}",phiusiil,iscx_url2016_binary,0.85,1,8446,f_single,15,"[""longest_repeated_char_run"", ""hostname_length"", ""subdomain_depth"", ""registrable_domain_length"", ""letter_ratio"", ""url_length"", ""path_length"", ""token_mean_length"", ""path_segment_count"", ""char_type_transition_count"", ""digit_ratio"", ""digit_count"", ""token_max_length"", ""letter_count"", ""special_char_ratio""]",0.85
0.219372339721677,0.49906079639867923,unfiltered,master,19,35377,0.9999717338458929,0.05786209999999947,1.2760977438634293e-06,0.17992262147576918,rf,20261008,35378,9965,45343,0.20897905758257765,0.21944707984908324,0.9980933266432513,r07,0.46814007032414906,S4-external,rf_depth24_leaf2,"{""class_weight"": null, ""max_depth"": 24, ""max_features"": ""sqrt"", ""min_samples_leaf"": 2, ""n_estimators"": 200}",phiusiil,iscx_url2016_binary,0.85,1,9946,f_single,15,"[""longest_repeated_char_run"", ""hostname_length"", ""subdomain_depth"", ""registrable_domain_length"", ""letter_ratio"", ""url_length"", ""path_length"", ""token_mean_length"", ""path_segment_count"", ""char_type_transition_count"", ""digit_ratio"", ""digit_count"", ""token_max_length"", ""letter_count"", ""special_char_ratio""]",0.85
0.20486018480343415,0.4992316784869976,primary_domain_filtered,master,13,32773,1.0,0.07026880000000091,1.5497166045475797e-06,0.1700281803542673,rf,20261008,32773,8460,41233,0.19156016892533181,0.2049247937894226,0.9984633569739952,r07,0.4572309764733829,S4-external,rf_depth24_leaf2,"{""class_weight"": null, ""max_depth"": 24, ""max_features"": ""sqrt"", ""min_samples_leaf"": 2, ""n_estimators"": 200}",phiusiil,iscx_url2016_binary,0.84,0,8447,f_stable,15,"[""longest_repeated_char_run"", ""hostname_length"", ""subdomain_depth"", ""registrable_domain_length"", ""letter_ratio"", ""path_length"", ""url_length"", ""char_type_transition_count"", ""token_mean_length"", ""path_segment_count"", ""token_max_length"", ""special_char_ratio"", ""digit_ratio"", ""digit_count"", ""letter_count""]",0.84
0.21941644796330195,0.4991971901655795,unfiltered,master,16,35378,1.0,0.07026880000000091,1.5497166045475797e-06,0.17993561455545107,rf,20261008,35378,9965,45343,0.20584668689416527,0.2194938998830719,0.998394380331159,r07,0.4584969250594051,S4-external,rf_depth24_leaf2,"{""class_weight"": null, ""max_depth"": 24, ""max_features"": ""sqrt"", ""min_samples_leaf"": 2, ""n_estimators"": 200}",phiusiil,iscx_url2016_binary,0.84,0,9949,f_stable,15,"[""longest_repeated_char_run"", ""hostname_length"", ""subdomain_depth"", ""registrable_domain_length"", ""letter_ratio"", ""path_length"", ""url_length"", ""char_type_transition_count"", ""token_mean_length"", ""path_segment_count"", ""token_max_length"", ""special_char_ratio"", ""digit_ratio"", ""digit_count"", ""letter_count""]",0.84
0.2049329420609705,0.4994089834515366,primary_domain_filtered,master,10,32773,1.0,0.0296461000002636,6.538186710244952e-07,0.1700782963991707,xgb,20261008,32773,8460,41233,0.1140840515406379,0.2049826553137811,0.9988179669030732,r07,0.0591954117509663,S4-external,xgb_d6_lr01_balanced,"{""colsample_bytree"": 0.9, ""learning_rate"": 0.1, ""max_depth"": 6, ""n_estimators"": 200, ""reg_lambda"": 1.0, ""scale_pos_weight"": 1.3542785150825352, ""subsample"": 0.9}",phiusiil,iscx_url2016_binary,0.88,0,8450,f_all,35,"[""url_length"", ""hostname_length"", ""path_length"", ""query_length"", ""fragment_length"", ""digit_count"", ""letter_count"", ""special_char_count"", ""digit_ratio"", ""letter_ratio"", ""special_char_ratio"", ""dot_count"", ""hyphen_count"", ""underscore_count"", ""slash_count"", ""question_mark_count"", ""equals_sign_count"", ""percent_sign_count"", ""at_sign_count"", ""subdomain_depth"", ""path_segment_count"", ""query_parameter_count"", ""has_port"", ""has_userinfo"", ""host_is_ip"", ""tld_length"", ""registrable_domain_length"", ""domain_digit_ratio"", ""domain_hyphen_ratio"", ""url_char_entropy"", ""longest_repeated_char_run"", ""char_type_transition_count"", ""token_count"", ""token_mean_length"", ""token_max_length""]",0.88
0.2195046644465518,0.4993978926241846,unfiltered,master,12,35378,1.0,0.0296461000002636,6.538186710244952e-07,0.1799949363425926,xgb,20261008,35378,9965,45343,0.125679267343773,0.2195627716132448,0.9987957852483692,r07,0.0941705219781474,S4-external,xgb_d6_lr01_balanced,"{""colsample_bytree"": 0.9, ""learning_rate"": 0.1, ""max_depth"": 6, ""n_estimators"": 200, ""reg_lambda"": 1.0, ""scale_pos_weight"": 1.3542785150825352, ""subsample"": 0.9}",phiusiil,iscx_url2016_binary,0.88,0,9953,f_all,35,"[""url_length"", ""hostname_length"", ""path_length"", ""query_length"", ""fragment_length"", ""digit_count"", ""letter_count"", ""special_char_count"", ""digit_ratio"", ""letter_ratio"", ""special_char_ratio"", ""dot_count"", ""hyphen_count"", ""underscore_count"", ""slash_count"", ""question_mark_count"", ""equals_sign_count"", ""percent_sign_count"", ""at_sign_count"", ""subdomain_depth"", ""path_segment_count"", ""query_parameter_count"", ""has_port"", ""has_userinfo"", ""host_is_ip"", ""tld_length"", ""registrable_domain_length"", ""domain_digit_ratio"", ""domain_hyphen_ratio"", ""url_char_entropy"", ""longest_repeated_char_run"", ""char_type_transition_count"", ""token_count"", ""token_mean_length"", ""token_max_length""]",0.88
0.20502995173768584,0.499645390070922,primary_domain_filtered,master,6,32773,1.0,0.02649070000000009,5.84229098207002e-07,0.1701451083784491,xgb,20261008,32773,8460,41233,0.11515617547839434,0.2050597909137216,0.999290780141844,r07,0.08001761381879033,S4-external,xgb_d6_lr01_balanced,"{""colsample_bytree"": 0.9, ""learning_rate"": 0.1, ""max_depth"": 6, ""n_estimators"": 200, ""reg_lambda"": 1.0, ""scale_pos_weight"": 1.3542785150825352, ""subsample"": 0.9}",phiusiil,iscx_url2016_binary,0.82,0,8454,f_single,15,"[""hostname_length"", ""longest_repeated_char_run"", ""url_length"", ""path_length"", ""subdomain_depth"", ""registrable_domain_length"", ""token_max_length"", ""dot_count"", ""token_mean_length"", ""digit_count"", ""char_type_transition_count"", ""letter_ratio"", ""slash_count"", ""letter_count"", ""special_char_ratio""]",0.82
0.21957082680898926,0.4995484194681385,unfiltered,master,9,35378,1.0,0.02649070000000009,5.84229098207002e-07,0.18003942205103166,xgb,20261008,35378,9965,45343,0.12802058157676954,0.2196144174350377,0.999096838936277,r07,0.12489788089507804,S4-external,xgb_d6_lr01_balanced,"{""colsample_bytree"": 0.9, ""learning_rate"": 0.1, ""max_depth"": 6, ""n_estimators"": 200, ""reg_lambda"": 1.0, ""scale_pos_weight"": 1.3542785150825352, ""subsample"": 0.9}",phiusiil,iscx_url2016_binary,0.82,0,9956,f_single,15,"[""hostname_length"", ""longest_repeated_char_run"", ""url_length"", ""path_length"", ""subdomain_depth"", ""registrable_domain_length"", ""token_max_length"", ""dot_count"", ""token_mean_length"", ""digit_count"", ""char_type_transition_count"", ""letter_ratio"", ""slash_count"", ""letter_count"", ""special_char_ratio""]",0.82
0.2051269614144011,0.49988179669030736,primary_domain_filtered,master,2,32773,1.0,0.026530799999999743,5.851134684515745e-07,0.17021190960133625,xgb,20261008,32773,8460,41233,0.11520918998223588,0.20513691154713687,0.9997635933806147,r07,0.08216544221844382,S4-external,xgb_d6_lr01_balanced,"{""colsample_bytree"": 0.9, ""learning_rate"": 0.1, ""max_depth"": 6, ""n_estimators"": 200, ""reg_lambda"": 1.0, ""scale_pos_weight"": 1.3542785150825352, ""subsample"": 0.9}",phiusiil,iscx_url2016_binary,0.69,0,8458,f_stable,14,"[""hostname_length"", ""longest_repeated_char_run"", ""url_length"", ""path_length"", ""registrable_domain_length"", ""subdomain_depth"", ""token_max_length"", ""char_type_transition_count"", ""dot_count"", ""digit_count"", ""letter_ratio"", ""token_mean_length"", ""slash_count"", ""letter_count""]",0.69
0.21972520565467657,0.4998996487706974,unfiltered,master,2,35378,1.0,0.026530799999999743,5.851134684515745e-07,0.18014320326908473,xgb,20261008,35378,9965,45343,0.12739311137745127,0.21973489777464106,0.9997992975413948,r07,0.11508805183567326,S4-external,xgb_d6_lr01_balanced,"{""colsample_bytree"": 0.9, ""learning_rate"": 0.1, ""max_depth"": 6, ""n_estimators"": 200, ""reg_lambda"": 1.0, ""scale_pos_weight"": 1.3542785150825352, ""subsample"": 0.9}",phiusiil,iscx_url2016_binary,0.69,0,9963,f_stable,14,"[""hostname_length"", ""longest_repeated_char_run"", ""url_length"", ""path_length"", ""registrable_domain_length"", ""subdomain_depth"", ""token_max_length"", ""char_type_transition_count"", ""dot_count"", ""digit_count"", ""letter_ratio"", ""token_mean_length"", ""slash_count"", ""letter_count""]",0.69
0.2477658303464755,0.5253856017402594,primary_domain_filtered,master,22,31459,0.9466762962294244,0.0288835999999719,6.370024038985493e-07,0.2272128756809191,lr,20261009,33231,8619,41850,0.2211489400787423,0.2146245256640703,0.9974474997099432,r08,0.5429465395764651,S4-external,lr_c1_balanced,"{""C"": 1.0, ""class_weight"": ""balanced""}",phiusiil,iscx_url2016_binary,0.95,1772,8597,f_all,35,"[""url_length"", ""hostname_length"", ""path_length"", ""query_length"", ""fragment_length"", ""digit_count"", ""letter_count"", ""special_char_count"", ""digit_ratio"", ""letter_ratio"", ""special_char_ratio"", ""dot_count"", ""hyphen_count"", ""underscore_count"", ""slash_count"", ""question_mark_count"", ""equals_sign_count"", ""percent_sign_count"", ""at_sign_count"", ""subdomain_depth"", ""path_segment_count"", ""query_parameter_count"", ""has_port"", ""has_userinfo"", ""host_is_ip"", ""tld_length"", ""registrable_domain_length"", ""domain_digit_ratio"", ""domain_hyphen_ratio"", ""url_char_entropy"", ""longest_repeated_char_run"", ""char_type_transition_count"", ""token_count"", ""token_mean_length"", ""token_max_length""]",0.95
0.2583199170765057,0.5238035552496375,unfiltered,master,25,33605,0.949884108768161,0.0288835999999719,6.370024038985493e-07,0.2334517304826728,lr,20261009,35378,9965,45343,0.2320882561485712,0.2282696061545527,0.997491219267436,r08,0.5337605229020096,S4-external,lr_c1_balanced,"{""C"": 1.0, ""class_weight"": ""balanced""}",phiusiil,iscx_url2016_binary,0.95,1773,9940,f_all,35,"[""url_length"", ""hostname_length"", ""path_length"", ""query_length"", ""fragment_length"", ""digit_count"", ""letter_count"", ""special_char_count"", ""digit_ratio"", ""letter_ratio"", ""special_char_ratio"", ""dot_count"", ""hyphen_count"", ""underscore_count"", ""slash_count"", ""question_mark_count"", ""equals_sign_count"", ""percent_sign_count"", ""at_sign_count"", ""subdomain_depth"", ""path_segment_count"", ""query_parameter_count"", ""has_port"", ""has_userinfo"", ""host_is_ip"", ""tld_length"", ""registrable_domain_length"", ""domain_digit_ratio"", ""domain_hyphen_ratio"", ""url_char_entropy"", ""longest_repeated_char_run"", ""char_type_transition_count"", ""token_count"", ""token_mean_length"", ""token_max_length""]",0.95
0.23297491039426524,0.516114974188999,primary_domain_filtered,master,21,32079,0.9653335740724023,0.011309099999998296,2.4941225768030996e-07,0.20790025264832435,lr,20261009,33231,8619,41850,0.21744648719475124,0.2113725200973523,0.9975635224504003,r08,0.5329124718489662,S4-external,lr_c1,"{""C"": 1.0, ""class_weight"": null}",phiusiil,iscx_url2016_binary,0.9,1152,8598,f_single,15,"[""hostname_length"", ""path_segment_count"", ""letter_count"", ""query_length"", ""path_length"", ""slash_count"", ""url_length"", ""dot_count"", ""question_mark_count"", ""token_mean_length"", ""hyphen_count"", ""underscore_count"", ""token_max_length"", ""query_parameter_count"", ""longest_repeated_char_run""]",0.9
0.24455814568952208,0.51484034501784,unfiltered,master,29,34225,0.9674091243145457,0.011309099999998296,2.4941225768030996e-07,0.21510886523713085,lr,20261009,35378,9965,45343,0.2283638040499637,0.2249949050066801,0.9970898143502258,r08,0.5236982003579321,S4-external,lr_c1,"{""C"": 1.0, ""class_weight"": null}",phiusiil,iscx_url2016_binary,0.9,1153,9936,f_single,15,"[""hostname_length"", ""path_segment_count"", ""letter_count"", ""query_length"", ""path_length"", ""slash_count"", ""url_length"", ""dot_count"", ""question_mark_count"", ""token_mean_length"", ""hyphen_count"", ""underscore_count"", ""token_max_length"", ""query_parameter_count"", ""longest_repeated_char_run""]",0.9
0.23096774193548386,0.5150229547907341,primary_domain_filtered,master,17,32167,0.9679817038307604,0.01572230000000019,3.4674150364996114e-07,0.20518142294843467,lr,20261009,33231,8619,41850,0.21493867300981095,0.21099364713385171,0.9980276134122288,r08,0.5261310123226932,S4-external,lr_c1,"{""C"": 1.0, ""class_weight"": null}",phiusiil,iscx_url2016_binary,0.91,1064,8602,f_stable,14,"[""letter_count"", ""hostname_length"", ""path_segment_count"", ""path_length"", ""query_length"", ""url_length"", ""slash_count"", ""dot_count"", ""token_mean_length"", ""question_mark_count"", ""token_max_length"", ""hyphen_count"", ""longest_repeated_char_run"", ""query_parameter_count""]",0.91
0.2427055995412743,0.5137973366957339,unfiltered,master,25,34313,0.9698965458759681,0.01572230000000019,3.4674150364996114e-07,0.2125376335581421,lr,20261009,35378,9965,45343,0.22596990514618526,0.22461754005378168,0.997491219267436,r08,0.5173811333051399,S4-external,lr_c1,"{""C"": 1.0, ""class_weight"": null}",phiusiil,iscx_url2016_binary,0.91,1065,9940,f_stable,14,"[""letter_count"", ""hostname_length"", ""path_segment_count"", ""path_length"", ""query_length"", ""url_length"", ""slash_count"", ""dot_count"", ""token_mean_length"", ""question_mark_count"", ""token_max_length"", ""hyphen_count"", ""longest_repeated_char_run"", ""query_parameter_count""]",0.91
0.205710872162485,0.4994198862977143,primary_domain_filtered,master,10,33231,1.0,0.2200793000001795,4.853655470528626e-06,0.1706137656315028,rf,20261009,33231,8619,41850,0.1836345766439903,0.2057600382409178,0.9988397725954288,r08,0.4289785862577227,S4-external,rf_depth24_leaf2,"{""class_weight"": null, ""max_depth"": 24, ""max_features"": ""sqrt"", ""min_samples_leaf"": 2, ""n_estimators"": 200}",phiusiil,iscx_url2016_binary,0.79,0,8609,f_all,35,"[""url_length"", ""hostname_length"", ""path_length"", ""query_length"", ""fragment_length"", ""digit_count"", ""letter_count"", ""special_char_count"", ""digit_ratio"", ""letter_ratio"", ""special_char_ratio"", ""dot_count"", ""hyphen_count"", ""underscore_count"", ""slash_count"", ""question_mark_count"", ""equals_sign_count"", ""percent_sign_count"", ""at_sign_count"", ""subdomain_depth"", ""path_segment_count"", ""query_parameter_count"", ""has_port"", ""has_userinfo"", ""host_is_ip"", ""tld_length"", ""registrable_domain_length"", ""domain_digit_ratio"", ""domain_hyphen_ratio"", ""url_char_entropy"", ""longest_repeated_char_run"", ""char_type_transition_count"", ""token_count"", ""token_mean_length"", ""token_max_length""]",0.79
0.2195267185673643,0.4994480682388359,unfiltered,master,11,35378,1.0,0.2200793000001795,4.853655470528626e-06,0.1800097654483968,rf,20261009,35378,9965,45343,0.1973729504155194,0.2195799876466954,0.9988961364776718,r08,0.4323130192487546,S4-external,rf_depth24_leaf2,"{""class_weight"": null, ""max_depth"": 24, ""max_features"": ""sqrt"", ""min_samples_leaf"": 2, ""n_estimators"": 200}",phiusiil,iscx_url2016_binary,0.79,0,9954,f_all,35,"[""url_length"", ""hostname_length"", ""path_length"", ""query_length"", ""fragment_length"", ""digit_count"", ""letter_count"", ""special_char_count"", ""digit_ratio"", ""letter_ratio"", ""special_char_ratio"", ""dot_count"", ""hyphen_count"", ""underscore_count"", ""slash_count"", ""question_mark_count"", ""equals_sign_count"", ""percent_sign_count"", ""at_sign_count"", ""subdomain_depth"", ""path_segment_count"", ""query_parameter_count"", ""has_port"", ""has_userinfo"", ""host_is_ip"", ""tld_length"", ""registrable_domain_length"", ""domain_digit_ratio"", ""domain_hyphen_ratio"", ""url_char_entropy"", ""longest_repeated_char_run"", ""char_type_transition_count"", ""token_count"", ""token_mean_length"", ""token_max_length""]",0.79
0.20571087216248507,0.49941988629771433,primary_domain_filtered,master,10,33231,1.0,0.08970979999999784,1.9784707672628154e-06,0.1706137656315028,rf,20261009,33231,8619,41850,0.19451006901850423,0.2057600382409178,0.9988397725954287,r08,0.4645047347218125,S4-external,rf_depth24_leaf2,"{""class_weight"": null, ""max_depth"": 24, ""max_features"": ""sqrt"", ""min_samples_leaf"": 2, ""n_estimators"": 200}",phiusiil,iscx_url2016_binary,0.75,0,8609,f_single,15,"[""longest_repeated_char_run"", ""hostname_length"", ""subdomain_depth"", ""letter_ratio"", ""url_length"", ""registrable_domain_length"", ""path_segment_count"", ""path_length"", ""digit_count"", ""token_mean_length"", ""char_type_transition_count"", ""token_max_length"", ""digit_ratio"", ""special_char_ratio"", ""letter_count""]",0.75
0.2195267185673643,0.4994480682388359,unfiltered,master,11,35378,1.0,0.08970979999999784,1.9784707672628154e-06,0.18000976544839684,rf,20261009,35378,9965,45343,0.2079855204525111,0.21957998764669548,0.9988961364776718,r08,0.465186397628854,S4-external,rf_depth24_leaf2,"{""class_weight"": null, ""max_depth"": 24, ""max_features"": ""sqrt"", ""min_samples_leaf"": 2, ""n_estimators"": 200}",phiusiil,iscx_url2016_binary,0.75,0,9954,f_single,15,"[""longest_repeated_char_run"", ""hostname_length"", ""subdomain_depth"", ""letter_ratio"", ""url_length"", ""registrable_domain_length"", ""path_segment_count"", ""path_length"", ""digit_count"", ""token_mean_length"", ""char_type_transition_count"", ""token_max_length"", ""digit_ratio"", ""special_char_ratio"", ""letter_count""]",0.75
0.20571087216248507,0.49941988629771433,primary_domain_filtered,master,10,33231,1.0,0.13279120000000333,2.9285931676334456e-06,0.1706137656315028,rf,20261009,33231,8619,41850,0.19528489787232928,0.2057600382409178,0.9988397725954287,r08,0.4669848844584968,S4-external,rf_depth24_leaf2,"{""class_weight"": null, ""max_depth"": 24, ""max_features"": ""sqrt"", ""min_samples_leaf"": 2, ""n_estimators"": 200}",phiusiil,iscx_url2016_binary,0.76,0,8609,f_stable,15,"[""longest_repeated_char_run"", ""hostname_length"", ""subdomain_depth"", ""registrable_domain_length"", ""letter_ratio"", ""path_length"", ""url_length"", ""token_mean_length"", ""path_segment_count"", ""char_type_transition_count"", ""token_max_length"", ""special_char_ratio"", ""digit_count"", ""letter_count"", ""digit_ratio""]",0.76
0.21950466444655184,0.49939789262418466,unfiltered,master,12,35378,1.0,0.13279120000000333,2.9285931676334456e-06,0.1799949363425926,rf,20261009,35378,9965,45343,0.20866205747483677,0.2195627716132448,0.9987957852483693,r08,0.4672300547535119,S4-external,rf_depth24_leaf2,"{""class_weight"": null, ""max_depth"": 24, ""max_features"": ""sqrt"", ""min_samples_leaf"": 2, ""n_estimators"": 200}",phiusiil,iscx_url2016_binary,0.76,0,9953,f_stable,15,"[""longest_repeated_char_run"", ""hostname_length"", ""subdomain_depth"", ""registrable_domain_length"", ""letter_ratio"", ""path_length"", ""url_length"", ""token_mean_length"", ""path_segment_count"", ""char_type_transition_count"", ""token_max_length"", ""special_char_ratio"", ""digit_count"", ""letter_count"", ""digit_ratio""]",0.76
0.2059259259259259,0.4999419886297714,primary_domain_filtered,master,1,33231,1.0,0.0627172999998038,1.3831749112278367e-06,0.1707616707616707,xgb,20261009,33231,8619,41850,0.1151567375891371,0.2059308466152118,0.9998839772595428,r08,0.0773145013597592,S4-external,xgb_d6_lr01_balanced,"{""colsample_bytree"": 0.9, ""learning_rate"": 0.1, ""max_depth"": 6, ""n_estimators"": 200, ""reg_lambda"": 1.0, ""scale_pos_weight"": 1.3542785150825352, ""subsample"": 0.9}",phiusiil,iscx_url2016_binary,0.67,0,8618,f_all,35,"[""url_length"", ""hostname_length"", ""path_length"", ""query_length"", ""fragment_length"", ""digit_count"", ""letter_count"", ""special_char_count"", ""digit_ratio"", ""letter_ratio"", ""special_char_ratio"", ""dot_count"", ""hyphen_count"", ""underscore_count"", ""slash_count"", ""question_mark_count"", ""equals_sign_count"", ""percent_sign_count"", ""at_sign_count"", ""subdomain_depth"", ""path_segment_count"", ""query_parameter_count"", ""has_port"", ""has_userinfo"", ""host_is_ip"", ""tld_length"", ""registrable_domain_length"", ""domain_digit_ratio"", ""domain_hyphen_ratio"", ""url_char_entropy"", ""longest_repeated_char_run"", ""char_type_transition_count"", ""token_count"", ""token_mean_length"", ""token_max_length""]",0.67
0.219747259775489,0.4999498243853487,unfiltered,master,1,35378,1.0,0.0627172999998038,1.3831749112278367e-06,0.1801580270128555,xgb,20261009,35378,9965,45343,0.1262423304930429,0.2197521062149883,0.9998996487706976,r08,0.0985552889236359,S4-external,xgb_d6_lr01_balanced,"{""colsample_bytree"": 0.9, ""learning_rate"": 0.1, ""max_depth"": 6, ""n_estimators"": 200, ""reg_lambda"": 1.0, ""scale_pos_weight"": 1.3542785150825352, ""subsample"": 0.9}",phiusiil,iscx_url2016_binary,0.67,0,9964,f_all,35,"[""url_length"", ""hostname_length"", ""path_length"", ""query_length"", ""fragment_length"", ""digit_count"", ""letter_count"", ""special_char_count"", ""digit_ratio"", ""letter_ratio"", ""special_char_ratio"", ""dot_count"", ""hyphen_count"", ""underscore_count"", ""slash_count"", ""question_mark_count"", ""equals_sign_count"", ""percent_sign_count"", ""at_sign_count"", ""subdomain_depth"", ""path_segment_count"", ""query_parameter_count"", ""has_port"", ""has_userinfo"", ""host_is_ip"", ""tld_length"", ""registrable_domain_length"", ""domain_digit_ratio"", ""domain_hyphen_ratio"", ""url_char_entropy"", ""longest_repeated_char_run"", ""char_type_transition_count"", ""token_count"", ""token_mean_length"", ""token_max_length""]",0.67
0.20592592592592593,0.49994198862977146,primary_domain_filtered,master,1,33231,1.0,0.028304899999998412,6.24239684184955e-07,0.17076167076167076,xgb,20261009,33231,8619,41850,0.11531861892943837,0.20593084661521183,0.9998839772595429,r08,0.07406589604956693,S4-external,xgb_d6_lr01_balanced,"{""colsample_bytree"": 0.9, ""learning_rate"": 0.1, ""max_depth"": 6, ""n_estimators"": 200, ""reg_lambda"": 1.0, ""scale_pos_weight"": 1.3542785150825352, ""subsample"": 0.9}",phiusiil,iscx_url2016_binary,0.7,0,8618,f_single,15,"[""hostname_length"", ""url_length"", ""longest_repeated_char_run"", ""path_length"", ""registrable_domain_length"", ""subdomain_depth"", ""token_max_length"", ""char_type_transition_count"", ""digit_count"", ""dot_count"", ""token_mean_length"", ""letter_ratio"", ""letter_count"", ""slash_count"", ""digit_ratio""]",0.7
0.21972520565467657,0.4998996487706974,unfiltered,master,2,35378,1.0,0.028304899999998412,6.24239684184955e-07,0.18014320326908473,xgb,20261009,35378,9965,45343,0.12635912169535488,0.21973489777464106,0.9997992975413948,r08,0.0762805000383359,S4-external,xgb_d6_lr01_balanced,"{""colsample_bytree"": 0.9, ""learning_rate"": 0.1, ""max_depth"": 6, ""n_estimators"": 200, ""reg_lambda"": 1.0, ""scale_pos_weight"": 1.3542785150825352, ""subsample"": 0.9}",phiusiil,iscx_url2016_binary,0.7,0,9963,f_single,15,"[""hostname_length"", ""url_length"", ""longest_repeated_char_run"", ""path_length"", ""registrable_domain_length"", ""subdomain_depth"", ""token_max_length"", ""char_type_transition_count"", ""digit_count"", ""dot_count"", ""token_mean_length"", ""letter_ratio"", ""letter_count"", ""slash_count"", ""digit_ratio""]",0.7
0.2058542413381123,0.49976795451908573,primary_domain_filtered,master,4,33231,1.0,0.028489700000001505,6.283152857111683e-07,0.17071237491330626,xgb,20261009,33231,8619,41850,0.11396438650066457,0.2058739186541127,0.9995359090381715,r08,0.055960523135996185,S4-external,xgb_d6_lr01_balanced,"{""colsample_bytree"": 0.9, ""learning_rate"": 0.1, ""max_depth"": 6, ""n_estimators"": 200, ""reg_lambda"": 1.0, ""scale_pos_weight"": 1.3542785150825352, ""subsample"": 0.9}",phiusiil,iscx_url2016_binary,0.81,0,8615,f_stable,14,"[""hostname_length"", ""longest_repeated_char_run"", ""url_length"", ""path_length"", ""registrable_domain_length"", ""subdomain_depth"", ""token_max_length"", ""char_type_transition_count"", ""dot_count"", ""token_mean_length"", ""letter_ratio"", ""digit_count"", ""letter_count"", ""slash_count""]",0.81
0.21965904329223915,0.4997491219267436,unfiltered,master,5,35378,1.0,0.028489700000001505,6.283152857111683e-07,0.18009872882122127,xgb,20261009,35378,9965,45343,0.12523301048794086,0.21968326789889275,0.9994982438534872,r08,0.06412583677673146,S4-external,xgb_d6_lr01_balanced,"{""colsample_bytree"": 0.9, ""learning_rate"": 0.1, ""max_depth"": 6, ""n_estimators"": 200, ""reg_lambda"": 1.0, ""scale_pos_weight"": 1.3542785150825352, ""subsample"": 0.9}",phiusiil,iscx_url2016_binary,0.81,0,9960,f_stable,14,"[""hostname_length"", ""longest_repeated_char_run"", ""url_length"", ""path_length"", ""registrable_domain_length"", ""subdomain_depth"", ""token_max_length"", ""char_type_transition_count"", ""dot_count"", ""token_mean_length"", ""letter_ratio"", ""digit_count"", ""letter_count"", ""slash_count""]",0.81
0.2483072697043444,0.5254065641727045,primary_domain_filtered,master,24,31172,0.9463841156111482,0.0227450000002136,5.01620977884428e-07,0.2277384466351119,lr,20261010,32938,8563,41501,0.2244200260345227,0.2150285815013472,0.9971972439565572,r09,0.5503481384986775,S4-external,lr_c1,"{""C"": 1.0, ""class_weight"": null}",phiusiil,iscx_url2016_binary,0.95,1766,8539,f_all,35,"[""url_length"", ""hostname_length"", ""path_length"", ""query_length"", ""fragment_length"", ""digit_count"", ""letter_count"", ""special_char_count"", ""digit_ratio"", ""letter_ratio"", ""special_char_ratio"", ""dot_count"", ""hyphen_count"", ""underscore_count"", ""slash_count"", ""question_mark_count"", ""equals_sign_count"", ""percent_sign_count"", ""at_sign_count"", ""subdomain_depth"", ""path_segment_count"", ""query_parameter_count"", ""has_port"", ""has_userinfo"", ""host_is_ip"", ""tld_length"", ""registrable_domain_length"", ""domain_digit_ratio"", ""domain_hyphen_ratio"", ""url_char_entropy"", ""longest_repeated_char_run"", ""char_type_transition_count"", ""token_count"", ""token_mean_length"", ""token_max_length""]",0.95
0.2581655382308184,0.523668581172665,unfiltered,master,26,33611,0.9500537056928036,0.0227450000002136,5.01620977884428e-07,0.2332606873486483,lr,20261010,35378,9965,45343,0.2345099429754958,0.2282204362801377,0.9973908680381336,r09,0.539943425710945,S4-external,lr_c1,"{""C"": 1.0, ""class_weight"": null}",phiusiil,iscx_url2016_binary,0.95,1767,9939,f_all,35,"[""url_length"", ""hostname_length"", ""path_length"", ""query_length"", ""fragment_length"", ""digit_count"", ""letter_count"", ""special_char_count"", ""digit_ratio"", ""letter_ratio"", ""special_char_ratio"", ""dot_count"", ""hyphen_count"", ""underscore_count"", ""slash_count"", ""question_mark_count"", ""equals_sign_count"", ""percent_sign_count"", ""at_sign_count"", ""subdomain_depth"", ""path_segment_count"", ""query_parameter_count"", ""has_port"", ""has_userinfo"", ""host_is_ip"", ""tld_length"", ""registrable_domain_length"", ""domain_digit_ratio"", ""domain_hyphen_ratio"", ""url_char_entropy"", ""longest_repeated_char_run"", ""char_type_transition_count"", ""token_count"", ""token_mean_length"", ""token_max_length""]",0.95
0.24119900725283727,0.5212309287933,primary_domain_filtered,master,17,31474,0.9555528568826279,0.008625999999999578,1.902388461283898e-07,0.2184397985693962,lr,20261010,32938,8563,41501,0.21954397065540776,0.2135432283858071,0.9980147144692281,r09,0.5376315909442025,S4-external,lr_c1,"{""C"": 1.0, ""class_weight"": null}",phiusiil,iscx_url2016_binary,0.95,1464,8546,f_single,15,"[""hostname_length"", ""letter_count"", ""path_segment_count"", ""path_length"", ""url_length"", ""query_length"", ""slash_count"", ""dot_count"", ""token_mean_length"", ""question_mark_count"", ""token_max_length"", ""hyphen_count"", ""longest_repeated_char_run"", ""query_parameter_count"", ""special_char_ratio""]",0.95
0.25163751847032617,0.5197014455904048,unfiltered,master,20,33913,0.9585900842331392,0.008625999999999578,1.902388461283898e-07,0.22451405570247532,lr,20261010,35378,9965,45343,0.2297941343833104,0.22675452597017648,0.9979929754139488,r09,0.5276694432549084,S4-external,lr_c1,"{""C"": 1.0, ""class_weight"": null}",phiusiil,iscx_url2016_binary,0.95,1465,9945,f_single,15,"[""hostname_length"", ""letter_count"", ""path_segment_count"", ""path_length"", ""url_length"", ""query_length"", ""slash_count"", ""dot_count"", ""token_mean_length"", ""question_mark_count"", ""token_max_length"", ""hyphen_count"", ""longest_repeated_char_run"", ""query_parameter_count"", ""special_char_ratio""]",0.95
0.22678971591046,0.5121532677331264,primary_domain_filtered,master,17,32072,0.9737081790029752,0.008138800000001112,1.7949407846858638e-07,0.19937168495964008,lr,20261010,32938,8563,41501,0.21372591259500268,0.21039933034615196,0.9980147144692281,r09,0.5216059800779934,S4-external,lr_c1,"{""C"": 1.0, ""class_weight"": null}",phiusiil,iscx_url2016_binary,0.91,866,8546,f_stable,14,"[""letter_count"", ""hostname_length"", ""path_length"", ""path_segment_count"", ""query_length"", ""url_length"", ""slash_count"", ""dot_count"", ""question_mark_count"", ""token_mean_length"", ""token_max_length"", ""query_parameter_count"", ""hyphen_count"", ""longest_repeated_char_run""]",0.91
0.23833888362040448,0.5110350299767316,unfiltered,master,24,34512,0.9755215105432755,0.008138800000001112,1.7949407846858638e-07,0.20655632409823524,lr,20261010,35378,9965,45343,0.2242684222203407,0.22362945133061884,0.9975915704967386,r09,0.5126826219769647,S4-external,lr_c1,"{""C"": 1.0, ""class_weight"": null}",phiusiil,iscx_url2016_binary,0.91,866,9941,f_stable,14,"[""letter_count"", ""hostname_length"", ""path_length"", ""path_segment_count"", ""query_length"", ""url_length"", ""slash_count"", ""dot_count"", ""question_mark_count"", ""token_mean_length"", ""token_max_length"", ""query_parameter_count"", ""hyphen_count"", ""longest_repeated_char_run""]",0.91
0.2060914194838678,0.4994160924909494,primary_domain_filtered,master,10,32938,1.0,0.0842016999999941,1.8569944644155476e-06,0.1708754545091301,rf,20261010,32938,8563,41501,0.1874958558797824,0.2061410908389771,0.9988321849818989,r09,0.4404222352234722,S4-external,rf_depth24_leaf2,"{""class_weight"": null, ""max_depth"": 24, ""max_features"": ""sqrt"", ""min_samples_leaf"": 2, ""n_estimators"": 200}",phiusiil,iscx_url2016_binary,0.79,0,8553,f_all,35,"[""url_length"", ""hostname_length"", ""path_length"", ""query_length"", ""fragment_length"", ""digit_count"", ""letter_count"", ""special_char_count"", ""digit_ratio"", ""letter_ratio"", ""special_char_ratio"", ""dot_count"", ""hyphen_count"", ""underscore_count"", ""slash_count"", ""question_mark_count"", ""equals_sign_count"", ""percent_sign_count"", ""at_sign_count"", ""subdomain_depth"", ""path_segment_count"", ""query_parameter_count"", ""has_port"", ""has_userinfo"", ""host_is_ip"", ""tld_length"", ""registrable_domain_length"", ""domain_digit_ratio"", ""domain_hyphen_ratio"", ""url_char_entropy"", ""longest_repeated_char_run"", ""char_type_transition_count"", ""token_count"", ""token_mean_length"", ""token_max_length""]",0.79
0.2195267185673643,0.4994480682388359,unfiltered,master,11,35378,1.0,0.0842016999999941,1.8569944644155476e-06,0.1800097654483968,rf,20261010,35378,9965,45343,0.2003508185843658,0.2195799876466954,0.9988961364776718,r09,0.4415160960926701,S4-external,rf_depth24_leaf2,"{""class_weight"": null, ""max_depth"": 24, ""max_features"": ""sqrt"", ""min_samples_leaf"": 2, ""n_estimators"": 200}",phiusiil,iscx_url2016_binary,0.79,0,9954,f_all,35,"[""url_length"", ""hostname_length"", ""path_length"", ""query_length"", ""fragment_length"", ""digit_count"", ""letter_count"", ""special_char_count"", ""digit_ratio"", ""letter_ratio"", ""special_char_ratio"", ""dot_count"", ""hyphen_count"", ""underscore_count"", ""slash_count"", ""question_mark_count"", ""equals_sign_count"", ""percent_sign_count"", ""at_sign_count"", ""subdomain_depth"", ""path_segment_count"", ""query_parameter_count"", ""has_port"", ""has_userinfo"", ""host_is_ip"", ""tld_length"", ""registrable_domain_length"", ""domain_digit_ratio"", ""domain_hyphen_ratio"", ""url_char_entropy"", ""longest_repeated_char_run"", ""char_type_transition_count"", ""token_count"", ""token_mean_length"", ""token_max_length""]",0.79
0.20611551528878821,0.4994744832418545,primary_domain_filtered,master,9,32938,1.0,0.0723281,1.5951326555366872e-06,0.17089201877934274,rf,20261010,32938,8563,41501,0.19945826830528965,0.20616022365757256,0.998948966483709,r09,0.4784812355441764,S4-external,rf_depth24_leaf2,"{""class_weight"": null, ""max_depth"": 24, ""max_features"": ""sqrt"", ""min_samples_leaf"": 2, ""n_estimators"": 200}",phiusiil,iscx_url2016_binary,0.65,0,8554,f_single,15,"[""longest_repeated_char_run"", ""hostname_length"", ""subdomain_depth"", ""registrable_domain_length"", ""url_length"", ""letter_ratio"", ""token_mean_length"", ""path_length"", ""path_segment_count"", ""token_max_length"", ""special_char_ratio"", ""letter_count"", ""char_type_transition_count"", ""digit_count"", ""digit_ratio""]",0.65
0.21957082680898926,0.4995484194681385,unfiltered,master,9,35378,1.0,0.0723281,1.5951326555366872e-06,0.18003942205103166,rf,20261010,35378,9965,45343,0.21274289155717563,0.2196144174350377,0.999096838936277,r09,0.4790546124506041,S4-external,rf_depth24_leaf2,"{""class_weight"": null, ""max_depth"": 24, ""max_features"": ""sqrt"", ""min_samples_leaf"": 2, ""n_estimators"": 200}",phiusiil,iscx_url2016_binary,0.65,0,9956,f_single,15,"[""longest_repeated_char_run"", ""hostname_length"", ""subdomain_depth"", ""registrable_domain_length"", ""url_length"", ""letter_ratio"", ""token_mean_length"", ""path_length"", ""path_segment_count"", ""token_max_length"", ""special_char_ratio"", ""letter_count"", ""char_type_transition_count"", ""digit_count"", ""digit_ratio""]",0.65
0.20609141948386786,0.4994160924909494,primary_domain_filtered,master,10,32938,1.0,0.07592470000000162,1.674452506450866e-06,0.17087545450913014,rf,20261010,32938,8563,41501,0.19653426334538865,0.20614109083897714,0.9988321849818989,r09,0.46979475954196664,S4-external,rf_depth24_leaf2,"{""class_weight"": null, ""max_depth"": 24, ""max_features"": ""sqrt"", ""min_samples_leaf"": 2, ""n_estimators"": 200}",phiusiil,iscx_url2016_binary,0.7,0,8553,f_stable,14,"[""longest_repeated_char_run"", ""hostname_length"", ""subdomain_depth"", ""registrable_domain_length"", ""letter_ratio"", ""url_length"", ""path_length"", ""token_mean_length"", ""char_type_transition_count"", ""path_segment_count"", ""special_char_ratio"", ""token_max_length"", ""digit_count"", ""digit_ratio""]",0.7
0.2195267185673643,0.4994480682388359,unfiltered,master,11,35378,1.0,0.07592470000000162,1.674452506450866e-06,0.18000976544839684,rf,20261010,35378,9965,45343,0.20964063939872662,0.21957998764669548,0.9988961364776718,r09,0.4701960621574005,S4-external,rf_depth24_leaf2,"{""class_weight"": null, ""max_depth"": 24, ""max_features"": ""sqrt"", ""min_samples_leaf"": 2, ""n_estimators"": 200}",phiusiil,iscx_url2016_binary,0.7,0,9954,f_stable,14,"[""longest_repeated_char_run"", ""hostname_length"", ""subdomain_depth"", ""registrable_domain_length"", ""letter_ratio"", ""url_length"", ""path_length"", ""token_mean_length"", ""char_type_transition_count"", ""path_segment_count"", ""special_char_ratio"", ""token_max_length"", ""digit_count"", ""digit_ratio""]",0.7
0.2062118985084697,0.4997080462454747,primary_domain_filtered,master,5,32938,1.0,0.0281251000001248,6.202743532656595e-07,0.1709582692422941,xgb,20261010,32938,8563,41501,0.1149271575605239,0.2062367457104299,0.9994160924909494,r09,0.0655485744924055,S4-external,xgb_d6_lr01_balanced,"{""colsample_bytree"": 0.9, ""learning_rate"": 0.1, ""max_depth"": 6, ""n_estimators"": 200, ""reg_lambda"": 1.0, ""scale_pos_weight"": 1.3542448103078024, ""subsample"": 0.9}",phiusiil,iscx_url2016_binary,0.83,0,8558,f_all,35,"[""url_length"", ""hostname_length"", ""path_length"", ""query_length"", ""fragment_length"", ""digit_count"", ""letter_count"", ""special_char_count"", ""digit_ratio"", ""letter_ratio"", ""special_char_ratio"", ""dot_count"", ""hyphen_count"", ""underscore_count"", ""slash_count"", ""question_mark_count"", ""equals_sign_count"", ""percent_sign_count"", ""at_sign_count"", ""subdomain_depth"", ""path_segment_count"", ""query_parameter_count"", ""has_port"", ""has_userinfo"", ""host_is_ip"", ""tld_length"", ""registrable_domain_length"", ""domain_digit_ratio"", ""domain_hyphen_ratio"", ""url_char_entropy"", ""longest_repeated_char_run"", ""char_type_transition_count"", ""token_count"", ""token_mean_length"", ""token_max_length""]",0.83
0.2195928809298017,0.4995985950827897,unfiltered,master,8,35378,1.0,0.0281251000001248,6.202743532656595e-07,0.1800542495479204,xgb,20261010,35378,9965,45343,0.125354875226297,0.2196316311900298,0.9991971901655796,r09,0.0790555641108853,S4-external,xgb_d6_lr01_balanced,"{""colsample_bytree"": 0.9, ""learning_rate"": 0.1, ""max_depth"": 6, ""n_estimators"": 200, ""reg_lambda"": 1.0, ""scale_pos_weight"": 1.3542448103078024, ""subsample"": 0.9}",phiusiil,iscx_url2016_binary,0.83,0,9957,f_all,35,"[""url_length"", ""hostname_length"", ""path_length"", ""query_length"", ""fragment_length"", ""digit_count"", ""letter_count"", ""special_char_count"", ""digit_ratio"", ""letter_ratio"", ""special_char_ratio"", ""dot_count"", ""hyphen_count"", ""underscore_count"", ""slash_count"", ""question_mark_count"", ""equals_sign_count"", ""percent_sign_count"", ""at_sign_count"", ""subdomain_depth"", ""path_segment_count"", ""query_parameter_count"", ""has_port"", ""has_userinfo"", ""host_is_ip"", ""tld_length"", ""registrable_domain_length"", ""domain_digit_ratio"", ""domain_hyphen_ratio"", ""url_char_entropy"", ""longest_repeated_char_run"", ""char_type_transition_count"", ""token_count"", ""token_mean_length"", ""token_max_length""]",0.83
0.20628418592323078,0.4998832184981899,primary_domain_filtered,master,2,32938,1.0,0.02575949999999949,5.68103125068908e-07,0.17100795014182413,xgb,20261010,32938,8563,41501,0.11558699869816794,0.20629412756933901,0.9997664369963798,r09,0.07154880472264417,S4-external,xgb_d6_lr01_balanced,"{""colsample_bytree"": 0.9, ""learning_rate"": 0.1, ""max_depth"": 6, ""n_estimators"": 200, ""reg_lambda"": 1.0, ""scale_pos_weight"": 1.3542448103078024, ""subsample"": 0.9}",phiusiil,iscx_url2016_binary,0.75,0,8561,f_single,15,"[""hostname_length"", ""longest_repeated_char_run"", ""url_length"", ""path_length"", ""subdomain_depth"", ""token_max_length"", ""registrable_domain_length"", ""dot_count"", ""char_type_transition_count"", ""letter_ratio"", ""token_mean_length"", ""digit_count"", ""letter_count"", ""slash_count"", ""special_char_ratio""]",0.75
0.21968109741305164,0.4997992975413949,unfiltered,master,4,35378,1.0,0.02575949999999949,5.68103125068908e-07,0.1801135541732967,xgb,20261010,35378,9965,45343,0.12628775528810687,0.21970047861664352,0.9995985950827898,r09,0.08075579951845141,S4-external,xgb_d6_lr01_balanced,"{""colsample_bytree"": 0.9, ""learning_rate"": 0.1, ""max_depth"": 6, ""n_estimators"": 200, ""reg_lambda"": 1.0, ""scale_pos_weight"": 1.3542448103078024, ""subsample"": 0.9}",phiusiil,iscx_url2016_binary,0.75,0,9961,f_single,15,"[""hostname_length"", ""longest_repeated_char_run"", ""url_length"", ""path_length"", ""subdomain_depth"", ""token_max_length"", ""registrable_domain_length"", ""dot_count"", ""char_type_transition_count"", ""letter_ratio"", ""token_mean_length"", ""digit_count"", ""letter_count"", ""slash_count"", ""special_char_ratio""]",0.75
0.20630828172815113,0.4999416092490949,primary_domain_filtered,master,1,32938,1.0,0.025708200000000403,5.669717486712481e-07,0.17102450911851066,xgb,20261010,32938,8563,41501,0.11517344339583575,0.2063132530120482,0.9998832184981898,r09,0.06710122458760526,S4-external,xgb_d6_lr01_balanced,"{""colsample_bytree"": 0.9, ""learning_rate"": 0.1, ""max_depth"": 6, ""n_estimators"": 200, ""reg_lambda"": 1.0, ""scale_pos_weight"": 1.3542448103078024, ""subsample"": 0.9}",phiusiil,iscx_url2016_binary,0.73,0,8562,f_stable,15,"[""hostname_length"", ""longest_repeated_char_run"", ""url_length"", ""path_length"", ""registrable_domain_length"", ""subdomain_depth"", ""token_max_length"", ""char_type_transition_count"", ""dot_count"", ""token_mean_length"", ""letter_ratio"", ""digit_count"", ""letter_count"", ""slash_count"", ""special_char_ratio""]",0.73
0.2197031515338641,0.49984947315604616,unfiltered,master,3,35378,1.0,0.025708200000000403,5.669717486712481e-07,0.18012837898924147,xgb,20261010,35378,9965,45343,0.12578630971786797,0.21971768857520954,0.9996989463120923,r09,0.07847929906291672,S4-external,xgb_d6_lr01_balanced,"{""colsample_bytree"": 0.9, ""learning_rate"": 0.1, ""max_depth"": 6, ""n_estimators"": 200, ""reg_lambda"": 1.0, ""scale_pos_weight"": 1.3542448103078024, ""subsample"": 0.9}",phiusiil,iscx_url2016_binary,0.73,0,9962,f_stable,15,"[""hostname_length"", ""longest_repeated_char_run"", ""url_length"", ""path_length"", ""registrable_domain_length"", ""subdomain_depth"", ""token_max_length"", ""char_type_transition_count"", ""dot_count"", ""token_mean_length"", ""letter_ratio"", ""digit_count"", ""letter_count"", ""slash_count"", ""special_char_ratio""]",0.73
