source_dataset,target_dataset,repetition,model,cohort,comparison,metric,delta
iscx_url2016_binary,phiusiil,r00,lr,primary_domain_filtered,f_single_minus_f_all,macro_f1,0.0014345010985656326
iscx_url2016_binary,phiusiil,r00,lr,primary_domain_filtered,f_single_minus_f_all,roc_auc,0.0031245709898920504
iscx_url2016_binary,phiusiil,r00,lr,primary_domain_filtered,f_single_minus_f_all,pr_auc,0.006415910046342732
iscx_url2016_binary,phiusiil,r00,lr,primary_domain_filtered,f_single_minus_f_all,recall,0.006934757082785681
iscx_url2016_binary,phiusiil,r00,lr,primary_domain_filtered,f_single_minus_f_all,fpr,5.937404908762378e-05
iscx_url2016_binary,phiusiil,r00,lr,primary_domain_filtered,f_single_minus_f_all,balanced_accuracy,0.0034376915168490285
iscx_url2016_binary,phiusiil,r00,lr,primary_domain_filtered,f_stable_minus_f_all,macro_f1,0.0014474848821153241
iscx_url2016_binary,phiusiil,r00,lr,primary_domain_filtered,f_stable_minus_f_all,roc_auc,0.024218464646446558
iscx_url2016_binary,phiusiil,r00,lr,primary_domain_filtered,f_stable_minus_f_all,pr_auc,0.002533345420114186
iscx_url2016_binary,phiusiil,r00,lr,primary_domain_filtered,f_stable_minus_f_all,recall,0.006994972050219372
iscx_url2016_binary,phiusiil,r00,lr,primary_domain_filtered,f_stable_minus_f_all,fpr,5.937404908762378e-05
iscx_url2016_binary,phiusiil,r00,lr,primary_domain_filtered,f_stable_minus_f_all,balanced_accuracy,0.0034677990005658743
iscx_url2016_binary,phiusiil,r00,lr,primary_domain_filtered,f_stable_minus_f_single,macro_f1,1.2983783549691541e-05
iscx_url2016_binary,phiusiil,r00,lr,primary_domain_filtered,f_stable_minus_f_single,roc_auc,0.021093893656554508
iscx_url2016_binary,phiusiil,r00,lr,primary_domain_filtered,f_stable_minus_f_single,pr_auc,-0.0038825646262285463
iscx_url2016_binary,phiusiil,r00,lr,primary_domain_filtered,f_stable_minus_f_single,recall,6.021496743369159e-05
iscx_url2016_binary,phiusiil,r00,lr,primary_domain_filtered,f_stable_minus_f_single,fpr,0.0
iscx_url2016_binary,phiusiil,r00,lr,primary_domain_filtered,f_stable_minus_f_single,balanced_accuracy,3.0107483716845795e-05
iscx_url2016_binary,phiusiil,r00,lr,unfiltered,f_single_minus_f_all,macro_f1,0.0015577192384721994
iscx_url2016_binary,phiusiil,r00,lr,unfiltered,f_single_minus_f_all,roc_auc,0.0028680360482716827
iscx_url2016_binary,phiusiil,r00,lr,unfiltered,f_single_minus_f_all,pr_auc,0.006145735225442428
iscx_url2016_binary,phiusiil,r00,lr,unfiltered,f_single_minus_f_all,recall,0.007479394515771176
iscx_url2016_binary,phiusiil,r00,lr,unfiltered,f_single_minus_f_all,fpr,5.932561605959119e-05
iscx_url2016_binary,phiusiil,r00,lr,unfiltered,f_single_minus_f_all,balanced_accuracy,0.0037100344498559035
iscx_url2016_binary,phiusiil,r00,lr,unfiltered,f_stable_minus_f_all,macro_f1,0.001709830319625294
iscx_url2016_binary,phiusiil,r00,lr,unfiltered,f_stable_minus_f_all,roc_auc,0.02361250272330756
iscx_url2016_binary,phiusiil,r00,lr,unfiltered,f_stable_minus_f_all,pr_auc,0.0023169822482380087
iscx_url2016_binary,phiusiil,r00,lr,unfiltered,f_stable_minus_f_all,recall,0.008182754794737734
iscx_url2016_binary,phiusiil,r00,lr,unfiltered,f_stable_minus_f_all,fpr,5.932561605959119e-05
iscx_url2016_binary,phiusiil,r00,lr,unfiltered,f_stable_minus_f_all,balanced_accuracy,0.004061714589339183
iscx_url2016_binary,phiusiil,r00,lr,unfiltered,f_stable_minus_f_single,macro_f1,0.00015211108115309457
iscx_url2016_binary,phiusiil,r00,lr,unfiltered,f_stable_minus_f_single,roc_auc,0.020744466675035877
iscx_url2016_binary,phiusiil,r00,lr,unfiltered,f_stable_minus_f_single,pr_auc,-0.0038287529772044193
iscx_url2016_binary,phiusiil,r00,lr,unfiltered,f_stable_minus_f_single,recall,0.0007033602789665583
iscx_url2016_binary,phiusiil,r00,lr,unfiltered,f_stable_minus_f_single,fpr,0.0
iscx_url2016_binary,phiusiil,r00,lr,unfiltered,f_stable_minus_f_single,balanced_accuracy,0.00035168013948327914
iscx_url2016_binary,phiusiil,r00,rf,primary_domain_filtered,f_single_minus_f_all,macro_f1,4.7091256467346465e-05
iscx_url2016_binary,phiusiil,r00,rf,primary_domain_filtered,f_single_minus_f_all,roc_auc,0.0013027903644468042
iscx_url2016_binary,phiusiil,r00,rf,primary_domain_filtered,f_single_minus_f_all,pr_auc,0.004193209874543469
iscx_url2016_binary,phiusiil,r00,rf,primary_domain_filtered,f_single_minus_f_all,recall,0.00022078821392368386
iscx_url2016_binary,phiusiil,r00,rf,primary_domain_filtered,f_single_minus_f_all,fpr,0.0
iscx_url2016_binary,phiusiil,r00,rf,primary_domain_filtered,f_single_minus_f_all,balanced_accuracy,0.00011039410696184193
iscx_url2016_binary,phiusiil,r00,rf,primary_domain_filtered,f_stable_minus_f_all,macro_f1,0.0013012633352166292
iscx_url2016_binary,phiusiil,r00,rf,primary_domain_filtered,f_stable_minus_f_all,roc_auc,0.11382865304187728
iscx_url2016_binary,phiusiil,r00,rf,primary_domain_filtered,f_stable_minus_f_all,pr_auc,0.05799097923258917
iscx_url2016_binary,phiusiil,r00,rf,primary_domain_filtered,f_stable_minus_f_all,recall,0.006111819194524415
iscx_url2016_binary,phiusiil,r00,rf,primary_domain_filtered,f_stable_minus_f_all,fpr,0.0
iscx_url2016_binary,phiusiil,r00,rf,primary_domain_filtered,f_stable_minus_f_all,balanced_accuracy,0.0030559095972622075
iscx_url2016_binary,phiusiil,r00,rf,primary_domain_filtered,f_stable_minus_f_single,macro_f1,0.0012541720787492827
iscx_url2016_binary,phiusiil,r00,rf,primary_domain_filtered,f_stable_minus_f_single,roc_auc,0.11252586267743048
iscx_url2016_binary,phiusiil,r00,rf,primary_domain_filtered,f_stable_minus_f_single,pr_auc,0.0537977693580457
iscx_url2016_binary,phiusiil,r00,rf,primary_domain_filtered,f_stable_minus_f_single,recall,0.005891030980600731
iscx_url2016_binary,phiusiil,r00,rf,primary_domain_filtered,f_stable_minus_f_single,fpr,0.0
iscx_url2016_binary,phiusiil,r00,rf,primary_domain_filtered,f_stable_minus_f_single,balanced_accuracy,0.0029455154903003655
iscx_url2016_binary,phiusiil,r00,rf,unfiltered,f_single_minus_f_all,macro_f1,4.660905114234337e-05
iscx_url2016_binary,phiusiil,r00,rf,unfiltered,f_single_minus_f_all,roc_auc,0.0014839351666248168
iscx_url2016_binary,phiusiil,r00,rf,unfiltered,f_single_minus_f_all,pr_auc,0.004313899956075673
iscx_url2016_binary,phiusiil,r00,rf,unfiltered,f_single_minus_f_all,recall,0.00021794262165164557
iscx_url2016_binary,phiusiil,r00,rf,unfiltered,f_single_minus_f_all,fpr,0.0
iscx_url2016_binary,phiusiil,r00,rf,unfiltered,f_single_minus_f_all,balanced_accuracy,0.00010897131082582279
iscx_url2016_binary,phiusiil,r00,rf,unfiltered,f_stable_minus_f_all,macro_f1,0.0012900681681842774
iscx_url2016_binary,phiusiil,r00,rf,unfiltered,f_stable_minus_f_all,roc_auc,0.11392983976414633
iscx_url2016_binary,phiusiil,r00,rf,unfiltered,f_stable_minus_f_all,pr_auc,0.05816130000245462
iscx_url2016_binary,phiusiil,r00,rf,unfiltered,f_stable_minus_f_all,recall,0.006042954509431042
iscx_url2016_binary,phiusiil,r00,rf,unfiltered,f_stable_minus_f_all,fpr,0.0
iscx_url2016_binary,phiusiil,r00,rf,unfiltered,f_stable_minus_f_all,balanced_accuracy,0.003021477254715521
iscx_url2016_binary,phiusiil,r00,rf,unfiltered,f_stable_minus_f_single,macro_f1,0.001243459117041934
iscx_url2016_binary,phiusiil,r00,rf,unfiltered,f_stable_minus_f_single,roc_auc,0.11244590459752152
iscx_url2016_binary,phiusiil,r00,rf,unfiltered,f_stable_minus_f_single,pr_auc,0.053847400046378946
iscx_url2016_binary,phiusiil,r00,rf,unfiltered,f_stable_minus_f_single,recall,0.005825011887779397
iscx_url2016_binary,phiusiil,r00,rf,unfiltered,f_stable_minus_f_single,fpr,0.0
iscx_url2016_binary,phiusiil,r00,rf,unfiltered,f_stable_minus_f_single,balanced_accuracy,0.0029125059438896983
iscx_url2016_binary,phiusiil,r00,xgb,primary_domain_filtered,f_single_minus_f_all,macro_f1,-0.0010006829053699207
iscx_url2016_binary,phiusiil,r00,xgb,primary_domain_filtered,f_single_minus_f_all,roc_auc,0.06274000933836632
iscx_url2016_binary,phiusiil,r00,xgb,primary_domain_filtered,f_single_minus_f_all,pr_auc,0.028469122869508645
iscx_url2016_binary,phiusiil,r00,xgb,primary_domain_filtered,f_single_minus_f_all,recall,-0.004726874943548509
iscx_url2016_binary,phiusiil,r00,xgb,primary_domain_filtered,f_single_minus_f_all,fpr,0.0
iscx_url2016_binary,phiusiil,r00,xgb,primary_domain_filtered,f_single_minus_f_all,balanced_accuracy,-0.0023634374717742546
iscx_url2016_binary,phiusiil,r00,xgb,primary_domain_filtered,f_stable_minus_f_all,macro_f1,0.00023753708372720173
iscx_url2016_binary,phiusiil,r00,xgb,primary_domain_filtered,f_stable_minus_f_all,roc_auc,0.05950792842757635
iscx_url2016_binary,phiusiil,r00,xgb,primary_domain_filtered,f_stable_minus_f_all,pr_auc,0.04391110764465467
iscx_url2016_binary,phiusiil,r00,xgb,primary_domain_filtered,f_stable_minus_f_all,recall,0.0011240127254297239
iscx_url2016_binary,phiusiil,r00,xgb,primary_domain_filtered,f_stable_minus_f_all,fpr,0.0
iscx_url2016_binary,phiusiil,r00,xgb,primary_domain_filtered,f_stable_minus_f_all,balanced_accuracy,0.0005620063627148619
iscx_url2016_binary,phiusiil,r00,xgb,primary_domain_filtered,f_stable_minus_f_single,macro_f1,0.0012382199890971224
iscx_url2016_binary,phiusiil,r00,xgb,primary_domain_filtered,f_stable_minus_f_single,roc_auc,-0.0032320809107899695
iscx_url2016_binary,phiusiil,r00,xgb,primary_domain_filtered,f_stable_minus_f_single,pr_auc,0.015441984775146023
iscx_url2016_binary,phiusiil,r00,xgb,primary_domain_filtered,f_stable_minus_f_single,recall,0.005850887668978233
iscx_url2016_binary,phiusiil,r00,xgb,primary_domain_filtered,f_stable_minus_f_single,fpr,0.0
iscx_url2016_binary,phiusiil,r00,xgb,primary_domain_filtered,f_stable_minus_f_single,balanced_accuracy,0.0029254438344891165
iscx_url2016_binary,phiusiil,r00,xgb,unfiltered,f_single_minus_f_all,macro_f1,-0.0009904959871778196
iscx_url2016_binary,phiusiil,r00,xgb,unfiltered,f_single_minus_f_all,roc_auc,0.06390255693922398
iscx_url2016_binary,phiusiil,r00,xgb,unfiltered,f_single_minus_f_all,pr_auc,0.029261034126797758
iscx_url2016_binary,phiusiil,r00,xgb,unfiltered,f_single_minus_f_all,recall,-0.004665953399904943
iscx_url2016_binary,phiusiil,r00,xgb,unfiltered,f_single_minus_f_all,fpr,0.0
iscx_url2016_binary,phiusiil,r00,xgb,unfiltered,f_single_minus_f_all,balanced_accuracy,-0.0023329766999524715
iscx_url2016_binary,phiusiil,r00,xgb,unfiltered,f_stable_minus_f_all,macro_f1,0.00023302368841993104
iscx_url2016_binary,phiusiil,r00,xgb,unfiltered,f_stable_minus_f_all,roc_auc,0.06012296002503709
iscx_url2016_binary,phiusiil,r00,xgb,unfiltered,f_stable_minus_f_all,pr_auc,0.04435845144992773
iscx_url2016_binary,phiusiil,r00,xgb,unfiltered,f_stable_minus_f_all,recall,0.001099619591060419
iscx_url2016_binary,phiusiil,r00,xgb,unfiltered,f_stable_minus_f_all,fpr,0.0
iscx_url2016_binary,phiusiil,r00,xgb,unfiltered,f_stable_minus_f_all,balanced_accuracy,0.0005498097955302095
iscx_url2016_binary,phiusiil,r00,xgb,unfiltered,f_stable_minus_f_single,macro_f1,0.0012235196755977507
iscx_url2016_binary,phiusiil,r00,xgb,unfiltered,f_stable_minus_f_single,roc_auc,-0.003779596914186889
iscx_url2016_binary,phiusiil,r00,xgb,unfiltered,f_stable_minus_f_single,pr_auc,0.015097417323129969
iscx_url2016_binary,phiusiil,r00,xgb,unfiltered,f_stable_minus_f_single,recall,0.005765572990965362
iscx_url2016_binary,phiusiil,r00,xgb,unfiltered,f_stable_minus_f_single,fpr,0.0
iscx_url2016_binary,phiusiil,r00,xgb,unfiltered,f_stable_minus_f_single,balanced_accuracy,0.002882786495482681
iscx_url2016_binary,phiusiil,r01,lr,primary_domain_filtered,f_single_minus_f_all,macro_f1,-0.0052626778041864886
iscx_url2016_binary,phiusiil,r01,lr,primary_domain_filtered,f_single_minus_f_all,roc_auc,-0.039102918971681666
iscx_url2016_binary,phiusiil,r01,lr,primary_domain_filtered,f_single_minus_f_all,pr_auc,-0.028487940075674067
iscx_url2016_binary,phiusiil,r01,lr,primary_domain_filtered,f_single_minus_f_all,recall,-0.024240025975080237
iscx_url2016_binary,phiusiil,r01,lr,primary_domain_filtered,f_single_minus_f_all,fpr,4.4530206323223354e-05
iscx_url2016_binary,phiusiil,r01,lr,primary_domain_filtered,f_single_minus_f_all,balanced_accuracy,-0.01214227809070173
iscx_url2016_binary,phiusiil,r01,lr,primary_domain_filtered,f_stable_minus_f_all,macro_f1,-0.007711394122378867
iscx_url2016_binary,phiusiil,r01,lr,primary_domain_filtered,f_stable_minus_f_all,roc_auc,-0.07701559442198685
iscx_url2016_binary,phiusiil,r01,lr,primary_domain_filtered,f_stable_minus_f_all,pr_auc,-0.05692806773582432
iscx_url2016_binary,phiusiil,r01,lr,primary_domain_filtered,f_stable_minus_f_all,recall,-0.035502658387109864
iscx_url2016_binary,phiusiil,r01,lr,primary_domain_filtered,f_stable_minus_f_all,fpr,4.4530206323223354e-05
iscx_url2016_binary,phiusiil,r01,lr,primary_domain_filtered,f_stable_minus_f_all,balanced_accuracy,-0.017773594296716544
iscx_url2016_binary,phiusiil,r01,lr,primary_domain_filtered,f_stable_minus_f_single,macro_f1,-0.0024487163181923788
iscx_url2016_binary,phiusiil,r01,lr,primary_domain_filtered,f_stable_minus_f_single,roc_auc,-0.03791267545030519
iscx_url2016_binary,phiusiil,r01,lr,primary_domain_filtered,f_stable_minus_f_single,pr_auc,-0.02844012766015025
iscx_url2016_binary,phiusiil,r01,lr,primary_domain_filtered,f_stable_minus_f_single,recall,-0.011262632412029627
iscx_url2016_binary,phiusiil,r01,lr,primary_domain_filtered,f_stable_minus_f_single,fpr,0.0
iscx_url2016_binary,phiusiil,r01,lr,primary_domain_filtered,f_stable_minus_f_single,balanced_accuracy,-0.005631316206014814
iscx_url2016_binary,phiusiil,r01,lr,unfiltered,f_single_minus_f_all,macro_f1,-0.005322906673797589
iscx_url2016_binary,phiusiil,r01,lr,unfiltered,f_single_minus_f_all,roc_auc,-0.038395601679258984
iscx_url2016_binary,phiusiil,r01,lr,unfiltered,f_single_minus_f_all,pr_auc,-0.028080560128364573
iscx_url2016_binary,phiusiil,r01,lr,unfiltered,f_single_minus_f_all,recall,-0.024330321762561447
iscx_url2016_binary,phiusiil,r01,lr,unfiltered,f_single_minus_f_all,fpr,4.4494212044554615e-05
iscx_url2016_binary,phiusiil,r01,lr,unfiltered,f_single_minus_f_all,balanced_accuracy,-0.012187407987303
iscx_url2016_binary,phiusiil,r01,lr,unfiltered,f_stable_minus_f_all,macro_f1,-0.0076999028333806785
iscx_url2016_binary,phiusiil,r01,lr,unfiltered,f_stable_minus_f_all,roc_auc,-0.07612776036709867
iscx_url2016_binary,phiusiil,r01,lr,unfiltered,f_stable_minus_f_all,pr_auc,-0.05607616126005843
iscx_url2016_binary,phiusiil,r01,lr,unfiltered,f_stable_minus_f_all,recall,-0.035177920431130105
iscx_url2016_binary,phiusiil,r01,lr,unfiltered,f_stable_minus_f_all,fpr,4.4494212044554615e-05
iscx_url2016_binary,phiusiil,r01,lr,unfiltered,f_stable_minus_f_all,balanced_accuracy,-0.01761120732158733
iscx_url2016_binary,phiusiil,r01,lr,unfiltered,f_stable_minus_f_single,macro_f1,-0.002376996159583089
iscx_url2016_binary,phiusiil,r01,lr,unfiltered,f_stable_minus_f_single,roc_auc,-0.03773215868783969
iscx_url2016_binary,phiusiil,r01,lr,unfiltered,f_stable_minus_f_single,pr_auc,-0.02799560113169386
iscx_url2016_binary,phiusiil,r01,lr,unfiltered,f_stable_minus_f_single,recall,-0.010847598668568659
iscx_url2016_binary,phiusiil,r01,lr,unfiltered,f_stable_minus_f_single,fpr,0.0
iscx_url2016_binary,phiusiil,r01,lr,unfiltered,f_stable_minus_f_single,balanced_accuracy,-0.005423799334284329
iscx_url2016_binary,phiusiil,r01,rf,primary_domain_filtered,f_single_minus_f_all,macro_f1,-0.0010392249514262764
iscx_url2016_binary,phiusiil,r01,rf,primary_domain_filtered,f_single_minus_f_all,roc_auc,0.07576339148948036
iscx_url2016_binary,phiusiil,r01,rf,primary_domain_filtered,f_single_minus_f_all,pr_auc,0.03659207002605264
iscx_url2016_binary,phiusiil,r01,rf,primary_domain_filtered,f_single_minus_f_all,recall,-0.004921060107959008
iscx_url2016_binary,phiusiil,r01,rf,primary_domain_filtered,f_single_minus_f_all,fpr,0.0
iscx_url2016_binary,phiusiil,r01,rf,primary_domain_filtered,f_single_minus_f_all,balanced_accuracy,-0.002460530053979504
iscx_url2016_binary,phiusiil,r01,rf,primary_domain_filtered,f_stable_minus_f_all,macro_f1,-0.002085816102099347
iscx_url2016_binary,phiusiil,r01,rf,primary_domain_filtered,f_stable_minus_f_all,roc_auc,0.08466994787392867
iscx_url2016_binary,phiusiil,r01,rf,primary_domain_filtered,f_stable_minus_f_all,pr_auc,0.04147490657636849
iscx_url2016_binary,phiusiil,r01,rf,primary_domain_filtered,f_stable_minus_f_all,recall,-0.00986241324729098
iscx_url2016_binary,phiusiil,r01,rf,primary_domain_filtered,f_stable_minus_f_all,fpr,0.0
iscx_url2016_binary,phiusiil,r01,rf,primary_domain_filtered,f_stable_minus_f_all,balanced_accuracy,-0.00493120662364549
iscx_url2016_binary,phiusiil,r01,rf,primary_domain_filtered,f_stable_minus_f_single,macro_f1,-0.0010465911506730707
iscx_url2016_binary,phiusiil,r01,rf,primary_domain_filtered,f_stable_minus_f_single,roc_auc,0.008906556384448316
iscx_url2016_binary,phiusiil,r01,rf,primary_domain_filtered,f_stable_minus_f_single,pr_auc,0.00488283655031585
iscx_url2016_binary,phiusiil,r01,rf,primary_domain_filtered,f_stable_minus_f_single,recall,-0.004941353139331972
iscx_url2016_binary,phiusiil,r01,rf,primary_domain_filtered,f_stable_minus_f_single,fpr,0.0
iscx_url2016_binary,phiusiil,r01,rf,primary_domain_filtered,f_stable_minus_f_single,balanced_accuracy,-0.002470676569665986
iscx_url2016_binary,phiusiil,r01,rf,unfiltered,f_single_minus_f_all,macro_f1,-0.0010305169704643014
iscx_url2016_binary,phiusiil,r01,rf,unfiltered,f_single_minus_f_all,roc_auc,0.07489225621324247
iscx_url2016_binary,phiusiil,r01,rf,unfiltered,f_single_minus_f_all,pr_auc,0.03632621860788143
iscx_url2016_binary,phiusiil,r01,rf,unfiltered,f_single_minus_f_all,recall,-0.004854176573149571
iscx_url2016_binary,phiusiil,r01,rf,unfiltered,f_single_minus_f_all,fpr,0.0
iscx_url2016_binary,phiusiil,r01,rf,unfiltered,f_single_minus_f_all,balanced_accuracy,-0.0024270882865746746
iscx_url2016_binary,phiusiil,r01,rf,unfiltered,f_stable_minus_f_all,macro_f1,-0.0020577196546747722
iscx_url2016_binary,phiusiil,r01,rf,unfiltered,f_stable_minus_f_all,roc_auc,0.08425456985965718
iscx_url2016_binary,phiusiil,r01,rf,unfiltered,f_stable_minus_f_all,pr_auc,0.04144433095395833
iscx_url2016_binary,phiusiil,r01,rf,unfiltered,f_stable_minus_f_all,recall,-0.009678633697892014
iscx_url2016_binary,phiusiil,r01,rf,unfiltered,f_stable_minus_f_all,fpr,0.0
iscx_url2016_binary,phiusiil,r01,rf,unfiltered,f_stable_minus_f_all,balanced_accuracy,-0.004839316848945896
iscx_url2016_binary,phiusiil,r01,rf,unfiltered,f_stable_minus_f_single,macro_f1,-0.001027202684210471
iscx_url2016_binary,phiusiil,r01,rf,unfiltered,f_stable_minus_f_single,roc_auc,0.00936231364641471
iscx_url2016_binary,phiusiil,r01,rf,unfiltered,f_stable_minus_f_single,pr_auc,0.005118112346076897
iscx_url2016_binary,phiusiil,r01,rf,unfiltered,f_stable_minus_f_single,recall,-0.004824457124742443
iscx_url2016_binary,phiusiil,r01,rf,unfiltered,f_stable_minus_f_single,fpr,0.0
iscx_url2016_binary,phiusiil,r01,rf,unfiltered,f_stable_minus_f_single,balanced_accuracy,-0.0024122285623712214
iscx_url2016_binary,phiusiil,r01,xgb,primary_domain_filtered,f_single_minus_f_all,macro_f1,-0.00045414170623231387
iscx_url2016_binary,phiusiil,r01,xgb,primary_domain_filtered,f_single_minus_f_all,roc_auc,-0.0004435977362604038
iscx_url2016_binary,phiusiil,r01,xgb,primary_domain_filtered,f_single_minus_f_all,pr_auc,0.0221024581887303
iscx_url2016_binary,phiusiil,r01,xgb,primary_domain_filtered,f_single_minus_f_all,recall,-0.0021612078412273084
iscx_url2016_binary,phiusiil,r01,xgb,primary_domain_filtered,f_single_minus_f_all,fpr,0.0
iscx_url2016_binary,phiusiil,r01,xgb,primary_domain_filtered,f_single_minus_f_all,balanced_accuracy,-0.0010806039206136542
iscx_url2016_binary,phiusiil,r01,xgb,primary_domain_filtered,f_stable_minus_f_all,macro_f1,-0.00033895183836918363
iscx_url2016_binary,phiusiil,r01,xgb,primary_domain_filtered,f_stable_minus_f_all,roc_auc,0.07018668231124742
iscx_url2016_binary,phiusiil,r01,xgb,primary_domain_filtered,f_stable_minus_f_all,pr_auc,0.05631120236294601
iscx_url2016_binary,phiusiil,r01,xgb,primary_domain_filtered,f_stable_minus_f_all,recall,-0.0016132959941556058
iscx_url2016_binary,phiusiil,r01,xgb,primary_domain_filtered,f_stable_minus_f_all,fpr,0.0
iscx_url2016_binary,phiusiil,r01,xgb,primary_domain_filtered,f_stable_minus_f_all,balanced_accuracy,-0.0008066479970778029
iscx_url2016_binary,phiusiil,r01,xgb,primary_domain_filtered,f_stable_minus_f_single,macro_f1,0.00011518986786313024
iscx_url2016_binary,phiusiil,r01,xgb,primary_domain_filtered,f_stable_minus_f_single,roc_auc,0.07063028004750782
iscx_url2016_binary,phiusiil,r01,xgb,primary_domain_filtered,f_stable_minus_f_single,pr_auc,0.03420874417421571
iscx_url2016_binary,phiusiil,r01,xgb,primary_domain_filtered,f_stable_minus_f_single,recall,0.0005479118470717026
iscx_url2016_binary,phiusiil,r01,xgb,primary_domain_filtered,f_stable_minus_f_single,fpr,0.0
iscx_url2016_binary,phiusiil,r01,xgb,primary_domain_filtered,f_stable_minus_f_single,balanced_accuracy,0.0002739559235358513
iscx_url2016_binary,phiusiil,r01,xgb,unfiltered,f_single_minus_f_all,macro_f1,-0.0004457453197581618
iscx_url2016_binary,phiusiil,r01,xgb,unfiltered,f_single_minus_f_all,roc_auc,-0.0007040797807245092
iscx_url2016_binary,phiusiil,r01,xgb,unfiltered,f_single_minus_f_all,pr_auc,0.021457275626895866
iscx_url2016_binary,phiusiil,r01,xgb,unfiltered,f_single_minus_f_all,recall,-0.002110080836899675
iscx_url2016_binary,phiusiil,r01,xgb,unfiltered,f_single_minus_f_all,fpr,0.0
iscx_url2016_binary,phiusiil,r01,xgb,unfiltered,f_single_minus_f_all,balanced_accuracy,-0.0010550404184498374
iscx_url2016_binary,phiusiil,r01,xgb,unfiltered,f_stable_minus_f_all,macro_f1,-0.0003326859270337268
iscx_url2016_binary,phiusiil,r01,xgb,unfiltered,f_stable_minus_f_all,roc_auc,0.06925340071264391
iscx_url2016_binary,phiusiil,r01,xgb,unfiltered,f_stable_minus_f_all,pr_auc,0.05552353778313884
iscx_url2016_binary,phiusiil,r01,xgb,unfiltered,f_stable_minus_f_all,recall,-0.0015751307655729185
iscx_url2016_binary,phiusiil,r01,xgb,unfiltered,f_stable_minus_f_all,fpr,0.0
iscx_url2016_binary,phiusiil,r01,xgb,unfiltered,f_stable_minus_f_all,balanced_accuracy,-0.0007875653827864593
iscx_url2016_binary,phiusiil,r01,xgb,unfiltered,f_stable_minus_f_single,macro_f1,0.00011305939272443499
iscx_url2016_binary,phiusiil,r01,xgb,unfiltered,f_stable_minus_f_single,roc_auc,0.06995748049336842
iscx_url2016_binary,phiusiil,r01,xgb,unfiltered,f_stable_minus_f_single,pr_auc,0.03406626215624298
iscx_url2016_binary,phiusiil,r01,xgb,unfiltered,f_stable_minus_f_single,recall,0.0005349500713267563
iscx_url2016_binary,phiusiil,r01,xgb,unfiltered,f_stable_minus_f_single,fpr,0.0
iscx_url2016_binary,phiusiil,r01,xgb,unfiltered,f_stable_minus_f_single,balanced_accuracy,0.00026747503566337816
iscx_url2016_binary,phiusiil,r02,lr,primary_domain_filtered,f_single_minus_f_all,macro_f1,-0.005208317500372317
iscx_url2016_binary,phiusiil,r02,lr,primary_domain_filtered,f_single_minus_f_all,roc_auc,-0.038154956141230545
iscx_url2016_binary,phiusiil,r02,lr,primary_domain_filtered,f_single_minus_f_all,pr_auc,-0.027427543285449718
iscx_url2016_binary,phiusiil,r02,lr,primary_domain_filtered,f_single_minus_f_all,recall,-0.023983929549743488
iscx_url2016_binary,phiusiil,r02,lr,primary_domain_filtered,f_single_minus_f_all,fpr,4.453053681563457e-05
iscx_url2016_binary,phiusiil,r02,lr,primary_domain_filtered,f_single_minus_f_all,balanced_accuracy,-0.01201423004327945
iscx_url2016_binary,phiusiil,r02,lr,primary_domain_filtered,f_stable_minus_f_all,macro_f1,-0.006721848955775156
iscx_url2016_binary,phiusiil,r02,lr,primary_domain_filtered,f_stable_minus_f_all,roc_auc,-0.07929832223041067
iscx_url2016_binary,phiusiil,r02,lr,primary_domain_filtered,f_stable_minus_f_all,pr_auc,-0.05816637051044632
iscx_url2016_binary,phiusiil,r02,lr,primary_domain_filtered,f_stable_minus_f_all,recall,-0.030953878619402353
iscx_url2016_binary,phiusiil,r02,lr,primary_domain_filtered,f_stable_minus_f_all,fpr,4.453053681563457e-05
iscx_url2016_binary,phiusiil,r02,lr,primary_domain_filtered,f_stable_minus_f_all,balanced_accuracy,-0.015499204578108883
iscx_url2016_binary,phiusiil,r02,lr,primary_domain_filtered,f_stable_minus_f_single,macro_f1,-0.001513531455402839
iscx_url2016_binary,phiusiil,r02,lr,primary_domain_filtered,f_stable_minus_f_single,roc_auc,-0.04114336608918012
iscx_url2016_binary,phiusiil,r02,lr,primary_domain_filtered,f_stable_minus_f_single,pr_auc,-0.0307388272249966
iscx_url2016_binary,phiusiil,r02,lr,primary_domain_filtered,f_stable_minus_f_single,recall,-0.006969949069658865
iscx_url2016_binary,phiusiil,r02,lr,primary_domain_filtered,f_stable_minus_f_single,fpr,0.0
iscx_url2016_binary,phiusiil,r02,lr,primary_domain_filtered,f_stable_minus_f_single,balanced_accuracy,-0.0034849745348294325
iscx_url2016_binary,phiusiil,r02,lr,unfiltered,f_single_minus_f_all,macro_f1,-0.0052978225495638465
iscx_url2016_binary,phiusiil,r02,lr,unfiltered,f_single_minus_f_all,roc_auc,-0.037481198693243456
iscx_url2016_binary,phiusiil,r02,lr,unfiltered,f_single_minus_f_all,pr_auc,-0.027057744490590674
iscx_url2016_binary,phiusiil,r02,lr,unfiltered,f_single_minus_f_all,recall,-0.024211443968933155
iscx_url2016_binary,phiusiil,r02,lr,unfiltered,f_single_minus_f_all,fpr,4.4494212044554615e-05
iscx_url2016_binary,phiusiil,r02,lr,unfiltered,f_single_minus_f_all,balanced_accuracy,-0.012127969090488855
iscx_url2016_binary,phiusiil,r02,lr,unfiltered,f_stable_minus_f_all,macro_f1,-0.006770058902066944
iscx_url2016_binary,phiusiil,r02,lr,unfiltered,f_stable_minus_f_all,roc_auc,-0.07843408571254568
iscx_url2016_binary,phiusiil,r02,lr,unfiltered,f_stable_minus_f_all,pr_auc,-0.057334897474119906
iscx_url2016_binary,phiusiil,r02,lr,unfiltered,f_stable_minus_f_all,recall,-0.03093794579172604
iscx_url2016_binary,phiusiil,r02,lr,unfiltered,f_stable_minus_f_all,fpr,4.4494212044554615e-05
iscx_url2016_binary,phiusiil,r02,lr,unfiltered,f_stable_minus_f_all,balanced_accuracy,-0.015491220001885297
iscx_url2016_binary,phiusiil,r02,lr,unfiltered,f_stable_minus_f_single,macro_f1,-0.001472236352503098
iscx_url2016_binary,phiusiil,r02,lr,unfiltered,f_stable_minus_f_single,roc_auc,-0.04095288701930222
iscx_url2016_binary,phiusiil,r02,lr,unfiltered,f_stable_minus_f_single,pr_auc,-0.030277152983529232
iscx_url2016_binary,phiusiil,r02,lr,unfiltered,f_stable_minus_f_single,recall,-0.006726501822792885
iscx_url2016_binary,phiusiil,r02,lr,unfiltered,f_stable_minus_f_single,fpr,0.0
iscx_url2016_binary,phiusiil,r02,lr,unfiltered,f_stable_minus_f_single,balanced_accuracy,-0.0033632509113964426
iscx_url2016_binary,phiusiil,r02,rf,primary_domain_filtered,f_single_minus_f_all,macro_f1,-0.0027924203915887236
iscx_url2016_binary,phiusiil,r02,rf,primary_domain_filtered,f_single_minus_f_all,roc_auc,-0.02508474937185312
iscx_url2016_binary,phiusiil,r02,rf,primary_domain_filtered,f_single_minus_f_all,pr_auc,-0.008469200362292706
iscx_url2016_binary,phiusiil,r02,rf,primary_domain_filtered,f_single_minus_f_all,recall,-0.013239859586469893
iscx_url2016_binary,phiusiil,r02,rf,primary_domain_filtered,f_single_minus_f_all,fpr,0.0
iscx_url2016_binary,phiusiil,r02,rf,primary_domain_filtered,f_single_minus_f_all,balanced_accuracy,-0.006619929793234947
iscx_url2016_binary,phiusiil,r02,rf,primary_domain_filtered,f_stable_minus_f_all,macro_f1,-0.0017070677128733225
iscx_url2016_binary,phiusiil,r02,rf,primary_domain_filtered,f_stable_minus_f_all,roc_auc,0.05589577157204839
iscx_url2016_binary,phiusiil,r02,rf,primary_domain_filtered,f_stable_minus_f_all,pr_auc,0.021935020783722836
iscx_url2016_binary,phiusiil,r02,rf,primary_domain_filtered,f_stable_minus_f_all,recall,-0.008106243532252422
iscx_url2016_binary,phiusiil,r02,rf,primary_domain_filtered,f_stable_minus_f_all,fpr,0.0
iscx_url2016_binary,phiusiil,r02,rf,primary_domain_filtered,f_stable_minus_f_all,balanced_accuracy,-0.004053121766126211
iscx_url2016_binary,phiusiil,r02,rf,primary_domain_filtered,f_stable_minus_f_single,macro_f1,0.001085352678715401
iscx_url2016_binary,phiusiil,r02,rf,primary_domain_filtered,f_stable_minus_f_single,roc_auc,0.08098052094390151
iscx_url2016_binary,phiusiil,r02,rf,primary_domain_filtered,f_stable_minus_f_single,pr_auc,0.030404221146015542
iscx_url2016_binary,phiusiil,r02,rf,primary_domain_filtered,f_stable_minus_f_single,recall,0.005133616054217471
iscx_url2016_binary,phiusiil,r02,rf,primary_domain_filtered,f_stable_minus_f_single,fpr,0.0
iscx_url2016_binary,phiusiil,r02,rf,primary_domain_filtered,f_stable_minus_f_single,balanced_accuracy,0.0025668080271087357
iscx_url2016_binary,phiusiil,r02,rf,unfiltered,f_single_minus_f_all,macro_f1,-0.0027556650251630566
iscx_url2016_binary,phiusiil,r02,rf,unfiltered,f_single_minus_f_all,roc_auc,-0.02548784214462535
iscx_url2016_binary,phiusiil,r02,rf,unfiltered,f_single_minus_f_all,pr_auc,-0.008716799774318218
iscx_url2016_binary,phiusiil,r02,rf,unfiltered,f_single_minus_f_all,recall,-0.012997305436677764
iscx_url2016_binary,phiusiil,r02,rf,unfiltered,f_single_minus_f_all,fpr,0.0
iscx_url2016_binary,phiusiil,r02,rf,unfiltered,f_single_minus_f_all,balanced_accuracy,-0.006498652718338882
iscx_url2016_binary,phiusiil,r02,rf,unfiltered,f_stable_minus_f_all,macro_f1,-0.0016819191482624896
iscx_url2016_binary,phiusiil,r02,rf,unfiltered,f_stable_minus_f_all,roc_auc,0.05564065327792883
iscx_url2016_binary,phiusiil,r02,rf,unfiltered,f_stable_minus_f_all,pr_auc,0.021951679856763273
iscx_url2016_binary,phiusiil,r02,rf,unfiltered,f_stable_minus_f_all,recall,-0.007944999207481374
iscx_url2016_binary,phiusiil,r02,rf,unfiltered,f_stable_minus_f_all,fpr,0.0
iscx_url2016_binary,phiusiil,r02,rf,unfiltered,f_stable_minus_f_all,balanced_accuracy,-0.003972499603740687
iscx_url2016_binary,phiusiil,r02,rf,unfiltered,f_stable_minus_f_single,macro_f1,0.001073745876900567
iscx_url2016_binary,phiusiil,r02,rf,unfiltered,f_stable_minus_f_single,roc_auc,0.08112849542255418
iscx_url2016_binary,phiusiil,r02,rf,unfiltered,f_stable_minus_f_single,pr_auc,0.03066847963108149
iscx_url2016_binary,phiusiil,r02,rf,unfiltered,f_stable_minus_f_single,recall,0.0050523062291963905
iscx_url2016_binary,phiusiil,r02,rf,unfiltered,f_stable_minus_f_single,fpr,0.0
iscx_url2016_binary,phiusiil,r02,rf,unfiltered,f_stable_minus_f_single,balanced_accuracy,0.0025261531145981952
iscx_url2016_binary,phiusiil,r02,xgb,primary_domain_filtered,f_single_minus_f_all,macro_f1,-2.980225699589223e-05
iscx_url2016_binary,phiusiil,r02,xgb,primary_domain_filtered,f_single_minus_f_all,roc_auc,-0.045174039802642174
iscx_url2016_binary,phiusiil,r02,xgb,primary_domain_filtered,f_single_minus_f_all,pr_auc,-0.033897102204494545
iscx_url2016_binary,phiusiil,r02,xgb,primary_domain_filtered,f_single_minus_f_all,recall,-0.0001420368078243195
iscx_url2016_binary,phiusiil,r02,xgb,primary_domain_filtered,f_single_minus_f_all,fpr,0.0
iscx_url2016_binary,phiusiil,r02,xgb,primary_domain_filtered,f_single_minus_f_all,balanced_accuracy,-7.101840391204872e-05
iscx_url2016_binary,phiusiil,r02,xgb,primary_domain_filtered,f_stable_minus_f_all,macro_f1,-0.0006263771843825205
iscx_url2016_binary,phiusiil,r02,xgb,primary_domain_filtered,f_stable_minus_f_all,roc_auc,-0.029730406231626982
iscx_url2016_binary,phiusiil,r02,xgb,primary_domain_filtered,f_stable_minus_f_all,pr_auc,-0.013655149639033248
iscx_url2016_binary,phiusiil,r02,xgb,primary_domain_filtered,f_stable_minus_f_all,recall,-0.0029827729643082668
iscx_url2016_binary,phiusiil,r02,xgb,primary_domain_filtered,f_stable_minus_f_all,fpr,0.0
iscx_url2016_binary,phiusiil,r02,xgb,primary_domain_filtered,f_stable_minus_f_all,balanced_accuracy,-0.0014913864821540224
iscx_url2016_binary,phiusiil,r02,xgb,primary_domain_filtered,f_stable_minus_f_single,macro_f1,-0.0005965749273866283
iscx_url2016_binary,phiusiil,r02,xgb,primary_domain_filtered,f_stable_minus_f_single,roc_auc,0.015443633571015192
iscx_url2016_binary,phiusiil,r02,xgb,primary_domain_filtered,f_stable_minus_f_single,pr_auc,0.020241952565461296
iscx_url2016_binary,phiusiil,r02,xgb,primary_domain_filtered,f_stable_minus_f_single,recall,-0.0028407361564839473
iscx_url2016_binary,phiusiil,r02,xgb,primary_domain_filtered,f_stable_minus_f_single,fpr,0.0
iscx_url2016_binary,phiusiil,r02,xgb,primary_domain_filtered,f_stable_minus_f_single,balanced_accuracy,-0.0014203680782419736
iscx_url2016_binary,phiusiil,r02,xgb,unfiltered,f_single_minus_f_all,macro_f1,-2.9254132266509636e-05
iscx_url2016_binary,phiusiil,r02,xgb,unfiltered,f_single_minus_f_all,roc_auc,-0.045406639302573326
iscx_url2016_binary,phiusiil,r02,xgb,unfiltered,f_single_minus_f_all,pr_auc,-0.03426835224656166
iscx_url2016_binary,phiusiil,r02,xgb,unfiltered,f_single_minus_f_all,recall,-0.00013869075923300667
iscx_url2016_binary,phiusiil,r02,xgb,unfiltered,f_single_minus_f_all,fpr,0.0
iscx_url2016_binary,phiusiil,r02,xgb,unfiltered,f_single_minus_f_all,balanced_accuracy,-6.934537961639231e-05
iscx_url2016_binary,phiusiil,r02,xgb,unfiltered,f_stable_minus_f_all,macro_f1,-0.0006148492847029563
iscx_url2016_binary,phiusiil,r02,xgb,unfiltered,f_stable_minus_f_all,roc_auc,-0.030554150999086038
iscx_url2016_binary,phiusiil,r02,xgb,unfiltered,f_stable_minus_f_all,pr_auc,-0.014345629685603378
iscx_url2016_binary,phiusiil,r02,xgb,unfiltered,f_stable_minus_f_all,recall,-0.0029125059438898093
iscx_url2016_binary,phiusiil,r02,xgb,unfiltered,f_stable_minus_f_all,fpr,0.0
iscx_url2016_binary,phiusiil,r02,xgb,unfiltered,f_stable_minus_f_all,balanced_accuracy,-0.0014562529719447936
iscx_url2016_binary,phiusiil,r02,xgb,unfiltered,f_stable_minus_f_single,macro_f1,-0.0005855951524364467
iscx_url2016_binary,phiusiil,r02,xgb,unfiltered,f_stable_minus_f_single,roc_auc,0.014852488303487288
iscx_url2016_binary,phiusiil,r02,xgb,unfiltered,f_stable_minus_f_single,pr_auc,0.019922722560958284
iscx_url2016_binary,phiusiil,r02,xgb,unfiltered,f_stable_minus_f_single,recall,-0.0027738151846568027
iscx_url2016_binary,phiusiil,r02,xgb,unfiltered,f_stable_minus_f_single,fpr,0.0
iscx_url2016_binary,phiusiil,r02,xgb,unfiltered,f_stable_minus_f_single,balanced_accuracy,-0.0013869075923284013
iscx_url2016_binary,phiusiil,r03,lr,primary_domain_filtered,f_single_minus_f_all,macro_f1,0.006215987284262592
iscx_url2016_binary,phiusiil,r03,lr,primary_domain_filtered,f_single_minus_f_all,roc_auc,-0.017729015339974008
iscx_url2016_binary,phiusiil,r03,lr,primary_domain_filtered,f_single_minus_f_all,pr_auc,-0.007720520963861777
iscx_url2016_binary,phiusiil,r03,lr,primary_domain_filtered,f_single_minus_f_all,recall,0.02927088877062256
iscx_url2016_binary,phiusiil,r03,lr,primary_domain_filtered,f_single_minus_f_all,fpr,6.679332660441961e-05
iscx_url2016_binary,phiusiil,r03,lr,primary_domain_filtered,f_single_minus_f_all,balanced_accuracy,0.01460204772200907
iscx_url2016_binary,phiusiil,r03,lr,primary_domain_filtered,f_stable_minus_f_all,macro_f1,0.005678921711189944
iscx_url2016_binary,phiusiil,r03,lr,primary_domain_filtered,f_stable_minus_f_all,roc_auc,-0.02604971517733079
iscx_url2016_binary,phiusiil,r03,lr,primary_domain_filtered,f_stable_minus_f_all,pr_auc,-0.017178961796340098
iscx_url2016_binary,phiusiil,r03,lr,primary_domain_filtered,f_stable_minus_f_all,recall,0.02675047948025333
iscx_url2016_binary,phiusiil,r03,lr,primary_domain_filtered,f_stable_minus_f_all,fpr,6.679332660441961e-05
iscx_url2016_binary,phiusiil,r03,lr,primary_domain_filtered,f_stable_minus_f_all,balanced_accuracy,0.013341843076824456
iscx_url2016_binary,phiusiil,r03,lr,primary_domain_filtered,f_stable_minus_f_single,macro_f1,-0.0005370655730726481
iscx_url2016_binary,phiusiil,r03,lr,primary_domain_filtered,f_stable_minus_f_single,roc_auc,-0.008320699837356782
iscx_url2016_binary,phiusiil,r03,lr,primary_domain_filtered,f_stable_minus_f_single,pr_auc,-0.009458440832478321
iscx_url2016_binary,phiusiil,r03,lr,primary_domain_filtered,f_stable_minus_f_single,recall,-0.00252040929036923
iscx_url2016_binary,phiusiil,r03,lr,primary_domain_filtered,f_stable_minus_f_single,fpr,0.0
iscx_url2016_binary,phiusiil,r03,lr,primary_domain_filtered,f_stable_minus_f_single,balanced_accuracy,-0.001260204645184615
iscx_url2016_binary,phiusiil,r03,lr,unfiltered,f_single_minus_f_all,macro_f1,0.0064572988200071735
iscx_url2016_binary,phiusiil,r03,lr,unfiltered,f_single_minus_f_all,roc_auc,-0.017798591945432596
iscx_url2016_binary,phiusiil,r03,lr,unfiltered,f_single_minus_f_all,pr_auc,-0.007886882908602844
iscx_url2016_binary,phiusiil,r03,lr,unfiltered,f_single_minus_f_all,recall,0.030294024409573628
iscx_url2016_binary,phiusiil,r03,lr,unfiltered,f_single_minus_f_all,fpr,6.674131806683192e-05
iscx_url2016_binary,phiusiil,r03,lr,unfiltered,f_single_minus_f_all,balanced_accuracy,0.015113641545753398
iscx_url2016_binary,phiusiil,r03,lr,unfiltered,f_stable_minus_f_all,macro_f1,0.005925906228480271
iscx_url2016_binary,phiusiil,r03,lr,unfiltered,f_stable_minus_f_all,roc_auc,-0.02600230074123594
iscx_url2016_binary,phiusiil,r03,lr,unfiltered,f_stable_minus_f_all,pr_auc,-0.017157918967115937
iscx_url2016_binary,phiusiil,r03,lr,unfiltered,f_stable_minus_f_all,recall,0.027807497226184807
iscx_url2016_binary,phiusiil,r03,lr,unfiltered,f_stable_minus_f_all,fpr,6.674131806683192e-05
iscx_url2016_binary,phiusiil,r03,lr,unfiltered,f_stable_minus_f_all,balanced_accuracy,0.013870377954058988
iscx_url2016_binary,phiusiil,r03,lr,unfiltered,f_stable_minus_f_single,macro_f1,-0.0005313925915269024
iscx_url2016_binary,phiusiil,r03,lr,unfiltered,f_stable_minus_f_single,roc_auc,-0.008203708795803344
iscx_url2016_binary,phiusiil,r03,lr,unfiltered,f_stable_minus_f_single,pr_auc,-0.009271036058513094
iscx_url2016_binary,phiusiil,r03,lr,unfiltered,f_stable_minus_f_single,recall,-0.0024865271833888203
iscx_url2016_binary,phiusiil,r03,lr,unfiltered,f_stable_minus_f_single,fpr,0.0
iscx_url2016_binary,phiusiil,r03,lr,unfiltered,f_stable_minus_f_single,balanced_accuracy,-0.0012432635916944101
iscx_url2016_binary,phiusiil,r03,rf,primary_domain_filtered,f_single_minus_f_all,macro_f1,0.0002533232240248262
iscx_url2016_binary,phiusiil,r03,rf,primary_domain_filtered,f_single_minus_f_all,roc_auc,0.0433575827059659
iscx_url2016_binary,phiusiil,r03,rf,primary_domain_filtered,f_single_minus_f_all,pr_auc,0.020278305470236513
iscx_url2016_binary,phiusiil,r03,rf,primary_domain_filtered,f_single_minus_f_all,recall,0.001194935081888171
iscx_url2016_binary,phiusiil,r03,rf,primary_domain_filtered,f_single_minus_f_all,fpr,0.0
iscx_url2016_binary,phiusiil,r03,rf,primary_domain_filtered,f_single_minus_f_all,balanced_accuracy,0.0005974675409440855
iscx_url2016_binary,phiusiil,r03,rf,primary_domain_filtered,f_stable_minus_f_all,macro_f1,-0.0010364702211076438
iscx_url2016_binary,phiusiil,r03,rf,primary_domain_filtered,f_stable_minus_f_all,roc_auc,0.018967280386907814
iscx_url2016_binary,phiusiil,r03,rf,primary_domain_filtered,f_stable_minus_f_all,pr_auc,0.008791882970217657
iscx_url2016_binary,phiusiil,r03,rf,primary_domain_filtered,f_stable_minus_f_all,recall,-0.0048801550403165805
iscx_url2016_binary,phiusiil,r03,rf,primary_domain_filtered,f_stable_minus_f_all,fpr,0.0
iscx_url2016_binary,phiusiil,r03,rf,primary_domain_filtered,f_stable_minus_f_all,balanced_accuracy,-0.0024400775201582903
iscx_url2016_binary,phiusiil,r03,rf,primary_domain_filtered,f_stable_minus_f_single,macro_f1,-0.00128979344513247
iscx_url2016_binary,phiusiil,r03,rf,primary_domain_filtered,f_stable_minus_f_single,roc_auc,-0.024390302319058088
iscx_url2016_binary,phiusiil,r03,rf,primary_domain_filtered,f_stable_minus_f_single,pr_auc,-0.011486422500018856
iscx_url2016_binary,phiusiil,r03,rf,primary_domain_filtered,f_stable_minus_f_single,recall,-0.0060750901222047515
iscx_url2016_binary,phiusiil,r03,rf,primary_domain_filtered,f_stable_minus_f_single,fpr,0.0
iscx_url2016_binary,phiusiil,r03,rf,primary_domain_filtered,f_stable_minus_f_single,balanced_accuracy,-0.0030375450611023758
iscx_url2016_binary,phiusiil,r03,rf,unfiltered,f_single_minus_f_all,macro_f1,0.0002506326762617972
iscx_url2016_binary,phiusiil,r03,rf,unfiltered,f_single_minus_f_all,roc_auc,0.043541259110868424
iscx_url2016_binary,phiusiil,r03,rf,unfiltered,f_single_minus_f_all,pr_auc,0.020400482270293174
iscx_url2016_binary,phiusiil,r03,rf,unfiltered,f_single_minus_f_all,recall,0.0011788714534791689
iscx_url2016_binary,phiusiil,r03,rf,unfiltered,f_single_minus_f_all,fpr,0.0
iscx_url2016_binary,phiusiil,r03,rf,unfiltered,f_single_minus_f_all,balanced_accuracy,0.0005894357267395844
iscx_url2016_binary,phiusiil,r03,rf,unfiltered,f_stable_minus_f_all,macro_f1,-0.0010275591561965114
iscx_url2016_binary,phiusiil,r03,rf,unfiltered,f_stable_minus_f_all,roc_auc,0.019665401847517805
iscx_url2016_binary,phiusiil,r03,rf,unfiltered,f_stable_minus_f_all,pr_auc,0.009136892402956953
iscx_url2016_binary,phiusiil,r03,rf,unfiltered,f_stable_minus_f_all,recall,-0.004824457124742443
iscx_url2016_binary,phiusiil,r03,rf,unfiltered,f_stable_minus_f_all,fpr,0.0
iscx_url2016_binary,phiusiil,r03,rf,unfiltered,f_stable_minus_f_all,balanced_accuracy,-0.0024122285623712214
iscx_url2016_binary,phiusiil,r03,rf,unfiltered,f_stable_minus_f_single,macro_f1,-0.0012781918324583086
iscx_url2016_binary,phiusiil,r03,rf,unfiltered,f_stable_minus_f_single,roc_auc,-0.02387585726335062
iscx_url2016_binary,phiusiil,r03,rf,unfiltered,f_stable_minus_f_single,pr_auc,-0.011263589867336221
iscx_url2016_binary,phiusiil,r03,rf,unfiltered,f_stable_minus_f_single,recall,-0.006003328578221612
iscx_url2016_binary,phiusiil,r03,rf,unfiltered,f_stable_minus_f_single,fpr,0.0
iscx_url2016_binary,phiusiil,r03,rf,unfiltered,f_stable_minus_f_single,balanced_accuracy,-0.003001664289110806
iscx_url2016_binary,phiusiil,r03,xgb,primary_domain_filtered,f_single_minus_f_all,macro_f1,0.0005848413325934554
iscx_url2016_binary,phiusiil,r03,xgb,primary_domain_filtered,f_single_minus_f_all,roc_auc,-0.021685800891494078
iscx_url2016_binary,phiusiil,r03,xgb,primary_domain_filtered,f_single_minus_f_all,pr_auc,-0.06142013142671299
iscx_url2016_binary,phiusiil,r03,xgb,primary_domain_filtered,f_single_minus_f_all,recall,0.0027714460722785272
iscx_url2016_binary,phiusiil,r03,xgb,primary_domain_filtered,f_single_minus_f_all,fpr,0.0
iscx_url2016_binary,phiusiil,r03,xgb,primary_domain_filtered,f_single_minus_f_all,balanced_accuracy,0.0013857230361392636
iscx_url2016_binary,phiusiil,r03,xgb,primary_domain_filtered,f_stable_minus_f_all,macro_f1,0.0005467290876381425
iscx_url2016_binary,phiusiil,r03,xgb,primary_domain_filtered,f_stable_minus_f_all,roc_auc,-0.04752522197683379
iscx_url2016_binary,phiusiil,r03,xgb,primary_domain_filtered,f_stable_minus_f_all,pr_auc,-0.06937858690102816
iscx_url2016_binary,phiusiil,r03,xgb,primary_domain_filtered,f_stable_minus_f_all,recall,0.002590699589303802
iscx_url2016_binary,phiusiil,r03,xgb,primary_domain_filtered,f_stable_minus_f_all,fpr,0.0
iscx_url2016_binary,phiusiil,r03,xgb,primary_domain_filtered,f_stable_minus_f_all,balanced_accuracy,0.001295349794651901
iscx_url2016_binary,phiusiil,r03,xgb,primary_domain_filtered,f_stable_minus_f_single,macro_f1,-3.8112244955312846e-05
iscx_url2016_binary,phiusiil,r03,xgb,primary_domain_filtered,f_stable_minus_f_single,roc_auc,-0.02583942108533971
iscx_url2016_binary,phiusiil,r03,xgb,primary_domain_filtered,f_stable_minus_f_single,pr_auc,-0.007958455474315174
iscx_url2016_binary,phiusiil,r03,xgb,primary_domain_filtered,f_stable_minus_f_single,recall,-0.00018074648297472518
iscx_url2016_binary,phiusiil,r03,xgb,primary_domain_filtered,f_stable_minus_f_single,fpr,0.0
iscx_url2016_binary,phiusiil,r03,xgb,primary_domain_filtered,f_stable_minus_f_single,balanced_accuracy,-9.037324148736259e-05
iscx_url2016_binary,phiusiil,r03,xgb,unfiltered,f_single_minus_f_all,macro_f1,0.0005849400656303683
iscx_url2016_binary,phiusiil,r03,xgb,unfiltered,f_single_minus_f_all,roc_auc,-0.021309798468442165
iscx_url2016_binary,phiusiil,r03,xgb,unfiltered,f_single_minus_f_all,pr_auc,-0.06118546211032405
iscx_url2016_binary,phiusiil,r03,xgb,unfiltered,f_single_minus_f_all,recall,0.0027639087018546116
iscx_url2016_binary,phiusiil,r03,xgb,unfiltered,f_single_minus_f_all,fpr,0.0
iscx_url2016_binary,phiusiil,r03,xgb,unfiltered,f_single_minus_f_all,balanced_accuracy,0.0013819543509273058
iscx_url2016_binary,phiusiil,r03,xgb,unfiltered,f_stable_minus_f_all,macro_f1,0.0005472313565355047
iscx_url2016_binary,phiusiil,r03,xgb,unfiltered,f_stable_minus_f_all,roc_auc,-0.04703100616703254
iscx_url2016_binary,phiusiil,r03,xgb,unfiltered,f_stable_minus_f_all,pr_auc,-0.06870573682912773
iscx_url2016_binary,phiusiil,r03,xgb,unfiltered,f_stable_minus_f_all,recall,0.0025855920114122855
iscx_url2016_binary,phiusiil,r03,xgb,unfiltered,f_stable_minus_f_all,fpr,0.0
iscx_url2016_binary,phiusiil,r03,xgb,unfiltered,f_stable_minus_f_all,balanced_accuracy,0.0012927960057061427
iscx_url2016_binary,phiusiil,r03,xgb,unfiltered,f_stable_minus_f_single,macro_f1,-3.770870909486357e-05
iscx_url2016_binary,phiusiil,r03,xgb,unfiltered,f_stable_minus_f_single,roc_auc,-0.025721207698590376
iscx_url2016_binary,phiusiil,r03,xgb,unfiltered,f_stable_minus_f_single,pr_auc,-0.007520274718803677
iscx_url2016_binary,phiusiil,r03,xgb,unfiltered,f_stable_minus_f_single,recall,-0.00017831669044232612
iscx_url2016_binary,phiusiil,r03,xgb,unfiltered,f_stable_minus_f_single,fpr,0.0
iscx_url2016_binary,phiusiil,r03,xgb,unfiltered,f_stable_minus_f_single,balanced_accuracy,-8.915834522116306e-05
iscx_url2016_binary,phiusiil,r04,lr,primary_domain_filtered,f_single_minus_f_all,macro_f1,-0.004136090281449789
iscx_url2016_binary,phiusiil,r04,lr,primary_domain_filtered,f_single_minus_f_all,roc_auc,-0.08912501873210293
iscx_url2016_binary,phiusiil,r04,lr,primary_domain_filtered,f_single_minus_f_all,pr_auc,-0.06338835510422597
iscx_url2016_binary,phiusiil,r04,lr,primary_domain_filtered,f_single_minus_f_all,recall,-0.019013798701298712
iscx_url2016_binary,phiusiil,r04,lr,primary_domain_filtered,f_single_minus_f_all,fpr,4.453053681563457e-05
iscx_url2016_binary,phiusiil,r04,lr,primary_domain_filtered,f_single_minus_f_all,balanced_accuracy,-0.009529164619057173
iscx_url2016_binary,phiusiil,r04,lr,primary_domain_filtered,f_stable_minus_f_all,macro_f1,-0.0054327253517074126
iscx_url2016_binary,phiusiil,r04,lr,primary_domain_filtered,f_stable_minus_f_all,roc_auc,-0.07709194787170537
iscx_url2016_binary,phiusiil,r04,lr,primary_domain_filtered,f_stable_minus_f_all,pr_auc,-0.05720784232229542
iscx_url2016_binary,phiusiil,r04,lr,primary_domain_filtered,f_stable_minus_f_all,recall,-0.025000000000000022
iscx_url2016_binary,phiusiil,r04,lr,primary_domain_filtered,f_stable_minus_f_all,fpr,4.453053681563457e-05
iscx_url2016_binary,phiusiil,r04,lr,primary_domain_filtered,f_stable_minus_f_all,balanced_accuracy,-0.012522265268407828
iscx_url2016_binary,phiusiil,r04,lr,primary_domain_filtered,f_stable_minus_f_single,macro_f1,-0.0012966350702576235
iscx_url2016_binary,phiusiil,r04,lr,primary_domain_filtered,f_stable_minus_f_single,roc_auc,0.012033070860397566
iscx_url2016_binary,phiusiil,r04,lr,primary_domain_filtered,f_stable_minus_f_single,pr_auc,0.006180512781930547
iscx_url2016_binary,phiusiil,r04,lr,primary_domain_filtered,f_stable_minus_f_single,recall,-0.00598620129870131
iscx_url2016_binary,phiusiil,r04,lr,primary_domain_filtered,f_stable_minus_f_single,fpr,0.0
iscx_url2016_binary,phiusiil,r04,lr,primary_domain_filtered,f_stable_minus_f_single,balanced_accuracy,-0.002993100649350655
iscx_url2016_binary,phiusiil,r04,lr,unfiltered,f_single_minus_f_all,macro_f1,-0.004065792048470351
iscx_url2016_binary,phiusiil,r04,lr,unfiltered,f_single_minus_f_all,roc_auc,-0.08837481695284621
iscx_url2016_binary,phiusiil,r04,lr,unfiltered,f_single_minus_f_all,pr_auc,-0.06265276771378991
iscx_url2016_binary,phiusiil,r04,lr,unfiltered,f_single_minus_f_all,recall,-0.01854493580599137
iscx_url2016_binary,phiusiil,r04,lr,unfiltered,f_single_minus_f_all,fpr,4.4494212044554615e-05
iscx_url2016_binary,phiusiil,r04,lr,unfiltered,f_single_minus_f_all,balanced_accuracy,-0.009294715009018018
iscx_url2016_binary,phiusiil,r04,lr,unfiltered,f_stable_minus_f_all,macro_f1,-0.005477900385643164
iscx_url2016_binary,phiusiil,r04,lr,unfiltered,f_stable_minus_f_all,roc_auc,-0.07626706741183786
iscx_url2016_binary,phiusiil,r04,lr,unfiltered,f_stable_minus_f_all,pr_auc,-0.056414716975175916
iscx_url2016_binary,phiusiil,r04,lr,unfiltered,f_stable_minus_f_all,recall,-0.02501386907592318
iscx_url2016_binary,phiusiil,r04,lr,unfiltered,f_stable_minus_f_all,fpr,4.4494212044554615e-05
iscx_url2016_binary,phiusiil,r04,lr,unfiltered,f_stable_minus_f_all,balanced_accuracy,-0.012529181643983922
iscx_url2016_binary,phiusiil,r04,lr,unfiltered,f_stable_minus_f_single,macro_f1,-0.0014121083371728127
iscx_url2016_binary,phiusiil,r04,lr,unfiltered,f_stable_minus_f_single,roc_auc,0.01210774954100835
iscx_url2016_binary,phiusiil,r04,lr,unfiltered,f_stable_minus_f_single,pr_auc,0.006238050738613998
iscx_url2016_binary,phiusiil,r04,lr,unfiltered,f_stable_minus_f_single,recall,-0.006468933269931809
iscx_url2016_binary,phiusiil,r04,lr,unfiltered,f_stable_minus_f_single,fpr,0.0
iscx_url2016_binary,phiusiil,r04,lr,unfiltered,f_stable_minus_f_single,balanced_accuracy,-0.0032344666349659046
iscx_url2016_binary,phiusiil,r04,rf,primary_domain_filtered,f_single_minus_f_all,macro_f1,-0.0021894031115579637
iscx_url2016_binary,phiusiil,r04,rf,primary_domain_filtered,f_single_minus_f_all,roc_auc,-0.06451612491130043
iscx_url2016_binary,phiusiil,r04,rf,primary_domain_filtered,f_single_minus_f_all,pr_auc,-0.03739482900078056
iscx_url2016_binary,phiusiil,r04,rf,primary_domain_filtered,f_single_minus_f_all,recall,-0.010389610389610393
iscx_url2016_binary,phiusiil,r04,rf,primary_domain_filtered,f_single_minus_f_all,fpr,0.0
iscx_url2016_binary,phiusiil,r04,rf,primary_domain_filtered,f_single_minus_f_all,balanced_accuracy,-0.0051948051948051965
iscx_url2016_binary,phiusiil,r04,rf,primary_domain_filtered,f_stable_minus_f_all,macro_f1,-0.002148655641143471
iscx_url2016_binary,phiusiil,r04,rf,primary_domain_filtered,f_stable_minus_f_all,roc_auc,-0.06013381823907171
iscx_url2016_binary,phiusiil,r04,rf,primary_domain_filtered,f_stable_minus_f_all,pr_auc,-0.03408859460617514
iscx_url2016_binary,phiusiil,r04,rf,primary_domain_filtered,f_stable_minus_f_all,recall,-0.010196834415584388
iscx_url2016_binary,phiusiil,r04,rf,primary_domain_filtered,f_stable_minus_f_all,fpr,0.0
iscx_url2016_binary,phiusiil,r04,rf,primary_domain_filtered,f_stable_minus_f_all,balanced_accuracy,-0.005098417207792194
iscx_url2016_binary,phiusiil,r04,rf,primary_domain_filtered,f_stable_minus_f_single,macro_f1,4.074747041449278e-05
iscx_url2016_binary,phiusiil,r04,rf,primary_domain_filtered,f_stable_minus_f_single,roc_auc,0.00438230667222872
iscx_url2016_binary,phiusiil,r04,rf,primary_domain_filtered,f_stable_minus_f_single,pr_auc,0.003306234394605423
iscx_url2016_binary,phiusiil,r04,rf,primary_domain_filtered,f_stable_minus_f_single,recall,0.00019277597402600488
iscx_url2016_binary,phiusiil,r04,rf,primary_domain_filtered,f_stable_minus_f_single,fpr,0.0
iscx_url2016_binary,phiusiil,r04,rf,primary_domain_filtered,f_stable_minus_f_single,balanced_accuracy,9.638798701300244e-05
iscx_url2016_binary,phiusiil,r04,rf,unfiltered,f_single_minus_f_all,macro_f1,-0.002157383679832925
iscx_url2016_binary,phiusiil,r04,rf,unfiltered,f_single_minus_f_all,roc_auc,-0.06643341252748275
iscx_url2016_binary,phiusiil,r04,rf,unfiltered,f_single_minus_f_all,pr_auc,-0.03850409788856973
iscx_url2016_binary,phiusiil,r04,rf,unfiltered,f_single_minus_f_all,recall,-0.010183864320811531
iscx_url2016_binary,phiusiil,r04,rf,unfiltered,f_single_minus_f_all,fpr,0.0
iscx_url2016_binary,phiusiil,r04,rf,unfiltered,f_single_minus_f_all,balanced_accuracy,-0.0050919321604057655
iscx_url2016_binary,phiusiil,r04,rf,unfiltered,f_stable_minus_f_all,macro_f1,-0.002111075220683545
iscx_url2016_binary,phiusiil,r04,rf,unfiltered,f_stable_minus_f_all,roc_auc,-0.06164022416014531
iscx_url2016_binary,phiusiil,r04,rf,unfiltered,f_stable_minus_f_all,pr_auc,-0.03496028926341127
iscx_url2016_binary,phiusiil,r04,rf,unfiltered,f_stable_minus_f_all,recall,-0.009965921699159885
iscx_url2016_binary,phiusiil,r04,rf,unfiltered,f_stable_minus_f_all,fpr,0.0
iscx_url2016_binary,phiusiil,r04,rf,unfiltered,f_stable_minus_f_all,balanced_accuracy,-0.004982960849579943
iscx_url2016_binary,phiusiil,r04,rf,unfiltered,f_stable_minus_f_single,macro_f1,4.630845914938009e-05
iscx_url2016_binary,phiusiil,r04,rf,unfiltered,f_stable_minus_f_single,roc_auc,0.004793188367337442
iscx_url2016_binary,phiusiil,r04,rf,unfiltered,f_stable_minus_f_single,pr_auc,0.003543808625158462
iscx_url2016_binary,phiusiil,r04,rf,unfiltered,f_stable_minus_f_single,recall,0.00021794262165164557
iscx_url2016_binary,phiusiil,r04,rf,unfiltered,f_stable_minus_f_single,fpr,0.0
iscx_url2016_binary,phiusiil,r04,rf,unfiltered,f_stable_minus_f_single,balanced_accuracy,0.00010897131082582279
iscx_url2016_binary,phiusiil,r04,xgb,primary_domain_filtered,f_single_minus_f_all,macro_f1,-0.00013006574033691543
iscx_url2016_binary,phiusiil,r04,xgb,primary_domain_filtered,f_single_minus_f_all,roc_auc,0.01866423801594841
iscx_url2016_binary,phiusiil,r04,xgb,primary_domain_filtered,f_single_minus_f_all,pr_auc,0.028726693845282425
iscx_url2016_binary,phiusiil,r04,xgb,primary_domain_filtered,f_single_minus_f_all,recall,-0.000618912337662314
iscx_url2016_binary,phiusiil,r04,xgb,primary_domain_filtered,f_single_minus_f_all,fpr,0.0
iscx_url2016_binary,phiusiil,r04,xgb,primary_domain_filtered,f_single_minus_f_all,balanced_accuracy,-0.000309456168831157
iscx_url2016_binary,phiusiil,r04,xgb,primary_domain_filtered,f_stable_minus_f_all,macro_f1,-0.0006508088146122137
iscx_url2016_binary,phiusiil,r04,xgb,primary_domain_filtered,f_stable_minus_f_all,roc_auc,-0.08661192091386288
iscx_url2016_binary,phiusiil,r04,xgb,primary_domain_filtered,f_stable_minus_f_all,pr_auc,-0.05577985048355
iscx_url2016_binary,phiusiil,r04,xgb,primary_domain_filtered,f_stable_minus_f_all,recall,-0.003094561688311681
iscx_url2016_binary,phiusiil,r04,xgb,primary_domain_filtered,f_stable_minus_f_all,fpr,0.0
iscx_url2016_binary,phiusiil,r04,xgb,primary_domain_filtered,f_stable_minus_f_all,balanced_accuracy,-0.0015472808441558406
iscx_url2016_binary,phiusiil,r04,xgb,primary_domain_filtered,f_stable_minus_f_single,macro_f1,-0.0005207430742752983
iscx_url2016_binary,phiusiil,r04,xgb,primary_domain_filtered,f_stable_minus_f_single,roc_auc,-0.10527615892981129
iscx_url2016_binary,phiusiil,r04,xgb,primary_domain_filtered,f_stable_minus_f_single,pr_auc,-0.08450654432883242
iscx_url2016_binary,phiusiil,r04,xgb,primary_domain_filtered,f_stable_minus_f_single,recall,-0.002475649350649367
iscx_url2016_binary,phiusiil,r04,xgb,primary_domain_filtered,f_stable_minus_f_single,fpr,0.0
iscx_url2016_binary,phiusiil,r04,xgb,primary_domain_filtered,f_stable_minus_f_single,balanced_accuracy,-0.0012378246753246835
iscx_url2016_binary,phiusiil,r04,xgb,unfiltered,f_single_minus_f_all,macro_f1,-0.00012766463948576945
iscx_url2016_binary,phiusiil,r04,xgb,unfiltered,f_single_minus_f_all,roc_auc,0.017817335502512632
iscx_url2016_binary,phiusiil,r04,xgb,unfiltered,f_single_minus_f_all,pr_auc,0.02764246353668859
iscx_url2016_binary,phiusiil,r04,xgb,unfiltered,f_single_minus_f_all,recall,-0.0006042954509430931
iscx_url2016_binary,phiusiil,r04,xgb,unfiltered,f_single_minus_f_all,fpr,0.0
iscx_url2016_binary,phiusiil,r04,xgb,unfiltered,f_single_minus_f_all,balanced_accuracy,-0.00030214772547154656
iscx_url2016_binary,phiusiil,r04,xgb,unfiltered,f_stable_minus_f_all,macro_f1,-0.0006387875958168143
iscx_url2016_binary,phiusiil,r04,xgb,unfiltered,f_stable_minus_f_all,roc_auc,-0.0875512134504553
iscx_url2016_binary,phiusiil,r04,xgb,unfiltered,f_stable_minus_f_all,pr_auc,-0.056730909142041874
iscx_url2016_binary,phiusiil,r04,xgb,unfiltered,f_stable_minus_f_all,recall,-0.0030214772547154656
iscx_url2016_binary,phiusiil,r04,xgb,unfiltered,f_stable_minus_f_all,fpr,0.0
iscx_url2016_binary,phiusiil,r04,xgb,unfiltered,f_stable_minus_f_all,balanced_accuracy,-0.0015107386273577328
iscx_url2016_binary,phiusiil,r04,xgb,unfiltered,f_stable_minus_f_single,macro_f1,-0.0005111229563310449
iscx_url2016_binary,phiusiil,r04,xgb,unfiltered,f_stable_minus_f_single,roc_auc,-0.10536854895296793
iscx_url2016_binary,phiusiil,r04,xgb,unfiltered,f_stable_minus_f_single,pr_auc,-0.08437337267873046
iscx_url2016_binary,phiusiil,r04,xgb,unfiltered,f_stable_minus_f_single,recall,-0.0024171818037723725
iscx_url2016_binary,phiusiil,r04,xgb,unfiltered,f_stable_minus_f_single,fpr,0.0
iscx_url2016_binary,phiusiil,r04,xgb,unfiltered,f_stable_minus_f_single,balanced_accuracy,-0.0012085909018861862
iscx_url2016_binary,phiusiil,r05,lr,primary_domain_filtered,f_single_minus_f_all,macro_f1,0.0007348907598717092
iscx_url2016_binary,phiusiil,r05,lr,primary_domain_filtered,f_single_minus_f_all,roc_auc,-0.023126333423434342
iscx_url2016_binary,phiusiil,r05,lr,primary_domain_filtered,f_single_minus_f_all,pr_auc,-0.010973108646697038
iscx_url2016_binary,phiusiil,r05,lr,primary_domain_filtered,f_single_minus_f_all,recall,0.003729772002646903
iscx_url2016_binary,phiusiil,r05,lr,primary_domain_filtered,f_single_minus_f_all,fpr,6.679530948494605e-05
iscx_url2016_binary,phiusiil,r05,lr,primary_domain_filtered,f_single_minus_f_all,balanced_accuracy,0.0018314883465809784
iscx_url2016_binary,phiusiil,r05,lr,primary_domain_filtered,f_stable_minus_f_all,macro_f1,-0.0007174659271479977
iscx_url2016_binary,phiusiil,r05,lr,primary_domain_filtered,f_stable_minus_f_all,roc_auc,0.002507458252213546
iscx_url2016_binary,phiusiil,r05,lr,primary_domain_filtered,f_stable_minus_f_all,pr_auc,-0.006537856689839083
iscx_url2016_binary,phiusiil,r05,lr,primary_domain_filtered,f_stable_minus_f_all,recall,-0.002977801840822969
iscx_url2016_binary,phiusiil,r05,lr,primary_domain_filtered,f_stable_minus_f_all,fpr,6.679530948494605e-05
iscx_url2016_binary,phiusiil,r05,lr,primary_domain_filtered,f_stable_minus_f_all,balanced_accuracy,-0.0015222985751539575
iscx_url2016_binary,phiusiil,r05,lr,primary_domain_filtered,f_stable_minus_f_single,macro_f1,-0.0014523566870197069
iscx_url2016_binary,phiusiil,r05,lr,primary_domain_filtered,f_stable_minus_f_single,roc_auc,0.025633791675647888
iscx_url2016_binary,phiusiil,r05,lr,primary_domain_filtered,f_stable_minus_f_single,pr_auc,0.004435251956857955
iscx_url2016_binary,phiusiil,r05,lr,primary_domain_filtered,f_stable_minus_f_single,recall,-0.006707573843469872
iscx_url2016_binary,phiusiil,r05,lr,primary_domain_filtered,f_stable_minus_f_single,fpr,0.0
iscx_url2016_binary,phiusiil,r05,lr,primary_domain_filtered,f_stable_minus_f_single,balanced_accuracy,-0.003353786921734936
iscx_url2016_binary,phiusiil,r05,lr,unfiltered,f_single_minus_f_all,macro_f1,0.0007186704502069041
iscx_url2016_binary,phiusiil,r05,lr,unfiltered,f_single_minus_f_all,roc_auc,-0.0231816868305057
iscx_url2016_binary,phiusiil,r05,lr,unfiltered,f_single_minus_f_all,pr_auc,-0.011120605326710942
iscx_url2016_binary,phiusiil,r05,lr,unfiltered,f_single_minus_f_all,recall,0.003645585671263163
iscx_url2016_binary,phiusiil,r05,lr,unfiltered,f_single_minus_f_all,fpr,6.674131806683192e-05
iscx_url2016_binary,phiusiil,r05,lr,unfiltered,f_single_minus_f_all,balanced_accuracy,0.001789422176598221
iscx_url2016_binary,phiusiil,r05,lr,unfiltered,f_stable_minus_f_all,macro_f1,-0.0007176729841535945
iscx_url2016_binary,phiusiil,r05,lr,unfiltered,f_stable_minus_f_all,roc_auc,0.00218980720022266
iscx_url2016_binary,phiusiil,r05,lr,unfiltered,f_stable_minus_f_all,pr_auc,-0.0066118743565583005
iscx_url2016_binary,phiusiil,r05,lr,unfiltered,f_stable_minus_f_all,recall,-0.002971944840703844
iscx_url2016_binary,phiusiil,r05,lr,unfiltered,f_stable_minus_f_all,fpr,6.674131806683192e-05
iscx_url2016_binary,phiusiil,r05,lr,unfiltered,f_stable_minus_f_all,balanced_accuracy,-0.0015193430793852825
iscx_url2016_binary,phiusiil,r05,lr,unfiltered,f_stable_minus_f_single,macro_f1,-0.0014363434343604986
iscx_url2016_binary,phiusiil,r05,lr,unfiltered,f_stable_minus_f_single,roc_auc,0.02537149403072836
iscx_url2016_binary,phiusiil,r05,lr,unfiltered,f_stable_minus_f_single,pr_auc,0.004508730970152641
iscx_url2016_binary,phiusiil,r05,lr,unfiltered,f_stable_minus_f_single,recall,-0.006617530511967007
iscx_url2016_binary,phiusiil,r05,lr,unfiltered,f_stable_minus_f_single,fpr,0.0
iscx_url2016_binary,phiusiil,r05,lr,unfiltered,f_stable_minus_f_single,balanced_accuracy,-0.0033087652559835035
iscx_url2016_binary,phiusiil,r05,rf,primary_domain_filtered,f_single_minus_f_all,macro_f1,-0.0023041416808847748
iscx_url2016_binary,phiusiil,r05,rf,primary_domain_filtered,f_single_minus_f_all,roc_auc,0.02021537946415297
iscx_url2016_binary,phiusiil,r05,rf,primary_domain_filtered,f_single_minus_f_all,pr_auc,0.0108790155092649
iscx_url2016_binary,phiusiil,r05,rf,primary_domain_filtered,f_single_minus_f_all,recall,-0.010858449136738169
iscx_url2016_binary,phiusiil,r05,rf,primary_domain_filtered,f_single_minus_f_all,fpr,0.0
iscx_url2016_binary,phiusiil,r05,rf,primary_domain_filtered,f_single_minus_f_all,balanced_accuracy,-0.005429224568369084
iscx_url2016_binary,phiusiil,r05,rf,primary_domain_filtered,f_stable_minus_f_all,macro_f1,-0.002088622190206557
iscx_url2016_binary,phiusiil,r05,rf,primary_domain_filtered,f_stable_minus_f_all,roc_auc,0.02549979737174124
iscx_url2016_binary,phiusiil,r05,rf,primary_domain_filtered,f_stable_minus_f_all,pr_auc,0.01301045679374141
iscx_url2016_binary,phiusiil,r05,rf,primary_domain_filtered,f_stable_minus_f_all,recall,-0.009845795985481853
iscx_url2016_binary,phiusiil,r05,rf,primary_domain_filtered,f_stable_minus_f_all,fpr,0.0
iscx_url2016_binary,phiusiil,r05,rf,primary_domain_filtered,f_stable_minus_f_all,balanced_accuracy,-0.004922897992740927
iscx_url2016_binary,phiusiil,r05,rf,primary_domain_filtered,f_stable_minus_f_single,macro_f1,0.00021551949067821763
iscx_url2016_binary,phiusiil,r05,rf,primary_domain_filtered,f_stable_minus_f_single,roc_auc,0.005284417907588268
iscx_url2016_binary,phiusiil,r05,rf,primary_domain_filtered,f_stable_minus_f_single,pr_auc,0.0021314412844765096
iscx_url2016_binary,phiusiil,r05,rf,primary_domain_filtered,f_stable_minus_f_single,recall,0.0010126531512563153
iscx_url2016_binary,phiusiil,r05,rf,primary_domain_filtered,f_stable_minus_f_single,fpr,0.0
iscx_url2016_binary,phiusiil,r05,rf,primary_domain_filtered,f_stable_minus_f_single,balanced_accuracy,0.0005063265756281576
iscx_url2016_binary,phiusiil,r05,rf,unfiltered,f_single_minus_f_all,macro_f1,-0.0022843975353832313
iscx_url2016_binary,phiusiil,r05,rf,unfiltered,f_single_minus_f_all,roc_auc,0.02021468358723466
iscx_url2016_binary,phiusiil,r05,rf,unfiltered,f_single_minus_f_all,pr_auc,0.010910416706013282
iscx_url2016_binary,phiusiil,r05,rf,unfiltered,f_single_minus_f_all,recall,-0.010738627357743002
iscx_url2016_binary,phiusiil,r05,rf,unfiltered,f_single_minus_f_all,fpr,0.0
iscx_url2016_binary,phiusiil,r05,rf,unfiltered,f_single_minus_f_all,balanced_accuracy,-0.00536931367887139
iscx_url2016_binary,phiusiil,r05,rf,unfiltered,f_stable_minus_f_all,macro_f1,-0.002070926058812761
iscx_url2016_binary,phiusiil,r05,rf,unfiltered,f_stable_minus_f_all,roc_auc,0.025320765079562935
iscx_url2016_binary,phiusiil,r05,rf,unfiltered,f_stable_minus_f_all,pr_auc,0.012952710926529665
iscx_url2016_binary,phiusiil,r05,rf,unfiltered,f_stable_minus_f_all,recall,-0.00973807259470616
iscx_url2016_binary,phiusiil,r05,rf,unfiltered,f_stable_minus_f_all,fpr,0.0
iscx_url2016_binary,phiusiil,r05,rf,unfiltered,f_stable_minus_f_all,balanced_accuracy,-0.004869036297352969
iscx_url2016_binary,phiusiil,r05,rf,unfiltered,f_stable_minus_f_single,macro_f1,0.0002134714765704704
iscx_url2016_binary,phiusiil,r05,rf,unfiltered,f_stable_minus_f_single,roc_auc,0.005106081492328274
iscx_url2016_binary,phiusiil,r05,rf,unfiltered,f_stable_minus_f_single,pr_auc,0.002042294220516383
iscx_url2016_binary,phiusiil,r05,rf,unfiltered,f_stable_minus_f_single,recall,0.0010005547630368428
iscx_url2016_binary,phiusiil,r05,rf,unfiltered,f_stable_minus_f_single,fpr,0.0
iscx_url2016_binary,phiusiil,r05,rf,unfiltered,f_stable_minus_f_single,balanced_accuracy,0.0005002773815184214
iscx_url2016_binary,phiusiil,r05,xgb,primary_domain_filtered,f_single_minus_f_all,macro_f1,0.0008599239393436986
iscx_url2016_binary,phiusiil,r05,xgb,primary_domain_filtered,f_single_minus_f_all,roc_auc,-0.10696745031876642
iscx_url2016_binary,phiusiil,r05,xgb,primary_domain_filtered,f_single_minus_f_all,pr_auc,-0.10804090619113194
iscx_url2016_binary,phiusiil,r05,xgb,primary_domain_filtered,f_single_minus_f_all,recall,0.004070665142673957
iscx_url2016_binary,phiusiil,r05,xgb,primary_domain_filtered,f_single_minus_f_all,fpr,0.0
iscx_url2016_binary,phiusiil,r05,xgb,primary_domain_filtered,f_single_minus_f_all,balanced_accuracy,0.0020353325713369785
iscx_url2016_binary,phiusiil,r05,xgb,primary_domain_filtered,f_stable_minus_f_all,macro_f1,0.0009297270795878831
iscx_url2016_binary,phiusiil,r05,xgb,primary_domain_filtered,f_stable_minus_f_all,roc_auc,-0.10991010191692585
iscx_url2016_binary,phiusiil,r05,xgb,primary_domain_filtered,f_stable_minus_f_all,pr_auc,-0.09300957144735505
iscx_url2016_binary,phiusiil,r05,xgb,primary_domain_filtered,f_stable_minus_f_all,recall,0.004401532013876497
iscx_url2016_binary,phiusiil,r05,xgb,primary_domain_filtered,f_stable_minus_f_all,fpr,0.0
iscx_url2016_binary,phiusiil,r05,xgb,primary_domain_filtered,f_stable_minus_f_all,balanced_accuracy,0.0022007660069382484
iscx_url2016_binary,phiusiil,r05,xgb,primary_domain_filtered,f_stable_minus_f_single,macro_f1,6.980314024418455e-05
iscx_url2016_binary,phiusiil,r05,xgb,primary_domain_filtered,f_stable_minus_f_single,roc_auc,-0.0029426515981594292
iscx_url2016_binary,phiusiil,r05,xgb,primary_domain_filtered,f_stable_minus_f_single,pr_auc,0.01503133474377688
iscx_url2016_binary,phiusiil,r05,xgb,primary_domain_filtered,f_stable_minus_f_single,recall,0.00033086687120253977
iscx_url2016_binary,phiusiil,r05,xgb,primary_domain_filtered,f_stable_minus_f_single,fpr,0.0
iscx_url2016_binary,phiusiil,r05,xgb,primary_domain_filtered,f_stable_minus_f_single,balanced_accuracy,0.00016543343560126988
iscx_url2016_binary,phiusiil,r05,xgb,unfiltered,f_single_minus_f_all,macro_f1,0.0008601921805940771
iscx_url2016_binary,phiusiil,r05,xgb,unfiltered,f_single_minus_f_all,roc_auc,-0.10719338565404374
iscx_url2016_binary,phiusiil,r05,xgb,unfiltered,f_single_minus_f_all,pr_auc,-0.10841717797845285
iscx_url2016_binary,phiusiil,r05,xgb,unfiltered,f_single_minus_f_all,recall,0.004061657948961739
iscx_url2016_binary,phiusiil,r05,xgb,unfiltered,f_single_minus_f_all,fpr,0.0
iscx_url2016_binary,phiusiil,r05,xgb,unfiltered,f_single_minus_f_all,balanced_accuracy,0.0020308289744808694
iscx_url2016_binary,phiusiil,r05,xgb,unfiltered,f_stable_minus_f_all,macro_f1,0.0009293357367408106
iscx_url2016_binary,phiusiil,r05,xgb,unfiltered,f_stable_minus_f_all,roc_auc,-0.10960704774689839
iscx_url2016_binary,phiusiil,r05,xgb,unfiltered,f_stable_minus_f_all,pr_auc,-0.09246628125561573
iscx_url2016_binary,phiusiil,r05,xgb,unfiltered,f_stable_minus_f_all,recall,0.004388571881439152
iscx_url2016_binary,phiusiil,r05,xgb,unfiltered,f_stable_minus_f_all,fpr,0.0
iscx_url2016_binary,phiusiil,r05,xgb,unfiltered,f_stable_minus_f_all,balanced_accuracy,0.002194285940719576
iscx_url2016_binary,phiusiil,r05,xgb,unfiltered,f_stable_minus_f_single,macro_f1,6.914355614673351e-05
iscx_url2016_binary,phiusiil,r05,xgb,unfiltered,f_stable_minus_f_single,roc_auc,-0.0024136620928546515
iscx_url2016_binary,phiusiil,r05,xgb,unfiltered,f_stable_minus_f_single,pr_auc,0.015950896722837116
iscx_url2016_binary,phiusiil,r05,xgb,unfiltered,f_stable_minus_f_single,recall,0.00032691393247741285
iscx_url2016_binary,phiusiil,r05,xgb,unfiltered,f_stable_minus_f_single,fpr,0.0
iscx_url2016_binary,phiusiil,r05,xgb,unfiltered,f_stable_minus_f_single,balanced_accuracy,0.00016345696623870642
iscx_url2016_binary,phiusiil,r06,lr,primary_domain_filtered,f_single_minus_f_all,macro_f1,-0.0014576749331622896
iscx_url2016_binary,phiusiil,r06,lr,primary_domain_filtered,f_single_minus_f_all,roc_auc,-0.05511877627083317
iscx_url2016_binary,phiusiil,r06,lr,primary_domain_filtered,f_single_minus_f_all,pr_auc,-0.03314223009961459
iscx_url2016_binary,phiusiil,r06,lr,primary_domain_filtered,f_single_minus_f_all,recall,-0.006493835415210314
iscx_url2016_binary,phiusiil,r06,lr,primary_domain_filtered,f_single_minus_f_all,fpr,5.937404908762378e-05
iscx_url2016_binary,phiusiil,r06,lr,primary_domain_filtered,f_single_minus_f_all,balanced_accuracy,-0.003276604732148858
iscx_url2016_binary,phiusiil,r06,lr,primary_domain_filtered,f_stable_minus_f_all,macro_f1,-0.0060576275418045555
iscx_url2016_binary,phiusiil,r06,lr,primary_domain_filtered,f_stable_minus_f_all,roc_auc,-0.081839356939794
iscx_url2016_binary,phiusiil,r06,lr,primary_domain_filtered,f_stable_minus_f_all,pr_auc,-0.05987520638611393
iscx_url2016_binary,phiusiil,r06,lr,primary_domain_filtered,f_stable_minus_f_all,recall,-0.027758360433192464
iscx_url2016_binary,phiusiil,r06,lr,primary_domain_filtered,f_stable_minus_f_all,fpr,5.937404908762378e-05
iscx_url2016_binary,phiusiil,r06,lr,primary_domain_filtered,f_stable_minus_f_all,balanced_accuracy,-0.013908867241139933
iscx_url2016_binary,phiusiil,r06,lr,primary_domain_filtered,f_stable_minus_f_single,macro_f1,-0.004599952608642266
iscx_url2016_binary,phiusiil,r06,lr,primary_domain_filtered,f_stable_minus_f_single,roc_auc,-0.026720580668960825
iscx_url2016_binary,phiusiil,r06,lr,primary_domain_filtered,f_stable_minus_f_single,pr_auc,-0.026732976286499344
iscx_url2016_binary,phiusiil,r06,lr,primary_domain_filtered,f_stable_minus_f_single,recall,-0.02126452501798215
iscx_url2016_binary,phiusiil,r06,lr,primary_domain_filtered,f_stable_minus_f_single,fpr,0.0
iscx_url2016_binary,phiusiil,r06,lr,primary_domain_filtered,f_stable_minus_f_single,balanced_accuracy,-0.010632262508991075
iscx_url2016_binary,phiusiil,r06,lr,unfiltered,f_single_minus_f_all,macro_f1,-0.0014936498935711473
iscx_url2016_binary,phiusiil,r06,lr,unfiltered,f_single_minus_f_all,roc_auc,-0.055109536349646604
iscx_url2016_binary,phiusiil,r06,lr,unfiltered,f_single_minus_f_all,pr_auc,-0.033130242203200544
iscx_url2016_binary,phiusiil,r06,lr,unfiltered,f_single_minus_f_all,recall,-0.006617530511967007
iscx_url2016_binary,phiusiil,r06,lr,unfiltered,f_single_minus_f_all,fpr,5.932561605959119e-05
iscx_url2016_binary,phiusiil,r06,lr,unfiltered,f_single_minus_f_all,balanced_accuracy,-0.003338428064013188
iscx_url2016_binary,phiusiil,r06,lr,unfiltered,f_stable_minus_f_all,macro_f1,-0.005996227231287454
iscx_url2016_binary,phiusiil,r06,lr,unfiltered,f_stable_minus_f_all,roc_auc,-0.08109025824581007
iscx_url2016_binary,phiusiil,r06,lr,unfiltered,f_stable_minus_f_all,pr_auc,-0.059078727974587075
iscx_url2016_binary,phiusiil,r06,lr,unfiltered,f_stable_minus_f_all,recall,-0.027292360120462877
iscx_url2016_binary,phiusiil,r06,lr,unfiltered,f_stable_minus_f_all,fpr,5.932561605959119e-05
iscx_url2016_binary,phiusiil,r06,lr,unfiltered,f_stable_minus_f_all,balanced_accuracy,-0.013675842868261123
iscx_url2016_binary,phiusiil,r06,lr,unfiltered,f_stable_minus_f_single,macro_f1,-0.004502577337716307
iscx_url2016_binary,phiusiil,r06,lr,unfiltered,f_stable_minus_f_single,roc_auc,-0.02598072189616346
iscx_url2016_binary,phiusiil,r06,lr,unfiltered,f_stable_minus_f_single,pr_auc,-0.02594848577138653
iscx_url2016_binary,phiusiil,r06,lr,unfiltered,f_stable_minus_f_single,recall,-0.02067482960849587
iscx_url2016_binary,phiusiil,r06,lr,unfiltered,f_stable_minus_f_single,fpr,0.0
iscx_url2016_binary,phiusiil,r06,lr,unfiltered,f_stable_minus_f_single,balanced_accuracy,-0.010337414804247935
iscx_url2016_binary,phiusiil,r06,rf,primary_domain_filtered,f_single_minus_f_all,macro_f1,-0.0017838769829447987
iscx_url2016_binary,phiusiil,r06,rf,primary_domain_filtered,f_single_minus_f_all,roc_auc,0.062113553533393484
iscx_url2016_binary,phiusiil,r06,rf,primary_domain_filtered,f_single_minus_f_all,pr_auc,0.028796552211187765
iscx_url2016_binary,phiusiil,r06,rf,primary_domain_filtered,f_single_minus_f_all,recall,-0.00845920838018821
iscx_url2016_binary,phiusiil,r06,rf,primary_domain_filtered,f_single_minus_f_all,fpr,0.0
iscx_url2016_binary,phiusiil,r06,rf,primary_domain_filtered,f_single_minus_f_all,balanced_accuracy,-0.004229604190094105
iscx_url2016_binary,phiusiil,r06,rf,primary_domain_filtered,f_stable_minus_f_all,macro_f1,-0.0031873832561051807
iscx_url2016_binary,phiusiil,r06,rf,primary_domain_filtered,f_stable_minus_f_all,roc_auc,0.02423906576412571
iscx_url2016_binary,phiusiil,r06,rf,primary_domain_filtered,f_stable_minus_f_all,pr_auc,0.010567359511792718
iscx_url2016_binary,phiusiil,r06,rf,primary_domain_filtered,f_stable_minus_f_all,recall,-0.015084744045628984
iscx_url2016_binary,phiusiil,r06,rf,primary_domain_filtered,f_stable_minus_f_all,fpr,0.0
iscx_url2016_binary,phiusiil,r06,rf,primary_domain_filtered,f_stable_minus_f_all,balanced_accuracy,-0.007542372022814492
iscx_url2016_binary,phiusiil,r06,rf,primary_domain_filtered,f_stable_minus_f_single,macro_f1,-0.001403506273160382
iscx_url2016_binary,phiusiil,r06,rf,primary_domain_filtered,f_stable_minus_f_single,roc_auc,-0.03787448776926777
iscx_url2016_binary,phiusiil,r06,rf,primary_domain_filtered,f_stable_minus_f_single,pr_auc,-0.018229192699395047
iscx_url2016_binary,phiusiil,r06,rf,primary_domain_filtered,f_stable_minus_f_single,recall,-0.006625535665440774
iscx_url2016_binary,phiusiil,r06,rf,primary_domain_filtered,f_stable_minus_f_single,fpr,0.0
iscx_url2016_binary,phiusiil,r06,rf,primary_domain_filtered,f_stable_minus_f_single,balanced_accuracy,-0.003312767832720387
iscx_url2016_binary,phiusiil,r06,rf,unfiltered,f_single_minus_f_all,macro_f1,-0.0017550541227234762
iscx_url2016_binary,phiusiil,r06,rf,unfiltered,f_single_minus_f_all,roc_auc,0.06182670330932055
iscx_url2016_binary,phiusiil,r06,rf,unfiltered,f_single_minus_f_all,pr_auc,0.0287786201704896
iscx_url2016_binary,phiusiil,r06,rf,unfiltered,f_single_minus_f_all,recall,-0.0082818196227612
iscx_url2016_binary,phiusiil,r06,rf,unfiltered,f_single_minus_f_all,fpr,0.0
iscx_url2016_binary,phiusiil,r06,rf,unfiltered,f_single_minus_f_all,balanced_accuracy,-0.0041409098113806
iscx_url2016_binary,phiusiil,r06,rf,unfiltered,f_stable_minus_f_all,macro_f1,-0.0031489409951274694
iscx_url2016_binary,phiusiil,r06,rf,unfiltered,f_stable_minus_f_all,roc_auc,0.023630223447737242
iscx_url2016_binary,phiusiil,r06,rf,unfiltered,f_stable_minus_f_all,pr_auc,0.01032371708544444
iscx_url2016_binary,phiusiil,r06,rf,unfiltered,f_stable_minus_f_all,recall,-0.014830004755111759
iscx_url2016_binary,phiusiil,r06,rf,unfiltered,f_stable_minus_f_all,fpr,0.0
iscx_url2016_binary,phiusiil,r06,rf,unfiltered,f_stable_minus_f_all,balanced_accuracy,-0.007415002377555879
iscx_url2016_binary,phiusiil,r06,rf,unfiltered,f_stable_minus_f_single,macro_f1,-0.0013938868724039932
iscx_url2016_binary,phiusiil,r06,rf,unfiltered,f_stable_minus_f_single,roc_auc,-0.03819647986158331
iscx_url2016_binary,phiusiil,r06,rf,unfiltered,f_stable_minus_f_single,pr_auc,-0.01845490308504516
iscx_url2016_binary,phiusiil,r06,rf,unfiltered,f_stable_minus_f_single,recall,-0.006548185132350559
iscx_url2016_binary,phiusiil,r06,rf,unfiltered,f_stable_minus_f_single,fpr,0.0
iscx_url2016_binary,phiusiil,r06,rf,unfiltered,f_stable_minus_f_single,balanced_accuracy,-0.0032740925661752796
iscx_url2016_binary,phiusiil,r06,xgb,primary_domain_filtered,f_single_minus_f_all,macro_f1,-9.16289701772266e-05
iscx_url2016_binary,phiusiil,r06,xgb,primary_domain_filtered,f_single_minus_f_all,roc_auc,-0.004082548470854985
iscx_url2016_binary,phiusiil,r06,xgb,primary_domain_filtered,f_single_minus_f_all,pr_auc,0.010206332862246315
iscx_url2016_binary,phiusiil,r06,xgb,primary_domain_filtered,f_single_minus_f_all,recall,-0.00043562390460860634
iscx_url2016_binary,phiusiil,r06,xgb,primary_domain_filtered,f_single_minus_f_all,fpr,0.0
iscx_url2016_binary,phiusiil,r06,xgb,primary_domain_filtered,f_single_minus_f_all,balanced_accuracy,-0.00021781195230419215
iscx_url2016_binary,phiusiil,r06,xgb,primary_domain_filtered,f_stable_minus_f_all,macro_f1,-0.00013212377445820378
iscx_url2016_binary,phiusiil,r06,xgb,primary_domain_filtered,f_stable_minus_f_all,roc_auc,-0.02676763644046337
iscx_url2016_binary,phiusiil,r06,xgb,primary_domain_filtered,f_stable_minus_f_all,pr_auc,0.04706618527222406
iscx_url2016_binary,phiusiil,r06,xgb,primary_domain_filtered,f_stable_minus_f_all,recall,-0.0006281088857146289
iscx_url2016_binary,phiusiil,r06,xgb,primary_domain_filtered,f_stable_minus_f_all,fpr,0.0
iscx_url2016_binary,phiusiil,r06,xgb,primary_domain_filtered,f_stable_minus_f_all,balanced_accuracy,-0.0003140544428572034
iscx_url2016_binary,phiusiil,r06,xgb,primary_domain_filtered,f_stable_minus_f_single,macro_f1,-4.049480428097718e-05
iscx_url2016_binary,phiusiil,r06,xgb,primary_domain_filtered,f_stable_minus_f_single,roc_auc,-0.022685087969608386
iscx_url2016_binary,phiusiil,r06,xgb,primary_domain_filtered,f_stable_minus_f_single,pr_auc,0.036859852409977745
iscx_url2016_binary,phiusiil,r06,xgb,primary_domain_filtered,f_stable_minus_f_single,recall,-0.00019248498110602252
iscx_url2016_binary,phiusiil,r06,xgb,primary_domain_filtered,f_stable_minus_f_single,fpr,0.0
iscx_url2016_binary,phiusiil,r06,xgb,primary_domain_filtered,f_stable_minus_f_single,balanced_accuracy,-9.624249055301126e-05
iscx_url2016_binary,phiusiil,r06,xgb,unfiltered,f_single_minus_f_all,macro_f1,-9.00403121993909e-05
iscx_url2016_binary,phiusiil,r06,xgb,unfiltered,f_single_minus_f_all,roc_auc,-0.004255526279812127
iscx_url2016_binary,phiusiil,r06,xgb,unfiltered,f_single_minus_f_all,pr_auc,0.009674922494326277
iscx_url2016_binary,phiusiil,r06,xgb,unfiltered,f_single_minus_f_all,recall,-0.000425978760500767
iscx_url2016_binary,phiusiil,r06,xgb,unfiltered,f_single_minus_f_all,fpr,0.0
iscx_url2016_binary,phiusiil,r06,xgb,unfiltered,f_single_minus_f_all,balanced_accuracy,-0.0002129893802503835
iscx_url2016_binary,phiusiil,r06,xgb,unfiltered,f_stable_minus_f_all,macro_f1,-0.00013402187560024315
iscx_url2016_binary,phiusiil,r06,xgb,unfiltered,f_stable_minus_f_all,roc_auc,-0.026770973546183352
iscx_url2016_binary,phiusiil,r06,xgb,unfiltered,f_stable_minus_f_all,pr_auc,0.0464831768635095
iscx_url2016_binary,phiusiil,r06,xgb,unfiltered,f_stable_minus_f_all,recall,-0.0006340148993499994
iscx_url2016_binary,phiusiil,r06,xgb,unfiltered,f_stable_minus_f_all,fpr,0.0
iscx_url2016_binary,phiusiil,r06,xgb,unfiltered,f_stable_minus_f_all,balanced_accuracy,-0.0003170074496749997
iscx_url2016_binary,phiusiil,r06,xgb,unfiltered,f_stable_minus_f_single,macro_f1,-4.398156340085224e-05
iscx_url2016_binary,phiusiil,r06,xgb,unfiltered,f_stable_minus_f_single,roc_auc,-0.022515447266371225
iscx_url2016_binary,phiusiil,r06,xgb,unfiltered,f_stable_minus_f_single,pr_auc,0.036808254369183224
iscx_url2016_binary,phiusiil,r06,xgb,unfiltered,f_stable_minus_f_single,recall,-0.00020803613884923244
iscx_url2016_binary,phiusiil,r06,xgb,unfiltered,f_stable_minus_f_single,fpr,0.0
iscx_url2016_binary,phiusiil,r06,xgb,unfiltered,f_stable_minus_f_single,balanced_accuracy,-0.00010401806942461622
iscx_url2016_binary,phiusiil,r07,lr,primary_domain_filtered,f_single_minus_f_all,macro_f1,-0.002531737374432852
iscx_url2016_binary,phiusiil,r07,lr,primary_domain_filtered,f_single_minus_f_all,roc_auc,-0.08828556841525453
iscx_url2016_binary,phiusiil,r07,lr,primary_domain_filtered,f_single_minus_f_all,pr_auc,-0.05837653276067156
iscx_url2016_binary,phiusiil,r07,lr,primary_domain_filtered,f_single_minus_f_all,recall,-0.011455183749670361
iscx_url2016_binary,phiusiil,r07,lr,primary_domain_filtered,f_single_minus_f_all,fpr,6.679580522339634e-05
iscx_url2016_binary,phiusiil,r07,lr,primary_domain_filtered,f_single_minus_f_all,balanced_accuracy,-0.005760989777446768
iscx_url2016_binary,phiusiil,r07,lr,primary_domain_filtered,f_stable_minus_f_all,macro_f1,-0.005617861122427903
iscx_url2016_binary,phiusiil,r07,lr,primary_domain_filtered,f_stable_minus_f_all,roc_auc,-0.08265570921898086
iscx_url2016_binary,phiusiil,r07,lr,primary_domain_filtered,f_stable_minus_f_all,pr_auc,-0.057046145040238805
iscx_url2016_binary,phiusiil,r07,lr,primary_domain_filtered,f_stable_minus_f_all,recall,-0.025720895310375802
iscx_url2016_binary,phiusiil,r07,lr,primary_domain_filtered,f_stable_minus_f_all,fpr,6.679580522339634e-05
iscx_url2016_binary,phiusiil,r07,lr,primary_domain_filtered,f_stable_minus_f_all,balanced_accuracy,-0.012893845557799488
iscx_url2016_binary,phiusiil,r07,lr,primary_domain_filtered,f_stable_minus_f_single,macro_f1,-0.003086123747995051
iscx_url2016_binary,phiusiil,r07,lr,primary_domain_filtered,f_stable_minus_f_single,roc_auc,0.005629859196273679
iscx_url2016_binary,phiusiil,r07,lr,primary_domain_filtered,f_stable_minus_f_single,pr_auc,0.0013303877204327574
iscx_url2016_binary,phiusiil,r07,lr,primary_domain_filtered,f_stable_minus_f_single,recall,-0.01426571156070544
iscx_url2016_binary,phiusiil,r07,lr,primary_domain_filtered,f_stable_minus_f_single,fpr,0.0
iscx_url2016_binary,phiusiil,r07,lr,primary_domain_filtered,f_stable_minus_f_single,balanced_accuracy,-0.00713285578035272
iscx_url2016_binary,phiusiil,r07,lr,unfiltered,f_single_minus_f_all,macro_f1,-0.0023674645012946582
iscx_url2016_binary,phiusiil,r07,lr,unfiltered,f_single_minus_f_all,roc_auc,-0.0876331323693958
iscx_url2016_binary,phiusiil,r07,lr,unfiltered,f_single_minus_f_all,pr_auc,-0.05772150008129201
iscx_url2016_binary,phiusiil,r07,lr,unfiltered,f_single_minus_f_all,recall,-0.010609843081312409
iscx_url2016_binary,phiusiil,r07,lr,unfiltered,f_single_minus_f_all,fpr,6.674131806683192e-05
iscx_url2016_binary,phiusiil,r07,lr,unfiltered,f_single_minus_f_all,balanced_accuracy,-0.00533829219968962
iscx_url2016_binary,phiusiil,r07,lr,unfiltered,f_stable_minus_f_all,macro_f1,-0.005504884440947322
iscx_url2016_binary,phiusiil,r07,lr,unfiltered,f_stable_minus_f_all,roc_auc,-0.08184284444896467
iscx_url2016_binary,phiusiil,r07,lr,unfiltered,f_stable_minus_f_all,pr_auc,-0.05627432260058812
iscx_url2016_binary,phiusiil,r07,lr,unfiltered,f_stable_minus_f_all,recall,-0.025003962593120876
iscx_url2016_binary,phiusiil,r07,lr,unfiltered,f_stable_minus_f_all,fpr,6.674131806683192e-05
iscx_url2016_binary,phiusiil,r07,lr,unfiltered,f_stable_minus_f_all,balanced_accuracy,-0.012535351955593854
iscx_url2016_binary,phiusiil,r07,lr,unfiltered,f_stable_minus_f_single,macro_f1,-0.0031374199396526636
iscx_url2016_binary,phiusiil,r07,lr,unfiltered,f_stable_minus_f_single,roc_auc,0.005790287920431125
iscx_url2016_binary,phiusiil,r07,lr,unfiltered,f_stable_minus_f_single,pr_auc,0.0014471774807038873
iscx_url2016_binary,phiusiil,r07,lr,unfiltered,f_stable_minus_f_single,recall,-0.014394119511808467
iscx_url2016_binary,phiusiil,r07,lr,unfiltered,f_stable_minus_f_single,fpr,0.0
iscx_url2016_binary,phiusiil,r07,lr,unfiltered,f_stable_minus_f_single,balanced_accuracy,-0.007197059755904234
iscx_url2016_binary,phiusiil,r07,rf,primary_domain_filtered,f_single_minus_f_all,macro_f1,-0.0006088639215399705
iscx_url2016_binary,phiusiil,r07,rf,primary_domain_filtered,f_single_minus_f_all,roc_auc,-0.02722265036669025
iscx_url2016_binary,phiusiil,r07,rf,primary_domain_filtered,f_single_minus_f_all,pr_auc,-0.01304894265298584
iscx_url2016_binary,phiusiil,r07,rf,primary_domain_filtered,f_single_minus_f_all,recall,-0.002891698289332112
iscx_url2016_binary,phiusiil,r07,rf,primary_domain_filtered,f_single_minus_f_all,fpr,0.0
iscx_url2016_binary,phiusiil,r07,rf,primary_domain_filtered,f_single_minus_f_all,balanced_accuracy,-0.001445849144666056
iscx_url2016_binary,phiusiil,r07,rf,primary_domain_filtered,f_stable_minus_f_all,macro_f1,-0.0013430315954872096
iscx_url2016_binary,phiusiil,r07,rf,primary_domain_filtered,f_stable_minus_f_all,roc_auc,0.019127056109646934
iscx_url2016_binary,phiusiil,r07,rf,primary_domain_filtered,f_stable_minus_f_all,pr_auc,0.00799763068916376
iscx_url2016_binary,phiusiil,r07,rf,primary_domain_filtered,f_stable_minus_f_all,recall,-0.00637188254631782
iscx_url2016_binary,phiusiil,r07,rf,primary_domain_filtered,f_stable_minus_f_all,fpr,0.0
iscx_url2016_binary,phiusiil,r07,rf,primary_domain_filtered,f_stable_minus_f_all,balanced_accuracy,-0.00318594127315891
iscx_url2016_binary,phiusiil,r07,rf,primary_domain_filtered,f_stable_minus_f_single,macro_f1,-0.0007341676739472391
iscx_url2016_binary,phiusiil,r07,rf,primary_domain_filtered,f_stable_minus_f_single,roc_auc,0.04634970647633718
iscx_url2016_binary,phiusiil,r07,rf,primary_domain_filtered,f_stable_minus_f_single,pr_auc,0.0210465733421496
iscx_url2016_binary,phiusiil,r07,rf,primary_domain_filtered,f_stable_minus_f_single,recall,-0.0034801842569857078
iscx_url2016_binary,phiusiil,r07,rf,primary_domain_filtered,f_stable_minus_f_single,fpr,0.0
iscx_url2016_binary,phiusiil,r07,rf,primary_domain_filtered,f_stable_minus_f_single,balanced_accuracy,-0.0017400921284928539
iscx_url2016_binary,phiusiil,r07,rf,unfiltered,f_single_minus_f_all,macro_f1,-0.0005913302479580995
iscx_url2016_binary,phiusiil,r07,rf,unfiltered,f_single_minus_f_all,roc_auc,-0.02690965563672032
iscx_url2016_binary,phiusiil,r07,rf,unfiltered,f_single_minus_f_all,pr_auc,-0.012966169005878936
iscx_url2016_binary,phiusiil,r07,rf,unfiltered,f_single_minus_f_all,recall,-0.002793628150261518
iscx_url2016_binary,phiusiil,r07,rf,unfiltered,f_single_minus_f_all,fpr,0.0
iscx_url2016_binary,phiusiil,r07,rf,unfiltered,f_single_minus_f_all,balanced_accuracy,-0.001396814075130759
iscx_url2016_binary,phiusiil,r07,rf,unfiltered,f_stable_minus_f_all,macro_f1,-0.00131401782475693
iscx_url2016_binary,phiusiil,r07,rf,unfiltered,f_stable_minus_f_all,roc_auc,0.01984851232678142
iscx_url2016_binary,phiusiil,r07,rf,unfiltered,f_stable_minus_f_all,pr_auc,0.00842473325295412
iscx_url2016_binary,phiusiil,r07,rf,unfiltered,f_stable_minus_f_all,recall,-0.006201458234268542
iscx_url2016_binary,phiusiil,r07,rf,unfiltered,f_stable_minus_f_all,fpr,0.0
iscx_url2016_binary,phiusiil,r07,rf,unfiltered,f_stable_minus_f_all,balanced_accuracy,-0.003100729117134271
iscx_url2016_binary,phiusiil,r07,rf,unfiltered,f_stable_minus_f_single,macro_f1,-0.0007226875767988306
iscx_url2016_binary,phiusiil,r07,rf,unfiltered,f_stable_minus_f_single,roc_auc,0.04675816796350174
iscx_url2016_binary,phiusiil,r07,rf,unfiltered,f_stable_minus_f_single,pr_auc,0.021390902258833056
iscx_url2016_binary,phiusiil,r07,rf,unfiltered,f_stable_minus_f_single,recall,-0.003407830084007024
iscx_url2016_binary,phiusiil,r07,rf,unfiltered,f_stable_minus_f_single,fpr,0.0
iscx_url2016_binary,phiusiil,r07,rf,unfiltered,f_stable_minus_f_single,balanced_accuracy,-0.001703915042003512
iscx_url2016_binary,phiusiil,r07,xgb,primary_domain_filtered,f_single_minus_f_all,macro_f1,6.613199922611557e-05
iscx_url2016_binary,phiusiil,r07,xgb,primary_domain_filtered,f_single_minus_f_all,roc_auc,0.01420794057118302
iscx_url2016_binary,phiusiil,r07,xgb,primary_domain_filtered,f_single_minus_f_all,pr_auc,0.06404599532562044
iscx_url2016_binary,phiusiil,r07,xgb,primary_domain_filtered,f_single_minus_f_all,recall,0.00031453560340111153
iscx_url2016_binary,phiusiil,r07,xgb,primary_domain_filtered,f_single_minus_f_all,fpr,0.0
iscx_url2016_binary,phiusiil,r07,xgb,primary_domain_filtered,f_single_minus_f_all,balanced_accuracy,0.00015726780170055576
iscx_url2016_binary,phiusiil,r07,xgb,primary_domain_filtered,f_stable_minus_f_all,macro_f1,0.0002601898214660281
iscx_url2016_binary,phiusiil,r07,xgb,primary_domain_filtered,f_stable_minus_f_all,roc_auc,0.11485969816580321
iscx_url2016_binary,phiusiil,r07,xgb,primary_domain_filtered,f_stable_minus_f_all,pr_auc,0.09567505197285775
iscx_url2016_binary,phiusiil,r07,xgb,primary_domain_filtered,f_stable_minus_f_all,recall,0.001237849794029966
iscx_url2016_binary,phiusiil,r07,xgb,primary_domain_filtered,f_stable_minus_f_all,fpr,0.0
iscx_url2016_binary,phiusiil,r07,xgb,primary_domain_filtered,f_stable_minus_f_all,balanced_accuracy,0.000618924897014983
iscx_url2016_binary,phiusiil,r07,xgb,primary_domain_filtered,f_stable_minus_f_single,macro_f1,0.00019405782223991253
iscx_url2016_binary,phiusiil,r07,xgb,primary_domain_filtered,f_stable_minus_f_single,roc_auc,0.1006517575946202
iscx_url2016_binary,phiusiil,r07,xgb,primary_domain_filtered,f_stable_minus_f_single,pr_auc,0.03162905664723731
iscx_url2016_binary,phiusiil,r07,xgb,primary_domain_filtered,f_stable_minus_f_single,recall,0.0009233141906288544
iscx_url2016_binary,phiusiil,r07,xgb,primary_domain_filtered,f_stable_minus_f_single,fpr,0.0
iscx_url2016_binary,phiusiil,r07,xgb,primary_domain_filtered,f_stable_minus_f_single,balanced_accuracy,0.0004616570953144272
iscx_url2016_binary,phiusiil,r07,xgb,unfiltered,f_single_minus_f_all,macro_f1,6.490968813654963e-05
iscx_url2016_binary,phiusiil,r07,xgb,unfiltered,f_single_minus_f_all,roc_auc,0.013654017589796008
iscx_url2016_binary,phiusiil,r07,xgb,unfiltered,f_single_minus_f_all,pr_auc,0.0633182344191176
iscx_url2016_binary,phiusiil,r07,xgb,unfiltered,f_single_minus_f_all,recall,0.00030710096687280863
iscx_url2016_binary,phiusiil,r07,xgb,unfiltered,f_single_minus_f_all,fpr,0.0
iscx_url2016_binary,phiusiil,r07,xgb,unfiltered,f_single_minus_f_all,balanced_accuracy,0.00015355048343640432
iscx_url2016_binary,phiusiil,r07,xgb,unfiltered,f_stable_minus_f_all,macro_f1,0.0002553817807426917
iscx_url2016_binary,phiusiil,r07,xgb,unfiltered,f_stable_minus_f_all,roc_auc,0.1149400196079553
iscx_url2016_binary,phiusiil,r07,xgb,unfiltered,f_stable_minus_f_all,pr_auc,0.09551607916934185
iscx_url2016_binary,phiusiil,r07,xgb,unfiltered,f_stable_minus_f_all,recall,0.0012085909018862973
iscx_url2016_binary,phiusiil,r07,xgb,unfiltered,f_stable_minus_f_all,fpr,0.0
iscx_url2016_binary,phiusiil,r07,xgb,unfiltered,f_stable_minus_f_all,balanced_accuracy,0.0006042954509431486
iscx_url2016_binary,phiusiil,r07,xgb,unfiltered,f_stable_minus_f_single,macro_f1,0.00019047209260614206
iscx_url2016_binary,phiusiil,r07,xgb,unfiltered,f_stable_minus_f_single,roc_auc,0.1012860020181593
iscx_url2016_binary,phiusiil,r07,xgb,unfiltered,f_stable_minus_f_single,pr_auc,0.03219784475022425
iscx_url2016_binary,phiusiil,r07,xgb,unfiltered,f_stable_minus_f_single,recall,0.0009014899350134886
iscx_url2016_binary,phiusiil,r07,xgb,unfiltered,f_stable_minus_f_single,fpr,0.0
iscx_url2016_binary,phiusiil,r07,xgb,unfiltered,f_stable_minus_f_single,balanced_accuracy,0.0004507449675067443
iscx_url2016_binary,phiusiil,r08,lr,primary_domain_filtered,f_single_minus_f_all,macro_f1,-0.00014512217471379651
iscx_url2016_binary,phiusiil,r08,lr,primary_domain_filtered,f_single_minus_f_all,roc_auc,0.005389770082563028
iscx_url2016_binary,phiusiil,r08,lr,primary_domain_filtered,f_single_minus_f_all,pr_auc,0.009470507508471615
iscx_url2016_binary,phiusiil,r08,lr,primary_domain_filtered,f_single_minus_f_all,recall,-0.00041148546251967844
iscx_url2016_binary,phiusiil,r08,lr,primary_domain_filtered,f_single_minus_f_all,fpr,5.195229295151815e-05
iscx_url2016_binary,phiusiil,r08,lr,primary_domain_filtered,f_single_minus_f_all,balanced_accuracy,-0.0002317188777355983
iscx_url2016_binary,phiusiil,r08,lr,primary_domain_filtered,f_stable_minus_f_all,macro_f1,0.005016796845969451
iscx_url2016_binary,phiusiil,r08,lr,primary_domain_filtered,f_stable_minus_f_all,roc_auc,0.00788847662131853
iscx_url2016_binary,phiusiil,r08,lr,primary_domain_filtered,f_stable_minus_f_all,pr_auc,-0.0036154968102408147
iscx_url2016_binary,phiusiil,r08,lr,primary_domain_filtered,f_stable_minus_f_all,recall,0.02379590321059033
iscx_url2016_binary,phiusiil,r08,lr,primary_domain_filtered,f_stable_minus_f_all,fpr,9.648282976715272e-05
iscx_url2016_binary,phiusiil,r08,lr,primary_domain_filtered,f_stable_minus_f_all,balanced_accuracy,0.011849710190411589
iscx_url2016_binary,phiusiil,r08,lr,primary_domain_filtered,f_stable_minus_f_single,macro_f1,0.005161919020683248
iscx_url2016_binary,phiusiil,r08,lr,primary_domain_filtered,f_stable_minus_f_single,roc_auc,0.002498706538755502
iscx_url2016_binary,phiusiil,r08,lr,primary_domain_filtered,f_stable_minus_f_single,pr_auc,-0.01308600431871243
iscx_url2016_binary,phiusiil,r08,lr,primary_domain_filtered,f_stable_minus_f_single,recall,0.02420738867311001
iscx_url2016_binary,phiusiil,r08,lr,primary_domain_filtered,f_stable_minus_f_single,fpr,4.453053681563457e-05
iscx_url2016_binary,phiusiil,r08,lr,primary_domain_filtered,f_stable_minus_f_single,balanced_accuracy,0.012081429068147187
iscx_url2016_binary,phiusiil,r08,lr,unfiltered,f_single_minus_f_all,macro_f1,0.00010148833495121634
iscx_url2016_binary,phiusiil,r08,lr,unfiltered,f_single_minus_f_all,roc_auc,0.005080881226088518
iscx_url2016_binary,phiusiil,r08,lr,unfiltered,f_single_minus_f_all,pr_auc,0.009118965910321186
iscx_url2016_binary,phiusiil,r08,lr,unfiltered,f_single_minus_f_all,recall,0.0007231732445711625
iscx_url2016_binary,phiusiil,r08,lr,unfiltered,f_single_minus_f_all,fpr,5.190991405201739e-05
iscx_url2016_binary,phiusiil,r08,lr,unfiltered,f_single_minus_f_all,balanced_accuracy,0.00033563166525957255
iscx_url2016_binary,phiusiil,r08,lr,unfiltered,f_stable_minus_f_all,macro_f1,0.00526394896276261
iscx_url2016_binary,phiusiil,r08,lr,unfiltered,f_stable_minus_f_all,roc_auc,0.007503583776988121
iscx_url2016_binary,phiusiil,r08,lr,unfiltered,f_stable_minus_f_all,pr_auc,-0.0037103125313676655
iscx_url2016_binary,phiusiil,r08,lr,unfiltered,f_stable_minus_f_all,recall,0.024865271833888092
iscx_url2016_binary,phiusiil,r08,lr,unfiltered,f_stable_minus_f_all,fpr,9.640412609657201e-05
iscx_url2016_binary,phiusiil,r08,lr,unfiltered,f_stable_minus_f_all,balanced_accuracy,0.01238443385389576
iscx_url2016_binary,phiusiil,r08,lr,unfiltered,f_stable_minus_f_single,macro_f1,0.005162460627811394
iscx_url2016_binary,phiusiil,r08,lr,unfiltered,f_stable_minus_f_single,roc_auc,0.0024227025508996025
iscx_url2016_binary,phiusiil,r08,lr,unfiltered,f_stable_minus_f_single,pr_auc,-0.012829278441688852
iscx_url2016_binary,phiusiil,r08,lr,unfiltered,f_stable_minus_f_single,recall,0.02414209858931693
iscx_url2016_binary,phiusiil,r08,lr,unfiltered,f_stable_minus_f_single,fpr,4.4494212044554615e-05
iscx_url2016_binary,phiusiil,r08,lr,unfiltered,f_stable_minus_f_single,balanced_accuracy,0.012048802188636187
iscx_url2016_binary,phiusiil,r08,rf,primary_domain_filtered,f_single_minus_f_all,macro_f1,-0.0014572525970318884
iscx_url2016_binary,phiusiil,r08,rf,primary_domain_filtered,f_single_minus_f_all,roc_auc,-0.014147988122485688
iscx_url2016_binary,phiusiil,r08,rf,primary_domain_filtered,f_single_minus_f_all,pr_auc,-0.007351100751167683
iscx_url2016_binary,phiusiil,r08,rf,primary_domain_filtered,f_single_minus_f_all,recall,-0.006864781862523817
iscx_url2016_binary,phiusiil,r08,rf,primary_domain_filtered,f_single_minus_f_all,fpr,0.0
iscx_url2016_binary,phiusiil,r08,rf,primary_domain_filtered,f_single_minus_f_all,balanced_accuracy,-0.0034323909312617973
iscx_url2016_binary,phiusiil,r08,rf,primary_domain_filtered,f_stable_minus_f_all,macro_f1,-0.0024299607130158773
iscx_url2016_binary,phiusiil,r08,rf,primary_domain_filtered,f_stable_minus_f_all,roc_auc,0.05431382586337036
iscx_url2016_binary,phiusiil,r08,rf,primary_domain_filtered,f_stable_minus_f_all,pr_auc,0.025308900650577226
iscx_url2016_binary,phiusiil,r08,rf,primary_domain_filtered,f_stable_minus_f_all,recall,-0.011431266873413115
iscx_url2016_binary,phiusiil,r08,rf,primary_domain_filtered,f_stable_minus_f_all,fpr,0.0
iscx_url2016_binary,phiusiil,r08,rf,primary_domain_filtered,f_stable_minus_f_all,balanced_accuracy,-0.0057156334367064465
iscx_url2016_binary,phiusiil,r08,rf,primary_domain_filtered,f_stable_minus_f_single,macro_f1,-0.000972708115983989
iscx_url2016_binary,phiusiil,r08,rf,primary_domain_filtered,f_stable_minus_f_single,roc_auc,0.06846181398585605
iscx_url2016_binary,phiusiil,r08,rf,primary_domain_filtered,f_stable_minus_f_single,pr_auc,0.03266000140174491
iscx_url2016_binary,phiusiil,r08,rf,primary_domain_filtered,f_stable_minus_f_single,recall,-0.0045664850108892985
iscx_url2016_binary,phiusiil,r08,rf,primary_domain_filtered,f_stable_minus_f_single,fpr,0.0
iscx_url2016_binary,phiusiil,r08,rf,primary_domain_filtered,f_stable_minus_f_single,balanced_accuracy,-0.0022832425054446492
iscx_url2016_binary,phiusiil,r08,rf,unfiltered,f_single_minus_f_all,macro_f1,-0.0014444452537970554
iscx_url2016_binary,phiusiil,r08,rf,unfiltered,f_single_minus_f_all,roc_auc,-0.014385620663597332
iscx_url2016_binary,phiusiil,r08,rf,unfiltered,f_single_minus_f_all,pr_auc,-0.007475019840878838
iscx_url2016_binary,phiusiil,r08,rf,unfiltered,f_single_minus_f_all,recall,-0.00678594071960692
iscx_url2016_binary,phiusiil,r08,rf,unfiltered,f_single_minus_f_all,fpr,0.0
iscx_url2016_binary,phiusiil,r08,rf,unfiltered,f_single_minus_f_all,balanced_accuracy,-0.00339297035980346
iscx_url2016_binary,phiusiil,r08,rf,unfiltered,f_stable_minus_f_all,macro_f1,-0.0024135293737296837
iscx_url2016_binary,phiusiil,r08,rf,unfiltered,f_stable_minus_f_all,roc_auc,0.05365954015587998
iscx_url2016_binary,phiusiil,r08,rf,unfiltered,f_stable_minus_f_all,pr_auc,0.025082494122995347
iscx_url2016_binary,phiusiil,r08,rf,unfiltered,f_stable_minus_f_all,recall,-0.01132310984308127
iscx_url2016_binary,phiusiil,r08,rf,unfiltered,f_stable_minus_f_all,fpr,0.0
iscx_url2016_binary,phiusiil,r08,rf,unfiltered,f_stable_minus_f_all,balanced_accuracy,-0.005661554921540635
iscx_url2016_binary,phiusiil,r08,rf,unfiltered,f_stable_minus_f_single,macro_f1,-0.0009690841199326283
iscx_url2016_binary,phiusiil,r08,rf,unfiltered,f_stable_minus_f_single,roc_auc,0.06804516081947731
iscx_url2016_binary,phiusiil,r08,rf,unfiltered,f_stable_minus_f_single,pr_auc,0.032557513963874185
iscx_url2016_binary,phiusiil,r08,rf,unfiltered,f_stable_minus_f_single,recall,-0.004537169123474349
iscx_url2016_binary,phiusiil,r08,rf,unfiltered,f_stable_minus_f_single,fpr,0.0
iscx_url2016_binary,phiusiil,r08,rf,unfiltered,f_stable_minus_f_single,balanced_accuracy,-0.0022685845617371747
iscx_url2016_binary,phiusiil,r08,xgb,primary_domain_filtered,f_single_minus_f_all,macro_f1,0.0007650101091670747
iscx_url2016_binary,phiusiil,r08,xgb,primary_domain_filtered,f_single_minus_f_all,roc_auc,0.010677643808603032
iscx_url2016_binary,phiusiil,r08,xgb,primary_domain_filtered,f_single_minus_f_all,pr_auc,0.02606129326023654
iscx_url2016_binary,phiusiil,r08,xgb,primary_domain_filtered,f_single_minus_f_all,recall,0.0036230793163319897
iscx_url2016_binary,phiusiil,r08,xgb,primary_domain_filtered,f_single_minus_f_all,fpr,0.0
iscx_url2016_binary,phiusiil,r08,xgb,primary_domain_filtered,f_single_minus_f_all,balanced_accuracy,0.0018115396581659948
iscx_url2016_binary,phiusiil,r08,xgb,primary_domain_filtered,f_stable_minus_f_all,macro_f1,0.0007544257376105312
iscx_url2016_binary,phiusiil,r08,xgb,primary_domain_filtered,f_stable_minus_f_all,roc_auc,0.026170031223712364
iscx_url2016_binary,phiusiil,r08,xgb,primary_domain_filtered,f_stable_minus_f_all,pr_auc,0.03647467311485364
iscx_url2016_binary,phiusiil,r08,xgb,primary_domain_filtered,f_stable_minus_f_all,recall,0.003572898162366167
iscx_url2016_binary,phiusiil,r08,xgb,primary_domain_filtered,f_stable_minus_f_all,fpr,0.0
iscx_url2016_binary,phiusiil,r08,xgb,primary_domain_filtered,f_stable_minus_f_all,balanced_accuracy,0.0017864490811830835
iscx_url2016_binary,phiusiil,r08,xgb,primary_domain_filtered,f_stable_minus_f_single,macro_f1,-1.058437155654346e-05
iscx_url2016_binary,phiusiil,r08,xgb,primary_domain_filtered,f_stable_minus_f_single,roc_auc,0.015492387415109332
iscx_url2016_binary,phiusiil,r08,xgb,primary_domain_filtered,f_stable_minus_f_single,pr_auc,0.0104133798546171
iscx_url2016_binary,phiusiil,r08,xgb,primary_domain_filtered,f_stable_minus_f_single,recall,-5.018115396582257e-05
iscx_url2016_binary,phiusiil,r08,xgb,primary_domain_filtered,f_stable_minus_f_single,fpr,0.0
iscx_url2016_binary,phiusiil,r08,xgb,primary_domain_filtered,f_stable_minus_f_single,balanced_accuracy,-2.5090576982911283e-05
iscx_url2016_binary,phiusiil,r08,xgb,unfiltered,f_single_minus_f_all,macro_f1,0.000763500546256457
iscx_url2016_binary,phiusiil,r08,xgb,unfiltered,f_single_minus_f_all,roc_auc,0.009760685145030423
iscx_url2016_binary,phiusiil,r08,xgb,unfiltered,f_single_minus_f_all,pr_auc,0.025142870179170274
iscx_url2016_binary,phiusiil,r08,xgb,unfiltered,f_single_minus_f_all,recall,0.0036059597400540655
iscx_url2016_binary,phiusiil,r08,xgb,unfiltered,f_single_minus_f_all,fpr,0.0
iscx_url2016_binary,phiusiil,r08,xgb,unfiltered,f_single_minus_f_all,balanced_accuracy,0.0018029798700270327
iscx_url2016_binary,phiusiil,r08,xgb,unfiltered,f_stable_minus_f_all,macro_f1,0.0007530241249772973
iscx_url2016_binary,phiusiil,r08,xgb,unfiltered,f_stable_minus_f_all,roc_auc,0.025605647334065618
iscx_url2016_binary,phiusiil,r08,xgb,unfiltered,f_stable_minus_f_all,pr_auc,0.03596064858465148
iscx_url2016_binary,phiusiil,r08,xgb,unfiltered,f_stable_minus_f_all,recall,0.003556427326042333
iscx_url2016_binary,phiusiil,r08,xgb,unfiltered,f_stable_minus_f_all,fpr,0.0
iscx_url2016_binary,phiusiil,r08,xgb,unfiltered,f_stable_minus_f_all,balanced_accuracy,0.0017782136630211665
iscx_url2016_binary,phiusiil,r08,xgb,unfiltered,f_stable_minus_f_single,macro_f1,-1.0476421279159709e-05
iscx_url2016_binary,phiusiil,r08,xgb,unfiltered,f_stable_minus_f_single,roc_auc,0.015844962189035194
iscx_url2016_binary,phiusiil,r08,xgb,unfiltered,f_stable_minus_f_single,pr_auc,0.010817778405481204
iscx_url2016_binary,phiusiil,r08,xgb,unfiltered,f_stable_minus_f_single,recall,-4.9532414011732584e-05
iscx_url2016_binary,phiusiil,r08,xgb,unfiltered,f_stable_minus_f_single,fpr,0.0
iscx_url2016_binary,phiusiil,r08,xgb,unfiltered,f_stable_minus_f_single,balanced_accuracy,-2.4766207005866292e-05
iscx_url2016_binary,phiusiil,r09,lr,primary_domain_filtered,f_single_minus_f_all,macro_f1,0.0012760613492462936
iscx_url2016_binary,phiusiil,r09,lr,primary_domain_filtered,f_single_minus_f_all,roc_auc,-0.023640675897150742
iscx_url2016_binary,phiusiil,r09,lr,primary_domain_filtered,f_single_minus_f_all,pr_auc,-0.01986408906314746
iscx_url2016_binary,phiusiil,r09,lr,primary_domain_filtered,f_single_minus_f_all,recall,0.006135462167997208
iscx_url2016_binary,phiusiil,r09,lr,primary_domain_filtered,f_single_minus_f_all,fpr,3.71085052693898e-05
iscx_url2016_binary,phiusiil,r09,lr,primary_domain_filtered,f_single_minus_f_all,balanced_accuracy,0.003049176831363909
iscx_url2016_binary,phiusiil,r09,lr,primary_domain_filtered,f_stable_minus_f_all,macro_f1,0.0008672372517785076
iscx_url2016_binary,phiusiil,r09,lr,primary_domain_filtered,f_stable_minus_f_all,roc_auc,-0.0029852159059175487
iscx_url2016_binary,phiusiil,r09,lr,primary_domain_filtered,f_stable_minus_f_all,pr_auc,-0.008641823946459959
iscx_url2016_binary,phiusiil,r09,lr,primary_domain_filtered,f_stable_minus_f_all,recall,0.0042275443088819475
iscx_url2016_binary,phiusiil,r09,lr,primary_domain_filtered,f_stable_minus_f_all,fpr,3.71085052693898e-05
iscx_url2016_binary,phiusiil,r09,lr,primary_domain_filtered,f_stable_minus_f_all,balanced_accuracy,0.002095217901806279
iscx_url2016_binary,phiusiil,r09,lr,primary_domain_filtered,f_stable_minus_f_single,macro_f1,-0.0004088240974677859
iscx_url2016_binary,phiusiil,r09,lr,primary_domain_filtered,f_stable_minus_f_single,roc_auc,0.020655459991233194
iscx_url2016_binary,phiusiil,r09,lr,primary_domain_filtered,f_stable_minus_f_single,pr_auc,0.011222265116687502
iscx_url2016_binary,phiusiil,r09,lr,primary_domain_filtered,f_stable_minus_f_single,recall,-0.0019079178591152601
iscx_url2016_binary,phiusiil,r09,lr,primary_domain_filtered,f_stable_minus_f_single,fpr,0.0
iscx_url2016_binary,phiusiil,r09,lr,primary_domain_filtered,f_stable_minus_f_single,balanced_accuracy,-0.0009539589295576301
iscx_url2016_binary,phiusiil,r09,lr,unfiltered,f_single_minus_f_all,macro_f1,0.0013774726685666372
iscx_url2016_binary,phiusiil,r09,lr,unfiltered,f_single_minus_f_all,roc_auc,-0.02361702381552644
iscx_url2016_binary,phiusiil,r09,lr,unfiltered,f_single_minus_f_all,pr_auc,-0.01977273350248504
iscx_url2016_binary,phiusiil,r09,lr,unfiltered,f_single_minus_f_all,recall,0.006587811063560101
iscx_url2016_binary,phiusiil,r09,lr,unfiltered,f_single_minus_f_all,fpr,3.707851003720286e-05
iscx_url2016_binary,phiusiil,r09,lr,unfiltered,f_single_minus_f_all,balanced_accuracy,0.003275366276761449
iscx_url2016_binary,phiusiil,r09,lr,unfiltered,f_stable_minus_f_all,macro_f1,0.000964467392329138
iscx_url2016_binary,phiusiil,r09,lr,unfiltered,f_stable_minus_f_all,roc_auc,-0.0032096091127992166
iscx_url2016_binary,phiusiil,r09,lr,unfiltered,f_stable_minus_f_all,pr_auc,-0.008677412739239776
iscx_url2016_binary,phiusiil,r09,lr,unfiltered,f_stable_minus_f_all,recall,0.004665953399905054
iscx_url2016_binary,phiusiil,r09,lr,unfiltered,f_stable_minus_f_all,fpr,3.707851003720286e-05
iscx_url2016_binary,phiusiil,r09,lr,unfiltered,f_stable_minus_f_all,balanced_accuracy,0.0023144374449339256
iscx_url2016_binary,phiusiil,r09,lr,unfiltered,f_stable_minus_f_single,macro_f1,-0.00041300527623749916
iscx_url2016_binary,phiusiil,r09,lr,unfiltered,f_stable_minus_f_single,roc_auc,0.020407414702727222
iscx_url2016_binary,phiusiil,r09,lr,unfiltered,f_stable_minus_f_single,pr_auc,0.011095320763245264
iscx_url2016_binary,phiusiil,r09,lr,unfiltered,f_stable_minus_f_single,recall,-0.0019218576636550466
iscx_url2016_binary,phiusiil,r09,lr,unfiltered,f_stable_minus_f_single,fpr,0.0
iscx_url2016_binary,phiusiil,r09,lr,unfiltered,f_stable_minus_f_single,balanced_accuracy,-0.0009609288318275233
iscx_url2016_binary,phiusiil,r09,rf,primary_domain_filtered,f_single_minus_f_all,macro_f1,-0.003373790866940174
iscx_url2016_binary,phiusiil,r09,rf,primary_domain_filtered,f_single_minus_f_all,roc_auc,0.019597598886499645
iscx_url2016_binary,phiusiil,r09,rf,primary_domain_filtered,f_single_minus_f_all,pr_auc,0.009300795690563468
iscx_url2016_binary,phiusiil,r09,rf,primary_domain_filtered,f_single_minus_f_all,recall,-0.015885926595370803
iscx_url2016_binary,phiusiil,r09,rf,primary_domain_filtered,f_single_minus_f_all,fpr,0.0
iscx_url2016_binary,phiusiil,r09,rf,primary_domain_filtered,f_single_minus_f_all,balanced_accuracy,-0.007942963297685401
iscx_url2016_binary,phiusiil,r09,rf,primary_domain_filtered,f_stable_minus_f_all,macro_f1,-0.0031317356506749827
iscx_url2016_binary,phiusiil,r09,rf,primary_domain_filtered,f_stable_minus_f_all,roc_auc,0.03415198466988156
iscx_url2016_binary,phiusiil,r09,rf,primary_domain_filtered,f_stable_minus_f_all,pr_auc,0.01639304518951945
iscx_url2016_binary,phiusiil,r09,rf,primary_domain_filtered,f_stable_minus_f_all,recall,-0.014751217552844254
iscx_url2016_binary,phiusiil,r09,rf,primary_domain_filtered,f_stable_minus_f_all,fpr,0.0
iscx_url2016_binary,phiusiil,r09,rf,primary_domain_filtered,f_stable_minus_f_all,balanced_accuracy,-0.007375608776422127
iscx_url2016_binary,phiusiil,r09,rf,primary_domain_filtered,f_stable_minus_f_single,macro_f1,0.00024205521626519122
iscx_url2016_binary,phiusiil,r09,rf,primary_domain_filtered,f_stable_minus_f_single,roc_auc,0.014554385783381918
iscx_url2016_binary,phiusiil,r09,rf,primary_domain_filtered,f_stable_minus_f_single,pr_auc,0.0070922494989559826
iscx_url2016_binary,phiusiil,r09,rf,primary_domain_filtered,f_stable_minus_f_single,recall,0.0011347090425265494
iscx_url2016_binary,phiusiil,r09,rf,primary_domain_filtered,f_stable_minus_f_single,fpr,0.0
iscx_url2016_binary,phiusiil,r09,rf,primary_domain_filtered,f_stable_minus_f_single,balanced_accuracy,0.0005673545212632747
iscx_url2016_binary,phiusiil,r09,rf,unfiltered,f_single_minus_f_all,macro_f1,-0.0033462715675752763
iscx_url2016_binary,phiusiil,r09,rf,unfiltered,f_single_minus_f_all,roc_auc,0.018765844554172573
iscx_url2016_binary,phiusiil,r09,rf,unfiltered,f_single_minus_f_all,pr_auc,0.008942686807856481
iscx_url2016_binary,phiusiil,r09,rf,unfiltered,f_single_minus_f_all,recall,-0.015711681724520532
iscx_url2016_binary,phiusiil,r09,rf,unfiltered,f_single_minus_f_all,fpr,0.0
iscx_url2016_binary,phiusiil,r09,rf,unfiltered,f_single_minus_f_all,balanced_accuracy,-0.007855840862260266
iscx_url2016_binary,phiusiil,r09,rf,unfiltered,f_stable_minus_f_all,macro_f1,-0.0031152763559975094
iscx_url2016_binary,phiusiil,r09,rf,unfiltered,f_stable_minus_f_all,roc_auc,0.034335977751629165
iscx_url2016_binary,phiusiil,r09,rf,unfiltered,f_stable_minus_f_all,pr_auc,0.016536903278851378
iscx_url2016_binary,phiusiil,r09,rf,unfiltered,f_stable_minus_f_all,recall,-0.014631875099064828
iscx_url2016_binary,phiusiil,r09,rf,unfiltered,f_stable_minus_f_all,fpr,0.0
iscx_url2016_binary,phiusiil,r09,rf,unfiltered,f_stable_minus_f_all,balanced_accuracy,-0.007315937549532414
iscx_url2016_binary,phiusiil,r09,rf,unfiltered,f_stable_minus_f_single,macro_f1,0.00023099521157776692
iscx_url2016_binary,phiusiil,r09,rf,unfiltered,f_stable_minus_f_single,roc_auc,0.015570133197456593
iscx_url2016_binary,phiusiil,r09,rf,unfiltered,f_stable_minus_f_single,pr_auc,0.007594216470994897
iscx_url2016_binary,phiusiil,r09,rf,unfiltered,f_stable_minus_f_single,recall,0.0010798066254557037
iscx_url2016_binary,phiusiil,r09,rf,unfiltered,f_stable_minus_f_single,fpr,0.0
iscx_url2016_binary,phiusiil,r09,rf,unfiltered,f_stable_minus_f_single,balanced_accuracy,0.0005399033127278519
iscx_url2016_binary,phiusiil,r09,xgb,primary_domain_filtered,f_single_minus_f_all,macro_f1,0.0006511966428838223
iscx_url2016_binary,phiusiil,r09,xgb,primary_domain_filtered,f_single_minus_f_all,roc_auc,0.09377111852543407
iscx_url2016_binary,phiusiil,r09,xgb,primary_domain_filtered,f_single_minus_f_all,pr_auc,0.09508551462088455
iscx_url2016_binary,phiusiil,r09,xgb,primary_domain_filtered,f_single_minus_f_all,recall,0.0030827935934125694
iscx_url2016_binary,phiusiil,r09,xgb,primary_domain_filtered,f_single_minus_f_all,fpr,0.0
iscx_url2016_binary,phiusiil,r09,xgb,primary_domain_filtered,f_single_minus_f_all,balanced_accuracy,0.0015413967967062847
iscx_url2016_binary,phiusiil,r09,xgb,primary_domain_filtered,f_stable_minus_f_all,macro_f1,0.0008524634612783744
iscx_url2016_binary,phiusiil,r09,xgb,primary_domain_filtered,f_stable_minus_f_all,roc_auc,0.09490382329505509
iscx_url2016_binary,phiusiil,r09,xgb,primary_domain_filtered,f_stable_minus_f_all,pr_auc,0.07302216835313274
iscx_url2016_binary,phiusiil,r09,xgb,primary_domain_filtered,f_stable_minus_f_all,recall,0.0040367525229703105
iscx_url2016_binary,phiusiil,r09,xgb,primary_domain_filtered,f_stable_minus_f_all,fpr,0.0
iscx_url2016_binary,phiusiil,r09,xgb,primary_domain_filtered,f_stable_minus_f_all,balanced_accuracy,0.0020183762614851553
iscx_url2016_binary,phiusiil,r09,xgb,primary_domain_filtered,f_stable_minus_f_single,macro_f1,0.00020126681839455207
iscx_url2016_binary,phiusiil,r09,xgb,primary_domain_filtered,f_stable_minus_f_single,roc_auc,0.001132704769621018
iscx_url2016_binary,phiusiil,r09,xgb,primary_domain_filtered,f_stable_minus_f_single,pr_auc,-0.022063346267751804
iscx_url2016_binary,phiusiil,r09,xgb,primary_domain_filtered,f_stable_minus_f_single,recall,0.0009539589295577411
iscx_url2016_binary,phiusiil,r09,xgb,primary_domain_filtered,f_stable_minus_f_single,fpr,0.0
iscx_url2016_binary,phiusiil,r09,xgb,primary_domain_filtered,f_stable_minus_f_single,balanced_accuracy,0.00047697946477887054
iscx_url2016_binary,phiusiil,r09,xgb,unfiltered,f_single_minus_f_all,macro_f1,0.000646385841828967
iscx_url2016_binary,phiusiil,r09,xgb,unfiltered,f_single_minus_f_all,roc_auc,0.09359028177617706
iscx_url2016_binary,phiusiil,r09,xgb,unfiltered,f_single_minus_f_all,pr_auc,0.09490448702330012
iscx_url2016_binary,phiusiil,r09,xgb,unfiltered,f_single_minus_f_all,recall,0.003051196703122483
iscx_url2016_binary,phiusiil,r09,xgb,unfiltered,f_single_minus_f_all,fpr,0.0
iscx_url2016_binary,phiusiil,r09,xgb,unfiltered,f_single_minus_f_all,balanced_accuracy,0.0015255983515612415
iscx_url2016_binary,phiusiil,r09,xgb,unfiltered,f_stable_minus_f_all,macro_f1,0.0008497096281581684
iscx_url2016_binary,phiusiil,r09,xgb,unfiltered,f_stable_minus_f_all,roc_auc,0.09470913408119458
iscx_url2016_binary,phiusiil,r09,xgb,unfiltered,f_stable_minus_f_all,pr_auc,0.07258830929598759
iscx_url2016_binary,phiusiil,r09,xgb,unfiltered,f_stable_minus_f_all,recall,0.004012125534950117
iscx_url2016_binary,phiusiil,r09,xgb,unfiltered,f_stable_minus_f_all,fpr,0.0
iscx_url2016_binary,phiusiil,r09,xgb,unfiltered,f_stable_minus_f_all,balanced_accuracy,0.0020060627674750586
iscx_url2016_binary,phiusiil,r09,xgb,unfiltered,f_stable_minus_f_single,macro_f1,0.00020332378632920145
iscx_url2016_binary,phiusiil,r09,xgb,unfiltered,f_stable_minus_f_single,roc_auc,0.0011188523050175148
iscx_url2016_binary,phiusiil,r09,xgb,unfiltered,f_stable_minus_f_single,pr_auc,-0.022316177727312536
iscx_url2016_binary,phiusiil,r09,xgb,unfiltered,f_stable_minus_f_single,recall,0.0009609288318276343
iscx_url2016_binary,phiusiil,r09,xgb,unfiltered,f_stable_minus_f_single,fpr,0.0
iscx_url2016_binary,phiusiil,r09,xgb,unfiltered,f_stable_minus_f_single,balanced_accuracy,0.00048046441591381717
phiusiil,iscx_url2016_binary,r00,lr,primary_domain_filtered,f_single_minus_f_all,macro_f1,-0.034053214876584886
phiusiil,iscx_url2016_binary,r00,lr,primary_domain_filtered,f_single_minus_f_all,roc_auc,-0.028518270145621583
phiusiil,iscx_url2016_binary,r00,lr,primary_domain_filtered,f_single_minus_f_all,pr_auc,-0.010852930787731752
phiusiil,iscx_url2016_binary,r00,lr,primary_domain_filtered,f_single_minus_f_all,recall,0.0010518934081346076
phiusiil,iscx_url2016_binary,r00,lr,primary_domain_filtered,f_single_minus_f_all,fpr,0.03330056524944691
phiusiil,iscx_url2016_binary,r00,lr,primary_domain_filtered,f_single_minus_f_all,balanced_accuracy,-0.016124335920656208
phiusiil,iscx_url2016_binary,r00,lr,primary_domain_filtered,f_stable_minus_f_all,macro_f1,-0.03672897897050559
phiusiil,iscx_url2016_binary,r00,lr,primary_domain_filtered,f_stable_minus_f_all,roc_auc,-0.02944582909801252
phiusiil,iscx_url2016_binary,r00,lr,primary_domain_filtered,f_stable_minus_f_all,pr_auc,-0.011179454489629759
phiusiil,iscx_url2016_binary,r00,lr,primary_domain_filtered,f_stable_minus_f_all,recall,0.001168770453482848
phiusiil,iscx_url2016_binary,r00,lr,primary_domain_filtered,f_stable_minus_f_all,fpr,0.035850331776849265
phiusiil,iscx_url2016_binary,r00,lr,primary_domain_filtered,f_stable_minus_f_all,balanced_accuracy,-0.01734078066168332
phiusiil,iscx_url2016_binary,r00,lr,primary_domain_filtered,f_stable_minus_f_single,macro_f1,-0.0026757640939207017
phiusiil,iscx_url2016_binary,r00,lr,primary_domain_filtered,f_stable_minus_f_single,roc_auc,-0.0009275589523909389
phiusiil,iscx_url2016_binary,r00,lr,primary_domain_filtered,f_stable_minus_f_single,pr_auc,-0.00032652370189800717
phiusiil,iscx_url2016_binary,r00,lr,primary_domain_filtered,f_stable_minus_f_single,recall,0.0001168770453482404
phiusiil,iscx_url2016_binary,r00,lr,primary_domain_filtered,f_stable_minus_f_single,fpr,0.002549766527402353
phiusiil,iscx_url2016_binary,r00,lr,primary_domain_filtered,f_stable_minus_f_single,balanced_accuracy,-0.0012164447410271118
phiusiil,iscx_url2016_binary,r00,lr,unfiltered,f_single_minus_f_all,macro_f1,-0.031678657375961705
phiusiil,iscx_url2016_binary,r00,lr,unfiltered,f_single_minus_f_all,roc_auc,-0.026852303203674266
phiusiil,iscx_url2016_binary,r00,lr,unfiltered,f_single_minus_f_all,pr_auc,-0.01022039146040396
phiusiil,iscx_url2016_binary,r00,lr,unfiltered,f_single_minus_f_all,recall,0.0004014049172101908
phiusiil,iscx_url2016_binary,r00,lr,unfiltered,f_single_minus_f_all,fpr,0.03064051105206611
phiusiil,iscx_url2016_binary,r00,lr,unfiltered,f_single_minus_f_all,balanced_accuracy,-0.01511955306742796
phiusiil,iscx_url2016_binary,r00,lr,unfiltered,f_stable_minus_f_all,macro_f1,-0.03415618411758531
phiusiil,iscx_url2016_binary,r00,lr,unfiltered,f_stable_minus_f_all,roc_auc,-0.027642325900842923
phiusiil,iscx_url2016_binary,r00,lr,unfiltered,f_stable_minus_f_all,pr_auc,-0.0104927015249906
phiusiil,iscx_url2016_binary,r00,lr,unfiltered,f_stable_minus_f_all,recall,0.0005017561465128217
phiusiil,iscx_url2016_binary,r00,lr,unfiltered,f_stable_minus_f_all,fpr,0.0329866018429531
phiusiil,iscx_url2016_binary,r00,lr,unfiltered,f_stable_minus_f_all,balanced_accuracy,-0.016242422848220195
phiusiil,iscx_url2016_binary,r00,lr,unfiltered,f_stable_minus_f_single,macro_f1,-0.0024775267416236035
phiusiil,iscx_url2016_binary,r00,lr,unfiltered,f_stable_minus_f_single,roc_auc,-0.0007900226971686575
phiusiil,iscx_url2016_binary,r00,lr,unfiltered,f_stable_minus_f_single,pr_auc,-0.0002723100645866394
phiusiil,iscx_url2016_binary,r00,lr,unfiltered,f_stable_minus_f_single,recall,0.00010035122930263096
phiusiil,iscx_url2016_binary,r00,lr,unfiltered,f_stable_minus_f_single,fpr,0.00234609079088699
phiusiil,iscx_url2016_binary,r00,lr,unfiltered,f_stable_minus_f_single,balanced_accuracy,-0.001122869780792235
phiusiil,iscx_url2016_binary,r00,rf,primary_domain_filtered,f_single_minus_f_all,macro_f1,3.334765938226014e-05
phiusiil,iscx_url2016_binary,r00,rf,primary_domain_filtered,f_single_minus_f_all,roc_auc,0.01544262556397713
phiusiil,iscx_url2016_binary,r00,rf,primary_domain_filtered,f_single_minus_f_all,pr_auc,0.0049270959684167
phiusiil,iscx_url2016_binary,r00,rf,primary_domain_filtered,f_single_minus_f_all,recall,0.0002337540906965918
phiusiil,iscx_url2016_binary,r00,rf,primary_domain_filtered,f_single_minus_f_all,fpr,0.0
phiusiil,iscx_url2016_binary,r00,rf,primary_domain_filtered,f_single_minus_f_all,balanced_accuracy,0.0001168770453482959
phiusiil,iscx_url2016_binary,r00,rf,primary_domain_filtered,f_stable_minus_f_all,macro_f1,3.334765938226014e-05
phiusiil,iscx_url2016_binary,r00,rf,primary_domain_filtered,f_stable_minus_f_all,roc_auc,-0.0019456139569287156
phiusiil,iscx_url2016_binary,r00,rf,primary_domain_filtered,f_stable_minus_f_all,pr_auc,-0.0006369287556447223
phiusiil,iscx_url2016_binary,r00,rf,primary_domain_filtered,f_stable_minus_f_all,recall,0.0002337540906965918
phiusiil,iscx_url2016_binary,r00,rf,primary_domain_filtered,f_stable_minus_f_all,fpr,0.0
phiusiil,iscx_url2016_binary,r00,rf,primary_domain_filtered,f_stable_minus_f_all,balanced_accuracy,0.0001168770453482959
phiusiil,iscx_url2016_binary,r00,rf,primary_domain_filtered,f_stable_minus_f_single,macro_f1,0.0
phiusiil,iscx_url2016_binary,r00,rf,primary_domain_filtered,f_stable_minus_f_single,roc_auc,-0.017388239520905846
phiusiil,iscx_url2016_binary,r00,rf,primary_domain_filtered,f_stable_minus_f_single,pr_auc,-0.005564024724061423
phiusiil,iscx_url2016_binary,r00,rf,primary_domain_filtered,f_stable_minus_f_single,recall,0.0
phiusiil,iscx_url2016_binary,r00,rf,primary_domain_filtered,f_stable_minus_f_single,fpr,0.0
phiusiil,iscx_url2016_binary,r00,rf,primary_domain_filtered,f_stable_minus_f_single,balanced_accuracy,0.0
phiusiil,iscx_url2016_binary,r00,rf,unfiltered,f_single_minus_f_all,macro_f1,4.448731744183254e-05
phiusiil,iscx_url2016_binary,r00,rf,unfiltered,f_single_minus_f_all,roc_auc,0.016392748297598903
phiusiil,iscx_url2016_binary,r00,rf,unfiltered,f_single_minus_f_all,pr_auc,0.005428826792873931
phiusiil,iscx_url2016_binary,r00,rf,unfiltered,f_single_minus_f_all,recall,0.0003010536879075598
phiusiil,iscx_url2016_binary,r00,rf,unfiltered,f_single_minus_f_all,fpr,0.0
phiusiil,iscx_url2016_binary,r00,rf,unfiltered,f_single_minus_f_all,balanced_accuracy,0.00015052684395389093
phiusiil,iscx_url2016_binary,r00,rf,unfiltered,f_stable_minus_f_all,macro_f1,4.448731744183254e-05
phiusiil,iscx_url2016_binary,r00,rf,unfiltered,f_stable_minus_f_all,roc_auc,0.0010677103595412296
phiusiil,iscx_url2016_binary,r00,rf,unfiltered,f_stable_minus_f_all,pr_auc,0.00031895296655931604
phiusiil,iscx_url2016_binary,r00,rf,unfiltered,f_stable_minus_f_all,recall,0.0003010536879075598
phiusiil,iscx_url2016_binary,r00,rf,unfiltered,f_stable_minus_f_all,fpr,0.0
phiusiil,iscx_url2016_binary,r00,rf,unfiltered,f_stable_minus_f_all,balanced_accuracy,0.00015052684395389093
phiusiil,iscx_url2016_binary,r00,rf,unfiltered,f_stable_minus_f_single,macro_f1,0.0
phiusiil,iscx_url2016_binary,r00,rf,unfiltered,f_stable_minus_f_single,roc_auc,-0.015325037938057673
phiusiil,iscx_url2016_binary,r00,rf,unfiltered,f_stable_minus_f_single,pr_auc,-0.005109873826314615
phiusiil,iscx_url2016_binary,r00,rf,unfiltered,f_stable_minus_f_single,recall,0.0
phiusiil,iscx_url2016_binary,r00,rf,unfiltered,f_stable_minus_f_single,fpr,0.0
phiusiil,iscx_url2016_binary,r00,rf,unfiltered,f_stable_minus_f_single,balanced_accuracy,0.0
phiusiil,iscx_url2016_binary,r00,xgb,primary_domain_filtered,f_single_minus_f_all,macro_f1,5.001645237273644e-05
phiusiil,iscx_url2016_binary,r00,xgb,primary_domain_filtered,f_single_minus_f_all,roc_auc,-0.006917541635975244
phiusiil,iscx_url2016_binary,r00,xgb,primary_domain_filtered,f_single_minus_f_all,pr_auc,-0.00017247929834762754
phiusiil,iscx_url2016_binary,r00,xgb,primary_domain_filtered,f_single_minus_f_all,recall,0.0003506311360449432
phiusiil,iscx_url2016_binary,r00,xgb,primary_domain_filtered,f_single_minus_f_all,fpr,0.0
phiusiil,iscx_url2016_binary,r00,xgb,primary_domain_filtered,f_single_minus_f_all,balanced_accuracy,0.0001753155680224716
phiusiil,iscx_url2016_binary,r00,xgb,primary_domain_filtered,f_stable_minus_f_all,macro_f1,-3.3347659382176875e-05
phiusiil,iscx_url2016_binary,r00,xgb,primary_domain_filtered,f_stable_minus_f_all,roc_auc,0.026430918715045396
phiusiil,iscx_url2016_binary,r00,xgb,primary_domain_filtered,f_stable_minus_f_all,pr_auc,0.0027112645655138073
phiusiil,iscx_url2016_binary,r00,xgb,primary_domain_filtered,f_stable_minus_f_all,recall,-0.0002337540906965918
phiusiil,iscx_url2016_binary,r00,xgb,primary_domain_filtered,f_stable_minus_f_all,fpr,0.0
phiusiil,iscx_url2016_binary,r00,xgb,primary_domain_filtered,f_stable_minus_f_all,balanced_accuracy,-0.0001168770453482959
phiusiil,iscx_url2016_binary,r00,xgb,primary_domain_filtered,f_stable_minus_f_single,macro_f1,-8.336411175491332e-05
phiusiil,iscx_url2016_binary,r00,xgb,primary_domain_filtered,f_stable_minus_f_single,roc_auc,0.03334846035102064
phiusiil,iscx_url2016_binary,r00,xgb,primary_domain_filtered,f_stable_minus_f_single,pr_auc,0.002883743863861435
phiusiil,iscx_url2016_binary,r00,xgb,primary_domain_filtered,f_stable_minus_f_single,recall,-0.000584385226741535
phiusiil,iscx_url2016_binary,r00,xgb,primary_domain_filtered,f_stable_minus_f_single,fpr,0.0
phiusiil,iscx_url2016_binary,r00,xgb,primary_domain_filtered,f_stable_minus_f_single,balanced_accuracy,-0.0002921926133707675
phiusiil,iscx_url2016_binary,r00,xgb,unfiltered,f_single_minus_f_all,macro_f1,7.41482109835323e-05
phiusiil,iscx_url2016_binary,r00,xgb,unfiltered,f_single_minus_f_all,roc_auc,-0.026832512640984338
phiusiil,iscx_url2016_binary,r00,xgb,unfiltered,f_single_minus_f_all,pr_auc,-0.00011547675061032714
phiusiil,iscx_url2016_binary,r00,xgb,unfiltered,f_single_minus_f_all,recall,0.0005017561465127107
phiusiil,iscx_url2016_binary,r00,xgb,unfiltered,f_single_minus_f_all,fpr,0.0
phiusiil,iscx_url2016_binary,r00,xgb,unfiltered,f_single_minus_f_all,balanced_accuracy,0.00025087807325635536
phiusiil,iscx_url2016_binary,r00,xgb,unfiltered,f_stable_minus_f_all,macro_f1,-4.4495363765190143e-05
phiusiil,iscx_url2016_binary,r00,xgb,unfiltered,f_stable_minus_f_all,roc_auc,0.04200064860399384
phiusiil,iscx_url2016_binary,r00,xgb,unfiltered,f_stable_minus_f_all,pr_auc,0.00435143910530697
phiusiil,iscx_url2016_binary,r00,xgb,unfiltered,f_stable_minus_f_all,recall,-0.00030105368790767084
phiusiil,iscx_url2016_binary,r00,xgb,unfiltered,f_stable_minus_f_all,fpr,0.0
phiusiil,iscx_url2016_binary,r00,xgb,unfiltered,f_stable_minus_f_all,balanced_accuracy,-0.00015052684395383542
phiusiil,iscx_url2016_binary,r00,xgb,unfiltered,f_stable_minus_f_single,macro_f1,-0.00011864357474872245
phiusiil,iscx_url2016_binary,r00,xgb,unfiltered,f_stable_minus_f_single,roc_auc,0.06883316124497818
phiusiil,iscx_url2016_binary,r00,xgb,unfiltered,f_stable_minus_f_single,pr_auc,0.004466915855917297
phiusiil,iscx_url2016_binary,r00,xgb,unfiltered,f_stable_minus_f_single,recall,-0.0008028098344203816
phiusiil,iscx_url2016_binary,r00,xgb,unfiltered,f_stable_minus_f_single,fpr,0.0
phiusiil,iscx_url2016_binary,r00,xgb,unfiltered,f_stable_minus_f_single,balanced_accuracy,-0.0004014049172101908
phiusiil,iscx_url2016_binary,r01,lr,primary_domain_filtered,f_single_minus_f_all,macro_f1,-0.035940988448888295
phiusiil,iscx_url2016_binary,r01,lr,primary_domain_filtered,f_single_minus_f_all,roc_auc,-0.029375494987919137
phiusiil,iscx_url2016_binary,r01,lr,primary_domain_filtered,f_single_minus_f_all,pr_auc,-0.010974455313812914
phiusiil,iscx_url2016_binary,r01,lr,primary_domain_filtered,f_single_minus_f_all,recall,0.0009464095587364829
phiusiil,iscx_url2016_binary,r01,lr,primary_domain_filtered,f_single_minus_f_all,fpr,0.035039442304164226
phiusiil,iscx_url2016_binary,r01,lr,primary_domain_filtered,f_single_minus_f_all,balanced_accuracy,-0.017046516372713927
phiusiil,iscx_url2016_binary,r01,lr,primary_domain_filtered,f_stable_minus_f_all,macro_f1,-0.033669320652493145
phiusiil,iscx_url2016_binary,r01,lr,primary_domain_filtered,f_stable_minus_f_all,roc_auc,-0.026390686682913445
phiusiil,iscx_url2016_binary,r01,lr,primary_domain_filtered,f_stable_minus_f_all,pr_auc,-0.009907003478242221
phiusiil,iscx_url2016_binary,r01,lr,primary_domain_filtered,f_stable_minus_f_all,recall,0.0005915059742103157
phiusiil,iscx_url2016_binary,r01,lr,primary_domain_filtered,f_stable_minus_f_all,fpr,0.03283801137405973
phiusiil,iscx_url2016_binary,r01,lr,primary_domain_filtered,f_stable_minus_f_all,balanced_accuracy,-0.01612325269992465
phiusiil,iscx_url2016_binary,r01,lr,primary_domain_filtered,f_stable_minus_f_single,macro_f1,0.0022716677963951493
phiusiil,iscx_url2016_binary,r01,lr,primary_domain_filtered,f_stable_minus_f_single,roc_auc,0.002984808305005693
phiusiil,iscx_url2016_binary,r01,lr,primary_domain_filtered,f_stable_minus_f_single,pr_auc,0.001067451835570693
phiusiil,iscx_url2016_binary,r01,lr,primary_domain_filtered,f_stable_minus_f_single,recall,-0.0003549035845261672
phiusiil,iscx_url2016_binary,r01,lr,primary_domain_filtered,f_stable_minus_f_single,fpr,-0.0022014309301044976
phiusiil,iscx_url2016_binary,r01,lr,primary_domain_filtered,f_stable_minus_f_single,balanced_accuracy,0.0009232636727892762
phiusiil,iscx_url2016_binary,r01,lr,unfiltered,f_single_minus_f_all,macro_f1,-0.0336347339726519
phiusiil,iscx_url2016_binary,r01,lr,unfiltered,f_single_minus_f_all,roc_auc,-0.028067379079647736
phiusiil,iscx_url2016_binary,r01,lr,unfiltered,f_single_minus_f_all,pr_auc,-0.010612519052008856
phiusiil,iscx_url2016_binary,r01,lr,unfiltered,f_single_minus_f_all,recall,0.0
phiusiil,iscx_url2016_binary,r01,lr,unfiltered,f_single_minus_f_all,fpr,0.03239301260670491
phiusiil,iscx_url2016_binary,r01,lr,unfiltered,f_single_minus_f_all,balanced_accuracy,-0.016196506303352343
phiusiil,iscx_url2016_binary,r01,lr,unfiltered,f_stable_minus_f_all,macro_f1,-0.03148741713697073
phiusiil,iscx_url2016_binary,r01,lr,unfiltered,f_stable_minus_f_all,roc_auc,-0.02516780493840476
phiusiil,iscx_url2016_binary,r01,lr,unfiltered,f_stable_minus_f_all,pr_auc,-0.009548412443841053
phiusiil,iscx_url2016_binary,r01,lr,unfiltered,f_stable_minus_f_all,recall,-0.00010035122930263096
phiusiil,iscx_url2016_binary,r01,lr,unfiltered,f_stable_minus_f_all,fpr,0.030357849510995738
phiusiil,iscx_url2016_binary,r01,lr,unfiltered,f_stable_minus_f_all,balanced_accuracy,-0.015229100370149129
phiusiil,iscx_url2016_binary,r01,lr,unfiltered,f_stable_minus_f_single,macro_f1,0.0021473168356811734
phiusiil,iscx_url2016_binary,r01,lr,unfiltered,f_stable_minus_f_single,roc_auc,0.0028995741412429776
phiusiil,iscx_url2016_binary,r01,lr,unfiltered,f_stable_minus_f_single,pr_auc,0.001064106608167803
phiusiil,iscx_url2016_binary,r01,lr,unfiltered,f_stable_minus_f_single,recall,-0.00010035122930263096
phiusiil,iscx_url2016_binary,r01,lr,unfiltered,f_stable_minus_f_single,fpr,-0.0020351630957091693
phiusiil,iscx_url2016_binary,r01,lr,unfiltered,f_stable_minus_f_single,balanced_accuracy,0.0009674059332032137
phiusiil,iscx_url2016_binary,r01,rf,primary_domain_filtered,f_single_minus_f_all,macro_f1,1.726267589560737e-05
phiusiil,iscx_url2016_binary,r01,rf,primary_domain_filtered,f_single_minus_f_all,roc_auc,0.0008160760479694051
phiusiil,iscx_url2016_binary,r01,rf,primary_domain_filtered,f_single_minus_f_all,pr_auc,0.00040707606732984236
phiusiil,iscx_url2016_binary,r01,rf,primary_domain_filtered,f_single_minus_f_all,recall,-0.00011830119484212975
phiusiil,iscx_url2016_binary,r01,rf,primary_domain_filtered,f_single_minus_f_all,fpr,-3.0575429584733804e-05
phiusiil,iscx_url2016_binary,r01,rf,primary_domain_filtered,f_single_minus_f_all,balanced_accuracy,-4.3862882628697974e-05
phiusiil,iscx_url2016_binary,r01,rf,primary_domain_filtered,f_stable_minus_f_all,macro_f1,1.726267589560737e-05
phiusiil,iscx_url2016_binary,r01,rf,primary_domain_filtered,f_stable_minus_f_all,roc_auc,0.003703043340014811
phiusiil,iscx_url2016_binary,r01,rf,primary_domain_filtered,f_stable_minus_f_all,pr_auc,0.0012782043347017713
phiusiil,iscx_url2016_binary,r01,rf,primary_domain_filtered,f_stable_minus_f_all,recall,-0.00011830119484212975
phiusiil,iscx_url2016_binary,r01,rf,primary_domain_filtered,f_stable_minus_f_all,fpr,-3.0575429584733804e-05
phiusiil,iscx_url2016_binary,r01,rf,primary_domain_filtered,f_stable_minus_f_all,balanced_accuracy,-4.3862882628697974e-05
phiusiil,iscx_url2016_binary,r01,rf,primary_domain_filtered,f_stable_minus_f_single,macro_f1,0.0
phiusiil,iscx_url2016_binary,r01,rf,primary_domain_filtered,f_stable_minus_f_single,roc_auc,0.002886967292045406
phiusiil,iscx_url2016_binary,r01,rf,primary_domain_filtered,f_stable_minus_f_single,pr_auc,0.0008711282673719289
phiusiil,iscx_url2016_binary,r01,rf,primary_domain_filtered,f_stable_minus_f_single,recall,0.0
phiusiil,iscx_url2016_binary,r01,rf,primary_domain_filtered,f_stable_minus_f_single,fpr,0.0
phiusiil,iscx_url2016_binary,r01,rf,primary_domain_filtered,f_stable_minus_f_single,balanced_accuracy,0.0
phiusiil,iscx_url2016_binary,r01,rf,unfiltered,f_single_minus_f_all,macro_f1,1.840788802054405e-06
phiusiil,iscx_url2016_binary,r01,rf,unfiltered,f_single_minus_f_all,roc_auc,-0.004874106123651745
phiusiil,iscx_url2016_binary,r01,rf,unfiltered,f_single_minus_f_all,pr_auc,-0.0014332194771554119
phiusiil,iscx_url2016_binary,r01,rf,unfiltered,f_single_minus_f_all,recall,-0.00020070245860503988
phiusiil,iscx_url2016_binary,r01,rf,unfiltered,f_single_minus_f_all,fpr,-2.826615410711497e-05
phiusiil,iscx_url2016_binary,r01,rf,unfiltered,f_single_minus_f_all,balanced_accuracy,-8.621815224896245e-05
phiusiil,iscx_url2016_binary,r01,rf,unfiltered,f_stable_minus_f_all,macro_f1,1.6674120775744816e-05
phiusiil,iscx_url2016_binary,r01,rf,unfiltered,f_stable_minus_f_all,roc_auc,0.007007856118723177
phiusiil,iscx_url2016_binary,r01,rf,unfiltered,f_stable_minus_f_all,pr_auc,0.0024213424374410486
phiusiil,iscx_url2016_binary,r01,rf,unfiltered,f_stable_minus_f_all,recall,-0.00010035122930251994
phiusiil,iscx_url2016_binary,r01,rf,unfiltered,f_stable_minus_f_all,fpr,-2.826615410711497e-05
phiusiil,iscx_url2016_binary,r01,rf,unfiltered,f_stable_minus_f_all,balanced_accuracy,-3.6042537597702484e-05
phiusiil,iscx_url2016_binary,r01,rf,unfiltered,f_stable_minus_f_single,macro_f1,1.4833331973690411e-05
phiusiil,iscx_url2016_binary,r01,rf,unfiltered,f_stable_minus_f_single,roc_auc,0.011881962242374922
phiusiil,iscx_url2016_binary,r01,rf,unfiltered,f_stable_minus_f_single,pr_auc,0.0038545619145964605
phiusiil,iscx_url2016_binary,r01,rf,unfiltered,f_stable_minus_f_single,recall,0.00010035122930251994
phiusiil,iscx_url2016_binary,r01,rf,unfiltered,f_stable_minus_f_single,fpr,0.0
phiusiil,iscx_url2016_binary,r01,rf,unfiltered,f_stable_minus_f_single,balanced_accuracy,5.017561465125997e-05
phiusiil,iscx_url2016_binary,r01,xgb,primary_domain_filtered,f_single_minus_f_all,macro_f1,3.344828575976844e-05
phiusiil,iscx_url2016_binary,r01,xgb,primary_domain_filtered,f_single_minus_f_all,roc_auc,0.011714229093081618
phiusiil,iscx_url2016_binary,r01,xgb,primary_domain_filtered,f_single_minus_f_all,pr_auc,0.0010638346601309911
phiusiil,iscx_url2016_binary,r01,xgb,primary_domain_filtered,f_single_minus_f_all,recall,0.0002366023896842595
phiusiil,iscx_url2016_binary,r01,xgb,primary_domain_filtered,f_single_minus_f_all,fpr,0.0
phiusiil,iscx_url2016_binary,r01,xgb,primary_domain_filtered,f_single_minus_f_all,balanced_accuracy,0.00011830119484212975
phiusiil,iscx_url2016_binary,r01,xgb,primary_domain_filtered,f_stable_minus_f_all,macro_f1,5.551115123125783e-17
phiusiil,iscx_url2016_binary,r01,xgb,primary_domain_filtered,f_stable_minus_f_all,roc_auc,0.009963893358370751
phiusiil,iscx_url2016_binary,r01,xgb,primary_domain_filtered,f_stable_minus_f_all,pr_auc,0.0010716074749960447
phiusiil,iscx_url2016_binary,r01,xgb,primary_domain_filtered,f_stable_minus_f_all,recall,1.1102230246251565e-16
phiusiil,iscx_url2016_binary,r01,xgb,primary_domain_filtered,f_stable_minus_f_all,fpr,0.0
phiusiil,iscx_url2016_binary,r01,xgb,primary_domain_filtered,f_stable_minus_f_all,balanced_accuracy,5.551115123125783e-17
phiusiil,iscx_url2016_binary,r01,xgb,primary_domain_filtered,f_stable_minus_f_single,macro_f1,-3.3448285759712926e-05
phiusiil,iscx_url2016_binary,r01,xgb,primary_domain_filtered,f_stable_minus_f_single,roc_auc,-0.0017503357347108672
phiusiil,iscx_url2016_binary,r01,xgb,primary_domain_filtered,f_stable_minus_f_single,pr_auc,7.772814865053546e-06
phiusiil,iscx_url2016_binary,r01,xgb,primary_domain_filtered,f_stable_minus_f_single,recall,-0.00023660238968414848
phiusiil,iscx_url2016_binary,r01,xgb,primary_domain_filtered,f_stable_minus_f_single,fpr,0.0
phiusiil,iscx_url2016_binary,r01,xgb,primary_domain_filtered,f_stable_minus_f_single,balanced_accuracy,-0.00011830119484207424
phiusiil,iscx_url2016_binary,r01,xgb,unfiltered,f_single_minus_f_all,macro_f1,5.930248067928523e-05
phiusiil,iscx_url2016_binary,r01,xgb,unfiltered,f_single_minus_f_all,roc_auc,0.051479458731939876
phiusiil,iscx_url2016_binary,r01,xgb,unfiltered,f_single_minus_f_all,pr_auc,0.003032921673574107
phiusiil,iscx_url2016_binary,r01,xgb,unfiltered,f_single_minus_f_all,recall,0.0004014049172103018
phiusiil,iscx_url2016_binary,r01,xgb,unfiltered,f_single_minus_f_all,fpr,0.0
phiusiil,iscx_url2016_binary,r01,xgb,unfiltered,f_single_minus_f_all,balanced_accuracy,0.0002007024586051509
phiusiil,iscx_url2016_binary,r01,xgb,unfiltered,f_stable_minus_f_all,macro_f1,5.551115123125783e-17
phiusiil,iscx_url2016_binary,r01,xgb,unfiltered,f_stable_minus_f_all,roc_auc,0.02828779835081678
phiusiil,iscx_url2016_binary,r01,xgb,unfiltered,f_stable_minus_f_all,pr_auc,0.0013991541686732278
phiusiil,iscx_url2016_binary,r01,xgb,unfiltered,f_stable_minus_f_all,recall,1.1102230246251565e-16
phiusiil,iscx_url2016_binary,r01,xgb,unfiltered,f_stable_minus_f_all,fpr,0.0
phiusiil,iscx_url2016_binary,r01,xgb,unfiltered,f_stable_minus_f_all,balanced_accuracy,5.551115123125783e-17
phiusiil,iscx_url2016_binary,r01,xgb,unfiltered,f_stable_minus_f_single,macro_f1,-5.930248067922972e-05
phiusiil,iscx_url2016_binary,r01,xgb,unfiltered,f_stable_minus_f_single,roc_auc,-0.023191660381123094
phiusiil,iscx_url2016_binary,r01,xgb,unfiltered,f_stable_minus_f_single,pr_auc,-0.0016337675049008793
phiusiil,iscx_url2016_binary,r01,xgb,unfiltered,f_stable_minus_f_single,recall,-0.0004014049172101908
phiusiil,iscx_url2016_binary,r01,xgb,unfiltered,f_stable_minus_f_single,fpr,0.0
phiusiil,iscx_url2016_binary,r01,xgb,unfiltered,f_stable_minus_f_single,balanced_accuracy,-0.0002007024586050954
phiusiil,iscx_url2016_binary,r02,lr,primary_domain_filtered,f_single_minus_f_all,macro_f1,-0.034251115130874143
phiusiil,iscx_url2016_binary,r02,lr,primary_domain_filtered,f_single_minus_f_all,roc_auc,-0.028385374033302213
phiusiil,iscx_url2016_binary,r02,lr,primary_domain_filtered,f_single_minus_f_all,pr_auc,-0.010619892855857793
phiusiil,iscx_url2016_binary,r02,lr,primary_domain_filtered,f_single_minus_f_all,recall,0.00011827321111768097
phiusiil,iscx_url2016_binary,r02,lr,primary_domain_filtered,f_single_minus_f_all,fpr,0.033311979500320166
phiusiil,iscx_url2016_binary,r02,lr,primary_domain_filtered,f_single_minus_f_all,balanced_accuracy,-0.016596853144601242
phiusiil,iscx_url2016_binary,r02,lr,primary_domain_filtered,f_stable_minus_f_all,macro_f1,-0.036907553685947336
phiusiil,iscx_url2016_binary,r02,lr,primary_domain_filtered,f_stable_minus_f_all,roc_auc,-0.02922439007133526
phiusiil,iscx_url2016_binary,r02,lr,primary_domain_filtered,f_stable_minus_f_all,pr_auc,-0.01091236194373027
phiusiil,iscx_url2016_binary,r02,lr,primary_domain_filtered,f_stable_minus_f_all,recall,0.00047309284447072386
phiusiil,iscx_url2016_binary,r02,lr,primary_domain_filtered,f_stable_minus_f_all,fpr,0.03587443946188329
phiusiil,iscx_url2016_binary,r02,lr,primary_domain_filtered,f_stable_minus_f_all,balanced_accuracy,-0.017700673308706283
phiusiil,iscx_url2016_binary,r02,lr,primary_domain_filtered,f_stable_minus_f_single,macro_f1,-0.002656438555073193
phiusiil,iscx_url2016_binary,r02,lr,primary_domain_filtered,f_stable_minus_f_single,roc_auc,-0.0008390160380330469
phiusiil,iscx_url2016_binary,r02,lr,primary_domain_filtered,f_stable_minus_f_single,pr_auc,-0.0002924690878724767
phiusiil,iscx_url2016_binary,r02,lr,primary_domain_filtered,f_stable_minus_f_single,recall,0.0003548196333530429
phiusiil,iscx_url2016_binary,r02,lr,primary_domain_filtered,f_stable_minus_f_single,fpr,0.002562459961563124
phiusiil,iscx_url2016_binary,r02,lr,primary_domain_filtered,f_stable_minus_f_single,balanced_accuracy,-0.0011038201641050405
phiusiil,iscx_url2016_binary,r02,lr,unfiltered,f_single_minus_f_all,macro_f1,-0.03212651949969589
phiusiil,iscx_url2016_binary,r02,lr,unfiltered,f_single_minus_f_all,roc_auc,-0.027181424487657257
phiusiil,iscx_url2016_binary,r02,lr,unfiltered,f_single_minus_f_all,pr_auc,-0.010305177642847274
phiusiil,iscx_url2016_binary,r02,lr,unfiltered,f_single_minus_f_all,recall,-0.0007024586051179726
phiusiil,iscx_url2016_binary,r02,lr,unfiltered,f_single_minus_f_all,fpr,0.03086664028492303
phiusiil,iscx_url2016_binary,r02,lr,unfiltered,f_single_minus_f_all,balanced_accuracy,-0.01578454944502039
phiusiil,iscx_url2016_binary,r02,lr,unfiltered,f_stable_minus_f_all,macro_f1,-0.034635517833821794
phiusiil,iscx_url2016_binary,r02,lr,unfiltered,f_stable_minus_f_all,roc_auc,-0.027909319794928278
phiusiil,iscx_url2016_binary,r02,lr,unfiltered,f_stable_minus_f_all,pr_auc,-0.01055756991353074
phiusiil,iscx_url2016_binary,r02,lr,unfiltered,f_stable_minus_f_all,recall,-0.0004014049172101908
phiusiil,iscx_url2016_binary,r02,lr,unfiltered,f_stable_minus_f_all,fpr,0.03326926338402414
phiusiil,iscx_url2016_binary,r02,lr,unfiltered,f_stable_minus_f_all,balanced_accuracy,-0.016835334150617
phiusiil,iscx_url2016_binary,r02,lr,unfiltered,f_stable_minus_f_single,macro_f1,-0.002508998334125906
phiusiil,iscx_url2016_binary,r02,lr,unfiltered,f_stable_minus_f_single,roc_auc,-0.0007278953072710204
phiusiil,iscx_url2016_binary,r02,lr,unfiltered,f_stable_minus_f_single,pr_auc,-0.0002523922706834658
phiusiil,iscx_url2016_binary,r02,lr,unfiltered,f_stable_minus_f_single,recall,0.00030105368790778186
phiusiil,iscx_url2016_binary,r02,lr,unfiltered,f_stable_minus_f_single,fpr,0.002402623099101109
phiusiil,iscx_url2016_binary,r02,lr,unfiltered,f_stable_minus_f_single,balanced_accuracy,-0.001050784705596608
phiusiil,iscx_url2016_binary,r02,rf,primary_domain_filtered,f_single_minus_f_all,macro_f1,4.942058977608355e-07
phiusiil,iscx_url2016_binary,r02,rf,primary_domain_filtered,f_single_minus_f_all,roc_auc,0.017900337149548473
phiusiil,iscx_url2016_binary,r02,rf,primary_domain_filtered,f_single_minus_f_all,pr_auc,0.005610776445711729
phiusiil,iscx_url2016_binary,r02,rf,primary_domain_filtered,f_single_minus_f_all,recall,-0.00023654642223536193
phiusiil,iscx_url2016_binary,r02,rf,primary_domain_filtered,f_single_minus_f_all,fpr,-3.0505475732911513e-05
phiusiil,iscx_url2016_binary,r02,rf,primary_domain_filtered,f_single_minus_f_all,balanced_accuracy,-0.00010302047325122521
phiusiil,iscx_url2016_binary,r02,rf,primary_domain_filtered,f_stable_minus_f_all,macro_f1,3.391443623865231e-05
phiusiil,iscx_url2016_binary,r02,rf,primary_domain_filtered,f_stable_minus_f_all,roc_auc,0.005456596165102745
phiusiil,iscx_url2016_binary,r02,rf,primary_domain_filtered,f_stable_minus_f_all,pr_auc,0.001647453334675364
phiusiil,iscx_url2016_binary,r02,rf,primary_domain_filtered,f_stable_minus_f_all,recall,0.0
phiusiil,iscx_url2016_binary,r02,rf,primary_domain_filtered,f_stable_minus_f_all,fpr,-3.0505475732911513e-05
phiusiil,iscx_url2016_binary,r02,rf,primary_domain_filtered,f_stable_minus_f_all,balanced_accuracy,1.5252737866455757e-05
phiusiil,iscx_url2016_binary,r02,rf,primary_domain_filtered,f_stable_minus_f_single,macro_f1,3.342023034089148e-05
phiusiil,iscx_url2016_binary,r02,rf,primary_domain_filtered,f_stable_minus_f_single,roc_auc,-0.012443740984445728
phiusiil,iscx_url2016_binary,r02,rf,primary_domain_filtered,f_stable_minus_f_single,pr_auc,-0.003963323111036365
phiusiil,iscx_url2016_binary,r02,rf,primary_domain_filtered,f_stable_minus_f_single,recall,0.00023654642223536193
phiusiil,iscx_url2016_binary,r02,rf,primary_domain_filtered,f_stable_minus_f_single,fpr,0.0
phiusiil,iscx_url2016_binary,r02,rf,primary_domain_filtered,f_stable_minus_f_single,balanced_accuracy,0.00011827321111768097
phiusiil,iscx_url2016_binary,r02,rf,unfiltered,f_single_minus_f_all,macro_f1,-5.7485224655817735e-05
phiusiil,iscx_url2016_binary,r02,rf,unfiltered,f_single_minus_f_all,roc_auc,0.01841968399943078
phiusiil,iscx_url2016_binary,r02,rf,unfiltered,f_single_minus_f_all,pr_auc,0.006080262744914355
phiusiil,iscx_url2016_binary,r02,rf,unfiltered,f_single_minus_f_all,recall,-0.0006021073758154527
phiusiil,iscx_url2016_binary,r02,rf,unfiltered,f_single_minus_f_all,fpr,-2.826615410711497e-05
phiusiil,iscx_url2016_binary,r02,rf,unfiltered,f_single_minus_f_all,balanced_accuracy,-0.00028692061085405784
phiusiil,iscx_url2016_binary,r02,rf,unfiltered,f_stable_minus_f_all,macro_f1,1.6678752953025455e-05
phiusiil,iscx_url2016_binary,r02,rf,unfiltered,f_stable_minus_f_all,roc_auc,0.007162722873944982
phiusiil,iscx_url2016_binary,r02,rf,unfiltered,f_stable_minus_f_all,pr_auc,0.0023000388206035893
phiusiil,iscx_url2016_binary,r02,rf,unfiltered,f_stable_minus_f_all,recall,-0.00010035122930263096
phiusiil,iscx_url2016_binary,r02,rf,unfiltered,f_stable_minus_f_all,fpr,-2.826615410711497e-05
phiusiil,iscx_url2016_binary,r02,rf,unfiltered,f_stable_minus_f_all,balanced_accuracy,-3.604253759764697e-05
phiusiil,iscx_url2016_binary,r02,rf,unfiltered,f_stable_minus_f_single,macro_f1,7.416397760884319e-05
phiusiil,iscx_url2016_binary,r02,rf,unfiltered,f_stable_minus_f_single,roc_auc,-0.011256961125485798
phiusiil,iscx_url2016_binary,r02,rf,unfiltered,f_stable_minus_f_single,pr_auc,-0.003780223924310766
phiusiil,iscx_url2016_binary,r02,rf,unfiltered,f_stable_minus_f_single,recall,0.0005017561465128217
phiusiil,iscx_url2016_binary,r02,rf,unfiltered,f_stable_minus_f_single,fpr,0.0
phiusiil,iscx_url2016_binary,r02,rf,unfiltered,f_stable_minus_f_single,balanced_accuracy,0.00025087807325641087
phiusiil,iscx_url2016_binary,r02,xgb,primary_domain_filtered,f_single_minus_f_all,macro_f1,0.0001336390607180049
phiusiil,iscx_url2016_binary,r02,xgb,primary_domain_filtered,f_single_minus_f_all,roc_auc,-0.03120847270736775
phiusiil,iscx_url2016_binary,r02,xgb,primary_domain_filtered,f_single_minus_f_all,pr_auc,-0.0018029907951670754
phiusiil,iscx_url2016_binary,r02,xgb,primary_domain_filtered,f_single_minus_f_all,recall,0.0009461856889413367
phiusiil,iscx_url2016_binary,r02,xgb,primary_domain_filtered,f_single_minus_f_all,fpr,0.0
phiusiil,iscx_url2016_binary,r02,xgb,primary_domain_filtered,f_single_minus_f_all,balanced_accuracy,0.00047309284447077937
phiusiil,iscx_url2016_binary,r02,xgb,primary_domain_filtered,f_stable_minus_f_all,macro_f1,0.00011693653154420947
phiusiil,iscx_url2016_binary,r02,xgb,primary_domain_filtered,f_stable_minus_f_all,roc_auc,-0.030044081765426667
phiusiil,iscx_url2016_binary,r02,xgb,primary_domain_filtered,f_stable_minus_f_all,pr_auc,-0.001593654348676532
phiusiil,iscx_url2016_binary,r02,xgb,primary_domain_filtered,f_stable_minus_f_all,recall,0.0008279124778236557
phiusiil,iscx_url2016_binary,r02,xgb,primary_domain_filtered,f_stable_minus_f_all,fpr,0.0
phiusiil,iscx_url2016_binary,r02,xgb,primary_domain_filtered,f_stable_minus_f_all,balanced_accuracy,0.0004139562389119389
phiusiil,iscx_url2016_binary,r02,xgb,primary_domain_filtered,f_stable_minus_f_single,macro_f1,-1.6702529173795444e-05
phiusiil,iscx_url2016_binary,r02,xgb,primary_domain_filtered,f_stable_minus_f_single,roc_auc,0.001164390941941082
phiusiil,iscx_url2016_binary,r02,xgb,primary_domain_filtered,f_stable_minus_f_single,pr_auc,0.0002093364464905434
phiusiil,iscx_url2016_binary,r02,xgb,primary_domain_filtered,f_stable_minus_f_single,recall,-0.00011827321111768097
phiusiil,iscx_url2016_binary,r02,xgb,primary_domain_filtered,f_stable_minus_f_single,fpr,0.0
phiusiil,iscx_url2016_binary,r02,xgb,primary_domain_filtered,f_stable_minus_f_single,balanced_accuracy,-5.913660555884048e-05
phiusiil,iscx_url2016_binary,r02,xgb,unfiltered,f_single_minus_f_all,macro_f1,0.0001631201654471448
phiusiil,iscx_url2016_binary,r02,xgb,unfiltered,f_single_minus_f_all,roc_auc,-0.0541954404438373
phiusiil,iscx_url2016_binary,r02,xgb,unfiltered,f_single_minus_f_all,pr_auc,-0.004149232940655279
phiusiil,iscx_url2016_binary,r02,xgb,unfiltered,f_single_minus_f_all,recall,0.0011038635223282744
phiusiil,iscx_url2016_binary,r02,xgb,unfiltered,f_single_minus_f_all,fpr,0.0
phiusiil,iscx_url2016_binary,r02,xgb,unfiltered,f_single_minus_f_all,balanced_accuracy,0.0005519317611641372
phiusiil,iscx_url2016_binary,r02,xgb,unfiltered,f_stable_minus_f_all,macro_f1,0.00014829374102323656
phiusiil,iscx_url2016_binary,r02,xgb,unfiltered,f_stable_minus_f_all,roc_auc,-0.06575075912281254
phiusiil,iscx_url2016_binary,r02,xgb,unfiltered,f_stable_minus_f_all,pr_auc,-0.003466585519255938
phiusiil,iscx_url2016_binary,r02,xgb,unfiltered,f_stable_minus_f_all,recall,0.0010035122930257545
phiusiil,iscx_url2016_binary,r02,xgb,unfiltered,f_stable_minus_f_all,fpr,0.0
phiusiil,iscx_url2016_binary,r02,xgb,unfiltered,f_stable_minus_f_all,balanced_accuracy,0.0005017561465128773
phiusiil,iscx_url2016_binary,r02,xgb,unfiltered,f_stable_minus_f_single,macro_f1,-1.4826424423908247e-05
phiusiil,iscx_url2016_binary,r02,xgb,unfiltered,f_stable_minus_f_single,roc_auc,-0.011555318678975246
phiusiil,iscx_url2016_binary,r02,xgb,unfiltered,f_stable_minus_f_single,pr_auc,0.0006826474213993405
phiusiil,iscx_url2016_binary,r02,xgb,unfiltered,f_stable_minus_f_single,recall,-0.00010035122930251994
phiusiil,iscx_url2016_binary,r02,xgb,unfiltered,f_stable_minus_f_single,fpr,0.0
phiusiil,iscx_url2016_binary,r02,xgb,unfiltered,f_stable_minus_f_single,balanced_accuracy,-5.017561465125997e-05
phiusiil,iscx_url2016_binary,r03,lr,primary_domain_filtered,f_single_minus_f_all,macro_f1,0.07362860609669375
phiusiil,iscx_url2016_binary,r03,lr,primary_domain_filtered,f_single_minus_f_all,roc_auc,0.02585634552369276
phiusiil,iscx_url2016_binary,r03,lr,primary_domain_filtered,f_single_minus_f_all,pr_auc,0.009931231369343818
phiusiil,iscx_url2016_binary,r03,lr,primary_domain_filtered,f_single_minus_f_all,recall,-0.004323440056087868
phiusiil,iscx_url2016_binary,r03,lr,primary_domain_filtered,f_single_minus_f_all,fpr,-0.07792762555684385
phiusiil,iscx_url2016_binary,r03,lr,primary_domain_filtered,f_single_minus_f_all,balanced_accuracy,0.036802092750377935
phiusiil,iscx_url2016_binary,r03,lr,primary_domain_filtered,f_stable_minus_f_all,macro_f1,-0.030824196922451225
phiusiil,iscx_url2016_binary,r03,lr,primary_domain_filtered,f_stable_minus_f_all,roc_auc,-0.022986505214427355
phiusiil,iscx_url2016_binary,r03,lr,primary_domain_filtered,f_stable_minus_f_all,pr_auc,-0.008611289891989976
phiusiil,iscx_url2016_binary,r03,lr,primary_domain_filtered,f_stable_minus_f_all,recall,0.0008179481187193804
phiusiil,iscx_url2016_binary,r03,lr,primary_domain_filtered,f_stable_minus_f_all,fpr,0.029993287361933185
phiusiil,iscx_url2016_binary,r03,lr,primary_domain_filtered,f_stable_minus_f_all,balanced_accuracy,-0.014587669621606958
phiusiil,iscx_url2016_binary,r03,lr,primary_domain_filtered,f_stable_minus_f_single,macro_f1,-0.10445280301914497
phiusiil,iscx_url2016_binary,r03,lr,primary_domain_filtered,f_stable_minus_f_single,roc_auc,-0.048842850738120114
phiusiil,iscx_url2016_binary,r03,lr,primary_domain_filtered,f_stable_minus_f_single,pr_auc,-0.018542521261333794
phiusiil,iscx_url2016_binary,r03,lr,primary_domain_filtered,f_stable_minus_f_single,recall,0.005141388174807249
phiusiil,iscx_url2016_binary,r03,lr,primary_domain_filtered,f_stable_minus_f_single,fpr,0.10792091291877703
phiusiil,iscx_url2016_binary,r03,lr,primary_domain_filtered,f_stable_minus_f_single,balanced_accuracy,-0.05138976237198489
phiusiil,iscx_url2016_binary,r03,lr,unfiltered,f_single_minus_f_all,macro_f1,0.06927923019458068
phiusiil,iscx_url2016_binary,r03,lr,unfiltered,f_single_minus_f_all,roc_auc,-0.0002913966762008169
phiusiil,iscx_url2016_binary,r03,lr,unfiltered,f_single_minus_f_all,pr_auc,-0.003152419799428846
phiusiil,iscx_url2016_binary,r03,lr,unfiltered,f_single_minus_f_all,recall,-0.004114400401405094
phiusiil,iscx_url2016_binary,r03,lr,unfiltered,f_single_minus_f_all,fpr,-0.07244615297642598
phiusiil,iscx_url2016_binary,r03,lr,unfiltered,f_single_minus_f_all,balanced_accuracy,0.034165876287510444
phiusiil,iscx_url2016_binary,r03,lr,unfiltered,f_stable_minus_f_all,macro_f1,-0.028858938444753457
phiusiil,iscx_url2016_binary,r03,lr,unfiltered,f_stable_minus_f_all,roc_auc,-0.021811741627098202
phiusiil,iscx_url2016_binary,r03,lr,unfiltered,f_stable_minus_f_all,pr_auc,-0.008212514576671659
phiusiil,iscx_url2016_binary,r03,lr,unfiltered,f_stable_minus_f_all,recall,0.00020070245860503988
phiusiil,iscx_url2016_binary,r03,lr,unfiltered,f_stable_minus_f_all,fpr,0.02778562948725205
phiusiil,iscx_url2016_binary,r03,lr,unfiltered,f_stable_minus_f_all,balanced_accuracy,-0.013792463514323394
phiusiil,iscx_url2016_binary,r03,lr,unfiltered,f_stable_minus_f_single,macro_f1,-0.09813816863933414
phiusiil,iscx_url2016_binary,r03,lr,unfiltered,f_stable_minus_f_single,roc_auc,-0.021520344950897385
phiusiil,iscx_url2016_binary,r03,lr,unfiltered,f_stable_minus_f_single,pr_auc,-0.005060094777242813
phiusiil,iscx_url2016_binary,r03,lr,unfiltered,f_stable_minus_f_single,recall,0.004315102860010134
phiusiil,iscx_url2016_binary,r03,lr,unfiltered,f_stable_minus_f_single,fpr,0.10023178246367803
phiusiil,iscx_url2016_binary,r03,lr,unfiltered,f_stable_minus_f_single,balanced_accuracy,-0.04795833980183384
phiusiil,iscx_url2016_binary,r03,rf,primary_domain_filtered,f_single_minus_f_all,macro_f1,5.551115123125783e-17
phiusiil,iscx_url2016_binary,r03,rf,primary_domain_filtered,f_single_minus_f_all,roc_auc,0.041465646314495896
phiusiil,iscx_url2016_binary,r03,rf,primary_domain_filtered,f_single_minus_f_all,pr_auc,0.01318235822280911
phiusiil,iscx_url2016_binary,r03,rf,primary_domain_filtered,f_single_minus_f_all,recall,1.1102230246251565e-16
phiusiil,iscx_url2016_binary,r03,rf,primary_domain_filtered,f_single_minus_f_all,fpr,0.0
phiusiil,iscx_url2016_binary,r03,rf,primary_domain_filtered,f_single_minus_f_all,balanced_accuracy,5.551115123125783e-17
phiusiil,iscx_url2016_binary,r03,rf,primary_domain_filtered,f_stable_minus_f_all,macro_f1,-1.6614109411533518e-05
phiusiil,iscx_url2016_binary,r03,rf,primary_domain_filtered,f_stable_minus_f_all,roc_auc,0.012390726034649191
phiusiil,iscx_url2016_binary,r03,rf,primary_domain_filtered,f_stable_minus_f_all,pr_auc,0.003787196143486299
phiusiil,iscx_url2016_binary,r03,rf,primary_domain_filtered,f_stable_minus_f_all,recall,-0.00011684973124548304
phiusiil,iscx_url2016_binary,r03,rf,primary_domain_filtered,f_stable_minus_f_all,fpr,0.0
phiusiil,iscx_url2016_binary,r03,rf,primary_domain_filtered,f_stable_minus_f_all,balanced_accuracy,-5.842486562274152e-05
phiusiil,iscx_url2016_binary,r03,rf,primary_domain_filtered,f_stable_minus_f_single,macro_f1,-1.661410941158903e-05
phiusiil,iscx_url2016_binary,r03,rf,primary_domain_filtered,f_stable_minus_f_single,roc_auc,-0.029074920279846705
phiusiil,iscx_url2016_binary,r03,rf,primary_domain_filtered,f_stable_minus_f_single,pr_auc,-0.00939516207932281
phiusiil,iscx_url2016_binary,r03,rf,primary_domain_filtered,f_stable_minus_f_single,recall,-0.00011684973124559406
phiusiil,iscx_url2016_binary,r03,rf,primary_domain_filtered,f_stable_minus_f_single,fpr,0.0
phiusiil,iscx_url2016_binary,r03,rf,primary_domain_filtered,f_stable_minus_f_single,balanced_accuracy,-5.842486562279703e-05
phiusiil,iscx_url2016_binary,r03,rf,unfiltered,f_single_minus_f_all,macro_f1,-1.483017856004909e-05
phiusiil,iscx_url2016_binary,r03,rf,unfiltered,f_single_minus_f_all,roc_auc,0.03974278849283586
phiusiil,iscx_url2016_binary,r03,rf,unfiltered,f_single_minus_f_all,pr_auc,0.013185246079905288
phiusiil,iscx_url2016_binary,r03,rf,unfiltered,f_single_minus_f_all,recall,-0.00010035122930263096
phiusiil,iscx_url2016_binary,r03,rf,unfiltered,f_single_minus_f_all,fpr,0.0
phiusiil,iscx_url2016_binary,r03,rf,unfiltered,f_single_minus_f_all,balanced_accuracy,-5.017561465120446e-05
phiusiil,iscx_url2016_binary,r03,rf,unfiltered,f_stable_minus_f_all,macro_f1,-1.483017856004909e-05
phiusiil,iscx_url2016_binary,r03,rf,unfiltered,f_stable_minus_f_all,roc_auc,0.013736526880204825
phiusiil,iscx_url2016_binary,r03,rf,unfiltered,f_stable_minus_f_all,pr_auc,0.004410143901151492
phiusiil,iscx_url2016_binary,r03,rf,unfiltered,f_stable_minus_f_all,recall,-0.00010035122930263096
phiusiil,iscx_url2016_binary,r03,rf,unfiltered,f_stable_minus_f_all,fpr,0.0
phiusiil,iscx_url2016_binary,r03,rf,unfiltered,f_stable_minus_f_all,balanced_accuracy,-5.017561465120446e-05
phiusiil,iscx_url2016_binary,r03,rf,unfiltered,f_stable_minus_f_single,macro_f1,0.0
phiusiil,iscx_url2016_binary,r03,rf,unfiltered,f_stable_minus_f_single,roc_auc,-0.026006261612631032
phiusiil,iscx_url2016_binary,r03,rf,unfiltered,f_stable_minus_f_single,pr_auc,-0.008775102178753796
phiusiil,iscx_url2016_binary,r03,rf,unfiltered,f_stable_minus_f_single,recall,0.0
phiusiil,iscx_url2016_binary,r03,rf,unfiltered,f_stable_minus_f_single,fpr,0.0
phiusiil,iscx_url2016_binary,r03,rf,unfiltered,f_stable_minus_f_single,balanced_accuracy,0.0
phiusiil,iscx_url2016_binary,r03,xgb,primary_domain_filtered,f_single_minus_f_all,macro_f1,1.6606783673045467e-05
phiusiil,iscx_url2016_binary,r03,xgb,primary_domain_filtered,f_single_minus_f_all,roc_auc,0.0061362580672985195
phiusiil,iscx_url2016_binary,r03,xgb,primary_domain_filtered,f_single_minus_f_all,pr_auc,0.0004962125970747328
phiusiil,iscx_url2016_binary,r03,xgb,primary_domain_filtered,f_single_minus_f_all,recall,0.00011684973124559406
phiusiil,iscx_url2016_binary,r03,xgb,primary_domain_filtered,f_single_minus_f_all,fpr,0.0
phiusiil,iscx_url2016_binary,r03,xgb,primary_domain_filtered,f_single_minus_f_all,balanced_accuracy,5.842486562279703e-05
phiusiil,iscx_url2016_binary,r03,xgb,primary_domain_filtered,f_stable_minus_f_all,macro_f1,8.326672684688674e-17
phiusiil,iscx_url2016_binary,r03,xgb,primary_domain_filtered,f_stable_minus_f_all,roc_auc,0.020349521169952547
phiusiil,iscx_url2016_binary,r03,xgb,primary_domain_filtered,f_stable_minus_f_all,pr_auc,0.002358304135703329
phiusiil,iscx_url2016_binary,r03,xgb,primary_domain_filtered,f_stable_minus_f_all,recall,0.0
phiusiil,iscx_url2016_binary,r03,xgb,primary_domain_filtered,f_stable_minus_f_all,fpr,0.0
phiusiil,iscx_url2016_binary,r03,xgb,primary_domain_filtered,f_stable_minus_f_all,balanced_accuracy,0.0
phiusiil,iscx_url2016_binary,r03,xgb,primary_domain_filtered,f_stable_minus_f_single,macro_f1,-1.66067836729622e-05
phiusiil,iscx_url2016_binary,r03,xgb,primary_domain_filtered,f_stable_minus_f_single,roc_auc,0.014213263102654028
phiusiil,iscx_url2016_binary,r03,xgb,primary_domain_filtered,f_stable_minus_f_single,pr_auc,0.0018620915386285963
phiusiil,iscx_url2016_binary,r03,xgb,primary_domain_filtered,f_stable_minus_f_single,recall,-0.00011684973124559406
phiusiil,iscx_url2016_binary,r03,xgb,primary_domain_filtered,f_stable_minus_f_single,fpr,0.0
phiusiil,iscx_url2016_binary,r03,xgb,primary_domain_filtered,f_stable_minus_f_single,balanced_accuracy,-5.842486562279703e-05
phiusiil,iscx_url2016_binary,r03,xgb,unfiltered,f_single_minus_f_all,macro_f1,1.4823743770819853e-05
phiusiil,iscx_url2016_binary,r03,xgb,unfiltered,f_single_minus_f_all,roc_auc,0.04854928254317223
phiusiil,iscx_url2016_binary,r03,xgb,unfiltered,f_single_minus_f_all,pr_auc,0.0019109075923390562
phiusiil,iscx_url2016_binary,r03,xgb,unfiltered,f_single_minus_f_all,recall,0.00010035122930263096
phiusiil,iscx_url2016_binary,r03,xgb,unfiltered,f_single_minus_f_all,fpr,0.0
phiusiil,iscx_url2016_binary,r03,xgb,unfiltered,f_single_minus_f_all,balanced_accuracy,5.017561465131548e-05
phiusiil,iscx_url2016_binary,r03,xgb,unfiltered,f_stable_minus_f_all,macro_f1,-2.9649095788009117e-05
phiusiil,iscx_url2016_binary,r03,xgb,unfiltered,f_stable_minus_f_all,roc_auc,0.05620398825364731
phiusiil,iscx_url2016_binary,r03,xgb,unfiltered,f_stable_minus_f_all,pr_auc,0.003628389056222453
phiusiil,iscx_url2016_binary,r03,xgb,unfiltered,f_stable_minus_f_all,recall,-0.00020070245860503988
phiusiil,iscx_url2016_binary,r03,xgb,unfiltered,f_stable_minus_f_all,fpr,0.0
phiusiil,iscx_url2016_binary,r03,xgb,unfiltered,f_stable_minus_f_all,balanced_accuracy,-0.00010035122930251994
phiusiil,iscx_url2016_binary,r03,xgb,unfiltered,f_stable_minus_f_single,macro_f1,-4.447283955882897e-05
phiusiil,iscx_url2016_binary,r03,xgb,unfiltered,f_stable_minus_f_single,roc_auc,0.007654705710475079
phiusiil,iscx_url2016_binary,r03,xgb,unfiltered,f_stable_minus_f_single,pr_auc,0.0017174814638833968
phiusiil,iscx_url2016_binary,r03,xgb,unfiltered,f_stable_minus_f_single,recall,-0.00030105368790767084
phiusiil,iscx_url2016_binary,r03,xgb,unfiltered,f_stable_minus_f_single,fpr,0.0
phiusiil,iscx_url2016_binary,r03,xgb,unfiltered,f_stable_minus_f_single,balanced_accuracy,-0.00015052684395383542
phiusiil,iscx_url2016_binary,r04,lr,primary_domain_filtered,f_single_minus_f_all,macro_f1,0.05518033561408875
phiusiil,iscx_url2016_binary,r04,lr,primary_domain_filtered,f_single_minus_f_all,roc_auc,0.024162296888859625
phiusiil,iscx_url2016_binary,r04,lr,primary_domain_filtered,f_single_minus_f_all,pr_auc,0.009690414053055763
phiusiil,iscx_url2016_binary,r04,lr,primary_domain_filtered,f_single_minus_f_all,recall,-0.004607750472589878
phiusiil,iscx_url2016_binary,r04,lr,primary_domain_filtered,f_single_minus_f_all,fpr,-0.05610016796457473
phiusiil,iscx_url2016_binary,r04,lr,primary_domain_filtered,f_single_minus_f_all,balanced_accuracy,0.025746208745992427
phiusiil,iscx_url2016_binary,r04,lr,primary_domain_filtered,f_stable_minus_f_all,macro_f1,-0.031883817307504
phiusiil,iscx_url2016_binary,r04,lr,primary_domain_filtered,f_stable_minus_f_all,roc_auc,-0.039946806767999554
phiusiil,iscx_url2016_binary,r04,lr,primary_domain_filtered,f_stable_minus_f_all,pr_auc,-0.014528388195511749
phiusiil,iscx_url2016_binary,r04,lr,primary_domain_filtered,f_stable_minus_f_all,recall,0.0003544423440453581
phiusiil,iscx_url2016_binary,r04,lr,primary_domain_filtered,f_stable_minus_f_all,fpr,0.02998931134524363
phiusiil,iscx_url2016_binary,r04,lr,primary_domain_filtered,f_stable_minus_f_all,balanced_accuracy,-0.014817434500599136
phiusiil,iscx_url2016_binary,r04,lr,primary_domain_filtered,f_stable_minus_f_single,macro_f1,-0.08706415292159275
phiusiil,iscx_url2016_binary,r04,lr,primary_domain_filtered,f_stable_minus_f_single,roc_auc,-0.06410910365685918
phiusiil,iscx_url2016_binary,r04,lr,primary_domain_filtered,f_stable_minus_f_single,pr_auc,-0.02421880224856751
phiusiil,iscx_url2016_binary,r04,lr,primary_domain_filtered,f_stable_minus_f_single,recall,0.004962192816635236
phiusiil,iscx_url2016_binary,r04,lr,primary_domain_filtered,f_stable_minus_f_single,fpr,0.08608947930981836
phiusiil,iscx_url2016_binary,r04,lr,primary_domain_filtered,f_stable_minus_f_single,balanced_accuracy,-0.04056364324659156
phiusiil,iscx_url2016_binary,r04,lr,unfiltered,f_single_minus_f_all,macro_f1,0.05159661813923619
phiusiil,iscx_url2016_binary,r04,lr,unfiltered,f_single_minus_f_all,roc_auc,0.006722206279273002
phiusiil,iscx_url2016_binary,r04,lr,unfiltered,f_single_minus_f_all,pr_auc,0.001221431731967343
phiusiil,iscx_url2016_binary,r04,lr,unfiltered,f_single_minus_f_all,recall,-0.004515805318615174
phiusiil,iscx_url2016_binary,r04,lr,unfiltered,f_single_minus_f_all,fpr,-0.05198145740290572
phiusiil,iscx_url2016_binary,r04,lr,unfiltered,f_single_minus_f_all,balanced_accuracy,0.023732826042145216
phiusiil,iscx_url2016_binary,r04,lr,unfiltered,f_stable_minus_f_all,macro_f1,-0.029775805679165518
phiusiil,iscx_url2016_binary,r04,lr,unfiltered,f_stable_minus_f_all,roc_auc,-0.03738183988807897
phiusiil,iscx_url2016_binary,r04,lr,unfiltered,f_stable_minus_f_all,pr_auc,-0.013812043974680527
phiusiil,iscx_url2016_binary,r04,lr,unfiltered,f_stable_minus_f_all,recall,-0.00030105368790767084
phiusiil,iscx_url2016_binary,r04,lr,unfiltered,f_stable_minus_f_all,fpr,0.027757363333144935
phiusiil,iscx_url2016_binary,r04,lr,unfiltered,f_stable_minus_f_all,balanced_accuracy,-0.014029208510526359
phiusiil,iscx_url2016_binary,r04,lr,unfiltered,f_stable_minus_f_single,macro_f1,-0.0813724238184017
phiusiil,iscx_url2016_binary,r04,lr,unfiltered,f_stable_minus_f_single,roc_auc,-0.044104046167351973
phiusiil,iscx_url2016_binary,r04,lr,unfiltered,f_stable_minus_f_single,pr_auc,-0.01503347570664787
phiusiil,iscx_url2016_binary,r04,lr,unfiltered,f_stable_minus_f_single,recall,0.004214751630707503
phiusiil,iscx_url2016_binary,r04,lr,unfiltered,f_stable_minus_f_single,fpr,0.07973882073605065
phiusiil,iscx_url2016_binary,r04,lr,unfiltered,f_stable_minus_f_single,balanced_accuracy,-0.037762034552671575
phiusiil,iscx_url2016_binary,r04,rf,primary_domain_filtered,f_single_minus_f_all,macro_f1,5.340549517063309e-07
phiusiil,iscx_url2016_binary,r04,rf,primary_domain_filtered,f_single_minus_f_all,roc_auc,-7.006401646908467e-05
phiusiil,iscx_url2016_binary,r04,rf,primary_domain_filtered,f_single_minus_f_all,pr_auc,-7.94520742322391e-05
phiusiil,iscx_url2016_binary,r04,rf,primary_domain_filtered,f_single_minus_f_all,recall,-0.00023629489603027576
phiusiil,iscx_url2016_binary,r04,rf,primary_domain_filtered,f_single_minus_f_all,fpr,-3.0539013589847563e-05
phiusiil,iscx_url2016_binary,r04,rf,primary_domain_filtered,f_single_minus_f_all,balanced_accuracy,-0.0001028779412202141
phiusiil,iscx_url2016_binary,r04,rf,primary_domain_filtered,f_stable_minus_f_all,macro_f1,5.340549517063309e-07
phiusiil,iscx_url2016_binary,r04,rf,primary_domain_filtered,f_stable_minus_f_all,roc_auc,-0.012143333258284594
phiusiil,iscx_url2016_binary,r04,rf,primary_domain_filtered,f_stable_minus_f_all,pr_auc,-0.003840680775108296
phiusiil,iscx_url2016_binary,r04,rf,primary_domain_filtered,f_stable_minus_f_all,recall,-0.00023629489603027576
phiusiil,iscx_url2016_binary,r04,rf,primary_domain_filtered,f_stable_minus_f_all,fpr,-3.0539013589847563e-05
phiusiil,iscx_url2016_binary,r04,rf,primary_domain_filtered,f_stable_minus_f_all,balanced_accuracy,-0.0001028779412202141
phiusiil,iscx_url2016_binary,r04,rf,primary_domain_filtered,f_stable_minus_f_single,macro_f1,0.0
phiusiil,iscx_url2016_binary,r04,rf,primary_domain_filtered,f_stable_minus_f_single,roc_auc,-0.01207326924181551
phiusiil,iscx_url2016_binary,r04,rf,primary_domain_filtered,f_stable_minus_f_single,pr_auc,-0.003761228700876057
phiusiil,iscx_url2016_binary,r04,rf,primary_domain_filtered,f_stable_minus_f_single,recall,0.0
phiusiil,iscx_url2016_binary,r04,rf,primary_domain_filtered,f_stable_minus_f_single,fpr,0.0
phiusiil,iscx_url2016_binary,r04,rf,primary_domain_filtered,f_stable_minus_f_single,balanced_accuracy,0.0
phiusiil,iscx_url2016_binary,r04,rf,unfiltered,f_single_minus_f_all,macro_f1,-5.7485224655817735e-05
phiusiil,iscx_url2016_binary,r04,rf,unfiltered,f_single_minus_f_all,roc_auc,0.0030372542805353064
phiusiil,iscx_url2016_binary,r04,rf,unfiltered,f_single_minus_f_all,pr_auc,0.0009685479219996296
phiusiil,iscx_url2016_binary,r04,rf,unfiltered,f_single_minus_f_all,recall,-0.0006021073758154527
phiusiil,iscx_url2016_binary,r04,rf,unfiltered,f_single_minus_f_all,fpr,-2.826615410711497e-05
phiusiil,iscx_url2016_binary,r04,rf,unfiltered,f_single_minus_f_all,balanced_accuracy,-0.00028692061085405784
phiusiil,iscx_url2016_binary,r04,rf,unfiltered,f_stable_minus_f_all,macro_f1,-5.7485224655817735e-05
phiusiil,iscx_url2016_binary,r04,rf,unfiltered,f_stable_minus_f_all,roc_auc,-0.009619245969066381
phiusiil,iscx_url2016_binary,r04,rf,unfiltered,f_stable_minus_f_all,pr_auc,-0.003188271890781552
phiusiil,iscx_url2016_binary,r04,rf,unfiltered,f_stable_minus_f_all,recall,-0.0006021073758154527
phiusiil,iscx_url2016_binary,r04,rf,unfiltered,f_stable_minus_f_all,fpr,-2.826615410711497e-05
phiusiil,iscx_url2016_binary,r04,rf,unfiltered,f_stable_minus_f_all,balanced_accuracy,-0.00028692061085405784
phiusiil,iscx_url2016_binary,r04,rf,unfiltered,f_stable_minus_f_single,macro_f1,0.0
phiusiil,iscx_url2016_binary,r04,rf,unfiltered,f_stable_minus_f_single,roc_auc,-0.012656500249601688
phiusiil,iscx_url2016_binary,r04,rf,unfiltered,f_stable_minus_f_single,pr_auc,-0.004156819812781182
phiusiil,iscx_url2016_binary,r04,rf,unfiltered,f_stable_minus_f_single,recall,0.0
phiusiil,iscx_url2016_binary,r04,rf,unfiltered,f_stable_minus_f_single,fpr,0.0
phiusiil,iscx_url2016_binary,r04,rf,unfiltered,f_stable_minus_f_single,balanced_accuracy,0.0
phiusiil,iscx_url2016_binary,r04,xgb,primary_domain_filtered,f_single_minus_f_all,macro_f1,2.7755575615628914e-17
phiusiil,iscx_url2016_binary,r04,xgb,primary_domain_filtered,f_single_minus_f_all,roc_auc,0.005540844703920245
phiusiil,iscx_url2016_binary,r04,xgb,primary_domain_filtered,f_single_minus_f_all,pr_auc,0.0007707726286007993
phiusiil,iscx_url2016_binary,r04,xgb,primary_domain_filtered,f_single_minus_f_all,recall,-1.1102230246251565e-16
phiusiil,iscx_url2016_binary,r04,xgb,primary_domain_filtered,f_single_minus_f_all,fpr,0.0
phiusiil,iscx_url2016_binary,r04,xgb,primary_domain_filtered,f_single_minus_f_all,balanced_accuracy,5.551115123125783e-17
phiusiil,iscx_url2016_binary,r04,xgb,primary_domain_filtered,f_stable_minus_f_all,macro_f1,0.0001336429977703002
phiusiil,iscx_url2016_binary,r04,xgb,primary_domain_filtered,f_stable_minus_f_all,roc_auc,0.03409448685653389
phiusiil,iscx_url2016_binary,r04,xgb,primary_domain_filtered,f_stable_minus_f_all,pr_auc,0.0029538410128017306
phiusiil,iscx_url2016_binary,r04,xgb,primary_domain_filtered,f_stable_minus_f_all,recall,0.000945179584120881
phiusiil,iscx_url2016_binary,r04,xgb,primary_domain_filtered,f_stable_minus_f_all,fpr,0.0
phiusiil,iscx_url2016_binary,r04,xgb,primary_domain_filtered,f_stable_minus_f_all,balanced_accuracy,0.0004725897920605515
phiusiil,iscx_url2016_binary,r04,xgb,primary_domain_filtered,f_stable_minus_f_single,macro_f1,0.00013364299777027244
phiusiil,iscx_url2016_binary,r04,xgb,primary_domain_filtered,f_stable_minus_f_single,roc_auc,0.028553642152613648
phiusiil,iscx_url2016_binary,r04,xgb,primary_domain_filtered,f_stable_minus_f_single,pr_auc,0.0021830683842009313
phiusiil,iscx_url2016_binary,r04,xgb,primary_domain_filtered,f_stable_minus_f_single,recall,0.000945179584120992
phiusiil,iscx_url2016_binary,r04,xgb,primary_domain_filtered,f_stable_minus_f_single,fpr,0.0
phiusiil,iscx_url2016_binary,r04,xgb,primary_domain_filtered,f_stable_minus_f_single,balanced_accuracy,0.000472589792060496
phiusiil,iscx_url2016_binary,r04,xgb,unfiltered,f_single_minus_f_all,macro_f1,-1.483017856004909e-05
phiusiil,iscx_url2016_binary,r04,xgb,unfiltered,f_single_minus_f_all,roc_auc,0.0383404213350379
phiusiil,iscx_url2016_binary,r04,xgb,unfiltered,f_single_minus_f_all,pr_auc,0.0015279669468081791
phiusiil,iscx_url2016_binary,r04,xgb,unfiltered,f_single_minus_f_all,recall,-0.00010035122930263096
phiusiil,iscx_url2016_binary,r04,xgb,unfiltered,f_single_minus_f_all,fpr,0.0
phiusiil,iscx_url2016_binary,r04,xgb,unfiltered,f_single_minus_f_all,balanced_accuracy,-5.017561465120446e-05
phiusiil,iscx_url2016_binary,r04,xgb,unfiltered,f_stable_minus_f_all,macro_f1,0.000133447472871695
phiusiil,iscx_url2016_binary,r04,xgb,unfiltered,f_stable_minus_f_all,roc_auc,0.03828658799778541
phiusiil,iscx_url2016_binary,r04,xgb,unfiltered,f_stable_minus_f_all,pr_auc,0.002821030959950177
phiusiil,iscx_url2016_binary,r04,xgb,unfiltered,f_stable_minus_f_all,recall,0.0009031610637230125
phiusiil,iscx_url2016_binary,r04,xgb,unfiltered,f_stable_minus_f_all,fpr,0.0
phiusiil,iscx_url2016_binary,r04,xgb,unfiltered,f_stable_minus_f_all,balanced_accuracy,0.0004515805318616173
phiusiil,iscx_url2016_binary,r04,xgb,unfiltered,f_stable_minus_f_single,macro_f1,0.0001482776514317441
phiusiil,iscx_url2016_binary,r04,xgb,unfiltered,f_stable_minus_f_single,roc_auc,-5.383333725249295e-05
phiusiil,iscx_url2016_binary,r04,xgb,unfiltered,f_stable_minus_f_single,pr_auc,0.001293064013141998
phiusiil,iscx_url2016_binary,r04,xgb,unfiltered,f_stable_minus_f_single,recall,0.0010035122930256435
phiusiil,iscx_url2016_binary,r04,xgb,unfiltered,f_stable_minus_f_single,fpr,0.0
phiusiil,iscx_url2016_binary,r04,xgb,unfiltered,f_stable_minus_f_single,balanced_accuracy,0.0005017561465128217
phiusiil,iscx_url2016_binary,r05,lr,primary_domain_filtered,f_single_minus_f_all,macro_f1,-0.007164795534531532
phiusiil,iscx_url2016_binary,r05,lr,primary_domain_filtered,f_single_minus_f_all,roc_auc,-0.009040937533550508
phiusiil,iscx_url2016_binary,r05,lr,primary_domain_filtered,f_single_minus_f_all,pr_auc,-0.00353552004490873
phiusiil,iscx_url2016_binary,r05,lr,primary_domain_filtered,f_single_minus_f_all,recall,0.0005908070424197609
phiusiil,iscx_url2016_binary,r05,lr,primary_domain_filtered,f_single_minus_f_all,fpr,0.007175651433609986
phiusiil,iscx_url2016_binary,r05,lr,primary_domain_filtered,f_single_minus_f_all,balanced_accuracy,-0.0032924221955951127
phiusiil,iscx_url2016_binary,r05,lr,primary_domain_filtered,f_stable_minus_f_all,macro_f1,-0.032114721887593206
phiusiil,iscx_url2016_binary,r05,lr,primary_domain_filtered,f_stable_minus_f_all,roc_auc,-0.02805563528729116
phiusiil,iscx_url2016_binary,r05,lr,primary_domain_filtered,f_stable_minus_f_all,pr_auc,-0.010518233606633287
phiusiil,iscx_url2016_binary,r05,lr,primary_domain_filtered,f_stable_minus_f_all,recall,0.0005908070424197609
phiusiil,iscx_url2016_binary,r05,lr,primary_domain_filtered,f_stable_minus_f_all,fpr,0.031256651159962234
phiusiil,iscx_url2016_binary,r05,lr,primary_domain_filtered,f_stable_minus_f_all,balanced_accuracy,-0.015332922058771237
phiusiil,iscx_url2016_binary,r05,lr,primary_domain_filtered,f_stable_minus_f_single,macro_f1,-0.024949926353061674
phiusiil,iscx_url2016_binary,r05,lr,primary_domain_filtered,f_stable_minus_f_single,roc_auc,-0.01901469775374065
phiusiil,iscx_url2016_binary,r05,lr,primary_domain_filtered,f_stable_minus_f_single,pr_auc,-0.006982713561724557
phiusiil,iscx_url2016_binary,r05,lr,primary_domain_filtered,f_stable_minus_f_single,recall,0.0
phiusiil,iscx_url2016_binary,r05,lr,primary_domain_filtered,f_stable_minus_f_single,fpr,0.024080999726352248
phiusiil,iscx_url2016_binary,r05,lr,primary_domain_filtered,f_stable_minus_f_single,balanced_accuracy,-0.012040499863176124
phiusiil,iscx_url2016_binary,r05,lr,unfiltered,f_single_minus_f_all,macro_f1,-0.006744094448637827
phiusiil,iscx_url2016_binary,r05,lr,unfiltered,f_single_minus_f_all,roc_auc,-0.008826861849590029
phiusiil,iscx_url2016_binary,r05,lr,unfiltered,f_single_minus_f_all,pr_auc,-0.0034551616071817337
phiusiil,iscx_url2016_binary,r05,lr,unfiltered,f_single_minus_f_all,recall,0.0004014049172101908
phiusiil,iscx_url2016_binary,r05,lr,unfiltered,f_single_minus_f_all,fpr,0.006670812369269141
phiusiil,iscx_url2016_binary,r05,lr,unfiltered,f_single_minus_f_all,balanced_accuracy,-0.0031347037260295307
phiusiil,iscx_url2016_binary,r05,lr,unfiltered,f_stable_minus_f_all,macro_f1,-0.030226856575928024
phiusiil,iscx_url2016_binary,r05,lr,unfiltered,f_stable_minus_f_all,roc_auc,-0.026604919751778477
phiusiil,iscx_url2016_binary,r05,lr,unfiltered,f_stable_minus_f_all,pr_auc,-0.010112327006445349
phiusiil,iscx_url2016_binary,r05,lr,unfiltered,f_stable_minus_f_all,recall,-0.00030105368790778186
phiusiil,iscx_url2016_binary,r05,lr,unfiltered,f_stable_minus_f_all,fpr,0.029057606422070337
phiusiil,iscx_url2016_binary,r05,lr,unfiltered,f_stable_minus_f_all,balanced_accuracy,-0.014679330054989004
phiusiil,iscx_url2016_binary,r05,lr,unfiltered,f_stable_minus_f_single,macro_f1,-0.023482762127290197
phiusiil,iscx_url2016_binary,r05,lr,unfiltered,f_stable_minus_f_single,roc_auc,-0.01777805790218845
phiusiil,iscx_url2016_binary,r05,lr,unfiltered,f_stable_minus_f_single,pr_auc,-0.006657165399263615
phiusiil,iscx_url2016_binary,r05,lr,unfiltered,f_stable_minus_f_single,recall,-0.0007024586051179726
phiusiil,iscx_url2016_binary,r05,lr,unfiltered,f_stable_minus_f_single,fpr,0.022386794052801195
phiusiil,iscx_url2016_binary,r05,lr,unfiltered,f_stable_minus_f_single,balanced_accuracy,-0.011544626328959473
phiusiil,iscx_url2016_binary,r05,rf,primary_domain_filtered,f_single_minus_f_all,macro_f1,8.326672684688674e-17
phiusiil,iscx_url2016_binary,r05,rf,primary_domain_filtered,f_single_minus_f_all,roc_auc,0.005734791096403347
phiusiil,iscx_url2016_binary,r05,rf,primary_domain_filtered,f_single_minus_f_all,pr_auc,0.001830780233003454
phiusiil,iscx_url2016_binary,r05,rf,primary_domain_filtered,f_single_minus_f_all,recall,1.1102230246251565e-16
phiusiil,iscx_url2016_binary,r05,rf,primary_domain_filtered,f_single_minus_f_all,fpr,0.0
phiusiil,iscx_url2016_binary,r05,rf,primary_domain_filtered,f_single_minus_f_all,balanced_accuracy,5.551115123125783e-17
phiusiil,iscx_url2016_binary,r05,rf,primary_domain_filtered,f_stable_minus_f_all,macro_f1,8.326672684688674e-17
phiusiil,iscx_url2016_binary,r05,rf,primary_domain_filtered,f_stable_minus_f_all,roc_auc,0.011222159626028405
phiusiil,iscx_url2016_binary,r05,rf,primary_domain_filtered,f_stable_minus_f_all,pr_auc,0.003591517679905565
phiusiil,iscx_url2016_binary,r05,rf,primary_domain_filtered,f_stable_minus_f_all,recall,1.1102230246251565e-16
phiusiil,iscx_url2016_binary,r05,rf,primary_domain_filtered,f_stable_minus_f_all,fpr,0.0
phiusiil,iscx_url2016_binary,r05,rf,primary_domain_filtered,f_stable_minus_f_all,balanced_accuracy,5.551115123125783e-17
phiusiil,iscx_url2016_binary,r05,rf,primary_domain_filtered,f_stable_minus_f_single,macro_f1,0.0
phiusiil,iscx_url2016_binary,r05,rf,primary_domain_filtered,f_stable_minus_f_single,roc_auc,0.0054873685296250585
phiusiil,iscx_url2016_binary,r05,rf,primary_domain_filtered,f_stable_minus_f_single,pr_auc,0.0017607374469021109
phiusiil,iscx_url2016_binary,r05,rf,primary_domain_filtered,f_stable_minus_f_single,recall,0.0
phiusiil,iscx_url2016_binary,r05,rf,primary_domain_filtered,f_stable_minus_f_single,fpr,0.0
phiusiil,iscx_url2016_binary,r05,rf,primary_domain_filtered,f_stable_minus_f_single,balanced_accuracy,0.0
phiusiil,iscx_url2016_binary,r05,rf,unfiltered,f_single_minus_f_all,macro_f1,0.0
phiusiil,iscx_url2016_binary,r05,rf,unfiltered,f_single_minus_f_all,roc_auc,0.0063345883808321735
phiusiil,iscx_url2016_binary,r05,rf,unfiltered,f_single_minus_f_all,pr_auc,0.002125165181553368
phiusiil,iscx_url2016_binary,r05,rf,unfiltered,f_single_minus_f_all,recall,-1.1102230246251565e-16
phiusiil,iscx_url2016_binary,r05,rf,unfiltered,f_single_minus_f_all,fpr,0.0
phiusiil,iscx_url2016_binary,r05,rf,unfiltered,f_single_minus_f_all,balanced_accuracy,5.551115123125783e-17
phiusiil,iscx_url2016_binary,r05,rf,unfiltered,f_stable_minus_f_all,macro_f1,0.0
phiusiil,iscx_url2016_binary,r05,rf,unfiltered,f_stable_minus_f_all,roc_auc,0.01081028639528303
phiusiil,iscx_url2016_binary,r05,rf,unfiltered,f_stable_minus_f_all,pr_auc,0.0036480104241549127
phiusiil,iscx_url2016_binary,r05,rf,unfiltered,f_stable_minus_f_all,recall,-1.1102230246251565e-16
phiusiil,iscx_url2016_binary,r05,rf,unfiltered,f_stable_minus_f_all,fpr,0.0
phiusiil,iscx_url2016_binary,r05,rf,unfiltered,f_stable_minus_f_all,balanced_accuracy,5.551115123125783e-17
phiusiil,iscx_url2016_binary,r05,rf,unfiltered,f_stable_minus_f_single,macro_f1,0.0
phiusiil,iscx_url2016_binary,r05,rf,unfiltered,f_stable_minus_f_single,roc_auc,0.004475698014450857
phiusiil,iscx_url2016_binary,r05,rf,unfiltered,f_stable_minus_f_single,pr_auc,0.0015228452426015449
phiusiil,iscx_url2016_binary,r05,rf,unfiltered,f_stable_minus_f_single,recall,0.0
phiusiil,iscx_url2016_binary,r05,rf,unfiltered,f_stable_minus_f_single,fpr,0.0
phiusiil,iscx_url2016_binary,r05,rf,unfiltered,f_stable_minus_f_single,balanced_accuracy,0.0
phiusiil,iscx_url2016_binary,r05,xgb,primary_domain_filtered,f_single_minus_f_all,macro_f1,6.666624436013624e-05
phiusiil,iscx_url2016_binary,r05,xgb,primary_domain_filtered,f_single_minus_f_all,roc_auc,-0.011190433993822524
phiusiil,iscx_url2016_binary,r05,xgb,primary_domain_filtered,f_single_minus_f_all,pr_auc,-0.0008340424286424758
phiusiil,iscx_url2016_binary,r05,xgb,primary_domain_filtered,f_single_minus_f_all,recall,0.00047264563393600856
phiusiil,iscx_url2016_binary,r05,xgb,primary_domain_filtered,f_single_minus_f_all,fpr,0.0
phiusiil,iscx_url2016_binary,r05,xgb,primary_domain_filtered,f_single_minus_f_all,balanced_accuracy,0.00023632281696800428
phiusiil,iscx_url2016_binary,r05,xgb,primary_domain_filtered,f_stable_minus_f_all,macro_f1,8.333113257094626e-05
phiusiil,iscx_url2016_binary,r05,xgb,primary_domain_filtered,f_stable_minus_f_all,roc_auc,-0.03306558703303768
phiusiil,iscx_url2016_binary,r05,xgb,primary_domain_filtered,f_stable_minus_f_all,pr_auc,-0.0018715107136145215
phiusiil,iscx_url2016_binary,r05,xgb,primary_domain_filtered,f_stable_minus_f_all,recall,0.0005908070424199829
phiusiil,iscx_url2016_binary,r05,xgb,primary_domain_filtered,f_stable_minus_f_all,fpr,0.0
phiusiil,iscx_url2016_binary,r05,xgb,primary_domain_filtered,f_stable_minus_f_all,balanced_accuracy,0.00029540352120999147
phiusiil,iscx_url2016_binary,r05,xgb,primary_domain_filtered,f_stable_minus_f_single,macro_f1,1.6664888210810025e-05
phiusiil,iscx_url2016_binary,r05,xgb,primary_domain_filtered,f_stable_minus_f_single,roc_auc,-0.021875153039215153
phiusiil,iscx_url2016_binary,r05,xgb,primary_domain_filtered,f_stable_minus_f_single,pr_auc,-0.0010374682849720457
phiusiil,iscx_url2016_binary,r05,xgb,primary_domain_filtered,f_stable_minus_f_single,recall,0.00011816140848397438
phiusiil,iscx_url2016_binary,r05,xgb,primary_domain_filtered,f_stable_minus_f_single,fpr,0.0
phiusiil,iscx_url2016_binary,r05,xgb,primary_domain_filtered,f_stable_minus_f_single,balanced_accuracy,5.908070424198719e-05
phiusiil,iscx_url2016_binary,r05,xgb,unfiltered,f_single_minus_f_all,macro_f1,7.413212226509147e-05
phiusiil,iscx_url2016_binary,r05,xgb,unfiltered,f_single_minus_f_all,roc_auc,-0.03981039608441289
phiusiil,iscx_url2016_binary,r05,xgb,unfiltered,f_single_minus_f_all,pr_auc,-0.0016062985462850787
phiusiil,iscx_url2016_binary,r05,xgb,unfiltered,f_single_minus_f_all,recall,0.0005017561465128217
phiusiil,iscx_url2016_binary,r05,xgb,unfiltered,f_single_minus_f_all,fpr,0.0
phiusiil,iscx_url2016_binary,r05,xgb,unfiltered,f_single_minus_f_all,balanced_accuracy,0.00025087807325641087
phiusiil,iscx_url2016_binary,r05,xgb,unfiltered,f_stable_minus_f_all,macro_f1,0.00011860496182392044
phiusiil,iscx_url2016_binary,r05,xgb,unfiltered,f_stable_minus_f_all,roc_auc,-0.06735605400744422
phiusiil,iscx_url2016_binary,r05,xgb,unfiltered,f_stable_minus_f_all,pr_auc,-0.0029205301138449102
phiusiil,iscx_url2016_binary,r05,xgb,unfiltered,f_stable_minus_f_all,recall,0.0008028098344204926
phiusiil,iscx_url2016_binary,r05,xgb,unfiltered,f_stable_minus_f_all,fpr,0.0
phiusiil,iscx_url2016_binary,r05,xgb,unfiltered,f_stable_minus_f_all,balanced_accuracy,0.0004014049172102463
phiusiil,iscx_url2016_binary,r05,xgb,unfiltered,f_stable_minus_f_single,macro_f1,4.447283955882897e-05
phiusiil,iscx_url2016_binary,r05,xgb,unfiltered,f_stable_minus_f_single,roc_auc,-0.027545657923031333
phiusiil,iscx_url2016_binary,r05,xgb,unfiltered,f_stable_minus_f_single,pr_auc,-0.0013142315675598315
phiusiil,iscx_url2016_binary,r05,xgb,unfiltered,f_stable_minus_f_single,recall,0.00030105368790767084
phiusiil,iscx_url2016_binary,r05,xgb,unfiltered,f_stable_minus_f_single,fpr,0.0
phiusiil,iscx_url2016_binary,r05,xgb,unfiltered,f_stable_minus_f_single,balanced_accuracy,0.00015052684395383542
phiusiil,iscx_url2016_binary,r06,lr,primary_domain_filtered,f_single_minus_f_all,macro_f1,0.05314008238194215
phiusiil,iscx_url2016_binary,r06,lr,primary_domain_filtered,f_single_minus_f_all,roc_auc,0.02972070845727104
phiusiil,iscx_url2016_binary,r06,lr,primary_domain_filtered,f_single_minus_f_all,pr_auc,0.011951746866109059
phiusiil,iscx_url2016_binary,r06,lr,primary_domain_filtered,f_single_minus_f_all,recall,-0.0038569424964938204
phiusiil,iscx_url2016_binary,r06,lr,primary_domain_filtered,f_single_minus_f_all,fpr,-0.0555705422174263
phiusiil,iscx_url2016_binary,r06,lr,primary_domain_filtered,f_single_minus_f_all,balanced_accuracy,0.025856799860466406
phiusiil,iscx_url2016_binary,r06,lr,primary_domain_filtered,f_stable_minus_f_all,macro_f1,-0.032193682116311156
phiusiil,iscx_url2016_binary,r06,lr,primary_domain_filtered,f_stable_minus_f_all,roc_auc,-0.023868471296170424
phiusiil,iscx_url2016_binary,r06,lr,primary_domain_filtered,f_stable_minus_f_all,pr_auc,-0.00883917520898686
phiusiil,iscx_url2016_binary,r06,lr,primary_domain_filtered,f_stable_minus_f_all,recall,0.0010518934081344966
phiusiil,iscx_url2016_binary,r06,lr,primary_domain_filtered,f_stable_minus_f_all,fpr,0.03135209663399585
phiusiil,iscx_url2016_binary,r06,lr,primary_domain_filtered,f_stable_minus_f_all,balanced_accuracy,-0.015150101612930622
phiusiil,iscx_url2016_binary,r06,lr,primary_domain_filtered,f_stable_minus_f_single,macro_f1,-0.0853337644982533
phiusiil,iscx_url2016_binary,r06,lr,primary_domain_filtered,f_stable_minus_f_single,roc_auc,-0.05358917975344146
phiusiil,iscx_url2016_binary,r06,lr,primary_domain_filtered,f_stable_minus_f_single,pr_auc,-0.02079092207509592
phiusiil,iscx_url2016_binary,r06,lr,primary_domain_filtered,f_stable_minus_f_single,recall,0.004908835904628317
phiusiil,iscx_url2016_binary,r06,lr,primary_domain_filtered,f_stable_minus_f_single,fpr,0.08692263885142215
phiusiil,iscx_url2016_binary,r06,lr,primary_domain_filtered,f_stable_minus_f_single,balanced_accuracy,-0.04100690147339703
phiusiil,iscx_url2016_binary,r06,lr,unfiltered,f_single_minus_f_all,macro_f1,0.05064370528876172
phiusiil,iscx_url2016_binary,r06,lr,unfiltered,f_single_minus_f_all,roc_auc,0.012189355604585561
phiusiil,iscx_url2016_binary,r06,lr,unfiltered,f_single_minus_f_all,pr_auc,0.0032951788934561244
phiusiil,iscx_url2016_binary,r06,lr,unfiltered,f_single_minus_f_all,recall,-0.003913697942799943
phiusiil,iscx_url2016_binary,r06,lr,unfiltered,f_single_minus_f_all,fpr,-0.05249024817683312
phiusiil,iscx_url2016_binary,r06,lr,unfiltered,f_single_minus_f_all,balanced_accuracy,0.02428827511701659
phiusiil,iscx_url2016_binary,r06,lr,unfiltered,f_stable_minus_f_all,macro_f1,-0.030662366927484946
phiusiil,iscx_url2016_binary,r06,lr,unfiltered,f_stable_minus_f_all,roc_auc,-0.023121223337592034
phiusiil,iscx_url2016_binary,r06,lr,unfiltered,f_stable_minus_f_all,pr_auc,-0.008721221713995697
phiusiil,iscx_url2016_binary,r06,lr,unfiltered,f_stable_minus_f_all,recall,0.0004014049172101908
phiusiil,iscx_url2016_binary,r06,lr,unfiltered,f_stable_minus_f_all,fpr,0.029566397195997407
phiusiil,iscx_url2016_binary,r06,lr,unfiltered,f_stable_minus_f_all,balanced_accuracy,-0.014582496139393553
phiusiil,iscx_url2016_binary,r06,lr,unfiltered,f_stable_minus_f_single,macro_f1,-0.08130607221624667
phiusiil,iscx_url2016_binary,r06,lr,unfiltered,f_stable_minus_f_single,roc_auc,-0.035310578942177595
phiusiil,iscx_url2016_binary,r06,lr,unfiltered,f_stable_minus_f_single,pr_auc,-0.012016400607451821
phiusiil,iscx_url2016_binary,r06,lr,unfiltered,f_stable_minus_f_single,recall,0.004315102860010134
phiusiil,iscx_url2016_binary,r06,lr,unfiltered,f_stable_minus_f_single,fpr,0.08205664537283053
phiusiil,iscx_url2016_binary,r06,lr,unfiltered,f_stable_minus_f_single,balanced_accuracy,-0.03887077125641014
phiusiil,iscx_url2016_binary,r06,rf,primary_domain_filtered,f_single_minus_f_all,macro_f1,1.6460998547240813e-05
phiusiil,iscx_url2016_binary,r06,rf,primary_domain_filtered,f_single_minus_f_all,roc_auc,0.007454662685413338
phiusiil,iscx_url2016_binary,r06,rf,primary_domain_filtered,f_single_minus_f_all,pr_auc,0.002387442578072496
phiusiil,iscx_url2016_binary,r06,rf,primary_domain_filtered,f_single_minus_f_all,recall,0.00011687704534835142
phiusiil,iscx_url2016_binary,r06,rf,primary_domain_filtered,f_single_minus_f_all,fpr,0.0
phiusiil,iscx_url2016_binary,r06,rf,primary_domain_filtered,f_single_minus_f_all,balanced_accuracy,5.843852267417571e-05
phiusiil,iscx_url2016_binary,r06,rf,primary_domain_filtered,f_stable_minus_f_all,macro_f1,0.0
phiusiil,iscx_url2016_binary,r06,rf,primary_domain_filtered,f_stable_minus_f_all,roc_auc,-0.01729673598912118
phiusiil,iscx_url2016_binary,r06,rf,primary_domain_filtered,f_stable_minus_f_all,pr_auc,-0.0052234637431161635
phiusiil,iscx_url2016_binary,r06,rf,primary_domain_filtered,f_stable_minus_f_all,recall,0.0
phiusiil,iscx_url2016_binary,r06,rf,primary_domain_filtered,f_stable_minus_f_all,fpr,0.0
phiusiil,iscx_url2016_binary,r06,rf,primary_domain_filtered,f_stable_minus_f_all,balanced_accuracy,0.0
phiusiil,iscx_url2016_binary,r06,rf,primary_domain_filtered,f_stable_minus_f_single,macro_f1,-1.6460998547240813e-05
phiusiil,iscx_url2016_binary,r06,rf,primary_domain_filtered,f_stable_minus_f_single,roc_auc,-0.02475139867453452
phiusiil,iscx_url2016_binary,r06,rf,primary_domain_filtered,f_stable_minus_f_single,pr_auc,-0.00761090632118866
phiusiil,iscx_url2016_binary,r06,rf,primary_domain_filtered,f_stable_minus_f_single,recall,-0.00011687704534835142
phiusiil,iscx_url2016_binary,r06,rf,primary_domain_filtered,f_stable_minus_f_single,fpr,0.0
phiusiil,iscx_url2016_binary,r06,rf,primary_domain_filtered,f_stable_minus_f_single,balanced_accuracy,-5.843852267417571e-05
phiusiil,iscx_url2016_binary,r06,rf,unfiltered,f_single_minus_f_all,macro_f1,1.4829642167590862e-05
phiusiil,iscx_url2016_binary,r06,rf,unfiltered,f_single_minus_f_all,roc_auc,0.00928549970121284
phiusiil,iscx_url2016_binary,r06,rf,unfiltered,f_single_minus_f_all,pr_auc,0.0031373618973082606
phiusiil,iscx_url2016_binary,r06,rf,unfiltered,f_single_minus_f_all,recall,0.00010035122930251994
phiusiil,iscx_url2016_binary,r06,rf,unfiltered,f_single_minus_f_all,fpr,0.0
phiusiil,iscx_url2016_binary,r06,rf,unfiltered,f_single_minus_f_all,balanced_accuracy,5.017561465137099e-05
phiusiil,iscx_url2016_binary,r06,rf,unfiltered,f_stable_minus_f_all,macro_f1,1.4829642167590862e-05
phiusiil,iscx_url2016_binary,r06,rf,unfiltered,f_stable_minus_f_all,roc_auc,-0.013330011930217489
phiusiil,iscx_url2016_binary,r06,rf,unfiltered,f_stable_minus_f_all,pr_auc,-0.004229655492626355
phiusiil,iscx_url2016_binary,r06,rf,unfiltered,f_stable_minus_f_all,recall,0.00010035122930251994
phiusiil,iscx_url2016_binary,r06,rf,unfiltered,f_stable_minus_f_all,fpr,0.0
phiusiil,iscx_url2016_binary,r06,rf,unfiltered,f_stable_minus_f_all,balanced_accuracy,5.017561465137099e-05
phiusiil,iscx_url2016_binary,r06,rf,unfiltered,f_stable_minus_f_single,macro_f1,0.0
phiusiil,iscx_url2016_binary,r06,rf,unfiltered,f_stable_minus_f_single,roc_auc,-0.02261551163143033
phiusiil,iscx_url2016_binary,r06,rf,unfiltered,f_stable_minus_f_single,pr_auc,-0.007367017389934616
phiusiil,iscx_url2016_binary,r06,rf,unfiltered,f_stable_minus_f_single,recall,0.0
phiusiil,iscx_url2016_binary,r06,rf,unfiltered,f_stable_minus_f_single,fpr,0.0
phiusiil,iscx_url2016_binary,r06,rf,unfiltered,f_stable_minus_f_single,balanced_accuracy,0.0
phiusiil,iscx_url2016_binary,r06,xgb,primary_domain_filtered,f_single_minus_f_all,macro_f1,8.326672684688674e-17
phiusiil,iscx_url2016_binary,r06,xgb,primary_domain_filtered,f_single_minus_f_all,roc_auc,-0.0164254900095437
phiusiil,iscx_url2016_binary,r06,xgb,primary_domain_filtered,f_single_minus_f_all,pr_auc,-0.0018709068163661607
phiusiil,iscx_url2016_binary,r06,xgb,primary_domain_filtered,f_single_minus_f_all,recall,0.0
phiusiil,iscx_url2016_binary,r06,xgb,primary_domain_filtered,f_single_minus_f_all,fpr,0.0
phiusiil,iscx_url2016_binary,r06,xgb,primary_domain_filtered,f_single_minus_f_all,balanced_accuracy,0.0
phiusiil,iscx_url2016_binary,r06,xgb,primary_domain_filtered,f_stable_minus_f_all,macro_f1,8.326672684688674e-17
phiusiil,iscx_url2016_binary,r06,xgb,primary_domain_filtered,f_stable_minus_f_all,roc_auc,-0.01876846261805956
phiusiil,iscx_url2016_binary,r06,xgb,primary_domain_filtered,f_stable_minus_f_all,pr_auc,-0.002182282213428227
phiusiil,iscx_url2016_binary,r06,xgb,primary_domain_filtered,f_stable_minus_f_all,recall,0.0
phiusiil,iscx_url2016_binary,r06,xgb,primary_domain_filtered,f_stable_minus_f_all,fpr,0.0
phiusiil,iscx_url2016_binary,r06,xgb,primary_domain_filtered,f_stable_minus_f_all,balanced_accuracy,0.0
phiusiil,iscx_url2016_binary,r06,xgb,primary_domain_filtered,f_stable_minus_f_single,macro_f1,0.0
phiusiil,iscx_url2016_binary,r06,xgb,primary_domain_filtered,f_stable_minus_f_single,roc_auc,-0.0023429726085158614
phiusiil,iscx_url2016_binary,r06,xgb,primary_domain_filtered,f_stable_minus_f_single,pr_auc,-0.0003113753970620664
phiusiil,iscx_url2016_binary,r06,xgb,primary_domain_filtered,f_stable_minus_f_single,recall,0.0
phiusiil,iscx_url2016_binary,r06,xgb,primary_domain_filtered,f_stable_minus_f_single,fpr,0.0
phiusiil,iscx_url2016_binary,r06,xgb,primary_domain_filtered,f_stable_minus_f_single,balanced_accuracy,0.0
phiusiil,iscx_url2016_binary,r06,xgb,unfiltered,f_single_minus_f_all,macro_f1,-1.4823743770764342e-05
phiusiil,iscx_url2016_binary,r06,xgb,unfiltered,f_single_minus_f_all,roc_auc,-0.04070096856891593
phiusiil,iscx_url2016_binary,r06,xgb,unfiltered,f_single_minus_f_all,pr_auc,-0.0039746576435086
phiusiil,iscx_url2016_binary,r06,xgb,unfiltered,f_single_minus_f_all,recall,-0.00010035122930274198
phiusiil,iscx_url2016_binary,r06,xgb,unfiltered,f_single_minus_f_all,fpr,0.0
phiusiil,iscx_url2016_binary,r06,xgb,unfiltered,f_single_minus_f_all,balanced_accuracy,-5.017561465125997e-05
phiusiil,iscx_url2016_binary,r06,xgb,unfiltered,f_stable_minus_f_all,macro_f1,2.7755575615628914e-17
phiusiil,iscx_url2016_binary,r06,xgb,unfiltered,f_stable_minus_f_all,roc_auc,-0.055370085649708925
phiusiil,iscx_url2016_binary,r06,xgb,unfiltered,f_stable_minus_f_all,pr_auc,-0.004404278945175699
phiusiil,iscx_url2016_binary,r06,xgb,unfiltered,f_stable_minus_f_all,recall,-1.1102230246251565e-16
phiusiil,iscx_url2016_binary,r06,xgb,unfiltered,f_stable_minus_f_all,fpr,0.0
phiusiil,iscx_url2016_binary,r06,xgb,unfiltered,f_stable_minus_f_all,balanced_accuracy,5.551115123125783e-17
phiusiil,iscx_url2016_binary,r06,xgb,unfiltered,f_stable_minus_f_single,macro_f1,1.4823743770792097e-05
phiusiil,iscx_url2016_binary,r06,xgb,unfiltered,f_stable_minus_f_single,roc_auc,-0.014669117080792993
phiusiil,iscx_url2016_binary,r06,xgb,unfiltered,f_stable_minus_f_single,pr_auc,-0.0004296213016670991
phiusiil,iscx_url2016_binary,r06,xgb,unfiltered,f_stable_minus_f_single,recall,0.00010035122930263096
phiusiil,iscx_url2016_binary,r06,xgb,unfiltered,f_stable_minus_f_single,fpr,0.0
phiusiil,iscx_url2016_binary,r06,xgb,unfiltered,f_stable_minus_f_single,balanced_accuracy,5.017561465131548e-05
phiusiil,iscx_url2016_binary,r07,lr,primary_domain_filtered,f_single_minus_f_all,macro_f1,-0.029527405727237915
phiusiil,iscx_url2016_binary,r07,lr,primary_domain_filtered,f_single_minus_f_all,roc_auc,-0.02500073757595689
phiusiil,iscx_url2016_binary,r07,lr,primary_domain_filtered,f_single_minus_f_all,pr_auc,-0.00932016205724262
phiusiil,iscx_url2016_binary,r07,lr,primary_domain_filtered,f_single_minus_f_all,recall,0.00047281323877068626
phiusiil,iscx_url2016_binary,r07,lr,primary_domain_filtered,f_single_minus_f_all,fpr,0.028621121044762332
phiusiil,iscx_url2016_binary,r07,lr,primary_domain_filtered,f_single_minus_f_all,balanced_accuracy,-0.014074153902995934
phiusiil,iscx_url2016_binary,r07,lr,primary_domain_filtered,f_stable_minus_f_all,macro_f1,-0.026601565657531273
phiusiil,iscx_url2016_binary,r07,lr,primary_domain_filtered,f_stable_minus_f_all,roc_auc,-0.023356514858747346
phiusiil,iscx_url2016_binary,r07,lr,primary_domain_filtered,f_stable_minus_f_all,pr_auc,-0.008746204238951283
phiusiil,iscx_url2016_binary,r07,lr,primary_domain_filtered,f_stable_minus_f_all,recall,0.00023640661938528762
phiusiil,iscx_url2016_binary,r07,lr,primary_domain_filtered,f_stable_minus_f_all,fpr,0.025813932200286716
phiusiil,iscx_url2016_binary,r07,lr,primary_domain_filtered,f_stable_minus_f_all,balanced_accuracy,-0.012788762790450825
phiusiil,iscx_url2016_binary,r07,lr,primary_domain_filtered,f_stable_minus_f_single,macro_f1,0.0029258400697066422
phiusiil,iscx_url2016_binary,r07,lr,primary_domain_filtered,f_stable_minus_f_single,roc_auc,0.0016442227172095425
phiusiil,iscx_url2016_binary,r07,lr,primary_domain_filtered,f_stable_minus_f_single,pr_auc,0.0005739578182913374
phiusiil,iscx_url2016_binary,r07,lr,primary_domain_filtered,f_stable_minus_f_single,recall,-0.00023640661938539864
phiusiil,iscx_url2016_binary,r07,lr,primary_domain_filtered,f_stable_minus_f_single,fpr,-0.0028071888444756166
phiusiil,iscx_url2016_binary,r07,lr,primary_domain_filtered,f_stable_minus_f_single,balanced_accuracy,0.001285391112545109
phiusiil,iscx_url2016_binary,r07,lr,unfiltered,f_single_minus_f_all,macro_f1,-0.02766918859201198
phiusiil,iscx_url2016_binary,r07,lr,unfiltered,f_single_minus_f_all,roc_auc,-0.023844522026425508
phiusiil,iscx_url2016_binary,r07,lr,unfiltered,f_single_minus_f_all,pr_auc,-0.008992667674300625
phiusiil,iscx_url2016_binary,r07,lr,unfiltered,f_single_minus_f_all,recall,-0.00020070245860503988
phiusiil,iscx_url2016_binary,r07,lr,unfiltered,f_single_minus_f_all,fpr,0.026513652552433653
phiusiil,iscx_url2016_binary,r07,lr,unfiltered,f_single_minus_f_all,balanced_accuracy,-0.013357177505519346
phiusiil,iscx_url2016_binary,r07,lr,unfiltered,f_stable_minus_f_all,macro_f1,-0.024939870022380906
phiusiil,iscx_url2016_binary,r07,lr,unfiltered,f_stable_minus_f_all,roc_auc,-0.0223048590809537
phiusiil,iscx_url2016_binary,r07,lr,unfiltered,f_stable_minus_f_all,pr_auc,-0.00844924161784602
phiusiil,iscx_url2016_binary,r07,lr,unfiltered,f_stable_minus_f_all,recall,-0.0004014049172101908
phiusiil,iscx_url2016_binary,r07,lr,unfiltered,f_stable_minus_f_all,fpr,0.023913166374583072
phiusiil,iscx_url2016_binary,r07,lr,unfiltered,f_stable_minus_f_all,balanced_accuracy,-0.012157285645896576
phiusiil,iscx_url2016_binary,r07,lr,unfiltered,f_stable_minus_f_single,macro_f1,0.002729318569631073
phiusiil,iscx_url2016_binary,r07,lr,unfiltered,f_stable_minus_f_single,roc_auc,0.0015396629454718092
phiusiil,iscx_url2016_binary,r07,lr,unfiltered,f_stable_minus_f_single,pr_auc,0.0005434260564546045
phiusiil,iscx_url2016_binary,r07,lr,unfiltered,f_stable_minus_f_single,recall,-0.0002007024586051509
phiusiil,iscx_url2016_binary,r07,lr,unfiltered,f_stable_minus_f_single,fpr,-0.0026004861778505806
phiusiil,iscx_url2016_binary,r07,lr,unfiltered,f_stable_minus_f_single,balanced_accuracy,0.0011998918596227703
phiusiil,iscx_url2016_binary,r07,rf,primary_domain_filtered,f_single_minus_f_all,macro_f1,5.085177501862326e-07
phiusiil,iscx_url2016_binary,r07,rf,primary_domain_filtered,f_single_minus_f_all,roc_auc,0.01208547059041215
phiusiil,iscx_url2016_binary,r07,rf,primary_domain_filtered,f_single_minus_f_all,pr_auc,0.003849901293217134
phiusiil,iscx_url2016_binary,r07,rf,primary_domain_filtered,f_single_minus_f_all,recall,-0.00023640661938539864
phiusiil,iscx_url2016_binary,r07,rf,primary_domain_filtered,f_single_minus_f_all,fpr,-3.0512922222558636e-05
phiusiil,iscx_url2016_binary,r07,rf,primary_domain_filtered,f_single_minus_f_all,balanced_accuracy,-0.00010294684858130898
phiusiil,iscx_url2016_binary,r07,rf,primary_domain_filtered,f_stable_minus_f_all,macro_f1,-1.6706020805584698e-05
phiusiil,iscx_url2016_binary,r07,rf,primary_domain_filtered,f_stable_minus_f_all,roc_auc,0.0011589013443649154
phiusiil,iscx_url2016_binary,r07,rf,primary_domain_filtered,f_stable_minus_f_all,pr_auc,0.0004859748878374148
phiusiil,iscx_url2016_binary,r07,rf,primary_domain_filtered,f_stable_minus_f_all,recall,-0.00011820330969281034
phiusiil,iscx_url2016_binary,r07,rf,primary_domain_filtered,f_stable_minus_f_all,fpr,0.0
phiusiil,iscx_url2016_binary,r07,rf,primary_domain_filtered,f_stable_minus_f_all,balanced_accuracy,-5.910165484629415e-05
phiusiil,iscx_url2016_binary,r07,rf,primary_domain_filtered,f_stable_minus_f_single,macro_f1,-1.721453855577093e-05
phiusiil,iscx_url2016_binary,r07,rf,primary_domain_filtered,f_stable_minus_f_single,roc_auc,-0.010926569246047235
phiusiil,iscx_url2016_binary,r07,rf,primary_domain_filtered,f_stable_minus_f_single,pr_auc,-0.003363926405379719
phiusiil,iscx_url2016_binary,r07,rf,primary_domain_filtered,f_stable_minus_f_single,recall,0.0001182033096925883
phiusiil,iscx_url2016_binary,r07,rf,primary_domain_filtered,f_stable_minus_f_single,fpr,3.0512922222558636e-05
phiusiil,iscx_url2016_binary,r07,rf,primary_domain_filtered,f_stable_minus_f_single,balanced_accuracy,4.384519373501483e-05
phiusiil,iscx_url2016_binary,r07,rf,unfiltered,f_single_minus_f_all,macro_f1,-5.7485224655817735e-05
phiusiil,iscx_url2016_binary,r07,rf,unfiltered,f_single_minus_f_all,roc_auc,0.02295165903319768
phiusiil,iscx_url2016_binary,r07,rf,unfiltered,f_single_minus_f_all,pr_auc,0.0075495062285878545
phiusiil,iscx_url2016_binary,r07,rf,unfiltered,f_single_minus_f_all,recall,-0.0006021073758154527
phiusiil,iscx_url2016_binary,r07,rf,unfiltered,f_single_minus_f_all,fpr,-2.826615410711497e-05
phiusiil,iscx_url2016_binary,r07,rf,unfiltered,f_single_minus_f_all,balanced_accuracy,-0.00028692061085405784
phiusiil,iscx_url2016_binary,r07,rf,unfiltered,f_stable_minus_f_all,macro_f1,-4.449214497392884e-05
phiusiil,iscx_url2016_binary,r07,rf,unfiltered,f_stable_minus_f_all,roc_auc,0.013308513768453711
phiusiil,iscx_url2016_binary,r07,rf,unfiltered,f_stable_minus_f_all,pr_auc,0.004417135540175476
phiusiil,iscx_url2016_binary,r07,rf,unfiltered,f_stable_minus_f_all,recall,-0.00030105368790778186
phiusiil,iscx_url2016_binary,r07,rf,unfiltered,f_stable_minus_f_all,fpr,0.0
phiusiil,iscx_url2016_binary,r07,rf,unfiltered,f_stable_minus_f_all,balanced_accuracy,-0.0001505268439537799
phiusiil,iscx_url2016_binary,r07,rf,unfiltered,f_stable_minus_f_single,macro_f1,1.2993079681888897e-05
phiusiil,iscx_url2016_binary,r07,rf,unfiltered,f_stable_minus_f_single,roc_auc,-0.009643145264743969
phiusiil,iscx_url2016_binary,r07,rf,unfiltered,f_stable_minus_f_single,pr_auc,-0.003132370688412378
phiusiil,iscx_url2016_binary,r07,rf,unfiltered,f_stable_minus_f_single,recall,0.00030105368790767084
phiusiil,iscx_url2016_binary,r07,rf,unfiltered,f_stable_minus_f_single,fpr,2.826615410711497e-05
phiusiil,iscx_url2016_binary,r07,rf,unfiltered,f_stable_minus_f_single,balanced_accuracy,0.00013639376690027794
phiusiil,iscx_url2016_binary,r07,xgb,primary_domain_filtered,f_single_minus_f_all,macro_f1,6.681197927840832e-05
phiusiil,iscx_url2016_binary,r07,xgb,primary_domain_filtered,f_single_minus_f_all,roc_auc,0.02082220206782403
phiusiil,iscx_url2016_binary,r07,xgb,primary_domain_filtered,f_single_minus_f_all,pr_auc,0.0010721239377564362
phiusiil,iscx_url2016_binary,r07,xgb,primary_domain_filtered,f_single_minus_f_all,recall,0.0004728132387707973
phiusiil,iscx_url2016_binary,r07,xgb,primary_domain_filtered,f_single_minus_f_all,fpr,0.0
phiusiil,iscx_url2016_binary,r07,xgb,primary_domain_filtered,f_single_minus_f_all,balanced_accuracy,0.00023640661938539864
phiusiil,iscx_url2016_binary,r07,xgb,primary_domain_filtered,f_stable_minus_f_all,macro_f1,0.0001336132021655667
phiusiil,iscx_url2016_binary,r07,xgb,primary_domain_filtered,f_stable_minus_f_all,roc_auc,0.022970030467477524
phiusiil,iscx_url2016_binary,r07,xgb,primary_domain_filtered,f_stable_minus_f_all,pr_auc,0.0011251384415979782
phiusiil,iscx_url2016_binary,r07,xgb,primary_domain_filtered,f_stable_minus_f_all,recall,0.0009456264775414835
phiusiil,iscx_url2016_binary,r07,xgb,primary_domain_filtered,f_stable_minus_f_all,fpr,0.0
phiusiil,iscx_url2016_binary,r07,xgb,primary_domain_filtered,f_stable_minus_f_all,balanced_accuracy,0.00047281323877074177
phiusiil,iscx_url2016_binary,r07,xgb,primary_domain_filtered,f_stable_minus_f_single,macro_f1,6.68012228871584e-05
phiusiil,iscx_url2016_binary,r07,xgb,primary_domain_filtered,f_stable_minus_f_single,roc_auc,0.0021478283996534953
phiusiil,iscx_url2016_binary,r07,xgb,primary_domain_filtered,f_stable_minus_f_single,pr_auc,5.301450384154194e-05
phiusiil,iscx_url2016_binary,r07,xgb,primary_domain_filtered,f_stable_minus_f_single,recall,0.00047281323877068626
phiusiil,iscx_url2016_binary,r07,xgb,primary_domain_filtered,f_stable_minus_f_single,fpr,0.0
phiusiil,iscx_url2016_binary,r07,xgb,primary_domain_filtered,f_stable_minus_f_single,balanced_accuracy,0.00023640661938534313
phiusiil,iscx_url2016_binary,r07,xgb,unfiltered,f_single_minus_f_all,macro_f1,4.4485708439068183e-05
phiusiil,iscx_url2016_binary,r07,xgb,unfiltered,f_single_minus_f_all,roc_auc,0.03072735891693064
phiusiil,iscx_url2016_binary,r07,xgb,unfiltered,f_single_minus_f_all,pr_auc,0.0023413142329965497
phiusiil,iscx_url2016_binary,r07,xgb,unfiltered,f_single_minus_f_all,recall,0.00030105368790778186
phiusiil,iscx_url2016_binary,r07,xgb,unfiltered,f_single_minus_f_all,fpr,0.0
phiusiil,iscx_url2016_binary,r07,xgb,unfiltered,f_single_minus_f_all,balanced_accuracy,0.00015052684395389093
phiusiil,iscx_url2016_binary,r07,xgb,unfiltered,f_stable_minus_f_all,macro_f1,0.00014826692649214102
phiusiil,iscx_url2016_binary,r07,xgb,unfiltered,f_stable_minus_f_all,roc_auc,0.02091752985752586
phiusiil,iscx_url2016_binary,r07,xgb,unfiltered,f_stable_minus_f_all,pr_auc,0.0017138440336782745
phiusiil,iscx_url2016_binary,r07,xgb,unfiltered,f_stable_minus_f_all,recall,0.0010035122930256435
phiusiil,iscx_url2016_binary,r07,xgb,unfiltered,f_stable_minus_f_all,fpr,0.0
phiusiil,iscx_url2016_binary,r07,xgb,unfiltered,f_stable_minus_f_all,balanced_accuracy,0.0005017561465128217
phiusiil,iscx_url2016_binary,r07,xgb,unfiltered,f_stable_minus_f_single,macro_f1,0.00010378121805307283
phiusiil,iscx_url2016_binary,r07,xgb,unfiltered,f_stable_minus_f_single,roc_auc,-0.009809829059404779
phiusiil,iscx_url2016_binary,r07,xgb,unfiltered,f_stable_minus_f_single,pr_auc,-0.0006274701993182752
phiusiil,iscx_url2016_binary,r07,xgb,unfiltered,f_stable_minus_f_single,recall,0.0007024586051178616
phiusiil,iscx_url2016_binary,r07,xgb,unfiltered,f_stable_minus_f_single,fpr,0.0
phiusiil,iscx_url2016_binary,r07,xgb,unfiltered,f_stable_minus_f_single,balanced_accuracy,0.0003512293025589308
phiusiil,iscx_url2016_binary,r08,lr,primary_domain_filtered,f_single_minus_f_all,macro_f1,-0.01931262303259476
phiusiil,iscx_url2016_binary,r08,lr,primary_domain_filtered,f_single_minus_f_all,roc_auc,-0.01003406772749893
phiusiil,iscx_url2016_binary,r08,lr,primary_domain_filtered,f_single_minus_f_all,pr_auc,-0.0037024528839910698
phiusiil,iscx_url2016_binary,r08,lr,primary_domain_filtered,f_single_minus_f_all,recall,0.00011602274045707794
phiusiil,iscx_url2016_binary,r08,lr,primary_domain_filtered,f_single_minus_f_all,fpr,0.018657277842977882
phiusiil,iscx_url2016_binary,r08,lr,primary_domain_filtered,f_single_minus_f_all,balanced_accuracy,-0.009270627551260402
phiusiil,iscx_url2016_binary,r08,lr,primary_domain_filtered,f_stable_minus_f_all,macro_f1,-0.02203145273248444
phiusiil,iscx_url2016_binary,r08,lr,primary_domain_filtered,f_stable_minus_f_all,roc_auc,-0.01681552725377189
phiusiil,iscx_url2016_binary,r08,lr,primary_domain_filtered,f_stable_minus_f_all,pr_auc,-0.006210267068931352
phiusiil,iscx_url2016_binary,r08,lr,primary_domain_filtered,f_stable_minus_f_all,recall,0.0005801137022856118
phiusiil,iscx_url2016_binary,r08,lr,primary_domain_filtered,f_stable_minus_f_all,fpr,0.021305407601336035
phiusiil,iscx_url2016_binary,r08,lr,primary_domain_filtered,f_stable_minus_f_all,balanced_accuracy,-0.010362646949525267
phiusiil,iscx_url2016_binary,r08,lr,primary_domain_filtered,f_stable_minus_f_single,macro_f1,-0.00271882969988968
phiusiil,iscx_url2016_binary,r08,lr,primary_domain_filtered,f_stable_minus_f_single,roc_auc,-0.006781459526272959
phiusiil,iscx_url2016_binary,r08,lr,primary_domain_filtered,f_stable_minus_f_single,pr_auc,-0.0025078141849402824
phiusiil,iscx_url2016_binary,r08,lr,primary_domain_filtered,f_stable_minus_f_single,recall,0.0004640909618285338
phiusiil,iscx_url2016_binary,r08,lr,primary_domain_filtered,f_stable_minus_f_single,fpr,0.002648129758358153
phiusiil,iscx_url2016_binary,r08,lr,primary_domain_filtered,f_stable_minus_f_single,balanced_accuracy,-0.0010920193982648652
phiusiil,iscx_url2016_binary,r08,lr,unfiltered,f_single_minus_f_all,macro_f1,-0.018342865245541934
phiusiil,iscx_url2016_binary,r08,lr,unfiltered,f_single_minus_f_all,roc_auc,-0.010062322544077462
phiusiil,iscx_url2016_binary,r08,lr,unfiltered,f_single_minus_f_all,pr_auc,-0.0037244520986075003
phiusiil,iscx_url2016_binary,r08,lr,unfiltered,f_single_minus_f_all,recall,-0.0004014049172101908
phiusiil,iscx_url2016_binary,r08,lr,unfiltered,f_single_minus_f_all,fpr,0.017525015546384748
phiusiil,iscx_url2016_binary,r08,lr,unfiltered,f_single_minus_f_all,balanced_accuracy,-0.00896321023179747
phiusiil,iscx_url2016_binary,r08,lr,unfiltered,f_stable_minus_f_all,macro_f1,-0.020914096924530695
phiusiil,iscx_url2016_binary,r08,lr,unfiltered,f_stable_minus_f_all,roc_auc,-0.016379389596869687
phiusiil,iscx_url2016_binary,r08,lr,unfiltered,f_stable_minus_f_all,pr_auc,-0.006118351002385947
phiusiil,iscx_url2016_binary,r08,lr,unfiltered,f_stable_minus_f_all,recall,0.0
phiusiil,iscx_url2016_binary,r08,lr,unfiltered,f_stable_minus_f_all,fpr,0.02001243710780709
phiusiil,iscx_url2016_binary,r08,lr,unfiltered,f_stable_minus_f_all,balanced_accuracy,-0.0100062185539036
phiusiil,iscx_url2016_binary,r08,lr,unfiltered,f_stable_minus_f_single,macro_f1,-0.0025712316789887613
phiusiil,iscx_url2016_binary,r08,lr,unfiltered,f_stable_minus_f_single,roc_auc,-0.006317067052792225
phiusiil,iscx_url2016_binary,r08,lr,unfiltered,f_stable_minus_f_single,pr_auc,-0.0023938989037784464
phiusiil,iscx_url2016_binary,r08,lr,unfiltered,f_stable_minus_f_single,recall,0.0004014049172101908
phiusiil,iscx_url2016_binary,r08,lr,unfiltered,f_stable_minus_f_single,fpr,0.0024874215614223427
phiusiil,iscx_url2016_binary,r08,lr,unfiltered,f_stable_minus_f_single,balanced_accuracy,-0.0010430083221061315
phiusiil,iscx_url2016_binary,r08,rf,primary_domain_filtered,f_single_minus_f_all,macro_f1,0.0
phiusiil,iscx_url2016_binary,r08,rf,primary_domain_filtered,f_single_minus_f_all,roc_auc,0.035526148464089746
phiusiil,iscx_url2016_binary,r08,rf,primary_domain_filtered,f_single_minus_f_all,pr_auc,0.010875492374513934
phiusiil,iscx_url2016_binary,r08,rf,primary_domain_filtered,f_single_minus_f_all,recall,-1.1102230246251565e-16
phiusiil,iscx_url2016_binary,r08,rf,primary_domain_filtered,f_single_minus_f_all,fpr,0.0
phiusiil,iscx_url2016_binary,r08,rf,primary_domain_filtered,f_single_minus_f_all,balanced_accuracy,5.551115123125783e-17
phiusiil,iscx_url2016_binary,r08,rf,primary_domain_filtered,f_stable_minus_f_all,macro_f1,0.0
phiusiil,iscx_url2016_binary,r08,rf,primary_domain_filtered,f_stable_minus_f_all,roc_auc,0.03800629820077406
phiusiil,iscx_url2016_binary,r08,rf,primary_domain_filtered,f_stable_minus_f_all,pr_auc,0.011650321228338978
phiusiil,iscx_url2016_binary,r08,rf,primary_domain_filtered,f_stable_minus_f_all,recall,-1.1102230246251565e-16
phiusiil,iscx_url2016_binary,r08,rf,primary_domain_filtered,f_stable_minus_f_all,fpr,0.0
phiusiil,iscx_url2016_binary,r08,rf,primary_domain_filtered,f_stable_minus_f_all,balanced_accuracy,5.551115123125783e-17
phiusiil,iscx_url2016_binary,r08,rf,primary_domain_filtered,f_stable_minus_f_single,macro_f1,0.0
phiusiil,iscx_url2016_binary,r08,rf,primary_domain_filtered,f_stable_minus_f_single,roc_auc,0.0024801497366843117
phiusiil,iscx_url2016_binary,r08,rf,primary_domain_filtered,f_stable_minus_f_single,pr_auc,0.0007748288538250436
phiusiil,iscx_url2016_binary,r08,rf,primary_domain_filtered,f_stable_minus_f_single,recall,0.0
phiusiil,iscx_url2016_binary,r08,rf,primary_domain_filtered,f_stable_minus_f_single,fpr,0.0
phiusiil,iscx_url2016_binary,r08,rf,primary_domain_filtered,f_stable_minus_f_single,balanced_accuracy,0.0
phiusiil,iscx_url2016_binary,r08,rf,unfiltered,f_single_minus_f_all,macro_f1,2.7755575615628914e-17
phiusiil,iscx_url2016_binary,r08,rf,unfiltered,f_single_minus_f_all,roc_auc,0.032873378380099405
phiusiil,iscx_url2016_binary,r08,rf,unfiltered,f_single_minus_f_all,pr_auc,0.010612570036991703
phiusiil,iscx_url2016_binary,r08,rf,unfiltered,f_single_minus_f_all,recall,0.0
phiusiil,iscx_url2016_binary,r08,rf,unfiltered,f_single_minus_f_all,fpr,0.0
phiusiil,iscx_url2016_binary,r08,rf,unfiltered,f_single_minus_f_all,balanced_accuracy,0.0
phiusiil,iscx_url2016_binary,r08,rf,unfiltered,f_stable_minus_f_all,macro_f1,-1.4829105804220477e-05
phiusiil,iscx_url2016_binary,r08,rf,unfiltered,f_stable_minus_f_all,roc_auc,0.03491703550475733
phiusiil,iscx_url2016_binary,r08,rf,unfiltered,f_stable_minus_f_all,pr_auc,0.011289107059317377
phiusiil,iscx_url2016_binary,r08,rf,unfiltered,f_stable_minus_f_all,recall,-0.00010035122930251994
phiusiil,iscx_url2016_binary,r08,rf,unfiltered,f_stable_minus_f_all,fpr,0.0
phiusiil,iscx_url2016_binary,r08,rf,unfiltered,f_stable_minus_f_all,balanced_accuracy,-5.017561465125997e-05
phiusiil,iscx_url2016_binary,r08,rf,unfiltered,f_stable_minus_f_single,macro_f1,-1.4829105804248233e-05
phiusiil,iscx_url2016_binary,r08,rf,unfiltered,f_stable_minus_f_single,roc_auc,0.002043657124657927
phiusiil,iscx_url2016_binary,r08,rf,unfiltered,f_stable_minus_f_single,pr_auc,0.0006765370223256739
phiusiil,iscx_url2016_binary,r08,rf,unfiltered,f_stable_minus_f_single,recall,-0.00010035122930251994
phiusiil,iscx_url2016_binary,r08,rf,unfiltered,f_stable_minus_f_single,fpr,0.0
phiusiil,iscx_url2016_binary,r08,rf,unfiltered,f_stable_minus_f_single,balanced_accuracy,-5.017561465125997e-05
phiusiil,iscx_url2016_binary,r08,xgb,primary_domain_filtered,f_single_minus_f_all,macro_f1,5.551115123125783e-17
phiusiil,iscx_url2016_binary,r08,xgb,primary_domain_filtered,f_single_minus_f_all,roc_auc,-0.0032486053101922763
phiusiil,iscx_url2016_binary,r08,xgb,primary_domain_filtered,f_single_minus_f_all,pr_auc,0.00016188134030127588
phiusiil,iscx_url2016_binary,r08,xgb,primary_domain_filtered,f_single_minus_f_all,recall,1.1102230246251565e-16
phiusiil,iscx_url2016_binary,r08,xgb,primary_domain_filtered,f_single_minus_f_all,fpr,0.0
phiusiil,iscx_url2016_binary,r08,xgb,primary_domain_filtered,f_single_minus_f_all,balanced_accuracy,5.551115123125783e-17
phiusiil,iscx_url2016_binary,r08,xgb,primary_domain_filtered,f_stable_minus_f_all,macro_f1,-4.929584836443901e-05
phiusiil,iscx_url2016_binary,r08,xgb,primary_domain_filtered,f_stable_minus_f_all,roc_auc,-0.021353978223763018
phiusiil,iscx_url2016_binary,r08,xgb,primary_domain_filtered,f_stable_minus_f_all,pr_auc,-0.0011923510884725291
phiusiil,iscx_url2016_binary,r08,xgb,primary_domain_filtered,f_stable_minus_f_all,recall,-0.00034806822137134485
phiusiil,iscx_url2016_binary,r08,xgb,primary_domain_filtered,f_stable_minus_f_all,fpr,0.0
phiusiil,iscx_url2016_binary,r08,xgb,primary_domain_filtered,f_stable_minus_f_all,balanced_accuracy,-0.00017403411068567243
phiusiil,iscx_url2016_binary,r08,xgb,primary_domain_filtered,f_stable_minus_f_single,macro_f1,-4.929584836449452e-05
phiusiil,iscx_url2016_binary,r08,xgb,primary_domain_filtered,f_stable_minus_f_single,roc_auc,-0.01810537291357074
phiusiil,iscx_url2016_binary,r08,xgb,primary_domain_filtered,f_stable_minus_f_single,pr_auc,-0.001354232428773805
phiusiil,iscx_url2016_binary,r08,xgb,primary_domain_filtered,f_stable_minus_f_single,recall,-0.0003480682213714559
phiusiil,iscx_url2016_binary,r08,xgb,primary_domain_filtered,f_stable_minus_f_single,fpr,0.0
phiusiil,iscx_url2016_binary,r08,xgb,primary_domain_filtered,f_stable_minus_f_single,balanced_accuracy,-0.00017403411068572794
phiusiil,iscx_url2016_binary,r08,xgb,unfiltered,f_single_minus_f_all,macro_f1,-1.4823743770764342e-05
phiusiil,iscx_url2016_binary,r08,xgb,unfiltered,f_single_minus_f_all,roc_auc,-0.02227478888529999
phiusiil,iscx_url2016_binary,r08,xgb,unfiltered,f_single_minus_f_all,pr_auc,0.0001167912023119777
phiusiil,iscx_url2016_binary,r08,xgb,unfiltered,f_single_minus_f_all,recall,-0.00010035122930274198
phiusiil,iscx_url2016_binary,r08,xgb,unfiltered,f_single_minus_f_all,fpr,0.0
phiusiil,iscx_url2016_binary,r08,xgb,unfiltered,f_single_minus_f_all,balanced_accuracy,-5.017561465125997e-05
phiusiil,iscx_url2016_binary,r08,xgb,unfiltered,f_stable_minus_f_all,macro_f1,-5.9298191634221675e-05
phiusiil,iscx_url2016_binary,r08,xgb,unfiltered,f_stable_minus_f_all,roc_auc,-0.03442945214690443
phiusiil,iscx_url2016_binary,r08,xgb,unfiltered,f_stable_minus_f_all,pr_auc,-0.001009320005102038
phiusiil,iscx_url2016_binary,r08,xgb,unfiltered,f_stable_minus_f_all,recall,-0.0004014049172104128
phiusiil,iscx_url2016_binary,r08,xgb,unfiltered,f_stable_minus_f_all,fpr,0.0
phiusiil,iscx_url2016_binary,r08,xgb,unfiltered,f_stable_minus_f_all,balanced_accuracy,-0.0002007024586050954
phiusiil,iscx_url2016_binary,r08,xgb,unfiltered,f_stable_minus_f_single,macro_f1,-4.4474447863457334e-05
phiusiil,iscx_url2016_binary,r08,xgb,unfiltered,f_stable_minus_f_single,roc_auc,-0.012154663261604443
phiusiil,iscx_url2016_binary,r08,xgb,unfiltered,f_stable_minus_f_single,pr_auc,-0.0011261112074140156
phiusiil,iscx_url2016_binary,r08,xgb,unfiltered,f_stable_minus_f_single,recall,-0.00030105368790767084
phiusiil,iscx_url2016_binary,r08,xgb,unfiltered,f_stable_minus_f_single,fpr,0.0
phiusiil,iscx_url2016_binary,r08,xgb,unfiltered,f_stable_minus_f_single,balanced_accuracy,-0.00015052684395383542
phiusiil,iscx_url2016_binary,r09,lr,primary_domain_filtered,f_single_minus_f_all,macro_f1,-0.009298648065715703
phiusiil,iscx_url2016_binary,r09,lr,primary_domain_filtered,f_single_minus_f_all,roc_auc,-0.012716547554474933
phiusiil,iscx_url2016_binary,r09,lr,primary_domain_filtered,f_single_minus_f_all,pr_auc,-0.004876055379114952
phiusiil,iscx_url2016_binary,r09,lr,primary_domain_filtered,f_single_minus_f_all,recall,0.0008174705126708925
phiusiil,iscx_url2016_binary,r09,lr,primary_domain_filtered,f_single_minus_f_all,fpr,0.009168741271479708
phiusiil,iscx_url2016_binary,r09,lr,primary_domain_filtered,f_single_minus_f_all,balanced_accuracy,-0.004175635379404463
phiusiil,iscx_url2016_binary,r09,lr,primary_domain_filtered,f_stable_minus_f_all,macro_f1,-0.028366761675471808
phiusiil,iscx_url2016_binary,r09,lr,primary_domain_filtered,f_stable_minus_f_all,roc_auc,-0.02874215842068406
phiusiil,iscx_url2016_binary,r09,lr,primary_domain_filtered,f_stable_minus_f_all,pr_auc,-0.010694113439520037
phiusiil,iscx_url2016_binary,r09,lr,primary_domain_filtered,f_stable_minus_f_all,recall,0.0008174705126708925
phiusiil,iscx_url2016_binary,r09,lr,primary_domain_filtered,f_stable_minus_f_all,fpr,0.027324063391827025
phiusiil,iscx_url2016_binary,r09,lr,primary_domain_filtered,f_stable_minus_f_all,balanced_accuracy,-0.013253296439578066
phiusiil,iscx_url2016_binary,r09,lr,primary_domain_filtered,f_stable_minus_f_single,macro_f1,-0.019068113609756104
phiusiil,iscx_url2016_binary,r09,lr,primary_domain_filtered,f_stable_minus_f_single,roc_auc,-0.016025610866209128
phiusiil,iscx_url2016_binary,r09,lr,primary_domain_filtered,f_stable_minus_f_single,pr_auc,-0.005818058060405085
phiusiil,iscx_url2016_binary,r09,lr,primary_domain_filtered,f_stable_minus_f_single,recall,0.0
phiusiil,iscx_url2016_binary,r09,lr,primary_domain_filtered,f_stable_minus_f_single,fpr,0.018155322120347317
phiusiil,iscx_url2016_binary,r09,lr,primary_domain_filtered,f_stable_minus_f_single,balanced_accuracy,-0.009077661060173603
phiusiil,iscx_url2016_binary,r09,lr,unfiltered,f_single_minus_f_all,macro_f1,-0.008746631646172981
phiusiil,iscx_url2016_binary,r09,lr,unfiltered,f_single_minus_f_all,roc_auc,-0.012273982456036614
phiusiil,iscx_url2016_binary,r09,lr,unfiltered,f_single_minus_f_all,pr_auc,-0.0047158085921854
phiusiil,iscx_url2016_binary,r09,lr,unfiltered,f_single_minus_f_all,recall,0.0006021073758152307
phiusiil,iscx_url2016_binary,r09,lr,unfiltered,f_single_minus_f_all,fpr,0.00853637854033562
phiusiil,iscx_url2016_binary,r09,lr,unfiltered,f_single_minus_f_all,balanced_accuracy,-0.0039671355822602505
phiusiil,iscx_url2016_binary,r09,lr,unfiltered,f_stable_minus_f_all,macro_f1,-0.02670436325041306
phiusiil,iscx_url2016_binary,r09,lr,unfiltered,f_stable_minus_f_all,roc_auc,-0.02726080373398032
phiusiil,iscx_url2016_binary,r09,lr,unfiltered,f_stable_minus_f_all,pr_auc,-0.010241520755155081
phiusiil,iscx_url2016_binary,r09,lr,unfiltered,f_stable_minus_f_all,recall,0.00020070245860503988
phiusiil,iscx_url2016_binary,r09,lr,unfiltered,f_stable_minus_f_all,fpr,0.025467804850471953
phiusiil,iscx_url2016_binary,r09,lr,unfiltered,f_stable_minus_f_all,balanced_accuracy,-0.012633551195933457
phiusiil,iscx_url2016_binary,r09,lr,unfiltered,f_stable_minus_f_single,macro_f1,-0.01795773160424008
phiusiil,iscx_url2016_binary,r09,lr,unfiltered,f_stable_minus_f_single,roc_auc,-0.014986821277943707
phiusiil,iscx_url2016_binary,r09,lr,unfiltered,f_stable_minus_f_single,pr_auc,-0.0055257121629696815
phiusiil,iscx_url2016_binary,r09,lr,unfiltered,f_stable_minus_f_single,recall,-0.0004014049172101908
phiusiil,iscx_url2016_binary,r09,lr,unfiltered,f_stable_minus_f_single,fpr,0.016931426310136333
phiusiil,iscx_url2016_binary,r09,lr,unfiltered,f_stable_minus_f_single,balanced_accuracy,-0.008666415613673206
phiusiil,iscx_url2016_binary,r09,rf,primary_domain_filtered,f_single_minus_f_all,macro_f1,1.656427021262674e-05
phiusiil,iscx_url2016_binary,r09,rf,primary_domain_filtered,f_single_minus_f_all,roc_auc,0.038059000320704195
phiusiil,iscx_url2016_binary,r09,rf,primary_domain_filtered,f_single_minus_f_all,pr_auc,0.011962412425507246
phiusiil,iscx_url2016_binary,r09,rf,primary_domain_filtered,f_single_minus_f_all,recall,0.00011678150181015923
phiusiil,iscx_url2016_binary,r09,rf,primary_domain_filtered,f_single_minus_f_all,fpr,0.0
phiusiil,iscx_url2016_binary,r09,rf,primary_domain_filtered,f_single_minus_f_all,balanced_accuracy,5.8390750905079614e-05
phiusiil,iscx_url2016_binary,r09,rf,primary_domain_filtered,f_stable_minus_f_all,macro_f1,2.7755575615628914e-17
phiusiil,iscx_url2016_binary,r09,rf,primary_domain_filtered,f_stable_minus_f_all,roc_auc,0.029372524318494464
phiusiil,iscx_url2016_binary,r09,rf,primary_domain_filtered,f_stable_minus_f_all,pr_auc,0.009038407465606246
phiusiil,iscx_url2016_binary,r09,rf,primary_domain_filtered,f_stable_minus_f_all,recall,0.0
phiusiil,iscx_url2016_binary,r09,rf,primary_domain_filtered,f_stable_minus_f_all,fpr,0.0
phiusiil,iscx_url2016_binary,r09,rf,primary_domain_filtered,f_stable_minus_f_all,balanced_accuracy,0.0
phiusiil,iscx_url2016_binary,r09,rf,primary_domain_filtered,f_stable_minus_f_single,macro_f1,-1.6564270212598986e-05
phiusiil,iscx_url2016_binary,r09,rf,primary_domain_filtered,f_stable_minus_f_single,roc_auc,-0.008686476002209731
phiusiil,iscx_url2016_binary,r09,rf,primary_domain_filtered,f_stable_minus_f_single,pr_auc,-0.002924004959901
phiusiil,iscx_url2016_binary,r09,rf,primary_domain_filtered,f_stable_minus_f_single,recall,-0.00011678150181015923
phiusiil,iscx_url2016_binary,r09,rf,primary_domain_filtered,f_stable_minus_f_single,fpr,0.0
phiusiil,iscx_url2016_binary,r09,rf,primary_domain_filtered,f_stable_minus_f_single,balanced_accuracy,-5.8390750905079614e-05
phiusiil,iscx_url2016_binary,r09,rf,unfiltered,f_single_minus_f_all,macro_f1,2.9656602634847706e-05
phiusiil,iscx_url2016_binary,r09,rf,unfiltered,f_single_minus_f_all,roc_auc,0.03753851635793398
phiusiil,iscx_url2016_binary,r09,rf,unfiltered,f_single_minus_f_all,pr_auc,0.012392072972809837
phiusiil,iscx_url2016_binary,r09,rf,unfiltered,f_single_minus_f_all,recall,0.0002007024586051509
phiusiil,iscx_url2016_binary,r09,rf,unfiltered,f_single_minus_f_all,fpr,0.0
phiusiil,iscx_url2016_binary,r09,rf,unfiltered,f_single_minus_f_all,balanced_accuracy,0.00010035122930257545
phiusiil,iscx_url2016_binary,r09,rf,unfiltered,f_stable_minus_f_all,macro_f1,2.7755575615628914e-17
phiusiil,iscx_url2016_binary,r09,rf,unfiltered,f_stable_minus_f_all,roc_auc,0.02867996606473039
phiusiil,iscx_url2016_binary,r09,rf,unfiltered,f_stable_minus_f_all,pr_auc,0.009289820814360833
phiusiil,iscx_url2016_binary,r09,rf,unfiltered,f_stable_minus_f_all,recall,0.0
phiusiil,iscx_url2016_binary,r09,rf,unfiltered,f_stable_minus_f_all,fpr,0.0
phiusiil,iscx_url2016_binary,r09,rf,unfiltered,f_stable_minus_f_all,balanced_accuracy,0.0
phiusiil,iscx_url2016_binary,r09,rf,unfiltered,f_stable_minus_f_single,macro_f1,-2.965660263481995e-05
phiusiil,iscx_url2016_binary,r09,rf,unfiltered,f_stable_minus_f_single,roc_auc,-0.008858550293203593
phiusiil,iscx_url2016_binary,r09,rf,unfiltered,f_stable_minus_f_single,pr_auc,-0.0031022521584490037
phiusiil,iscx_url2016_binary,r09,rf,unfiltered,f_stable_minus_f_single,recall,-0.0002007024586051509
phiusiil,iscx_url2016_binary,r09,rf,unfiltered,f_stable_minus_f_single,fpr,0.0
phiusiil,iscx_url2016_binary,r09,rf,unfiltered,f_stable_minus_f_single,balanced_accuracy,-0.00010035122930257545
phiusiil,iscx_url2016_binary,r09,xgb,primary_domain_filtered,f_single_minus_f_all,macro_f1,4.968089953003019e-05
phiusiil,iscx_url2016_binary,r09,xgb,primary_domain_filtered,f_single_minus_f_all,roc_auc,0.006000230230238671
phiusiil,iscx_url2016_binary,r09,xgb,primary_domain_filtered,f_single_minus_f_all,pr_auc,0.0006598411376440433
phiusiil,iscx_url2016_binary,r09,xgb,primary_domain_filtered,f_single_minus_f_all,recall,0.00035034450543036666
phiusiil,iscx_url2016_binary,r09,xgb,primary_domain_filtered,f_single_minus_f_all,fpr,0.0
phiusiil,iscx_url2016_binary,r09,xgb,primary_domain_filtered,f_single_minus_f_all,balanced_accuracy,0.00017517225271518333
phiusiil,iscx_url2016_binary,r09,xgb,primary_domain_filtered,f_stable_minus_f_all,macro_f1,6.623987621656724e-05
phiusiil,iscx_url2016_binary,r09,xgb,primary_domain_filtered,f_stable_minus_f_all,roc_auc,0.0015526500951997535
phiusiil,iscx_url2016_binary,r09,xgb,primary_domain_filtered,f_stable_minus_f_all,pr_auc,0.0002462858353118602
phiusiil,iscx_url2016_binary,r09,xgb,primary_domain_filtered,f_stable_minus_f_all,recall,0.00046712600724041486
phiusiil,iscx_url2016_binary,r09,xgb,primary_domain_filtered,f_stable_minus_f_all,fpr,0.0
phiusiil,iscx_url2016_binary,r09,xgb,primary_domain_filtered,f_stable_minus_f_all,balanced_accuracy,0.00023356300362020743
phiusiil,iscx_url2016_binary,r09,xgb,primary_domain_filtered,f_stable_minus_f_single,macro_f1,1.6558976686537052e-05
phiusiil,iscx_url2016_binary,r09,xgb,primary_domain_filtered,f_stable_minus_f_single,roc_auc,-0.004447580135038917
phiusiil,iscx_url2016_binary,r09,xgb,primary_domain_filtered,f_stable_minus_f_single,pr_auc,-0.00041355530233218307
phiusiil,iscx_url2016_binary,r09,xgb,primary_domain_filtered,f_stable_minus_f_single,recall,0.0001167815018100482
phiusiil,iscx_url2016_binary,r09,xgb,primary_domain_filtered,f_stable_minus_f_single,fpr,0.0
phiusiil,iscx_url2016_binary,r09,xgb,primary_domain_filtered,f_stable_minus_f_single,balanced_accuracy,5.83907509050241e-05
phiusiil,iscx_url2016_binary,r09,xgb,unfiltered,f_single_minus_f_all,macro_f1,5.9304625376288556e-05
phiusiil,iscx_url2016_binary,r09,xgb,unfiltered,f_single_minus_f_all,roc_auc,0.0017002354075661141
phiusiil,iscx_url2016_binary,r09,xgb,unfiltered,f_single_minus_f_all,pr_auc,0.0009328800618098598
phiusiil,iscx_url2016_binary,r09,xgb,unfiltered,f_single_minus_f_all,recall,0.0004014049172101908
phiusiil,iscx_url2016_binary,r09,xgb,unfiltered,f_single_minus_f_all,fpr,0.0
phiusiil,iscx_url2016_binary,r09,xgb,unfiltered,f_single_minus_f_all,balanced_accuracy,0.0002007024586052064
phiusiil,iscx_url2016_binary,r09,xgb,unfiltered,f_stable_minus_f_all,macro_f1,7.412944132106913e-05
phiusiil,iscx_url2016_binary,r09,xgb,unfiltered,f_stable_minus_f_all,roc_auc,-0.0005762650479685799
phiusiil,iscx_url2016_binary,r09,xgb,unfiltered,f_stable_minus_f_all,pr_auc,0.0004314344915709589
phiusiil,iscx_url2016_binary,r09,xgb,unfiltered,f_stable_minus_f_all,recall,0.0005017561465127107
phiusiil,iscx_url2016_binary,r09,xgb,unfiltered,f_stable_minus_f_all,fpr,0.0
phiusiil,iscx_url2016_binary,r09,xgb,unfiltered,f_stable_minus_f_all,balanced_accuracy,0.0002508780732564664
phiusiil,iscx_url2016_binary,r09,xgb,unfiltered,f_stable_minus_f_single,macro_f1,1.4824815944780578e-05
phiusiil,iscx_url2016_binary,r09,xgb,unfiltered,f_stable_minus_f_single,roc_auc,-0.002276500455534694
phiusiil,iscx_url2016_binary,r09,xgb,unfiltered,f_stable_minus_f_single,pr_auc,-0.0005014455702389009
phiusiil,iscx_url2016_binary,r09,xgb,unfiltered,f_stable_minus_f_single,recall,0.00010035122930251994
phiusiil,iscx_url2016_binary,r09,xgb,unfiltered,f_stable_minus_f_single,fpr,0.0
phiusiil,iscx_url2016_binary,r09,xgb,unfiltered,f_stable_minus_f_single,balanced_accuracy,5.017561465125997e-05
