accuracy,balanced_accuracy,corpus_version,dataset,dataset_display,fn,fp,fpr,inference_seconds,inference_seconds_per_sample,macro_f1,model,model_seed,n_benign,n_phishing,n_samples,partition_seed,pr_auc,precision,recall,repetition,roc_auc,scenario,scenario_key,selected_candidate,selected_params_json,threshold,tn,total_run_seconds,tp,tuning_seconds,validation_macro_f1,validation_roc_auc,feature_set,n_features,feature_names_json,shap_setup_seconds,shap_explain_seconds,shap_cohort_size,shap_background_size,shap_seconds_per_sample,model_output_scale,f_all,macro_f1_delta
0.9909870620729756,0.979936224623166,master,iscx_url2016_binary,ISCX-URL2016-binary,59,3,0.0005567928730512,0.007662099999834,1.1138392207928516e-06,0.9865434408163554,lr,20261001,5388,1491,6879,20260902.0,0.990564662628978,0.9979094076655052,0.960429242119383,r00,0.9949268737891342,S3-domain,s3,lr_c1,"{""C"": 1.0, ""class_weight"": null}",0.86,5385,5.062369100000069,1432,5.027677399999902,0.7506881356534181,0.807189342563085,f_all,35,"[""url_length"", ""hostname_length"", ""path_length"", ""query_length"", ""fragment_length"", ""digit_count"", ""letter_count"", ""special_char_count"", ""digit_ratio"", ""letter_ratio"", ""special_char_ratio"", ""dot_count"", ""hyphen_count"", ""underscore_count"", ""slash_count"", ""question_mark_count"", ""equals_sign_count"", ""percent_sign_count"", ""at_sign_count"", ""subdomain_depth"", ""path_segment_count"", ""query_parameter_count"", ""has_port"", ""has_userinfo"", ""host_is_ip"", ""tld_length"", ""registrable_domain_length"", ""domain_digit_ratio"", ""domain_hyphen_ratio"", ""url_char_entropy"", ""longest_repeated_char_run"", ""char_type_transition_count"", ""token_count"", ""token_mean_length"", ""token_max_length""]",0.0011488000000099,0.0050593999999364,200.0,200.0,2.5296999999682e-05,raw_log_odds,0.9865434408163554,0.0
0.9914231719726704,0.9804571676532844,,iscx_url2016_binary,,58,1,0.0001855976243504,0.0015391000000004,2.2373891554011625e-07,0.9871913692018928,lr,20261001,5388,1491,6879,,0.9956303093501858,0.999302649930265,0.9610999329309188,r00,0.9972085669174662,S3-domain,s3,lr_c1,"{""C"": 1.0, ""class_weight"": null}",0.86,5387,,1433,4.3873457,0.7453312979801332,0.7834631372284383,f_mi,15,"[""url_length"", ""subdomain_depth"", ""token_count"", ""special_char_count"", ""path_length"", ""hostname_length"", ""dot_count"", ""char_type_transition_count"", ""hyphen_count"", ""token_mean_length"", ""special_char_ratio"", ""digit_ratio"", ""letter_ratio"", ""longest_repeated_char_run"", ""letter_count""]",,,,,,,0.9865434408163554,0.0006479283855373996
0.9443233028056404,0.9557263775675582,,iscx_url2016_binary,,36,347,0.0644023756495916,0.0012019000000691,1.7472016282441417e-07,0.9235472485106097,lr,20261001,5388,1491,6879,,0.9889710554992026,0.8074361820199778,0.9758551307847082,r00,0.9942132378532516,S3-domain,s3,lr_c1,"{""C"": 1.0, ""class_weight"": null}",0.8,5041,,1455,3.1499118000001545,0.7502288373527879,0.7988659161186606,f_permutation,15,"[""subdomain_depth"", ""dot_count"", ""token_count"", ""char_type_transition_count"", ""slash_count"", ""hyphen_count"", ""special_char_ratio"", ""tld_length"", ""registrable_domain_length"", ""query_length"", ""equals_sign_count"", ""special_char_count"", ""letter_count"", ""url_length"", ""question_mark_count""]",,,,,,,0.9865434408163554,-0.06299619230574571
0.9944759412705336,0.9879845143615964,,iscx_url2016_binary,,35,3,0.0005567928730512,0.0012547999999981,1.8241023404537185e-07,0.9918013649650604,lr,20261001,5388,1491,6879,20260902.0,0.992147640044904,0.997943797121316,0.976525821596244,r00,0.9954353689571228,S3-domain,s3,lr_c1,"{""C"": 1.0, ""class_weight"": null}",0.76,5385,4.0293782,1456,3.826732100000001,0.7494576127096759,0.8025847677562459,f_single,15,"[""subdomain_depth"", ""token_count"", ""dot_count"", ""registrable_domain_length"", ""hyphen_count"", ""char_type_transition_count"", ""special_char_count"", ""slash_count"", ""question_mark_count"", ""equals_sign_count"", ""special_char_ratio"", ""query_length"", ""letter_count"", ""domain_hyphen_ratio"", ""path_length""]",0.0016120999999991,0.0062409999999992,200.0,200.0,3.120499999999637e-05,raw_log_odds,0.9865434408163554,0.005257924148705073
0.9934583515045792,0.9892752954251118,,iscx_url2016_binary,,27,18,0.0033407572383073,0.0012321000000028,1.791103358050363e-07,0.9903456561066286,lr,20261001,5388,1491,6879,20260902.0,0.992853378661097,0.9878542510121456,0.9818913480885312,r00,0.9957211718716156,S3-domain,s3,lr_c1,"{""C"": 1.0, ""class_weight"": null}",0.67,5370,4.5006588,1464,4.320436300000001,0.7483884378959338,0.7966220924989137,f_stable,11,"[""subdomain_depth"", ""token_count"", ""dot_count"", ""registrable_domain_length"", ""char_type_transition_count"", ""special_char_count"", ""hyphen_count"", ""slash_count"", ""equals_sign_count"", ""special_char_ratio"", ""question_mark_count""]",0.0008076999999957,0.0053454999999971,200.0,200.0,2.672749999998558e-05,raw_log_odds,0.9865434408163554,0.0038022152902732476
0.998691670300916,0.9969818913480886,master,iscx_url2016_binary,ISCX-URL2016-binary,9,0,0.0,0.0480974000001879,6.9919174298863085e-06,0.9980691312213256,rf,20261001,5388,1491,6879,20260902.0,0.9999791813144294,1.0,0.993963782696177,r00,0.9999941495047991,S3-domain,s3,rf_unlimited_leaf5_balanced,"{""class_weight"": ""balanced_subsample"", ""max_depth"": null, ""max_features"": ""sqrt"", ""min_samples_leaf"": 5, ""n_estimators"": 200}",0.73,5388,8.816732299999785,1482,8.749395999999706,0.998066511046646,0.9991497208937706,f_all,35,"[""url_length"", ""hostname_length"", ""path_length"", ""query_length"", ""fragment_length"", ""digit_count"", ""letter_count"", ""special_char_count"", ""digit_ratio"", ""letter_ratio"", ""special_char_ratio"", ""dot_count"", ""hyphen_count"", ""underscore_count"", ""slash_count"", ""question_mark_count"", ""equals_sign_count"", ""percent_sign_count"", ""at_sign_count"", ""subdomain_depth"", ""path_segment_count"", ""query_parameter_count"", ""has_port"", ""has_userinfo"", ""host_is_ip"", ""tld_length"", ""registrable_domain_length"", ""domain_digit_ratio"", ""domain_hyphen_ratio"", ""url_char_entropy"", ""longest_repeated_char_run"", ""char_type_transition_count"", ""token_count"", ""token_mean_length"", ""token_max_length""]",0.0118328999997174,3.1985829000000194,200.0,200.0,0.0159929145,positive_class_probability,0.9980691312213256,0.0
0.9925861317051896,0.9828973843058352,,iscx_url2016_binary,,51,0,0.0,0.0426270000002659,6.196685564800986e-06,0.9889446745923772,rf,20261001,5388,1491,6879,,0.9999411373778728,1.0,0.96579476861167,r00,0.9999831953861252,S3-domain,s3,rf_depth16_leaf1,"{""class_weight"": null, ""max_depth"": 16, ""max_features"": ""sqrt"", ""min_samples_leaf"": 1, ""n_estimators"": 200}",0.82,5388,,1440,6.459810400000151,0.9959201580083552,0.9980856421902916,f_mi,15,"[""url_length"", ""subdomain_depth"", ""token_count"", ""special_char_count"", ""path_length"", ""hostname_length"", ""dot_count"", ""char_type_transition_count"", ""hyphen_count"", ""token_mean_length"", ""special_char_ratio"", ""digit_ratio"", ""letter_ratio"", ""longest_repeated_char_run"", ""letter_count""]",,,,,,,0.9980691312213256,-0.00912445662894834
0.9997092600668702,0.999329309188464,,iscx_url2016_binary,,2,0,0.0,0.0417120000001887,6.063672045382863e-06,0.9995716479380692,rf,20261001,5388,1491,6879,,0.9994715538500698,1.0,0.9986586183769284,r00,0.9997587604319308,S3-domain,s3,rf_unlimited_leaf5_balanced,"{""class_weight"": ""balanced_subsample"", ""max_depth"": null, ""max_features"": ""sqrt"", ""min_samples_leaf"": 5, ""n_estimators"": 200}",0.62,5388,,1489,5.829562200000055,0.9989268745006724,0.9992077432033486,f_permutation,15,"[""url_length"", ""subdomain_depth"", ""dot_count"", ""hostname_length"", ""path_length"", ""hyphen_count"", ""token_max_length"", ""slash_count"", ""longest_repeated_char_run"", ""tld_length"", ""question_mark_count"", ""domain_digit_ratio"", ""host_is_ip"", ""path_segment_count"", ""token_count""]",,,,,,,0.9980691312213256,0.0015025167167436182
0.9992731501671754,0.9983232729711604,,iscx_url2016_binary,,5,0,0.0,0.0477445999999872,6.940630905653039e-06,0.998928338982753,rf,20261001,5388,1491,6879,20260902.0,0.999791616051138,1.0,0.9966465459423206,r00,0.9999309143651812,S3-domain,s3,rf_unlimited_leaf5_balanced,"{""class_weight"": ""balanced_subsample"", ""max_depth"": null, ""max_features"": ""sqrt"", ""min_samples_leaf"": 5, ""n_estimators"": 200}",0.72,5388,11.762366100000008,1486,8.804552399999977,0.9980674432671156,0.9990206843226872,f_single,15,"[""subdomain_depth"", ""url_length"", ""dot_count"", ""hyphen_count"", ""path_length"", ""hostname_length"", ""longest_repeated_char_run"", ""special_char_count"", ""token_count"", ""char_type_transition_count"", ""token_max_length"", ""slash_count"", ""digit_count"", ""letter_count"", ""token_mean_length""]",0.0172198000000207,2.700737900000007,200.0,200.0,0.0135036895,positive_class_probability,0.9980691312213256,0.0008592077614274496
0.9995638901003052,0.998993963782696,,iscx_url2016_binary,,3,0,0.0,0.0469343999999978,6.822852158743687e-06,0.9993573158505308,rf,20261001,5388,1491,6879,20260902.0,0.9998244959053796,1.0,0.9979879275653925,r00,0.9999406236976424,S3-domain,s3,rf_depth16_leaf1,"{""class_weight"": null, ""max_depth"": 16, ""max_features"": ""sqrt"", ""min_samples_leaf"": 1, ""n_estimators"": 200}",0.65,5388,10.7523951,1488,7.238502299999993,0.998066511046646,0.9987744679133476,f_stable,15,"[""subdomain_depth"", ""url_length"", ""dot_count"", ""hyphen_count"", ""path_length"", ""hostname_length"", ""token_count"", ""longest_repeated_char_run"", ""special_char_count"", ""token_max_length"", ""letter_count"", ""char_type_transition_count"", ""slash_count"", ""token_mean_length"", ""digit_count""]",0.0136942000000033,3.286524799999995,200.0,200.0,0.0164326239999999,positive_class_probability,0.9980691312213256,0.0012881846292052135
0.9997092600668702,0.999329309188464,master,iscx_url2016_binary,ISCX-URL2016-binary,2,0,0.0,0.0077089000001251,1.1206425352704086e-06,0.9995716479380692,xgb,20261001,5388,1491,6879,20260902.0,0.9999991006491626,1.0,0.9986586183769284,r00,0.9999997510427574,S3-domain,s3,xgb_d6_lr01_balanced,"{""colsample_bytree"": 0.9, ""learning_rate"": 0.1, ""max_depth"": 6, ""n_estimators"": 200, ""reg_lambda"": 1.0, ""scale_pos_weight"": 3.537326264507809, ""subsample"": 0.9}",0.91,5388,5.082260000000133,1489,5.046843099999933,0.9989268745006724,0.999186930853174,f_all,35,"[""url_length"", ""hostname_length"", ""path_length"", ""query_length"", ""fragment_length"", ""digit_count"", ""letter_count"", ""special_char_count"", ""digit_ratio"", ""letter_ratio"", ""special_char_ratio"", ""dot_count"", ""hyphen_count"", ""underscore_count"", ""slash_count"", ""question_mark_count"", ""equals_sign_count"", ""percent_sign_count"", ""at_sign_count"", ""subdomain_depth"", ""path_segment_count"", ""query_parameter_count"", ""has_port"", ""has_userinfo"", ""host_is_ip"", ""tld_length"", ""registrable_domain_length"", ""domain_digit_ratio"", ""domain_hyphen_ratio"", ""url_char_entropy"", ""longest_repeated_char_run"", ""char_type_transition_count"", ""token_count"", ""token_mean_length"", ""token_max_length""]",0.0384644000000662,0.025604899999962,200.0,200.0,0.0001280244999998,raw_margin,0.9995716479380692,0.0
0.9941852013374036,0.9865861837692824,,iscx_url2016_binary,,40,0,0.0,0.0104962000000341,1.5258322430635485e-06,0.9913527910409936,xgb,20261001,5388,1491,6879,,0.9999044115738932,1.0,0.9731723675385648,r00,0.999972490224694,S3-domain,s3,xgb_d4_lr005,"{""colsample_bytree"": 0.9, ""learning_rate"": 0.05, ""max_depth"": 4, ""n_estimators"": 300, ""reg_lambda"": 1.0, ""scale_pos_weight"": 1.0, ""subsample"": 0.9}",0.95,5388,,1451,5.383417000000009,0.9816950521709862,0.9976881893696824,f_mi,15,"[""url_length"", ""subdomain_depth"", ""token_count"", ""special_char_count"", ""path_length"", ""hostname_length"", ""dot_count"", ""char_type_transition_count"", ""hyphen_count"", ""token_mean_length"", ""special_char_ratio"", ""digit_ratio"", ""letter_ratio"", ""longest_repeated_char_run"", ""letter_count""]",,,,,,,0.9995716479380692,-0.008218856897075577
0.9992731501671754,0.9983232729711604,,iscx_url2016_binary,,5,0,0.0,0.0060622999999395,8.81276348297655e-07,0.998928338982753,xgb,20261001,5388,1491,6879,,0.9999539410498308,1.0,0.9966465459423206,r00,0.9999868052661428,S3-domain,s3,xgb_d4_lr005,"{""colsample_bytree"": 0.9, ""learning_rate"": 0.05, ""max_depth"": 4, ""n_estimators"": 300, ""reg_lambda"": 1.0, ""scale_pos_weight"": 1.0, ""subsample"": 0.9}",0.79,5388,,1486,5.758515200000147,0.9989268745006724,0.9991222233644488,f_permutation,15,"[""url_length"", ""dot_count"", ""subdomain_depth"", ""hostname_length"", ""hyphen_count"", ""path_length"", ""token_max_length"", ""tld_length"", ""token_mean_length"", ""question_mark_count"", ""special_char_ratio"", ""slash_count"", ""percent_sign_count"", ""longest_repeated_char_run"", ""digit_ratio""]",,,,,,,0.9995716479380692,-0.0006433089553161686
0.9995638901003052,0.998993963782696,,iscx_url2016_binary,,3,0,0.0,0.0074055000000043,1.0765372873970628e-06,0.9993573158505308,xgb,20261001,5388,1491,6879,20260902.0,1.0,1.0,0.9979879275653925,r00,1.0,S3-domain,s3,xgb_d6_lr01_balanced,"{""colsample_bytree"": 0.9, ""learning_rate"": 0.1, ""max_depth"": 6, ""n_estimators"": 200, ""reg_lambda"": 1.0, ""scale_pos_weight"": 3.537326264507809, ""subsample"": 0.9}",0.87,5388,5.006655300000006,1488,4.746815900000001,0.9982842380078384,0.999614530047673,f_single,15,"[""url_length"", ""subdomain_depth"", ""dot_count"", ""hyphen_count"", ""hostname_length"", ""path_length"", ""token_mean_length"", ""longest_repeated_char_run"", ""token_max_length"", ""url_char_entropy"", ""special_char_ratio"", ""slash_count"", ""registrable_domain_length"", ""token_count"", ""digit_ratio""]",0.0381678999999905,0.0280060999999989,200.0,200.0,0.0001400304999999,raw_margin,0.9995716479380692,-0.00021433208753840471
0.9997092600668702,0.999329309188464,,iscx_url2016_binary,,2,0,0.0,0.0081551000000104,1.1855066143349916e-06,0.9995716479380692,xgb,20261001,5388,1491,6879,20260902.0,1.0,1.0,0.9986586183769284,r00,1.0,S3-domain,s3,xgb_d6_lr005,"{""colsample_bytree"": 0.9, ""learning_rate"": 0.05, ""max_depth"": 6, ""n_estimators"": 250, ""reg_lambda"": 1.0, ""scale_pos_weight"": 1.0, ""subsample"": 0.9}",0.79,5388,4.85630279999998,1489,4.504154299999982,0.9989268745006724,0.9992995698150288,f_stable,14,"[""url_length"", ""subdomain_depth"", ""dot_count"", ""hostname_length"", ""hyphen_count"", ""path_length"", ""token_mean_length"", ""longest_repeated_char_run"", ""token_max_length"", ""digit_ratio"", ""tld_length"", ""registrable_domain_length"", ""slash_count"", ""token_count""]",0.1367703999999889,0.0307877000000189,200.0,200.0,0.0001539385,raw_margin,0.9995716479380692,0.0
0.7762577228596647,0.8510668852173662,master,iscx_url2016_binary,ISCX-URL2016-binary,23,1498,0.2824816141806525,0.0037750999999843,5.553250956140596e-07,0.746387550722144,lr,20261002,5303,1495,6798,20260903.0,0.4936915408612404,0.4956228956228956,0.9846153846153848,r01,0.7957819042291326,S3-domain,s3,lr_c01,"{""C"": 0.1, ""class_weight"": null}",0.66,3805,6.699763300000086,1472,6.672647600000346,0.98501293229816,0.9930059197053144,f_all,35,"[""url_length"", ""hostname_length"", ""path_length"", ""query_length"", ""fragment_length"", ""digit_count"", ""letter_count"", ""special_char_count"", ""digit_ratio"", ""letter_ratio"", ""special_char_ratio"", ""dot_count"", ""hyphen_count"", ""underscore_count"", ""slash_count"", ""question_mark_count"", ""equals_sign_count"", ""percent_sign_count"", ""at_sign_count"", ""subdomain_depth"", ""path_segment_count"", ""query_parameter_count"", ""has_port"", ""has_userinfo"", ""host_is_ip"", ""tld_length"", ""registrable_domain_length"", ""domain_digit_ratio"", ""domain_hyphen_ratio"", ""url_char_entropy"", ""longest_repeated_char_run"", ""char_type_transition_count"", ""token_count"", ""token_mean_length"", ""token_max_length""]",0.0010450999998283,0.0047897999997985,200.0,200.0,2.39489999989925e-05,raw_log_odds,0.746387550722144,0.0
0.7728743748161224,0.8493786252118287,,iscx_url2016_binary,,21,1523,0.2871959268338676,0.0016863999999259,2.480729626251729e-07,0.7433410225873139,lr,20261002,5303,1495,6798,,0.4709483360171692,0.4918251584918252,0.9859531772575252,r01,0.7792787196242172,S3-domain,s3,lr_c01,"{""C"": 0.1, ""class_weight"": null}",0.45,3780,,1474,4.760352000000239,0.987699015373478,0.9964361770723326,f_mi,15,"[""url_length"", ""subdomain_depth"", ""token_count"", ""special_char_count"", ""path_length"", ""char_type_transition_count"", ""hostname_length"", ""dot_count"", ""hyphen_count"", ""special_char_ratio"", ""token_mean_length"", ""digit_ratio"", ""longest_repeated_char_run"", ""letter_ratio"", ""letter_count""]",,,,,,,0.746387550722144,-0.0030465281348300843
0.6293027360988526,0.5193547919174922,,iscx_url2016_binary,,1012,1508,0.2843673392419385,0.0012095000001863,1.779199764910828e-07,0.5139251367487756,lr,20261002,5303,1495,6798,,0.4623137871294234,0.2425916624811652,0.3230769230769231,r01,0.7727702562504848,S3-domain,s3,lr_c1_balanced,"{""C"": 1.0, ""class_weight"": ""balanced""}",0.93,3795,,483,4.152725699999792,0.9650322924263556,0.9825955236491952,f_permutation,15,"[""subdomain_depth"", ""dot_count"", ""hyphen_count"", ""char_type_transition_count"", ""slash_count"", ""hostname_length"", ""path_length"", ""tld_length"", ""registrable_domain_length"", ""equals_sign_count"", ""letter_count"", ""special_char_ratio"", ""digit_count"", ""question_mark_count"", ""host_is_ip""]",,,,,,,0.746387550722144,-0.23246241397336842
0.7753751103265666,0.8466585771794473,,iscx_url2016_binary,,39,1488,0.2805958891193664,0.0012111000000061,1.781553398067265e-07,0.7446229663444304,lr,20261002,5303,1495,6798,20260903.0,0.4804575506769113,0.4945652173913043,0.9739130434782608,r01,0.7859234092900024,S3-domain,s3,lr_c01,"{""C"": 0.1, ""class_weight"": null}",0.71,3815,3.9171433999999854,1456,3.770111000000014,0.9821131540448236,0.9910247179687875,f_single,15,"[""subdomain_depth"", ""dot_count"", ""hyphen_count"", ""hostname_length"", ""char_type_transition_count"", ""path_length"", ""special_char_count"", ""token_count"", ""registrable_domain_length"", ""letter_count"", ""question_mark_count"", ""slash_count"", ""url_length"", ""equals_sign_count"", ""digit_ratio""]",0.0008397999999942,0.0045877999999959,200.0,200.0,2.293899999997961e-05,raw_log_odds,0.746387550722144,-0.0017645843777136516
0.7737569873492204,0.8444206188583858,,iscx_url2016_binary,,44,1494,0.281727324156138,0.0015272999999922,2.2466902029894641e-07,0.7428131604737109,lr,20261002,5303,1495,6798,20260903.0,0.463934981264871,0.4926994906621392,0.9705685618729096,r01,0.7780972088115706,S3-domain,s3,lr_c1_balanced,"{""C"": 1.0, ""class_weight"": ""balanced""}",0.9,3809,4.039001500000012,1451,3.853931799999998,0.9825669798984278,0.9917689756455088,f_stable,13,"[""subdomain_depth"", ""dot_count"", ""hyphen_count"", ""token_count"", ""special_char_count"", ""hostname_length"", ""registrable_domain_length"", ""path_length"", ""char_type_transition_count"", ""question_mark_count"", ""slash_count"", ""letter_count"", ""equals_sign_count""]",0.0008515000000102,0.0045353999999804,200.0,200.0,2.2676999999902137e-05,raw_log_odds,0.746387550722144,-0.0035743902484330903
0.9410120623712857,0.9605100791689188,master,iscx_url2016_binary,ISCX-URL2016-binary,7,394,0.0742975674146709,0.0365434999998797,5.3756251838599165e-06,0.9210074610333374,rf,20261002,5303,1495,6798,20260903.0,0.998347912872632,0.7906482465462275,0.9953177257525084,r01,0.9992216181034652,S3-domain,s3,rf_unlimited_leaf5_balanced,"{""class_weight"": ""balanced_subsample"", ""max_depth"": null, ""max_features"": ""sqrt"", ""min_samples_leaf"": 5, ""n_estimators"": 200}",0.56,4909,9.20740479999995,1488,9.149899300000016,0.9987143193561692,0.9999764735405754,f_all,35,"[""url_length"", ""hostname_length"", ""path_length"", ""query_length"", ""fragment_length"", ""digit_count"", ""letter_count"", ""special_char_count"", ""digit_ratio"", ""letter_ratio"", ""special_char_ratio"", ""dot_count"", ""hyphen_count"", ""underscore_count"", ""slash_count"", ""question_mark_count"", ""equals_sign_count"", ""percent_sign_count"", ""at_sign_count"", ""subdomain_depth"", ""path_segment_count"", ""query_parameter_count"", ""has_port"", ""has_userinfo"", ""host_is_ip"", ""tld_length"", ""registrable_domain_length"", ""domain_digit_ratio"", ""domain_hyphen_ratio"", ""url_char_entropy"", ""longest_repeated_char_run"", ""char_type_transition_count"", ""token_count"", ""token_mean_length"", ""token_max_length""]",0.0095580999995945,3.1866868000001887,200.0,200.0,0.0159334340000009,positive_class_probability,0.9210074610333374,0.0
0.8879082082965578,0.925512094182822,,iscx_url2016_binary,,11,751,0.1416179521025834,0.0401971999999659,5.913092085902613e-06,0.8592377537283785,rf,20261002,5303,1495,6798,,0.9956762569333164,0.6639821029082774,0.9926421404682274,r01,0.9975094554290906,S3-domain,s3,rf_depth24_leaf2,"{""class_weight"": null, ""max_depth"": 24, ""max_features"": ""sqrt"", ""min_samples_leaf"": 2, ""n_estimators"": 200}",0.56,4552,,1484,7.129351499999757,0.9982857591415588,0.9999473455431924,f_mi,15,"[""url_length"", ""subdomain_depth"", ""token_count"", ""special_char_count"", ""path_length"", ""char_type_transition_count"", ""hostname_length"", ""dot_count"", ""hyphen_count"", ""special_char_ratio"", ""token_mean_length"", ""digit_ratio"", ""longest_repeated_char_run"", ""letter_ratio"", ""letter_count""]",,,,,,,0.9210074610333374,-0.0617697073049589
0.9929390997352162,0.9942734503155594,,iscx_url2016_binary,,5,43,0.00810861776353,0.0358947999998235,5.280200058814885e-06,0.9898029694089082,rf,20261002,5303,1495,6798,,0.9988218181020176,0.9719504240052184,0.9966555183946488,r01,0.9993775215265922,S3-domain,s3,rf_unlimited_leaf5_balanced,"{""class_weight"": ""balanced_subsample"", ""max_depth"": null, ""max_features"": ""sqrt"", ""min_samples_leaf"": 5, ""n_estimators"": 200}",0.61,5260,,1490,6.354844899999989,0.998928338982753,0.9997530344153512,f_permutation,15,"[""url_length"", ""dot_count"", ""subdomain_depth"", ""hostname_length"", ""path_length"", ""token_max_length"", ""hyphen_count"", ""path_segment_count"", ""slash_count"", ""token_mean_length"", ""token_count"", ""question_mark_count"", ""equals_sign_count"", ""registrable_domain_length"", ""query_length""]",,,,,,,0.9210074610333374,0.0687955083755708
0.9657252132980289,0.9751493601463675,,iscx_url2016_binary,,12,221,0.041674523854422,0.0557238999999754,8.197102088846043e-06,0.9523772141571966,rf,20261002,5303,1495,6798,20260903.0,0.9966551490718604,0.8703051643192489,0.9919732441471572,r01,0.9981746938219485,S3-domain,s3,rf_depth24_leaf2,"{""class_weight"": null, ""max_depth"": 24, ""max_features"": ""sqrt"", ""min_samples_leaf"": 2, ""n_estimators"": 200}",0.54,5082,10.643454099999984,1483,7.0864950000000135,0.998928338982753,0.9995750299869,f_single,15,"[""subdomain_depth"", ""url_length"", ""hyphen_count"", ""dot_count"", ""path_length"", ""hostname_length"", ""longest_repeated_char_run"", ""token_max_length"", ""special_char_count"", ""token_count"", ""char_type_transition_count"", ""token_mean_length"", ""digit_count"", ""digit_ratio"", ""slash_count""]",0.0113316999999995,3.3321354999999926,200.0,200.0,0.0166606774999999,positive_class_probability,0.9210074610333374,0.031369753123859145
0.994704324801412,0.9937237520000352,,iscx_url2016_binary,,12,24,0.0045257401470865,0.0426024999999867,6.266916740215766e-06,0.9923049223870262,rf,20261002,5303,1495,6798,20260903.0,0.997138225911636,0.9840743198407432,0.9919732441471572,r01,0.9984523179597338,S3-domain,s3,rf_unlimited_leaf5_balanced,"{""class_weight"": ""balanced_subsample"", ""max_depth"": null, ""max_features"": ""sqrt"", ""min_samples_leaf"": 5, ""n_estimators"": 200}",0.65,5279,9.867357400000005,1483,7.047558099999975,0.9987136939702372,0.9997017492233776,f_stable,15,"[""subdomain_depth"", ""url_length"", ""dot_count"", ""hyphen_count"", ""path_length"", ""hostname_length"", ""token_count"", ""longest_repeated_char_run"", ""special_char_count"", ""token_max_length"", ""char_type_transition_count"", ""token_mean_length"", ""digit_count"", ""letter_count"", ""slash_count""]",0.0107844999999997,2.6059527000000458,200.0,200.0,0.0130297635000002,positive_class_probability,0.9210074610333374,0.07129746135368875
0.7878787878787878,0.863799061173804,master,iscx_url2016_binary,ISCX-URL2016-binary,1,1441,0.2717329813313219,0.0070009999999456,1.029861724028484e-06,0.7585857834602212,xgb,20261002,5303,1495,6798,20260903.0,0.997791216899824,0.5090289608177172,0.9993311036789296,r01,0.9988365265575048,S3-domain,s3,xgb_d6_lr01_balanced,"{""colsample_bytree"": 0.9, ""learning_rate"": 0.1, ""max_depth"": 6, ""n_estimators"": 200, ""reg_lambda"": 1.0, ""scale_pos_weight"": 3.537326264507809, ""subsample"": 0.9}",0.3,3862,5.402076300000317,1494,5.371670699999868,0.9995716479380692,0.9999982572993018,f_all,35,"[""url_length"", ""hostname_length"", ""path_length"", ""query_length"", ""fragment_length"", ""digit_count"", ""letter_count"", ""special_char_count"", ""digit_ratio"", ""letter_ratio"", ""special_char_ratio"", ""dot_count"", ""hyphen_count"", ""underscore_count"", ""slash_count"", ""question_mark_count"", ""equals_sign_count"", ""percent_sign_count"", ""at_sign_count"", ""subdomain_depth"", ""path_segment_count"", ""query_parameter_count"", ""has_port"", ""has_userinfo"", ""host_is_ip"", ""tld_length"", ""registrable_domain_length"", ""domain_digit_ratio"", ""domain_hyphen_ratio"", ""url_char_entropy"", ""longest_repeated_char_run"", ""char_type_transition_count"", ""token_count"", ""token_mean_length"", ""token_max_length""]",0.0385801999996147,0.0248661000000538,200.0,200.0,0.0001243305000002,raw_margin,0.7585857834602212,0.0
0.7958223006766696,0.8676897093019222,,iscx_url2016_binary,,6,1382,0.2606072034697341,0.0068894999999429,1.0134598411213483e-06,0.7658548351315122,xgb,20261002,5303,1495,6798,,0.9946490390088712,0.5186346220828979,0.9959866220735786,r01,0.9973594803723772,S3-domain,s3,xgb_d6_lr01_balanced,"{""colsample_bytree"": 0.9, ""learning_rate"": 0.1, ""max_depth"": 6, ""n_estimators"": 200, ""reg_lambda"": 1.0, ""scale_pos_weight"": 3.537326264507809, ""subsample"": 0.9}",0.49,3921,,1489,4.889319899999919,0.9987149438142076,0.999975104275741,f_mi,15,"[""url_length"", ""subdomain_depth"", ""token_count"", ""special_char_count"", ""path_length"", ""char_type_transition_count"", ""hostname_length"", ""dot_count"", ""hyphen_count"", ""special_char_ratio"", ""token_mean_length"", ""digit_ratio"", ""longest_repeated_char_run"", ""letter_ratio"", ""letter_count""]",,,,,,,0.7585857834602212,0.007269051671290994
0.979111503383348,0.9849302187125732,,iscx_url2016_binary,,7,135,0.0254572883273618,0.006661499999609,9.799205648145155e-07,0.970452890634594,xgb,20261002,5303,1495,6798,,0.9989883505856866,0.9168207024029574,0.9953177257525084,r01,0.9995340556269974,S3-domain,s3,xgb_d6_lr01_balanced,"{""colsample_bytree"": 0.9, ""learning_rate"": 0.1, ""max_depth"": 6, ""n_estimators"": 200, ""reg_lambda"": 1.0, ""scale_pos_weight"": 3.537326264507809, ""subsample"": 0.9}",0.57,5168,,1488,5.305500100000245,0.998928338982753,0.9999896682744328,f_permutation,15,"[""url_length"", ""dot_count"", ""subdomain_depth"", ""hostname_length"", ""hyphen_count"", ""token_max_length"", ""path_segment_count"", ""tld_length"", ""path_length"", ""equals_sign_count"", ""slash_count"", ""url_char_entropy"", ""token_mean_length"", ""question_mark_count"", ""special_char_ratio""]",,,,,,,0.7585857834602212,0.21186710717437274
0.969991173874669,0.979564794837528,,iscx_url2016_binary,,5,199,0.0375259287195926,0.0066378999999869,9.764489555732546e-07,0.9581684353384284,xgb,20261002,5303,1495,6798,20260903.0,0.9987170086071137,0.8821788040260509,0.9966555183946488,r01,0.9993869816857626,S3-domain,s3,xgb_d6_lr01_balanced,"{""colsample_bytree"": 0.9, ""learning_rate"": 0.1, ""max_depth"": 6, ""n_estimators"": 200, ""reg_lambda"": 1.0, ""scale_pos_weight"": 3.537326264507809, ""subsample"": 0.9}",0.5,5104,4.868508399999996,1490,4.6138606000000095,0.9991428795707794,0.9999769714550604,f_single,15,"[""subdomain_depth"", ""url_length"", ""dot_count"", ""hostname_length"", ""hyphen_count"", ""token_max_length"", ""path_length"", ""longest_repeated_char_run"", ""token_mean_length"", ""tld_length"", ""digit_ratio"", ""registrable_domain_length"", ""slash_count"", ""token_count"", ""char_type_transition_count""]",0.0381805000000099,0.0257826999999792,200.0,200.0,0.0001289134999998,raw_margin,0.7585857834602212,0.19958265187820723
0.7213886437187408,0.8207013509737973,,iscx_url2016_binary,,3,1891,0.3565906090891948,0.0064510000000268,9.489555751731174e-07,0.6972372270178311,xgb,20261002,5303,1495,6798,20260903.0,0.9949721646318076,0.4410286727756429,0.9979933110367892,r01,0.997699100086592,S3-domain,s3,xgb_d6_lr01_balanced,"{""colsample_bytree"": 0.9, ""learning_rate"": 0.1, ""max_depth"": 6, ""n_estimators"": 200, ""reg_lambda"": 1.0, ""scale_pos_weight"": 3.537326264507809, ""subsample"": 0.9}",0.62,3412,4.652185400000008,1492,4.403948300000025,0.998928338982753,0.9999482168935414,f_stable,12,"[""subdomain_depth"", ""url_length"", ""dot_count"", ""hostname_length"", ""hyphen_count"", ""token_max_length"", ""path_length"", ""token_mean_length"", ""longest_repeated_char_run"", ""tld_length"", ""token_count"", ""registrable_domain_length""]",0.0397512000000119,0.0263254999999844,200.0,200.0,0.0001316274999999,raw_margin,0.7585857834602212,-0.06134855644239012
0.776551927037364,0.8495743243711991,master,iscx_url2016_binary,ISCX-URL2016-binary,30,1489,0.280784461625495,0.0029073000000607,4.276699029215633e-07,0.7462547920195509,lr,20261003,5303,1495,6798,20260904.0,0.5146871482940398,0.495937711577522,0.979933110367893,r02,0.8027061100645372,S3-domain,s3,lr_c01,"{""C"": 0.1, ""class_weight"": null}",0.67,3814,4.26879289999988,1465,4.247698000000128,0.9913656007239892,0.9941434053467052,f_all,35,"[""url_length"", ""hostname_length"", ""path_length"", ""query_length"", ""fragment_length"", ""digit_count"", ""letter_count"", ""special_char_count"", ""digit_ratio"", ""letter_ratio"", ""special_char_ratio"", ""dot_count"", ""hyphen_count"", ""underscore_count"", ""slash_count"", ""question_mark_count"", ""equals_sign_count"", ""percent_sign_count"", ""at_sign_count"", ""subdomain_depth"", ""path_segment_count"", ""query_parameter_count"", ""has_port"", ""has_userinfo"", ""host_is_ip"", ""tld_length"", ""registrable_domain_length"", ""domain_digit_ratio"", ""domain_hyphen_ratio"", ""url_char_entropy"", ""longest_repeated_char_run"", ""char_type_transition_count"", ""token_count"", ""token_mean_length"", ""token_max_length""]",0.0008396000002903,0.0049692000002323,200.0,200.0,2.48460000011615e-05,raw_log_odds,0.7462547920195509,0.0
0.7722859664607238,0.84852115638463,,iscx_url2016_binary,,23,1525,0.2875730718461248,0.0014501999999083,2.1332744923629946e-07,0.7426761029567112,lr,20261003,5303,1495,6798,,0.4882338357971384,0.4911578244911578,0.9846153846153848,r02,0.7863284302379483,S3-domain,s3,lr_c1,"{""C"": 1.0, ""class_weight"": null}",0.59,3778,,1472,4.924601300000177,0.9939707760498836,0.9964594545745146,f_mi,15,"[""url_length"", ""subdomain_depth"", ""token_count"", ""special_char_count"", ""path_length"", ""hostname_length"", ""char_type_transition_count"", ""dot_count"", ""hyphen_count"", ""token_mean_length"", ""special_char_ratio"", ""digit_ratio"", ""letter_ratio"", ""longest_repeated_char_run"", ""letter_count""]",,,,,,,0.7462547920195509,-0.003578689062839757
0.7756693145042659,0.8485282830378715,,iscx_url2016_binary,,32,1493,0.2815387516500094,0.0016967000001386,2.4958811417161845e-07,0.7453112864102267,lr,20261003,5303,1495,6798,,0.5149223603039272,0.4949255751014885,0.9785953177257524,r02,0.7977116505644246,S3-domain,s3,lr_c01,"{""C"": 0.1, ""class_weight"": null}",0.65,3810,,1463,4.319286199999624,0.9907111433024796,0.994192698880738,f_permutation,15,"[""subdomain_depth"", ""dot_count"", ""hyphen_count"", ""char_type_transition_count"", ""slash_count"", ""path_length"", ""hostname_length"", ""tld_length"", ""equals_sign_count"", ""special_char_ratio"", ""letter_count"", ""token_count"", ""digit_count"", ""token_max_length"", ""domain_hyphen_ratio""]",,,,,,,0.7462547920195509,-0.0009435056093242133
0.7769932333039129,0.8488965355005087,,iscx_url2016_binary,,34,1482,0.2794644540825947,0.0015681000000427,2.3067078553143641e-07,0.7464331798250945,lr,20261003,5303,1495,6798,20260904.0,0.4923121063488317,0.4964322120285423,0.977257525083612,r02,0.7916732940337299,S3-domain,s3,lr_c01,"{""C"": 0.1, ""class_weight"": null}",0.72,3821,4.4021702000000005,1461,4.223095999999998,0.9887419007703048,0.9939701311058632,f_single,15,"[""subdomain_depth"", ""dot_count"", ""hyphen_count"", ""hostname_length"", ""token_count"", ""registrable_domain_length"", ""special_char_count"", ""path_length"", ""question_mark_count"", ""char_type_transition_count"", ""letter_count"", ""equals_sign_count"", ""slash_count"", ""digit_ratio"", ""url_length""]",0.0006847999999877,0.0052086000000031,200.0,200.0,2.604300000001558e-05,raw_log_odds,0.7462547920195509,0.00017838780554357836
0.774786701971168,0.8465215940746609,,iscx_url2016_binary,,38,1493,0.2815387516500094,0.0011994999999842,1.7644895557285308e-07,0.7441319671124598,lr,20261003,5303,1495,6798,20260904.0,0.4729386468917749,0.4938983050847457,0.974581939799331,r02,0.782245173269122,S3-domain,s3,lr_c1_balanced,"{""C"": 1.0, ""class_weight"": ""balanced""}",0.9,3810,4.195741399999974,1457,4.029774999999972,0.9896182100127904,0.9946350959008192,f_stable,13,"[""subdomain_depth"", ""dot_count"", ""hyphen_count"", ""token_count"", ""hostname_length"", ""registrable_domain_length"", ""special_char_count"", ""path_length"", ""char_type_transition_count"", ""question_mark_count"", ""slash_count"", ""equals_sign_count"", ""letter_count""]",0.0008723999999915,0.0046201999999766,200.0,200.0,2.3100999999883243e-05,raw_log_odds,0.7462547920195509,-0.0021228249070911476
0.875257428655487,0.9188444478641168,master,iscx_url2016_binary,ISCX-URL2016-binary,5,843,0.1589666226664152,0.0508832000000438,7.485025007361558e-06,0.8458301561749837,rf,20261003,5303,1495,6798,20260904.0,0.9978094564530846,0.6386626660951564,0.9966555183946488,r02,0.99879792910809,S3-domain,s3,rf_depth24_leaf2,"{""class_weight"": null, ""max_depth"": 24, ""max_features"": ""sqrt"", ""min_samples_leaf"": 2, ""n_estimators"": 200}",0.42,4460,9.325061000000003,1490,9.254474100000152,0.9991432958761384,0.9999924068041012,f_all,35,"[""url_length"", ""hostname_length"", ""path_length"", ""query_length"", ""fragment_length"", ""digit_count"", ""letter_count"", ""special_char_count"", ""digit_ratio"", ""letter_ratio"", ""special_char_ratio"", ""dot_count"", ""hyphen_count"", ""underscore_count"", ""slash_count"", ""question_mark_count"", ""equals_sign_count"", ""percent_sign_count"", ""at_sign_count"", ""subdomain_depth"", ""path_segment_count"", ""query_parameter_count"", ""has_port"", ""has_userinfo"", ""host_is_ip"", ""tld_length"", ""registrable_domain_length"", ""domain_digit_ratio"", ""domain_hyphen_ratio"", ""url_char_entropy"", ""longest_repeated_char_run"", ""char_type_transition_count"", ""token_count"", ""token_mean_length"", ""token_max_length""]",0.0127900000002227,3.1583120000000235,200.0,200.0,0.0157915600000001,positive_class_probability,0.8458301561749837,0.0
0.853486319505737,0.9039294347807167,,iscx_url2016_binary,,9,987,0.1861210635489345,0.036686599999939,5.396675492783034e-06,0.822771829810901,rf,20261003,5303,1495,6798,,0.9959081497050852,0.6008896077638496,0.993979933110368,r02,0.9977053437916444,S3-domain,s3,rf_unlimited_leaf5_balanced,"{""class_weight"": ""balanced_subsample"", ""max_depth"": null, ""max_features"": ""sqrt"", ""min_samples_leaf"": 5, ""n_estimators"": 200}",0.54,4316,,1486,7.9953988999996,0.997426135309178,0.9999427398342045,f_mi,15,"[""url_length"", ""subdomain_depth"", ""token_count"", ""special_char_count"", ""path_length"", ""hostname_length"", ""char_type_transition_count"", ""dot_count"", ""hyphen_count"", ""token_mean_length"", ""special_char_ratio"", ""digit_ratio"", ""letter_ratio"", ""longest_repeated_char_run"", ""letter_count""]",,,,,,,0.8458301561749837,-0.02305832636408267
0.7814062959694028,0.8572488469642665,,iscx_url2016_binary,,11,1475,0.2781444465396945,0.0498851999996077,7.338217122625437e-06,0.7519104107747865,rf,20261003,5303,1495,6798,,0.9955941057190472,0.5015207840486651,0.9926421404682274,r02,0.9969828399019424,S3-domain,s3,rf_depth24_leaf2,"{""class_weight"": null, ""max_depth"": 24, ""max_features"": ""sqrt"", ""min_samples_leaf"": 2, ""n_estimators"": 200}",0.5,3828,,1484,7.825099900000168,0.9982840902061187,0.9999774693695456,f_permutation,15,"[""url_length"", ""subdomain_depth"", ""hostname_length"", ""dot_count"", ""path_length"", ""token_count"", ""token_max_length"", ""hyphen_count"", ""question_mark_count"", ""token_mean_length"", ""special_char_count"", ""char_type_transition_count"", ""registrable_domain_length"", ""query_length"", ""equals_sign_count""]",,,,,,,0.8458301561749837,-0.09391974540019721
0.9445425125036776,0.9622926254275204,,iscx_url2016_binary,,9,368,0.0693946822553271,0.0459667000000081,6.761797587526939e-06,0.9253189136655456,rf,20261003,5303,1495,6798,20260904.0,0.9966979512320346,0.8015102481121898,0.993979933110368,r02,0.9980945978076396,S3-domain,s3,rf_depth24_leaf2,"{""class_weight"": null, ""max_depth"": 24, ""max_features"": ""sqrt"", ""min_samples_leaf"": 2, ""n_estimators"": 200}",0.57,4935,11.202750899999955,1486,7.339574900000002,0.997854067345662,0.9998463933813224,f_single,15,"[""url_length"", ""subdomain_depth"", ""hostname_length"", ""dot_count"", ""path_length"", ""hyphen_count"", ""token_count"", ""longest_repeated_char_run"", ""special_char_count"", ""token_max_length"", ""char_type_transition_count"", ""token_mean_length"", ""digit_ratio"", ""digit_count"", ""letter_count""]",0.0115106999999738,3.651575199999968,200.0,200.0,0.0182578759999998,positive_class_probability,0.8458301561749837,0.07948875749056195
0.863930567814063,0.9108639206557532,,iscx_url2016_binary,,8,917,0.1729209881199321,0.0421234000000367,6.196440129455249e-06,0.8336846775322537,rf,20261003,5303,1495,6798,20260904.0,0.9969817684718074,0.6185524126455907,0.9946488294314382,r02,0.9982584477644698,S3-domain,s3,rf_unlimited_leaf5_balanced,"{""class_weight"": ""balanced_subsample"", ""max_depth"": null, ""max_features"": ""sqrt"", ""min_samples_leaf"": 5, ""n_estimators"": 200}",0.55,4386,10.481464700000004,1487,7.456537099999991,0.9980691312213256,0.9999173461954602,f_stable,13,"[""url_length"", ""subdomain_depth"", ""hostname_length"", ""dot_count"", ""path_length"", ""hyphen_count"", ""token_count"", ""longest_repeated_char_run"", ""special_char_count"", ""token_max_length"", ""char_type_transition_count"", ""token_mean_length"", ""digit_count""]",0.0112080000000105,2.8159178000000225,200.0,200.0,0.0140795890000001,positive_class_probability,0.8458301561749837,-0.012145478642729968
0.7749338040600177,0.8552617089966744,master,iscx_url2016_binary,ISCX-URL2016-binary,2,1528,0.2881387893645106,0.0079376999997293,1.16765225062215e-06,0.7463512016013547,xgb,20261003,5303,1495,6798,20260904.0,0.9965491984629335,0.4942072161535915,0.9986622073578596,r02,0.9981395020298348,S3-domain,s3,xgb_d6_lr01_balanced,"{""colsample_bytree"": 0.9, ""learning_rate"": 0.1, ""max_depth"": 6, ""n_estimators"": 200, ""reg_lambda"": 1.0, ""scale_pos_weight"": 3.537326264507809, ""subsample"": 0.9}",0.16,3775,5.909859599999891,1493,5.878750500000024,0.9995718557820568,0.9999935271116928,f_all,35,"[""url_length"", ""hostname_length"", ""path_length"", ""query_length"", ""fragment_length"", ""digit_count"", ""letter_count"", ""special_char_count"", ""digit_ratio"", ""letter_ratio"", ""special_char_ratio"", ""dot_count"", ""hyphen_count"", ""underscore_count"", ""slash_count"", ""question_mark_count"", ""equals_sign_count"", ""percent_sign_count"", ""at_sign_count"", ""subdomain_depth"", ""path_segment_count"", ""query_parameter_count"", ""has_port"", ""has_userinfo"", ""host_is_ip"", ""tld_length"", ""registrable_domain_length"", ""domain_digit_ratio"", ""domain_hyphen_ratio"", ""url_char_entropy"", ""longest_repeated_char_run"", ""char_type_transition_count"", ""token_count"", ""token_mean_length"", ""token_max_length""]",0.0357904000002236,0.0248716000000968,200.0,200.0,0.0001243580000004,raw_margin,0.7463512016013547,0.0
0.8075904677846425,0.8752326095470665,,iscx_url2016_binary,,6,1302,0.2455214029794456,0.0084464999999909,1.2424977934673317e-06,0.7771631264682606,xgb,20261003,5303,1495,6798,,0.9964445761480464,0.5335005374417772,0.9959866220735786,r02,0.9979814543039623,S3-domain,s3,xgb_d6_lr005,"{""colsample_bytree"": 0.9, ""learning_rate"": 0.05, ""max_depth"": 6, ""n_estimators"": 250, ""reg_lambda"": 1.0, ""scale_pos_weight"": 1.0, ""subsample"": 0.9}",0.19,4001,,1489,5.092036000000007,0.9982857591415588,0.9999736105322856,f_mi,15,"[""url_length"", ""subdomain_depth"", ""token_count"", ""special_char_count"", ""path_length"", ""hostname_length"", ""char_type_transition_count"", ""dot_count"", ""hyphen_count"", ""token_mean_length"", ""special_char_ratio"", ""digit_ratio"", ""letter_ratio"", ""longest_repeated_char_run"", ""letter_count""]",,,,,,,0.7463512016013547,0.03081192486690587
0.775228008237717,0.8544896338729198,,iscx_url2016_binary,,6,1522,0.287007354327739,0.0131989999999859,1.941600470724621e-06,0.7463998863268484,xgb,20261003,5303,1495,6798,,0.9946724309582416,0.4945200929923613,0.9959866220735786,r02,0.9971783498581293,S3-domain,s3,xgb_d6_lr005,"{""colsample_bytree"": 0.9, ""learning_rate"": 0.05, ""max_depth"": 6, ""n_estimators"": 250, ""reg_lambda"": 1.0, ""scale_pos_weight"": 1.0, ""subsample"": 0.9}",0.15,3781,,1489,4.859923600000002,0.9993576278479176,0.9999907885820242,f_permutation,15,"[""url_length"", ""dot_count"", ""hostname_length"", ""subdomain_depth"", ""hyphen_count"", ""token_max_length"", ""special_char_ratio"", ""token_mean_length"", ""percent_sign_count"", ""path_length"", ""equals_sign_count"", ""token_count"", ""question_mark_count"", ""slash_count"", ""query_length""]",,,,,,,0.7463512016013547,4.868472549368619e-05
0.8000882612533098,0.8709043344557287,,iscx_url2016_binary,,4,1355,0.2555157458042617,0.0071426999999744,1.0507060900227145e-06,0.7700494736217223,xgb,20261003,5303,1495,6798,20260904.0,0.997454160832758,0.5238931834153198,0.9973244147157192,r02,0.998590310148165,S3-domain,s3,xgb_d6_lr01_balanced,"{""colsample_bytree"": 0.9, ""learning_rate"": 0.1, ""max_depth"": 6, ""n_estimators"": 200, ""reg_lambda"": 1.0, ""scale_pos_weight"": 3.537326264507809, ""subsample"": 0.9}",0.15,3948,5.9196668999999815,1491,5.564218299999993,0.9995718557820568,0.999991535453752,f_single,15,"[""url_length"", ""subdomain_depth"", ""dot_count"", ""hostname_length"", ""hyphen_count"", ""token_max_length"", ""path_length"", ""longest_repeated_char_run"", ""token_mean_length"", ""special_char_ratio"", ""tld_length"", ""digit_ratio"", ""token_count"", ""registrable_domain_length"", ""slash_count""]",0.1138503000000241,0.0290939000000207,200.0,200.0,0.0001454695000001,raw_margin,0.7463512016013547,0.02369827202036756
0.8192115328037658,0.8824410616316756,,iscx_url2016_binary,,7,1222,0.2304356024891571,0.0077780000000302,1.1441600470771198e-06,0.7884294561380207,xgb,20261003,5303,1495,6798,20260904.0,0.996252380266617,0.5490774907749078,0.9953177257525084,r02,0.9977132903253474,S3-domain,s3,xgb_d6_lr005,"{""colsample_bytree"": 0.9, ""learning_rate"": 0.05, ""max_depth"": 6, ""n_estimators"": 250, ""reg_lambda"": 1.0, ""scale_pos_weight"": 1.0, ""subsample"": 0.9}",0.37,4081,4.836637800000005,1488,4.546210099999996,0.9993573158505308,0.9999714943957234,f_stable,12,"[""url_length"", ""subdomain_depth"", ""dot_count"", ""hostname_length"", ""hyphen_count"", ""path_length"", ""token_mean_length"", ""token_max_length"", ""longest_repeated_char_run"", ""digit_ratio"", ""tld_length"", ""registrable_domain_length""]",0.0539284000000179,0.0328898999999864,200.0,200.0,0.0001644494999999,raw_margin,0.7463512016013547,0.04207825453666603
0.9921500218054948,0.9823764412757168,master,iscx_url2016_binary,ISCX-URL2016-binary,52,2,0.0003711952487008,0.0043140000002495,6.271260357972826e-07,0.9882972728228164,lr,20261004,5388,1491,6879,20260905.0,0.9916237739629098,0.9986120749479528,0.965124077800134,r03,0.995368150501624,S3-domain,s3,lr_c1,"{""C"": 1.0, ""class_weight"": null}",0.88,5386,4.370213299999705,1439,4.343910300000061,0.7469620073232079,0.8056343446663938,f_all,35,"[""url_length"", ""hostname_length"", ""path_length"", ""query_length"", ""fragment_length"", ""digit_count"", ""letter_count"", ""special_char_count"", ""digit_ratio"", ""letter_ratio"", ""special_char_ratio"", ""dot_count"", ""hyphen_count"", ""underscore_count"", ""slash_count"", ""question_mark_count"", ""equals_sign_count"", ""percent_sign_count"", ""at_sign_count"", ""subdomain_depth"", ""path_segment_count"", ""query_parameter_count"", ""has_port"", ""has_userinfo"", ""host_is_ip"", ""tld_length"", ""registrable_domain_length"", ""domain_digit_ratio"", ""domain_hyphen_ratio"", ""url_char_entropy"", ""longest_repeated_char_run"", ""char_type_transition_count"", ""token_count"", ""token_mean_length"", ""token_max_length""]",0.0006983999996919,0.0048784000000523,200.0,200.0,2.43920000002615e-05,raw_log_odds,0.9882972728228164,0.0
0.9931676115714494,0.9847238591160924,,iscx_url2016_binary,,45,2,0.0003711952487008,0.0012447999997675,1.8095653434620807e-07,0.9898319783906936,lr,20261004,5388,1491,6879,,0.9953513788814994,0.9986187845303868,0.9698189134808852,r03,0.9971579041185992,S3-domain,s3,lr_c1,"{""C"": 1.0, ""class_weight"": null}",0.84,5386,,1446,5.564589999999953,0.7407791682628868,0.7821616715975118,f_mi,15,"[""url_length"", ""subdomain_depth"", ""token_count"", ""path_length"", ""special_char_count"", ""hostname_length"", ""dot_count"", ""char_type_transition_count"", ""hyphen_count"", ""token_mean_length"", ""special_char_ratio"", ""digit_ratio"", ""letter_ratio"", ""longest_repeated_char_run"", ""letter_count""]",,,,,,,0.9882972728228164,0.0015347055678771593
0.8682948102921937,0.910345704516632,,iscx_url2016_binary,,23,883,0.1638827023014105,0.0026001999999607,3.779909870563673e-07,0.8364089166279413,lr,20261004,5388,1491,6879,,0.9898231846650376,0.6244151424925564,0.9845741113346748,r03,0.9944514899344096,S3-domain,s3,lr_c1,"{""C"": 1.0, ""class_weight"": null}",0.58,4505,,1468,4.804412899999988,0.7447363323007583,0.7975799651487736,f_permutation,15,"[""subdomain_depth"", ""dot_count"", ""char_type_transition_count"", ""token_count"", ""special_char_count"", ""hyphen_count"", ""slash_count"", ""special_char_ratio"", ""equals_sign_count"", ""tld_length"", ""registrable_domain_length"", ""path_length"", ""url_length"", ""digit_count"", ""letter_count""]",,,,,,,0.9882972728228164,-0.15188835619487517
0.8687309201918884,0.912079380514714,,iscx_url2016_binary,,17,886,0.1644394951744617,0.0068624999999542,9.976013955450287e-07,0.83718388858503,lr,20261004,5388,1491,6879,20260905.0,0.9920968711862376,0.6245762711864407,0.98859825620389,r03,0.995470471928328,S3-domain,s3,lr_c1,"{""C"": 1.0, ""class_weight"": null}",0.39,4502,5.774310899999989,1474,5.348350499999981,0.7462185796584774,0.7993080208905542,f_single,15,"[""subdomain_depth"", ""dot_count"", ""char_type_transition_count"", ""token_count"", ""special_char_count"", ""registrable_domain_length"", ""hyphen_count"", ""slash_count"", ""url_length"", ""domain_hyphen_ratio"", ""equals_sign_count"", ""digit_ratio"", ""path_length"", ""special_char_ratio"", ""percent_sign_count""]",0.0021775000000161,0.0107423999999696,200.0,200.0,5.371199999984811e-05,raw_log_odds,0.9882972728228164,-0.15111338423778642
0.8681494403256287,0.9114656386724206,,iscx_url2016_binary,,18,889,0.1649962880475129,0.0013103,1.904782671900127e-07,0.8365145497853801,lr,20261004,5388,1491,6879,20260905.0,0.991648747438763,0.6236240474174428,0.9879275653923542,r03,0.9952854966970842,S3-domain,s3,lr_c1,"{""C"": 1.0, ""class_weight"": null}",0.4,4499,6.461386300000015,1473,6.264194199999963,0.7460235633207145,0.7983032258512094,f_stable,13,"[""subdomain_depth"", ""char_type_transition_count"", ""dot_count"", ""token_count"", ""special_char_count"", ""registrable_domain_length"", ""hyphen_count"", ""slash_count"", ""url_length"", ""path_length"", ""special_char_ratio"", ""digit_ratio"", ""equals_sign_count""]",0.0010198999999602,0.0052956999999764,200.0,200.0,2.647849999988239e-05,raw_log_odds,0.9882972728228164,-0.15178272303743634
0.9997092600668702,0.999329309188464,master,iscx_url2016_binary,ISCX-URL2016-binary,2,0,0.0,0.0443036000001484,6.440412850726622e-06,0.9995716479380692,rf,20261004,5388,1491,6879,20260905.0,0.9999880551434466,1.0,0.9986586183769284,r03,0.999996639077225,S3-domain,s3,rf_depth16_leaf1,"{""class_weight"": null, ""max_depth"": 16, ""max_features"": ""sqrt"", ""min_samples_leaf"": 1, ""n_estimators"": 200}",0.64,5388,8.385132800000065,1489,8.321253699999943,0.9987119392381936,0.9992415475054506,f_all,35,"[""url_length"", ""hostname_length"", ""path_length"", ""query_length"", ""fragment_length"", ""digit_count"", ""letter_count"", ""special_char_count"", ""digit_ratio"", ""letter_ratio"", ""special_char_ratio"", ""dot_count"", ""hyphen_count"", ""underscore_count"", ""slash_count"", ""question_mark_count"", ""equals_sign_count"", ""percent_sign_count"", ""at_sign_count"", ""subdomain_depth"", ""path_segment_count"", ""query_parameter_count"", ""has_port"", ""has_userinfo"", ""host_is_ip"", ""tld_length"", ""registrable_domain_length"", ""domain_digit_ratio"", ""domain_hyphen_ratio"", ""url_char_entropy"", ""longest_repeated_char_run"", ""char_type_transition_count"", ""token_count"", ""token_mean_length"", ""token_max_length""]",0.0099019999997835,3.0468149999996967,200.0,200.0,0.0152340749999984,positive_class_probability,0.9995716479380692,0.0
0.9934583515045792,0.9849094567404426,,iscx_url2016_binary,,45,0,0.0,0.055569899999682,8.07819450496905e-06,0.9902598312836832,rf,20261004,5388,1491,6879,,0.9999293897931252,1.0,0.9698189134808852,r03,0.9999799589419716,S3-domain,s3,rf_depth16_leaf1,"{""class_weight"": null, ""max_depth"": 16, ""max_features"": ""sqrt"", ""min_samples_leaf"": 1, ""n_estimators"": 200}",0.8,5388,,1446,11.591473599999972,0.9963496150601074,0.998713039946468,f_mi,15,"[""url_length"", ""subdomain_depth"", ""token_count"", ""path_length"", ""special_char_count"", ""hostname_length"", ""dot_count"", ""char_type_transition_count"", ""hyphen_count"", ""token_mean_length"", ""special_char_ratio"", ""digit_ratio"", ""letter_ratio"", ""longest_repeated_char_run"", ""letter_count""]",,,,,,,0.9995716479380692,-0.009311816654385963
0.9997092600668702,0.999329309188464,,iscx_url2016_binary,,2,0,0.0,0.0471167999999124,6.849367640632719e-06,0.9995716479380692,rf,20261004,5388,1491,6879,,0.9999772146923512,1.0,0.9986586183769284,r03,0.9999935271116926,S3-domain,s3,rf_depth16_leaf1,"{""class_weight"": null, ""max_depth"": 16, ""max_features"": ""sqrt"", ""min_samples_leaf"": 1, ""n_estimators"": 200}",0.6,5388,,1489,9.498153099999854,0.9984969003188676,0.9993078947550986,f_permutation,15,"[""url_length"", ""subdomain_depth"", ""hostname_length"", ""dot_count"", ""token_max_length"", ""path_length"", ""token_count"", ""token_mean_length"", ""hyphen_count"", ""special_char_count"", ""equals_sign_count"", ""question_mark_count"", ""char_type_transition_count"", ""tld_length"", ""path_segment_count""]",,,,,,,0.9995716479380692,0.0
0.9992731501671754,0.9983232729711604,,iscx_url2016_binary,,5,0,0.0,0.0460990999999921,6.701424625671199e-06,0.998928338982753,rf,20261004,5388,1491,6879,20260905.0,0.9997733619974828,1.0,0.9966465459423206,r03,0.9999148566230344,S3-domain,s3,rf_depth16_leaf1,"{""class_weight"": null, ""max_depth"": 16, ""max_features"": ""sqrt"", ""min_samples_leaf"": 1, ""n_estimators"": 200}",0.6,5388,11.36593780000004,1486,7.617055300000004,0.9984976243009412,0.9993493933199924,f_single,15,"[""subdomain_depth"", ""url_length"", ""hostname_length"", ""dot_count"", ""hyphen_count"", ""path_length"", ""token_count"", ""longest_repeated_char_run"", ""special_char_count"", ""token_max_length"", ""token_mean_length"", ""char_type_transition_count"", ""digit_count"", ""registrable_domain_length"", ""slash_count""]",0.0113584999999716,3.5053176999999778,200.0,200.0,0.0175265884999998,positive_class_probability,0.9995716479380692,-0.0006433089553161686
0.9985463003343508,0.9966465459423206,,iscx_url2016_binary,,10,0,0.0,0.0476927999999929,6.93310074138581e-06,0.997854067345662,rf,20261004,5388,1491,6879,20260905.0,0.9999389689688194,1.0,0.9932930918846412,r03,0.9999824485143972,S3-domain,s3,rf_depth16_leaf1,"{""class_weight"": null, ""max_depth"": 16, ""max_features"": ""sqrt"", ""min_samples_leaf"": 1, ""n_estimators"": 200}",0.73,5388,12.301975200000015,1481,8.840699799999982,0.9976379862153636,0.9986392507049396,f_stable,13,"[""subdomain_depth"", ""url_length"", ""hostname_length"", ""dot_count"", ""hyphen_count"", ""path_length"", ""token_count"", ""longest_repeated_char_run"", ""special_char_count"", ""token_max_length"", ""char_type_transition_count"", ""digit_count"", ""registrable_domain_length""]",0.0124921999999969,3.2013565000000312,200.0,200.0,0.0160067825000001,positive_class_probability,0.9995716479380692,-0.0017175805924072307
0.9997092600668702,0.999329309188464,master,iscx_url2016_binary,ISCX-URL2016-binary,2,0,0.0,0.0090688999998747,1.318345689762277e-06,0.9995716479380692,xgb,20261004,5388,1491,6879,20260905.0,0.9999995504753274,1.0,0.9986586183769284,r03,0.9999998755213786,S3-domain,s3,xgb_d6_lr005,"{""colsample_bytree"": 0.9, ""learning_rate"": 0.05, ""max_depth"": 6, ""n_estimators"": 250, ""reg_lambda"": 1.0, ""scale_pos_weight"": 1.0, ""subsample"": 0.9}",0.65,5388,5.765168399999766,1489,5.72094369999968,0.999356434517212,0.9994415983380392,f_all,35,"[""url_length"", ""hostname_length"", ""path_length"", ""query_length"", ""fragment_length"", ""digit_count"", ""letter_count"", ""special_char_count"", ""digit_ratio"", ""letter_ratio"", ""special_char_ratio"", ""dot_count"", ""hyphen_count"", ""underscore_count"", ""slash_count"", ""question_mark_count"", ""equals_sign_count"", ""percent_sign_count"", ""at_sign_count"", ""subdomain_depth"", ""path_segment_count"", ""query_parameter_count"", ""has_port"", ""has_userinfo"", ""host_is_ip"", ""tld_length"", ""registrable_domain_length"", ""domain_digit_ratio"", ""domain_hyphen_ratio"", ""url_char_entropy"", ""longest_repeated_char_run"", ""char_type_transition_count"", ""token_count"", ""token_mean_length"", ""token_max_length""]",0.0388347000002795,0.0255465000000185,200.0,200.0,0.0001277325,raw_margin,0.9995716479380692,0.0
0.997092600668702,0.9932930918846412,,iscx_url2016_binary,,20,0,0.0,0.0109517999999297,1.5920627998153497e-06,0.9956976337798856,xgb,20261004,5388,1491,6879,,0.9999414393024382,1.0,0.9865861837692824,r03,0.9999833198647464,S3-domain,s3,xgb_d6_lr005,"{""colsample_bytree"": 0.9, ""learning_rate"": 0.05, ""max_depth"": 6, ""n_estimators"": 250, ""reg_lambda"": 1.0, ""scale_pos_weight"": 1.0, ""subsample"": 0.9}",0.95,5388,,1471,8.812842000000273,0.9914458286145716,0.9985205572412158,f_mi,15,"[""url_length"", ""subdomain_depth"", ""token_count"", ""path_length"", ""special_char_count"", ""hostname_length"", ""dot_count"", ""char_type_transition_count"", ""hyphen_count"", ""token_mean_length"", ""special_char_ratio"", ""digit_ratio"", ""letter_ratio"", ""longest_repeated_char_run"", ""letter_count""]",,,,,,,0.9995716479380692,-0.0038740141581835585
0.9995638901003052,0.998993963782696,,iscx_url2016_binary,,3,0,0.0,0.0080079999997906,1.1641226922213445e-06,0.9993573158505308,xgb,20261004,5388,1491,6879,,0.9999919490257086,1.0,0.9979879275653925,r03,0.9999977593848166,S3-domain,s3,xgb_d4_lr005,"{""colsample_bytree"": 0.9, ""learning_rate"": 0.05, ""max_depth"": 4, ""n_estimators"": 300, ""reg_lambda"": 1.0, ""scale_pos_weight"": 1.0, ""subsample"": 0.9}",0.72,5388,,1488,7.484218900000087,0.998066511046646,0.9993872339566736,f_permutation,15,"[""url_length"", ""dot_count"", ""subdomain_depth"", ""hostname_length"", ""token_max_length"", ""path_length"", ""hyphen_count"", ""question_mark_count"", ""tld_length"", ""slash_count"", ""equals_sign_count"", ""token_mean_length"", ""special_char_ratio"", ""token_count"", ""path_segment_count""]",,,,,,,0.9995716479380692,-0.00021433208753840471
0.9997092600668702,0.999329309188464,,iscx_url2016_binary,,2,0,0.0,0.0062290999999845,9.055240587272212e-07,0.9995716479380692,xgb,20261004,5388,1491,6879,20260905.0,0.9999435294929744,1.0,0.9986586183769284,r03,0.9999831953861252,S3-domain,s3,xgb_d4_lr005,"{""colsample_bytree"": 0.9, ""learning_rate"": 0.05, ""max_depth"": 4, ""n_estimators"": 300, ""reg_lambda"": 1.0, ""scale_pos_weight"": 1.0, ""subsample"": 0.9}",0.56,5388,6.049816000000021,1489,5.733459499999981,0.9987125593328086,0.9995872847892624,f_single,15,"[""url_length"", ""subdomain_depth"", ""dot_count"", ""hostname_length"", ""hyphen_count"", ""token_max_length"", ""path_length"", ""token_mean_length"", ""longest_repeated_char_run"", ""token_count"", ""registrable_domain_length"", ""slash_count"", ""digit_ratio"", ""tld_length"", ""percent_sign_count""]",0.0508517000000097,0.0160420000000272,200.0,200.0,8.0210000000136e-05,raw_margin,0.9995716479380692,0.0
0.9997092600668702,0.999329309188464,,iscx_url2016_binary,,2,0,0.0,0.0059969999999793,8.717836894867539e-07,0.9995716479380692,xgb,20261004,5388,1491,6879,20260905.0,0.9999479174096508,1.0,0.9986586183769284,r03,0.9999846891295808,S3-domain,s3,xgb_d4_lr005,"{""colsample_bytree"": 0.9, ""learning_rate"": 0.05, ""max_depth"": 4, ""n_estimators"": 300, ""reg_lambda"": 1.0, ""scale_pos_weight"": 1.0, ""subsample"": 0.9}",0.58,5388,5.2155888000000346,1489,4.927359800000033,0.9987119392381936,0.9994007304504232,f_stable,15,"[""url_length"", ""subdomain_depth"", ""dot_count"", ""hostname_length"", ""hyphen_count"", ""token_max_length"", ""path_length"", ""longest_repeated_char_run"", ""token_mean_length"", ""tld_length"", ""registrable_domain_length"", ""token_count"", ""slash_count"", ""digit_ratio"", ""percent_sign_count""]",0.0552984999999921,0.0163848000000257,200.0,200.0,8.192400000012868e-05,raw_margin,0.9995716479380692,0.0
0.7772874374816122,0.8512465651738745,master,iscx_url2016_binary,ISCX-URL2016-binary,25,1489,0.280784461625495,0.002842899999905,4.181965283767369e-07,0.7472357751770031,lr,20261005,5303,1495,6798,20260906.0,0.4878883614382716,0.4967894558972626,0.9832775919732442,r04,0.7943971891975072,S3-domain,s3,lr_c01,"{""C"": 0.1, ""class_weight"": null}",0.68,3814,3.559244800000215,1470,3.5358704000000216,0.9939707760498836,0.9959568099017266,f_all,35,"[""url_length"", ""hostname_length"", ""path_length"", ""query_length"", ""fragment_length"", ""digit_count"", ""letter_count"", ""special_char_count"", ""digit_ratio"", ""letter_ratio"", ""special_char_ratio"", ""dot_count"", ""hyphen_count"", ""underscore_count"", ""slash_count"", ""question_mark_count"", ""equals_sign_count"", ""percent_sign_count"", ""at_sign_count"", ""subdomain_depth"", ""path_segment_count"", ""query_parameter_count"", ""has_port"", ""has_userinfo"", ""host_is_ip"", ""tld_length"", ""registrable_domain_length"", ""domain_digit_ratio"", ""domain_hyphen_ratio"", ""url_char_entropy"", ""longest_repeated_char_run"", ""char_type_transition_count"", ""token_count"", ""token_mean_length"", ""token_max_length""]",0.0010683000000426,0.0069545999999718,200.0,200.0,3.4772999999859e-05,raw_log_odds,0.7472357751770031,0.0
0.7715504560164754,0.8449276203221878,,iscx_url2016_binary,,36,1517,0.286064491797096,0.0038118000002214,5.607237423097102e-07,0.7412293164778803,lr,20261005,5303,1495,6798,,0.4632909574590949,0.490255376344086,0.9759197324414716,r04,0.7786578809117323,S3-domain,s3,lr_c1,"{""C"": 1.0, ""class_weight"": null}",0.62,3786,,1459,4.603353100000277,0.9944041814550242,0.9973386470767192,f_mi,15,"[""url_length"", ""subdomain_depth"", ""token_count"", ""special_char_count"", ""path_length"", ""char_type_transition_count"", ""hostname_length"", ""hyphen_count"", ""dot_count"", ""token_mean_length"", ""special_char_ratio"", ""digit_ratio"", ""letter_ratio"", ""longest_repeated_char_run"", ""letter_count""]",,,,,,,0.7472357751770031,-0.006006458699122863
0.7750809061488673,0.8476708142106727,,iscx_url2016_binary,,34,1495,0.2819158966622666,0.0017147000003205,2.522359517976744e-07,0.7446432504401552,lr,20261005,5303,1495,6798,,0.4752262549132459,0.4942489851150203,0.977257525083612,r04,0.7864833245774304,S3-domain,s3,lr_c01,"{""C"": 0.1, ""class_weight"": null}",0.64,3808,,1461,4.38141910000013,0.9943986842510746,0.9959822035404708,f_permutation,15,"[""subdomain_depth"", ""dot_count"", ""hyphen_count"", ""char_type_transition_count"", ""hostname_length"", ""slash_count"", ""path_length"", ""token_count"", ""special_char_count"", ""registrable_domain_length"", ""special_char_ratio"", ""letter_count"", ""domain_hyphen_ratio"", ""token_max_length"", ""digit_count""]",,,,,,,0.7472357751770031,-0.002592524736847901
0.774786701971168,0.8460412702597192,,iscx_url2016_binary,,40,1491,0.2811616066377522,0.0012388999999757,1.822447778722755e-07,0.7440134017571974,lr,20261005,5303,1495,6798,20260906.0,0.46175347470555,0.4938900203665988,0.9732441471571908,r04,0.7789445868023211,S3-domain,s3,lr_c1_balanced,"{""C"": 1.0, ""class_weight"": ""balanced""}",0.89,3812,3.869607999999971,1455,3.712684300000035,0.9924616193524336,0.9966135591076776,f_single,15,"[""subdomain_depth"", ""dot_count"", ""hyphen_count"", ""token_count"", ""special_char_count"", ""hostname_length"", ""char_type_transition_count"", ""registrable_domain_length"", ""path_length"", ""question_mark_count"", ""letter_count"", ""slash_count"", ""digit_ratio"", ""domain_hyphen_ratio"", ""equals_sign_count""]",0.0006844000000114,0.0049412999999844,200.0,200.0,2.470649999992247e-05,raw_log_odds,0.7472357751770031,-0.003222373419805691
0.7737569873492204,0.8432198093210318,,iscx_url2016_binary,,49,1489,0.280784461625495,0.0012140000000044,1.7858193586414966e-07,0.7425138245227603,lr,20261005,5303,1495,6798,20260906.0,0.4658138740971549,0.4926746166950596,0.9672240802675586,r04,0.7818923723997964,S3-domain,s3,lr_c1,"{""C"": 1.0, ""class_weight"": null}",0.76,3814,3.791575800000032,1446,3.6343694000000255,0.9926679923378912,0.9952420536582524,f_stable,13,"[""subdomain_depth"", ""dot_count"", ""hyphen_count"", ""token_count"", ""hostname_length"", ""special_char_count"", ""registrable_domain_length"", ""path_length"", ""char_type_transition_count"", ""question_mark_count"", ""slash_count"", ""letter_count"", ""equals_sign_count""]",0.0006822000000283,0.0047606999999629,200.0,200.0,2.3803499999814903e-05,raw_log_odds,0.7472357751770031,-0.004721950654242857
0.8967343336275375,0.9321299169965634,master,iscx_url2016_binary,ISCX-URL2016-binary,7,695,0.1310578917593814,0.0346737999998367,5.100588408331388e-06,0.8691775001998443,rf,20261005,5303,1495,6798,20260906.0,0.9975554196842292,0.6816307833256986,0.9953177257525084,r04,0.9984230545340336,S3-domain,s3,rf_depth24_leaf2,"{""class_weight"": null, ""max_depth"": 24, ""max_features"": ""sqrt"", ""min_samples_leaf"": 2, ""n_estimators"": 200}",0.43,4608,7.7988743999999315,1488,7.748035900000104,0.9989288597508844,0.9994700945091484,f_all,35,"[""url_length"", ""hostname_length"", ""path_length"", ""query_length"", ""fragment_length"", ""digit_count"", ""letter_count"", ""special_char_count"", ""digit_ratio"", ""letter_ratio"", ""special_char_ratio"", ""dot_count"", ""hyphen_count"", ""underscore_count"", ""slash_count"", ""question_mark_count"", ""equals_sign_count"", ""percent_sign_count"", ""at_sign_count"", ""subdomain_depth"", ""path_segment_count"", ""query_parameter_count"", ""has_port"", ""has_userinfo"", ""host_is_ip"", ""tld_length"", ""registrable_domain_length"", ""domain_digit_ratio"", ""domain_hyphen_ratio"", ""url_char_entropy"", ""longest_repeated_char_run"", ""char_type_transition_count"", ""token_count"", ""token_mean_length"", ""token_max_length""]",0.0098809000000983,2.988170600000103,200.0,200.0,0.0149408530000005,positive_class_probability,0.8691775001998443,0.0
0.933068549573404,0.9542178119660922,,iscx_url2016_binary,,12,443,0.0835376202149726,0.0549394999998185,8.081715210329289e-06,0.9111402545486148,rf,20261005,5303,1495,6798,,0.995917095255094,0.7699896157840083,0.9919732441471572,r04,0.9974973464253528,S3-domain,s3,rf_unlimited_leaf5_balanced,"{""class_weight"": ""balanced_subsample"", ""max_depth"": null, ""max_features"": ""sqrt"", ""min_samples_leaf"": 5, ""n_estimators"": 200}",0.61,4860,,1483,12.240765399999871,0.9978561566170618,0.9999031556326328,f_mi,15,"[""url_length"", ""subdomain_depth"", ""token_count"", ""special_char_count"", ""path_length"", ""char_type_transition_count"", ""hostname_length"", ""hyphen_count"", ""dot_count"", ""token_mean_length"", ""special_char_ratio"", ""digit_ratio"", ""letter_ratio"", ""longest_repeated_char_run"", ""letter_count""]",,,,,,,0.8691775001998443,0.041962754348770503
0.9910267725801708,0.9928075671182526,,iscx_url2016_binary,,6,55,0.0103714878370733,0.0463836000003539,6.823124448419228e-06,0.9870747255462076,rf,20261005,5303,1495,6798,,0.9979625422865578,0.9643782383419688,0.9959866220735786,r04,0.9986246189920894,S3-domain,s3,rf_depth24_leaf2,"{""class_weight"": null, ""max_depth"": 24, ""max_features"": ""sqrt"", ""min_samples_leaf"": 2, ""n_estimators"": 200}",0.5,5248,,1489,10.841155699999945,0.9987136939702372,0.9993290602312216,f_permutation,15,"[""url_length"", ""subdomain_depth"", ""hostname_length"", ""dot_count"", ""token_max_length"", ""token_count"", ""path_length"", ""hyphen_count"", ""question_mark_count"", ""slash_count"", ""special_char_count"", ""special_char_ratio"", ""path_segment_count"", ""token_mean_length"", ""registrable_domain_length""]",,,,,,,0.8691775001998443,0.11789722534636327
0.8264195351573992,0.8865807642168848,,iscx_url2016_binary,,9,1171,0.2208184046765981,0.0393721000000368,5.791718152403189e-06,0.7954262791557413,rf,20261005,5303,1495,6798,20260906.0,0.9959254674026796,0.5592773805043282,0.993979933110368,r04,0.9973842029216756,S3-domain,s3,rf_unlimited_leaf5_balanced,"{""class_weight"": ""balanced_subsample"", ""max_depth"": null, ""max_features"": ""sqrt"", ""min_samples_leaf"": 5, ""n_estimators"": 200}",0.61,4132,9.39899760000003,1486,6.574836600000026,0.9980700713931124,0.9996406302203222,f_single,15,"[""subdomain_depth"", ""url_length"", ""hostname_length"", ""dot_count"", ""hyphen_count"", ""path_length"", ""token_count"", ""longest_repeated_char_run"", ""special_char_count"", ""token_max_length"", ""digit_count"", ""token_mean_length"", ""special_char_ratio"", ""char_type_transition_count"", ""question_mark_count""]",0.0096573000000148,2.6320719999999937,200.0,200.0,0.0131603599999999,positive_class_probability,0.8691775001998443,-0.07375122104410303
0.7794939688143572,0.856743611396843,,iscx_url2016_binary,,8,1491,0.2811616066377522,0.0397280999999907,5.844086496026878e-06,0.7502840860428015,rf,20261005,5303,1495,6798,20260906.0,0.995684231674368,0.4993284083277367,0.9946488294314382,r04,0.9972350477454232,S3-domain,s3,rf_unlimited_leaf5_balanced,"{""class_weight"": ""balanced_subsample"", ""max_depth"": null, ""max_features"": ""sqrt"", ""min_samples_leaf"": 5, ""n_estimators"": 200}",0.6,3812,9.214626699999997,1487,6.883670800000004,0.9987136939702372,0.999772328601652,f_stable,11,"[""subdomain_depth"", ""url_length"", ""hostname_length"", ""dot_count"", ""path_length"", ""hyphen_count"", ""token_count"", ""longest_repeated_char_run"", ""special_char_count"", ""token_max_length"", ""char_type_transition_count""]",0.0107589999999504,2.135308500000008,200.0,200.0,0.0106765425,positive_class_probability,0.8691775001998443,-0.1188934141570428
0.7889085025007355,0.8642189030377831,master,iscx_url2016_binary,ISCX-URL2016-binary,2,1433,0.270224401282293,0.0070934000000306,1.0434539570507017e-06,0.7595047663892975,xgb,20261005,5303,1495,6798,20260906.0,0.9974520704310144,0.5102529049897471,0.9986622073578596,r04,0.9985416218623018,S3-domain,s3,xgb_d6_lr01_balanced,"{""colsample_bytree"": 0.9, ""learning_rate"": 0.1, ""max_depth"": 6, ""n_estimators"": 200, ""reg_lambda"": 1.0, ""scale_pos_weight"": 3.537326264507809, ""subsample"": 0.9}",0.32,3870,4.580456700000013,1493,4.552219200000309,0.9989288597508844,0.9998867244546218,f_all,35,"[""url_length"", ""hostname_length"", ""path_length"", ""query_length"", ""fragment_length"", ""digit_count"", ""letter_count"", ""special_char_count"", ""digit_ratio"", ""letter_ratio"", ""special_char_ratio"", ""dot_count"", ""hyphen_count"", ""underscore_count"", ""slash_count"", ""question_mark_count"", ""equals_sign_count"", ""percent_sign_count"", ""at_sign_count"", ""subdomain_depth"", ""path_segment_count"", ""query_parameter_count"", ""has_port"", ""has_userinfo"", ""host_is_ip"", ""tld_length"", ""registrable_domain_length"", ""domain_digit_ratio"", ""domain_hyphen_ratio"", ""url_char_entropy"", ""longest_repeated_char_run"", ""char_type_transition_count"", ""token_count"", ""token_mean_length"", ""token_max_length""]",0.0390625,0.0280906000002687,200.0,200.0,0.0001404530000013,raw_margin,0.7595047663892975,0.0
0.7790526625478081,0.8567009145451208,,iscx_url2016_binary,,7,1495,0.2819158966622666,0.0090915999999197,1.337393350973773e-06,0.7499266477990274,xgb,20261005,5303,1495,6798,,0.993021928335492,0.4988266845457593,0.9953177257525084,r04,0.9964417187973994,S3-domain,s3,xgb_d6_lr01_balanced,"{""colsample_bytree"": 0.9, ""learning_rate"": 0.1, ""max_depth"": 6, ""n_estimators"": 200, ""reg_lambda"": 1.0, ""scale_pos_weight"": 3.537326264507809, ""subsample"": 0.9}",0.46,3808,,1488,6.288923500000237,0.998071947551592,0.9996513353817535,f_mi,15,"[""url_length"", ""subdomain_depth"", ""token_count"", ""special_char_count"", ""path_length"", ""char_type_transition_count"", ""hostname_length"", ""hyphen_count"", ""dot_count"", ""token_mean_length"", ""special_char_ratio"", ""digit_ratio"", ""letter_ratio"", ""longest_repeated_char_run"", ""letter_count""]",,,,,,,0.7595047663892975,-0.009578118590270135
0.7803765813474551,0.8587503003600536,,iscx_url2016_binary,,2,1491,0.2811616066377522,0.0088252000000466,1.29820535452289e-06,0.7514533289459252,xgb,20261005,5303,1495,6798,,0.9972581377850436,0.5003351206434317,0.9986622073578596,r04,0.99846821102714,S3-domain,s3,xgb_d6_lr005,"{""colsample_bytree"": 0.9, ""learning_rate"": 0.05, ""max_depth"": 6, ""n_estimators"": 250, ""reg_lambda"": 1.0, ""scale_pos_weight"": 1.0, ""subsample"": 0.9}",0.26,3812,,1493,5.870882400000028,0.998928338982753,0.9994067348909096,f_permutation,15,"[""url_length"", ""dot_count"", ""subdomain_depth"", ""hostname_length"", ""hyphen_count"", ""token_max_length"", ""path_length"", ""path_segment_count"", ""token_mean_length"", ""token_count"", ""slash_count"", ""percent_sign_count"", ""special_char_ratio"", ""query_length"", ""question_mark_count""]",,,,,,,0.7595047663892975,-0.008051437443372333
0.8570167696381289,0.9076332762990847,,iscx_url2016_binary,,3,969,0.1827267584386196,0.0063781000000062,9.382318328929496e-07,0.826733697225497,xgb,20261005,5303,1495,6798,20260906.0,0.998493359413293,0.6062576188541243,0.9979933110367892,r04,0.9991547663119948,S3-domain,s3,xgb_d6_lr01_balanced,"{""colsample_bytree"": 0.9, ""learning_rate"": 0.1, ""max_depth"": 6, ""n_estimators"": 200, ""reg_lambda"": 1.0, ""scale_pos_weight"": 3.537326264507809, ""subsample"": 0.9}",0.5,4334,4.438388900000007,1492,4.19856980000003,0.998928338982753,0.9998012076417924,f_single,15,"[""subdomain_depth"", ""url_length"", ""dot_count"", ""hostname_length"", ""hyphen_count"", ""token_max_length"", ""longest_repeated_char_run"", ""token_mean_length"", ""path_length"", ""digit_ratio"", ""token_count"", ""tld_length"", ""query_length"", ""registrable_domain_length"", ""path_segment_count""]",0.0354263999999489,0.0237955000000056,200.0,200.0,0.0001189775,raw_margin,0.7595047663892975,0.06722893083619952
0.9189467490438364,0.9468474650242148,,iscx_url2016_binary,,5,546,0.1029605883462191,0.0056991999999809,8.38364224769185e-07,0.8946046956465219,xgb,20261005,5303,1495,6798,20260906.0,0.9980438801831488,0.731827111984283,0.9966555183946488,r04,0.9988242914183112,S3-domain,s3,xgb_d6_lr01_balanced,"{""colsample_bytree"": 0.9, ""learning_rate"": 0.1, ""max_depth"": 6, ""n_estimators"": 200, ""reg_lambda"": 1.0, ""scale_pos_weight"": 3.537326264507809, ""subsample"": 0.9}",0.71,4757,4.542413500000009,1490,4.242603200000019,0.9987136939702372,0.999141719906173,f_stable,13,"[""url_length"", ""subdomain_depth"", ""dot_count"", ""hostname_length"", ""hyphen_count"", ""token_max_length"", ""token_mean_length"", ""longest_repeated_char_run"", ""path_length"", ""digit_ratio"", ""registrable_domain_length"", ""tld_length"", ""token_count""]",0.1030501000000185,0.0232737000000042,200.0,200.0,0.0001163685,raw_margin,0.7595047663892975,0.13509992925722436
0.9911324320395406,0.980029023435341,master,iscx_url2016_binary,ISCX-URL2016-binary,59,2,0.0003711952487008,0.0028753999999935,4.1799680185979546e-07,0.9867571783273804,lr,20261006,5388,1491,6879,20260907.0,0.9901725503944492,0.99860529986053,0.960429242119383,r05,0.9946706967865095,S3-domain,s3,lr_c1,"{""C"": 1.0, ""class_weight"": null}",0.86,5386,3.7085830000000897,1432,3.687842299999829,0.74998129040865,0.8098646755764548,f_all,35,"[""url_length"", ""hostname_length"", ""path_length"", ""query_length"", ""fragment_length"", ""digit_count"", ""letter_count"", ""special_char_count"", ""digit_ratio"", ""letter_ratio"", ""special_char_ratio"", ""dot_count"", ""hyphen_count"", ""underscore_count"", ""slash_count"", ""question_mark_count"", ""equals_sign_count"", ""percent_sign_count"", ""at_sign_count"", ""subdomain_depth"", ""path_segment_count"", ""query_parameter_count"", ""has_port"", ""has_userinfo"", ""host_is_ip"", ""tld_length"", ""registrable_domain_length"", ""domain_digit_ratio"", ""domain_hyphen_ratio"", ""url_char_entropy"", ""longest_repeated_char_run"", ""char_type_transition_count"", ""token_count"", ""token_mean_length"", ""token_max_length""]",0.0006851999996797,0.0051275999999234,200.0,200.0,2.5637999999617e-05,raw_log_odds,0.9867571783273804,0.0
0.993749091437709,0.986065240739164,,iscx_url2016_binary,,41,2,0.0003711952487008,0.0022312999999485,3.243640063887968e-07,0.9907065497338944,lr,20261006,5388,1491,6879,,0.9944495528540496,0.9986225895316804,0.9725016767270288,r05,0.9966663380431064,S3-domain,s3,lr_c1,"{""C"": 1.0, ""class_weight"": null}",0.7,5386,,1450,5.319162499999948,0.742971577963203,0.7834503975474222,f_mi,15,"[""url_length"", ""subdomain_depth"", ""token_count"", ""special_char_count"", ""path_length"", ""char_type_transition_count"", ""hostname_length"", ""dot_count"", ""hyphen_count"", ""token_mean_length"", ""special_char_ratio"", ""digit_ratio"", ""letter_ratio"", ""longest_repeated_char_run"", ""letter_count""]",,,,,,,0.9867571783273804,0.0039493714065139685
0.9885157726413722,0.9788437380033728,,iscx_url2016_binary,,57,22,0.0040831477357089,0.004319900000155,6.279837185862815e-07,0.982942852792577,lr,20261006,5388,1491,6879,,0.9868261368053312,0.98489010989011,0.9617706237424548,r05,0.9931120999692788,S3-domain,s3,lr_c1,"{""C"": 1.0, ""class_weight"": null}",0.85,5366,,1434,5.412757799999781,0.7492901102636551,0.802584389349879,f_permutation,15,"[""subdomain_depth"", ""dot_count"", ""char_type_transition_count"", ""hyphen_count"", ""token_count"", ""special_char_count"", ""special_char_ratio"", ""slash_count"", ""registrable_domain_length"", ""equals_sign_count"", ""path_length"", ""tld_length"", ""digit_ratio"", ""query_length"", ""url_length""]",,,,,,,0.9867571783273804,-0.003814325534803431
0.9927315016717546,0.9839603694923812,,iscx_url2016_binary,,47,3,0.0005567928730512,0.0011805999999978,1.716237825262199e-07,0.9891802740305188,lr,20261006,5388,1491,6879,20260907.0,0.9900696318512512,0.9979267449896336,0.9684775318578136,r05,0.9944386686364164,S3-domain,s3,lr_c1,"{""C"": 1.0, ""class_weight"": null}",0.77,5385,3.626557899999966,1444,3.489762999999982,0.7500680260339171,0.8041455678838948,f_single,15,"[""subdomain_depth"", ""dot_count"", ""token_count"", ""special_char_count"", ""char_type_transition_count"", ""hyphen_count"", ""registrable_domain_length"", ""path_length"", ""slash_count"", ""special_char_ratio"", ""question_mark_count"", ""equals_sign_count"", ""digit_ratio"", ""url_length"", ""domain_hyphen_ratio""]",0.0006698000000255,0.0046375000000011,200.0,200.0,2.318750000000591e-05,raw_log_odds,0.9867571783273804,0.002423095703138367
0.9927315016717546,0.9837178228987884,,iscx_url2016_binary,,48,2,0.0003711952487008,0.0011680999999725,1.6980665794048305e-07,0.9891749045868315,lr,20261006,5388,1491,6879,20260907.0,0.9897418496742216,0.9986159169550172,0.9678068410462776,r05,0.9942334033899014,S3-domain,s3,lr_c1,"{""C"": 1.0, ""class_weight"": null}",0.8,5386,3.934050500000012,1443,3.778406800000028,0.7491093467926397,0.8014472782176051,f_stable,12,"[""subdomain_depth"", ""token_count"", ""dot_count"", ""special_char_count"", ""char_type_transition_count"", ""registrable_domain_length"", ""hyphen_count"", ""slash_count"", ""equals_sign_count"", ""path_length"", ""question_mark_count"", ""special_char_ratio""]",0.0007507999999916,0.0045259999999984,200.0,200.0,2.262999999999238e-05,raw_log_odds,0.9867571783273804,0.002417726259451136
0.9978194505015264,0.9949698189134808,master,iscx_url2016_binary,ISCX-URL2016-binary,15,0,0.0,0.0455216000000291,6.617473469985338e-06,0.996777170504687,rf,20261006,5388,1491,6879,20260907.0,0.9986189075498244,1.0,0.9899396378269618,r05,0.9993608022796516,S3-domain,s3,rf_depth24_leaf2,"{""class_weight"": null, ""max_depth"": 24, ""max_features"": ""sqrt"", ""min_samples_leaf"": 2, ""n_estimators"": 200}",0.6,5388,7.806702600000335,1476,7.741184699999849,0.9995710595019596,0.999845105660518,f_all,35,"[""url_length"", ""hostname_length"", ""path_length"", ""query_length"", ""fragment_length"", ""digit_count"", ""letter_count"", ""special_char_count"", ""digit_ratio"", ""letter_ratio"", ""special_char_ratio"", ""dot_count"", ""hyphen_count"", ""underscore_count"", ""slash_count"", ""question_mark_count"", ""equals_sign_count"", ""percent_sign_count"", ""at_sign_count"", ""subdomain_depth"", ""path_segment_count"", ""query_parameter_count"", ""has_port"", ""has_userinfo"", ""host_is_ip"", ""tld_length"", ""registrable_domain_length"", ""domain_digit_ratio"", ""domain_hyphen_ratio"", ""url_char_entropy"", ""longest_repeated_char_run"", ""char_type_transition_count"", ""token_count"", ""token_mean_length"", ""token_max_length""]",0.0105110999998032,2.964737299999797,200.0,200.0,0.0148236864999989,positive_class_probability,0.996777170504687,0.0
0.99229539177206,0.9822266934942993,,iscx_url2016_binary,,53,0,0.0,0.0471176000000923,6.84948393663212e-06,0.9885054108309816,rf,20261006,5388,1491,6879,,0.9993036773467512,1.0,0.9644533869885984,r05,0.9997506693215468,S3-domain,s3,rf_depth24_leaf2,"{""class_weight"": null, ""max_depth"": 24, ""max_features"": ""sqrt"", ""min_samples_leaf"": 2, ""n_estimators"": 200}",0.77,5388,,1438,11.699698200000055,0.9972058340757916,0.998804866558148,f_mi,15,"[""url_length"", ""subdomain_depth"", ""token_count"", ""special_char_count"", ""path_length"", ""char_type_transition_count"", ""hostname_length"", ""dot_count"", ""hyphen_count"", ""token_mean_length"", ""special_char_ratio"", ""digit_ratio"", ""letter_ratio"", ""longest_repeated_char_run"", ""letter_count""]",,,,,,,0.996777170504687,-0.008271759673705303
0.9976740805349614,0.994634473507713,,iscx_url2016_binary,,16,0,0.0,0.0621519000001171,9.03501962496252e-06,0.996561474821888,rf,20261006,5388,1491,6879,,0.9979070952958596,1.0,0.989268947015426,r05,0.9990604353664676,S3-domain,s3,rf_depth24_leaf2,"{""class_weight"": null, ""max_depth"": 24, ""max_features"": ""sqrt"", ""min_samples_leaf"": 2, ""n_estimators"": 200}",0.59,5388,,1475,10.595776699999988,0.999356434517212,0.9997719470962672,f_permutation,15,"[""url_length"", ""subdomain_depth"", ""hostname_length"", ""dot_count"", ""path_length"", ""token_max_length"", ""hyphen_count"", ""token_count"", ""question_mark_count"", ""token_mean_length"", ""special_char_count"", ""path_segment_count"", ""tld_length"", ""registrable_domain_length"", ""slash_count""]",,,,,,,0.996777170504687,-0.00021569568279899975
0.9975287105683964,0.994299128101945,,iscx_url2016_binary,,17,0,0.0,0.030779500000051,4.474414885891995e-06,0.9963456734261432,rf,20261006,5388,1491,6879,20260907.0,0.9990383461509016,1.0,0.98859825620389,r05,0.9995838679690118,S3-domain,s3,rf_depth16_leaf1,"{""class_weight"": null, ""max_depth"": 16, ""max_features"": ""sqrt"", ""min_samples_leaf"": 1, ""n_estimators"": 200}",0.69,5388,10.130156399999976,1474,6.91694369999999,0.9984976243009412,0.9992984345959282,f_single,15,"[""subdomain_depth"", ""url_length"", ""hostname_length"", ""dot_count"", ""hyphen_count"", ""path_length"", ""longest_repeated_char_run"", ""token_count"", ""special_char_count"", ""token_max_length"", ""char_type_transition_count"", ""digit_ratio"", ""token_mean_length"", ""digit_count"", ""question_mark_count""]",0.0149316999999769,3.021060499999976,200.0,200.0,0.0151053024999998,positive_class_probability,0.996777170504687,-0.00043149707854373
0.9972379706352668,0.9936284372904092,,iscx_url2016_binary,,19,0,0.0,0.0341753999999809,4.968076755339582e-06,0.9959137530234324,rf,20261006,5388,1491,6879,20260907.0,0.999068739675337,1.0,0.9872568745808182,r05,0.9995895939855912,S3-domain,s3,rf_depth24_leaf2,"{""class_weight"": null, ""max_depth"": 24, ""max_features"": ""sqrt"", ""min_samples_leaf"": 2, ""n_estimators"": 200}",0.71,5388,9.558657299999991,1472,6.300082799999984,0.9984969003188676,0.999274973401186,f_stable,13,"[""subdomain_depth"", ""url_length"", ""hostname_length"", ""dot_count"", ""path_length"", ""hyphen_count"", ""token_count"", ""longest_repeated_char_run"", ""special_char_count"", ""token_max_length"", ""char_type_transition_count"", ""token_mean_length"", ""digit_count""]",0.0104950999999573,3.065566999999988,200.0,200.0,0.0153278349999999,positive_class_probability,0.996777170504687,-0.0008634174812545137
0.9979648204680912,0.9953051643192488,master,iscx_url2016_binary,ISCX-URL2016-binary,14,0,0.0,0.0080228000001625,1.166274167780569e-06,0.9969927605924422,xgb,20261006,5388,1491,6879,20260907.0,0.9995791137082864,1.0,0.9906103286384976,r05,0.9998583433289666,S3-domain,s3,xgb_d6_lr005,"{""colsample_bytree"": 0.9, ""learning_rate"": 0.05, ""max_depth"": 6, ""n_estimators"": 250, ""reg_lambda"": 1.0, ""scale_pos_weight"": 1.0, ""subsample"": 0.9}",0.76,5388,4.543962199999896,1477,4.516707199999928,0.9995710595019596,0.9998177342666515,f_all,35,"[""url_length"", ""hostname_length"", ""path_length"", ""query_length"", ""fragment_length"", ""digit_count"", ""letter_count"", ""special_char_count"", ""digit_ratio"", ""letter_ratio"", ""special_char_ratio"", ""dot_count"", ""hyphen_count"", ""underscore_count"", ""slash_count"", ""question_mark_count"", ""equals_sign_count"", ""percent_sign_count"", ""at_sign_count"", ""subdomain_depth"", ""path_segment_count"", ""query_parameter_count"", ""has_port"", ""has_userinfo"", ""host_is_ip"", ""tld_length"", ""registrable_domain_length"", ""domain_digit_ratio"", ""domain_hyphen_ratio"", ""url_char_entropy"", ""longest_repeated_char_run"", ""char_type_transition_count"", ""token_count"", ""token_mean_length"", ""token_max_length""]",0.0416642000000138,0.0261279000001195,200.0,200.0,0.0001306395000005,raw_margin,0.9969927605924422,0.0
0.9928768716383196,0.9835680751173708,,iscx_url2016_binary,,49,0,0.0,0.0064528999996582,9.380578571970136e-07,0.989383498597232,xgb,20261006,5388,1491,6879,,0.9996428141943596,1.0,0.9671361502347418,r05,0.9998933218215506,S3-domain,s3,xgb_d4_lr005,"{""colsample_bytree"": 0.9, ""learning_rate"": 0.05, ""max_depth"": 4, ""n_estimators"": 300, ""reg_lambda"": 1.0, ""scale_pos_weight"": 1.0, ""subsample"": 0.9}",0.93,5388,,1442,5.6336653999997,0.995706464127312,0.999070507827651,f_mi,15,"[""url_length"", ""subdomain_depth"", ""token_count"", ""special_char_count"", ""path_length"", ""char_type_transition_count"", ""hostname_length"", ""dot_count"", ""hyphen_count"", ""token_mean_length"", ""special_char_ratio"", ""digit_ratio"", ""letter_ratio"", ""longest_repeated_char_run"", ""letter_count""]",,,,,,,0.9969927605924422,-0.007609261995210281
0.9956389010030527,0.9899396378269618,,iscx_url2016_binary,,30,0,0.0,0.0106907999997929,1.5541212385220154e-06,0.9935305814746098,xgb,20261006,5388,1491,6879,,0.9986328572224716,1.0,0.9798792756539236,r05,0.9992990608834896,S3-domain,s3,xgb_d6_lr005,"{""colsample_bytree"": 0.9, ""learning_rate"": 0.05, ""max_depth"": 6, ""n_estimators"": 250, ""reg_lambda"": 1.0, ""scale_pos_weight"": 1.0, ""subsample"": 0.9}",0.72,5388,,1461,5.895742000000155,0.9991421190039192,0.9996228549877428,f_permutation,15,"[""url_length"", ""dot_count"", ""subdomain_depth"", ""hostname_length"", ""token_max_length"", ""hyphen_count"", ""path_length"", ""percent_sign_count"", ""special_char_ratio"", ""tld_length"", ""token_count"", ""underscore_count"", ""equals_sign_count"", ""slash_count"", ""question_mark_count""]",,,,,,,0.9969927605924422,-0.00346217911783242
0.9979648204680912,0.9953051643192488,,iscx_url2016_binary,,14,0,0.0,0.0054681999999957,7.949120511696037e-07,0.9969927605924422,xgb,20261006,5388,1491,6879,20260907.0,0.9989193665088152,1.0,0.9906103286384976,r05,0.999453414373895,S3-domain,s3,xgb_d4_lr005,"{""colsample_bytree"": 0.9, ""learning_rate"": 0.05, ""max_depth"": 4, ""n_estimators"": 300, ""reg_lambda"": 1.0, ""scale_pos_weight"": 1.0, ""subsample"": 0.9}",0.63,5388,4.461924399999987,1477,4.226010599999995,0.9997855812912328,0.9998752520344072,f_single,15,"[""url_length"", ""subdomain_depth"", ""dot_count"", ""hostname_length"", ""hyphen_count"", ""token_max_length"", ""path_length"", ""digit_ratio"", ""longest_repeated_char_run"", ""tld_length"", ""slash_count"", ""registrable_domain_length"", ""token_mean_length"", ""token_count"", ""url_char_entropy""]",0.0415384000000358,0.0154021999999827,200.0,200.0,7.701099999991356e-05,raw_margin,0.9969927605924422,0.0
0.9979648204680912,0.9953051643192488,,iscx_url2016_binary,,14,0,0.0,0.0057098999999993,8.300479720888761e-07,0.9969927605924422,xgb,20261006,5388,1491,6879,20260907.0,0.9992223554479708,1.0,0.9906103286384976,r05,0.9997341136649144,S3-domain,s3,xgb_d4_lr005,"{""colsample_bytree"": 0.9, ""learning_rate"": 0.05, ""max_depth"": 4, ""n_estimators"": 300, ""reg_lambda"": 1.0, ""scale_pos_weight"": 1.0, ""subsample"": 0.9}",0.6,5388,4.414100399999995,1477,4.166099099999997,0.9997855812912328,0.9997996968965002,f_stable,14,"[""url_length"", ""subdomain_depth"", ""dot_count"", ""hostname_length"", ""hyphen_count"", ""token_max_length"", ""path_length"", ""longest_repeated_char_run"", ""digit_ratio"", ""token_mean_length"", ""tld_length"", ""slash_count"", ""registrable_domain_length"", ""token_count""]",0.0484295999999631,0.0130960999999842,200.0,200.0,6.548049999992145e-05,raw_margin,0.9969927605924422,0.0
0.7789055604589585,0.8558861425696441,master,iscx_url2016_binary,ISCX-URL2016-binary,10,1493,0.2815387516500094,0.003400000000056,5.00147102097091e-07,0.749617732703356,lr,20261007,5303,1495,6798,20260908.0,0.5063441750119412,0.4986568166554734,0.9933110367892976,r06,0.8000378406366812,S3-domain,s3,lr_c01,"{""C"": 0.1, ""class_weight"": null}",0.67,3810,3.626881400000002,1485,3.606010800000149,0.991583536834485,0.9952749160142742,f_all,35,"[""url_length"", ""hostname_length"", ""path_length"", ""query_length"", ""fragment_length"", ""digit_count"", ""letter_count"", ""special_char_count"", ""digit_ratio"", ""letter_ratio"", ""special_char_ratio"", ""dot_count"", ""hyphen_count"", ""underscore_count"", ""slash_count"", ""question_mark_count"", ""equals_sign_count"", ""percent_sign_count"", ""at_sign_count"", ""subdomain_depth"", ""path_segment_count"", ""query_parameter_count"", ""has_port"", ""has_userinfo"", ""host_is_ip"", ""tld_length"", ""registrable_domain_length"", ""domain_digit_ratio"", ""domain_hyphen_ratio"", ""url_char_entropy"", ""longest_repeated_char_run"", ""char_type_transition_count"", ""token_count"", ""token_mean_length"", ""token_max_length""]",0.0007339000003412,0.0047068000003491,200.0,200.0,2.35340000017455e-05,raw_log_odds,0.749617732703356,0.0
0.7741982936157693,0.8514280110267616,,iscx_url2016_binary,,16,1519,0.2864416368093532,0.0017950999999811,2.6406295969125854e-07,0.7448658585661306,lr,20261007,5303,1495,6798,,0.4785711961282954,0.4933288859239493,0.9892976588628762,r06,0.7839965640701894,S3-domain,s3,lr_c01,"{""C"": 0.1, ""class_weight"": null}",0.54,3784,,1479,5.306124199999886,0.9935369433666246,0.9976833283790842,f_mi,15,"[""url_length"", ""subdomain_depth"", ""token_count"", ""special_char_count"", ""char_type_transition_count"", ""path_length"", ""hostname_length"", ""dot_count"", ""hyphen_count"", ""token_mean_length"", ""special_char_ratio"", ""digit_ratio"", ""letter_ratio"", ""longest_repeated_char_run"", ""letter_count""]",,,,,,,0.749617732703356,-0.0047518741372253315
0.7775816416593115,0.8535965948472405,,iscx_url2016_binary,,16,1496,0.2821044691683952,0.0015047000001686,2.2134451311689738e-07,0.7480322465350859,lr,20261007,5303,1495,6798,,0.4994467215267132,0.4971428571428571,0.9892976588628762,r06,0.7941924713530614,S3-domain,s3,lr_c01,"{""C"": 0.1, ""class_weight"": null}",0.63,3807,,1479,4.364650900000015,0.9915793830241836,0.9956890563873216,f_permutation,15,"[""subdomain_depth"", ""dot_count"", ""hyphen_count"", ""hostname_length"", ""slash_count"", ""path_length"", ""char_type_transition_count"", ""special_char_ratio"", ""registrable_domain_length"", ""equals_sign_count"", ""token_count"", ""domain_hyphen_ratio"", ""digit_count"", ""query_length"", ""letter_count""]",,,,,,,0.749617732703356,-0.0015854861682700339
0.7774345395704619,0.8520613371493513,,iscx_url2016_binary,,22,1491,0.2811616066377522,0.0014392000000498,2.117093262797621e-07,0.7475478980684325,lr,20261007,5303,1495,6798,20260908.0,0.5037294029859235,0.4969635627530364,0.9852842809364548,r06,0.7978089010006957,S3-domain,s3,lr_c01,"{""C"": 0.1, ""class_weight"": null}",0.65,3812,3.655810600000052,1473,3.4864592999999786,0.991143183148876,0.9950138843454192,f_single,15,"[""subdomain_depth"", ""dot_count"", ""hyphen_count"", ""registrable_domain_length"", ""hostname_length"", ""token_count"", ""path_length"", ""special_char_count"", ""question_mark_count"", ""slash_count"", ""letter_count"", ""token_mean_length"", ""equals_sign_count"", ""char_type_transition_count"", ""special_char_ratio""]",0.0006395999999995,0.0043948,200.0,200.0,2.197400000000016e-05,raw_log_odds,0.749617732703356,-0.0020698346349234953
0.7768461312150633,0.85048338259974,,iscx_url2016_binary,,27,1490,0.2809730341316236,0.0011622999999758,1.7097675786641036e-07,0.7467057528607206,lr,20261007,5303,1495,6798,20260908.0,0.4853518571079512,0.4962812711291413,0.9819397993311036,r06,0.790273442747432,S3-domain,s3,lr_c1,"{""C"": 1.0, ""class_weight"": null}",0.76,3813,3.786957700000016,1468,3.649208399999964,0.9904786411468564,0.9945117375871164,f_stable,12,"[""subdomain_depth"", ""dot_count"", ""hyphen_count"", ""token_count"", ""hostname_length"", ""registrable_domain_length"", ""special_char_count"", ""path_length"", ""char_type_transition_count"", ""question_mark_count"", ""slash_count"", ""letter_count""]",0.0008402000000273,0.0044189999999844,200.0,200.0,2.209499999992204e-05,raw_log_odds,0.749617732703356,-0.0029119798426353594
0.9741100323624596,0.9824449718307994,master,iscx_url2016_binary,ISCX-URL2016-binary,4,172,0.0324344710541203,0.0487260999998397,7.167711091473932e-06,0.9637035283341996,rf,20261007,5303,1495,6798,20260908.0,0.9986570125719167,0.8965724594107035,0.9973244147157192,r06,0.9992392770672496,S3-domain,s3,rf_depth24_leaf2,"{""class_weight"": null, ""max_depth"": 24, ""max_features"": ""sqrt"", ""min_samples_leaf"": 2, ""n_estimators"": 200}",0.5,5131,8.019276899999568,1491,7.946669500000098,0.9989288597508844,0.9997202965379508,f_all,35,"[""url_length"", ""hostname_length"", ""path_length"", ""query_length"", ""fragment_length"", ""digit_count"", ""letter_count"", ""special_char_count"", ""digit_ratio"", ""letter_ratio"", ""special_char_ratio"", ""dot_count"", ""hyphen_count"", ""underscore_count"", ""slash_count"", ""question_mark_count"", ""equals_sign_count"", ""percent_sign_count"", ""at_sign_count"", ""subdomain_depth"", ""path_segment_count"", ""query_parameter_count"", ""has_port"", ""has_userinfo"", ""host_is_ip"", ""tld_length"", ""registrable_domain_length"", ""domain_digit_ratio"", ""domain_hyphen_ratio"", ""url_char_entropy"", ""longest_repeated_char_run"", ""char_type_transition_count"", ""token_count"", ""token_mean_length"", ""token_max_length""]",0.0093965000000935,3.0850854999998774,200.0,200.0,0.0154254274999993,positive_class_probability,0.9637035283341996,0.0
0.9196822594880848,0.9473188962895364,,iscx_url2016_binary,,5,541,0.102017725815576,0.1082458999999289,1.592319799940114e-05,0.8954649275829263,rf,20261007,5303,1495,6798,,0.9983468071388942,0.7336287543082225,0.9966555183946488,r06,0.999069498744006,S3-domain,s3,rf_depth16_leaf1,"{""class_weight"": null, ""max_depth"": 16, ""max_features"": ""sqrt"", ""min_samples_leaf"": 1, ""n_estimators"": 200}",0.59,4762,,1490,14.907083900000089,0.9987149438142076,0.999692911241266,f_mi,15,"[""url_length"", ""subdomain_depth"", ""token_count"", ""special_char_count"", ""char_type_transition_count"", ""path_length"", ""hostname_length"", ""dot_count"", ""hyphen_count"", ""token_mean_length"", ""special_char_ratio"", ""digit_ratio"", ""letter_ratio"", ""longest_repeated_char_run"", ""letter_count""]",,,,,,,0.9637035283341996,-0.0682386007512733
0.9867608120035304,0.9907937515018004,,iscx_url2016_binary,,3,87,0.0164058080331887,0.0493576000003486,7.260606060657342e-06,0.9810843395694642,rf,20261007,5303,1495,6798,,0.998965114494296,0.9449018366054464,0.9979933110367892,r06,0.9993985861476782,S3-domain,s3,rf_depth16_leaf1,"{""class_weight"": null, ""max_depth"": 16, ""max_features"": ""sqrt"", ""min_samples_leaf"": 1, ""n_estimators"": 200}",0.49,5216,,1492,10.15505340000027,0.9991432958761384,0.9997497979711976,f_permutation,15,"[""url_length"", ""subdomain_depth"", ""dot_count"", ""hostname_length"", ""path_length"", ""token_max_length"", ""token_count"", ""question_mark_count"", ""special_char_count"", ""hyphen_count"", ""token_mean_length"", ""path_segment_count"", ""slash_count"", ""registrable_domain_length"", ""char_type_transition_count""]",,,,,,,0.9637035283341996,0.01738081123526458
0.9479258605472196,0.9656620187853534,,iscx_url2016_binary,,4,350,0.0660003771450122,0.0330637000000137,4.863739335100588e-06,0.9296909840548614,rf,20261007,5303,1495,6798,20260908.0,0.9985887920036822,0.8098859315589354,0.9973244147157192,r06,0.9991572890211068,S3-domain,s3,rf_depth16_leaf1,"{""class_weight"": null, ""max_depth"": 16, ""max_features"": ""sqrt"", ""min_samples_leaf"": 1, ""n_estimators"": 200}",0.56,4953,9.925044300000025,1491,6.78315379999998,0.9991428795707794,0.9996685134314922,f_single,15,"[""subdomain_depth"", ""url_length"", ""hostname_length"", ""dot_count"", ""hyphen_count"", ""path_length"", ""token_count"", ""special_char_count"", ""longest_repeated_char_run"", ""token_max_length"", ""token_mean_length"", ""char_type_transition_count"", ""digit_ratio"", ""registrable_domain_length"", ""digit_count""]",0.0158517000000415,2.931238800000017,200.0,200.0,0.014656194,positive_class_probability,0.9637035283341996,-0.0340125442793382
0.9529273315681084,0.9688677513895396,,iscx_url2016_binary,,4,316,0.0595889119366396,0.0352353000000107,5.183186231246063e-06,0.936001483696112,rf,20261007,5303,1495,6798,20260908.0,0.9984138774408076,0.8251245157719977,0.9973244147157192,r06,0.9990953565124052,S3-domain,s3,rf_unlimited_leaf5_balanced,"{""class_weight"": ""balanced_subsample"", ""max_depth"": null, ""max_features"": ""sqrt"", ""min_samples_leaf"": 5, ""n_estimators"": 200}",0.69,4987,9.034787900000026,1491,6.298460700000021,0.9991428795707794,0.9997140726068862,f_stable,13,"[""subdomain_depth"", ""url_length"", ""dot_count"", ""hostname_length"", ""path_length"", ""hyphen_count"", ""token_count"", ""longest_repeated_char_run"", ""special_char_count"", ""token_max_length"", ""char_type_transition_count"", ""token_mean_length"", ""digit_count""]",0.0103594000000271,2.538133800000025,200.0,200.0,0.0126906690000001,positive_class_probability,0.9637035283341996,-0.027702044638087564
0.939541041482789,0.960527864268159,master,iscx_url2016_binary,ISCX-URL2016-binary,3,408,0.0769375825004714,0.0068221999999877,1.0035598705483657e-06,0.9193247247266612,xgb,20261007,5303,1495,6798,20260908.0,0.9989076517431468,0.7852631578947369,0.9979933110367892,r06,0.9993097867869328,S3-domain,s3,xgb_d6_lr01_balanced,"{""colsample_bytree"": 0.9, ""learning_rate"": 0.1, ""max_depth"": 6, ""n_estimators"": 200, ""reg_lambda"": 1.0, ""scale_pos_weight"": 3.537326264507809, ""subsample"": 0.9}",0.5,4895,4.88024919999998,1492,4.852216099999623,0.9993573158505308,0.9999692537805402,f_all,35,"[""url_length"", ""hostname_length"", ""path_length"", ""query_length"", ""fragment_length"", ""digit_count"", ""letter_count"", ""special_char_count"", ""digit_ratio"", ""letter_ratio"", ""special_char_ratio"", ""dot_count"", ""hyphen_count"", ""underscore_count"", ""slash_count"", ""question_mark_count"", ""equals_sign_count"", ""percent_sign_count"", ""at_sign_count"", ""subdomain_depth"", ""path_segment_count"", ""query_parameter_count"", ""has_port"", ""has_userinfo"", ""host_is_ip"", ""tld_length"", ""registrable_domain_length"", ""domain_digit_ratio"", ""domain_hyphen_ratio"", ""url_char_entropy"", ""longest_repeated_char_run"", ""char_type_transition_count"", ""token_count"", ""token_mean_length"", ""token_max_length""]",0.0356292999999823,0.0284979999996721,200.0,200.0,0.0001424899999983,raw_margin,0.9193247247266612,0.0
0.8275963518681966,0.8887760256862243,,iscx_url2016_binary,,3,1169,0.2204412596643409,0.0086608000001433,1.2740217711302371e-06,0.7969227663496518,xgb,20261007,5303,1495,6798,,0.998491085314978,0.5606914693724164,0.9979933110367892,r06,0.9991847865504286,S3-domain,s3,xgb_d6_lr005,"{""colsample_bytree"": 0.9, ""learning_rate"": 0.05, ""max_depth"": 6, ""n_estimators"": 250, ""reg_lambda"": 1.0, ""scale_pos_weight"": 1.0, ""subsample"": 0.9}",0.39,4134,,1492,5.605745600000319,0.9989293797465292,0.9999759756260902,f_mi,15,"[""url_length"", ""subdomain_depth"", ""token_count"", ""special_char_count"", ""char_type_transition_count"", ""path_length"", ""hostname_length"", ""dot_count"", ""hyphen_count"", ""token_mean_length"", ""special_char_ratio"", ""digit_ratio"", ""letter_ratio"", ""longest_repeated_char_run"", ""letter_count""]",,,,,,,0.9193247247266612,-0.1224019583770094
0.7902324213003825,0.8650674793153619,,iscx_url2016_binary,,2,1424,0.2685272487271355,0.0072109999996428,1.0607531626423667e-06,0.760760268163166,xgb,20261007,5303,1495,6798,,0.9989161648462836,0.5118272197463147,0.9986622073578596,r06,0.9991997966696456,S3-domain,s3,xgb_d6_lr01_balanced,"{""colsample_bytree"": 0.9, ""learning_rate"": 0.1, ""max_depth"": 6, ""n_estimators"": 200, ""reg_lambda"": 1.0, ""scale_pos_weight"": 3.537326264507809, ""subsample"": 0.9}",0.5,3879,,1493,5.061309499999879,0.9993573158505308,0.9999985062565444,f_permutation,15,"[""url_length"", ""dot_count"", ""hostname_length"", ""subdomain_depth"", ""hyphen_count"", ""token_mean_length"", ""token_max_length"", ""path_length"", ""path_segment_count"", ""percent_sign_count"", ""slash_count"", ""token_count"", ""equals_sign_count"", ""underscore_count"", ""question_mark_count""]",,,,,,,0.9193247247266612,-0.15856445656349516
0.993086201824066,0.9946078984760944,,iscx_url2016_binary,,4,43,0.00810861776353,0.0064697999999907,9.517210944381812e-07,0.9900177593067964,xgb,20261007,5303,1495,6798,20260908.0,0.9990074186355288,0.9719687092568448,0.9973244147157192,r06,0.9993878646339518,S3-domain,s3,xgb_d6_lr01_balanced,"{""colsample_bytree"": 0.9, ""learning_rate"": 0.1, ""max_depth"": 6, ""n_estimators"": 200, ""reg_lambda"": 1.0, ""scale_pos_weight"": 3.537326264507809, ""subsample"": 0.9}",0.67,5260,4.664232300000037,1491,4.3337166000000025,0.9993573158505308,0.999956432482547,f_single,15,"[""url_length"", ""subdomain_depth"", ""dot_count"", ""hostname_length"", ""hyphen_count"", ""token_mean_length"", ""path_length"", ""token_max_length"", ""longest_repeated_char_run"", ""digit_ratio"", ""special_char_ratio"", ""token_count"", ""tld_length"", ""registrable_domain_length"", ""slash_count""]",0.1145030999999789,0.0246369999999842,200.0,200.0,0.0001231849999999,raw_margin,0.9193247247266612,0.0706930345801352
0.9976463665784054,0.997530772321088,,iscx_url2016_binary,,4,12,0.0022628700735432,0.0083788000000026,1.23253898205394e-06,0.9965766949621444,xgb,20261007,5303,1495,6798,20260908.0,0.9988752783693506,0.9920159680638724,0.9973244147157192,r06,0.9993210128424814,S3-domain,s3,xgb_d6_lr005,"{""colsample_bytree"": 0.9, ""learning_rate"": 0.05, ""max_depth"": 6, ""n_estimators"": 250, ""reg_lambda"": 1.0, ""scale_pos_weight"": 1.0, ""subsample"": 0.9}",0.5,5291,4.630584999999996,1491,4.359354600000017,0.9991428795707794,0.999967511079842,f_stable,15,"[""subdomain_depth"", ""url_length"", ""dot_count"", ""hostname_length"", ""hyphen_count"", ""path_length"", ""token_mean_length"", ""token_max_length"", ""longest_repeated_char_run"", ""tld_length"", ""digit_ratio"", ""registrable_domain_length"", ""slash_count"", ""special_char_ratio"", ""token_count""]",0.0475180999999906,0.0307037000000036,200.0,200.0,0.0001535185,raw_margin,0.9193247247266612,0.07725197023548325
0.7764048249485143,0.8492398762106639,master,iscx_url2016_binary,ISCX-URL2016-binary,31,1489,0.280784461625495,0.0023915000001579,3.517946455072044e-07,0.7460584221734987,lr,20261008,5303,1495,6798,20260909.0,0.5040205056727303,0.495767016593295,0.9792642140468228,r07,0.8007387753634752,S3-domain,s3,lr_c01,"{""C"": 0.1, ""class_weight"": null}",0.68,3814,3.733797599999889,1464,3.713876400000117,0.990492774061,0.9951640055627006,f_all,35,"[""url_length"", ""hostname_length"", ""path_length"", ""query_length"", ""fragment_length"", ""digit_count"", ""letter_count"", ""special_char_count"", ""digit_ratio"", ""letter_ratio"", ""special_char_ratio"", ""dot_count"", ""hyphen_count"", ""underscore_count"", ""slash_count"", ""question_mark_count"", ""equals_sign_count"", ""percent_sign_count"", ""at_sign_count"", ""subdomain_depth"", ""path_segment_count"", ""query_parameter_count"", ""has_port"", ""has_userinfo"", ""host_is_ip"", ""tld_length"", ""registrable_domain_length"", ""domain_digit_ratio"", ""domain_hyphen_ratio"", ""url_char_entropy"", ""longest_repeated_char_run"", ""char_type_transition_count"", ""token_count"", ""token_mean_length"", ""token_max_length""]",0.0007005999996181,0.0044023000000379,200.0,200.0,2.20115000001895e-05,raw_log_odds,0.7460584221734987,0.0
0.7724330685495734,0.8498162521750483,,iscx_url2016_binary,,18,1529,0.2883273618706393,0.0014274000000114,2.0997352162568445e-07,0.7431025711835584,lr,20261008,5303,1495,6798,,0.4724323682925657,0.4913506320691949,0.9879598662207358,r07,0.7838082438349719,S3-domain,s3,lr_c01,"{""C"": 0.1, ""class_weight"": null}",0.44,3774,,1477,3.529835400000138,0.99205423634672,0.9975893470200068,f_mi,15,"[""url_length"", ""subdomain_depth"", ""token_count"", ""special_char_count"", ""path_length"", ""hostname_length"", ""dot_count"", ""char_type_transition_count"", ""hyphen_count"", ""token_mean_length"", ""special_char_ratio"", ""digit_ratio"", ""letter_ratio"", ""longest_repeated_char_run"", ""letter_count""]",,,,,,,0.7460584221734987,-0.002955850989940334
0.7534568990879671,0.7987470965194813,,iscx_url2016_binary,,180,1496,0.2821044691683952,0.0012916999999106,1.90011768153962e-07,0.715183309943269,lr,20261008,5303,1495,6798,,0.4793585338914548,0.4678050515830665,0.8795986622073578,r07,0.7888917549667412,S3-domain,s3,lr_c1_balanced,"{""C"": 1.0, ""class_weight"": ""balanced""}",0.91,3807,,1315,3.646106199999849,0.9891909888012422,0.9955656980736186,f_permutation,15,"[""subdomain_depth"", ""dot_count"", ""hyphen_count"", ""char_type_transition_count"", ""hostname_length"", ""slash_count"", ""path_length"", ""token_count"", ""letter_count"", ""tld_length"", ""special_char_count"", ""domain_hyphen_ratio"", ""special_char_ratio"", ""digit_count"", ""token_max_length""]",,,,,,,0.7460584221734987,-0.030875112230229762
0.774786701971168,0.8486830512418981,,iscx_url2016_binary,,29,1502,0.2832359042051668,0.0012636000000156,1.8587819947273986e-07,0.7446616742122334,lr,20261008,5303,1495,6798,20260909.0,0.4662767642139819,0.4939353099730458,0.9806020066889632,r07,0.7855060270674075,S3-domain,s3,lr_c1_balanced,"{""C"": 1.0, ""class_weight"": ""balanced""}",0.85,3801,3.6956366,1466,3.539135500000043,0.9918094354080852,0.9966063393476424,f_single,15,"[""subdomain_depth"", ""dot_count"", ""hyphen_count"", ""hostname_length"", ""token_count"", ""registrable_domain_length"", ""special_char_count"", ""path_length"", ""char_type_transition_count"", ""question_mark_count"", ""letter_count"", ""slash_count"", ""domain_hyphen_ratio"", ""digit_ratio"", ""url_length""]",0.0006807999999978,0.0072550000000433,200.0,200.0,3.627500000021655e-05,raw_log_odds,0.7460584221734987,-0.001396747961265321
0.77390408943807,0.8459558765562749,,iscx_url2016_binary,,38,1499,0.282670186686781,0.0010640999999509,1.565313327377082e-07,0.743307178500012,lr,20261008,5303,1495,6798,20260909.0,0.4562470125197422,0.4928958051420839,0.974581939799331,r07,0.7809650245301927,S3-domain,s3,lr_c1_balanced,"{""C"": 1.0, ""class_weight"": ""balanced""}",0.88,3804,3.622155699999951,1457,3.4824407000000406,0.9894097892316474,0.9950939240989116,f_stable,12,"[""subdomain_depth"", ""dot_count"", ""hyphen_count"", ""token_count"", ""hostname_length"", ""special_char_count"", ""registrable_domain_length"", ""path_length"", ""char_type_transition_count"", ""question_mark_count"", ""slash_count"", ""letter_count""]",0.0008437000000185,0.0045124999999757,200.0,200.0,2.2562499999878582e-05,raw_log_odds,0.7460584221734987,-0.0027512436734866696
0.9905854663136217,0.9932451940814722,master,iscx_url2016_binary,ISCX-URL2016-binary,3,61,0.0115029228738449,0.0473790999999437,6.969564577808726e-06,0.9864675618619344,rf,20261008,5303,1495,6798,20260909.0,0.9989929136741568,0.960721184803606,0.9979933110367892,r07,0.9994450039953406,S3-domain,s3,rf_depth16_leaf1,"{""class_weight"": null, ""max_depth"": 16, ""max_features"": ""sqrt"", ""min_samples_leaf"": 1, ""n_estimators"": 200}",0.5,5242,8.887730999999803,1492,8.821961099999953,0.9993573158505308,0.9999584241404876,f_all,35,"[""url_length"", ""hostname_length"", ""path_length"", ""query_length"", ""fragment_length"", ""digit_count"", ""letter_count"", ""special_char_count"", ""digit_ratio"", ""letter_ratio"", ""special_char_ratio"", ""dot_count"", ""hyphen_count"", ""underscore_count"", ""slash_count"", ""question_mark_count"", ""equals_sign_count"", ""percent_sign_count"", ""at_sign_count"", ""subdomain_depth"", ""path_segment_count"", ""query_parameter_count"", ""has_port"", ""has_userinfo"", ""host_is_ip"", ""tld_length"", ""registrable_domain_length"", ""domain_digit_ratio"", ""domain_hyphen_ratio"", ""url_char_entropy"", ""longest_repeated_char_run"", ""char_type_transition_count"", ""token_count"", ""token_mean_length"", ""token_max_length""]",0.0114705999999387,3.0664584999999533,200.0,200.0,0.0153322924999997,positive_class_probability,0.9864675618619344,0.0
0.8715798764342454,0.91672745344498,,iscx_url2016_binary,,4,869,0.163869507825759,0.0440988000000288,6.4870255957677054e-06,0.8419598336207382,rf,20261008,5303,1495,6798,,0.9979829843195585,0.6317796610169492,0.9973244147157192,r07,0.9989583734076188,S3-domain,s3,rf_unlimited_leaf5_balanced,"{""class_weight"": ""balanced_subsample"", ""max_depth"": null, ""max_features"": ""sqrt"", ""min_samples_leaf"": 5, ""n_estimators"": 200}",0.59,4434,,1491,6.780869799999891,0.9989293797465292,0.9999881745309768,f_mi,15,"[""url_length"", ""subdomain_depth"", ""token_count"", ""special_char_count"", ""path_length"", ""hostname_length"", ""dot_count"", ""char_type_transition_count"", ""hyphen_count"", ""token_mean_length"", ""special_char_ratio"", ""digit_ratio"", ""letter_ratio"", ""longest_repeated_char_run"", ""letter_count""]",,,,,,,0.9864675618619344,-0.14450772824119618
0.96087084436599,0.9737190471475412,,iscx_url2016_binary,,5,261,0.0492174240995662,0.0441981999997551,6.5016475433591e-06,0.9461762526007484,rf,20261008,5303,1495,6798,,0.998756617222616,0.8509423186750429,0.9966555183946488,r07,0.9994282279797452,S3-domain,s3,rf_unlimited_leaf5_balanced,"{""class_weight"": ""balanced_subsample"", ""max_depth"": null, ""max_features"": ""sqrt"", ""min_samples_leaf"": 5, ""n_estimators"": 200}",0.54,5042,,1490,6.270645500000228,0.999785875949306,0.9998807494807996,f_permutation,15,"[""url_length"", ""subdomain_depth"", ""dot_count"", ""hostname_length"", ""token_max_length"", ""path_length"", ""special_char_count"", ""hyphen_count"", ""token_count"", ""token_mean_length"", ""question_mark_count"", ""slash_count"", ""registrable_domain_length"", ""path_segment_count"", ""char_type_transition_count""]",,,,,,,0.9864675618619344,-0.04029130926118596
0.8217122683142101,0.8850045755636521,,iscx_url2016_binary,,3,1209,0.2279841599094852,0.038586500000008,5.676154751398658e-06,0.791108654645762,rf,20261008,5303,1495,6798,20260909.0,0.9989761527629888,0.552388004442799,0.9979933110367892,r07,0.9994115780996052,S3-domain,s3,rf_depth24_leaf2,"{""class_weight"": null, ""max_depth"": 24, ""max_features"": ""sqrt"", ""min_samples_leaf"": 2, ""n_estimators"": 200}",0.45,4094,9.732930699999995,1492,6.309799399999974,0.9995716479380692,0.9999976349061956,f_single,15,"[""url_length"", ""subdomain_depth"", ""hostname_length"", ""dot_count"", ""path_length"", ""hyphen_count"", ""token_max_length"", ""longest_repeated_char_run"", ""special_char_count"", ""token_count"", ""token_mean_length"", ""char_type_transition_count"", ""registrable_domain_length"", ""digit_count"", ""slash_count""]",0.0113211000000319,3.186058500000001,200.0,200.0,0.0159302925,positive_class_probability,0.9864675618619344,-0.19535890721617244
0.7975875257428655,0.8693014681536355,,iscx_url2016_binary,,4,1372,0.258721478408448,0.0441281999999887,6.491350397173983e-06,0.7676544225762636,rf,20261008,5303,1495,6798,20260909.0,0.998033044474515,0.5207823960880196,0.9973244147157192,r07,0.9988819353215224,S3-domain,s3,rf_unlimited_leaf5_balanced,"{""class_weight"": ""balanced_subsample"", ""max_depth"": null, ""max_features"": ""sqrt"", ""min_samples_leaf"": 5, ""n_estimators"": 200}",0.59,3931,8.8021746,1491,6.198996700000009,0.9995716479380692,0.9999952698123908,f_stable,13,"[""subdomain_depth"", ""url_length"", ""hostname_length"", ""dot_count"", ""path_length"", ""hyphen_count"", ""token_count"", ""longest_repeated_char_run"", ""special_char_count"", ""token_max_length"", ""registrable_domain_length"", ""token_mean_length"", ""char_type_transition_count""]",0.0099821999999676,2.40259709999998,200.0,200.0,0.0120129854999999,positive_class_probability,0.9864675618619344,-0.2188131392856708
0.8303912915563401,0.8905674644944459,master,iscx_url2016_binary,ISCX-URL2016-binary,3,1150,0.2168583820478974,0.0071538000001964,1.0523389232416148e-06,0.7997005664153702,xgb,20261008,5303,1495,6798,20260909.0,0.9983171877379252,0.5647236941710825,0.9979933110367892,r07,0.9990875361141576,S3-domain,s3,xgb_d6_lr01_balanced,"{""colsample_bytree"": 0.9, ""learning_rate"": 0.1, ""max_depth"": 6, ""n_estimators"": 200, ""reg_lambda"": 1.0, ""scale_pos_weight"": 3.537326264507809, ""subsample"": 0.9}",0.5,4153,4.626402599999892,1492,4.597340799999984,1.0,1.0,f_all,35,"[""url_length"", ""hostname_length"", ""path_length"", ""query_length"", ""fragment_length"", ""digit_count"", ""letter_count"", ""special_char_count"", ""digit_ratio"", ""letter_ratio"", ""special_char_ratio"", ""dot_count"", ""hyphen_count"", ""underscore_count"", ""slash_count"", ""question_mark_count"", ""equals_sign_count"", ""percent_sign_count"", ""at_sign_count"", ""subdomain_depth"", ""path_segment_count"", ""query_parameter_count"", ""has_port"", ""has_userinfo"", ""host_is_ip"", ""tld_length"", ""registrable_domain_length"", ""domain_digit_ratio"", ""domain_hyphen_ratio"", ""url_char_entropy"", ""longest_repeated_char_run"", ""char_type_transition_count"", ""token_count"", ""token_mean_length"", ""token_max_length""]",0.0492339000002175,0.0308751000002303,200.0,200.0,0.0001543755000011,raw_margin,0.7997005664153702,0.0
0.7522800823771697,0.840501464117301,,iscx_url2016_binary,,3,1681,0.3169903828021874,0.0062658999995619,9.217269784586574e-07,0.7253129290248869,xgb,20261008,5303,1495,6798,,0.9972075717842656,0.4702174598172077,0.9979933110367892,r07,0.9987667736505556,S3-domain,s3,xgb_d6_lr01_balanced,"{""colsample_bytree"": 0.9, ""learning_rate"": 0.1, ""max_depth"": 6, ""n_estimators"": 200, ""reg_lambda"": 1.0, ""scale_pos_weight"": 3.537326264507809, ""subsample"": 0.9}",0.32,3622,,1492,3.925326900000073,0.9993582504558436,0.9999985062565444,f_mi,15,"[""url_length"", ""subdomain_depth"", ""token_count"", ""special_char_count"", ""path_length"", ""hostname_length"", ""dot_count"", ""char_type_transition_count"", ""hyphen_count"", ""token_mean_length"", ""special_char_ratio"", ""digit_ratio"", ""letter_ratio"", ""longest_repeated_char_run"", ""letter_count""]",,,,,,,0.7997005664153702,-0.07438763739048337
0.8702559576345984,0.9158788771674014,,iscx_url2016_binary,,4,878,0.1655666603809164,0.0061258999999154,9.011326860717004e-07,0.8405551385836059,xgb,20261008,5303,1495,6798,,0.9986160009564184,0.6293794850147741,0.9973244147157192,r07,0.9991533788219832,S3-domain,s3,xgb_d6_lr01_balanced,"{""colsample_bytree"": 0.9, ""learning_rate"": 0.1, ""max_depth"": 6, ""n_estimators"": 200, ""reg_lambda"": 1.0, ""scale_pos_weight"": 3.537326264507809, ""subsample"": 0.9}",0.48,4425,,1491,4.6514588,0.9993576278479176,0.999997510427574,f_permutation,15,"[""url_length"", ""dot_count"", ""subdomain_depth"", ""hostname_length"", ""token_max_length"", ""path_length"", ""hyphen_count"", ""letter_ratio"", ""token_mean_length"", ""slash_count"", ""special_char_ratio"", ""path_segment_count"", ""tld_length"", ""percent_sign_count"", ""digit_count""]",,,,,,,0.7997005664153702,0.040854572168235626
0.9716092968520152,0.9808421055287062,,iscx_url2016_binary,,4,189,0.0356402036583066,0.0076195999999981,1.1208590761986133e-06,0.9603461514340744,xgb,20261008,5303,1495,6798,20260909.0,0.9986541117784808,0.8875,0.9973244147157192,r07,0.9992492417682424,S3-domain,s3,xgb_d6_lr005,"{""colsample_bytree"": 0.9, ""learning_rate"": 0.05, ""max_depth"": 6, ""n_estimators"": 250, ""reg_lambda"": 1.0, ""scale_pos_weight"": 1.0, ""subsample"": 0.9}",0.38,5114,4.439080600000011,1491,4.165215799999999,0.999785875949306,0.999998257299302,f_single,15,"[""subdomain_depth"", ""url_length"", ""dot_count"", ""hostname_length"", ""hyphen_count"", ""token_max_length"", ""token_mean_length"", ""path_length"", ""longest_repeated_char_run"", ""digit_ratio"", ""tld_length"", ""registrable_domain_length"", ""url_char_entropy"", ""path_segment_count"", ""slash_count""]",0.0446635000000128,0.0283546000000001,200.0,200.0,0.000141773,raw_margin,0.7997005664153702,0.16064558501870418
0.9610179464548396,0.9740534953080764,,iscx_url2016_binary,,4,261,0.0492174240995662,0.0064596999999935,9.50235363341206e-07,0.9463899319359528,xgb,20261008,5303,1495,6798,20260909.0,0.998753149645859,0.851027397260274,0.9973244147157192,r07,0.9993049936396196,S3-domain,s3,xgb_d6_lr01_balanced,"{""colsample_bytree"": 0.9, ""learning_rate"": 0.1, ""max_depth"": 6, ""n_estimators"": 200, ""reg_lambda"": 1.0, ""scale_pos_weight"": 3.537326264507809, ""subsample"": 0.9}",0.5,5042,4.332466699999998,1491,4.084255100000007,0.99978597979424,0.9999997510427576,f_stable,13,"[""subdomain_depth"", ""url_length"", ""dot_count"", ""hostname_length"", ""hyphen_count"", ""token_mean_length"", ""path_length"", ""token_max_length"", ""longest_repeated_char_run"", ""digit_ratio"", ""tld_length"", ""registrable_domain_length"", ""slash_count""]",0.0356386999999926,0.0237422000000151,200.0,200.0,0.000118711,raw_margin,0.7997005664153702,0.14668936552058254
0.9909870620729756,0.979936224623166,master,iscx_url2016_binary,ISCX-URL2016-binary,59,3,0.0005567928730512,0.0031592999998792,4.59267335350966e-07,0.9865434408163554,lr,20261009,5388,1491,6879,20260910.0,0.9908453209962396,0.9979094076655052,0.960429242119383,r08,0.995342383427016,S3-domain,s3,lr_c1,"{""C"": 1.0, ""class_weight"": null}",0.87,5385,3.809502699999939,1432,3.7880442000000585,0.7470217927863998,0.8068640392230813,f_all,35,"[""url_length"", ""hostname_length"", ""path_length"", ""query_length"", ""fragment_length"", ""digit_count"", ""letter_count"", ""special_char_count"", ""digit_ratio"", ""letter_ratio"", ""special_char_ratio"", ""dot_count"", ""hyphen_count"", ""underscore_count"", ""slash_count"", ""question_mark_count"", ""equals_sign_count"", ""percent_sign_count"", ""at_sign_count"", ""subdomain_depth"", ""path_segment_count"", ""query_parameter_count"", ""has_port"", ""has_userinfo"", ""host_is_ip"", ""tld_length"", ""registrable_domain_length"", ""domain_digit_ratio"", ""domain_hyphen_ratio"", ""url_char_entropy"", ""longest_repeated_char_run"", ""char_type_transition_count"", ""token_count"", ""token_mean_length"", ""token_max_length""]",0.0007040000000415,0.0049027000000023,200.0,200.0,2.4513500000011498e-05,raw_log_odds,0.9865434408163554,0.0
0.9938944614042738,0.9888260520808594,,iscx_url2016_binary,,30,12,0.0022271714922048,0.001649300000281,2.3975868589636184e-07,0.9909694544652564,lr,20261009,5388,1491,6879,,0.9960865958173948,0.9918533604887984,0.9798792756539236,r08,0.9975872308834446,S3-domain,s3,lr_c01,"{""C"": 0.1, ""class_weight"": null}",0.46,5376,,1461,3.7322014999999737,0.7427264143772814,0.7808774865240032,f_mi,15,"[""url_length"", ""subdomain_depth"", ""token_count"", ""special_char_count"", ""path_length"", ""char_type_transition_count"", ""hostname_length"", ""hyphen_count"", ""dot_count"", ""token_mean_length"", ""special_char_ratio"", ""digit_ratio"", ""letter_ratio"", ""longest_repeated_char_run"", ""letter_count""]",,,,,,,0.9865434408163554,0.00442601364890105
0.985608373310074,0.9798983208829816,,iscx_url2016_binary,,45,54,0.010022271714922,0.005061299999852,7.357610117534603e-07,0.9788529701671188,lr,20261009,5388,1491,6879,,0.9899082702010098,0.964,0.9698189134808852,r08,0.9948938869544912,S3-domain,s3,lr_c1,"{""C"": 1.0, ""class_weight"": null}",0.78,5334,,1446,3.854482400000052,0.7442694990652912,0.7953864695758128,f_permutation,15,"[""subdomain_depth"", ""dot_count"", ""token_count"", ""char_type_transition_count"", ""slash_count"", ""registrable_domain_length"", ""hyphen_count"", ""special_char_ratio"", ""tld_length"", ""equals_sign_count"", ""letter_count"", ""query_length"", ""path_length"", ""digit_count"", ""token_max_length""]",,,,,,,0.9865434408163554,-0.007690470649236558
0.9556621601977032,0.9605392189812968,,iscx_url2016_binary,,46,259,0.0480697847067557,0.0012471000000005,1.8129088530316922e-07,0.9378319841736524,lr,20261009,5388,1491,6879,20260910.0,0.9877605729368804,0.8480046948356808,0.9691482226693494,r08,0.9938351962803796,S3-domain,s3,lr_c1,"{""C"": 1.0, ""class_weight"": null}",0.79,5129,3.594206399999962,1445,3.434962499999984,0.7470833840481619,0.7988858455206461,f_single,15,"[""subdomain_depth"", ""token_count"", ""dot_count"", ""registrable_domain_length"", ""char_type_transition_count"", ""hyphen_count"", ""special_char_count"", ""slash_count"", ""equals_sign_count"", ""question_mark_count"", ""letter_count"", ""path_length"", ""token_mean_length"", ""special_char_ratio"", ""tld_length""]",0.0006842000000233,0.0044091999999977,200.0,200.0,2.204599999998891e-05,raw_log_odds,0.9865434408163554,-0.04871145664270293
0.869312400058148,0.9119654825762294,,iscx_url2016_binary,,19,880,0.1633259094283593,0.0010974999999007,1.595435382905538e-07,0.8376987374730487,lr,20261009,5388,1491,6879,20260910.0,0.9910140928729908,0.6258503401360545,0.9872568745808182,r08,0.9952315974540636,S3-domain,s3,lr_c1,"{""C"": 1.0, ""class_weight"": null}",0.42,4508,3.539949999999976,1472,3.3906829000000016,0.746470792582786,0.8016058304852998,f_stable,11,"[""subdomain_depth"", ""token_count"", ""dot_count"", ""char_type_transition_count"", ""registrable_domain_length"", ""special_char_count"", ""hyphen_count"", ""slash_count"", ""equals_sign_count"", ""special_char_ratio"", ""path_length""]",0.0009795000000849,0.0079755000000432,200.0,200.0,3.987750000021606e-05,raw_log_odds,0.9865434408163554,-0.14884470334330668
0.9992731501671754,0.9983232729711604,master,iscx_url2016_binary,ISCX-URL2016-binary,5,0,0.0,0.035049699999945,5.095173717102051e-06,0.998928338982753,rf,20261009,5388,1491,6879,20260910.0,0.999991509020362,1.0,0.9966465459423206,r08,0.9999976349061952,S3-domain,s3,rf_depth24_leaf2,"{""class_weight"": null, ""max_depth"": 24, ""max_features"": ""sqrt"", ""min_samples_leaf"": 2, ""n_estimators"": 200}",0.62,5388,10.7833641000002,1486,10.721568899999966,0.9989273908620202,0.999722880404037,f_all,35,"[""url_length"", ""hostname_length"", ""path_length"", ""query_length"", ""fragment_length"", ""digit_count"", ""letter_count"", ""special_char_count"", ""digit_ratio"", ""letter_ratio"", ""special_char_ratio"", ""dot_count"", ""hyphen_count"", ""underscore_count"", ""slash_count"", ""question_mark_count"", ""equals_sign_count"", ""percent_sign_count"", ""at_sign_count"", ""subdomain_depth"", ""path_segment_count"", ""query_parameter_count"", ""has_port"", ""has_userinfo"", ""host_is_ip"", ""tld_length"", ""registrable_domain_length"", ""domain_digit_ratio"", ""domain_hyphen_ratio"", ""url_char_entropy"", ""longest_repeated_char_run"", ""char_type_transition_count"", ""token_count"", ""token_mean_length"", ""token_max_length""]",0.0142639999999119,3.1077761000001374,200.0,200.0,0.0155388805000006,positive_class_probability,0.998928338982753,0.0
0.9930222416048844,0.9839034205231388,,iscx_url2016_binary,,48,0,0.0,0.0574949000001652,8.358031690676728e-06,0.9896027459995738,rf,20261009,5388,1491,6879,,0.9999534739044504,1.0,0.9678068410462776,r08,0.9999870542233852,S3-domain,s3,rf_depth16_leaf1,"{""class_weight"": null, ""max_depth"": 16, ""max_features"": ""sqrt"", ""min_samples_leaf"": 1, ""n_estimators"": 200}",0.82,5388,,1443,10.37557199999992,0.998066511046646,0.9986002748491578,f_mi,15,"[""url_length"", ""subdomain_depth"", ""token_count"", ""special_char_count"", ""path_length"", ""char_type_transition_count"", ""hostname_length"", ""hyphen_count"", ""dot_count"", ""token_mean_length"", ""special_char_ratio"", ""digit_ratio"", ""letter_ratio"", ""longest_repeated_char_run"", ""letter_count""]",,,,,,,0.998928338982753,-0.009325592983179254
0.9992731501671754,0.9983232729711604,,iscx_url2016_binary,,5,0,0.0,0.0701429000000644,1.0196671027775026e-05,0.998928338982753,rf,20261009,5388,1491,6879,,0.999737397353636,1.0,0.9966465459423206,r08,0.9998853551897876,S3-domain,s3,rf_depth24_leaf2,"{""class_weight"": null, ""max_depth"": 24, ""max_features"": ""sqrt"", ""min_samples_leaf"": 2, ""n_estimators"": 200}",0.61,5388,,1486,10.802103200000149,0.9989268745006724,0.9993758817656694,f_permutation,15,"[""url_length"", ""subdomain_depth"", ""hostname_length"", ""dot_count"", ""path_length"", ""hyphen_count"", ""token_count"", ""token_max_length"", ""token_mean_length"", ""slash_count"", ""special_char_count"", ""path_segment_count"", ""question_mark_count"", ""registrable_domain_length"", ""char_type_transition_count""]",,,,,,,0.998928338982753,0.0
0.9992731501671754,0.9983232729711604,,iscx_url2016_binary,,5,0,0.0,0.0354886000000078,5.158976595436526e-06,0.998928338982753,rf,20261009,5388,1491,6879,20260910.0,0.9999880707167907,1.0,0.9966465459423206,r08,0.9999966390772252,S3-domain,s3,rf_unlimited_leaf5_balanced,"{""class_weight"": ""balanced_subsample"", ""max_depth"": null, ""max_features"": ""sqrt"", ""min_samples_leaf"": 5, ""n_estimators"": 200}",0.69,5388,8.946043700000018,1486,6.318737600000077,0.9989268745006724,0.9995037831176522,f_single,15,"[""subdomain_depth"", ""url_length"", ""hostname_length"", ""dot_count"", ""hyphen_count"", ""path_length"", ""longest_repeated_char_run"", ""token_count"", ""special_char_count"", ""token_max_length"", ""token_mean_length"", ""registrable_domain_length"", ""slash_count"", ""char_type_transition_count"", ""digit_count""]",0.01168210000003,2.436963300000002,200.0,200.0,0.0121848165,positive_class_probability,0.998928338982753,0.0
0.9981101904346562,0.9956405097250168,,iscx_url2016_binary,,13,0,0.0,0.0380040999999664,5.524654746324532e-06,0.9972082452029016,rf,20261009,5388,1491,6879,20260910.0,0.9999790546160788,1.0,0.9912810194500336,r08,0.999994149504799,S3-domain,s3,rf_depth16_leaf1,"{""class_weight"": null, ""max_depth"": 16, ""max_features"": ""sqrt"", ""min_samples_leaf"": 1, ""n_estimators"": 200}",0.78,5388,9.433154700000046,1478,6.315910600000052,0.9982817576269754,0.9987986859208235,f_stable,13,"[""subdomain_depth"", ""url_length"", ""hostname_length"", ""dot_count"", ""hyphen_count"", ""path_length"", ""token_count"", ""longest_repeated_char_run"", ""special_char_count"", ""token_max_length"", ""char_type_transition_count"", ""digit_count"", ""token_mean_length""]",0.0107350000000678,2.9240102999999635,200.0,200.0,0.0146200514999998,positive_class_probability,0.998928338982753,-0.0017200937798513838
0.9994185201337404,0.9986586183769282,master,iscx_url2016_binary,ISCX-URL2016-binary,4,0,0.0,0.0079352000002472,1.1535397587218024e-06,0.9991428795707794,xgb,20261009,5388,1491,6879,20260910.0,1.0,1.0,0.9973172367538564,r08,1.0,S3-domain,s3,xgb_d6_lr005,"{""colsample_bytree"": 0.9, ""learning_rate"": 0.05, ""max_depth"": 6, ""n_estimators"": 250, ""reg_lambda"": 1.0, ""scale_pos_weight"": 1.0, ""subsample"": 0.9}",0.72,5388,5.314056700000037,1487,5.283552800000052,0.9995710595019596,0.9998043639083576,f_all,35,"[""url_length"", ""hostname_length"", ""path_length"", ""query_length"", ""fragment_length"", ""digit_count"", ""letter_count"", ""special_char_count"", ""digit_ratio"", ""letter_ratio"", ""special_char_ratio"", ""dot_count"", ""hyphen_count"", ""underscore_count"", ""slash_count"", ""question_mark_count"", ""equals_sign_count"", ""percent_sign_count"", ""at_sign_count"", ""subdomain_depth"", ""path_segment_count"", ""query_parameter_count"", ""has_port"", ""has_userinfo"", ""host_is_ip"", ""tld_length"", ""registrable_domain_length"", ""domain_digit_ratio"", ""domain_hyphen_ratio"", ""url_char_entropy"", ""longest_repeated_char_run"", ""char_type_transition_count"", ""token_count"", ""token_mean_length"", ""token_max_length""]",0.060338799999954,0.040179700000408,200.0,200.0,0.000200898500002,raw_margin,0.9991428795707794,0.0
0.997092600668702,0.9932930918846412,,iscx_url2016_binary,,20,0,0.0,0.0090408000000934,1.3142607937336009e-06,0.9956976337798856,xgb,20261009,5388,1491,6879,,0.9999754548288624,1.0,0.9865861837692824,r08,0.9999931536758286,S3-domain,s3,xgb_d6_lr005,"{""colsample_bytree"": 0.9, ""learning_rate"": 0.05, ""max_depth"": 6, ""n_estimators"": 250, ""reg_lambda"": 1.0, ""scale_pos_weight"": 1.0, ""subsample"": 0.9}",0.95,5388,,1471,5.06708720000006,0.9843531184028618,0.9989033783489752,f_mi,15,"[""url_length"", ""subdomain_depth"", ""token_count"", ""special_char_count"", ""path_length"", ""char_type_transition_count"", ""hostname_length"", ""hyphen_count"", ""dot_count"", ""token_mean_length"", ""special_char_ratio"", ""digit_ratio"", ""letter_ratio"", ""longest_repeated_char_run"", ""letter_count""]",,,,,,,0.9991428795707794,-0.0034452457908937806
0.9995638901003052,0.998993963782696,,iscx_url2016_binary,,3,0,0.0,0.008294300000216,1.2057421137107175e-06,0.9993573158505308,xgb,20261009,5388,1491,6879,,0.9999906360820175,1.0,0.9979879275653925,r08,0.9999973859489528,S3-domain,s3,xgb_d4_lr005,"{""colsample_bytree"": 0.9, ""learning_rate"": 0.05, ""max_depth"": 4, ""n_estimators"": 300, ""reg_lambda"": 1.0, ""scale_pos_weight"": 1.0, ""subsample"": 0.9}",0.71,5388,,1488,5.1960643000002165,0.9991417062218724,0.9994510584972096,f_permutation,15,"[""url_length"", ""dot_count"", ""subdomain_depth"", ""hostname_length"", ""hyphen_count"", ""path_length"", ""token_max_length"", ""token_mean_length"", ""tld_length"", ""slash_count"", ""special_char_ratio"", ""token_count"", ""path_segment_count"", ""question_mark_count"", ""query_length""]",,,,,,,0.9991428795707794,0.00021443627975137325
0.9998546300334352,0.999664654594232,,iscx_url2016_binary,,1,0,0.0,0.0059759999999187,8.687309201800717e-07,0.999785875949306,xgb,20261009,5388,1491,6879,20260910.0,0.9999964205960692,1.0,0.999329309188464,r08,0.9999990041710296,S3-domain,s3,xgb_d4_lr005,"{""colsample_bytree"": 0.9, ""learning_rate"": 0.05, ""max_depth"": 4, ""n_estimators"": 300, ""reg_lambda"": 1.0, ""scale_pos_weight"": 1.0, ""subsample"": 0.9}",0.6,5388,5.111051999999972,1490,4.756960499999991,0.9995710595019596,0.9998586021542674,f_single,15,"[""url_length"", ""subdomain_depth"", ""dot_count"", ""hostname_length"", ""hyphen_count"", ""path_length"", ""token_mean_length"", ""token_max_length"", ""longest_repeated_char_run"", ""registrable_domain_length"", ""tld_length"", ""slash_count"", ""special_char_ratio"", ""token_count"", ""digit_ratio""]",0.1313693999999259,0.0164996999999402,200.0,200.0,8.249849999970139e-05,raw_margin,0.9991428795707794,0.0006429963785266057
0.9998546300334352,0.999664654594232,,iscx_url2016_binary,,1,0,0.0,0.005419399999937,7.878179967927044e-07,0.999785875949306,xgb,20261009,5388,1491,6879,20260910.0,0.999986771384388,1.0,0.999329309188464,r08,0.9999962656413612,S3-domain,s3,xgb_d4_lr005,"{""colsample_bytree"": 0.9, ""learning_rate"": 0.05, ""max_depth"": 4, ""n_estimators"": 300, ""reg_lambda"": 1.0, ""scale_pos_weight"": 1.0, ""subsample"": 0.9}",0.63,5388,4.782224699999915,1490,4.524092300000007,0.999356434517212,0.9998828201617432,f_stable,14,"[""url_length"", ""subdomain_depth"", ""dot_count"", ""hostname_length"", ""hyphen_count"", ""path_length"", ""token_mean_length"", ""token_max_length"", ""longest_repeated_char_run"", ""registrable_domain_length"", ""tld_length"", ""digit_ratio"", ""token_count"", ""slash_count""]",0.0427261999999473,0.0128551999999899,200.0,200.0,6.427599999994982e-05,raw_margin,0.9991428795707794,0.0006429963785266057
0.98430004361099,0.9817311441029248,master,iscx_url2016_binary,ISCX-URL2016-binary,34,74,0.0137342242019302,0.0028360999999677,4.122837621700394e-07,0.9771012327876742,lr,20261010,5388,1491,6879,20260911.0,0.9904571269098316,0.9516655780535598,0.97719651240778,r09,0.9944839788545676,S3-domain,s3,lr_c1,"{""C"": 1.0, ""class_weight"": null}",0.77,5314,3.543102699999963,1457,3.525230799999917,0.7474773809692721,0.8093989834743633,f_all,35,"[""url_length"", ""hostname_length"", ""path_length"", ""query_length"", ""fragment_length"", ""digit_count"", ""letter_count"", ""special_char_count"", ""digit_ratio"", ""letter_ratio"", ""special_char_ratio"", ""dot_count"", ""hyphen_count"", ""underscore_count"", ""slash_count"", ""question_mark_count"", ""equals_sign_count"", ""percent_sign_count"", ""at_sign_count"", ""subdomain_depth"", ""path_segment_count"", ""query_parameter_count"", ""has_port"", ""has_userinfo"", ""host_is_ip"", ""tld_length"", ""registrable_domain_length"", ""domain_digit_ratio"", ""domain_hyphen_ratio"", ""url_char_entropy"", ""longest_repeated_char_run"", ""char_type_transition_count"", ""token_count"", ""token_mean_length"", ""token_max_length""]",0.0007014999996499,0.0058904000002257,200.0,200.0,2.94520000011285e-05,raw_log_odds,0.9771012327876742,0.0
0.9956389010030527,0.9921225571692964,,iscx_url2016_binary,,21,9,0.0016703786191536,0.0014577000001736,2.1190580028690878e-07,0.9935590611341446,lr,20261010,5388,1491,6879,,0.9953655029624794,0.9939148073022313,0.9859154929577464,r09,0.996633226729842,S3-domain,s3,lr_c01,"{""C"": 0.1, ""class_weight"": null}",0.46,5379,,1470,4.006456699999944,0.7421689530007493,0.7801915619164265,f_mi,15,"[""url_length"", ""subdomain_depth"", ""token_count"", ""special_char_count"", ""path_length"", ""char_type_transition_count"", ""hostname_length"", ""dot_count"", ""hyphen_count"", ""token_mean_length"", ""special_char_ratio"", ""digit_ratio"", ""letter_ratio"", ""longest_repeated_char_run"", ""letter_count""]",,,,,,,0.9771012327876742,0.01645782834647036
0.8632068614624219,0.9083104790584636,,iscx_url2016_binary,,18,923,0.1713066072754268,0.0013922999996793,2.0239860440171253e-07,0.8312906157557003,lr,20261010,5388,1491,6879,,0.9897976979531262,0.6147746243739566,0.9879275653923542,r09,0.9939551936713078,S3-domain,s3,lr_c1,"{""C"": 1.0, ""class_weight"": null}",0.32,4465,,1473,3.7812715999998554,0.7466888585052052,0.8001319376865622,f_permutation,15,"[""subdomain_depth"", ""dot_count"", ""char_type_transition_count"", ""hyphen_count"", ""token_count"", ""slash_count"", ""special_char_count"", ""equals_sign_count"", ""special_char_ratio"", ""registrable_domain_length"", ""tld_length"", ""query_length"", ""path_length"", ""digit_count"", ""digit_ratio""]",,,,,,,0.9771012327876742,-0.14581061703197395
0.897659543538305,0.9283634247952453,,iscx_url2016_binary,,26,678,0.1258351893095768,0.0014539000000013,2.113533943889141e-07,0.8683681730145535,lr,20261010,5388,1491,6879,20260911.0,0.991013907518586,0.6836210919272049,0.9825620389000672,r09,0.9944965511953184,S3-domain,s3,lr_c1,"{""C"": 1.0, ""class_weight"": null}",0.52,4710,3.624457300000017,1465,3.484646500000053,0.7475836170476802,0.8000451564931064,f_single,15,"[""subdomain_depth"", ""dot_count"", ""token_count"", ""special_char_count"", ""registrable_domain_length"", ""hyphen_count"", ""char_type_transition_count"", ""slash_count"", ""equals_sign_count"", ""question_mark_count"", ""special_char_ratio"", ""url_length"", ""path_length"", ""digit_ratio"", ""digit_count""]",0.0006778000000622,0.0043483000000605,200.0,200.0,2.1741500000302948e-05,raw_log_odds,0.9771012327876742,-0.10873305977312075
0.8739642389882251,0.9127521252235014,,iscx_url2016_binary,,28,839,0.1557164068299925,0.0011389000000008,1.655618549208942e-07,0.8422082614751418,lr,20261010,5388,1491,6879,20260911.0,0.990060829089378,0.6355343179843614,0.9812206572769951,r09,0.9940231589985348,S3-domain,s3,lr_c1,"{""C"": 1.0, ""class_weight"": null}",0.54,4549,3.68679039999995,1463,3.5378504999999905,0.7477791826591779,0.797830470163604,f_stable,13,"[""subdomain_depth"", ""token_count"", ""dot_count"", ""special_char_count"", ""registrable_domain_length"", ""char_type_transition_count"", ""hyphen_count"", ""slash_count"", ""special_char_ratio"", ""equals_sign_count"", ""path_length"", ""url_length"", ""question_mark_count""]",0.0007408000000168,0.0046151000000236,200.0,200.0,2.307550000011816e-05,raw_log_odds,0.9771012327876742,-0.13489297131253242
0.9992731501671754,0.9983232729711604,master,iscx_url2016_binary,ISCX-URL2016-binary,5,0,0.0,0.0392084999998587,5.699738334039651e-06,0.998928338982753,rf,20261010,5388,1491,6879,20260911.0,0.9992651169831176,1.0,0.9966465459423206,r09,0.9995051974803536,S3-domain,s3,rf_depth24_leaf2,"{""class_weight"": null, ""max_depth"": 24, ""max_features"": ""sqrt"", ""min_samples_leaf"": 2, ""n_estimators"": 200}",0.57,5388,7.605425100000048,1486,7.547951999999896,0.9982817576269754,0.9993647818455762,f_all,35,"[""url_length"", ""hostname_length"", ""path_length"", ""query_length"", ""fragment_length"", ""digit_count"", ""letter_count"", ""special_char_count"", ""digit_ratio"", ""letter_ratio"", ""special_char_ratio"", ""dot_count"", ""hyphen_count"", ""underscore_count"", ""slash_count"", ""question_mark_count"", ""equals_sign_count"", ""percent_sign_count"", ""at_sign_count"", ""subdomain_depth"", ""path_segment_count"", ""query_parameter_count"", ""has_port"", ""has_userinfo"", ""host_is_ip"", ""tld_length"", ""registrable_domain_length"", ""domain_digit_ratio"", ""domain_hyphen_ratio"", ""url_char_entropy"", ""longest_repeated_char_run"", ""char_type_transition_count"", ""token_count"", ""token_mean_length"", ""token_max_length""]",0.0100073000003249,2.958712000000105,200.0,200.0,0.0147935600000005,positive_class_probability,0.998928338982753,0.0
0.99200465183893,0.9815560026827632,,iscx_url2016_binary,,55,0,0.0,0.040258200000153,5.85233318798561e-06,0.9880657063231648,rf,20261010,5388,1491,6879,,0.9992390052997698,1.0,0.9631120053655264,r09,0.9995385577508604,S3-domain,s3,rf_unlimited_leaf5_balanced,"{""class_weight"": ""balanced_subsample"", ""max_depth"": null, ""max_features"": ""sqrt"", ""min_samples_leaf"": 5, ""n_estimators"": 200}",0.82,5388,,1436,7.408763399999771,0.994610962377478,0.9976707826768088,f_mi,15,"[""url_length"", ""subdomain_depth"", ""token_count"", ""special_char_count"", ""path_length"", ""char_type_transition_count"", ""hostname_length"", ""dot_count"", ""hyphen_count"", ""token_mean_length"", ""special_char_ratio"", ""digit_ratio"", ""letter_ratio"", ""longest_repeated_char_run"", ""letter_count""]",,,,,,,0.998928338982753,-0.0108626326595882
0.998400930367786,0.9963112005365526,,iscx_url2016_binary,,11,0,0.0,0.0424877000000378,6.176435528425334e-06,0.9976388984621496,rf,20261010,5388,1491,6879,,0.9995490290411124,1.0,0.9926224010731052,r09,0.9997624947905696,S3-domain,s3,rf_depth16_leaf1,"{""class_weight"": null, ""max_depth"": 16, ""max_features"": ""sqrt"", ""min_samples_leaf"": 1, ""n_estimators"": 200}",0.74,5388,,1480,6.459648800000196,0.9969887157523843,0.9986261326175568,f_permutation,15,"[""url_length"", ""subdomain_depth"", ""hostname_length"", ""dot_count"", ""path_length"", ""token_max_length"", ""token_count"", ""hyphen_count"", ""special_char_count"", ""question_mark_count"", ""token_mean_length"", ""tld_length"", ""registrable_domain_length"", ""char_type_transition_count"", ""equals_sign_count""]",,,,,,,0.998928338982753,-0.0012894405206034243
0.9962203808693124,0.9912810194500336,,iscx_url2016_binary,,26,0,0.0,0.0449062999999796,6.528027329550754e-06,0.9943986842510746,rf,20261010,5388,1491,6879,20260911.0,0.9992651523676722,1.0,0.9825620389000672,r09,0.9995731628075806,S3-domain,s3,rf_depth24_leaf2,"{""class_weight"": null, ""max_depth"": 24, ""max_features"": ""sqrt"", ""min_samples_leaf"": 2, ""n_estimators"": 200}",0.73,5388,10.737276800000018,1465,6.773483800000008,0.9969887157523843,0.9977076142298452,f_single,15,"[""url_length"", ""subdomain_depth"", ""hostname_length"", ""dot_count"", ""hyphen_count"", ""path_length"", ""token_count"", ""special_char_count"", ""longest_repeated_char_run"", ""token_max_length"", ""char_type_transition_count"", ""token_mean_length"", ""digit_count"", ""digit_ratio"", ""letter_count""]",0.0424549000000524,3.696648900000014,200.0,200.0,0.0184832445,positive_class_probability,0.998928338982753,-0.004529654731678434
0.9982555604012212,0.9959758551307848,,iscx_url2016_binary,,12,0,0.0,0.0503211999999848,7.315191161503832e-06,0.9974236244536578,rf,20261010,5388,1491,6879,20260911.0,0.9992296947038976,1.0,0.9919517102615694,r09,0.9995376864005114,S3-domain,s3,rf_depth16_leaf1,"{""class_weight"": null, ""max_depth"": 16, ""max_features"": ""sqrt"", ""min_samples_leaf"": 1, ""n_estimators"": 200}",0.76,5388,9.59483119999993,1479,6.57894490000001,0.9967728433996704,0.9976914688915278,f_stable,13,"[""subdomain_depth"", ""url_length"", ""hostname_length"", ""dot_count"", ""path_length"", ""hyphen_count"", ""token_count"", ""longest_repeated_char_run"", ""special_char_count"", ""token_max_length"", ""char_type_transition_count"", ""token_mean_length"", ""digit_count""]",0.011217800000054,2.8157627000000502,200.0,200.0,0.0140788135000002,positive_class_probability,0.998928338982753,-0.0015047145290951747
0.9992731501671754,0.9983232729711604,master,iscx_url2016_binary,ISCX-URL2016-binary,5,0,0.0,0.0079052999999476,1.1491931966779476e-06,0.998928338982753,xgb,20261010,5388,1491,6879,20260911.0,0.9996101201342912,1.0,0.9966465459423206,r09,0.9997891332155268,S3-domain,s3,xgb_d6_lr005,"{""colsample_bytree"": 0.9, ""learning_rate"": 0.05, ""max_depth"": 6, ""n_estimators"": 250, ""reg_lambda"": 1.0, ""scale_pos_weight"": 1.0, ""subsample"": 0.9}",0.76,5388,4.5059949000001325,1486,4.478027699999984,0.9984969003188676,0.9987836758016068,f_all,35,"[""url_length"", ""hostname_length"", ""path_length"", ""query_length"", ""fragment_length"", ""digit_count"", ""letter_count"", ""special_char_count"", ""digit_ratio"", ""letter_ratio"", ""special_char_ratio"", ""dot_count"", ""hyphen_count"", ""underscore_count"", ""slash_count"", ""question_mark_count"", ""equals_sign_count"", ""percent_sign_count"", ""at_sign_count"", ""subdomain_depth"", ""path_segment_count"", ""query_parameter_count"", ""has_port"", ""has_userinfo"", ""host_is_ip"", ""tld_length"", ""registrable_domain_length"", ""domain_digit_ratio"", ""domain_hyphen_ratio"", ""url_char_entropy"", ""longest_repeated_char_run"", ""char_type_transition_count"", ""token_count"", ""token_mean_length"", ""token_max_length""]",0.04255269999976,0.033396299999822,200.0,200.0,0.0001669814999991,raw_margin,0.998928338982753,0.0
0.9978194505015264,0.9949698189134808,,iscx_url2016_binary,,15,0,0.0,0.0075630999999702,1.0994475941227343e-06,0.996777170504687,xgb,20261010,5388,1491,6879,,0.9997939197285868,1.0,0.9899396378269618,r09,0.9999370138176248,S3-domain,s3,xgb_d6_lr005,"{""colsample_bytree"": 0.9, ""learning_rate"": 0.05, ""max_depth"": 6, ""n_estimators"": 250, ""reg_lambda"": 1.0, ""scale_pos_weight"": 1.0, ""subsample"": 0.9}",0.95,5388,,1476,3.998940700000276,0.9931203915041692,0.9973741120852272,f_mi,15,"[""url_length"", ""subdomain_depth"", ""token_count"", ""special_char_count"", ""path_length"", ""char_type_transition_count"", ""hostname_length"", ""dot_count"", ""hyphen_count"", ""token_mean_length"", ""special_char_ratio"", ""digit_ratio"", ""letter_ratio"", ""longest_repeated_char_run"", ""letter_count""]",,,,,,,0.998928338982753,-0.002151168478066068
0.9934583515045792,0.9849094567404426,,iscx_url2016_binary,,45,0,0.0,0.0058488999998189,8.50254397415172e-07,0.9902598312836832,xgb,20261010,5388,1491,6879,,0.999819322820268,1.0,0.9698189134808852,r09,0.999942117441098,S3-domain,s3,xgb_d4_lr005,"{""colsample_bytree"": 0.9, ""learning_rate"": 0.05, ""max_depth"": 4, ""n_estimators"": 300, ""reg_lambda"": 1.0, ""scale_pos_weight"": 1.0, ""subsample"": 0.9}",0.95,5388,,1446,3.888298300000315,0.9937638478484148,0.998059406015526,f_permutation,15,"[""url_length"", ""dot_count"", ""subdomain_depth"", ""hostname_length"", ""token_max_length"", ""hyphen_count"", ""path_length"", ""percent_sign_count"", ""token_mean_length"", ""special_char_ratio"", ""equals_sign_count"", ""question_mark_count"", ""underscore_count"", ""tld_length"", ""token_count""]",,,,,,,0.998928338982753,-0.008668507699069794
0.9992731501671754,0.9983232729711604,,iscx_url2016_binary,,5,0,0.0,0.0134398999999802,1.9537578136328382e-06,0.998928338982753,xgb,20261010,5388,1491,6879,20260911.0,0.999608945258547,1.0,0.9966465459423206,r09,0.9997978467190174,S3-domain,s3,xgb_d6_lr005,"{""colsample_bytree"": 0.9, ""learning_rate"": 0.05, ""max_depth"": 6, ""n_estimators"": 250, ""reg_lambda"": 1.0, ""scale_pos_weight"": 1.0, ""subsample"": 0.9}",0.56,5388,4.580670299999952,1486,4.317028599999958,0.9987125593328086,0.9992098875060936,f_single,15,"[""url_length"", ""subdomain_depth"", ""dot_count"", ""hostname_length"", ""hyphen_count"", ""token_max_length"", ""path_length"", ""longest_repeated_char_run"", ""token_mean_length"", ""digit_ratio"", ""registrable_domain_length"", ""tld_length"", ""token_count"", ""percent_sign_count"", ""slash_count""]",0.0476894999999331,0.0303158000000394,200.0,200.0,0.0001515790000001,raw_margin,0.998928338982753,0.0
0.9991277802006104,0.9979879275653925,,iscx_url2016_binary,,6,0,0.0,0.0054096000000072,7.863933711305758e-07,0.9987136939702372,xgb,20261010,5388,1491,6879,20260911.0,0.9996299131966871,1.0,0.9959758551307848,r09,0.9998359371771336,S3-domain,s3,xgb_d4_lr005,"{""colsample_bytree"": 0.9, ""learning_rate"": 0.05, ""max_depth"": 4, ""n_estimators"": 300, ""reg_lambda"": 1.0, ""scale_pos_weight"": 1.0, ""subsample"": 0.9}",0.57,5388,4.427845899999966,1485,4.164010599999983,0.9984969003188676,0.999166496909366,f_stable,13,"[""url_length"", ""subdomain_depth"", ""dot_count"", ""hostname_length"", ""hyphen_count"", ""token_max_length"", ""longest_repeated_char_run"", ""path_length"", ""token_mean_length"", ""tld_length"", ""digit_ratio"", ""registrable_domain_length"", ""slash_count""]",0.0484953999999788,0.0395344000000932,200.0,200.0,0.0001976720000004,raw_margin,0.998928338982753,-0.0002146450125157795
0.985731905589505,0.9847133898432802,master,phiusiil,PhiUSIIL,361,148,0.0073533065037014,0.019686399999955,5.518416774108603e-07,0.9854696115222256,lr,20261001,20127,15547,35674,20260902.0,0.9965415837561088,0.9903482457284466,0.9767800861902618,r00,0.9947835521789182,S3-domain,s3,lr_c1,"{""C"": 1.0, ""class_weight"": null}",0.92,19979,26.35499449999997,15186,26.2216327000001,0.9868251613366142,0.9928290724070032,f_all,35,"[""url_length"", ""hostname_length"", ""path_length"", ""query_length"", ""fragment_length"", ""digit_count"", ""letter_count"", ""special_char_count"", ""digit_ratio"", ""letter_ratio"", ""special_char_ratio"", ""dot_count"", ""hyphen_count"", ""underscore_count"", ""slash_count"", ""question_mark_count"", ""equals_sign_count"", ""percent_sign_count"", ""at_sign_count"", ""subdomain_depth"", ""path_segment_count"", ""query_parameter_count"", ""has_port"", ""has_userinfo"", ""host_is_ip"", ""tld_length"", ""registrable_domain_length"", ""domain_digit_ratio"", ""domain_hyphen_ratio"", ""url_char_entropy"", ""longest_repeated_char_run"", ""char_type_transition_count"", ""token_count"", ""token_mean_length"", ""token_max_length""]",0.0029477999999016,0.0085423000000446,200.0,200.0,4.2711500000223006e-05,raw_log_odds,0.9854696115222256,0.0
0.976677692437069,0.97426698731531,,phiusiil,,692,140,0.0069558304764743,0.0089345999999999,2.5045130907663574e-07,0.97618483272876,lr,20261001,20127,15547,35674,,0.9911517029237864,0.9906635545181728,0.9554898051070946,r00,0.9876579500706948,S3-domain,s3,lr_c1_balanced,"{""C"": 1.0, ""class_weight"": ""balanced""}",0.93,19987,,14855,17.682817800000002,0.9757604512656566,0.9844690051708666,f_mi,15,"[""longest_repeated_char_run"", ""subdomain_depth"", ""char_type_transition_count"", ""letter_ratio"", ""token_count"", ""special_char_count"", ""special_char_ratio"", ""url_char_entropy"", ""path_length"", ""path_segment_count"", ""token_mean_length"", ""url_length"", ""dot_count"", ""slash_count"", ""letter_count""]",,,,,,,0.9854696115222256,-0.009284778793465565
0.9761731232830632,0.9737759170222328,,phiusiil,,698,152,0.007552044517315,0.0061311999999986,1.7186746650217728e-07,0.9756708022347343,lr,20261001,20127,15547,35674,,0.9906332305963884,0.9898673421771882,0.9551038785617804,r00,0.9868389834667568,S3-domain,s3,lr_c1,"{""C"": 1.0, ""class_weight"": null}",0.94,19975,,14849,23.695587400000004,0.9796683584054532,0.986563764489906,f_permutation,15,"[""hostname_length"", ""path_length"", ""letter_count"", ""path_segment_count"", ""url_length"", ""token_mean_length"", ""query_length"", ""longest_repeated_char_run"", ""slash_count"", ""dot_count"", ""token_max_length"", ""question_mark_count"", ""hyphen_count"", ""query_parameter_count"", ""special_char_ratio""]",,,,,,,0.9854696115222256,-0.009798809287491217
0.9760890284240624,0.9736794353859042,,phiusiil,,701,152,0.007552044517315,0.0106083999999988,2.973706340752047e-07,0.9755843318037316,lr,20261001,20127,15547,35674,20260902.0,0.9901894895338474,0.9898653153753834,0.9549109152891232,r00,0.9854119497427266,S3-domain,s3,lr_c1,"{""C"": 1.0, ""class_weight"": null}",0.91,19975,19.690372,14846,18.5928381,0.9784575875821728,0.9818669155244462,f_single,15,"[""hostname_length"", ""letter_count"", ""path_length"", ""path_segment_count"", ""query_length"", ""url_length"", ""question_mark_count"", ""slash_count"", ""dot_count"", ""token_mean_length"", ""hyphen_count"", ""longest_repeated_char_run"", ""query_parameter_count"", ""token_max_length"", ""digit_ratio""]",0.0011694999999996,0.0057611999999984,200.0,200.0,2.880599999999233e-05,raw_log_odds,0.9854696115222256,-0.009885279718493956
0.9760609968043954,0.9736545931342024,,phiusiil,,701,153,0.0076017290207184,0.007975100000003,2.2355497000625133e-07,0.9755559096810322,lr,20261001,20127,15547,35674,20260902.0,0.9901149362189,0.9897993199546636,0.9549109152891232,r00,0.9853501357267056,S3-domain,s3,lr_c1,"{""C"": 1.0, ""class_weight"": null}",0.91,19974,19.5338884,14846,18.5191018,0.9782848753981666,0.9817479277380426,f_stable,13,"[""letter_count"", ""hostname_length"", ""path_segment_count"", ""query_length"", ""path_length"", ""url_length"", ""slash_count"", ""dot_count"", ""token_mean_length"", ""question_mark_count"", ""token_max_length"", ""hyphen_count"", ""longest_repeated_char_run""]",0.0015133000000062,0.0090561999999962,200.0,200.0,4.528099999998148e-05,raw_log_odds,0.9854696115222256,-0.009913701841193334
0.9915344508605708,0.9918316752556432,master,phiusiil,PhiUSIIL,91,211,0.0104834302181149,0.1487557000000379,4.169863205697088e-06,0.9914000311425488,rf,20261001,20127,15547,35674,20260902.0,0.9991864402033792,0.9865322014425224,0.9941467807294012,r00,0.9992723219200196,S3-domain,s3,rf_depth24_leaf2,"{""class_weight"": null, ""max_depth"": 24, ""max_features"": ""sqrt"", ""min_samples_leaf"": 2, ""n_estimators"": 200}",0.8,19916,77.33271780000018,15456,77.00703559999988,0.990427290796563,0.9987411671909618,f_all,35,"[""url_length"", ""hostname_length"", ""path_length"", ""query_length"", ""fragment_length"", ""digit_count"", ""letter_count"", ""special_char_count"", ""digit_ratio"", ""letter_ratio"", ""special_char_ratio"", ""dot_count"", ""hyphen_count"", ""underscore_count"", ""slash_count"", ""question_mark_count"", ""equals_sign_count"", ""percent_sign_count"", ""at_sign_count"", ""subdomain_depth"", ""path_segment_count"", ""query_parameter_count"", ""has_port"", ""has_userinfo"", ""host_is_ip"", ""tld_length"", ""registrable_domain_length"", ""domain_digit_ratio"", ""domain_hyphen_ratio"", ""url_char_entropy"", ""longest_repeated_char_run"", ""char_type_transition_count"", ""token_count"", ""token_mean_length"", ""token_max_length""]",0.092393599999923,37.63897399999996,200.0,200.0,0.1881948699999998,positive_class_probability,0.9914000311425488,0.0
0.9673431630879632,0.9639161220761576,,phiusiil,,976,189,0.0093903711432404,0.109120500000003,3.058824353871253e-06,0.9665868938684444,rf,20261001,20127,15547,35674,,0.9921731444054468,0.9871951219512196,0.9372226152955554,r00,0.992635839092503,S3-domain,s3,rf_depth16_leaf1,"{""class_weight"": null, ""max_depth"": 16, ""max_features"": ""sqrt"", ""min_samples_leaf"": 1, ""n_estimators"": 200}",0.95,19938,,14571,68.8947838,0.9718921584388448,0.9939139583219464,f_mi,15,"[""longest_repeated_char_run"", ""subdomain_depth"", ""char_type_transition_count"", ""letter_ratio"", ""token_count"", ""special_char_count"", ""special_char_ratio"", ""url_char_entropy"", ""path_length"", ""path_segment_count"", ""token_mean_length"", ""url_length"", ""dot_count"", ""slash_count"", ""letter_count""]",,,,,,,0.9914000311425488,-0.02481313727410439
0.9903851544542244,0.990688731942274,,phiusiil,,108,235,0.0116758582997962,0.1147340999999926,3.216182654033543e-06,0.990232972134044,rf,20261001,20127,15547,35674,,0.9992553116549998,0.9850070179915784,0.9930533221843444,r00,0.9993212538215994,S3-domain,s3,rf_depth24_leaf2,"{""class_weight"": null, ""max_depth"": 24, ""max_features"": ""sqrt"", ""min_samples_leaf"": 2, ""n_estimators"": 200}",0.75,19892,,15439,82.69032510000001,0.9914271002681376,0.9990846268601276,f_permutation,15,"[""longest_repeated_char_run"", ""hostname_length"", ""registrable_domain_length"", ""letter_ratio"", ""token_mean_length"", ""url_length"", ""letter_count"", ""special_char_ratio"", ""subdomain_depth"", ""token_max_length"", ""path_length"", ""path_segment_count"", ""digit_count"", ""domain_hyphen_ratio"", ""digit_ratio""]",,,,,,,0.9914000311425488,-0.0011670590085047783
0.9899366485395528,0.9903571205587172,,phiusiil,,99,260,0.012917970884881,0.0970581999999922,2.720698547961883e-06,0.9897798281290032,rf,20261001,20127,15547,35674,20260902.0,0.9991467664986888,0.9834479246243952,0.9936322120023156,r00,0.9992473949806392,S3-domain,s3,rf_depth24_leaf2,"{""class_weight"": null, ""max_depth"": 24, ""max_features"": ""sqrt"", ""min_samples_leaf"": 2, ""n_estimators"": 200}",0.71,19867,59.10128,15448,42.355803,0.9916575660951664,0.9989524277958524,f_single,15,"[""longest_repeated_char_run"", ""hostname_length"", ""subdomain_depth"", ""letter_ratio"", ""registrable_domain_length"", ""url_length"", ""path_length"", ""token_mean_length"", ""path_segment_count"", ""digit_count"", ""token_max_length"", ""special_char_ratio"", ""digit_ratio"", ""letter_count"", ""char_type_transition_count""]",0.0672424999999918,15.827329299999988,200.0,200.0,0.0791366464999999,positive_class_probability,0.9914000311425488,-0.0016202030135455958
0.9900768066378876,0.9904227854672965,,phiusiil,,107,247,0.0122720723406369,0.075654500000013,2.1207181700962343e-06,0.989920673956537,rf,20261001,20127,15547,35674,20260902.0,0.9991443262257196,0.9842544782303818,0.99311764327523,r00,0.999243569654173,S3-domain,s3,rf_depth24_leaf2,"{""class_weight"": null, ""max_depth"": 24, ""max_features"": ""sqrt"", ""min_samples_leaf"": 2, ""n_estimators"": 200}",0.73,19880,56.5622169,15440,40.995477600000015,0.990801035909499,0.9989406466212336,f_stable,14,"[""longest_repeated_char_run"", ""hostname_length"", ""subdomain_depth"", ""registrable_domain_length"", ""path_length"", ""letter_ratio"", ""url_length"", ""char_type_transition_count"", ""token_mean_length"", ""path_segment_count"", ""token_max_length"", ""special_char_ratio"", ""digit_count"", ""digit_ratio""]",0.0386370999999883,14.769995800000004,200.0,200.0,0.073849979,positive_class_probability,0.9914000311425488,-0.001479357186011776
0.9941133598699332,0.9935390172066476,master,phiusiil,PhiUSIIL,170,40,0.0019873801361355,0.0380918000000747,1.0677748500329297e-06,0.9940089256303164,xgb,20261001,20127,15547,35674,20260902.0,0.9993973701145334,0.997405461503535,0.9890654145494308,r00,0.999316909183896,S3-domain,s3,xgb_d6_lr01_balanced,"{""colsample_bytree"": 0.9, ""learning_rate"": 0.1, ""max_depth"": 6, ""n_estimators"": 200, ""reg_lambda"": 1.0, ""scale_pos_weight"": 1.3542591267000716, ""subsample"": 0.9}",0.89,20087,21.86901009999997,15377,21.717017399999804,0.9923242695982146,0.9993649654468358,f_all,35,"[""url_length"", ""hostname_length"", ""path_length"", ""query_length"", ""fragment_length"", ""digit_count"", ""letter_count"", ""special_char_count"", ""digit_ratio"", ""letter_ratio"", ""special_char_ratio"", ""dot_count"", ""hyphen_count"", ""underscore_count"", ""slash_count"", ""question_mark_count"", ""equals_sign_count"", ""percent_sign_count"", ""at_sign_count"", ""subdomain_depth"", ""path_segment_count"", ""query_parameter_count"", ""has_port"", ""has_userinfo"", ""host_is_ip"", ""tld_length"", ""registrable_domain_length"", ""domain_digit_ratio"", ""domain_hyphen_ratio"", ""url_char_entropy"", ""longest_repeated_char_run"", ""char_type_transition_count"", ""token_count"", ""token_mean_length"", ""token_max_length""]",0.096429100000023,0.0436792000000423,200.0,200.0,0.0002183960000002,raw_margin,0.9940089256303164,0.0
0.9773784829287436,0.9749319533702994,,phiusiil,,686,121,0.00601182491181,0.0254950000000064,7.14666143409948e-07,0.976897956205258,xgb,20261001,20127,15547,35674,,0.9951880868187618,0.9919236417033774,0.9558757316524088,r00,0.9947278995909902,S3-domain,s3,xgb_d4_lr005,"{""colsample_bytree"": 0.9, ""learning_rate"": 0.05, ""max_depth"": 4, ""n_estimators"": 300, ""reg_lambda"": 1.0, ""scale_pos_weight"": 1.0, ""subsample"": 0.9}",0.94,20006,,14861,21.116879299999997,0.9811604703986964,0.9950586097698152,f_mi,15,"[""longest_repeated_char_run"", ""subdomain_depth"", ""char_type_transition_count"", ""letter_ratio"", ""token_count"", ""special_char_count"", ""special_char_ratio"", ""url_char_entropy"", ""path_length"", ""path_segment_count"", ""token_mean_length"", ""url_length"", ""dot_count"", ""slash_count"", ""letter_count""]",,,,,,,0.9940089256303164,-0.01711096942505841
0.9939732017715984,0.9935245803542564,,phiusiil,,155,60,0.0029810702042033,0.0288381000000015,8.083786511185046e-07,0.9938678918177346,xgb,20261001,20127,15547,35674,,0.9994426207728876,0.9961170075071188,0.9900302309127162,r00,0.9994055803792185,S3-domain,s3,xgb_d6_lr01_balanced,"{""colsample_bytree"": 0.9, ""learning_rate"": 0.1, ""max_depth"": 6, ""n_estimators"": 200, ""reg_lambda"": 1.0, ""scale_pos_weight"": 1.3542591267000716, ""subsample"": 0.9}",0.86,20067,,15392,21.7704234,0.9930686691154302,0.9994355949708416,f_permutation,15,"[""hostname_length"", ""url_length"", ""longest_repeated_char_run"", ""path_length"", ""subdomain_depth"", ""registrable_domain_length"", ""letter_count"", ""digit_count"", ""token_mean_length"", ""dot_count"", ""letter_ratio"", ""token_max_length"", ""special_char_ratio"", ""char_type_transition_count"", ""slash_count""]",,,,,,,0.9940089256303164,-0.00014103381258179226
0.994477770925604,0.9941473799346748,,phiusiil,,131,66,0.0032791772246236,0.0272253999999918,7.631720580812876e-07,0.9943825333517584,xgb,20261001,20127,15547,35674,20260902.0,0.9994952862168144,0.9957369848856736,0.9915739370939732,r00,0.9994497026598024,S3-domain,s3,xgb_d6_lr01_balanced,"{""colsample_bytree"": 0.9, ""learning_rate"": 0.1, ""max_depth"": 6, ""n_estimators"": 200, ""reg_lambda"": 1.0, ""scale_pos_weight"": 1.3542591267000716, ""subsample"": 0.9}",0.82,20061,18.2647762,15416,17.50590200000002,0.9929274762862362,0.9994168342531964,f_single,15,"[""hostname_length"", ""longest_repeated_char_run"", ""url_length"", ""path_length"", ""registrable_domain_length"", ""subdomain_depth"", ""token_max_length"", ""token_mean_length"", ""char_type_transition_count"", ""digit_count"", ""dot_count"", ""letter_ratio"", ""special_char_ratio"", ""letter_count"", ""slash_count""]",0.0384360999999842,0.0212219999999945,200.0,200.0,0.0001061099999999,raw_margin,0.9940089256303164,0.00037360772144201526
0.9935246958569266,0.992783144521195,,phiusiil,,202,29,0.0014408505986982,0.0297213999999996,8.331389807702998e-07,0.9934076729841704,xgb,20261001,20127,15547,35674,20260902.0,0.9994685138592968,0.998113698451932,0.9870071396410884,r00,0.9994108869411212,S3-domain,s3,xgb_d6_lr01_balanced,"{""colsample_bytree"": 0.9, ""learning_rate"": 0.1, ""max_depth"": 6, ""n_estimators"": 200, ""reg_lambda"": 1.0, ""scale_pos_weight"": 1.3542591267000716, ""subsample"": 0.9}",0.92,20098,17.9651011,15345,17.1404905,0.9916642318551702,0.9993219457039552,f_stable,14,"[""hostname_length"", ""longest_repeated_char_run"", ""url_length"", ""path_length"", ""registrable_domain_length"", ""subdomain_depth"", ""token_max_length"", ""char_type_transition_count"", ""dot_count"", ""token_mean_length"", ""letter_ratio"", ""digit_count"", ""letter_count"", ""slash_count""]",0.0389480000000048,0.0214536000000009,200.0,200.0,0.000107268,raw_margin,0.9940089256303164,-0.0006012526461459666
0.9860122217861748,0.985942463721612,master,phiusiil,PhiUSIIL,227,272,0.0135141849257216,0.0175702000001365,4.92521163876676e-07,0.9857824612761404,lr,20261002,20127,15547,35674,20260903.0,0.9956755231209496,0.982555156490508,0.9853991123689456,r01,0.9935194271889036,S3-domain,s3,lr_c1,"{""C"": 1.0, ""class_weight"": null}",0.86,19855,25.282486999999943,15320,25.165808499999912,0.9874052279616876,0.9945907259164148,f_all,35,"[""url_length"", ""hostname_length"", ""path_length"", ""query_length"", ""fragment_length"", ""digit_count"", ""letter_count"", ""special_char_count"", ""digit_ratio"", ""letter_ratio"", ""special_char_ratio"", ""dot_count"", ""hyphen_count"", ""underscore_count"", ""slash_count"", ""question_mark_count"", ""equals_sign_count"", ""percent_sign_count"", ""at_sign_count"", ""subdomain_depth"", ""path_segment_count"", ""query_parameter_count"", ""has_port"", ""has_userinfo"", ""host_is_ip"", ""tld_length"", ""registrable_domain_length"", ""domain_digit_ratio"", ""domain_hyphen_ratio"", ""url_char_entropy"", ""longest_repeated_char_run"", ""char_type_transition_count"", ""token_count"", ""token_mean_length"", ""token_max_length""]",0.0027660000000651,0.0094606000000112,200.0,200.0,4.7303000000056e-05,raw_log_odds,0.9857824612761404,0.0
0.9762291865223972,0.973869511288083,,phiusiil,,692,156,0.0077507825309286,0.0128300000000081,3.596456803276367e-07,0.9757300417994688,lr,20261002,20127,15547,35674,,0.988353529175699,0.9896076210778764,0.9554898051070946,r01,0.9843080186873684,S3-domain,s3,lr_c1_balanced,"{""C"": 1.0, ""class_weight"": ""balanced""}",0.94,19971,,14855,19.68274740000001,0.9748159102313227,0.9870712169516724,f_mi,15,"[""longest_repeated_char_run"", ""subdomain_depth"", ""char_type_transition_count"", ""letter_ratio"", ""token_count"", ""special_char_count"", ""special_char_ratio"", ""path_length"", ""url_char_entropy"", ""token_mean_length"", ""path_segment_count"", ""url_length"", ""dot_count"", ""slash_count"", ""letter_count""]",,,,,,,0.9857824612761404,-0.010052419476671681
0.9791444749677636,0.9775435312324916,,phiusiil,,543,201,0.009986585184081,0.0122768999999607,3.441413914884996e-07,0.9787397614257244,lr,20261002,20127,15547,35674,,0.9880705290473036,0.9867806642551792,0.965073647649064,r01,0.9803664463978494,S3-domain,s3,lr_c1_balanced,"{""C"": 1.0, ""class_weight"": ""balanced""}",0.95,19926,,15004,19.87228239999996,0.977726099802508,0.9870665450489214,f_permutation,15,"[""hostname_length"", ""path_length"", ""letter_count"", ""path_segment_count"", ""url_length"", ""token_mean_length"", ""query_length"", ""longest_repeated_char_run"", ""slash_count"", ""dot_count"", ""token_max_length"", ""question_mark_count"", ""hyphen_count"", ""subdomain_depth"", ""query_parameter_count""]",,,,,,,0.9857824612761404,-0.0070426998504160565
0.978471716095756,0.9760471670614886,,phiusiil,,666,102,0.0050678193471456,0.006095700000003,1.7087234400412166e-07,0.978014593376778,lr,20261002,20127,15547,35674,20260903.0,0.988370655091662,0.9931922845892012,0.9571621534701228,r01,0.9815894770912624,S3-domain,s3,lr_c1,"{""C"": 1.0, ""class_weight"": null}",0.94,20025,17.398113999999993,14881,16.73688759999999,0.9754548838105136,0.9851280041916493,f_single,15,"[""hostname_length"", ""letter_count"", ""query_length"", ""path_segment_count"", ""path_length"", ""url_length"", ""question_mark_count"", ""slash_count"", ""dot_count"", ""token_mean_length"", ""query_parameter_count"", ""token_max_length"", ""longest_repeated_char_run"", ""hyphen_count"", ""digit_ratio""]",0.0007128999999963,0.004719399999999,200.0,200.0,2.3596999999995204e-05,raw_log_odds,0.9857824612761404,-0.007767867899362457
0.978443684476089,0.9760369613972693,,phiusiil,,664,105,0.0052168728573557,0.0062111999999956,1.741099960754511e-07,0.9779868747693308,lr,20261002,20127,15547,35674,20260903.0,0.9884646275578886,0.9929943955164132,0.9572907956518942,r01,0.9818298398978794,S3-domain,s3,lr_c1,"{""C"": 1.0, ""class_weight"": null}",0.94,20022,17.08035670000001,14883,16.438353600000028,0.9755418277762546,0.9851632032400788,f_stable,14,"[""letter_count"", ""hostname_length"", ""path_length"", ""path_segment_count"", ""query_length"", ""url_length"", ""slash_count"", ""dot_count"", ""question_mark_count"", ""token_mean_length"", ""token_max_length"", ""longest_repeated_char_run"", ""hyphen_count"", ""query_parameter_count""]",0.0007368999999926,0.0046539999999879,200.0,200.0,2.3269999999939728e-05,raw_log_odds,0.9857824612761404,-0.007795586506809671
0.9896283007232158,0.9892276154222832,master,phiusiil,PhiUSIIL,216,154,0.0076514135241218,0.2511146000001645,7.039148960031521e-06,0.989449663078028,rf,20261002,20127,15547,35674,20260903.0,0.998652168987044,0.990054891830804,0.9861066443686884,r01,0.9989351674882124,S3-domain,s3,rf_depth24_leaf2,"{""class_weight"": null, ""max_depth"": 24, ""max_features"": ""sqrt"", ""min_samples_leaf"": 2, ""n_estimators"": 200}",0.86,19973,74.73104680000006,15331,74.33682320000003,0.9907355461121324,0.9990767303976836,f_all,35,"[""url_length"", ""hostname_length"", ""path_length"", ""query_length"", ""fragment_length"", ""digit_count"", ""letter_count"", ""special_char_count"", ""digit_ratio"", ""letter_ratio"", ""special_char_ratio"", ""dot_count"", ""hyphen_count"", ""underscore_count"", ""slash_count"", ""question_mark_count"", ""equals_sign_count"", ""percent_sign_count"", ""at_sign_count"", ""subdomain_depth"", ""path_segment_count"", ""query_parameter_count"", ""has_port"", ""has_userinfo"", ""host_is_ip"", ""tld_length"", ""registrable_domain_length"", ""domain_digit_ratio"", ""domain_hyphen_ratio"", ""url_char_entropy"", ""longest_repeated_char_run"", ""char_type_transition_count"", ""token_count"", ""token_mean_length"", ""token_max_length""]",0.1090102999999089,43.500153700000055,200.0,200.0,0.2175007685000002,positive_class_probability,0.989449663078028,0.0
0.9701463250546616,0.969488667205095,,phiusiil,,554,511,0.0253887812391315,0.106654399999968,2.989695576609521e-06,0.9696364106505652,rf,20261002,20127,15547,35674,,0.9927269889305228,0.9670407636738906,0.9643661156493214,r01,0.9929280707054808,S3-domain,s3,rf_depth16_leaf1,"{""class_weight"": null, ""max_depth"": 16, ""max_features"": ""sqrt"", ""min_samples_leaf"": 1, ""n_estimators"": 200}",0.93,19616,,14993,52.83893900000004,0.9629539097946886,0.99137827669268,f_mi,15,"[""longest_repeated_char_run"", ""subdomain_depth"", ""char_type_transition_count"", ""letter_ratio"", ""token_count"", ""special_char_count"", ""special_char_ratio"", ""path_length"", ""url_char_entropy"", ""token_mean_length"", ""path_segment_count"", ""url_length"", ""dot_count"", ""slash_count"", ""letter_count""]",,,,,,,0.989449663078028,-0.01981325242746279
0.9920950832539104,0.9916845104404552,,phiusiil,,179,103,0.005117503850549,0.1795591000000058,5.033332398946175e-06,0.991958095662426,rf,20261002,20127,15547,35674,,0.9994785234413344,0.9933423825221382,0.9884865247314596,r01,0.9995102160009096,S3-domain,s3,rf_depth24_leaf2,"{""class_weight"": null, ""max_depth"": 24, ""max_features"": ""sqrt"", ""min_samples_leaf"": 2, ""n_estimators"": 200}",0.88,20024,,15368,88.31060180000003,0.99350010235347,0.9994140916269928,f_permutation,15,"[""longest_repeated_char_run"", ""hostname_length"", ""letter_ratio"", ""registrable_domain_length"", ""token_mean_length"", ""subdomain_depth"", ""special_char_ratio"", ""url_length"", ""letter_count"", ""token_max_length"", ""domain_digit_ratio"", ""dot_count"", ""domain_hyphen_ratio"", ""query_parameter_count"", ""question_mark_count""]",,,,,,,0.989449663078028,0.002508432584398035
0.9900768066378876,0.9895738633933224,,phiusiil,,223,131,0.0065086699458438,0.0769427000000178,2.156828502551376e-06,0.989903638922968,rf,20261002,20127,15547,35674,20260903.0,0.9991258451856094,0.9915237787123908,0.9856563967324886,r01,0.999223684028494,S3-domain,s3,rf_depth24_leaf2,"{""class_weight"": null, ""max_depth"": 24, ""max_features"": ""sqrt"", ""min_samples_leaf"": 2, ""n_estimators"": 200}",0.84,19996,58.880741,15324,42.13001300000002,0.9914475030966712,0.9991887617948128,f_single,15,"[""longest_repeated_char_run"", ""hostname_length"", ""subdomain_depth"", ""letter_ratio"", ""url_length"", ""registrable_domain_length"", ""path_length"", ""token_mean_length"", ""path_segment_count"", ""token_max_length"", ""digit_count"", ""letter_count"", ""digit_ratio"", ""char_type_transition_count"", ""special_char_ratio""]",0.0314412000000174,15.9807543,200.0,200.0,0.0799037715,positive_class_probability,0.989449663078028,0.0004539758449400022
0.9900487750182204,0.9895490211416208,,phiusiil,,223,132,0.0065583544492472,0.0788225000000011,2.2095223412009063e-06,0.98987519375701,rf,20261002,20127,15547,35674,20260903.0,0.9990511885844544,0.9914596273291926,0.9856563967324886,r01,0.9991643515212458,S3-domain,s3,rf_depth24_leaf2,"{""class_weight"": null, ""max_depth"": 24, ""max_features"": ""sqrt"", ""min_samples_leaf"": 2, ""n_estimators"": 200}",0.85,19995,54.880392700000016,15324,39.44624700000003,0.9910777495773904,0.9992819825520346,f_stable,14,"[""longest_repeated_char_run"", ""hostname_length"", ""subdomain_depth"", ""registrable_domain_length"", ""letter_ratio"", ""path_length"", ""url_length"", ""char_type_transition_count"", ""path_segment_count"", ""token_mean_length"", ""token_max_length"", ""special_char_ratio"", ""digit_count"", ""digit_ratio""]",0.0359225000000265,14.570600199999944,200.0,200.0,0.0728530009999997,positive_class_probability,0.989449663078028,0.00042553067898210006
0.992851936984919,0.9924064792925892,master,phiusiil,PhiUSIIL,172,83,0.0041238137824812,0.0490176000000701,1.3740427201903392e-06,0.9927273604650476,xgb,20261002,20127,15547,35674,20260903.0,0.9994910521760968,0.9946306119808512,0.9889367723676592,r01,0.999485456839006,S3-domain,s3,xgb_d6_lr01_balanced,"{""colsample_bytree"": 0.9, ""learning_rate"": 0.1, ""max_depth"": 6, ""n_estimators"": 200, ""reg_lambda"": 1.0, ""scale_pos_weight"": 1.3542785150825352, ""subsample"": 0.9}",0.8,20044,36.03872239999987,15375,35.76806629999987,0.9945548701209116,0.9994273180329348,f_all,35,"[""url_length"", ""hostname_length"", ""path_length"", ""query_length"", ""fragment_length"", ""digit_count"", ""letter_count"", ""special_char_count"", ""digit_ratio"", ""letter_ratio"", ""special_char_ratio"", ""dot_count"", ""hyphen_count"", ""underscore_count"", ""slash_count"", ""question_mark_count"", ""equals_sign_count"", ""percent_sign_count"", ""at_sign_count"", ""subdomain_depth"", ""path_segment_count"", ""query_parameter_count"", ""has_port"", ""has_userinfo"", ""host_is_ip"", ""tld_length"", ""registrable_domain_length"", ""domain_digit_ratio"", ""domain_hyphen_ratio"", ""url_char_entropy"", ""longest_repeated_char_run"", ""char_type_transition_count"", ""token_count"", ""token_mean_length"", ""token_max_length""]",0.0523489999995945,0.0273618999999598,200.0,200.0,0.0001368094999997,raw_margin,0.9927273604650476,0.0
0.982003700173796,0.9804140824181576,,phiusiil,,497,145,0.0072042529934913,0.0402581000000168,1.128499747715895e-06,0.9816530233798112,xgb,20261002,20127,15547,35674,,0.9957512252348112,0.9904573872984536,0.9680324178298064,r01,0.9949046923106646,S3-domain,s3,xgb_d6_lr005,"{""colsample_bytree"": 0.9, ""learning_rate"": 0.05, ""max_depth"": 6, ""n_estimators"": 250, ""reg_lambda"": 1.0, ""scale_pos_weight"": 1.0, ""subsample"": 0.9}",0.95,19982,,15050,35.06532629999998,0.9758342597467702,0.9942313505023906,f_mi,15,"[""longest_repeated_char_run"", ""subdomain_depth"", ""char_type_transition_count"", ""letter_ratio"", ""token_count"", ""special_char_count"", ""special_char_ratio"", ""path_length"", ""url_char_entropy"", ""token_mean_length"", ""path_segment_count"", ""url_length"", ""dot_count"", ""slash_count"", ""letter_count""]",,,,,,,0.9927273604650476,-0.011074337085236419
0.9933845377585916,0.992819935724992,,phiusiil,,180,56,0.0027823321905897,0.036579300000028,1.0253770252853075e-06,0.9932674776798068,xgb,20261002,20127,15547,35674,,0.9995481802510388,0.9963690591973028,0.9884222036405738,r01,0.9995569731868168,S3-domain,s3,xgb_d6_lr01_balanced,"{""colsample_bytree"": 0.9, ""learning_rate"": 0.1, ""max_depth"": 6, ""n_estimators"": 200, ""reg_lambda"": 1.0, ""scale_pos_weight"": 1.3542785150825352, ""subsample"": 0.9}",0.85,20071,,15367,28.32995599999998,0.9946685891874696,0.999472877073649,f_permutation,15,"[""hostname_length"", ""url_length"", ""longest_repeated_char_run"", ""path_length"", ""token_max_length"", ""registrable_domain_length"", ""letter_count"", ""dot_count"", ""char_type_transition_count"", ""digit_count"", ""letter_ratio"", ""subdomain_depth"", ""digit_ratio"", ""special_char_ratio"", ""domain_hyphen_ratio""]",,,,,,,0.9927273604650476,0.000540117214759217
0.9937489488142623,0.9934136618655368,,phiusiil,,143,80,0.003974760272271,0.0290989999999737,8.15692100688843e-07,0.9936412362308108,xgb,20261002,20127,15547,35674,20260903.0,0.999520089265917,0.99483337638853,0.9908020840033448,r01,0.999499227375133,S3-domain,s3,xgb_d6_lr01_balanced,"{""colsample_bytree"": 0.9, ""learning_rate"": 0.1, ""max_depth"": 6, ""n_estimators"": 200, ""reg_lambda"": 1.0, ""scale_pos_weight"": 1.3542785150825352, ""subsample"": 0.9}",0.78,20047,18.077548199999967,15404,17.3457851,0.9936431593323248,0.999405313434888,f_single,15,"[""hostname_length"", ""longest_repeated_char_run"", ""url_length"", ""path_length"", ""token_max_length"", ""subdomain_depth"", ""registrable_domain_length"", ""char_type_transition_count"", ""dot_count"", ""digit_count"", ""slash_count"", ""token_mean_length"", ""letter_ratio"", ""special_char_ratio"", ""letter_count""]",0.040879000000018,0.0221242000000074,200.0,200.0,0.000110621,raw_margin,0.9927273604650476,0.0009138757657631835
0.9929640634635868,0.9923594824245728,,phiusiil,,192,59,0.0029313857007999,0.0276546000000053,7.752032292427343e-07,0.992839077794564,xgb,20261002,20127,15547,35674,20260903.0,0.9995017202296776,0.9961723108862074,0.9876503505499452,r01,0.9994804283083504,S3-domain,s3,xgb_d6_lr01_balanced,"{""colsample_bytree"": 0.9, ""learning_rate"": 0.1, ""max_depth"": 6, ""n_estimators"": 200, ""reg_lambda"": 1.0, ""scale_pos_weight"": 1.3542785150825352, ""subsample"": 0.9}",0.84,20068,17.48433670000003,15355,16.818839699999955,0.9936688982091436,0.9992125926530668,f_stable,15,"[""hostname_length"", ""longest_repeated_char_run"", ""url_length"", ""path_length"", ""registrable_domain_length"", ""subdomain_depth"", ""token_max_length"", ""char_type_transition_count"", ""dot_count"", ""letter_ratio"", ""digit_count"", ""token_mean_length"", ""slash_count"", ""letter_count"", ""special_char_ratio""]",0.0368846000000075,0.0213339999999675,200.0,200.0,0.0001066699999998,raw_margin,0.9927273604650476,0.00011171732951642532
0.9855076526321692,0.9855758044221344,master,phiusiil,PhiUSIIL,216,301,0.0149550355244199,0.0525107999999363,1.4719627740072982e-06,0.985273852407013,lr,20261003,20127,15547,35674,20260904.0,0.9954218390476556,0.9807446264073696,0.9861066443686884,r02,0.9932000699526616,S3-domain,s3,lr_c1,"{""C"": 1.0, ""class_weight"": null}",0.84,19826,43.147688400000106,15331,42.84548229999996,0.9883460708519024,0.995111010670459,f_all,35,"[""url_length"", ""hostname_length"", ""path_length"", ""query_length"", ""fragment_length"", ""digit_count"", ""letter_count"", ""special_char_count"", ""digit_ratio"", ""letter_ratio"", ""special_char_ratio"", ""dot_count"", ""hyphen_count"", ""underscore_count"", ""slash_count"", ""question_mark_count"", ""equals_sign_count"", ""percent_sign_count"", ""at_sign_count"", ""subdomain_depth"", ""path_segment_count"", ""query_parameter_count"", ""has_port"", ""has_userinfo"", ""host_is_ip"", ""tld_length"", ""registrable_domain_length"", ""domain_digit_ratio"", ""domain_hyphen_ratio"", ""url_char_entropy"", ""longest_repeated_char_run"", ""char_type_transition_count"", ""token_count"", ""token_mean_length"", ""token_max_length""]",0.0040206999999554,0.0092928999999912,200.0,200.0,4.6464499999956e-05,raw_log_odds,0.985273852407013,0.0
0.9758928070863936,0.9737397250237092,,phiusiil,,669,191,0.0094897401500472,0.0153053999999883,4.290351516507363e-07,0.9753982458095504,lr,20261003,20127,15547,35674,,0.9883413157663448,0.9873249717964032,0.9569691901974656,r02,0.984438431320988,S3-domain,s3,lr_c1_balanced,"{""C"": 1.0, ""class_weight"": ""balanced""}",0.93,19936,,14878,26.59440929999994,0.975721234865623,0.9871826348816104,f_mi,15,"[""longest_repeated_char_run"", ""subdomain_depth"", ""char_type_transition_count"", ""letter_ratio"", ""special_char_count"", ""token_count"", ""special_char_ratio"", ""path_length"", ""token_mean_length"", ""path_segment_count"", ""url_char_entropy"", ""dot_count"", ""slash_count"", ""url_length"", ""letter_count""]",,,,,,,0.985273852407013,-0.009875606597462672
0.9769580086337388,0.976806035773309,,phiusiil,,379,443,0.0220102350077011,0.0083638999999493,2.3445366373127082e-07,0.9765827417015468,lr,20261003,20127,15547,35674,,0.9900221621362342,0.9716225738261484,0.9756223065543193,r02,0.9841696374225508,S3-domain,s3,lr_c1_balanced,"{""C"": 1.0, ""class_weight"": ""balanced""}",0.83,19684,,15168,27.565116999999987,0.9804231111409498,0.9890698406790516,f_permutation,15,"[""hostname_length"", ""path_segment_count"", ""letter_count"", ""path_length"", ""token_mean_length"", ""url_length"", ""slash_count"", ""longest_repeated_char_run"", ""query_length"", ""dot_count"", ""token_max_length"", ""subdomain_depth"", ""hyphen_count"", ""question_mark_count"", ""special_char_ratio""]",,,,,,,0.985273852407013,-0.008691110705466243
0.9773504513090766,0.9747168354813276,,phiusiil,,712,96,0.0047697123267252,0.0052254999999945,1.464792285696741e-07,0.9768595358197218,lr,20261003,20127,15547,35674,20260904.0,0.9885643991685222,0.9935704239501708,0.9542033832893806,r02,0.9819167182710238,S3-domain,s3,lr_c1,"{""C"": 1.0, ""class_weight"": null}",0.95,20031,15.542709399999978,14835,14.977907000000016,0.9766751700589292,0.9858263505226408,f_single,15,"[""letter_count"", ""hostname_length"", ""path_segment_count"", ""path_length"", ""url_length"", ""query_length"", ""slash_count"", ""dot_count"", ""token_mean_length"", ""question_mark_count"", ""token_max_length"", ""longest_repeated_char_run"", ""hyphen_count"", ""query_parameter_count"", ""digit_ratio""]",0.000694199999998,0.0043662999999583,200.0,200.0,2.1831499999791504e-05,raw_log_odds,0.985273852407013,-0.008414316587291193
0.9772383248304088,0.974815060405532,,phiusiil,,685,127,0.0063099319322303,0.0056299999999964,1.5781801872502304e-07,0.9767561634784532,lr,20261003,20127,15547,35674,20260904.0,0.98842654084999,0.9915271198879178,0.9559400527432944,r02,0.9817158039438564,S3-domain,s3,lr_c1,"{""C"": 1.0, ""class_weight"": null}",0.94,20000,15.64441340000002,14862,15.061005299999977,0.9763957800900168,0.9856591147276094,f_stable,14,"[""letter_count"", ""hostname_length"", ""path_segment_count"", ""path_length"", ""query_length"", ""url_length"", ""slash_count"", ""dot_count"", ""token_mean_length"", ""question_mark_count"", ""token_max_length"", ""hyphen_count"", ""longest_repeated_char_run"", ""query_parameter_count""]",0.0006971999999905,0.0044484000000011,200.0,200.0,2.224200000000565e-05,raw_log_odds,0.985273852407013,-0.008517688928559863
0.989516174244548,0.9895014793962756,master,phiusiil,PhiUSIIL,165,209,0.0103840612113081,0.2767874999999549,7.758801928574168e-06,0.9893438917709771,rf,20261003,20127,15547,35674,20260904.0,0.9987747992900412,0.9865948303508434,0.9893870200038593,r02,0.9989814389183772,S3-domain,s3,rf_depth24_leaf2,"{""class_weight"": null, ""max_depth"": 24, ""max_features"": ""sqrt"", ""min_samples_leaf"": 2, ""n_estimators"": 200}",0.81,19918,113.4061984,15382,112.8726322,0.9916264100822272,0.9994394298845926,f_all,35,"[""url_length"", ""hostname_length"", ""path_length"", ""query_length"", ""fragment_length"", ""digit_count"", ""letter_count"", ""special_char_count"", ""digit_ratio"", ""letter_ratio"", ""special_char_ratio"", ""dot_count"", ""hyphen_count"", ""underscore_count"", ""slash_count"", ""question_mark_count"", ""equals_sign_count"", ""percent_sign_count"", ""at_sign_count"", ""subdomain_depth"", ""path_segment_count"", ""query_parameter_count"", ""has_port"", ""has_userinfo"", ""host_is_ip"", ""tld_length"", ""registrable_domain_length"", ""domain_digit_ratio"", ""domain_hyphen_ratio"", ""url_char_entropy"", ""longest_repeated_char_run"", ""char_type_transition_count"", ""token_count"", ""token_mean_length"", ""token_max_length""]",0.0409008999999969,34.81617580000011,200.0,200.0,0.1740808790000005,positive_class_probability,0.9893438917709771,0.0
0.9740427201883723,0.9718074046617512,,phiusiil,,709,217,0.0107815372385353,0.081601800000044,2.287430621742558e-06,0.973507191332598,rf,20261003,20127,15547,35674,,0.9936514462284314,0.9855861839920292,0.9543963465620376,r02,0.9937132181637788,S3-domain,s3,rf_depth16_leaf1,"{""class_weight"": null, ""max_depth"": 16, ""max_features"": ""sqrt"", ""min_samples_leaf"": 1, ""n_estimators"": 200}",0.95,19910,,14838,50.14089390000004,0.9669439739090222,0.9925401420156126,f_mi,15,"[""longest_repeated_char_run"", ""subdomain_depth"", ""char_type_transition_count"", ""letter_ratio"", ""special_char_count"", ""token_count"", ""special_char_ratio"", ""path_length"", ""token_mean_length"", ""path_segment_count"", ""url_char_entropy"", ""dot_count"", ""slash_count"", ""url_length"", ""letter_count""]",,,,,,,0.9893438917709771,-0.015836700438379148
0.9897404272018836,0.9895684881225484,,phiusiil,,183,183,0.00909226412282,0.0888708999999607,2.491195268261501e-06,0.9895684881225484,rf,20261003,20127,15547,35674,,0.9988918965679326,0.9882292403679166,0.9882292403679166,r02,0.9990553488915208,S3-domain,s3,rf_depth24_leaf2,"{""class_weight"": null, ""max_depth"": 24, ""max_features"": ""sqrt"", ""min_samples_leaf"": 2, ""n_estimators"": 200}",0.82,19944,,15364,43.22501,0.9921021484447206,0.9994995837025356,f_permutation,15,"[""longest_repeated_char_run"", ""hostname_length"", ""registrable_domain_length"", ""letter_ratio"", ""url_length"", ""subdomain_depth"", ""letter_count"", ""token_mean_length"", ""special_char_ratio"", ""token_max_length"", ""char_type_transition_count"", ""path_segment_count"", ""path_length"", ""digit_ratio"", ""dot_count""]",,,,,,,0.9893438917709771,0.00022459635157123792
0.9888434153725404,0.9884003030872952,,phiusiil,,234,164,0.0081482585581557,0.1268983999999591,3.557167685147702e-06,0.988650584852688,rf,20261003,20127,15547,35674,20260904.0,0.9986840736153082,0.989403631194676,0.984948864732746,r02,0.9989053877850564,S3-domain,s3,rf_depth24_leaf2,"{""class_weight"": null, ""max_depth"": 24, ""max_features"": ""sqrt"", ""min_samples_leaf"": 2, ""n_estimators"": 200}",0.85,19963,77.63493219999998,15313,59.520081300000015,0.9920176148344924,0.999389042313668,f_single,15,"[""longest_repeated_char_run"", ""hostname_length"", ""subdomain_depth"", ""letter_ratio"", ""registrable_domain_length"", ""url_length"", ""token_mean_length"", ""path_segment_count"", ""char_type_transition_count"", ""path_length"", ""digit_ratio"", ""digit_count"", ""special_char_ratio"", ""letter_count"", ""token_max_length""]",0.0585225000000377,16.580437500000016,200.0,200.0,0.0829021875,positive_class_probability,0.9893438917709771,-0.0006933069182891716
0.9896563323428827,0.9897061918859368,,phiusiil,,154,215,0.0106821682317285,0.1639981999999236,4.597135168467893e-06,0.9894876455574648,rf,20261003,20127,15547,35674,20260904.0,0.9987750702619562,0.9862250128139416,0.990094552003602,r02,0.998942813347503,S3-domain,s3,rf_depth24_leaf2,"{""class_weight"": null, ""max_depth"": 24, ""max_features"": ""sqrt"", ""min_samples_leaf"": 2, ""n_estimators"": 200}",0.79,19912,88.63203109999995,15393,70.37212349999999,0.9921076989448716,0.9993757511417602,f_stable,14,"[""longest_repeated_char_run"", ""hostname_length"", ""subdomain_depth"", ""registrable_domain_length"", ""letter_ratio"", ""path_length"", ""url_length"", ""token_mean_length"", ""char_type_transition_count"", ""path_segment_count"", ""token_max_length"", ""special_char_ratio"", ""digit_count"", ""digit_ratio""]",0.061705599999982,16.834301500000038,200.0,200.0,0.0841715075000001,positive_class_probability,0.9893438917709771,0.000143753786487677
0.9925716207882492,0.9918140969697378,master,phiusiil,PhiUSIIL,219,46,0.0022854871565558,0.0396306000000095,1.1109099063746568e-06,0.9924373737697192,xgb,20261003,20127,15547,35674,20260904.0,0.9995166076981415,0.997007935475478,0.9859136810960314,r02,0.9995049941266858,S3-domain,s3,xgb_d6_lr01_balanced,"{""colsample_bytree"": 0.9, ""learning_rate"": 0.1, ""max_depth"": 6, ""n_estimators"": 200, ""reg_lambda"": 1.0, ""scale_pos_weight"": 1.3542591267000716, ""subsample"": 0.9}",0.91,20081,37.245946600000025,15328,36.95133779999992,0.994921774720853,0.999471219721706,f_all,35,"[""url_length"", ""hostname_length"", ""path_length"", ""query_length"", ""fragment_length"", ""digit_count"", ""letter_count"", ""special_char_count"", ""digit_ratio"", ""letter_ratio"", ""special_char_ratio"", ""dot_count"", ""hyphen_count"", ""underscore_count"", ""slash_count"", ""question_mark_count"", ""equals_sign_count"", ""percent_sign_count"", ""at_sign_count"", ""subdomain_depth"", ""path_segment_count"", ""query_parameter_count"", ""has_port"", ""has_userinfo"", ""host_is_ip"", ""tld_length"", ""registrable_domain_length"", ""domain_digit_ratio"", ""domain_hyphen_ratio"", ""url_char_entropy"", ""longest_repeated_char_run"", ""char_type_transition_count"", ""token_count"", ""token_mean_length"", ""token_max_length""]",0.053036300000258,0.0300611999996363,200.0,200.0,0.0001503059999981,raw_margin,0.9924373737697192,0.0
0.9817794472164602,0.980259254166991,,phiusiil,,491,159,0.0078998360411387,0.0393950000000131,1.104305656781218e-06,0.981427329849164,xgb,20261003,20127,15547,35674,,0.9958717311017472,0.9895497863950048,0.9684183443751206,r02,0.9952424587307914,S3-domain,s3,xgb_d6_lr005,"{""colsample_bytree"": 0.9, ""learning_rate"": 0.05, ""max_depth"": 6, ""n_estimators"": 250, ""reg_lambda"": 1.0, ""scale_pos_weight"": 1.0, ""subsample"": 0.9}",0.94,19968,,15056,28.719298900000013,0.977590540929458,0.9945477832793984,f_mi,15,"[""longest_repeated_char_run"", ""subdomain_depth"", ""char_type_transition_count"", ""letter_ratio"", ""special_char_count"", ""token_count"", ""special_char_ratio"", ""path_length"", ""token_mean_length"", ""path_segment_count"", ""url_char_entropy"", ""dot_count"", ""slash_count"", ""url_length"", ""letter_count""]",,,,,,,0.9924373737697192,-0.011010043920555157
0.992823905365252,0.9925719126781576,,phiusiil,,146,110,0.0054652953743727,0.0413939000000027,1.1603380613332611e-06,0.9927017116119992,xgb,20261003,20127,15547,35674,,0.9995469008244962,0.992908258655148,0.9906091207306876,r02,0.9995426657627648,S3-domain,s3,xgb_d6_lr01_balanced,"{""colsample_bytree"": 0.9, ""learning_rate"": 0.1, ""max_depth"": 6, ""n_estimators"": 200, ""reg_lambda"": 1.0, ""scale_pos_weight"": 1.3542591267000716, ""subsample"": 0.9}",0.83,20017,,15401,32.234047499999974,0.9960655339939672,0.9996771242303916,f_permutation,15,"[""hostname_length"", ""url_length"", ""longest_repeated_char_run"", ""path_length"", ""token_max_length"", ""slash_count"", ""char_type_transition_count"", ""registrable_domain_length"", ""digit_count"", ""dot_count"", ""path_segment_count"", ""domain_digit_ratio"", ""special_char_count"", ""subdomain_depth"", ""hyphen_count""]",,,,,,,0.9924373737697192,0.00026433784227997137
0.991282166283568,0.991103132722188,,phiusiil,,160,151,0.0075023600139116,0.0318387999999458,8.924931322516644e-07,0.9911354806119524,xgb,20261003,20127,15547,35674,20260904.0,0.9994923382261413,0.990281889561076,0.9897086254582876,r02,0.9994861503192428,S3-domain,s3,xgb_d6_lr01_balanced,"{""colsample_bytree"": 0.9, ""learning_rate"": 0.1, ""max_depth"": 6, ""n_estimators"": 200, ""reg_lambda"": 1.0, ""scale_pos_weight"": 1.3542591267000716, ""subsample"": 0.9}",0.79,19976,30.92328789999999,15387,29.59304479999992,0.9946694957358506,0.9995698121584784,f_single,15,"[""hostname_length"", ""longest_repeated_char_run"", ""url_length"", ""path_length"", ""subdomain_depth"", ""token_max_length"", ""registrable_domain_length"", ""digit_count"", ""char_type_transition_count"", ""token_mean_length"", ""dot_count"", ""letter_ratio"", ""letter_count"", ""special_char_ratio"", ""slash_count""]",0.0647169999999732,0.0279147999999622,200.0,200.0,0.0001395739999998,raw_margin,0.9924373737697192,-0.0013018931577667425
0.9918147670572406,0.9916044086794848,,phiusiil,,156,136,0.0067570924628608,0.0341825000000426,9.58190839267888e-07,0.9916763706615732,xgb,20261003,20127,15547,35674,20260904.0,0.9995189620885476,0.991241063953114,0.9899659098218304,r02,0.9995204791888356,S3-domain,s3,xgb_d6_lr01_balanced,"{""colsample_bytree"": 0.9, ""learning_rate"": 0.1, ""max_depth"": 6, ""n_estimators"": 200, ""reg_lambda"": 1.0, ""scale_pos_weight"": 1.3542591267000716, ""subsample"": 0.9}",0.8,19991,28.28348200000005,15391,26.86367030000008,0.995439040139004,0.999603604140146,f_stable,14,"[""hostname_length"", ""longest_repeated_char_run"", ""url_length"", ""path_length"", ""registrable_domain_length"", ""subdomain_depth"", ""token_max_length"", ""char_type_transition_count"", ""dot_count"", ""letter_ratio"", ""token_mean_length"", ""digit_count"", ""letter_count"", ""special_char_ratio""]",0.0631722000000536,0.0341588999999658,200.0,200.0,0.0001707944999998,raw_margin,0.9924373737697192,-0.0007610031081459745
0.985703873969838,0.984432407310638,master,phiusiil,PhiUSIIL,396,114,0.0056640333879862,0.0545113999999102,1.5280428323123362e-06,0.9854332990760368,lr,20261004,20127,15547,35674,20260905.0,0.9966681733677824,0.9925319358008516,0.9745288480092622,r03,0.9949858774347696,S3-domain,s3,lr_c1,"{""C"": 1.0, ""class_weight"": null}",0.95,20013,46.45138910000014,15151,46.145258999999896,0.9875377045096444,0.993073469575732,f_all,35,"[""url_length"", ""hostname_length"", ""path_length"", ""query_length"", ""fragment_length"", ""digit_count"", ""letter_count"", ""special_char_count"", ""digit_ratio"", ""letter_ratio"", ""special_char_ratio"", ""dot_count"", ""hyphen_count"", ""underscore_count"", ""slash_count"", ""question_mark_count"", ""equals_sign_count"", ""percent_sign_count"", ""at_sign_count"", ""subdomain_depth"", ""path_segment_count"", ""query_parameter_count"", ""has_port"", ""has_userinfo"", ""host_is_ip"", ""tld_length"", ""registrable_domain_length"", ""domain_digit_ratio"", ""domain_hyphen_ratio"", ""url_char_entropy"", ""longest_repeated_char_run"", ""char_type_transition_count"", ""token_count"", ""token_mean_length"", ""token_max_length""]",0.0025595000001885,0.0064104999999017,200.0,200.0,3.2052499999508496e-05,raw_log_odds,0.9854332990760368,0.0
0.976649660817402,0.9740152779576324,,phiusiil,,723,110,0.0054652953743727,0.0159032000000252,4.457924538886923e-07,0.9761441530072708,lr,20261004,20127,15547,35674,,0.991060048093762,0.9926342573992232,0.953495851289638,r03,0.9873716114418474,S3-domain,s3,lr_c1,"{""C"": 1.0, ""class_weight"": null}",0.92,20017,,14824,21.476601000000077,0.9777552276607542,0.985156161832615,f_mi,15,"[""longest_repeated_char_run"", ""subdomain_depth"", ""char_type_transition_count"", ""letter_ratio"", ""token_count"", ""special_char_ratio"", ""special_char_count"", ""path_length"", ""url_char_entropy"", ""path_segment_count"", ""token_mean_length"", ""dot_count"", ""url_length"", ""slash_count"", ""letter_count""]",,,,,,,0.9854332990760368,-0.009289146068766074
0.9797051073611032,0.9781135592039368,,phiusiil,,533,191,0.0094897401500472,0.0092286999999942,2.586954084205361e-07,0.9793112732153556,lr,20261004,20127,15547,35674,,0.9927194024172726,0.987438342650444,0.9657168585579212,r03,0.9888227284242328,S3-domain,s3,lr_c1_balanced,"{""C"": 1.0, ""class_weight"": ""balanced""}",0.94,19936,,15014,28.090071400000056,0.9826399623661172,0.9846453170681072,f_permutation,15,"[""hostname_length"", ""path_segment_count"", ""letter_count"", ""path_length"", ""token_mean_length"", ""url_length"", ""query_length"", ""longest_repeated_char_run"", ""slash_count"", ""dot_count"", ""token_max_length"", ""subdomain_depth"", ""hyphen_count"", ""question_mark_count"", ""special_char_ratio""]",,,,,,,0.9854332990760368,-0.006122025860681224
0.97676178729607,0.9744000604203444,,phiusiil,,684,145,0.0072042529934913,0.0121334000000388,3.401188540684762e-07,0.976273241761332,lr,20261004,20127,15547,35674,20260905.0,0.991212356233112,0.990338486140725,0.9560043738341802,r03,0.987737575663208,S3-domain,s3,lr_c01,"{""C"": 0.1, ""class_weight"": null}",0.88,19982,20.57451160000005,14863,19.64778690000003,0.9818193951682412,0.9867646369147371,f_single,15,"[""hostname_length"", ""letter_count"", ""path_segment_count"", ""path_length"", ""url_length"", ""slash_count"", ""dot_count"", ""query_length"", ""token_mean_length"", ""token_max_length"", ""longest_repeated_char_run"", ""question_mark_count"", ""hyphen_count"", ""digit_ratio"", ""special_char_ratio""]",0.000781800000027,0.0070373999999446,200.0,200.0,3.5186999999723414e-05,raw_log_odds,0.9854332990760368,-0.009160057314704817
0.9765095027190672,0.9743374826173348,,phiusiil,,662,176,0.0087444725989963,0.0256646999999929,7.19423109267057e-07,0.9760260359768742,lr,20261004,20127,15547,35674,20260905.0,0.990708681557137,0.9883141889648762,0.9574194378336656,r03,0.9859688591133828,S3-domain,s3,lr_c1,"{""C"": 1.0, ""class_weight"": null}",0.9,19951,29.058775500000024,14885,27.011026300000022,0.9801629941839706,0.981996784401556,f_stable,13,"[""letter_count"", ""hostname_length"", ""path_segment_count"", ""path_length"", ""url_length"", ""query_length"", ""slash_count"", ""dot_count"", ""token_mean_length"", ""token_max_length"", ""question_mark_count"", ""longest_repeated_char_run"", ""hyphen_count""]",0.0016250999999556,0.0119564999999965,200.0,200.0,5.978249999998298e-05,raw_log_odds,0.9854332990760368,-0.009407263099162622
0.9918988619162415,0.992147306234024,master,phiusiil,PhiUSIIL,92,197,0.0097878471704675,0.2365022000001317,6.629539720808762e-06,0.9917693479190254,rf,20261004,20127,15547,35674,20260905.0,0.9992726994305916,0.987413749041656,0.9940824596385156,r03,0.9994068906414167,S3-domain,s3,rf_depth24_leaf2,"{""class_weight"": null, ""max_depth"": 24, ""max_features"": ""sqrt"", ""min_samples_leaf"": 2, ""n_estimators"": 200}",0.8,19930,114.5304947999998,15455,114.04151980000006,0.9892331090702328,0.9991537816419632,f_all,35,"[""url_length"", ""hostname_length"", ""path_length"", ""query_length"", ""fragment_length"", ""digit_count"", ""letter_count"", ""special_char_count"", ""digit_ratio"", ""letter_ratio"", ""special_char_ratio"", ""dot_count"", ""hyphen_count"", ""underscore_count"", ""slash_count"", ""question_mark_count"", ""equals_sign_count"", ""percent_sign_count"", ""at_sign_count"", ""subdomain_depth"", ""path_segment_count"", ""query_parameter_count"", ""has_port"", ""has_userinfo"", ""host_is_ip"", ""tld_length"", ""registrable_domain_length"", ""domain_digit_ratio"", ""domain_hyphen_ratio"", ""url_char_entropy"", ""longest_repeated_char_run"", ""char_type_transition_count"", ""token_count"", ""token_mean_length"", ""token_max_length""]",0.0425239000001056,33.99008739999999,200.0,200.0,0.1699504369999999,positive_class_probability,0.9917693479190254,0.0
0.9673711947076302,0.9638238716280008,,phiusiil,,992,172,0.0085457345853828,0.0866340999999693,2.4284941413906287e-06,0.9666060353628096,rf,20261004,20127,15547,35674,,0.9927255192828068,0.9883207713723092,0.9361934778413842,r03,0.993058013562166,S3-domain,s3,rf_depth16_leaf1,"{""class_weight"": null, ""max_depth"": 16, ""max_features"": ""sqrt"", ""min_samples_leaf"": 1, ""n_estimators"": 200}",0.95,19955,,14555,59.21408359999998,0.9720673820545874,0.9940823273499616,f_mi,15,"[""longest_repeated_char_run"", ""subdomain_depth"", ""char_type_transition_count"", ""letter_ratio"", ""token_count"", ""special_char_ratio"", ""special_char_count"", ""path_length"", ""url_char_entropy"", ""path_segment_count"", ""token_mean_length"", ""dot_count"", ""url_length"", ""slash_count"", ""letter_count""]",,,,,,,0.9917693479190254,-0.025163312556215733
0.9919268935359083,0.9916964593925506,,phiusiil,,157,131,0.0065086699458438,0.0984150000000454,2.7587318495275395e-06,0.9917900306199592,rf,20261004,20127,15547,35674,,0.9992952293317292,0.991559822176406,0.9899015887309448,r03,0.9994305296889292,S3-domain,s3,rf_depth24_leaf2,"{""class_weight"": null, ""max_depth"": 24, ""max_features"": ""sqrt"", ""min_samples_leaf"": 2, ""n_estimators"": 200}",0.85,19996,,15390,47.44609199999991,0.9907928291077898,0.9992112744862508,f_permutation,15,"[""longest_repeated_char_run"", ""hostname_length"", ""letter_ratio"", ""registrable_domain_length"", ""subdomain_depth"", ""special_char_ratio"", ""url_length"", ""token_mean_length"", ""letter_count"", ""token_max_length"", ""tld_length"", ""digit_ratio"", ""digit_count"", ""char_type_transition_count"", ""dot_count""]",,,,,,,0.9917693479190254,2.0682700933805087e-05
0.9917587038179068,0.9919279571568804,,phiusiil,,105,189,0.0093903711432404,0.072467999999958,2.0313954140258453e-06,0.991625689606778,rf,20261004,20127,15547,35674,20260905.0,0.9991551690429196,0.9879086430810567,0.9932462854570012,r03,0.9993162556506776,S3-domain,s3,rf_depth24_leaf2,"{""class_weight"": null, ""max_depth"": 24, ""max_features"": ""sqrt"", ""min_samples_leaf"": 2, ""n_estimators"": 200}",0.74,19938,76.74068439999996,15442,59.91761589999999,0.9911154576522224,0.9991902924660973,f_single,15,"[""longest_repeated_char_run"", ""hostname_length"", ""subdomain_depth"", ""letter_ratio"", ""registrable_domain_length"", ""url_length"", ""path_length"", ""path_segment_count"", ""token_max_length"", ""char_type_transition_count"", ""token_mean_length"", ""digit_ratio"", ""digit_count"", ""letter_count"", ""special_char_ratio""]",0.0300067000000581,16.062378100000046,200.0,200.0,0.0803118905000002,positive_class_probability,0.9917693479190254,-0.00014365831224738557
0.9921791781129112,0.992300590932406,,phiusiil,,105,174,0.0086451035921895,0.071329999999989,1.9994954308456864e-06,0.9920520929596104,rf,20261004,20127,15547,35674,20260905.0,0.9992625813593176,0.9888575819672132,0.9932462854570012,r03,0.9994207554525067,S3-domain,s3,rf_depth24_leaf2,"{""class_weight"": null, ""max_depth"": 24, ""max_features"": ""sqrt"", ""min_samples_leaf"": 2, ""n_estimators"": 200}",0.76,19953,57.055799699999966,15442,41.53291180000008,0.9911712758169802,0.9992833007188504,f_stable,14,"[""longest_repeated_char_run"", ""hostname_length"", ""subdomain_depth"", ""registrable_domain_length"", ""letter_ratio"", ""path_length"", ""url_length"", ""char_type_transition_count"", ""path_segment_count"", ""token_mean_length"", ""token_max_length"", ""special_char_ratio"", ""digit_ratio"", ""digit_count""]",0.0369183000000248,14.763039400000023,200.0,200.0,0.0738151970000001,positive_class_probability,0.9917693479190254,0.0002827450405850085
0.9948982452206088,0.9947907905786229,master,phiusiil,PhiUSIIL,94,88,0.0043722362994981,0.0340168999998695,9.53548803046184e-07,0.9948125175295218,xgb,20261004,20127,15547,35674,20260905.0,0.9995722276498012,0.9943375587156552,0.993953817456744,r03,0.9995437970623212,S3-domain,s3,xgb_d6_lr01_balanced,"{""colsample_bytree"": 0.9, ""learning_rate"": 0.1, ""max_depth"": 6, ""n_estimators"": 200, ""reg_lambda"": 1.0, ""scale_pos_weight"": 1.3542785150825352, ""subsample"": 0.9}",0.74,20039,25.590463,15453,25.448028599999816,0.992872919247226,0.9995417780525616,f_all,35,"[""url_length"", ""hostname_length"", ""path_length"", ""query_length"", ""fragment_length"", ""digit_count"", ""letter_count"", ""special_char_count"", ""digit_ratio"", ""letter_ratio"", ""special_char_ratio"", ""dot_count"", ""hyphen_count"", ""underscore_count"", ""slash_count"", ""question_mark_count"", ""equals_sign_count"", ""percent_sign_count"", ""at_sign_count"", ""subdomain_depth"", ""path_segment_count"", ""query_parameter_count"", ""has_port"", ""has_userinfo"", ""host_is_ip"", ""tld_length"", ""registrable_domain_length"", ""domain_digit_ratio"", ""domain_hyphen_ratio"", ""url_char_entropy"", ""longest_repeated_char_run"", ""char_type_transition_count"", ""token_count"", ""token_mean_length"", ""token_max_length""]",0.0779330999998819,0.0628235999997741,200.0,200.0,0.0003141179999988,raw_margin,0.9948125175295218,0.0
0.978387621236755,0.9761702342373948,,phiusiil,,639,132,0.0065583544492472,0.0345091000000366,9.67345966250956e-07,0.9779390366656356,xgb,20261004,20127,15547,35674,,0.9953851610656708,0.9912234042553192,0.9588988229240368,r03,0.9949292836950918,S3-domain,s3,xgb_d6_lr005,"{""colsample_bytree"": 0.9, ""learning_rate"": 0.05, ""max_depth"": 6, ""n_estimators"": 250, ""reg_lambda"": 1.0, ""scale_pos_weight"": 1.0, ""subsample"": 0.9}",0.94,19995,,14908,19.836539000000016,0.9838129925034308,0.9957574201862934,f_mi,15,"[""longest_repeated_char_run"", ""subdomain_depth"", ""char_type_transition_count"", ""letter_ratio"", ""token_count"", ""special_char_ratio"", ""special_char_count"", ""path_length"", ""url_char_entropy"", ""path_segment_count"", ""token_mean_length"", ""dot_count"", ""url_length"", ""slash_count"", ""letter_count""]",,,,,,,0.9948125175295218,-0.01687348086388618
0.994870213600942,0.9945317629272042,,phiusiil,,126,57,0.0028320166939931,0.0282717000000047,7.925015417392158e-07,0.9947815891111188,xgb,20261004,20127,15547,35674,,0.999461623208815,0.996317353663264,0.9918955425484016,r03,0.9993657164507788,S3-domain,s3,xgb_d6_lr01_balanced,"{""colsample_bytree"": 0.9, ""learning_rate"": 0.1, ""max_depth"": 6, ""n_estimators"": 200, ""reg_lambda"": 1.0, ""scale_pos_weight"": 1.3542785150825352, ""subsample"": 0.9}",0.84,20070,,15421,17.893405400000006,0.9933834171597976,0.9995103433690022,f_permutation,15,"[""hostname_length"", ""url_length"", ""longest_repeated_char_run"", ""token_max_length"", ""subdomain_depth"", ""path_length"", ""registrable_domain_length"", ""dot_count"", ""digit_count"", ""tld_length"", ""char_type_transition_count"", ""slash_count"", ""url_char_entropy"", ""letter_ratio"", ""domain_digit_ratio""]",,,,,,,0.9948125175295218,-3.0928418403020075e-05
0.9945058025452712,0.994296633179976,,phiusiil,,114,82,0.0040741292790778,0.0278379999999742,7.803442282887894e-07,0.9944124127771988,xgb,20261004,20127,15547,35674,20260905.0,0.999557137882367,0.994714792136642,0.99266739563903,r03,0.999533513101946,S3-domain,s3,xgb_d6_lr01_balanced,"{""colsample_bytree"": 0.9, ""learning_rate"": 0.1, ""max_depth"": 6, ""n_estimators"": 200, ""reg_lambda"": 1.0, ""scale_pos_weight"": 1.3542785150825352, ""subsample"": 0.9}",0.71,20045,16.803148899999997,15433,16.113587499999994,0.993786283148002,0.9995408912857944,f_single,15,"[""hostname_length"", ""longest_repeated_char_run"", ""url_length"", ""path_length"", ""subdomain_depth"", ""registrable_domain_length"", ""token_max_length"", ""dot_count"", ""char_type_transition_count"", ""slash_count"", ""digit_count"", ""token_mean_length"", ""letter_ratio"", ""letter_count"", ""special_char_ratio""]",0.0358757000000196,0.021757999999977,200.0,200.0,0.0001087899999998,raw_margin,0.9948125175295218,-0.0004001047523229939
0.994533834164938,0.9943287937254188,,phiusiil,,113,82,0.0040741292790778,0.0288381000000299,8.083786511193012e-07,0.9944409618473816,xgb,20261004,20127,15547,35674,20260905.0,0.9995774830898764,0.9947151327661768,0.9927317167299158,r03,0.9995741040661178,S3-domain,s3,xgb_d6_lr01_balanced,"{""colsample_bytree"": 0.9, ""learning_rate"": 0.1, ""max_depth"": 6, ""n_estimators"": 200, ""reg_lambda"": 1.0, ""scale_pos_weight"": 1.3542785150825352, ""subsample"": 0.9}",0.72,20045,17.18243319999999,15434,16.421826699999997,0.9935578782643564,0.9994596538632629,f_stable,14,"[""hostname_length"", ""longest_repeated_char_run"", ""url_length"", ""path_length"", ""registrable_domain_length"", ""subdomain_depth"", ""token_max_length"", ""char_type_transition_count"", ""dot_count"", ""letter_ratio"", ""token_mean_length"", ""digit_count"", ""slash_count"", ""letter_count""]",0.1002225999999382,0.0208207000000584,200.0,200.0,0.0001041035000002,raw_margin,0.9948125175295218,-0.00037155568214020107
0.9879187105816398,0.9879980176432778,master,phiusiil,PhiUSIIL,177,254,0.0126198638644606,0.0388374999999996,1.0886475122634796e-06,0.9877232009465484,lr,20261005,20127,15548,35675,20260906.0,0.9958062373070278,0.983744,0.9886158991510162,r04,0.9936740119970628,S3-domain,s3,lr_c1,"{""C"": 1.0, ""class_weight"": null}",0.81,19873,42.63047449999999,15371,42.39782300000002,0.9884628817863872,0.9948440175836036,f_all,35,"[""url_length"", ""hostname_length"", ""path_length"", ""query_length"", ""fragment_length"", ""digit_count"", ""letter_count"", ""special_char_count"", ""digit_ratio"", ""letter_ratio"", ""special_char_ratio"", ""dot_count"", ""hyphen_count"", ""underscore_count"", ""slash_count"", ""question_mark_count"", ""equals_sign_count"", ""percent_sign_count"", ""at_sign_count"", ""subdomain_depth"", ""path_segment_count"", ""query_parameter_count"", ""has_port"", ""has_userinfo"", ""host_is_ip"", ""tld_length"", ""registrable_domain_length"", ""domain_digit_ratio"", ""domain_hyphen_ratio"", ""url_char_entropy"", ""longest_repeated_char_run"", ""char_type_transition_count"", ""token_count"", ""token_mean_length"", ""token_max_length""]",0.0018506999999772,0.0066250999998374,200.0,200.0,3.3125499999187e-05,raw_log_odds,0.9877232009465484,0.0
0.97687456201822,0.974917869100034,,phiusiil,,627,198,0.0098375316738709,0.0065002000000049,1.8220602662943106e-07,0.9764096889964248,lr,20261005,20127,15548,35675,,0.988872837279446,0.9869038957603016,0.9596732698739388,r04,0.985188222845134,S3-domain,s3,lr_c1_balanced,"{""C"": 1.0, ""class_weight"": ""balanced""}",0.93,19929,,14921,15.430280799999991,0.976776133858724,0.9875326362744832,f_mi,15,"[""longest_repeated_char_run"", ""subdomain_depth"", ""char_type_transition_count"", ""letter_ratio"", ""token_count"", ""special_char_count"", ""special_char_ratio"", ""path_length"", ""url_char_entropy"", ""path_segment_count"", ""token_mean_length"", ""url_length"", ""slash_count"", ""dot_count"", ""letter_count""]",,,,,,,0.9877232009465484,-0.011313511950123645
0.9748002803083392,0.9741184464628514,,phiusiil,,485,414,0.0205693844090028,0.0065299999999979,1.830413454799699e-07,0.974364752941576,lr,20261005,20127,15548,35675,,0.986092555813936,0.973250629967048,0.9688062773347056,r04,0.9772554709802684,S3-domain,s3,lr_c01,"{""C"": 0.1, ""class_weight"": null}",0.71,19713,,15063,16.417108600000006,0.97833512191652,0.9863900109393792,f_permutation,15,"[""hostname_length"", ""path_length"", ""path_segment_count"", ""letter_count"", ""url_length"", ""token_mean_length"", ""longest_repeated_char_run"", ""query_length"", ""slash_count"", ""dot_count"", ""token_max_length"", ""hyphen_count"", ""question_mark_count"", ""char_type_transition_count"", ""subdomain_depth""]",,,,,,,0.9877232009465484,-0.013358448004972434
0.9760896986685352,0.9737028340580152,,phiusiil,,698,155,0.0077010980275252,0.0075170999999727,2.1071058163903975e-07,0.9755864506088716,lr,20261005,20127,15548,35675,20260906.0,0.9872455886148,0.9896701099633456,0.9551067661435554,r04,0.979905449635872,S3-domain,s3,lr_c01,"{""C"": 0.1, ""class_weight"": null}",0.77,19972,17.83406649999995,14850,17.137044299999957,0.975356966812921,0.9855943126746242,f_single,15,"[""letter_count"", ""hostname_length"", ""query_length"", ""url_length"", ""path_length"", ""path_segment_count"", ""slash_count"", ""token_mean_length"", ""token_max_length"", ""dot_count"", ""question_mark_count"", ""hyphen_count"", ""longest_repeated_char_run"", ""query_parameter_count"", ""char_type_transition_count""]",0.0009099999999762,0.0045774000000164,200.0,200.0,2.288700000008248e-05,raw_log_odds,0.9877232009465484,-0.012136750337676805
0.9789208128941836,0.9764752855897084,,phiusiil,,662,90,0.0044716053063049,0.0067187000000785,1.8833076384242666e-07,0.9784720068650768,lr,20261005,20127,15548,35675,20260906.0,0.9885704853936992,0.9939903846153846,0.9574221764857216,r04,0.9820341212768946,S3-domain,s3,lr_c1,"{""C"": 1.0, ""class_weight"": null}",0.94,20037,17.342359800000054,14886,16.65375670000003,0.9765719705372788,0.9854590984094124,f_stable,14,"[""letter_count"", ""hostname_length"", ""path_length"", ""query_length"", ""path_segment_count"", ""url_length"", ""slash_count"", ""dot_count"", ""question_mark_count"", ""token_mean_length"", ""token_max_length"", ""query_parameter_count"", ""longest_repeated_char_run"", ""hyphen_count""]",0.0007656999999881,0.004834800000026,200.0,200.0,2.417400000013004e-05,raw_log_odds,0.9877232009465484,-0.00925119408147157
0.988843728100911,0.9889568202296176,master,phiusiil,PhiUSIIL,158,240,0.0119242808168132,0.3944632999998703,1.1057135248770014e-05,0.9886635951520464,rf,20261005,20127,15548,35675,20260906.0,0.9990707052000968,0.9846449136276392,0.9898379212760484,r04,0.9992065386723812,S3-domain,s3,rf_depth24_leaf2,"{""class_weight"": null, ""max_depth"": 24, ""max_features"": ""sqrt"", ""min_samples_leaf"": 2, ""n_estimators"": 200}",0.79,19887,92.42327539999997,15390,91.80336750000016,0.9918246667546188,0.9992197660249452,f_all,35,"[""url_length"", ""hostname_length"", ""path_length"", ""query_length"", ""fragment_length"", ""digit_count"", ""letter_count"", ""special_char_count"", ""digit_ratio"", ""letter_ratio"", ""special_char_ratio"", ""dot_count"", ""hyphen_count"", ""underscore_count"", ""slash_count"", ""question_mark_count"", ""equals_sign_count"", ""percent_sign_count"", ""at_sign_count"", ""subdomain_depth"", ""path_segment_count"", ""query_parameter_count"", ""has_port"", ""has_userinfo"", ""host_is_ip"", ""tld_length"", ""registrable_domain_length"", ""domain_digit_ratio"", ""domain_hyphen_ratio"", ""url_char_entropy"", ""longest_repeated_char_run"", ""char_type_transition_count"", ""token_count"", ""token_mean_length"", ""token_max_length""]",0.0410307999995893,34.64919289999989,200.0,200.0,0.1732459644999994,positive_class_probability,0.9886635951520464,0.0
0.9715487035739312,0.9701905250514392,,phiusiil,,628,387,0.0192279028171113,0.0833047999999507,2.3351030133132664e-06,0.9710196871165446,rf,20261005,20127,15548,35675,,0.9939549580922906,0.9747174495328934,0.9596089529199896,r04,0.9941504246465608,S3-domain,s3,rf_depth16_leaf1,"{""class_weight"": null, ""max_depth"": 16, ""max_features"": ""sqrt"", ""min_samples_leaf"": 1, ""n_estimators"": 200}",0.94,19740,,14920,41.30995359999997,0.9648698432059308,0.9918718331941372,f_mi,15,"[""longest_repeated_char_run"", ""subdomain_depth"", ""char_type_transition_count"", ""letter_ratio"", ""token_count"", ""special_char_count"", ""special_char_ratio"", ""path_length"", ""url_char_entropy"", ""path_segment_count"", ""token_mean_length"", ""url_length"", ""slash_count"", ""dot_count"", ""letter_count""]",,,,,,,0.9886635951520464,-0.017643908035501754
0.991478626489138,0.9916139058015816,,phiusiil,,114,190,0.0094400556466438,0.0821842000000288,2.3036916608277167e-06,0.991340664161254,rf,20261005,20127,15548,35675,,0.9994752354481354,0.9878392217101896,0.992667867249807,r04,0.9994728994425404,S3-domain,s3,rf_depth24_leaf2,"{""class_weight"": null, ""max_depth"": 24, ""max_features"": ""sqrt"", ""min_samples_leaf"": 2, ""n_estimators"": 200}",0.8,19937,,15434,44.50821619999999,0.9934740852574212,0.99951766372299,f_permutation,15,"[""longest_repeated_char_run"", ""hostname_length"", ""letter_ratio"", ""registrable_domain_length"", ""subdomain_depth"", ""url_length"", ""token_mean_length"", ""special_char_ratio"", ""letter_count"", ""token_max_length"", ""path_segment_count"", ""path_length"", ""domain_hyphen_ratio"", ""tld_length"", ""question_mark_count""]",,,,,,,0.9886635951520464,0.002677069009207611
0.9873861247372108,0.9866919651798424,,phiusiil,,291,159,0.0078998360411387,0.1248578999999381,3.499871058162246e-06,0.9871622594066471,rf,20261005,20127,15548,35675,20260906.0,0.9990067826019468,0.989686040477426,0.9812837664008232,r04,0.9991243345941848,S3-domain,s3,rf_depth24_leaf2,"{""class_weight"": null, ""max_depth"": 24, ""max_features"": ""sqrt"", ""min_samples_leaf"": 2, ""n_estimators"": 200}",0.87,19968,59.5812277,15257,42.96844899999997,0.9921854191739712,0.9992347685271148,f_single,15,"[""longest_repeated_char_run"", ""hostname_length"", ""subdomain_depth"", ""letter_ratio"", ""url_length"", ""registrable_domain_length"", ""token_mean_length"", ""path_segment_count"", ""letter_count"", ""path_length"", ""special_char_ratio"", ""digit_count"", ""token_max_length"", ""digit_ratio"", ""char_type_transition_count""]",0.0342783000000963,15.707277699999963,200.0,200.0,0.0785363884999998,positive_class_probability,0.9886635951520464,-0.0015013357453992349
0.988395234758234,0.987864302801471,,phiusiil,,253,161,0.0079992050479455,0.0849718000000621,2.381830413456541e-06,0.9881928220006736,rf,20261005,20127,15548,35675,20260906.0,0.9991460187452884,0.9895833333333334,0.9837278106508875,r04,0.9992210257251328,S3-domain,s3,rf_depth24_leaf2,"{""class_weight"": null, ""max_depth"": 24, ""max_features"": ""sqrt"", ""min_samples_leaf"": 2, ""n_estimators"": 200}",0.86,19966,53.63043200000004,15295,38.80506360000004,0.9922144622541416,0.9992484767458932,f_stable,14,"[""longest_repeated_char_run"", ""hostname_length"", ""subdomain_depth"", ""letter_ratio"", ""registrable_domain_length"", ""path_length"", ""url_length"", ""char_type_transition_count"", ""token_mean_length"", ""path_segment_count"", ""special_char_ratio"", ""digit_count"", ""token_max_length"", ""digit_ratio""]",0.0322893999999678,14.082830299999957,200.0,200.0,0.0704141514999997,positive_class_probability,0.9886635951520464,-0.0004707731513727831
0.9925998598458304,0.9918393922160016,master,phiusiil,PhiUSIIL,219,45,0.0022358026531524,0.0451700999999502,1.2661555711268467e-06,0.9924661308015617,xgb,20261005,20127,15548,35675,20260906.0,0.9995574387710592,0.997072980356446,0.9859145870851556,r04,0.9995284781488332,S3-domain,s3,xgb_d6_lr01_balanced,"{""colsample_bytree"": 0.9, ""learning_rate"": 0.1, ""max_depth"": 6, ""n_estimators"": 200, ""reg_lambda"": 1.0, ""scale_pos_weight"": 1.3542785150825352, ""subsample"": 0.9}",0.9,20082,44.271392700000206,15329,43.97841549999998,0.9949791358968052,0.9994583791521638,f_all,35,"[""url_length"", ""hostname_length"", ""path_length"", ""query_length"", ""fragment_length"", ""digit_count"", ""letter_count"", ""special_char_count"", ""digit_ratio"", ""letter_ratio"", ""special_char_ratio"", ""dot_count"", ""hyphen_count"", ""underscore_count"", ""slash_count"", ""question_mark_count"", ""equals_sign_count"", ""percent_sign_count"", ""at_sign_count"", ""subdomain_depth"", ""path_segment_count"", ""query_parameter_count"", ""has_port"", ""has_userinfo"", ""host_is_ip"", ""tld_length"", ""registrable_domain_length"", ""domain_digit_ratio"", ""domain_hyphen_ratio"", ""url_char_entropy"", ""longest_repeated_char_run"", ""char_type_transition_count"", ""token_count"", ""token_mean_length"", ""token_max_length""]",0.05606650000027,0.0325979999997798,200.0,200.0,0.0001629899999988,raw_margin,0.9924661308015617,0.0
0.981948142957253,0.9806141776027856,,phiusiil,,463,181,0.0089928951160133,0.0303975000001628,8.52067274005966e-07,0.9816066481075444,xgb,20261005,20127,15548,35675,,0.9961696797456892,0.9881435870562032,0.9702212503215848,r04,0.9957059285960188,S3-domain,s3,xgb_d6_lr005,"{""colsample_bytree"": 0.9, ""learning_rate"": 0.05, ""max_depth"": 6, ""n_estimators"": 250, ""reg_lambda"": 1.0, ""scale_pos_weight"": 1.0, ""subsample"": 0.9}",0.94,19946,,15085,17.625806999999895,0.978101377371311,0.9946316097003493,f_mi,15,"[""longest_repeated_char_run"", ""subdomain_depth"", ""char_type_transition_count"", ""letter_ratio"", ""token_count"", ""special_char_count"", ""special_char_ratio"", ""path_length"", ""url_char_entropy"", ""path_segment_count"", ""token_mean_length"", ""url_length"", ""slash_count"", ""dot_count"", ""letter_count""]",,,,,,,0.9924661308015617,-0.010859482694017264
0.9937771548703572,0.9935265946114824,,phiusiil,,131,91,0.0045212898097083,0.0312656999999489,8.764036440069795e-07,0.9936710588687828,xgb,20261005,20127,15548,35675,,0.9992476666832862,0.994132060871808,0.991574479032673,r04,0.9992037473542876,S3-domain,s3,xgb_d6_lr01_balanced,"{""colsample_bytree"": 0.9, ""learning_rate"": 0.1, ""max_depth"": 6, ""n_estimators"": 200, ""reg_lambda"": 1.0, ""scale_pos_weight"": 1.3542785150825352, ""subsample"": 0.9}",0.73,20036,,15417,19.634647200000018,0.993724862065028,0.9986657376332444,f_permutation,15,"[""hostname_length"", ""url_length"", ""longest_repeated_char_run"", ""path_length"", ""path_segment_count"", ""domain_hyphen_ratio"", ""tld_length"", ""token_count"", ""digit_ratio"", ""subdomain_depth"", ""hyphen_count"", ""at_sign_count"", ""equals_sign_count"", ""fragment_length"", ""has_port""]",,,,,,,0.9924661308015617,0.001204928067221167
0.9934127540294324,0.9928085691746272,,phiusiil,,185,50,0.0024842251701694,0.0291906999998445,8.182396636256365e-07,0.9932956949897512,xgb,20261005,20127,15548,35675,20260906.0,0.9995571406643924,0.9967559852072926,0.9881013635194236,r04,0.999548523871103,S3-domain,s3,xgb_d6_lr01_balanced,"{""colsample_bytree"": 0.9, ""learning_rate"": 0.1, ""max_depth"": 6, ""n_estimators"": 200, ""reg_lambda"": 1.0, ""scale_pos_weight"": 1.3542785150825352, ""subsample"": 0.9}",0.86,20077,23.053658999999925,15363,21.655254600000035,0.994209194436071,0.9995006878381196,f_single,15,"[""hostname_length"", ""url_length"", ""longest_repeated_char_run"", ""path_length"", ""registrable_domain_length"", ""subdomain_depth"", ""token_max_length"", ""digit_count"", ""char_type_transition_count"", ""letter_ratio"", ""dot_count"", ""token_mean_length"", ""letter_count"", ""special_char_ratio"", ""slash_count""]",0.0504575999998451,0.0249825000000782,200.0,200.0,0.0001249125000003,raw_margin,0.9924661308015617,0.0008295641881895799
0.993104414856342,0.9929889103728244,,phiusiil,,123,123,0.0061111939186167,0.032812100000001,9.197505255781642e-07,0.9929889103728244,xgb,20261005,20127,15548,35675,20260906.0,0.999543810403542,0.9920890146642656,0.9920890146642656,r04,0.9995345065650716,S3-domain,s3,xgb_d6_lr01_balanced,"{""colsample_bytree"": 0.9, ""learning_rate"": 0.1, ""max_depth"": 6, ""n_estimators"": 200, ""reg_lambda"": 1.0, ""scale_pos_weight"": 1.3542785150825352, ""subsample"": 0.9}",0.76,20004,25.175600900000063,15425,23.842332700000043,0.9940980827679196,0.9994055500194848,f_stable,14,"[""hostname_length"", ""longest_repeated_char_run"", ""url_length"", ""path_length"", ""registrable_domain_length"", ""subdomain_depth"", ""char_type_transition_count"", ""token_max_length"", ""dot_count"", ""letter_ratio"", ""token_mean_length"", ""digit_count"", ""letter_count"", ""slash_count""]",0.0630031999999118,0.0305160999998861,200.0,200.0,0.0001525804999994,raw_margin,0.9924661308015617,0.0005227795712627881
0.9867690755171834,0.9865473398738872,master,phiusiil,PhiUSIIL,236,236,0.0117255428031996,0.0271105000001625,7.599512249863366e-07,0.9865473398738872,lr,20261006,20127,15547,35674,20260907.0,0.995469854426646,0.9848202225509743,0.9848202225509743,r05,0.9930981938709904,S3-domain,s3,lr_c1,"{""C"": 1.0, ""class_weight"": null}",0.86,19891,48.87518120000004,15311,48.61172810000016,0.9884590393189006,0.9950182696729184,f_all,35,"[""url_length"", ""hostname_length"", ""path_length"", ""query_length"", ""fragment_length"", ""digit_count"", ""letter_count"", ""special_char_count"", ""digit_ratio"", ""letter_ratio"", ""special_char_ratio"", ""dot_count"", ""hyphen_count"", ""underscore_count"", ""slash_count"", ""question_mark_count"", ""equals_sign_count"", ""percent_sign_count"", ""at_sign_count"", ""subdomain_depth"", ""path_segment_count"", ""query_parameter_count"", ""has_port"", ""has_userinfo"", ""host_is_ip"", ""tld_length"", ""registrable_domain_length"", ""domain_digit_ratio"", ""domain_hyphen_ratio"", ""url_char_entropy"", ""longest_repeated_char_run"", ""char_type_transition_count"", ""token_count"", ""token_mean_length"", ""token_max_length""]",0.0020205999999234,0.0049619999999777,200.0,200.0,2.48099999998885e-05,raw_log_odds,0.9865473398738872,0.0
0.9772943880697428,0.9753916620582987,,phiusiil,,613,197,0.0097878471704675,0.0091743999998925,2.571732914697695e-07,0.9768401569813584,lr,20261006,20127,15547,35674,,0.988426189938468,0.9869803714229066,0.960571171287065,r05,0.984435885896986,S3-domain,s3,lr_c1_balanced,"{""C"": 1.0, ""class_weight"": ""balanced""}",0.93,19930,,14934,16.4493159000001,0.9766904195384712,0.9878489958864765,f_mi,15,"[""longest_repeated_char_run"", ""subdomain_depth"", ""char_type_transition_count"", ""letter_ratio"", ""token_count"", ""special_char_count"", ""special_char_ratio"", ""path_length"", ""path_segment_count"", ""url_char_entropy"", ""token_mean_length"", ""dot_count"", ""url_length"", ""slash_count"", ""letter_count""]",,,,,,,0.9865473398738872,-0.00970718289252881
0.9809665302461176,0.9799047435546996,,phiusiil,,441,238,0.0118249118100064,0.0080039999998007,2.2436508380895685e-07,0.9806181182617196,lr,20261006,20127,15547,35674,,0.991633884109238,0.9844890510948904,0.9716343989194056,r05,0.9875945062163296,S3-domain,s3,lr_c01,"{""C"": 0.1, ""class_weight"": null}",0.95,19889,,15106,19.57493360000012,0.9779195582356665,0.9904025770697104,f_permutation,15,"[""hostname_length"", ""path_segment_count"", ""path_length"", ""letter_count"", ""token_mean_length"", ""url_length"", ""longest_repeated_char_run"", ""slash_count"", ""query_length"", ""dot_count"", ""token_max_length"", ""subdomain_depth"", ""hyphen_count"", ""question_mark_count"", ""registrable_domain_length""]",,,,,,,0.9865473398738872,-0.005929221612167579
0.9811347199641196,0.979409787215688,,phiusiil,,529,144,0.0071545684900879,0.0149470999999721,4.189914223236005e-07,0.980762076872148,lr,20261006,20127,15547,35674,20260907.0,0.9914950919232162,0.9905025722200236,0.965974142921464,r05,0.9867933927337824,S3-domain,s3,lr_c1,"{""C"": 1.0, ""class_weight"": null}",0.94,19983,28.50133600000004,15018,27.118498300000056,0.9757556723889842,0.987589725357187,f_single,15,"[""hostname_length"", ""letter_count"", ""path_segment_count"", ""query_length"", ""path_length"", ""url_length"", ""slash_count"", ""dot_count"", ""token_mean_length"", ""question_mark_count"", ""token_max_length"", ""hyphen_count"", ""longest_repeated_char_run"", ""query_parameter_count"", ""special_char_ratio""]",0.0013536000001295,0.0182973000000856,200.0,200.0,9.148650000042836e-05,raw_log_odds,0.9865473398738872,-0.005785263001739205
0.980237708134776,0.9778464143184123,,phiusiil,,634,71,0.0035275997416405,0.0070692000001599,1.981611257543304e-07,0.9798182503615496,lr,20261006,20127,15547,35674,20260907.0,0.9890567885225986,0.9952616123865456,0.9592204283784652,r05,0.9826423510636704,S3-domain,s3,lr_c1,"{""C"": 1.0, ""class_weight"": null}",0.95,20056,18.095105899999908,14913,17.34587929999998,0.9764775652096748,0.986339757590436,f_stable,14,"[""letter_count"", ""hostname_length"", ""path_segment_count"", ""path_length"", ""query_length"", ""url_length"", ""slash_count"", ""dot_count"", ""token_mean_length"", ""token_max_length"", ""question_mark_count"", ""longest_repeated_char_run"", ""hyphen_count"", ""query_parameter_count""]",0.0009383999999954,0.004445399999895,200.0,200.0,2.2226999999475083e-05,raw_log_odds,0.9865473398738872,-0.006729089512337638
0.9898805853002186,0.9898829750183268,master,phiusiil,PhiUSIIL,157,204,0.0101356386942912,0.1661482999998043,4.657405953910531e-06,0.989714514756483,rf,20261006,20127,15547,35674,20260907.0,0.9986836824619716,0.9869180454020776,0.9899015887309448,r05,0.998869921224384,S3-domain,s3,rf_depth24_leaf2,"{""class_weight"": null, ""max_depth"": 24, ""max_features"": ""sqrt"", ""min_samples_leaf"": 2, ""n_estimators"": 200}",0.81,19923,79.89652860000024,15390,79.59802420000005,0.9921935706733268,0.9991106515435694,f_all,35,"[""url_length"", ""hostname_length"", ""path_length"", ""query_length"", ""fragment_length"", ""digit_count"", ""letter_count"", ""special_char_count"", ""digit_ratio"", ""letter_ratio"", ""special_char_ratio"", ""dot_count"", ""hyphen_count"", ""underscore_count"", ""slash_count"", ""question_mark_count"", ""equals_sign_count"", ""percent_sign_count"", ""at_sign_count"", ""subdomain_depth"", ""path_segment_count"", ""query_parameter_count"", ""has_port"", ""has_userinfo"", ""host_is_ip"", ""tld_length"", ""registrable_domain_length"", ""domain_digit_ratio"", ""domain_hyphen_ratio"", ""url_char_entropy"", ""longest_repeated_char_run"", ""char_type_transition_count"", ""token_count"", ""token_mean_length"", ""token_max_length""]",0.1078290999998898,45.96970670000019,200.0,200.0,0.2298485335000009,positive_class_probability,0.989714514756483,0.0
0.9777428939844144,0.9756866819731496,,phiusiil,,627,167,0.0082973120683658,0.123524800000041,3.4626002130414605e-06,0.9772895975666372,rf,20261006,20127,15547,35674,,0.9947477044744982,0.9889308676343872,0.9596706760146652,r05,0.9944006072790452,S3-domain,s3,rf_depth16_leaf1,"{""class_weight"": null, ""max_depth"": 16, ""max_features"": ""sqrt"", ""min_samples_leaf"": 1, ""n_estimators"": 200}",0.95,19960,,14920,51.17502220000006,0.9687945056414076,0.993088713644622,f_mi,15,"[""longest_repeated_char_run"", ""subdomain_depth"", ""char_type_transition_count"", ""letter_ratio"", ""token_count"", ""special_char_count"", ""special_char_ratio"", ""path_length"", ""path_segment_count"", ""url_char_entropy"", ""token_mean_length"", ""dot_count"", ""url_length"", ""slash_count"", ""letter_count""]",,,,,,,0.989714514756483,-0.01242491718984573
0.9906094074115602,0.9904044625689712,,phiusiil,,174,161,0.0079992050479455,0.0882126999999854,2.472744856197384e-06,0.9904511217295412,rf,20261006,20127,15547,35674,,0.9991565508832584,0.9896356379554524,0.988808130185888,r05,0.9991914627635834,S3-domain,s3,rf_depth24_leaf2,"{""class_weight"": null, ""max_depth"": 24, ""max_features"": ""sqrt"", ""min_samples_leaf"": 2, ""n_estimators"": 200}",0.84,19966,,15373,64.48811999999998,0.9927601143481206,0.9993905650940036,f_permutation,15,"[""longest_repeated_char_run"", ""hostname_length"", ""registrable_domain_length"", ""letter_ratio"", ""subdomain_depth"", ""token_mean_length"", ""letter_count"", ""special_char_ratio"", ""url_length"", ""token_max_length"", ""digit_ratio"", ""special_char_count"", ""dot_count"", ""digit_count"", ""slash_count""]",,,,,,,0.989714514756483,0.0007366069730582181
0.9907215338902282,0.9907965633254242,,phiusiil,,134,197,0.0097878471704675,0.076218499999868,2.136528003584349e-06,0.9905703547328046,rf,20261006,20127,15547,35674,20260907.0,0.998698694113071,0.9873798846893016,0.991380973821316,r05,0.998916715161548,S3-domain,s3,rf_depth24_leaf2,"{""class_weight"": null, ""max_depth"": 24, ""max_features"": ""sqrt"", ""min_samples_leaf"": 2, ""n_estimators"": 200}",0.78,19930,67.88194709999993,15413,52.02638219999994,0.9920791494982129,0.999196497685762,f_single,15,"[""longest_repeated_char_run"", ""hostname_length"", ""subdomain_depth"", ""registrable_domain_length"", ""url_length"", ""letter_ratio"", ""token_mean_length"", ""token_max_length"", ""digit_count"", ""letter_count"", ""digit_ratio"", ""special_char_ratio"", ""char_type_transition_count"", ""path_length"", ""path_segment_count""]",0.0340532999998686,15.066076100000146,200.0,200.0,0.0753303805000007,positive_class_probability,0.989714514756483,0.0008558399763216595
0.9908056287492292,0.9910979571865052,,phiusiil,,103,225,0.0111790132657624,0.0848121999999875,2.3774233335198624e-06,0.9906597694548024,rf,20261006,20127,15547,35674,20260907.0,0.9988025405240748,0.9856404365307294,0.9933749276387728,r05,0.9989543532421316,S3-domain,s3,rf_depth24_leaf2,"{""class_weight"": null, ""max_depth"": 24, ""max_features"": ""sqrt"", ""min_samples_leaf"": 2, ""n_estimators"": 200}",0.74,19902,53.6000082999999,15444,38.570976900000005,0.9920815480689892,0.9992865846034112,f_stable,14,"[""longest_repeated_char_run"", ""hostname_length"", ""subdomain_depth"", ""registrable_domain_length"", ""letter_ratio"", ""url_length"", ""token_mean_length"", ""path_length"", ""char_type_transition_count"", ""path_segment_count"", ""token_max_length"", ""special_char_ratio"", ""digit_count"", ""digit_ratio""]",0.0293145000000549,14.294738499999994,200.0,200.0,0.0714736924999999,positive_class_probability,0.989714514756483,0.0009452546983194088
0.9935246958569266,0.9932368787331468,master,phiusiil,PhiUSIIL,140,91,0.0045212898097083,0.0295639000000846,8.287240006751327e-07,0.9934138025091276,xgb,20261006,20127,15547,35674,20260907.0,0.9994581751842544,0.9941282746160794,0.990995047276002,r05,0.9993950151918348,S3-domain,s3,xgb_d6_lr01_balanced,"{""colsample_bytree"": 0.9, ""learning_rate"": 0.1, ""max_depth"": 6, ""n_estimators"": 200, ""reg_lambda"": 1.0, ""scale_pos_weight"": 1.3542591267000716, ""subsample"": 0.9}",0.8,20036,25.263061800000287,15407,25.07543689999966,0.9946960808078606,0.9992516517349026,f_all,35,"[""url_length"", ""hostname_length"", ""path_length"", ""query_length"", ""fragment_length"", ""digit_count"", ""letter_count"", ""special_char_count"", ""digit_ratio"", ""letter_ratio"", ""special_char_ratio"", ""dot_count"", ""hyphen_count"", ""underscore_count"", ""slash_count"", ""question_mark_count"", ""equals_sign_count"", ""percent_sign_count"", ""at_sign_count"", ""subdomain_depth"", ""path_segment_count"", ""query_parameter_count"", ""has_port"", ""has_userinfo"", ""host_is_ip"", ""tld_length"", ""registrable_domain_length"", ""domain_digit_ratio"", ""domain_hyphen_ratio"", ""url_char_entropy"", ""longest_repeated_char_run"", ""char_type_transition_count"", ""token_count"", ""token_mean_length"", ""token_max_length""]",0.0587292000000161,0.0420323999996981,200.0,200.0,0.0002101619999984,raw_margin,0.9934138025091276,0.0
0.9830128384818074,0.9817840925725936,,phiusiil,,432,174,0.0086451035921895,0.0346852000000126,9.7228233447364e-07,0.9826945574016706,xgb,20261006,20127,15547,35674,,0.9960465032228776,0.9886192687553144,0.972213288737377,r05,0.9952734176699256,S3-domain,s3,xgb_d6_lr005,"{""colsample_bytree"": 0.9, ""learning_rate"": 0.05, ""max_depth"": 6, ""n_estimators"": 250, ""reg_lambda"": 1.0, ""scale_pos_weight"": 1.0, ""subsample"": 0.9}",0.94,19953,,15115,18.36173699999995,0.9777564008246898,0.9949991110829716,f_mi,15,"[""longest_repeated_char_run"", ""subdomain_depth"", ""char_type_transition_count"", ""letter_ratio"", ""token_count"", ""special_char_count"", ""special_char_ratio"", ""path_length"", ""path_segment_count"", ""url_char_entropy"", ""token_mean_length"", ""dot_count"", ""url_length"", ""slash_count"", ""letter_count""]",,,,,,,0.9934138025091276,-0.010719245107457032
0.9941413914896002,0.9938126814455486,,phiusiil,,136,73,0.0036269687484473,0.0288316000001032,8.081964455935193e-07,0.9940404411311184,xgb,20261006,20127,15547,35674,,0.9995396676994632,0.9952854559545335,0.9912523316395446,r05,0.9994764687599024,S3-domain,s3,xgb_d6_lr01_balanced,"{""colsample_bytree"": 0.9, ""learning_rate"": 0.1, ""max_depth"": 6, ""n_estimators"": 200, ""reg_lambda"": 1.0, ""scale_pos_weight"": 1.3542591267000716, ""subsample"": 0.9}",0.81,20054,,15411,18.06733510000004,0.9956383574141484,0.9995828908122494,f_permutation,15,"[""hostname_length"", ""url_length"", ""longest_repeated_char_run"", ""registrable_domain_length"", ""path_length"", ""letter_ratio"", ""tld_length"", ""token_max_length"", ""special_char_ratio"", ""subdomain_depth"", ""token_mean_length"", ""digit_count"", ""url_char_entropy"", ""slash_count"", ""char_type_transition_count""]",,,,,,,0.9934138025091276,0.0006266386219908604
0.9932443796602568,0.9930250476848356,,phiusiil,,135,106,0.0052665573607591,0.0281587000001763,7.893339687216571e-07,0.993129700240587,xgb,20261006,20127,15547,35674,20260907.0,0.99949809069748,0.9931692228379946,0.9913166527304303,r05,0.9994266484366372,S3-domain,s3,xgb_d6_lr01_balanced,"{""colsample_bytree"": 0.9, ""learning_rate"": 0.1, ""max_depth"": 6, ""n_estimators"": 200, ""reg_lambda"": 1.0, ""scale_pos_weight"": 1.3542591267000716, ""subsample"": 0.9}",0.79,20021,19.601034000000027,15412,18.834680700000035,0.9951246473897192,0.9996687721078183,f_single,15,"[""hostname_length"", ""longest_repeated_char_run"", ""url_length"", ""path_length"", ""subdomain_depth"", ""registrable_domain_length"", ""token_max_length"", ""token_mean_length"", ""digit_count"", ""letter_ratio"", ""dot_count"", ""char_type_transition_count"", ""special_char_ratio"", ""letter_count"", ""slash_count""]",0.0380044999999427,0.0224616999998943,200.0,200.0,0.0001123084999994,raw_margin,0.9934138025091276,-0.00028410226854058696
0.9931322531815888,0.9931086360215576,,phiusiil,,110,135,0.0067074079594574,0.0316212999998697,8.86396254971961e-07,0.9930184311929152,xgb,20261006,20127,15547,35674,20260907.0,0.9994920212996924,0.9913305933727202,0.9929246800025728,r05,0.999439917238215,S3-domain,s3,xgb_d6_lr01_balanced,"{""colsample_bytree"": 0.9, ""learning_rate"": 0.1, ""max_depth"": 6, ""n_estimators"": 200, ""reg_lambda"": 1.0, ""scale_pos_weight"": 1.3542591267000716, ""subsample"": 0.9}",0.7,19992,21.42498969999997,15437,20.45962910000003,0.9951554697684228,0.9996341923709512,f_stable,15,"[""hostname_length"", ""longest_repeated_char_run"", ""url_length"", ""path_length"", ""subdomain_depth"", ""registrable_domain_length"", ""token_max_length"", ""char_type_transition_count"", ""dot_count"", ""letter_ratio"", ""token_mean_length"", ""digit_count"", ""letter_count"", ""slash_count"", ""special_char_ratio""]",0.1175565999999435,0.0234611000000768,200.0,200.0,0.0001173055000003,raw_margin,0.9934138025091276,-0.0003953713162123673
0.9850591467174974,0.9838024891715698,master,phiusiil,PhiUSIIL,404,129,0.0064093009390371,0.031036800000038,8.700117732813269e-07,0.9847771984446928,lr,20261007,20127,15547,35674,20260908.0,0.996506774252341,0.9915531691985332,0.9740142792821768,r06,0.9946993454623538,S3-domain,s3,lr_c1,"{""C"": 1.0, ""class_weight"": null}",0.95,19998,36.611646700000165,15143,36.43577170000026,0.987559321813846,0.993153996659707,f_all,35,"[""url_length"", ""hostname_length"", ""path_length"", ""query_length"", ""fragment_length"", ""digit_count"", ""letter_count"", ""special_char_count"", ""digit_ratio"", ""letter_ratio"", ""special_char_ratio"", ""dot_count"", ""hyphen_count"", ""underscore_count"", ""slash_count"", ""question_mark_count"", ""equals_sign_count"", ""percent_sign_count"", ""at_sign_count"", ""subdomain_depth"", ""path_segment_count"", ""query_parameter_count"", ""has_port"", ""has_userinfo"", ""host_is_ip"", ""tld_length"", ""registrable_domain_length"", ""domain_digit_ratio"", ""domain_hyphen_ratio"", ""url_char_entropy"", ""longest_repeated_char_run"", ""char_type_transition_count"", ""token_count"", ""token_mean_length"", ""token_max_length""]",0.0010843000000022,0.0078850999998394,200.0,200.0,3.9425499999197e-05,raw_log_odds,0.9847771984446928,0.0
0.9761170600437292,0.9735652300565238,,phiusiil,,720,132,0.0065583544492472,0.0065038999998705,1.8231485114847105e-07,0.9756050947396032,lr,20261007,20127,15547,35674,,0.9908854026697947,0.9911758807406912,0.9536888145622948,r06,0.9873055965973884,S3-domain,s3,lr_c1_balanced,"{""C"": 1.0, ""class_weight"": ""balanced""}",0.93,19995,,14827,16.865205799999785,0.975508691277791,0.9846032223585034,f_mi,15,"[""longest_repeated_char_run"", ""subdomain_depth"", ""char_type_transition_count"", ""letter_ratio"", ""special_char_count"", ""token_count"", ""special_char_ratio"", ""path_length"", ""url_char_entropy"", ""path_segment_count"", ""token_mean_length"", ""dot_count"", ""url_length"", ""slash_count"", ""letter_count""]",,,,,,,0.9847771984446928,-0.009172103705089585
0.978639905813758,0.9764304059714156,,phiusiil,,634,128,0.0063596164356337,0.0076527999999598,2.1452037898637173e-07,0.9781967355436968,lr,20261007,20127,15547,35674,,0.9912750739477344,0.9914899275314142,0.9592204283784652,r06,0.9863729839223256,S3-domain,s3,lr_c01,"{""C"": 0.1, ""class_weight"": null}",0.88,19999,,14913,17.903773499999943,0.9780434960227148,0.9766834895065208,f_permutation,15,"[""hostname_length"", ""path_segment_count"", ""path_length"", ""letter_count"", ""token_mean_length"", ""url_length"", ""query_length"", ""slash_count"", ""longest_repeated_char_run"", ""dot_count"", ""token_max_length"", ""hyphen_count"", ""question_mark_count"", ""subdomain_depth"", ""char_type_transition_count""]",,,,,,,0.9847771984446928,-0.006580462900996009
0.974743510680047,0.9727431475851632,,phiusiil,,666,235,0.0116758582997962,0.0201111999999739,5.637495094459243e-07,0.9742351489779372,lr,20261007,20127,15547,35674,20260908.0,0.989926778543558,0.9844535591426304,0.9571621534701228,r06,0.9853929077980732,S3-domain,s3,lr_c01,"{""C"": 0.1, ""class_weight"": null}",0.73,19892,21.523757799999885,14881,19.48617409999997,0.9773835936637144,0.9799945604305051,f_single,15,"[""letter_count"", ""hostname_length"", ""query_length"", ""path_segment_count"", ""path_length"", ""url_length"", ""slash_count"", ""token_mean_length"", ""token_max_length"", ""dot_count"", ""question_mark_count"", ""longest_repeated_char_run"", ""hyphen_count"", ""query_parameter_count"", ""char_type_transition_count""]",0.0027012000000468,0.0086215999999694,200.0,200.0,4.310799999984738e-05,raw_log_odds,0.9847771984446928,-0.010542049466755632
0.9758367438470594,0.9736680856390824,,phiusiil,,672,190,0.0094400556466438,0.0256994000001213,7.203958064731005e-07,0.9753402319572576,lr,20261007,20127,15547,35674,20260908.0,0.990380738400201,0.9873879853966148,0.9567762269248088,r06,0.9856227197982336,S3-domain,s3,lr_c1,"{""C"": 1.0, ""class_weight"": null}",0.9,19937,32.35426929999994,14875,30.380385900000192,0.9794438741387632,0.982334308420874,f_stable,14,"[""letter_count"", ""hostname_length"", ""path_length"", ""path_segment_count"", ""query_length"", ""url_length"", ""slash_count"", ""dot_count"", ""token_mean_length"", ""question_mark_count"", ""token_max_length"", ""hyphen_count"", ""longest_repeated_char_run"", ""query_parameter_count""]",0.0016293999999561,0.0099662999998599,200.0,200.0,4.983149999929992e-05,raw_log_odds,0.9847771984446928,-0.009436966487435194
0.991198071424567,0.9913579291854352,master,phiusiil,PhiUSIIL,115,199,0.0098872161772743,0.1060497000003124,2.972744856206549e-06,0.9910560086276472,rf,20261007,20127,15547,35674,20260908.0,0.9990911086148404,0.9872688887467213,0.9926030745481444,r06,0.9992495265535324,S3-domain,s3,rf_depth24_leaf2,"{""class_weight"": null, ""max_depth"": 24, ""max_features"": ""sqrt"", ""min_samples_leaf"": 2, ""n_estimators"": 200}",0.79,19928,73.55106960000012,15432,73.28009610000026,0.9902277887020616,0.998987897552286,f_all,35,"[""url_length"", ""hostname_length"", ""path_length"", ""query_length"", ""fragment_length"", ""digit_count"", ""letter_count"", ""special_char_count"", ""digit_ratio"", ""letter_ratio"", ""special_char_ratio"", ""dot_count"", ""hyphen_count"", ""underscore_count"", ""slash_count"", ""question_mark_count"", ""equals_sign_count"", ""percent_sign_count"", ""at_sign_count"", ""subdomain_depth"", ""path_segment_count"", ""query_parameter_count"", ""has_port"", ""has_userinfo"", ""host_is_ip"", ""tld_length"", ""registrable_domain_length"", ""domain_digit_ratio"", ""domain_hyphen_ratio"", ""url_char_entropy"", ""longest_repeated_char_run"", ""char_type_transition_count"", ""token_count"", ""token_mean_length"", ""token_max_length""]",0.0503292000003057,42.163953499999934,200.0,200.0,0.2108197674999996,positive_class_probability,0.9910560086276472,0.0
0.9668666255536243,0.9637206709032046,,phiusiil,,945,237,0.011775227306603,0.1001647000000502,2.8077787744589977e-06,0.966122246961176,rf,20261007,20127,15547,35674,,0.9925006475319968,0.9840285733539996,0.9392165691130122,r06,0.992655587300439,S3-domain,s3,rf_depth16_leaf1,"{""class_weight"": null, ""max_depth"": 16, ""max_features"": ""sqrt"", ""min_samples_leaf"": 1, ""n_estimators"": 200}",0.95,19890,,14602,56.35302060000004,0.9722267266974908,0.9934898983530224,f_mi,15,"[""longest_repeated_char_run"", ""subdomain_depth"", ""char_type_transition_count"", ""letter_ratio"", ""special_char_count"", ""token_count"", ""special_char_ratio"", ""path_length"", ""url_char_entropy"", ""path_segment_count"", ""token_mean_length"", ""dot_count"", ""url_length"", ""slash_count"", ""letter_count""]",,,,,,,0.9910560086276472,-0.02493376166647121
0.9901048382575546,0.9900451215632348,,phiusiil,,162,191,0.0094897401500472,0.1335817000001498,3.7445114088734034e-06,0.9899411343436206,rf,20261007,20127,15547,35674,,0.9992277566045572,0.9877375449409348,0.9895799832765164,r06,0.9993282349625068,S3-domain,s3,rf_depth24_leaf2,"{""class_weight"": null, ""max_depth"": 24, ""max_features"": ""sqrt"", ""min_samples_leaf"": 2, ""n_estimators"": 200}",0.77,19936,,15385,61.84065760000021,0.9917109631557228,0.9992958059731012,f_permutation,15,"[""longest_repeated_char_run"", ""hostname_length"", ""registrable_domain_length"", ""token_mean_length"", ""subdomain_depth"", ""letter_ratio"", ""tld_length"", ""url_length"", ""token_max_length"", ""special_char_ratio"", ""char_type_transition_count"", ""path_segment_count"", ""path_length"", ""hyphen_count"", ""letter_count""]",,,,,,,0.9910560086276472,-0.001114874284026568
0.9915624824802376,0.9917979711574156,,phiusiil,,99,202,0.0100362696874844,0.0978803999998945,2.7437461456493385e-06,0.9914274682088164,rf,20261007,20127,15547,35674,20260908.0,0.9990311845598352,0.9870926517571884,0.9936322120023156,r06,0.9992827209278072,S3-domain,s3,rf_depth24_leaf2,"{""class_weight"": null, ""max_depth"": 24, ""max_features"": ""sqrt"", ""min_samples_leaf"": 2, ""n_estimators"": 200}",0.72,19925,103.8763257999999,15448,83.16629839999996,0.9916268892607908,0.999057125734892,f_single,15,"[""longest_repeated_char_run"", ""hostname_length"", ""subdomain_depth"", ""letter_ratio"", ""url_length"", ""registrable_domain_length"", ""token_mean_length"", ""path_segment_count"", ""path_length"", ""letter_count"", ""token_max_length"", ""digit_count"", ""special_char_ratio"", ""char_type_transition_count"", ""digit_ratio""]",0.0421632000000045,19.52410729999997,200.0,200.0,0.0976205364999998,positive_class_probability,0.9910560086276472,0.00037145958116924227
0.9916746089589056,0.9919412499266692,,phiusiil,,93,204,0.0101356386942912,0.0906281000000035,2.5404524303415246e-06,0.9915418721604952,rf,20261007,20127,15547,35674,20260908.0,0.9990077832718712,0.9869715161578746,0.9940181385476298,r06,0.9992554930401764,S3-domain,s3,rf_depth24_leaf2,"{""class_weight"": null, ""max_depth"": 24, ""max_features"": ""sqrt"", ""min_samples_leaf"": 2, ""n_estimators"": 200}",0.72,19923,80.83427459999984,15454,63.623255999999856,0.9915415097991368,0.9990900276969932,f_stable,15,"[""longest_repeated_char_run"", ""hostname_length"", ""subdomain_depth"", ""registrable_domain_length"", ""letter_ratio"", ""url_length"", ""path_length"", ""char_type_transition_count"", ""token_mean_length"", ""path_segment_count"", ""token_max_length"", ""special_char_ratio"", ""digit_count"", ""letter_count"", ""digit_ratio""]",0.0315886000000773,16.330977100000155,200.0,200.0,0.0816548855000007,positive_class_probability,0.9910560086276472,0.00048586353284796324
0.9942535179682682,0.994175509027037,master,phiusiil,PhiUSIIL,100,105,0.0052168728573557,0.0319264000004295,8.949487021480508e-07,0.994157426964316,xgb,20261007,20127,15547,35674,20260908.0,0.9995081807834978,0.9932484567901234,0.9935678909114298,r06,0.9995048583068236,S3-domain,s3,xgb_d6_lr01_balanced,"{""colsample_bytree"": 0.9, ""learning_rate"": 0.1, ""max_depth"": 6, ""n_estimators"": 200, ""reg_lambda"": 1.0, ""scale_pos_weight"": 1.3542591267000716, ""subsample"": 0.9}",0.71,20022,20.415462500000103,15447,20.26748929999985,0.994242717488401,0.9994813103385128,f_all,35,"[""url_length"", ""hostname_length"", ""path_length"", ""query_length"", ""fragment_length"", ""digit_count"", ""letter_count"", ""special_char_count"", ""digit_ratio"", ""letter_ratio"", ""special_char_ratio"", ""dot_count"", ""hyphen_count"", ""underscore_count"", ""slash_count"", ""question_mark_count"", ""equals_sign_count"", ""percent_sign_count"", ""at_sign_count"", ""subdomain_depth"", ""path_segment_count"", ""query_parameter_count"", ""has_port"", ""has_userinfo"", ""host_is_ip"", ""tld_length"", ""registrable_domain_length"", ""domain_digit_ratio"", ""domain_hyphen_ratio"", ""url_char_entropy"", ""longest_repeated_char_run"", ""char_type_transition_count"", ""token_count"", ""token_mean_length"", ""token_max_length""]",0.075246800000059,0.048930499999642,200.0,200.0,0.0002446524999982,raw_margin,0.994157426964316,0.0
0.9777989572237484,0.9754729079018714,,phiusiil,,663,129,0.0064093009390371,0.0320975000001908,8.997449122663802e-07,0.9773331469526764,xgb,20261007,20127,15547,35674,,0.9950874462819306,0.9914074468793712,0.95735511674278,r06,0.994515212078608,S3-domain,s3,xgb_d6_lr005,"{""colsample_bytree"": 0.9, ""learning_rate"": 0.05, ""max_depth"": 6, ""n_estimators"": 250, ""reg_lambda"": 1.0, ""scale_pos_weight"": 1.0, ""subsample"": 0.9}",0.94,19998,,14884,18.34477089999996,0.981314505284824,0.9952439271831818,f_mi,15,"[""longest_repeated_char_run"", ""subdomain_depth"", ""char_type_transition_count"", ""letter_ratio"", ""special_char_count"", ""token_count"", ""special_char_ratio"", ""path_length"", ""url_char_entropy"", ""path_segment_count"", ""token_mean_length"", ""dot_count"", ""url_length"", ""slash_count"", ""letter_count""]",,,,,,,0.994157426964316,-0.016824280011639603
0.994645960643606,0.994442799319708,,phiusiil,,111,80,0.003974760272271,0.0275235999999949,7.715310870660701e-07,0.99455499339923,xgb,20261007,20127,15547,35674,,0.9994856846362123,0.9948440319670018,0.9928603589116872,r06,0.9994214025942022,S3-domain,s3,xgb_d6_lr01_balanced,"{""colsample_bytree"": 0.9, ""learning_rate"": 0.1, ""max_depth"": 6, ""n_estimators"": 200, ""reg_lambda"": 1.0, ""scale_pos_weight"": 1.3542591267000716, ""subsample"": 0.9}",0.74,20047,,15436,18.29062879999992,0.9936725968851454,0.9994945647591642,f_permutation,15,"[""hostname_length"", ""url_length"", ""longest_repeated_char_run"", ""registrable_domain_length"", ""path_length"", ""tld_length"", ""token_max_length"", ""subdomain_depth"", ""dot_count"", ""char_type_transition_count"", ""digit_count"", ""letter_ratio"", ""slash_count"", ""token_mean_length"", ""url_char_entropy""]",,,,,,,0.994157426964316,0.00039756643491406507
0.9942815495879352,0.994171078103774,,phiusiil,,104,100,0.0049684503403388,0.0326461999998173,9.151258619671842e-07,0.994185544409354,xgb,20261007,20127,15547,35674,20260908.0,0.9994823894359948,0.993566235604452,0.993310606547887,r06,0.9994685177053924,S3-domain,s3,xgb_d6_lr01_balanced,"{""colsample_bytree"": 0.9, ""learning_rate"": 0.1, ""max_depth"": 6, ""n_estimators"": 200, ""reg_lambda"": 1.0, ""scale_pos_weight"": 1.3542591267000716, ""subsample"": 0.9}",0.7,20027,19.85819749999996,15443,18.92168599999991,0.9933038799280868,0.999504414095981,f_single,15,"[""hostname_length"", ""longest_repeated_char_run"", ""url_length"", ""path_length"", ""subdomain_depth"", ""token_max_length"", ""registrable_domain_length"", ""char_type_transition_count"", ""dot_count"", ""token_mean_length"", ""digit_count"", ""letter_ratio"", ""special_char_ratio"", ""slash_count"", ""letter_count""]",0.0501973999998881,0.0270064999999704,200.0,200.0,0.0001350324999998,raw_margin,0.994157426964316,2.8117445038056132e-05
0.994365644446936,0.9941285121590206,,phiusiil,,120,81,0.0040244447756744,0.0283458999999766,7.945814879177162e-07,0.9942695763834212,xgb,20261007,20127,15547,35674,20260908.0,0.999556235722334,0.9947768893474336,0.9922814690937158,r06,0.9995544772971172,S3-domain,s3,xgb_d6_lr01_balanced,"{""colsample_bytree"": 0.9, ""learning_rate"": 0.1, ""max_depth"": 6, ""n_estimators"": 200, ""reg_lambda"": 1.0, ""scale_pos_weight"": 1.3542591267000716, ""subsample"": 0.9}",0.75,20046,22.949745600000146,15427,22.1194372,0.994042465140006,0.9994724692644364,f_stable,14,"[""hostname_length"", ""longest_repeated_char_run"", ""url_length"", ""path_length"", ""registrable_domain_length"", ""token_max_length"", ""subdomain_depth"", ""char_type_transition_count"", ""dot_count"", ""token_mean_length"", ""letter_ratio"", ""digit_count"", ""letter_count"", ""special_char_ratio""]",0.0445654000000104,0.0227952999998706,200.0,200.0,0.0001139764999993,raw_margin,0.994157426964316,0.00011214941910520082
0.9865728541795143,0.9864685819306106,master,phiusiil,PhiUSIIL,223,256,0.0127192328712674,0.0158387999999831,4.4398721758096e-07,0.9863511144649908,lr,20261008,20127,15547,35674,20260909.0,0.9956821831457257,0.983568677792041,0.9856563967324886,r07,0.9935198298548478,S3-domain,s3,lr_c1,"{""C"": 1.0, ""class_weight"": null}",0.86,19871,29.61352339999985,15324,29.46350399999983,0.9875494197485618,0.9949278378923626,f_all,35,"[""url_length"", ""hostname_length"", ""path_length"", ""query_length"", ""fragment_length"", ""digit_count"", ""letter_count"", ""special_char_count"", ""digit_ratio"", ""letter_ratio"", ""special_char_ratio"", ""dot_count"", ""hyphen_count"", ""underscore_count"", ""slash_count"", ""question_mark_count"", ""equals_sign_count"", ""percent_sign_count"", ""at_sign_count"", ""subdomain_depth"", ""path_segment_count"", ""query_parameter_count"", ""has_port"", ""has_userinfo"", ""host_is_ip"", ""tld_length"", ""registrable_domain_length"", ""domain_digit_ratio"", ""domain_hyphen_ratio"", ""url_char_entropy"", ""longest_repeated_char_run"", ""char_type_transition_count"", ""token_count"", ""token_mean_length"", ""token_max_length""]",0.0025083000000449,0.0065446999999494,200.0,200.0,3.2723499999747e-05,raw_log_odds,0.9863511144649908,0.0
0.9770421034927398,0.9751680817929836,,phiusiil,,613,206,0.010235007701098,0.0067503999998734,1.8922464539646466e-07,0.9765845115786778,lr,20261008,20127,15547,35674,,0.9885457222228392,0.9863936591809777,0.960571171287065,r07,0.9846904682442152,S3-domain,s3,lr_c1_balanced,"{""C"": 1.0, ""class_weight"": ""balanced""}",0.93,19921,,14934,16.65002370000002,0.9759984558547508,0.9875983670402488,f_mi,15,"[""longest_repeated_char_run"", ""subdomain_depth"", ""char_type_transition_count"", ""letter_ratio"", ""special_char_count"", ""token_count"", ""special_char_ratio"", ""url_char_entropy"", ""token_mean_length"", ""path_segment_count"", ""path_length"", ""url_length"", ""dot_count"", ""slash_count"", ""letter_count""]",,,,,,,0.9863511144649908,-0.009766602886313036
0.980349834613444,0.9795997177107204,,phiusiil,,408,293,0.0145575594971928,0.009156399999938,2.566687223170377e-07,0.9800034791703496,lr,20261008,20127,15547,35674,,0.9918152784945026,0.9810134784862624,0.9737569949186338,r07,0.987839707405796,S3-domain,s3,lr_c01,"{""C"": 0.1, ""class_weight"": null}",0.93,19834,,15139,18.304072599999927,0.9773946019897513,0.990205322328759,f_permutation,15,"[""hostname_length"", ""path_segment_count"", ""path_length"", ""letter_count"", ""token_mean_length"", ""url_length"", ""query_length"", ""longest_repeated_char_run"", ""slash_count"", ""token_max_length"", ""dot_count"", ""hyphen_count"", ""subdomain_depth"", ""question_mark_count"", ""registrable_domain_length""]",,,,,,,0.9863511144649908,-0.0063476352946412185
0.9791725065874306,0.9769243636349714,,phiusiil,,631,112,0.0055646643811795,0.0062856000001829,1.7619554858392577e-07,0.9787381285119684,lr,20261008,20127,15547,35674,20260909.0,0.9889078731743008,0.9925472451424008,0.9594133916511224,r07,0.9823784051353662,S3-domain,s3,lr_c1,"{""C"": 1.0, ""class_weight"": null}",0.92,20015,17.891645599999947,14916,17.071754900000087,0.9768631036104148,0.9862859554205377,f_single,15,"[""hostname_length"", ""letter_count"", ""query_length"", ""path_segment_count"", ""url_length"", ""path_length"", ""dot_count"", ""question_mark_count"", ""slash_count"", ""token_mean_length"", ""query_parameter_count"", ""token_max_length"", ""longest_repeated_char_run"", ""hyphen_count"", ""underscore_count""]",0.0007811999998921,0.0047566999999162,200.0,200.0,2.378349999958118e-05,raw_log_odds,0.9863511144649908,-0.0076129859530224
0.9789762852497618,0.9766919215231304,,phiusiil,,639,111,0.0055149798777761,0.0057976000000508,1.625161181827327e-07,0.97853623314403,lr,20261008,20127,15547,35674,20260909.0,0.9888515215169824,0.9926093614754644,0.9588988229240368,r07,0.982357412178342,S3-domain,s3,lr_c1,"{""C"": 1.0, ""class_weight"": null}",0.93,20016,19.7590467,14908,18.971540499999943,0.9765459730607752,0.985913564507262,f_stable,14,"[""letter_count"", ""hostname_length"", ""path_segment_count"", ""query_length"", ""path_length"", ""url_length"", ""slash_count"", ""dot_count"", ""token_mean_length"", ""question_mark_count"", ""token_max_length"", ""longest_repeated_char_run"", ""hyphen_count"", ""query_parameter_count""]",0.0007045999998354,0.005038900000045,200.0,200.0,2.519450000022516e-05,raw_log_odds,0.9863511144649908,-0.007814881320960754
0.9885630991758704,0.9883933842637362,master,phiusiil,PhiUSIIL,201,207,0.0102846922045014,0.1072776999999405,3.0071676851471806e-06,0.9883719396334368,rf,20261008,20127,15547,35674,20260909.0,0.9983381911372584,0.9866906706101716,0.987071460731974,r07,0.9987853677677012,S3-domain,s3,rf_depth24_leaf2,"{""class_weight"": null, ""max_depth"": 24, ""max_features"": ""sqrt"", ""min_samples_leaf"": 2, ""n_estimators"": 200}",0.85,19920,64.54567080000015,15346,64.35207600000012,0.9917620049911804,0.9992465182724636,f_all,35,"[""url_length"", ""hostname_length"", ""path_length"", ""query_length"", ""fragment_length"", ""digit_count"", ""letter_count"", ""special_char_count"", ""digit_ratio"", ""letter_ratio"", ""special_char_ratio"", ""dot_count"", ""hyphen_count"", ""underscore_count"", ""slash_count"", ""question_mark_count"", ""equals_sign_count"", ""percent_sign_count"", ""at_sign_count"", ""subdomain_depth"", ""path_segment_count"", ""query_parameter_count"", ""has_port"", ""has_userinfo"", ""host_is_ip"", ""tld_length"", ""registrable_domain_length"", ""domain_digit_ratio"", ""domain_hyphen_ratio"", ""url_char_entropy"", ""longest_repeated_char_run"", ""char_type_transition_count"", ""token_count"", ""token_mean_length"", ""token_max_length""]",0.0773567000001094,37.0072169,200.0,200.0,0.1850360845,positive_class_probability,0.9883719396334368,0.0
0.9765095027190672,0.9749961290540388,,phiusiil,,572,266,0.0132160779053013,0.105978099999902,2.9707377922268893e-06,0.9760604268575656,rf,20261008,20127,15547,35674,,0.9943367616423952,0.982547076963454,0.9632083360133789,r07,0.9943674656348344,S3-domain,s3,rf_depth16_leaf1,"{""class_weight"": null, ""max_depth"": 16, ""max_features"": ""sqrt"", ""min_samples_leaf"": 1, ""n_estimators"": 200}",0.94,19861,,14975,57.81862109999997,0.9694274887725716,0.9924411473508028,f_mi,15,"[""longest_repeated_char_run"", ""subdomain_depth"", ""char_type_transition_count"", ""letter_ratio"", ""special_char_count"", ""token_count"", ""special_char_ratio"", ""url_char_entropy"", ""token_mean_length"", ""path_segment_count"", ""path_length"", ""url_length"", ""dot_count"", ""slash_count"", ""letter_count""]",,,,,,,0.9883719396334368,-0.01231151277587128
0.9896563323428827,0.9895817808923372,,phiusiil,,171,198,0.0098375316738709,0.0888674000000264,2.491097157594508e-06,0.989485055491858,rf,20261008,20127,15547,35674,,0.9993530305940014,0.9872865031462694,0.989001093458545,r07,0.9994251096774944,S3-domain,s3,rf_depth24_leaf2,"{""class_weight"": null, ""max_depth"": 24, ""max_features"": ""sqrt"", ""min_samples_leaf"": 2, ""n_estimators"": 200}",0.83,19929,,15376,62.520128399999976,0.993414820213115,0.9995089405199546,f_permutation,15,"[""longest_repeated_char_run"", ""hostname_length"", ""registrable_domain_length"", ""subdomain_depth"", ""letter_ratio"", ""token_mean_length"", ""url_length"", ""letter_count"", ""special_char_ratio"", ""path_segment_count"", ""path_length"", ""domain_hyphen_ratio"", ""token_max_length"", ""hyphen_count"", ""dot_count""]",,,,,,,0.9883719396334368,0.0011131158584211098
0.9889275102315412,0.9885406944860706,,phiusiil,,225,170,0.008446365578576,0.0977199999999811,2.739249873857184e-06,0.9887373870734972,rf,20261008,20127,15547,35674,20260909.0,0.9990114935601762,0.9890265943712884,0.9855277545507172,r07,0.9992369783961637,S3-domain,s3,rf_depth24_leaf2,"{""class_weight"": null, ""max_depth"": 24, ""max_features"": ""sqrt"", ""min_samples_leaf"": 2, ""n_estimators"": 200}",0.85,19957,72.49034180000012,15322,55.12297620000004,0.992357958679478,0.9993475361861236,f_single,15,"[""longest_repeated_char_run"", ""hostname_length"", ""subdomain_depth"", ""registrable_domain_length"", ""letter_ratio"", ""url_length"", ""path_length"", ""token_mean_length"", ""path_segment_count"", ""char_type_transition_count"", ""digit_ratio"", ""digit_count"", ""token_max_length"", ""letter_count"", ""special_char_ratio""]",0.0344571999999061,16.45971080000004,200.0,200.0,0.0822985540000001,positive_class_probability,0.9883719396334368,0.00036544744006039576
0.9896283007232158,0.9893886178845888,,phiusiil,,194,176,0.0087444725989963,0.167965200000026,4.70833660368969e-06,0.989453090461244,rf,20261008,20127,15547,35674,20260909.0,0.998888047382552,0.988666366153648,0.987521708368174,r07,0.9991298564720572,S3-domain,s3,rf_depth24_leaf2,"{""class_weight"": null, ""max_depth"": 24, ""max_features"": ""sqrt"", ""min_samples_leaf"": 2, ""n_estimators"": 200}",0.84,19951,78.29627959999993,15353,57.77730399999996,0.9925586128591204,0.9993270191193564,f_stable,15,"[""longest_repeated_char_run"", ""hostname_length"", ""subdomain_depth"", ""registrable_domain_length"", ""letter_ratio"", ""path_length"", ""url_length"", ""char_type_transition_count"", ""token_mean_length"", ""path_segment_count"", ""token_max_length"", ""special_char_ratio"", ""digit_ratio"", ""digit_count"", ""letter_count""]",0.1035253999998531,18.462193699999943,200.0,200.0,0.0923109684999997,positive_class_probability,0.9883719396334368,0.0010811508278071313
0.99265571564725,0.99212280912456,master,phiusiil,PhiUSIIL,187,75,0.0037263377552541,0.0339994000000842,9.530582497080304e-07,0.9925264329736792,xgb,20261008,20127,15547,35674,20260909.0,0.9995312007448488,0.9951409135082604,0.9879719560043738,r07,0.9995287961580326,S3-domain,s3,xgb_d6_lr01_balanced,"{""colsample_bytree"": 0.9, ""learning_rate"": 0.1, ""max_depth"": 6, ""n_estimators"": 200, ""reg_lambda"": 1.0, ""scale_pos_weight"": 1.3542785150825352, ""subsample"": 0.9}",0.88,20052,20.86638189999985,15360,20.72756449999997,0.9950371175270948,0.9994988569432572,f_all,35,"[""url_length"", ""hostname_length"", ""path_length"", ""query_length"", ""fragment_length"", ""digit_count"", ""letter_count"", ""special_char_count"", ""digit_ratio"", ""letter_ratio"", ""special_char_ratio"", ""dot_count"", ""hyphen_count"", ""underscore_count"", ""slash_count"", ""question_mark_count"", ""equals_sign_count"", ""percent_sign_count"", ""at_sign_count"", ""subdomain_depth"", ""path_segment_count"", ""query_parameter_count"", ""has_port"", ""has_userinfo"", ""host_is_ip"", ""tld_length"", ""registrable_domain_length"", ""domain_digit_ratio"", ""domain_hyphen_ratio"", ""url_char_entropy"", ""longest_repeated_char_run"", ""char_type_transition_count"", ""token_count"", ""token_mean_length"", ""token_max_length""]",0.1015317999999751,0.0435173000000759,200.0,200.0,0.0002175865000003,raw_margin,0.9925264329736792,0.0
0.9825923641868028,0.981638325903044,,phiusiil,,401,220,0.0109305907487454,0.0311501999999563,8.731905589492735e-07,0.9822766911023354,xgb,20261008,20127,15547,35674,,0.9962248065934436,0.985682676038006,0.9742072425548336,r07,0.995597936060924,S3-domain,s3,xgb_d6_lr005,"{""colsample_bytree"": 0.9, ""learning_rate"": 0.05, ""max_depth"": 6, ""n_estimators"": 250, ""reg_lambda"": 1.0, ""scale_pos_weight"": 1.0, ""subsample"": 0.9}",0.94,19907,,15146,18.47117479999997,0.9781950565428656,0.9948770493243896,f_mi,15,"[""longest_repeated_char_run"", ""subdomain_depth"", ""char_type_transition_count"", ""letter_ratio"", ""special_char_count"", ""token_count"", ""special_char_ratio"", ""url_char_entropy"", ""token_mean_length"", ""path_segment_count"", ""path_length"", ""url_length"", ""dot_count"", ""slash_count"", ""letter_count""]",,,,,,,0.9925264329736792,-0.010249741871343754
0.9911700398049,0.9910623100653104,,phiusiil,,152,163,0.0080985740547523,0.027824899999814,7.799770140666614e-07,0.9910227812590514,xgb,20261008,20127,15547,35674,,0.9994009605568605,0.9895230749453656,0.9902231941853734,r07,0.999389793317611,S3-domain,s3,xgb_d6_lr01_balanced,"{""colsample_bytree"": 0.9, ""learning_rate"": 0.1, ""max_depth"": 6, ""n_estimators"": 200, ""reg_lambda"": 1.0, ""scale_pos_weight"": 1.3542785150825352, ""subsample"": 0.9}",0.69,19964,,15395,17.86460749999992,0.9937591949743858,0.9994622502524458,f_permutation,15,"[""hostname_length"", ""url_length"", ""longest_repeated_char_run"", ""subdomain_depth"", ""path_length"", ""dot_count"", ""letter_count"", ""special_char_ratio"", ""registrable_domain_length"", ""token_mean_length"", ""domain_hyphen_ratio"", ""url_char_entropy"", ""char_type_transition_count"", ""path_segment_count"", ""letter_ratio""]",,,,,,,0.9925264329736792,-0.0015036517146277406
0.992795873745585,0.992422659432856,,phiusiil,,163,94,0.0046703433199185,0.0353004000000964,9.895273868951193e-07,0.9926714120303688,xgb,20261008,20127,15547,35674,20260909.0,0.9995364703826176,0.993926863935909,0.9895156621856308,r07,0.9995634573868172,S3-domain,s3,xgb_d6_lr01_balanced,"{""colsample_bytree"": 0.9, ""learning_rate"": 0.1, ""max_depth"": 6, ""n_estimators"": 200, ""reg_lambda"": 1.0, ""scale_pos_weight"": 1.3542785150825352, ""subsample"": 0.9}",0.82,20033,28.46876969999994,15384,27.06000310000013,0.9943828213321904,0.9994511137400738,f_single,15,"[""hostname_length"", ""longest_repeated_char_run"", ""url_length"", ""path_length"", ""subdomain_depth"", ""registrable_domain_length"", ""token_max_length"", ""dot_count"", ""token_mean_length"", ""digit_count"", ""char_type_transition_count"", ""letter_ratio"", ""slash_count"", ""letter_count"", ""special_char_ratio""]",0.0627044999998815,0.0288736999998491,200.0,200.0,0.0001443684999992,raw_margin,0.9925264329736792,0.0001449790566896425
0.9922352413522452,0.9922478193234332,,phiusiil,,119,158,0.0078501515377353,0.0331386999998812,9.289314346549668e-07,0.9921073556713256,xgb,20261008,20127,15547,35674,20260909.0,0.9995007001277048,0.989862697292442,0.9923457901846016,r07,0.9994814014177144,S3-domain,s3,xgb_d6_lr01_balanced,"{""colsample_bytree"": 0.9, ""learning_rate"": 0.1, ""max_depth"": 6, ""n_estimators"": 200, ""reg_lambda"": 1.0, ""scale_pos_weight"": 1.3542785150825352, ""subsample"": 0.9}",0.69,19969,28.29968320000012,15428,26.88300409999988,0.9943570929280422,0.9994272892729316,f_stable,14,"[""hostname_length"", ""longest_repeated_char_run"", ""url_length"", ""path_length"", ""registrable_domain_length"", ""subdomain_depth"", ""token_max_length"", ""char_type_transition_count"", ""dot_count"", ""digit_count"", ""letter_ratio"", ""token_mean_length"", ""slash_count"", ""letter_count""]",0.0584506999998666,0.0326623000000836,200.0,200.0,0.0001633115000004,raw_margin,0.9925264329736792,-0.00041907730235357654
0.9853114312945002,0.9842822097178254,master,phiusiil,PhiUSIIL,369,155,0.0077010980275252,0.0236571999998886,6.631496327826621e-07,0.9850412927811958,lr,20261009,20127,15547,35674,20260910.0,0.9968199348738208,0.9898910845887954,0.976265517463176,r08,0.9953518927883132,S3-domain,s3,lr_c1_balanced,"{""C"": 1.0, ""class_weight"": ""balanced""}",0.95,19972,26.11393230000021,15178,25.98862550000013,0.9867105881267432,0.994190071908828,f_all,35,"[""url_length"", ""hostname_length"", ""path_length"", ""query_length"", ""fragment_length"", ""digit_count"", ""letter_count"", ""special_char_count"", ""digit_ratio"", ""letter_ratio"", ""special_char_ratio"", ""dot_count"", ""hyphen_count"", ""underscore_count"", ""slash_count"", ""question_mark_count"", ""equals_sign_count"", ""percent_sign_count"", ""at_sign_count"", ""subdomain_depth"", ""path_segment_count"", ""query_parameter_count"", ""has_port"", ""has_userinfo"", ""host_is_ip"", ""tld_length"", ""registrable_domain_length"", ""domain_digit_ratio"", ""domain_hyphen_ratio"", ""url_char_entropy"", ""longest_repeated_char_run"", ""char_type_transition_count"", ""token_count"", ""token_mean_length"", ""token_max_length""]",0.0022406000000501,0.0055591999998796,200.0,200.0,2.7795999999398e-05,raw_log_odds,0.9850412927811958,0.0
0.976593597578068,0.9742144154414284,,phiusiil,,689,146,0.0072539374968947,0.0094799000000875,2.657369512835001e-07,0.9761007306011146,lr,20261009,20127,15547,35674,,0.9910773634403812,0.9902692615302586,0.9556827683797516,r08,0.9875446890888258,S3-domain,s3,lr_c1_balanced,"{""C"": 1.0, ""class_weight"": ""balanced""}",0.93,19981,,14858,16.650892200000044,0.9775800739220454,0.9847239005814494,f_mi,15,"[""subdomain_depth"", ""longest_repeated_char_run"", ""char_type_transition_count"", ""letter_ratio"", ""token_count"", ""special_char_count"", ""special_char_ratio"", ""url_char_entropy"", ""token_mean_length"", ""path_length"", ""path_segment_count"", ""dot_count"", ""url_length"", ""slash_count"", ""letter_count""]",,,,,,,0.9850412927811958,-0.008940562180081213
0.9790323484890956,0.9776637110379194,,phiusiil,,513,235,0.0116758582997962,0.0076378999999633,2.1410270785343214e-07,0.9786361703466432,lr,20261009,20127,15547,35674,,0.992987161580702,0.9846093391839676,0.9670032803756352,r08,0.9900508755317416,S3-domain,s3,lr_c01,"{""C"": 0.1, ""class_weight"": null}",0.95,19892,,15034,19.012640600000168,0.9796520716419388,0.9878374010139804,f_permutation,15,"[""hostname_length"", ""path_segment_count"", ""letter_count"", ""path_length"", ""token_mean_length"", ""url_length"", ""query_length"", ""slash_count"", ""longest_repeated_char_run"", ""token_max_length"", ""dot_count"", ""hyphen_count"", ""registrable_domain_length"", ""question_mark_count"", ""subdomain_depth""]",,,,,,,0.9850412927811958,-0.0064051224345526014
0.9773504513090766,0.97511202334335,,phiusiil,,658,150,0.0074526755105082,0.005489099999977,1.538683635134003e-07,0.9768801506479748,lr,20261009,20127,15547,35674,20260910.0,0.9907052460848838,0.9900259325753042,0.9576767221972085,r08,0.9859963474555726,S3-domain,s3,lr_c1,"{""C"": 1.0, ""class_weight"": null}",0.9,19977,21.75027799999998,14889,20.90744840000002,0.9789276788442256,0.9820093445340892,f_single,15,"[""hostname_length"", ""path_segment_count"", ""letter_count"", ""query_length"", ""path_length"", ""slash_count"", ""url_length"", ""dot_count"", ""question_mark_count"", ""token_mean_length"", ""hyphen_count"", ""underscore_count"", ""token_max_length"", ""query_parameter_count"", ""longest_repeated_char_run""]",0.0009471000000758,0.005377099999805,200.0,200.0,2.688549999902534e-05,raw_log_odds,0.9850412927811958,-0.008161142133220944
0.9770981667320736,0.974844533315588,,phiusiil,,664,153,0.0076017290207184,0.0148348000000169,4.158434714362536e-07,0.9766220549693037,lr,20261009,20127,15547,35674,20260910.0,0.990598528587208,0.9898244213886672,0.9572907956518942,r08,0.9858547736250574,S3-domain,s3,lr_c1,"{""C"": 1.0, ""class_weight"": null}",0.91,19974,19.386625099999947,14883,18.42226310000001,0.9787537404020172,0.9819872360804748,f_stable,14,"[""letter_count"", ""hostname_length"", ""path_segment_count"", ""path_length"", ""query_length"", ""url_length"", ""slash_count"", ""dot_count"", ""token_mean_length"", ""question_mark_count"", ""token_max_length"", ""hyphen_count"", ""longest_repeated_char_run"", ""query_parameter_count""]",0.0011516999998093,0.0052737999999408,200.0,200.0,2.6368999999704105e-05,raw_log_odds,0.9850412927811958,-0.008419237811892133
0.9911700398049,0.9914282247523684,master,phiusiil,PhiUSIIL,102,213,0.0105827992249217,0.2196262000002207,6.156478107311227e-06,0.9910292583520404,rf,20261009,20127,15547,35674,20260910.0,0.9993267200694832,0.986396730106016,0.9934392487296584,r08,0.9993973401082964,S3-domain,s3,rf_depth24_leaf2,"{""class_weight"": null, ""max_depth"": 24, ""max_features"": ""sqrt"", ""min_samples_leaf"": 2, ""n_estimators"": 200}",0.79,19914,79.64936840000018,15445,79.28180380000003,0.9901430301658614,0.9991127251395368,f_all,35,"[""url_length"", ""hostname_length"", ""path_length"", ""query_length"", ""fragment_length"", ""digit_count"", ""letter_count"", ""special_char_count"", ""digit_ratio"", ""letter_ratio"", ""special_char_ratio"", ""dot_count"", ""hyphen_count"", ""underscore_count"", ""slash_count"", ""question_mark_count"", ""equals_sign_count"", ""percent_sign_count"", ""at_sign_count"", ""subdomain_depth"", ""path_segment_count"", ""query_parameter_count"", ""has_port"", ""has_userinfo"", ""host_is_ip"", ""tld_length"", ""registrable_domain_length"", ""domain_digit_ratio"", ""domain_hyphen_ratio"", ""url_char_entropy"", ""longest_repeated_char_run"", ""char_type_transition_count"", ""token_count"", ""token_mean_length"", ""token_max_length""]",0.0410738000000492,36.47415789999968,200.0,200.0,0.1823707894999984,positive_class_probability,0.9910292583520404,0.0
0.9670067836519594,0.9635375138245844,,phiusiil,,987,190,0.0094400556466438,0.0907635999999456,2.544250714804778e-06,0.9662398083838256,rf,20261009,20127,15547,35674,,0.9925499970777412,0.9871186440677966,0.9365150832958128,r08,0.9926580959731844,S3-domain,s3,rf_depth16_leaf1,"{""class_weight"": null, ""max_depth"": 16, ""max_features"": ""sqrt"", ""min_samples_leaf"": 1, ""n_estimators"": 200}",0.95,19937,,14560,54.93449399999986,0.9747224213807968,0.9939442218143244,f_mi,15,"[""subdomain_depth"", ""longest_repeated_char_run"", ""char_type_transition_count"", ""letter_ratio"", ""token_count"", ""special_char_count"", ""special_char_ratio"", ""url_char_entropy"", ""token_mean_length"", ""path_length"", ""path_segment_count"", ""dot_count"", ""url_length"", ""slash_count"", ""letter_count""]",,,,,,,0.9910292583520404,-0.02478944996821475
0.9918988619162415,0.9920228952404244,,phiusiil,,109,180,0.0089432106126099,0.0885725000000547,2.482830632955508e-06,0.9917673403364592,rf,20261009,20127,15547,35674,,0.99908723029473,0.9884748367268535,0.9929890010934586,r08,0.9992602435395852,S3-domain,s3,rf_depth24_leaf2,"{""class_weight"": null, ""max_depth"": 24, ""max_features"": ""sqrt"", ""min_samples_leaf"": 2, ""n_estimators"": 200}",0.74,19947,,15438,60.12607880000019,0.9919407473976376,0.9992784354849664,f_permutation,15,"[""longest_repeated_char_run"", ""hostname_length"", ""registrable_domain_length"", ""letter_ratio"", ""token_max_length"", ""subdomain_depth"", ""token_mean_length"", ""url_length"", ""letter_count"", ""special_char_ratio"", ""path_segment_count"", ""path_length"", ""char_type_transition_count"", ""digit_count"", ""digit_ratio""]",,,,,,,0.9910292583520404,0.0007380819844188258
0.9917026405785726,0.991922182415924,,phiusiil,,99,197,0.0097878471704675,0.0898909000000003,2.519787520322933e-06,0.9915695675810224,rf,20261009,20127,15547,35674,20260910.0,0.9992476268414108,0.98740811760946,0.9936322120023156,r08,0.9993105496185924,S3-domain,s3,rf_depth24_leaf2,"{""class_weight"": null, ""max_depth"": 24, ""max_features"": ""sqrt"", ""min_samples_leaf"": 2, ""n_estimators"": 200}",0.75,19930,85.35905049999997,15448,68.0916588,0.99171185719728,0.9993608169165166,f_single,15,"[""longest_repeated_char_run"", ""hostname_length"", ""subdomain_depth"", ""letter_ratio"", ""url_length"", ""registrable_domain_length"", ""path_segment_count"", ""path_length"", ""digit_count"", ""token_mean_length"", ""char_type_transition_count"", ""token_max_length"", ""digit_ratio"", ""special_char_ratio"", ""letter_count""]",0.0408508000000438,16.368678199999977,200.0,200.0,0.0818433909999998,positive_class_probability,0.9910292583520404,0.0005403092289820721
0.9920390200145764,0.9921471064989328,,phiusiil,,109,175,0.0086947880955929,0.0915156999999453,2.5653332959563087e-06,0.9919094824287338,rf,20261009,20127,15547,35674,20260910.0,0.999174225622818,0.988791391788894,0.9929890010934586,r08,0.9993383479496438,S3-domain,s3,rf_depth24_leaf2,"{""class_weight"": null, ""max_depth"": 24, ""max_features"": ""sqrt"", ""min_samples_leaf"": 2, ""n_estimators"": 200}",0.76,19952,96.64837009999997,15438,80.14589920000003,0.9917117383817248,0.999226044345701,f_stable,15,"[""longest_repeated_char_run"", ""hostname_length"", ""subdomain_depth"", ""registrable_domain_length"", ""letter_ratio"", ""path_length"", ""url_length"", ""token_mean_length"", ""path_segment_count"", ""char_type_transition_count"", ""token_max_length"", ""special_char_ratio"", ""digit_count"", ""letter_count"", ""digit_ratio""]",0.0401538999999502,15.552212499999996,200.0,200.0,0.0777610624999999,positive_class_probability,0.9910292583520404,0.0008802240766934144
0.994561865784605,0.9946975957829548,master,phiusiil,PhiUSIIL,66,128,0.0063596164356337,0.0577166000002762,1.6178897796792123e-06,0.9944732193929786,xgb,20261009,20127,15547,35674,20260910.0,0.999630761342911,0.9917996027932604,0.9957548080015436,r08,0.9996164622863764,S3-domain,s3,xgb_d6_lr01_balanced,"{""colsample_bytree"": 0.9, ""learning_rate"": 0.1, ""max_depth"": 6, ""n_estimators"": 200, ""reg_lambda"": 1.0, ""scale_pos_weight"": 1.3542785150825352, ""subsample"": 0.9}",0.67,19999,30.67211550000001,15481,30.40683110000009,0.9926486210858954,0.9995317679736504,f_all,35,"[""url_length"", ""hostname_length"", ""path_length"", ""query_length"", ""fragment_length"", ""digit_count"", ""letter_count"", ""special_char_count"", ""digit_ratio"", ""letter_ratio"", ""special_char_ratio"", ""dot_count"", ""hyphen_count"", ""underscore_count"", ""slash_count"", ""question_mark_count"", ""equals_sign_count"", ""percent_sign_count"", ""at_sign_count"", ""subdomain_depth"", ""path_segment_count"", ""query_parameter_count"", ""has_port"", ""has_userinfo"", ""host_is_ip"", ""tld_length"", ""registrable_domain_length"", ""domain_digit_ratio"", ""domain_hyphen_ratio"", ""url_char_entropy"", ""longest_repeated_char_run"", ""char_type_transition_count"", ""token_count"", ""token_mean_length"", ""token_max_length""]",0.1187095000000226,0.0557457999998405,200.0,200.0,0.0002787289999992,raw_margin,0.9944732193929786,0.0
0.978499747715423,0.9762183751880136,,phiusiil,,646,121,0.00601182491181,0.0321030000000064,8.998990861693792e-07,0.978050260601974,xgb,20261009,20127,15547,35674,,0.9953116411941584,0.9919451471175608,0.9584485752878368,r08,0.9947846579123832,S3-domain,s3,xgb_d6_lr005,"{""colsample_bytree"": 0.9, ""learning_rate"": 0.05, ""max_depth"": 6, ""n_estimators"": 250, ""reg_lambda"": 1.0, ""scale_pos_weight"": 1.0, ""subsample"": 0.9}",0.95,20006,,14901,18.539069800000107,0.9824596476243788,0.9951959897716136,f_mi,15,"[""subdomain_depth"", ""longest_repeated_char_run"", ""char_type_transition_count"", ""letter_ratio"", ""token_count"", ""special_char_count"", ""special_char_ratio"", ""url_char_entropy"", ""token_mean_length"", ""path_length"", ""path_segment_count"", ""dot_count"", ""url_length"", ""slash_count"", ""letter_count""]",,,,,,,0.9944732193929786,-0.016422958791004638
0.9938330436732634,0.9933564593333012,,phiusiil,,161,59,0.0029313857007999,0.027710099999922,7.767589841319174e-07,0.9937249560481156,xgb,20261009,20127,15547,35674,,0.9996205143472257,0.9961799935254128,0.989644304367402,r08,0.999636325541725,S3-domain,s3,xgb_d6_lr01_balanced,"{""colsample_bytree"": 0.9, ""learning_rate"": 0.1, ""max_depth"": 6, ""n_estimators"": 200, ""reg_lambda"": 1.0, ""scale_pos_weight"": 1.3542785150825352, ""subsample"": 0.9}",0.85,20068,,15386,17.917371300000013,0.9924411905314304,0.9995766575453996,f_permutation,15,"[""hostname_length"", ""url_length"", ""longest_repeated_char_run"", ""path_length"", ""registrable_domain_length"", ""token_max_length"", ""subdomain_depth"", ""digit_count"", ""dot_count"", ""char_type_transition_count"", ""special_char_ratio"", ""letter_ratio"", ""token_mean_length"", ""letter_count"", ""tld_length""]",,,,,,,0.9944732193929786,-0.0007482633448629983
0.9941974547289344,0.9941258245236336,,phiusiil,,100,107,0.0053162418641625,0.0296622000000752,8.314795088881327e-07,0.994100512483864,xgb,20261009,20127,15547,35674,20260910.0,0.9995741446578194,0.9931207406454932,0.9935678909114298,r08,0.9995752529423624,S3-domain,s3,xgb_d6_lr01_balanced,"{""colsample_bytree"": 0.9, ""learning_rate"": 0.1, ""max_depth"": 6, ""n_estimators"": 200, ""reg_lambda"": 1.0, ""scale_pos_weight"": 1.3542785150825352, ""subsample"": 0.9}",0.7,20020,20.04306880000013,15447,19.0437316,0.9930760771224192,0.9995406915635496,f_single,15,"[""hostname_length"", ""url_length"", ""longest_repeated_char_run"", ""path_length"", ""registrable_domain_length"", ""subdomain_depth"", ""token_max_length"", ""char_type_transition_count"", ""digit_count"", ""dot_count"", ""token_mean_length"", ""letter_ratio"", ""letter_count"", ""slash_count"", ""digit_ratio""]",0.1313697000000502,0.0201681999997163,200.0,200.0,0.0001008409999985,raw_margin,0.9944732193929786,-0.00037270690911461735
0.9940012333912652,0.9937616531244516,,phiusiil,,126,88,0.0043722362994981,0.0294008000000758,8.241520435071995e-07,0.9938989970075738,xgb,20261009,20127,15547,35674,20260910.0,0.999575996361038,0.994325875298214,0.9918955425484016,r08,0.9995617412629136,S3-domain,s3,xgb_d6_lr01_balanced,"{""colsample_bytree"": 0.9, ""learning_rate"": 0.1, ""max_depth"": 6, ""n_estimators"": 200, ""reg_lambda"": 1.0, ""scale_pos_weight"": 1.3542785150825352, ""subsample"": 0.9}",0.81,20039,19.72263159999966,15421,18.84048249999978,0.9937277983561292,0.9995993763501942,f_stable,14,"[""hostname_length"", ""longest_repeated_char_run"", ""url_length"", ""path_length"", ""registrable_domain_length"", ""subdomain_depth"", ""token_max_length"", ""char_type_transition_count"", ""dot_count"", ""token_mean_length"", ""letter_ratio"", ""digit_count"", ""letter_count"", ""slash_count""]",0.0414422999997441,0.0243583999999827,200.0,200.0,0.0001217919999999,raw_margin,0.9944732193929786,-0.0005742223854048323
0.984414856341976,0.9829100391316274,master,phiusiil,PhiUSIIL,448,108,0.0053659263675659,0.0154865999998037,4.341023125382966e-07,0.9841128105738766,lr,20261010,20127,15548,35675,20260911.0,0.9966116622328228,0.992898474487112,0.9711860046308208,r09,0.9949132389951542,S3-domain,s3,lr_c1,"{""C"": 1.0, ""class_weight"": null}",0.95,20019,36.594492900000205,15100,36.41836969999986,0.9862206327426356,0.9932054064715272,f_all,35,"[""url_length"", ""hostname_length"", ""path_length"", ""query_length"", ""fragment_length"", ""digit_count"", ""letter_count"", ""special_char_count"", ""digit_ratio"", ""letter_ratio"", ""special_char_ratio"", ""dot_count"", ""hyphen_count"", ""underscore_count"", ""slash_count"", ""question_mark_count"", ""equals_sign_count"", ""percent_sign_count"", ""at_sign_count"", ""subdomain_depth"", ""path_segment_count"", ""query_parameter_count"", ""has_port"", ""has_userinfo"", ""host_is_ip"", ""tld_length"", ""registrable_domain_length"", ""domain_digit_ratio"", ""domain_hyphen_ratio"", ""url_char_entropy"", ""longest_repeated_char_run"", ""char_type_transition_count"", ""token_count"", ""token_mean_length"", ""token_max_length""]",0.0026692999999795,0.0052165000001878,200.0,200.0,2.6082500000939e-05,raw_log_odds,0.9841128105738766,0.0
0.975501051156272,0.9728153355086376,,phiusiil,,748,126,0.0062602474288269,0.0057313000002068,1.6065311843607089e-07,0.9749690368576658,lr,20261010,20127,15548,35675,,0.990888407084964,0.9915583545491088,0.9518909184461024,r09,0.9874634570605292,S3-domain,s3,lr_c1_balanced,"{""C"": 1.0, ""class_weight"": ""balanced""}",0.93,20001,,14800,16.761600300000055,0.976803916930723,0.9844723283401002,f_mi,15,"[""longest_repeated_char_run"", ""subdomain_depth"", ""char_type_transition_count"", ""letter_ratio"", ""token_count"", ""special_char_count"", ""special_char_ratio"", ""path_segment_count"", ""path_length"", ""token_mean_length"", ""url_char_entropy"", ""url_length"", ""dot_count"", ""slash_count"", ""letter_count""]",,,,,,,0.9841128105738766,-0.009143773716210779
0.9767624386825507,0.9756744984501492,,phiusiil,,510,319,0.0158493565856809,0.0095427999999628,2.674926419050562e-07,0.976339445157816,lr,20261010,20127,15548,35675,,0.9935751123998572,0.9792277137461745,0.9671983534859788,r09,0.99193189557092,S3-domain,s3,lr_c01,"{""C"": 0.1, ""class_weight"": null}",0.95,19808,,15038,18.617878899999823,0.979395746948036,0.9899383237131836,f_permutation,15,"[""hostname_length"", ""path_length"", ""path_segment_count"", ""letter_count"", ""url_length"", ""token_mean_length"", ""query_length"", ""slash_count"", ""longest_repeated_char_run"", ""dot_count"", ""token_max_length"", ""hyphen_count"", ""question_mark_count"", ""query_parameter_count"", ""registrable_domain_length""]",,,,,,,0.9841128105738766,-0.007773365416060551
0.9748843728100912,0.972246857295382,,phiusiil,,751,145,0.0072042529934913,0.0121030999998765,3.392599859811234e-07,0.9743423896876392,lr,20261010,20127,15548,35675,20260911.0,0.9906654185446392,0.9902958104671395,0.9516979675842552,r09,0.9867676055861844,S3-domain,s3,lr_c1,"{""C"": 1.0, ""class_weight"": null}",0.95,19982,20.14171750000014,14797,19.38678960000016,0.9794680225714668,0.9865458757890068,f_single,15,"[""hostname_length"", ""letter_count"", ""path_segment_count"", ""path_length"", ""url_length"", ""query_length"", ""slash_count"", ""dot_count"", ""token_mean_length"", ""question_mark_count"", ""token_max_length"", ""hyphen_count"", ""longest_repeated_char_run"", ""query_parameter_count"", ""special_char_ratio""]",0.0009052000000338,0.0044104000003244,200.0,200.0,2.205200000162222e-05,raw_log_odds,0.9841128105738766,-0.009770420886237363
0.9748002803083392,0.972208911666641,,phiusiil,,746,153,0.0076017290207184,0.0080093000001397,2.245073580978213e-07,0.9742592644165364,lr,20261010,20127,15548,35675,20260911.0,0.9902673493733888,0.9897693079237712,0.9520195523540004,r09,0.9855349869977303,S3-domain,s3,lr_c1,"{""C"": 1.0, ""class_weight"": null}",0.91,19974,18.73091639999984,14802,17.968097999999827,0.9786368462784488,0.9821036416081552,f_stable,14,"[""letter_count"", ""hostname_length"", ""path_length"", ""path_segment_count"", ""query_length"", ""url_length"", ""slash_count"", ""dot_count"", ""question_mark_count"", ""token_mean_length"", ""token_max_length"", ""query_parameter_count"", ""hyphen_count"", ""longest_repeated_char_run""]",0.0010699999997996,0.0043719999998756,200.0,200.0,2.185999999937849e-05,raw_log_odds,0.9841128105738766,-0.009853546157340132
0.991114225648213,0.9914153323590976,master,phiusiil,PhiUSIIL,97,220,0.0109305907487454,0.2173023999998804,6.091167484229304e-06,0.9909733984058162,rf,20261010,20127,15548,35675,20260911.0,0.9991529069198708,0.9859613298449365,0.993761255466941,r09,0.9992622627764683,S3-domain,s3,rf_depth24_leaf2,"{""class_weight"": null, ""max_depth"": 24, ""max_features"": ""sqrt"", ""min_samples_leaf"": 2, ""n_estimators"": 200}",0.79,19907,109.7058387000002,15451,109.3507609999997,0.989434158144183,0.9989417704179422,f_all,35,"[""url_length"", ""hostname_length"", ""path_length"", ""query_length"", ""fragment_length"", ""digit_count"", ""letter_count"", ""special_char_count"", ""digit_ratio"", ""letter_ratio"", ""special_char_ratio"", ""dot_count"", ""hyphen_count"", ""underscore_count"", ""slash_count"", ""question_mark_count"", ""equals_sign_count"", ""percent_sign_count"", ""at_sign_count"", ""subdomain_depth"", ""path_segment_count"", ""query_parameter_count"", ""has_port"", ""has_userinfo"", ""host_is_ip"", ""tld_length"", ""registrable_domain_length"", ""domain_digit_ratio"", ""domain_hyphen_ratio"", ""url_char_entropy"", ""longest_repeated_char_run"", ""char_type_transition_count"", ""token_count"", ""token_mean_length"", ""token_max_length""]",0.0547212999999828,38.11219260000007,200.0,200.0,0.1905609630000003,positive_class_probability,0.9909733984058162,0.0
0.9668395234758234,0.9630100581784188,,phiusiil,,1039,144,0.0071545684900879,0.0915661999999883,2.5666769446387773e-06,0.9660399659044308,rf,20261010,20127,15548,35675,,0.9925157128538944,0.9901726608885552,0.9331746848469256,r09,0.992920701231768,S3-domain,s3,rf_depth16_leaf1,"{""class_weight"": null, ""max_depth"": 16, ""max_features"": ""sqrt"", ""min_samples_leaf"": 1, ""n_estimators"": 200}",0.95,19983,,14509,59.40890710000008,0.975110966792056,0.9939394213071336,f_mi,15,"[""longest_repeated_char_run"", ""subdomain_depth"", ""char_type_transition_count"", ""letter_ratio"", ""token_count"", ""special_char_count"", ""special_char_ratio"", ""path_segment_count"", ""path_length"", ""token_mean_length"", ""url_char_entropy"", ""url_length"", ""dot_count"", ""slash_count"", ""letter_count""]",,,,,,,0.9909733984058162,-0.024933432501385466
0.9899088997897688,0.9902959019590152,,phiusiil,,104,256,0.0127192328712674,0.07647350000002,2.1436159775758955e-06,0.989751077149582,rf,20261010,20127,15548,35675,,0.999329355616422,0.9836942675159236,0.9933110367892976,r09,0.999383217763497,S3-domain,s3,rf_depth24_leaf2,"{""class_weight"": null, ""max_depth"": 24, ""max_features"": ""sqrt"", ""min_samples_leaf"": 2, ""n_estimators"": 200}",0.73,19871,,15444,70.12682929999983,0.9898951240524811,0.99938231258451,f_permutation,15,"[""longest_repeated_char_run"", ""hostname_length"", ""registrable_domain_length"", ""subdomain_depth"", ""token_max_length"", ""letter_ratio"", ""token_mean_length"", ""special_char_ratio"", ""url_length"", ""letter_count"", ""tld_length"", ""path_length"", ""path_segment_count"", ""token_count"", ""char_type_transition_count""]",,,,,,,0.9909733984058162,-0.0012223212562342267
0.9908899789768746,0.991406816202578,,phiusiil,,71,254,0.0126198638644606,0.1013784000000015,2.841721093202566e-06,0.9907495192867596,rf,20261010,20127,15548,35675,20260911.0,0.9991196667031126,0.9838535376009154,0.9954334962696166,r09,0.9992672238770304,S3-domain,s3,rf_depth24_leaf2,"{""class_weight"": null, ""max_depth"": 24, ""max_features"": ""sqrt"", ""min_samples_leaf"": 2, ""n_estimators"": 200}",0.65,19873,76.395584,15477,59.8550474,0.9905239904685212,0.9991892234482536,f_single,15,"[""longest_repeated_char_run"", ""hostname_length"", ""subdomain_depth"", ""registrable_domain_length"", ""url_length"", ""letter_ratio"", ""token_mean_length"", ""path_length"", ""path_segment_count"", ""token_max_length"", ""special_char_ratio"", ""letter_count"", ""char_type_transition_count"", ""digit_count"", ""digit_ratio""]",0.0411394999999998,15.618172900000005,200.0,200.0,0.0780908645,positive_class_probability,0.9909733984058162,-0.00022387911905663582
0.9904414856341976,0.990870331895167,,phiusiil,,90,251,0.0124708103542505,0.0835708999999838,2.342562018219588e-06,0.9902926091947716,rf,20261010,20127,15548,35675,20260911.0,0.9992593097851384,0.9840218982748744,0.9942114741445846,r09,0.9993481161795228,S3-domain,s3,rf_depth24_leaf2,"{""class_weight"": null, ""max_depth"": 24, ""max_features"": ""sqrt"", ""min_samples_leaf"": 2, ""n_estimators"": 200}",0.7,19876,77.72061790000001,15458,62.11525979999999,0.9902366973239464,0.9990960240924058,f_stable,14,"[""longest_repeated_char_run"", ""hostname_length"", ""subdomain_depth"", ""registrable_domain_length"", ""letter_ratio"", ""url_length"", ""path_length"", ""token_mean_length"", ""char_type_transition_count"", ""path_segment_count"", ""special_char_ratio"", ""token_max_length"", ""digit_count"", ""digit_ratio""]",0.0328969999999912,14.757178900000014,200.0,200.0,0.0737858945,positive_class_probability,0.9909733984058162,-0.0006807892110446412
0.9946741415557112,0.9941825383857528,master,phiusiil,PhiUSIIL,150,40,0.0019873801361355,0.0407066999996459,1.141042747011799e-06,0.9945805168704798,xgb,20261010,20127,15548,35675,20260911.0,0.9994580340850424,0.9974089908019174,0.9903524569076408,r09,0.9993814681966324,S3-domain,s3,xgb_d6_lr01_balanced,"{""colsample_bytree"": 0.9, ""learning_rate"": 0.1, ""max_depth"": 6, ""n_estimators"": 200, ""reg_lambda"": 1.0, ""scale_pos_weight"": 1.3542448103078024, ""subsample"": 0.9}",0.83,20087,22.318005000000085,15398,22.15567970000029,0.992725397842558,0.9995635117161912,f_all,35,"[""url_length"", ""hostname_length"", ""path_length"", ""query_length"", ""fragment_length"", ""digit_count"", ""letter_count"", ""special_char_count"", ""digit_ratio"", ""letter_ratio"", ""special_char_ratio"", ""dot_count"", ""hyphen_count"", ""underscore_count"", ""slash_count"", ""question_mark_count"", ""equals_sign_count"", ""percent_sign_count"", ""at_sign_count"", ""subdomain_depth"", ""path_segment_count"", ""query_parameter_count"", ""has_port"", ""has_userinfo"", ""host_is_ip"", ""tld_length"", ""registrable_domain_length"", ""domain_digit_ratio"", ""domain_hyphen_ratio"", ""url_char_entropy"", ""longest_repeated_char_run"", ""char_type_transition_count"", ""token_count"", ""token_mean_length"", ""token_max_length""]",0.0704835999999886,0.0406896999998025,200.0,200.0,0.000203448499999,raw_margin,0.9945805168704798,0.0
0.9775473020322356,0.97519216922887,,phiusiil,,671,130,0.0064589854424405,0.0301752000000306,8.458360196224414e-07,0.9770751093735136,xgb,20261010,20127,15548,35675,,0.9953185983963628,0.9913373758912508,0.95684332390018,r09,0.9948582754333752,S3-domain,s3,xgb_d6_lr005,"{""colsample_bytree"": 0.9, ""learning_rate"": 0.05, ""max_depth"": 6, ""n_estimators"": 250, ""reg_lambda"": 1.0, ""scale_pos_weight"": 1.0, ""subsample"": 0.9}",0.94,19997,,14877,16.395304399999986,0.9822931138550086,0.9952502172126948,f_mi,15,"[""longest_repeated_char_run"", ""subdomain_depth"", ""char_type_transition_count"", ""letter_ratio"", ""token_count"", ""special_char_count"", ""special_char_ratio"", ""path_segment_count"", ""path_length"", ""token_mean_length"", ""url_char_entropy"", ""url_length"", ""dot_count"", ""slash_count"", ""letter_count""]",,,,,,,0.9945805168704798,-0.017505407496966163
0.9957673440784864,0.9956196246195802,,phiusiil,,86,65,0.0032294927212202,0.0274208999999245,7.686306937610255e-07,0.9956957821653524,xgb,20261010,20127,15548,35675,,0.999610271185326,0.9958137438011206,0.9944687419603808,r09,0.999593400660629,S3-domain,s3,xgb_d6_lr01_balanced,"{""colsample_bytree"": 0.9, ""learning_rate"": 0.1, ""max_depth"": 6, ""n_estimators"": 200, ""reg_lambda"": 1.0, ""scale_pos_weight"": 1.3542448103078024, ""subsample"": 0.9}",0.71,20062,,15462,16.155839799999967,0.9940717090969672,0.9996448737982996,f_permutation,15,"[""hostname_length"", ""url_length"", ""longest_repeated_char_run"", ""path_length"", ""token_max_length"", ""registrable_domain_length"", ""subdomain_depth"", ""digit_count"", ""slash_count"", ""char_type_transition_count"", ""tld_length"", ""domain_hyphen_ratio"", ""token_count"", ""dot_count"", ""path_segment_count""]",,,,,,,0.9945805168704798,0.0011152652948726027
0.9944498948843729,0.994349611635781,,phiusiil,,100,98,0.004869081333532,0.0289640000000019,8.118850735809948e-07,0.994356845269838,xgb,20261010,20127,15548,35675,20260911.0,0.9995033277233168,0.993696127621253,0.993568304605094,r09,0.9994934213026418,S3-domain,s3,xgb_d6_lr01_balanced,"{""colsample_bytree"": 0.9, ""learning_rate"": 0.1, ""max_depth"": 6, ""n_estimators"": 200, ""reg_lambda"": 1.0, ""scale_pos_weight"": 1.3542448103078024, ""subsample"": 0.9}",0.75,20029,20.45187300000001,15448,19.65655339999998,0.9937004057222074,0.9995842844697832,f_single,15,"[""hostname_length"", ""longest_repeated_char_run"", ""url_length"", ""path_length"", ""subdomain_depth"", ""token_max_length"", ""registrable_domain_length"", ""dot_count"", ""char_type_transition_count"", ""letter_ratio"", ""token_mean_length"", ""digit_count"", ""letter_count"", ""slash_count"", ""special_char_ratio""]",0.0430982000000028,0.0230154000000197,200.0,200.0,0.000115077,raw_margin,0.9945805168704798,-0.0002236716006417394
0.995010511562719,0.9948684053456334,,phiusiil,,97,81,0.0040244447756744,0.0329954999999984,9.248913805185256e-07,0.9949263401895634,xgb,20261010,20127,15548,35675,20260911.0,0.9994202539923132,0.9947849600824104,0.993761255466941,r09,0.9993415173565532,S3-domain,s3,xgb_d6_lr01_balanced,"{""colsample_bytree"": 0.9, ""learning_rate"": 0.1, ""max_depth"": 6, ""n_estimators"": 200, ""reg_lambda"": 1.0, ""scale_pos_weight"": 1.3542448103078024, ""subsample"": 0.9}",0.73,20046,20.3275582,15451,19.4113486,0.9931320158110446,0.9995940971989994,f_stable,15,"[""hostname_length"", ""longest_repeated_char_run"", ""url_length"", ""path_length"", ""registrable_domain_length"", ""subdomain_depth"", ""token_max_length"", ""char_type_transition_count"", ""dot_count"", ""token_mean_length"", ""letter_ratio"", ""digit_count"", ""letter_count"", ""slash_count"", ""special_char_ratio""]",0.0482969999999909,0.0238451999999824,200.0,200.0,0.0001192259999999,raw_margin,0.9945805168704798,0.00034582331908361574
