accuracy,balanced_accuracy,cohort,corpus_version,fn,fp,fpr,inference_seconds_all_target,inference_seconds_per_sample,macro_f1,model,model_seed,n_benign,n_phishing,n_samples,pr_auc,precision,recall,repetition,roc_auc,scenario,selected_candidate,selected_params_json,source_dataset,target_dataset,threshold,tn,tp,feature_set,n_features,feature_names_json,source_validation_threshold
0.4012210835303052,0.4718691539213654,primary_domain_filtered,master,5612,134731,0.9999406259509124,0.1519057999998949,6.442337134685718e-07,0.2863833315622346,lr,20261001,134739,99643,234382,0.4558589634310394,0.4110429179671448,0.9436789337936432,r00,0.3610150673800047,S4-external,lr_c1,"{""C"": 1.0, ""class_weight"": null}",iscx_url2016_binary,phiusiil,0.86,8,94031,f_all,35,"[""url_length"", ""hostname_length"", ""path_length"", ""query_length"", ""fragment_length"", ""digit_count"", ""letter_count"", ""special_char_count"", ""digit_ratio"", ""letter_ratio"", ""special_char_ratio"", ""dot_count"", ""hyphen_count"", ""underscore_count"", ""slash_count"", ""question_mark_count"", ""equals_sign_count"", ""percent_sign_count"", ""at_sign_count"", ""subdomain_depth"", ""path_segment_count"", ""query_parameter_count"", ""has_port"", ""has_userinfo"", ""host_is_ip"", ""tld_length"", ""registrable_domain_length"", ""domain_digit_ratio"", ""domain_hyphen_ratio"", ""url_char_entropy"", ""longest_repeated_char_run"", ""char_type_transition_count"", ""token_count"", ""token_mean_length"", ""token_max_length""]",0.86
0.403646418680792,0.471424693716256,unfiltered,master,5775,134841,0.9999406743839404,0.1519057999998949,6.442337134685718e-07,0.2876164864850813,lr,20261001,134849,100944,235793,0.4609088343628031,0.4137602712925525,0.9427900618164526,r00,0.3621576059585482,S4-external,lr_c1,"{""C"": 1.0, ""class_weight"": null}",iscx_url2016_binary,phiusiil,0.86,8,95169,f_all,35,"[""url_length"", ""hostname_length"", ""path_length"", ""query_length"", ""fragment_length"", ""digit_count"", ""letter_count"", ""special_char_count"", ""digit_ratio"", ""letter_ratio"", ""special_char_ratio"", ""dot_count"", ""hyphen_count"", ""underscore_count"", ""slash_count"", ""question_mark_count"", ""equals_sign_count"", ""percent_sign_count"", ""at_sign_count"", ""subdomain_depth"", ""path_segment_count"", ""query_parameter_count"", ""has_port"", ""has_userinfo"", ""host_is_ip"", ""tld_length"", ""registrable_domain_length"", ""domain_digit_ratio"", ""domain_hyphen_ratio"", ""url_char_entropy"", ""longest_repeated_char_run"", ""char_type_transition_count"", ""token_count"", ""token_mean_length"", ""token_max_length""]",0.86
0.3966942853973428,0.4665556035045111,primary_domain_filtered,,6665,134739,1.0,0.09393760000000029,3.983901133621451e-07,0.2840237047898338,lr,20261001,134739,99643,234382,0.5627574621441959,0.40830504529745254,0.9331112070090222,r00,0.5059027275663777,S4-external,lr_c1,"{""C"": 1.0, ""class_weight"": null}",iscx_url2016_binary,phiusiil,0.86,0,92978,f_mi,15,"[""url_length"", ""subdomain_depth"", ""token_count"", ""special_char_count"", ""path_length"", ""hostname_length"", ""dot_count"", ""char_type_transition_count"", ""hyphen_count"", ""token_mean_length"", ""special_char_ratio"", ""digit_ratio"", ""letter_ratio"", ""longest_repeated_char_run"", ""letter_count""]",0.86
0.39914246818183746,0.46617431447139007,unfiltered,,6829,134849,1.0,0.09393760000000029,3.983901133621451e-07,0.2852765013276429,lr,20261001,134849,100944,235793,0.5671809761871837,0.4110471515172691,0.9323486289427801,r00,0.5071106593048528,S4-external,lr_c1,"{""C"": 1.0, ""class_weight"": null}",iscx_url2016_binary,phiusiil,0.86,0,94115,f_mi,15,"[""url_length"", ""subdomain_depth"", ""token_count"", ""special_char_count"", ""path_length"", ""hostname_length"", ""dot_count"", ""char_type_transition_count"", ""hyphen_count"", ""token_mean_length"", ""special_char_ratio"", ""digit_ratio"", ""letter_ratio"", ""longest_repeated_char_run"", ""letter_count""]",0.86
0.3991560785384543,0.46943917653231976,primary_domain_filtered,,6097,134730,0.9999332041947766,0.04170169999997597,1.7685724342951645e-07,0.28533556773037555,lr,20261001,134739,99643,234382,0.45536532964406584,0.4097934079798139,0.9388115572594161,r00,0.35903445858122557,S4-external,lr_c1,"{""C"": 1.0, ""class_weight"": null}",iscx_url2016_binary,phiusiil,0.8,9,93546,f_permutation,15,"[""subdomain_depth"", ""dot_count"", ""token_count"", ""char_type_transition_count"", ""slash_count"", ""hyphen_count"", ""special_char_ratio"", ""tld_length"", ""registrable_domain_length"", ""query_length"", ""equals_sign_count"", ""special_char_count"", ""letter_count"", ""url_length"", ""question_mark_count""]",0.8
0.40182702624759853,0.4692985077647554,unfiltered,,6205,134840,0.9999332586819332,0.04170169999997597,1.7685724342951645e-07,0.28669740922889375,lr,20261001,134849,100944,235793,0.4602152226133408,0.41266405028334474,0.938530274211444,r00,0.3599650884685198,S4-external,lr_c1,"{""C"": 1.0, ""class_weight"": null}",iscx_url2016_binary,phiusiil,0.8,9,94739,f_permutation,15,"[""subdomain_depth"", ""dot_count"", ""token_count"", ""char_type_transition_count"", ""slash_count"", ""hyphen_count"", ""special_char_ratio"", ""tld_length"", ""registrable_domain_length"", ""query_length"", ""equals_sign_count"", ""special_char_count"", ""letter_count"", ""url_length"", ""question_mark_count""]",0.8
0.404135129830789,0.4753068454382144,primary_domain_filtered,master,4921,134739,1.0,0.0580395999999971,2.4614640807826014e-07,0.2878178326608002,lr,20261001,134739,99643,234382,0.4622748734773821,0.4128021755330971,0.9506136908764288,r00,0.3641396383698967,S4-external,lr_c1,"{""C"": 1.0, ""class_weight"": null}",iscx_url2016_binary,phiusiil,0.76,0,94722,f_single,15,"[""subdomain_depth"", ""token_count"", ""dot_count"", ""registrable_domain_length"", ""hyphen_count"", ""char_type_transition_count"", ""special_char_count"", ""slash_count"", ""question_mark_count"", ""equals_sign_count"", ""special_char_ratio"", ""query_length"", ""letter_count"", ""domain_hyphen_ratio"", ""path_length""]",0.76
0.4068144516588702,0.4751347281661119,unfiltered,master,5020,134849,1.0,0.0580395999999971,2.4614640807826014e-07,0.2891742057235535,lr,20261001,134849,100944,235793,0.4670545695882455,0.415663877490001,0.9502694563322238,r00,0.3650256420068198,S4-external,lr_c1,"{""C"": 1.0, ""class_weight"": null}",iscx_url2016_binary,phiusiil,0.76,0,95924,f_single,15,"[""subdomain_depth"", ""token_count"", ""dot_count"", ""registrable_domain_length"", ""hyphen_count"", ""char_type_transition_count"", ""special_char_count"", ""slash_count"", ""question_mark_count"", ""equals_sign_count"", ""special_char_ratio"", ""query_length"", ""letter_count"", ""domain_hyphen_ratio"", ""path_length""]",0.76
0.4041607290662252,0.4753369529219313,primary_domain_filtered,master,4915,134739,1.0,0.0472686000000024,2.0046651088031638e-07,0.2878308164443499,lr,20261001,134739,99643,234382,0.4583923088511535,0.4128175293179411,0.9506739058438626,r00,0.3852335320264513,S4-external,lr_c1,"{""C"": 1.0, ""class_weight"": null}",iscx_url2016_binary,phiusiil,0.67,0,94728,f_stable,11,"[""subdomain_depth"", ""token_count"", ""dot_count"", ""registrable_domain_length"", ""char_type_transition_count"", ""special_char_count"", ""hyphen_count"", ""slash_count"", ""equals_sign_count"", ""special_char_ratio"", ""question_mark_count""]",0.67
0.4071155632270678,0.4754864083055952,unfiltered,master,4949,134849,1.0,0.0472686000000024,2.0046651088031638e-07,0.2893263168047066,lr,20261001,134849,100944,235793,0.4632258166110411,0.4158436000069311,0.9509728166111904,r00,0.3857701086818557,S4-external,lr_c1,"{""C"": 1.0, ""class_weight"": null}",iscx_url2016_binary,phiusiil,0.67,0,95995,f_stable,11,"[""subdomain_depth"", ""token_count"", ""dot_count"", ""registrable_domain_length"", ""char_type_transition_count"", ""special_char_count"", ""hyphen_count"", ""slash_count"", ""equals_sign_count"", ""special_char_ratio"", ""question_mark_count""]",0.67
0.4117722350692459,0.4842889114137471,primary_domain_filtered,master,3131,134739,1.0,0.727852299999995,3.0868274291433376e-06,0.2916704443114713,rf,20261001,134739,99643,234382,0.3532648452346486,0.4173473844437429,0.9685778228274942,r00,0.35614715128754,S4-external,rf_unlimited_leaf5_balanced,"{""class_weight"": ""balanced_subsample"", ""max_depth"": null, ""max_features"": ""sqrt"", ""min_samples_leaf"": 5, ""n_estimators"": 200}",iscx_url2016_binary,phiusiil,0.73,0,96512,f_all,35,"[""url_length"", ""hostname_length"", ""path_length"", ""query_length"", ""fragment_length"", ""digit_count"", ""letter_count"", ""special_char_count"", ""digit_ratio"", ""letter_ratio"", ""special_char_ratio"", ""dot_count"", ""hyphen_count"", ""underscore_count"", ""slash_count"", ""question_mark_count"", ""equals_sign_count"", ""percent_sign_count"", ""at_sign_count"", ""subdomain_depth"", ""path_segment_count"", ""query_parameter_count"", ""has_port"", ""has_userinfo"", ""host_is_ip"", ""tld_length"", ""registrable_domain_length"", ""domain_digit_ratio"", ""domain_hyphen_ratio"", ""url_char_entropy"", ""longest_repeated_char_run"", ""char_type_transition_count"", ""token_count"", ""token_mean_length"", ""token_max_length""]",0.73
0.4148045107361117,0.4844666349659217,unfiltered,master,3136,134849,1.0,0.727852299999995,3.0868274291433376e-06,0.2931885695786284,rf,20261001,134849,100944,235793,0.3553084332124437,0.4203956897922693,0.9689332699318434,r00,0.3545875002255771,S4-external,rf_unlimited_leaf5_balanced,"{""class_weight"": ""balanced_subsample"", ""max_depth"": null, ""max_features"": ""sqrt"", ""min_samples_leaf"": 5, ""n_estimators"": 200}",iscx_url2016_binary,phiusiil,0.73,0,97808,f_all,35,"[""url_length"", ""hostname_length"", ""path_length"", ""query_length"", ""fragment_length"", ""digit_count"", ""letter_count"", ""special_char_count"", ""digit_ratio"", ""letter_ratio"", ""special_char_ratio"", ""dot_count"", ""hyphen_count"", ""underscore_count"", ""slash_count"", ""question_mark_count"", ""equals_sign_count"", ""percent_sign_count"", ""at_sign_count"", ""subdomain_depth"", ""path_segment_count"", ""query_parameter_count"", ""has_port"", ""has_userinfo"", ""host_is_ip"", ""tld_length"", ""registrable_domain_length"", ""domain_digit_ratio"", ""domain_hyphen_ratio"", ""url_char_entropy"", ""longest_repeated_char_run"", ""char_type_transition_count"", ""token_count"", ""token_mean_length"", ""token_max_length""]",0.73
0.4075739604577143,0.47935128408418054,primary_domain_filtered,,4115,134739,1.0,0.3955881000001682,1.6776922979060796e-06,0.2895577581764724,rf,20261001,134739,99643,234382,0.38958607712024385,0.4148575349485597,0.9587025681683611,r00,0.4259230214555309,S4-external,rf_depth16_leaf1,"{""class_weight"": null, ""max_depth"": 16, ""max_features"": ""sqrt"", ""min_samples_leaf"": 1, ""n_estimators"": 200}",iscx_url2016_binary,phiusiil,0.82,0,95528,f_mi,15,"[""url_length"", ""subdomain_depth"", ""token_count"", ""special_char_count"", ""path_length"", ""hostname_length"", ""dot_count"", ""char_type_transition_count"", ""hyphen_count"", ""token_mean_length"", ""special_char_ratio"", ""digit_ratio"", ""letter_ratio"", ""longest_repeated_char_run"", ""letter_count""]",0.82
0.410440513501249,0.47936974956411477,unfiltered,,4165,134849,1.0,0.3955881000001682,1.6776922979060796e-06,0.2910016477634918,rf,20261001,134849,100944,235793,0.3919965960275079,0.4178208161362184,0.9587394991282295,r00,0.42489178963905266,S4-external,rf_depth16_leaf1,"{""class_weight"": null, ""max_depth"": 16, ""max_features"": ""sqrt"", ""min_samples_leaf"": 1, ""n_estimators"": 200}",iscx_url2016_binary,phiusiil,0.82,0,96779,f_mi,15,"[""url_length"", ""subdomain_depth"", ""token_count"", ""special_char_count"", ""path_length"", ""hostname_length"", ""dot_count"", ""char_type_transition_count"", ""hyphen_count"", ""token_mean_length"", ""special_char_ratio"", ""digit_ratio"", ""letter_ratio"", ""longest_repeated_char_run"", ""letter_count""]",0.82
0.4172334052956285,0.49071184127334583,primary_domain_filtered,,1851,134739,1.0,0.44151259999989634,1.8724584699286931e-06,0.2943999229319573,rf,20261001,134739,99643,234382,0.3805116859807679,0.42055467873100794,0.9814236825466917,r00,0.4086753047501885,S4-external,rf_unlimited_leaf5_balanced,"{""class_weight"": ""balanced_subsample"", ""max_depth"": null, ""max_features"": ""sqrt"", ""min_samples_leaf"": 5, ""n_estimators"": 200}",iscx_url2016_binary,phiusiil,0.62,0,97792,f_permutation,15,"[""url_length"", ""subdomain_depth"", ""dot_count"", ""hostname_length"", ""path_length"", ""hyphen_count"", ""token_max_length"", ""slash_count"", ""longest_repeated_char_run"", ""tld_length"", ""question_mark_count"", ""domain_digit_ratio"", ""host_is_ip"", ""path_segment_count"", ""token_count""]",0.62
0.42023724198767565,0.4908117372008242,unfiltered,,1855,134849,1.0,0.44151259999989634,1.8724584699286931e-06,0.29589228444646176,rf,20261001,134849,100944,235793,0.38284082138930814,0.42356949277158906,0.9816234744016484,r00,0.4075064859241343,S4-external,rf_unlimited_leaf5_balanced,"{""class_weight"": ""balanced_subsample"", ""max_depth"": null, ""max_features"": ""sqrt"", ""min_samples_leaf"": 5, ""n_estimators"": 200}",iscx_url2016_binary,phiusiil,0.62,0,99089,f_permutation,15,"[""url_length"", ""subdomain_depth"", ""dot_count"", ""hostname_length"", ""path_length"", ""hyphen_count"", ""token_max_length"", ""slash_count"", ""longest_repeated_char_run"", ""tld_length"", ""question_mark_count"", ""domain_digit_ratio"", ""host_is_ip"", ""path_segment_count"", ""token_count""]",0.62
0.4118660989325118,0.4843993055207089,primary_domain_filtered,master,3109,134739,1.0,0.8984969000000014,3.810532543374915e-06,0.2917175355679386,rf,20261001,134739,99643,234382,0.357458055109192,0.417402809666498,0.9687986110414178,r00,0.3574499416519868,S4-external,rf_unlimited_leaf5_balanced,"{""class_weight"": ""balanced_subsample"", ""max_depth"": null, ""max_features"": ""sqrt"", ""min_samples_leaf"": 5, ""n_estimators"": 200}",iscx_url2016_binary,phiusiil,0.72,0,96534,f_single,15,"[""subdomain_depth"", ""url_length"", ""dot_count"", ""hyphen_count"", ""path_length"", ""hostname_length"", ""longest_repeated_char_run"", ""special_char_count"", ""token_count"", ""char_type_transition_count"", ""token_max_length"", ""slash_count"", ""digit_count"", ""letter_count"", ""token_mean_length""]",0.72
0.414897812912173,0.4845756062767475,unfiltered,master,3114,134849,1.0,0.8984969000000014,3.810532543374915e-06,0.2932351786297707,rf,20261001,134849,100944,235793,0.3596223331685194,0.4204504918793703,0.969151212553495,r00,0.3560714353922019,S4-external,rf_unlimited_leaf5_balanced,"{""class_weight"": ""balanced_subsample"", ""max_depth"": null, ""max_features"": ""sqrt"", ""min_samples_leaf"": 5, ""n_estimators"": 200}",iscx_url2016_binary,phiusiil,0.72,0,97830,f_single,15,"[""subdomain_depth"", ""url_length"", ""dot_count"", ""hyphen_count"", ""path_length"", ""hostname_length"", ""longest_repeated_char_run"", ""special_char_count"", ""token_count"", ""char_type_transition_count"", ""token_max_length"", ""slash_count"", ""digit_count"", ""letter_count"", ""token_mean_length""]",0.72
0.414370557466017,0.4873448210110093,primary_domain_filtered,master,2522,134739,1.0,0.904046300000001,3.834067593185553e-06,0.2929717076466879,rf,20261001,134739,99643,234382,0.4112558244672377,0.4188777710687484,0.9746896420220186,r00,0.4699758043294172,S4-external,rf_depth16_leaf1,"{""class_weight"": null, ""max_depth"": 16, ""max_features"": ""sqrt"", ""min_samples_leaf"": 1, ""n_estimators"": 200}",iscx_url2016_binary,phiusiil,0.65,0,97121,f_stable,15,"[""subdomain_depth"", ""url_length"", ""dot_count"", ""hyphen_count"", ""path_length"", ""hostname_length"", ""token_count"", ""longest_repeated_char_run"", ""special_char_count"", ""token_max_length"", ""letter_count"", ""char_type_transition_count"", ""slash_count"", ""token_mean_length"", ""digit_count""]",0.65
0.4173915256178088,0.4874881122206372,unfiltered,master,2526,134849,1.0,0.904046300000001,3.834067593185553e-06,0.2944786377468126,rf,20261001,134849,100944,235793,0.4134697332148983,0.4219113719471678,0.9749762244412744,r00,0.4685173399897234,S4-external,rf_depth16_leaf1,"{""class_weight"": null, ""max_depth"": 16, ""max_features"": ""sqrt"", ""min_samples_leaf"": 1, ""n_estimators"": 200}",iscx_url2016_binary,phiusiil,0.65,0,98418,f_stable,15,"[""subdomain_depth"", ""url_length"", ""dot_count"", ""hyphen_count"", ""path_length"", ""hostname_length"", ""token_count"", ""longest_repeated_char_run"", ""special_char_count"", ""token_max_length"", ""letter_count"", ""char_type_transition_count"", ""slash_count"", ""token_mean_length"", ""digit_count""]",0.65
0.4181037793004582,0.4917354957197194,primary_domain_filtered,master,1647,134739,1.0,0.1492813999998361,6.33103612065821e-07,0.2948329913532183,xgb,20261001,134739,99643,234382,0.39722834662163,0.4210625819064601,0.9834709914394388,r00,0.3849590340076806,S4-external,xgb_d6_lr01_balanced,"{""colsample_bytree"": 0.9, ""learning_rate"": 0.1, ""max_depth"": 6, ""n_estimators"": 200, ""reg_lambda"": 1.0, ""scale_pos_weight"": 3.537326264507809, ""subsample"": 0.9}",iscx_url2016_binary,phiusiil,0.91,0,97996,f_all,35,"[""url_length"", ""hostname_length"", ""path_length"", ""query_length"", ""fragment_length"", ""digit_count"", ""letter_count"", ""special_char_count"", ""digit_ratio"", ""letter_ratio"", ""special_char_ratio"", ""dot_count"", ""hyphen_count"", ""underscore_count"", ""slash_count"", ""question_mark_count"", ""equals_sign_count"", ""percent_sign_count"", ""at_sign_count"", ""subdomain_depth"", ""path_segment_count"", ""query_parameter_count"", ""has_port"", ""has_userinfo"", ""host_is_ip"", ""tld_length"", ""registrable_domain_length"", ""domain_digit_ratio"", ""domain_hyphen_ratio"", ""url_char_entropy"", ""longest_repeated_char_run"", ""char_type_transition_count"", ""token_count"", ""token_mean_length"", ""token_max_length""]",0.91
0.4210981666122404,0.4918172452052623,unfiltered,master,1652,134849,1.0,0.1492813999998361,6.33103612065821e-07,0.296318844472298,xgb,20261001,134849,100944,235793,0.3990996856551122,0.424069257413268,0.9836344904105246,r00,0.3833943672481502,S4-external,xgb_d6_lr01_balanced,"{""colsample_bytree"": 0.9, ""learning_rate"": 0.1, ""max_depth"": 6, ""n_estimators"": 200, ""reg_lambda"": 1.0, ""scale_pos_weight"": 3.537326264507809, ""subsample"": 0.9}",iscx_url2016_binary,phiusiil,0.91,0,99292,f_all,35,"[""url_length"", ""hostname_length"", ""path_length"", ""query_length"", ""fragment_length"", ""digit_count"", ""letter_count"", ""special_char_count"", ""digit_ratio"", ""letter_ratio"", ""special_char_ratio"", ""dot_count"", ""hyphen_count"", ""underscore_count"", ""slash_count"", ""question_mark_count"", ""equals_sign_count"", ""percent_sign_count"", ""at_sign_count"", ""subdomain_depth"", ""path_segment_count"", ""query_parameter_count"", ""has_port"", ""has_userinfo"", ""host_is_ip"", ""tld_length"", ""registrable_domain_length"", ""domain_digit_ratio"", ""domain_hyphen_ratio"", ""url_char_entropy"", ""longest_repeated_char_run"", ""char_type_transition_count"", ""token_count"", ""token_mean_length"", ""token_max_length""]",0.91
0.4121092916691555,0.4846853266160192,primary_domain_filtered,,3052,134739,1.0,0.251377400000365,1.0660935651201054e-06,0.2918395156100346,xgb,20261001,134739,99643,234382,0.32455746304034183,0.417546362339515,0.9693706532320384,r00,0.2491504460964161,S4-external,xgb_d4_lr005,"{""colsample_bytree"": 0.9, ""learning_rate"": 0.05, ""max_depth"": 4, ""n_estimators"": 300, ""reg_lambda"": 1.0, ""scale_pos_weight"": 1.0, ""subsample"": 0.9}",iscx_url2016_binary,phiusiil,0.95,0,96591,f_mi,15,"[""url_length"", ""subdomain_depth"", ""token_count"", ""special_char_count"", ""path_length"", ""hostname_length"", ""dot_count"", ""char_type_transition_count"", ""hyphen_count"", ""token_mean_length"", ""special_char_ratio"", ""digit_ratio"", ""letter_ratio"", ""longest_repeated_char_run"", ""letter_count""]",0.95
0.41512258633632043,0.4848381280710097,unfiltered,,3061,134849,1.0,0.251377400000365,1.0660935651201054e-06,0.2933474388328798,xgb,20261001,134849,100944,235793,0.3262734041034321,0.4205824725435265,0.9696762561420194,r00,0.24749791320541065,S4-external,xgb_d4_lr005,"{""colsample_bytree"": 0.9, ""learning_rate"": 0.05, ""max_depth"": 4, ""n_estimators"": 300, ""reg_lambda"": 1.0, ""scale_pos_weight"": 1.0, ""subsample"": 0.9}",iscx_url2016_binary,phiusiil,0.95,0,97883,f_mi,15,"[""url_length"", ""subdomain_depth"", ""token_count"", ""special_char_count"", ""path_length"", ""hostname_length"", ""dot_count"", ""char_type_transition_count"", ""hyphen_count"", ""token_mean_length"", ""special_char_ratio"", ""digit_ratio"", ""letter_ratio"", ""longest_repeated_char_run"", ""letter_count""]",0.95
0.41777952231826676,0.49135413425930574,primary_domain_filtered,,1723,134739,1.0,0.15968270000030316,6.772156086071392e-07,0.2946717142839947,xgb,20261001,134739,99643,234382,0.40178377688296296,0.4208734671772852,0.9827082685186115,r00,0.4085657435918419,S4-external,xgb_d4_lr005,"{""colsample_bytree"": 0.9, ""learning_rate"": 0.05, ""max_depth"": 4, ""n_estimators"": 300, ""reg_lambda"": 1.0, ""scale_pos_weight"": 1.0, ""subsample"": 0.9}",iscx_url2016_binary,phiusiil,0.79,0,97920,f_permutation,15,"[""url_length"", ""dot_count"", ""subdomain_depth"", ""hostname_length"", ""hyphen_count"", ""path_length"", ""token_max_length"", ""tld_length"", ""token_mean_length"", ""question_mark_count"", ""special_char_ratio"", ""slash_count"", ""percent_sign_count"", ""longest_repeated_char_run"", ""digit_ratio""]",0.79
0.4207885730280373,0.4914556585829767,unfiltered,,1725,134849,1.0,0.15968270000030316,6.772156086071392e-07,0.2961655104891765,xgb,20261001,134849,100944,235793,0.40424388634396113,0.4238896389083514,0.9829113171659534,r00,0.40777013369383497,S4-external,xgb_d4_lr005,"{""colsample_bytree"": 0.9, ""learning_rate"": 0.05, ""max_depth"": 4, ""n_estimators"": 300, ""reg_lambda"": 1.0, ""scale_pos_weight"": 1.0, ""subsample"": 0.9}",iscx_url2016_binary,phiusiil,0.79,0,99219,f_permutation,15,"[""url_length"", ""dot_count"", ""subdomain_depth"", ""hostname_length"", ""hyphen_count"", ""path_length"", ""token_max_length"", ""tld_length"", ""token_mean_length"", ""question_mark_count"", ""special_char_ratio"", ""slash_count"", ""percent_sign_count"", ""longest_repeated_char_run"", ""digit_ratio""]",0.79
0.416094239318719,0.4893720582479451,primary_domain_filtered,master,2118,134739,1.0,0.1235230000000022,5.238620315276631e-07,0.2938323084478483,xgb,20261001,134739,99643,234382,0.4256974694911386,0.4198885750697482,0.9787441164958904,r00,0.4476990433460469,S4-external,xgb_d6_lr01_balanced,"{""colsample_bytree"": 0.9, ""learning_rate"": 0.1, ""max_depth"": 6, ""n_estimators"": 200, ""reg_lambda"": 1.0, ""scale_pos_weight"": 3.537326264507809, ""subsample"": 0.9}",iscx_url2016_binary,phiusiil,0.87,0,97525,f_single,15,"[""url_length"", ""subdomain_depth"", ""dot_count"", ""hyphen_count"", ""hostname_length"", ""path_length"", ""token_mean_length"", ""longest_repeated_char_run"", ""token_max_length"", ""url_char_entropy"", ""special_char_ratio"", ""slash_count"", ""registrable_domain_length"", ""token_count"", ""digit_ratio""]",0.87
0.41910065184293,0.4894842685053098,unfiltered,master,2123,134849,1.0,0.1235230000000022,5.238620315276631e-07,0.2953283484851202,xgb,20261001,134849,100944,235793,0.42836071978191,0.4229083750588436,0.9789685370106196,r00,0.4472969241873741,S4-external,xgb_d6_lr01_balanced,"{""colsample_bytree"": 0.9, ""learning_rate"": 0.1, ""max_depth"": 6, ""n_estimators"": 200, ""reg_lambda"": 1.0, ""scale_pos_weight"": 3.537326264507809, ""subsample"": 0.9}",iscx_url2016_binary,phiusiil,0.87,0,98821,f_single,15,"[""url_length"", ""subdomain_depth"", ""dot_count"", ""hyphen_count"", ""hostname_length"", ""path_length"", ""token_mean_length"", ""longest_repeated_char_run"", ""token_max_length"", ""url_char_entropy"", ""special_char_ratio"", ""slash_count"", ""registrable_domain_length"", ""token_count"", ""digit_ratio""]",0.87
0.4185816316952667,0.4922975020824343,primary_domain_filtered,master,1535,134739,1.0,0.141066600000002,5.982645795252702e-07,0.2950705284369455,xgb,20261001,134739,99643,234382,0.4411394542662846,0.4213410522789643,0.9845950041648686,r00,0.4444669624352569,S4-external,xgb_d6_lr005,"{""colsample_bytree"": 0.9, ""learning_rate"": 0.05, ""max_depth"": 6, ""n_estimators"": 250, ""reg_lambda"": 1.0, ""scale_pos_weight"": 1.0, ""subsample"": 0.9}",iscx_url2016_binary,phiusiil,0.79,0,98108,f_stable,14,"[""url_length"", ""subdomain_depth"", ""dot_count"", ""hostname_length"", ""hyphen_count"", ""path_length"", ""token_mean_length"", ""longest_repeated_char_run"", ""token_max_length"", ""digit_ratio"", ""tld_length"", ""registrable_domain_length"", ""slash_count"", ""token_count""]",0.79
0.4215689185005492,0.4923670550007925,unfiltered,master,1541,134849,1.0,0.141066600000002,5.982645795252702e-07,0.2965518681607179,xgb,20261001,134849,100944,235793,0.4434581371050399,0.4243421614329867,0.9847341100015852,r00,0.4435173272731872,S4-external,xgb_d6_lr005,"{""colsample_bytree"": 0.9, ""learning_rate"": 0.05, ""max_depth"": 6, ""n_estimators"": 250, ""reg_lambda"": 1.0, ""scale_pos_weight"": 1.0, ""subsample"": 0.9}",iscx_url2016_binary,phiusiil,0.79,0,99403,f_stable,14,"[""url_length"", ""subdomain_depth"", ""dot_count"", ""hostname_length"", ""hyphen_count"", ""path_length"", ""token_mean_length"", ""longest_repeated_char_run"", ""token_max_length"", ""digit_ratio"", ""tld_length"", ""registrable_domain_length"", ""slash_count"", ""token_count""]",0.79
0.406569336808175,0.4811954052468363,primary_domain_filtered,master,3711,134734,0.9999554697936768,0.1743071000000782,7.392378060420717e-07,0.2890859544072465,lr,20261002,134740,98556,233296,0.5052404781822695,0.4131257649872157,0.9623462802873494,r01,0.4321349279815467,S4-external,lr_c01,"{""C"": 0.1, ""class_weight"": null}",iscx_url2016_binary,phiusiil,0.66,6,94845,f_all,35,"[""url_length"", ""hostname_length"", ""path_length"", ""query_length"", ""fragment_length"", ""digit_count"", ""letter_count"", ""special_char_count"", ""digit_ratio"", ""letter_ratio"", ""special_char_ratio"", ""dot_count"", ""hyphen_count"", ""underscore_count"", ""slash_count"", ""question_mark_count"", ""equals_sign_count"", ""percent_sign_count"", ""at_sign_count"", ""subdomain_depth"", ""path_segment_count"", ""query_parameter_count"", ""has_port"", ""has_userinfo"", ""host_is_ip"", ""tld_length"", ""registrable_domain_length"", ""domain_digit_ratio"", ""domain_hyphen_ratio"", ""url_char_entropy"", ""longest_repeated_char_run"", ""char_type_transition_count"", ""token_count"", ""token_mean_length"", ""token_max_length""]",0.66
0.4105083696292935,0.4794415290841488,unfiltered,master,4155,134843,0.9999555057879554,0.1743071000000782,7.392378060420717e-07,0.291071378469415,lr,20261002,134849,100944,235793,0.5105736606231761,0.4178567728120467,0.958838563956253,r01,0.4303176981478543,S4-external,lr_c01,"{""C"": 0.1, ""class_weight"": null}",iscx_url2016_binary,phiusiil,0.66,6,96789,f_all,35,"[""url_length"", ""hostname_length"", ""path_length"", ""query_length"", ""fragment_length"", ""digit_count"", ""letter_count"", ""special_char_count"", ""digit_ratio"", ""letter_ratio"", ""special_char_ratio"", ""dot_count"", ""hyphen_count"", ""underscore_count"", ""slash_count"", ""question_mark_count"", ""equals_sign_count"", ""percent_sign_count"", ""at_sign_count"", ""subdomain_depth"", ""path_segment_count"", ""query_parameter_count"", ""has_port"", ""has_userinfo"", ""host_is_ip"", ""tld_length"", ""registrable_domain_length"", ""domain_digit_ratio"", ""domain_hyphen_ratio"", ""url_char_entropy"", ""longest_repeated_char_run"", ""char_type_transition_count"", ""token_count"", ""token_mean_length"", ""token_max_length""]",0.66
0.4088111240655648,0.4838568935427574,primary_domain_filtered,,3182,134740,1.0,0.0630169000000933,2.6725517721091507e-07,0.290181641159826,lr,20261002,134740,98556,233296,0.56817942708935,0.4144641351677864,0.9677137870855148,r01,0.5136779786174405,S4-external,lr_c01,"{""C"": 0.1, ""class_weight"": null}",iscx_url2016_binary,phiusiil,0.45,0,95374,f_mi,15,"[""url_length"", ""subdomain_depth"", ""token_count"", ""special_char_count"", ""path_length"", ""char_type_transition_count"", ""hostname_length"", ""dot_count"", ""hyphen_count"", ""special_char_ratio"", ""token_mean_length"", ""digit_ratio"", ""longest_repeated_char_run"", ""letter_ratio"", ""letter_count""]",0.45
0.4134431471672187,0.4828766444761452,unfiltered,,3457,134849,1.0,0.0630169000000933,2.6725517721091507e-07,0.2925078012481997,lr,20261002,134849,100944,235793,0.5728538854498639,0.419594897045658,0.9657532889522904,r01,0.5118087621061614,S4-external,lr_c01,"{""C"": 0.1, ""class_weight"": null}",iscx_url2016_binary,phiusiil,0.45,0,97487,f_mi,15,"[""url_length"", ""subdomain_depth"", ""token_count"", ""special_char_count"", ""path_length"", ""char_type_transition_count"", ""hostname_length"", ""dot_count"", ""hyphen_count"", ""special_char_ratio"", ""token_mean_length"", ""digit_ratio"", ""longest_repeated_char_run"", ""letter_ratio"", ""letter_count""]",0.45
0.37075646389136546,0.4379064223230261,primary_domain_filtered,,12728,134072,0.9950423036960071,0.04895429999987755,2.076155780700765e-07,0.27402226950957254,lr,20261002,134740,98556,233296,0.5165130672885354,0.39030468394724877,0.8708551483420593,r01,0.483504786744157,S4-external,lr_c1_balanced,"{""C"": 1.0, ""class_weight"": ""balanced""}",iscx_url2016_binary,phiusiil,0.93,668,85828,f_permutation,15,"[""subdomain_depth"", ""dot_count"", ""hyphen_count"", ""char_type_transition_count"", ""slash_count"", ""hostname_length"", ""path_length"", ""tld_length"", ""registrable_domain_length"", ""equals_sign_count"", ""letter_count"", ""special_char_ratio"", ""digit_count"", ""question_mark_count"", ""host_is_ip""]",0.93
0.3747863592218599,0.4368921921477599,unfiltered,,13243,134178,0.9950240639530141,0.04895429999987755,2.076155780700765e-07,0.2761795252561464,lr,20261002,134849,100944,235793,0.5226731205074393,0.39526498677206945,0.8688084482485339,r01,0.483460872961348,S4-external,lr_c1_balanced,"{""C"": 1.0, ""class_weight"": ""balanced""}",iscx_url2016_binary,phiusiil,0.93,671,87701,f_permutation,15,"[""subdomain_depth"", ""dot_count"", ""hyphen_count"", ""char_type_transition_count"", ""slash_count"", ""hostname_length"", ""path_length"", ""tld_length"", ""registrable_domain_length"", ""equals_sign_count"", ""letter_count"", ""special_char_ratio"", ""digit_count"", ""question_mark_count"", ""host_is_ip""]",0.93
0.3963034085453673,0.4690531271561345,primary_domain_filtered,master,6100,134740,1.0,0.0583774999999988,2.475794446824073e-07,0.28382327660306,lr,20261002,134740,98556,233296,0.4767525381065954,0.4069437842215532,0.9381062543122692,r01,0.393032009009865,S4-external,lr_c01,"{""C"": 0.1, ""class_weight"": null}",iscx_url2016_binary,phiusiil,0.71,0,92456,f_single,15,"[""subdomain_depth"", ""dot_count"", ""hyphen_count"", ""hostname_length"", ""char_type_transition_count"", ""path_length"", ""special_char_count"", ""token_count"", ""registrable_domain_length"", ""letter_count"", ""question_mark_count"", ""slash_count"", ""url_length"", ""equals_sign_count"", ""digit_ratio""]",0.71
0.4000670079264439,0.4672541210968458,unfiltered,master,6611,134849,1.0,0.0583774999999988,2.475794446824073e-07,0.2857484717956174,lr,20261002,134849,100944,235793,0.4824931004948115,0.4116073688160501,0.9345082421936916,r01,0.3919220964685953,S4-external,lr_c01,"{""C"": 0.1, ""class_weight"": null}",iscx_url2016_binary,phiusiil,0.71,0,94333,f_single,15,"[""subdomain_depth"", ""dot_count"", ""hyphen_count"", ""hostname_length"", ""char_type_transition_count"", ""path_length"", ""special_char_count"", ""token_count"", ""registrable_domain_length"", ""letter_count"", ""question_mark_count"", ""slash_count"", ""url_length"", ""equals_sign_count"", ""digit_ratio""]",0.71
0.3915455044235649,0.4634218109501197,primary_domain_filtered,master,7210,134740,1.0,0.0504896000000023,2.141267976572772e-07,0.2813745602848676,lr,20261002,134740,98556,233296,0.4483124104464451,0.404032093981936,0.9268436219002396,r01,0.3551193335595598,S4-external,lr_c1_balanced,"{""C"": 1.0, ""class_weight"": ""balanced""}",iscx_url2016_binary,phiusiil,0.9,0,91346,f_stable,13,"[""subdomain_depth"", ""dot_count"", ""hyphen_count"", ""token_count"", ""special_char_count"", ""hostname_length"", ""registrable_domain_length"", ""path_length"", ""char_type_transition_count"", ""question_mark_count"", ""slash_count"", ""letter_count"", ""equals_sign_count""]",0.9
0.3954231041633975,0.4618303217625614,unfiltered,master,7706,134849,1.0,0.0504896000000023,2.141267976572772e-07,0.2833714756360343,lr,20261002,134849,100944,235793,0.4544974993631177,0.4087826136518083,0.9236606435251228,r01,0.3541899377807556,S4-external,lr_c1_balanced,"{""C"": 1.0, ""class_weight"": ""balanced""}",iscx_url2016_binary,phiusiil,0.9,0,93238,f_stable,13,"[""subdomain_depth"", ""dot_count"", ""hyphen_count"", ""token_count"", ""special_char_count"", ""hostname_length"", ""registrable_domain_length"", ""path_length"", ""char_type_transition_count"", ""question_mark_count"", ""slash_count"", ""letter_count"", ""equals_sign_count""]",0.9
0.4154078938344421,0.4916646373635294,primary_domain_filtered,master,1643,134740,1.0,0.6012359000001197,2.549846263460407e-06,0.293489880651345,rf,20261002,134740,98556,233296,0.3404491918095385,0.4183541762895365,0.9833292747270588,r01,0.3293754724184268,S4-external,rf_unlimited_leaf5_balanced,"{""class_weight"": ""balanced_subsample"", ""max_depth"": null, ""max_features"": ""sqrt"", ""min_samples_leaf"": 5, ""n_estimators"": 200}",iscx_url2016_binary,phiusiil,0.56,0,96913,f_all,35,"[""url_length"", ""hostname_length"", ""path_length"", ""query_length"", ""fragment_length"", ""digit_count"", ""letter_count"", ""special_char_count"", ""digit_ratio"", ""letter_ratio"", ""special_char_ratio"", ""dot_count"", ""hyphen_count"", ""underscore_count"", ""slash_count"", ""question_mark_count"", ""equals_sign_count"", ""percent_sign_count"", ""at_sign_count"", ""subdomain_depth"", ""path_segment_count"", ""query_parameter_count"", ""has_port"", ""has_userinfo"", ""host_is_ip"", ""tld_length"", ""registrable_domain_length"", ""domain_digit_ratio"", ""domain_hyphen_ratio"", ""url_char_entropy"", ""longest_repeated_char_run"", ""char_type_transition_count"", ""token_count"", ""token_mean_length"", ""token_max_length""]",0.56
0.4210939256042376,0.4918122919638611,unfiltered,master,1653,134849,1.0,0.6012359000001197,2.549846263460407e-06,0.296316744458106,rf,20261002,134849,100944,235793,0.3441209462403496,0.4240667976424361,0.9836245839277225,r01,0.3259011183785461,S4-external,rf_unlimited_leaf5_balanced,"{""class_weight"": ""balanced_subsample"", ""max_depth"": null, ""max_features"": ""sqrt"", ""min_samples_leaf"": 5, ""n_estimators"": 200}",iscx_url2016_binary,phiusiil,0.56,0,99291,f_all,35,"[""url_length"", ""hostname_length"", ""path_length"", ""query_length"", ""fragment_length"", ""digit_count"", ""letter_count"", ""special_char_count"", ""digit_ratio"", ""letter_ratio"", ""special_char_ratio"", ""dot_count"", ""hyphen_count"", ""underscore_count"", ""slash_count"", ""question_mark_count"", ""equals_sign_count"", ""percent_sign_count"", ""at_sign_count"", ""subdomain_depth"", ""path_segment_count"", ""query_parameter_count"", ""has_port"", ""has_userinfo"", ""host_is_ip"", ""tld_length"", ""registrable_domain_length"", ""domain_digit_ratio"", ""domain_hyphen_ratio"", ""url_char_entropy"", ""longest_repeated_char_run"", ""char_type_transition_count"", ""token_count"", ""token_mean_length"", ""token_max_length""]",0.56
0.41256172416158016,0.488295994155607,primary_domain_filtered,,2307,134740,1.0,0.7356910999997126,3.1200718426743485e-06,0.29206633388459846,rf,20261002,134740,98556,233296,0.37752544266636645,0.41668217967089344,0.976591988311214,r01,0.4079762638237578,S4-external,rf_depth24_leaf2,"{""class_weight"": null, ""max_depth"": 24, ""max_features"": ""sqrt"", ""min_samples_leaf"": 2, ""n_estimators"": 200}",iscx_url2016_binary,phiusiil,0.56,0,96249,f_mi,15,"[""url_length"", ""subdomain_depth"", ""token_count"", ""special_char_count"", ""path_length"", ""char_type_transition_count"", ""hostname_length"", ""dot_count"", ""hyphen_count"", ""special_char_ratio"", ""token_mean_length"", ""digit_ratio"", ""longest_repeated_char_run"", ""letter_ratio"", ""letter_count""]",0.56
0.41826941427438474,0.48851343319067997,unfiltered,,2319,134849,1.0,0.7356910999997126,3.1200718426743485e-06,0.29491534546585413,rf,20261002,134849,100944,235793,0.3814506459436794,0.42242391015701963,0.9770268663813599,r01,0.40472689180479365,S4-external,rf_depth24_leaf2,"{""class_weight"": null, ""max_depth"": 24, ""max_features"": ""sqrt"", ""min_samples_leaf"": 2, ""n_estimators"": 200}",iscx_url2016_binary,phiusiil,0.56,0,98625,f_mi,15,"[""url_length"", ""subdomain_depth"", ""token_count"", ""special_char_count"", ""path_length"", ""char_type_transition_count"", ""hostname_length"", ""dot_count"", ""hyphen_count"", ""special_char_ratio"", ""token_mean_length"", ""digit_ratio"", ""longest_repeated_char_run"", ""letter_ratio"", ""letter_count""]",0.56
0.41486780742061585,0.491025406875279,primary_domain_filtered,,1769,134740,1.0,0.4568029000001843,1.9373047545948536e-06,0.2932201900734058,rf,20261002,134740,98556,233296,0.3628155226715515,0.4180376370790448,0.982050813750558,r01,0.38064947270077626,S4-external,rf_unlimited_leaf5_balanced,"{""class_weight"": ""balanced_subsample"", ""max_depth"": null, ""max_features"": ""sqrt"", ""min_samples_leaf"": 5, ""n_estimators"": 200}",iscx_url2016_binary,phiusiil,0.61,0,96787,f_permutation,15,"[""url_length"", ""dot_count"", ""subdomain_depth"", ""hostname_length"", ""path_length"", ""token_max_length"", ""hyphen_count"", ""path_segment_count"", ""slash_count"", ""token_mean_length"", ""token_count"", ""question_mark_count"", ""equals_sign_count"", ""registrable_domain_length"", ""query_length""]",0.61
0.4205468355718787,0.49117332382310985,unfiltered,,1782,134849,1.0,0.4568029000001843,1.9373047545948536e-06,0.29604573748712515,rf,20261002,134849,100944,235793,0.3663616257796225,0.4237493109298281,0.9823466476462197,r01,0.37675969082710015,S4-external,rf_unlimited_leaf5_balanced,"{""class_weight"": ""balanced_subsample"", ""max_depth"": null, ""max_features"": ""sqrt"", ""min_samples_leaf"": 5, ""n_estimators"": 200}",iscx_url2016_binary,phiusiil,0.61,0,99162,f_permutation,15,"[""url_length"", ""dot_count"", ""subdomain_depth"", ""hostname_length"", ""path_length"", ""token_max_length"", ""hyphen_count"", ""path_segment_count"", ""slash_count"", ""token_mean_length"", ""token_count"", ""question_mark_count"", ""equals_sign_count"", ""registrable_domain_length"", ""query_length""]",0.61
0.4133289897812221,0.4892041073095499,primary_domain_filtered,master,2128,134740,1.0,0.8804034999999999,3.733798289177371e-06,0.2924506556999187,rf,20261002,134740,98556,233296,0.3770412618355911,0.4171338593576966,0.9784082146190998,r01,0.4051388639079071,S4-external,rf_depth24_leaf2,"{""class_weight"": null, ""max_depth"": 24, ""max_features"": ""sqrt"", ""min_samples_leaf"": 2, ""n_estimators"": 200}",iscx_url2016_binary,phiusiil,0.54,0,96428,f_single,15,"[""subdomain_depth"", ""url_length"", ""hyphen_count"", ""dot_count"", ""path_length"", ""hostname_length"", ""longest_repeated_char_run"", ""token_max_length"", ""special_char_count"", ""token_count"", ""char_type_transition_count"", ""token_mean_length"", ""digit_count"", ""digit_ratio"", ""slash_count""]",0.54
0.4190158316828744,0.4893852036772864,unfiltered,master,2143,134849,1.0,0.8804034999999999,3.733798289177371e-06,0.2952862274876417,rf,20261002,134849,100944,235793,0.380447164848231,0.4228589771025037,0.9787704073545728,r01,0.4007933745917885,S4-external,rf_depth24_leaf2,"{""class_weight"": null, ""max_depth"": 24, ""max_features"": ""sqrt"", ""min_samples_leaf"": 2, ""n_estimators"": 200}",iscx_url2016_binary,phiusiil,0.54,0,98801,f_single,15,"[""subdomain_depth"", ""url_length"", ""hyphen_count"", ""dot_count"", ""path_length"", ""hostname_length"", ""longest_repeated_char_run"", ""token_max_length"", ""special_char_count"", ""token_count"", ""char_type_transition_count"", ""token_mean_length"", ""digit_count"", ""digit_ratio"", ""slash_count""]",0.54
0.4112415129277827,0.4867334307398839,primary_domain_filtered,master,2615,134740,1.0,0.890150399999996,3.775134970079672e-06,0.2914040645492456,rf,20261002,134740,98556,233296,0.3819240983859069,0.415903347046354,0.9734668614797678,r01,0.4140454202923554,S4-external,rf_unlimited_leaf5_balanced,"{""class_weight"": ""balanced_subsample"", ""max_depth"": null, ""max_features"": ""sqrt"", ""min_samples_leaf"": 5, ""n_estimators"": 200}",iscx_url2016_binary,phiusiil,0.65,0,95941,f_stable,15,"[""subdomain_depth"", ""url_length"", ""dot_count"", ""hyphen_count"", ""path_length"", ""hostname_length"", ""token_count"", ""longest_repeated_char_run"", ""special_char_count"", ""token_max_length"", ""char_type_transition_count"", ""token_mean_length"", ""digit_count"", ""letter_count"", ""slash_count""]",0.65
0.4169504607855195,0.4869729751149152,unfiltered,master,2630,134849,1.0,0.890150399999996,3.775134970079672e-06,0.2942590248034312,rf,20261002,134849,100944,235793,0.3855652771943079,0.4216535213563044,0.9739459502298304,r01,0.4101556882382032,S4-external,rf_unlimited_leaf5_balanced,"{""class_weight"": ""balanced_subsample"", ""max_depth"": null, ""max_features"": ""sqrt"", ""min_samples_leaf"": 5, ""n_estimators"": 200}",iscx_url2016_binary,phiusiil,0.65,0,98314,f_stable,15,"[""subdomain_depth"", ""url_length"", ""dot_count"", ""hyphen_count"", ""path_length"", ""hostname_length"", ""token_count"", ""longest_repeated_char_run"", ""special_char_count"", ""token_max_length"", ""char_type_transition_count"", ""token_mean_length"", ""digit_count"", ""letter_count"", ""slash_count""]",0.65
0.4183397915094987,0.4951347457283169,primary_domain_filtered,master,959,134740,1.0,0.1566780999996808,6.644730759593408e-07,0.2949503313760037,xgb,20261002,134740,98556,233296,0.4190261420565107,0.4200665412740975,0.9902694914566338,r01,0.4145026188327175,S4-external,xgb_d6_lr01_balanced,"{""colsample_bytree"": 0.9, ""learning_rate"": 0.1, ""max_depth"": 6, ""n_estimators"": 200, ""reg_lambda"": 1.0, ""scale_pos_weight"": 3.537326264507809, ""subsample"": 0.9}",iscx_url2016_binary,phiusiil,0.3,0,97597,f_all,35,"[""url_length"", ""hostname_length"", ""path_length"", ""query_length"", ""fragment_length"", ""digit_count"", ""letter_count"", ""special_char_count"", ""digit_ratio"", ""letter_ratio"", ""special_char_ratio"", ""dot_count"", ""hyphen_count"", ""underscore_count"", ""slash_count"", ""question_mark_count"", ""equals_sign_count"", ""percent_sign_count"", ""at_sign_count"", ""subdomain_depth"", ""path_segment_count"", ""query_parameter_count"", ""has_port"", ""has_userinfo"", ""host_is_ip"", ""tld_length"", ""registrable_domain_length"", ""domain_digit_ratio"", ""domain_hyphen_ratio"", ""url_char_entropy"", ""longest_repeated_char_run"", ""char_type_transition_count"", ""token_count"", ""token_mean_length"", ""token_max_length""]",0.3
0.4240287031421628,0.4952399350134728,unfiltered,master,961,134849,1.0,0.1566780999996808,6.644730759593408e-07,0.2977669636900791,xgb,20261002,134849,100944,235793,0.4225474132224121,0.4257639503985828,0.9904798700269456,r01,0.4109284259636147,S4-external,xgb_d6_lr01_balanced,"{""colsample_bytree"": 0.9, ""learning_rate"": 0.1, ""max_depth"": 6, ""n_estimators"": 200, ""reg_lambda"": 1.0, ""scale_pos_weight"": 3.537326264507809, ""subsample"": 0.9}",iscx_url2016_binary,phiusiil,0.3,0,99983,f_all,35,"[""url_length"", ""hostname_length"", ""path_length"", ""query_length"", ""fragment_length"", ""digit_count"", ""letter_count"", ""special_char_count"", ""digit_ratio"", ""letter_ratio"", ""special_char_ratio"", ""dot_count"", ""hyphen_count"", ""underscore_count"", ""slash_count"", ""question_mark_count"", ""equals_sign_count"", ""percent_sign_count"", ""at_sign_count"", ""subdomain_depth"", ""path_segment_count"", ""query_parameter_count"", ""has_port"", ""has_userinfo"", ""host_is_ip"", ""tld_length"", ""registrable_domain_length"", ""domain_digit_ratio"", ""domain_hyphen_ratio"", ""url_char_entropy"", ""longest_repeated_char_run"", ""char_type_transition_count"", ""token_count"", ""token_mean_length"", ""token_max_length""]",0.3
0.41487638022083534,0.49103555339096555,primary_domain_filtered,,1767,134740,1.0,0.12624270000014803,5.353963009934478e-07,0.29322447248436007,xgb,20261002,134740,98556,233296,0.3467245184158305,0.4180426642018926,0.9820711067819311,r01,0.31362860076527466,S4-external,xgb_d6_lr01_balanced,"{""colsample_bytree"": 0.9, ""learning_rate"": 0.1, ""max_depth"": 6, ""n_estimators"": 200, ""reg_lambda"": 1.0, ""scale_pos_weight"": 3.537326264507809, ""subsample"": 0.9}",iscx_url2016_binary,phiusiil,0.49,0,96789,f_mi,15,"[""url_length"", ""subdomain_depth"", ""token_count"", ""special_char_count"", ""path_length"", ""char_type_transition_count"", ""hostname_length"", ""dot_count"", ""hyphen_count"", ""special_char_ratio"", ""token_mean_length"", ""digit_ratio"", ""longest_repeated_char_run"", ""letter_ratio"", ""letter_count""]",0.49
0.42058500464390375,0.4912179029957204,unfiltered,,1773,134849,1.0,0.12624270000014803,5.353963009934478e-07,0.29606465172376734,xgb,20261002,134849,100944,235793,0.3503562893633339,0.42377147252371594,0.9824358059914408,r01,0.31075439415077494,S4-external,xgb_d6_lr01_balanced,"{""colsample_bytree"": 0.9, ""learning_rate"": 0.1, ""max_depth"": 6, ""n_estimators"": 200, ""reg_lambda"": 1.0, ""scale_pos_weight"": 3.537326264507809, ""subsample"": 0.9}",iscx_url2016_binary,phiusiil,0.49,0,99171,f_mi,15,"[""url_length"", ""subdomain_depth"", ""token_count"", ""special_char_count"", ""path_length"", ""char_type_transition_count"", ""hostname_length"", ""dot_count"", ""hyphen_count"", ""special_char_ratio"", ""token_mean_length"", ""digit_ratio"", ""longest_repeated_char_run"", ""letter_ratio"", ""letter_count""]",0.49
0.41789400589808656,0.4946071269126182,primary_domain_filtered,,1063,134740,1.0,0.13544099999990067,5.744063649043893e-07,0.2947286638914837,xgb,20261002,134740,98556,233296,0.5320037102710838,0.41980683193172375,0.9892142538252364,r01,0.5301126671240476,S4-external,xgb_d6_lr01_balanced,"{""colsample_bytree"": 0.9, ""learning_rate"": 0.1, ""max_depth"": 6, ""n_estimators"": 200, ""reg_lambda"": 1.0, ""scale_pos_weight"": 3.537326264507809, ""subsample"": 0.9}",iscx_url2016_binary,phiusiil,0.57,0,97493,f_permutation,15,"[""url_length"", ""dot_count"", ""subdomain_depth"", ""hostname_length"", ""hyphen_count"", ""token_max_length"", ""path_segment_count"", ""tld_length"", ""path_length"", ""equals_sign_count"", ""slash_count"", ""url_char_entropy"", ""token_mean_length"", ""question_mark_count"", ""special_char_ratio""]",0.57
0.42357491528586516,0.4947099381835473,unfiltered,,1068,134849,1.0,0.13544099999990067,5.744063649043893e-07,0.2975431153904591,xgb,20261002,134849,100944,235793,0.5359352584776688,0.4255021834061135,0.9894198763670946,r01,0.5275174632685697,S4-external,xgb_d6_lr01_balanced,"{""colsample_bytree"": 0.9, ""learning_rate"": 0.1, ""max_depth"": 6, ""n_estimators"": 200, ""reg_lambda"": 1.0, ""scale_pos_weight"": 3.537326264507809, ""subsample"": 0.9}",iscx_url2016_binary,phiusiil,0.57,0,99876,f_permutation,15,"[""url_length"", ""dot_count"", ""subdomain_depth"", ""hostname_length"", ""hyphen_count"", ""token_max_length"", ""path_segment_count"", ""tld_length"", ""path_length"", ""equals_sign_count"", ""slash_count"", ""url_char_entropy"", ""token_mean_length"", ""question_mark_count"", ""special_char_ratio""]",0.57
0.4174267882861258,0.4940541418077032,primary_domain_filtered,master,1172,134740,1.0,0.1257874000000001,5.334653700491538e-07,0.2944961896697713,xgb,20261002,134740,98556,233296,0.441128600245241,0.4195343867932656,0.9881082836154064,r01,0.4140590210964571,S4-external,xgb_d6_lr01_balanced,"{""colsample_bytree"": 0.9, ""learning_rate"": 0.1, ""max_depth"": 6, ""n_estimators"": 200, ""reg_lambda"": 1.0, ""scale_pos_weight"": 3.537326264507809, ""subsample"": 0.9}",iscx_url2016_binary,phiusiil,0.5,0,97384,f_single,15,"[""subdomain_depth"", ""url_length"", ""dot_count"", ""hostname_length"", ""hyphen_count"", ""token_max_length"", ""path_length"", ""longest_repeated_char_run"", ""token_mean_length"", ""tld_length"", ""digit_ratio"", ""registrable_domain_length"", ""slash_count"", ""token_count"", ""char_type_transition_count""]",0.5
0.4231253684375702,0.4941848945950229,unfiltered,master,1174,134849,1.0,0.1257874000000001,5.334653700491538e-07,0.2973212183703209,xgb,20261002,134849,100944,235793,0.444004688849308,0.4252426274086924,0.988369789190046,r01,0.4102243461828901,S4-external,xgb_d6_lr01_balanced,"{""colsample_bytree"": 0.9, ""learning_rate"": 0.1, ""max_depth"": 6, ""n_estimators"": 200, ""reg_lambda"": 1.0, ""scale_pos_weight"": 3.537326264507809, ""subsample"": 0.9}",iscx_url2016_binary,phiusiil,0.5,0,99770,f_single,15,"[""subdomain_depth"", ""url_length"", ""dot_count"", ""hostname_length"", ""hyphen_count"", ""token_max_length"", ""path_length"", ""longest_repeated_char_run"", ""token_mean_length"", ""tld_length"", ""digit_ratio"", ""registrable_domain_length"", ""slash_count"", ""token_count"", ""char_type_transition_count""]",0.5
0.4176582538920513,0.4943280977312391,primary_domain_filtered,master,1118,134740,1.0,0.1254030999999997,5.318355506736831e-07,0.2946113795376345,xgb,20261002,134740,98556,233296,0.4753373444194567,0.4196693915874889,0.9886561954624782,r01,0.4846893011439649,S4-external,xgb_d6_lr01_balanced,"{""colsample_bytree"": 0.9, ""learning_rate"": 0.1, ""max_depth"": 6, ""n_estimators"": 200, ""reg_lambda"": 1.0, ""scale_pos_weight"": 3.537326264507809, ""subsample"": 0.9}",iscx_url2016_binary,phiusiil,0.62,0,97438,f_stable,12,"[""subdomain_depth"", ""url_length"", ""dot_count"", ""hostname_length"", ""hyphen_count"", ""token_max_length"", ""path_length"", ""token_mean_length"", ""longest_repeated_char_run"", ""tld_length"", ""token_count"", ""registrable_domain_length""]",0.62
0.4233543828697205,0.4944523696306863,unfiltered,master,1120,134849,1.0,0.1254030999999997,5.318355506736831e-07,0.2974342777630454,xgb,20261002,134849,100944,235793,0.4780709510055509,0.4253748833483187,0.9889047392613728,r01,0.4801818266762586,S4-external,xgb_d6_lr01_balanced,"{""colsample_bytree"": 0.9, ""learning_rate"": 0.1, ""max_depth"": 6, ""n_estimators"": 200, ""reg_lambda"": 1.0, ""scale_pos_weight"": 3.537326264507809, ""subsample"": 0.9}",iscx_url2016_binary,phiusiil,0.62,0,99824,f_stable,12,"[""subdomain_depth"", ""url_length"", ""dot_count"", ""hostname_length"", ""hyphen_count"", ""token_max_length"", ""path_length"", ""token_mean_length"", ""longest_repeated_char_run"", ""tld_length"", ""token_count"", ""registrable_domain_length""]",0.62
0.406459355778916,0.4810349877081943,primary_domain_filtered,master,3743,134733,0.9999554694631844,0.1498572999998941,6.355460085748693e-07,0.2890303481728837,lr,20261003,134739,98566,233305,0.5048453364403976,0.41307132028786,0.9620254448795732,r02,0.432738816911054,S4-external,lr_c01,"{""C"": 0.1, ""class_weight"": null}",iscx_url2016_binary,phiusiil,0.67,6,94823,f_all,35,"[""url_length"", ""hostname_length"", ""path_length"", ""query_length"", ""fragment_length"", ""digit_count"", ""letter_count"", ""special_char_count"", ""digit_ratio"", ""letter_ratio"", ""special_char_ratio"", ""dot_count"", ""hyphen_count"", ""underscore_count"", ""slash_count"", ""question_mark_count"", ""equals_sign_count"", ""percent_sign_count"", ""at_sign_count"", ""subdomain_depth"", ""path_segment_count"", ""query_parameter_count"", ""has_port"", ""has_userinfo"", ""host_is_ip"", ""tld_length"", ""registrable_domain_length"", ""domain_digit_ratio"", ""domain_hyphen_ratio"", ""url_char_entropy"", ""longest_repeated_char_run"", ""char_type_transition_count"", ""token_count"", ""token_mean_length"", ""token_max_length""]",0.67
0.4103896214052155,0.4793028383249159,unfiltered,master,4183,134843,0.9999555057879554,0.1498572999998941,6.355460085748693e-07,0.2910116755076687,lr,20261003,134849,100944,235793,0.5101557264631413,0.4177863940173745,0.9585611824377872,r02,0.4309177360202407,S4-external,lr_c01,"{""C"": 0.1, ""class_weight"": null}",iscx_url2016_binary,phiusiil,0.67,6,96761,f_all,35,"[""url_length"", ""hostname_length"", ""path_length"", ""query_length"", ""fragment_length"", ""digit_count"", ""letter_count"", ""special_char_count"", ""digit_ratio"", ""letter_ratio"", ""special_char_ratio"", ""dot_count"", ""hyphen_count"", ""underscore_count"", ""slash_count"", ""question_mark_count"", ""equals_sign_count"", ""percent_sign_count"", ""at_sign_count"", ""subdomain_depth"", ""path_segment_count"", ""query_parameter_count"", ""has_port"", ""has_userinfo"", ""host_is_ip"", ""tld_length"", ""registrable_domain_length"", ""domain_digit_ratio"", ""domain_hyphen_ratio"", ""url_char_entropy"", ""longest_repeated_char_run"", ""char_type_transition_count"", ""token_count"", ""token_mean_length"", ""token_max_length""]",0.67
0.40647221448318727,0.48105837712801575,primary_domain_filtered,,3734,134739,1.0,0.07906810000031328,3.353284448661041e-07,0.28900124033559155,lr,20261003,134739,98566,233305,0.5634829755845048,0.4130835340700698,0.9621167542560315,r02,0.5079264080696569,S4-external,lr_c1,"{""C"": 1.0, ""class_weight"": null}",iscx_url2016_binary,phiusiil,0.59,0,94832,f_mi,15,"[""url_length"", ""subdomain_depth"", ""token_count"", ""special_char_count"", ""path_length"", ""hostname_length"", ""char_type_transition_count"", ""dot_count"", ""hyphen_count"", ""token_mean_length"", ""special_char_ratio"", ""digit_ratio"", ""letter_ratio"", ""longest_repeated_char_run"", ""letter_count""]",0.59
0.41108938772567466,0.4801275954984942,unfiltered,,4012,134849,1.0,0.07906810000031328,3.353284448661041e-07,0.29132767300323087,lr,20261003,134849,100944,235793,0.5681534738744757,0.4182051160362584,0.9602551909969884,r02,0.5060174996553474,S4-external,lr_c1,"{""C"": 1.0, ""class_weight"": null}",iscx_url2016_binary,phiusiil,0.59,0,96932,f_mi,15,"[""url_length"", ""subdomain_depth"", ""token_count"", ""special_char_count"", ""path_length"", ""hostname_length"", ""char_type_transition_count"", ""dot_count"", ""hyphen_count"", ""token_mean_length"", ""special_char_ratio"", ""digit_ratio"", ""letter_ratio"", ""longest_repeated_char_run"", ""letter_count""]",0.59
0.4000042862347571,0.47336819924313484,primary_domain_filtered,,5269,134713,0.9998070343404657,0.05444760000000315,2.309127073322921e-07,0.2858680218476054,lr,20261003,134739,98566,233305,0.6141525478382616,0.4091794219551774,0.9465434328267354,r02,0.5707426795273878,S4-external,lr_c01,"{""C"": 0.1, ""class_weight"": null}",iscx_url2016_binary,phiusiil,0.65,26,93297,f_permutation,15,"[""subdomain_depth"", ""dot_count"", ""hyphen_count"", ""char_type_transition_count"", ""slash_count"", ""path_length"", ""hostname_length"", ""tld_length"", ""equals_sign_count"", ""special_char_ratio"", ""letter_count"", ""token_count"", ""digit_count"", ""token_max_length"", ""domain_hyphen_ratio""]",0.65
0.40400266335302576,0.47181585818600547,unfiltered,,5711,134821,0.9997923603437919,0.05444760000000315,2.309127073322921e-07,0.28791389290737973,lr,20261003,134849,100944,235793,0.6178010985089848,0.41395933128743684,0.9434240767158029,r02,0.5680097573879919,S4-external,lr_c01,"{""C"": 0.1, ""class_weight"": null}",iscx_url2016_binary,phiusiil,0.65,28,95233,f_permutation,15,"[""subdomain_depth"", ""dot_count"", ""hyphen_count"", ""char_type_transition_count"", ""slash_count"", ""path_length"", ""hostname_length"", ""tld_length"", ""equals_sign_count"", ""special_char_ratio"", ""letter_count"", ""token_count"", ""digit_count"", ""token_max_length"", ""domain_hyphen_ratio""]",0.65
0.396300979404642,0.4690207576649148,primary_domain_filtered,master,6107,134739,1.0,0.0739830999999995,3.1376291917062645e-07,0.2838220306725114,lr,20261003,134739,98566,233305,0.4774177931549479,0.4069534062799849,0.9380415153298296,r02,0.3945838607698234,S4-external,lr_c01,"{""C"": 0.1, ""class_weight"": null}",iscx_url2016_binary,phiusiil,0.72,0,92459,f_single,15,"[""subdomain_depth"", ""dot_count"", ""hyphen_count"", ""hostname_length"", ""token_count"", ""registrable_domain_length"", ""special_char_count"", ""path_length"", ""question_mark_count"", ""char_type_transition_count"", ""letter_count"", ""equals_sign_count"", ""slash_count"", ""digit_ratio"", ""url_length""]",0.72
0.3999991517983994,0.467174869234427,unfiltered,master,6627,134849,1.0,0.0739830999999995,3.1376291917062645e-07,0.2857138529581048,lr,20261003,134849,100944,235793,0.4830979819725506,0.4115662881928383,0.934349738468854,r02,0.3934365373269972,S4-external,lr_c01,"{""C"": 0.1, ""class_weight"": null}",iscx_url2016_binary,phiusiil,0.72,0,94317,f_single,15,"[""subdomain_depth"", ""dot_count"", ""hyphen_count"", ""hostname_length"", ""token_count"", ""registrable_domain_length"", ""special_char_count"", ""path_length"", ""question_mark_count"", ""char_type_transition_count"", ""letter_count"", ""equals_sign_count"", ""slash_count"", ""digit_ratio"", ""url_length""]",0.72
0.3933563361265296,0.4655357831300854,primary_domain_filtered,master,6794,134739,1.0,0.0591332000000051,2.507843744301362e-07,0.2823084992171085,lr,20261003,134739,98566,233305,0.4466789659299513,0.4051547165479822,0.9310715662601708,r02,0.3534404946806433,S4-external,lr_c1_balanced,"{""C"": 1.0, ""class_weight"": ""balanced""}",iscx_url2016_binary,phiusiil,0.9,0,91772,f_stable,13,"[""subdomain_depth"", ""dot_count"", ""hyphen_count"", ""token_count"", ""hostname_length"", ""registrable_domain_length"", ""special_char_count"", ""path_length"", ""char_type_transition_count"", ""question_mark_count"", ""slash_count"", ""equals_sign_count"", ""letter_count""]",0.9
0.3971195073645104,0.4638116183230306,unfiltered,master,7306,134849,1.0,0.0591332000000051,2.507843744301362e-07,0.2842416166056017,lr,20261003,134849,100944,235793,0.4528208289890214,0.4098176263857462,0.9276232366460612,r02,0.352483650307695,S4-external,lr_c1_balanced,"{""C"": 1.0, ""class_weight"": ""balanced""}",iscx_url2016_binary,phiusiil,0.9,0,93638,f_stable,13,"[""subdomain_depth"", ""dot_count"", ""hyphen_count"", ""token_count"", ""hostname_length"", ""registrable_domain_length"", ""special_char_count"", ""path_length"", ""char_type_transition_count"", ""question_mark_count"", ""slash_count"", ""equals_sign_count"", ""letter_count""]",0.9
0.4181136280834101,0.494835947486963,primary_domain_filtered,master,1018,134739,1.0,0.6495225000003302,2.7546301204884376e-06,0.2948378887300402,rf,20261003,134739,98566,233305,0.3774187718546611,0.4199460150589572,0.989671894973926,r02,0.4125797688547626,S4-external,rf_depth24_leaf2,"{""class_weight"": null, ""max_depth"": 24, ""max_features"": ""sqrt"", ""min_samples_leaf"": 2, ""n_estimators"": 200}",iscx_url2016_binary,phiusiil,0.42,0,97548,f_all,35,"[""url_length"", ""hostname_length"", ""path_length"", ""query_length"", ""fragment_length"", ""digit_count"", ""letter_count"", ""special_char_count"", ""digit_ratio"", ""letter_ratio"", ""special_char_ratio"", ""dot_count"", ""hyphen_count"", ""underscore_count"", ""slash_count"", ""question_mark_count"", ""equals_sign_count"", ""percent_sign_count"", ""at_sign_count"", ""subdomain_depth"", ""path_segment_count"", ""query_parameter_count"", ""has_port"", ""has_userinfo"", ""host_is_ip"", ""tld_length"", ""registrable_domain_length"", ""domain_digit_ratio"", ""domain_hyphen_ratio"", ""url_char_entropy"", ""longest_repeated_char_run"", ""char_type_transition_count"", ""token_count"", ""token_mean_length"", ""token_max_length""]",0.42
0.4237657606459903,0.4949328340466001,unfiltered,master,1023,134849,1.0,0.6495225000003302,2.7546301204884376e-06,0.2976372745849145,rf,20261003,134849,100944,235793,0.3811523764348872,0.4256123014013716,0.9898656680932002,r02,0.408922858193367,S4-external,rf_depth24_leaf2,"{""class_weight"": null, ""max_depth"": 24, ""max_features"": ""sqrt"", ""min_samples_leaf"": 2, ""n_estimators"": 200}",iscx_url2016_binary,phiusiil,0.42,0,99921,f_all,35,"[""url_length"", ""hostname_length"", ""path_length"", ""query_length"", ""fragment_length"", ""digit_count"", ""letter_count"", ""special_char_count"", ""digit_ratio"", ""letter_ratio"", ""special_char_ratio"", ""dot_count"", ""hyphen_count"", ""underscore_count"", ""slash_count"", ""question_mark_count"", ""equals_sign_count"", ""percent_sign_count"", ""at_sign_count"", ""subdomain_depth"", ""path_segment_count"", ""query_parameter_count"", ""has_port"", ""has_userinfo"", ""host_is_ip"", ""tld_length"", ""registrable_domain_length"", ""domain_digit_ratio"", ""domain_hyphen_ratio"", ""url_char_entropy"", ""longest_repeated_char_run"", ""char_type_transition_count"", ""token_count"", ""token_mean_length"", ""token_max_length""]",0.42
0.414298879149611,0.49032120609540814,primary_domain_filtered,,1908,134739,1.0,0.6542740999998387,2.7747816941123724e-06,0.2929358746283674,rf,20261003,134739,98566,233305,0.3707758323932888,0.4177150092697831,0.9806424121908163,r02,0.3962339156576505,S4-external,rf_unlimited_leaf5_balanced,"{""class_weight"": ""balanced_subsample"", ""max_depth"": null, ""max_features"": ""sqrt"", ""min_samples_leaf"": 5, ""n_estimators"": 200}",iscx_url2016_binary,phiusiil,0.54,0,96658,f_mi,15,"[""url_length"", ""subdomain_depth"", ""token_count"", ""special_char_count"", ""path_length"", ""hostname_length"", ""char_type_transition_count"", ""dot_count"", ""hyphen_count"", ""token_mean_length"", ""special_char_ratio"", ""digit_ratio"", ""letter_ratio"", ""longest_repeated_char_run"", ""letter_count""]",0.54
0.4199700584835004,0.4904996829925503,unfiltered,,1918,134849,1.0,0.6542740999998387,2.7747816941123724e-06,0.29575979857773904,rf,20261003,134849,100944,235793,0.37434539540847533,0.4234142169962587,0.9809993659851006,r02,0.39238583551737155,S4-external,rf_unlimited_leaf5_balanced,"{""class_weight"": ""balanced_subsample"", ""max_depth"": null, ""max_features"": ""sqrt"", ""min_samples_leaf"": 5, ""n_estimators"": 200}",iscx_url2016_binary,phiusiil,0.54,0,99026,f_mi,15,"[""url_length"", ""subdomain_depth"", ""token_count"", ""special_char_count"", ""path_length"", ""hostname_length"", ""char_type_transition_count"", ""dot_count"", ""hyphen_count"", ""token_mean_length"", ""special_char_ratio"", ""digit_ratio"", ""letter_ratio"", ""longest_repeated_char_run"", ""letter_count""]",0.54
0.41561903945479095,0.4918836109814743,primary_domain_filtered,,1600,134739,1.0,0.6355272000000696,2.695275941185996e-06,0.2935952596504083,rf,20261003,134739,98566,233305,0.3828882493317657,0.4184890269955331,0.9837672219629486,r02,0.41749125350828287,S4-external,rf_depth24_leaf2,"{""class_weight"": null, ""max_depth"": 24, ""max_features"": ""sqrt"", ""min_samples_leaf"": 2, ""n_estimators"": 200}",iscx_url2016_binary,phiusiil,0.5,0,96966,f_permutation,15,"[""url_length"", ""subdomain_depth"", ""hostname_length"", ""dot_count"", ""path_length"", ""token_count"", ""token_max_length"", ""hyphen_count"", ""question_mark_count"", ""token_mean_length"", ""special_char_count"", ""char_type_transition_count"", ""registrable_domain_length"", ""query_length"", ""equals_sign_count""]",0.5
0.42131021701237953,0.492064907275321,unfiltered,,1602,134849,1.0,0.6355272000000696,2.695275941185996e-06,0.29642382920315696,rf,20261003,134849,100944,235793,0.3865795184460166,0.42419221917153094,0.984129814550642,r02,0.4137670662070362,S4-external,rf_depth24_leaf2,"{""class_weight"": null, ""max_depth"": 24, ""max_features"": ""sqrt"", ""min_samples_leaf"": 2, ""n_estimators"": 200}",iscx_url2016_binary,phiusiil,0.5,0,99342,f_permutation,15,"[""url_length"", ""subdomain_depth"", ""hostname_length"", ""dot_count"", ""path_length"", ""token_count"", ""token_max_length"", ""hyphen_count"", ""question_mark_count"", ""token_mean_length"", ""special_char_count"", ""char_type_transition_count"", ""registrable_domain_length"", ""query_length"", ""equals_sign_count""]",0.5
0.4125200917254238,0.4882160176937281,primary_domain_filtered,master,2323,134739,1.0,0.899656499999999,3.815450416254931e-06,0.2920454683384514,rf,20261003,134739,98566,233305,0.3689495714923684,0.4166688313375068,0.9764320353874562,r02,0.3874950194829095,S4-external,rf_depth24_leaf2,"{""class_weight"": null, ""max_depth"": 24, ""max_features"": ""sqrt"", ""min_samples_leaf"": 2, ""n_estimators"": 200}",iscx_url2016_binary,phiusiil,0.57,0,96243,f_single,15,"[""url_length"", ""subdomain_depth"", ""hostname_length"", ""dot_count"", ""path_length"", ""hyphen_count"", ""token_count"", ""longest_repeated_char_run"", ""special_char_count"", ""token_max_length"", ""char_type_transition_count"", ""token_mean_length"", ""digit_ratio"", ""digit_count"", ""letter_count""]",0.57
0.4182015581463402,0.4884341813282612,unfiltered,master,2335,134849,1.0,0.899656499999999,3.815450416254931e-06,0.2948816095597514,rf,20261003,134849,100944,235793,0.372435576660569,0.4223843260886326,0.9768683626565224,r02,0.3834350160487416,S4-external,rf_depth24_leaf2,"{""class_weight"": null, ""max_depth"": 24, ""max_features"": ""sqrt"", ""min_samples_leaf"": 2, ""n_estimators"": 200}",iscx_url2016_binary,phiusiil,0.57,0,98609,f_single,15,"[""url_length"", ""subdomain_depth"", ""hostname_length"", ""dot_count"", ""path_length"", ""hyphen_count"", ""token_count"", ""longest_repeated_char_run"", ""special_char_count"", ""token_max_length"", ""char_type_transition_count"", ""token_mean_length"", ""digit_ratio"", ""digit_count"", ""letter_count""]",0.57
0.4146889265125051,0.4907828257208368,primary_domain_filtered,master,1817,134739,1.0,0.9388350999999986,3.981607172392728e-06,0.2931308210171668,rf,20261003,134739,98566,233305,0.3993537926383839,0.4179439106994747,0.9815656514416736,r02,0.468475540426811,S4-external,rf_unlimited_leaf5_balanced,"{""class_weight"": ""balanced_subsample"", ""max_depth"": null, ""max_features"": ""sqrt"", ""min_samples_leaf"": 5, ""n_estimators"": 200}",iscx_url2016_binary,phiusiil,0.55,0,96749,f_stable,13,"[""url_length"", ""subdomain_depth"", ""hostname_length"", ""dot_count"", ""path_length"", ""hyphen_count"", ""token_count"", ""longest_repeated_char_run"", ""special_char_count"", ""token_max_length"", ""char_type_transition_count"", ""token_mean_length"", ""digit_count""]",0.55
0.4203644722277591,0.4909603344428594,unfiltered,master,1825,134849,1.0,0.9388350999999986,3.981607172392728e-06,0.295955355436652,rf,20261003,134849,100944,235793,0.4031040562916504,0.423643404226219,0.9819206688857188,r02,0.4645635114712958,S4-external,rf_unlimited_leaf5_balanced,"{""class_weight"": ""balanced_subsample"", ""max_depth"": null, ""max_features"": ""sqrt"", ""min_samples_leaf"": 5, ""n_estimators"": 200}",iscx_url2016_binary,phiusiil,0.55,0,99119,f_stable,13,"[""url_length"", ""subdomain_depth"", ""hostname_length"", ""dot_count"", ""path_length"", ""hyphen_count"", ""token_count"", ""longest_repeated_char_run"", ""special_char_count"", ""token_max_length"", ""char_type_transition_count"", ""token_mean_length"", ""digit_count""]",0.55
0.4190137373823964,0.4959012235456445,primary_domain_filtered,master,808,134739,1.0,0.2093990000003032,8.880628347758551e-07,0.2952851874114594,xgb,20261003,134739,98566,233305,0.4025399461843926,0.4204699415476329,0.9918024470912892,r02,0.3904984706739065,S4-external,xgb_d6_lr01_balanced,"{""colsample_bytree"": 0.9, ""learning_rate"": 0.1, ""max_depth"": 6, ""n_estimators"": 200, ""reg_lambda"": 1.0, ""scale_pos_weight"": 3.537326264507809, ""subsample"": 0.9}",iscx_url2016_binary,phiusiil,0.16,0,97758,f_all,35,"[""url_length"", ""hostname_length"", ""path_length"", ""query_length"", ""fragment_length"", ""digit_count"", ""letter_count"", ""special_char_count"", ""digit_ratio"", ""letter_ratio"", ""special_char_ratio"", ""dot_count"", ""hyphen_count"", ""underscore_count"", ""slash_count"", ""question_mark_count"", ""equals_sign_count"", ""percent_sign_count"", ""at_sign_count"", ""subdomain_depth"", ""path_segment_count"", ""query_parameter_count"", ""has_port"", ""has_userinfo"", ""host_is_ip"", ""tld_length"", ""registrable_domain_length"", ""domain_digit_ratio"", ""domain_hyphen_ratio"", ""url_char_entropy"", ""longest_repeated_char_run"", ""char_type_transition_count"", ""token_count"", ""token_mean_length"", ""token_max_length""]",0.16
0.4246690953505829,0.4959878744650499,unfiltered,master,810,134849,1.0,0.2093990000003032,8.880628347758551e-07,0.298082619140468,xgb,20261003,134849,100944,235793,0.406062966186915,0.4261329542988216,0.9919757489301,r02,0.3872041756326987,S4-external,xgb_d6_lr01_balanced,"{""colsample_bytree"": 0.9, ""learning_rate"": 0.1, ""max_depth"": 6, ""n_estimators"": 200, ""reg_lambda"": 1.0, ""scale_pos_weight"": 3.537326264507809, ""subsample"": 0.9}",iscx_url2016_binary,phiusiil,0.16,0,100134,f_all,35,"[""url_length"", ""hostname_length"", ""path_length"", ""query_length"", ""fragment_length"", ""digit_count"", ""letter_count"", ""special_char_count"", ""digit_ratio"", ""letter_ratio"", ""special_char_ratio"", ""dot_count"", ""hyphen_count"", ""underscore_count"", ""slash_count"", ""question_mark_count"", ""equals_sign_count"", ""percent_sign_count"", ""at_sign_count"", ""subdomain_depth"", ""path_segment_count"", ""query_parameter_count"", ""has_port"", ""has_userinfo"", ""host_is_ip"", ""tld_length"", ""registrable_domain_length"", ""domain_digit_ratio"", ""domain_hyphen_ratio"", ""url_char_entropy"", ""longest_repeated_char_run"", ""char_type_transition_count"", ""token_count"", ""token_mean_length"", ""token_max_length""]",0.16
0.41549902488159274,0.49174157417365016,primary_domain_filtered,,1628,134739,1.0,0.16264759999967282,6.897897732319146e-07,0.29353536638172495,xgb,20261003,134739,98566,233305,0.3244662317963059,0.4184187467897115,0.9834831483473003,r02,0.2632456519837903,S4-external,xgb_d6_lr005,"{""colsample_bytree"": 0.9, ""learning_rate"": 0.05, ""max_depth"": 6, ""n_estimators"": 250, ""reg_lambda"": 1.0, ""scale_pos_weight"": 1.0, ""subsample"": 0.9}",iscx_url2016_binary,phiusiil,0.19,0,96938,f_mi,15,"[""url_length"", ""subdomain_depth"", ""token_count"", ""special_char_count"", ""path_length"", ""hostname_length"", ""char_type_transition_count"", ""dot_count"", ""hyphen_count"", ""token_mean_length"", ""special_char_ratio"", ""digit_ratio"", ""letter_ratio"", ""longest_repeated_char_run"", ""letter_count""]",0.19
0.4211702637482877,0.4919014503090823,unfiltered,,1635,134849,1.0,0.16264759999967282,6.897897732319146e-07,0.2963545427959248,xgb,20261003,134849,100944,235793,0.3280013791371702,0.4241110703029578,0.9838029006181646,r02,0.2604089447686896,S4-external,xgb_d6_lr005,"{""colsample_bytree"": 0.9, ""learning_rate"": 0.05, ""max_depth"": 6, ""n_estimators"": 250, ""reg_lambda"": 1.0, ""scale_pos_weight"": 1.0, ""subsample"": 0.9}",iscx_url2016_binary,phiusiil,0.19,0,99309,f_mi,15,"[""url_length"", ""subdomain_depth"", ""token_count"", ""special_char_count"", ""path_length"", ""hostname_length"", ""char_type_transition_count"", ""dot_count"", ""hyphen_count"", ""token_mean_length"", ""special_char_ratio"", ""digit_ratio"", ""letter_ratio"", ""longest_repeated_char_run"", ""letter_count""]",0.19
0.41900516491288226,0.4958910780593714,primary_domain_filtered,,810,134739,1.0,0.17897350000021106,7.590280457868175e-07,0.29528093010049505,xgb,20261003,134739,98566,233305,0.550888528060048,0.42046495623561797,0.9917821561187428,r02,0.5362470360764786,S4-external,xgb_d6_lr005,"{""colsample_bytree"": 0.9, ""learning_rate"": 0.05, ""max_depth"": 6, ""n_estimators"": 250, ""reg_lambda"": 1.0, ""scale_pos_weight"": 1.0, ""subsample"": 0.9}",iscx_url2016_binary,phiusiil,0.15,0,97756,f_permutation,15,"[""url_length"", ""dot_count"", ""hostname_length"", ""subdomain_depth"", ""hyphen_count"", ""token_max_length"", ""special_char_ratio"", ""token_mean_length"", ""percent_sign_count"", ""path_length"", ""equals_sign_count"", ""token_count"", ""question_mark_count"", ""slash_count"", ""query_length""]",0.15
0.4246606133345774,0.4959779679822476,unfiltered,,812,134849,1.0,0.17897350000021106,7.590280457868175e-07,0.2980784401280048,xgb,20261003,134849,100944,235793,0.5552873622687988,0.4261280699290581,0.9919559359644952,r02,0.5335127723848087,S4-external,xgb_d6_lr005,"{""colsample_bytree"": 0.9, ""learning_rate"": 0.05, ""max_depth"": 6, ""n_estimators"": 250, ""reg_lambda"": 1.0, ""scale_pos_weight"": 1.0, ""subsample"": 0.9}",iscx_url2016_binary,phiusiil,0.15,0,100132,f_permutation,15,"[""url_length"", ""dot_count"", ""hostname_length"", ""subdomain_depth"", ""hyphen_count"", ""token_max_length"", ""special_char_ratio"", ""token_mean_length"", ""percent_sign_count"", ""path_length"", ""equals_sign_count"", ""token_count"", ""question_mark_count"", ""slash_count"", ""query_length""]",0.15
0.4189537300957973,0.4958302051417324,primary_domain_filtered,master,822,134739,1.0,0.1279408999999987,5.42598380783139e-07,0.2952553851544635,xgb,20261003,134739,98566,233305,0.368642843979898,0.4204350425622518,0.9916604102834649,r02,0.3453244308712643,S4-external,xgb_d6_lr01_balanced,"{""colsample_bytree"": 0.9, ""learning_rate"": 0.1, ""max_depth"": 6, ""n_estimators"": 200, ""reg_lambda"": 1.0, ""scale_pos_weight"": 3.537326264507809, ""subsample"": 0.9}",iscx_url2016_binary,phiusiil,0.15,0,97744,f_single,15,"[""url_length"", ""subdomain_depth"", ""dot_count"", ""hostname_length"", ""hyphen_count"", ""token_max_length"", ""path_length"", ""longest_repeated_char_run"", ""token_mean_length"", ""special_char_ratio"", ""tld_length"", ""digit_ratio"", ""token_count"", ""registrable_domain_length"", ""slash_count""]",0.15
0.4246097212385439,0.4959185290854335,unfiltered,master,824,134849,1.0,0.1279408999999987,5.42598380783139e-07,0.2980533650082015,xgb,20261003,134849,100944,235793,0.3717946139403533,0.4260987619643442,0.991837058170867,r02,0.3417975363301254,S4-external,xgb_d6_lr01_balanced,"{""colsample_bytree"": 0.9, ""learning_rate"": 0.1, ""max_depth"": 6, ""n_estimators"": 200, ""reg_lambda"": 1.0, ""scale_pos_weight"": 3.537326264507809, ""subsample"": 0.9}",iscx_url2016_binary,phiusiil,0.15,0,100120,f_single,15,"[""url_length"", ""subdomain_depth"", ""dot_count"", ""hostname_length"", ""hyphen_count"", ""token_max_length"", ""path_length"", ""longest_repeated_char_run"", ""token_mean_length"", ""special_char_ratio"", ""tld_length"", ""digit_ratio"", ""token_count"", ""registrable_domain_length"", ""slash_count""]",0.15
0.4177535843638156,0.4944098370634904,primary_domain_filtered,master,1102,134739,1.0,0.1385295999999982,5.87505142222196e-07,0.2946588102270769,xgb,20261003,134739,98566,233305,0.3888847965453593,0.4197361791191328,0.9888196741269808,r02,0.3607680644422795,S4-external,xgb_d6_lr005,"{""colsample_bytree"": 0.9, ""learning_rate"": 0.05, ""max_depth"": 6, ""n_estimators"": 250, ""reg_lambda"": 1.0, ""scale_pos_weight"": 1.0, ""subsample"": 0.9}",iscx_url2016_binary,phiusiil,0.37,0,97464,f_stable,12,"[""url_length"", ""subdomain_depth"", ""dot_count"", ""hostname_length"", ""hyphen_count"", ""path_length"", ""token_mean_length"", ""token_max_length"", ""longest_repeated_char_run"", ""digit_ratio"", ""tld_length"", ""registrable_domain_length""]",0.37
0.423422238997765,0.4945316214931051,unfiltered,master,1104,134849,1.0,0.1385295999999982,5.87505142222196e-07,0.297467769855765,xgb,20261003,134849,100944,235793,0.3917173365013116,0.4254140586052179,0.9890632429862102,r02,0.3566500246336127,S4-external,xgb_d6_lr005,"{""colsample_bytree"": 0.9, ""learning_rate"": 0.05, ""max_depth"": 6, ""n_estimators"": 250, ""reg_lambda"": 1.0, ""scale_pos_weight"": 1.0, ""subsample"": 0.9}",iscx_url2016_binary,phiusiil,0.37,0,99840,f_stable,12,"[""url_length"", ""subdomain_depth"", ""dot_count"", ""hostname_length"", ""hyphen_count"", ""path_length"", ""token_mean_length"", ""token_max_length"", ""longest_repeated_char_run"", ""digit_ratio"", ""tld_length"", ""registrable_domain_length""]",0.37
0.4003738301803858,0.4710336276171416,primary_domain_filtered,master,5776,134735,0.9999332066733956,0.3338853999998719,1.4160106534115596e-06,0.2859572638477177,lr,20261004,134744,99587,234331,0.4569441178421475,0.4104687896528489,0.9420004619076788,r03,0.3629940009494452,S4-external,lr_c1,"{""C"": 1.0, ""class_weight"": null}",iscx_url2016_binary,phiusiil,0.88,9,93811,f_all,35,"[""url_length"", ""hostname_length"", ""path_length"", ""query_length"", ""fragment_length"", ""digit_count"", ""letter_count"", ""special_char_count"", ""digit_ratio"", ""letter_ratio"", ""special_char_ratio"", ""dot_count"", ""hyphen_count"", ""underscore_count"", ""slash_count"", ""question_mark_count"", ""equals_sign_count"", ""percent_sign_count"", ""at_sign_count"", ""subdomain_depth"", ""path_segment_count"", ""query_parameter_count"", ""has_port"", ""has_userinfo"", ""host_is_ip"", ""tld_length"", ""registrable_domain_length"", ""domain_digit_ratio"", ""domain_hyphen_ratio"", ""url_char_entropy"", ""longest_repeated_char_run"", ""char_type_transition_count"", ""token_count"", ""token_mean_length"", ""token_max_length""]",0.88
0.4029508933683358,0.4706111167360662,unfiltered,master,5940,134840,0.9999332586819332,0.3338853999998719,1.4160106534115596e-06,0.2872690194918348,lr,20261004,134849,100944,235793,0.4620441452192098,0.4133412227423818,0.9411554921540656,r03,0.3639561930036698,S4-external,lr_c1,"{""C"": 1.0, ""class_weight"": null}",iscx_url2016_binary,phiusiil,0.88,9,95004,f_all,35,"[""url_length"", ""hostname_length"", ""path_length"", ""query_length"", ""fragment_length"", ""digit_count"", ""letter_count"", ""special_char_count"", ""digit_ratio"", ""letter_ratio"", ""special_char_ratio"", ""dot_count"", ""hyphen_count"", ""underscore_count"", ""slash_count"", ""question_mark_count"", ""equals_sign_count"", ""percent_sign_count"", ""at_sign_count"", ""subdomain_depth"", ""path_segment_count"", ""query_parameter_count"", ""has_port"", ""has_userinfo"", ""host_is_ip"", ""tld_length"", ""registrable_domain_length"", ""domain_digit_ratio"", ""domain_hyphen_ratio"", ""url_char_entropy"", ""longest_repeated_char_run"", ""char_type_transition_count"", ""token_count"", ""token_mean_length"", ""token_max_length""]",0.88
0.3980693975615689,0.46833422032996275,primary_domain_filtered,,6307,134744,1.0,0.08172139999987849,3.465811113980419e-07,0.2847279242760469,lr,20261004,134744,99587,234331,0.5639966064582975,0.40907974599165,0.9366684406599255,r03,0.5037729915791905,S4-external,lr_c1,"{""C"": 1.0, ""class_weight"": null}",iscx_url2016_binary,phiusiil,0.84,0,93280,f_mi,15,"[""url_length"", ""subdomain_depth"", ""token_count"", ""path_length"", ""special_char_count"", ""hostname_length"", ""dot_count"", ""char_type_transition_count"", ""hyphen_count"", ""token_mean_length"", ""special_char_ratio"", ""digit_ratio"", ""letter_ratio"", ""longest_repeated_char_run"", ""letter_count""]",0.84
0.40066074904683346,0.46794757489301,unfiltered,,6471,134849,1.0,0.08172139999987849,3.465811113980419e-07,0.2860512435430835,lr,20261004,134849,100944,235793,0.5683708805101658,0.4119665797437664,0.93589514978602,r03,0.5047822766096671,S4-external,lr_c1,"{""C"": 1.0, ""class_weight"": null}",iscx_url2016_binary,phiusiil,0.84,0,94473,f_mi,15,"[""url_length"", ""subdomain_depth"", ""token_count"", ""path_length"", ""special_char_count"", ""hostname_length"", ""dot_count"", ""char_type_transition_count"", ""hyphen_count"", ""token_mean_length"", ""special_char_ratio"", ""digit_ratio"", ""letter_ratio"", ""longest_repeated_char_run"", ""letter_count""]",0.84
0.40740661713559023,0.4793130399299567,primary_domain_filtered,,4124,134739,0.9999628925963309,0.11372669999991558,4.823158448296411e-07,0.2895029056832048,lr,20261004,134744,99587,234331,0.45793603068875033,0.41469231370709203,0.9585889724562443,r03,0.3602587014984007,S4-external,lr_c1,"{""C"": 1.0, ""class_weight"": null}",iscx_url2016_binary,phiusiil,0.58,5,95463,f_permutation,15,"[""subdomain_depth"", ""dot_count"", ""char_type_transition_count"", ""token_count"", ""special_char_count"", ""hyphen_count"", ""slash_count"", ""special_char_ratio"", ""equals_sign_count"", ""tld_length"", ""registrable_domain_length"", ""path_length"", ""url_length"", ""digit_count"", ""letter_count""]",0.58
0.41051261063729627,0.47944772771594746,unfiltered,,4153,134844,0.9999629214899628,0.11372669999991558,4.823158448296411e-07,0.2910675739326435,lr,20261004,134849,100944,235793,0.46278987742379035,0.4178599952511494,0.9588583769218577,r03,0.3610270375804634,S4-external,lr_c1,"{""C"": 1.0, ""class_weight"": null}",iscx_url2016_binary,phiusiil,0.58,5,96791,f_permutation,15,"[""subdomain_depth"", ""dot_count"", ""char_type_transition_count"", ""token_count"", ""special_char_count"", ""hyphen_count"", ""slash_count"", ""special_char_ratio"", ""equals_sign_count"", ""tld_length"", ""registrable_domain_length"", ""path_length"", ""url_length"", ""digit_count"", ""letter_count""]",0.58
0.4127750916438713,0.4856356753391507,primary_domain_filtered,master,2861,134744,1.0,0.0507860999999962,2.153842565300763e-07,0.2921732511319803,lr,20261004,134744,99587,234331,0.4492235968782857,0.4178770467015164,0.9712713506783014,r03,0.3452649856094711,S4-external,lr_c1,"{""C"": 1.0, ""class_weight"": null}",iscx_url2016_binary,phiusiil,0.39,0,96726,f_single,15,"[""subdomain_depth"", ""dot_count"", ""char_type_transition_count"", ""token_count"", ""special_char_count"", ""registrable_domain_length"", ""hyphen_count"", ""slash_count"", ""url_length"", ""domain_hyphen_ratio"", ""equals_sign_count"", ""digit_ratio"", ""path_length"", ""special_char_ratio"", ""percent_sign_count""]",0.39
0.4158817267688184,0.4857247582818196,unfiltered,master,2882,134849,1.0,0.0507860999999962,2.153842565300763e-07,0.293726318311842,lr,20261004,134849,100944,235793,0.4541572623106069,0.4210277745576636,0.9714495165636392,r03,0.3461576010582372,S4-external,lr_c1,"{""C"": 1.0, ""class_weight"": null}",iscx_url2016_binary,phiusiil,0.39,0,98062,f_single,15,"[""subdomain_depth"", ""dot_count"", ""char_type_transition_count"", ""token_count"", ""special_char_count"", ""registrable_domain_length"", ""hyphen_count"", ""slash_count"", ""url_length"", ""domain_hyphen_ratio"", ""equals_sign_count"", ""digit_ratio"", ""path_length"", ""special_char_ratio"", ""percent_sign_count""]",0.39
0.4117039572229026,0.4843754706939661,primary_domain_filtered,master,3112,134744,1.0,0.0615836999999999,2.611769645409317e-07,0.2916361855589076,lr,20261004,134744,99587,234331,0.4397651560458074,0.4172451225894066,0.9687509413879322,r03,0.3369442857721144,S4-external,lr_c1,"{""C"": 1.0, ""class_weight"": null}",iscx_url2016_binary,phiusiil,0.4,0,96475,f_stable,13,"[""subdomain_depth"", ""char_type_transition_count"", ""dot_count"", ""token_count"", ""special_char_count"", ""registrable_domain_length"", ""hyphen_count"", ""slash_count"", ""url_length"", ""path_length"", ""special_char_ratio"", ""digit_ratio"", ""equals_sign_count""]",0.4
0.4148172337601201,0.4844814946901252,unfiltered,master,3133,134849,1.0,0.0615836999999999,2.611769645409317e-07,0.2931949257203151,lr,20261004,134849,100944,235793,0.4448862262520938,0.4204031634144244,0.9689629893802504,r03,0.3379538922624339,S4-external,lr_c1,"{""C"": 1.0, ""class_weight"": null}",iscx_url2016_binary,phiusiil,0.4,0,97811,f_stable,13,"[""subdomain_depth"", ""char_type_transition_count"", ""dot_count"", ""token_count"", ""special_char_count"", ""registrable_domain_length"", ""hyphen_count"", ""slash_count"", ""url_length"", ""path_length"", ""special_char_ratio"", ""digit_ratio"", ""equals_sign_count""]",0.4
0.4156086902714536,0.488969443802906,primary_domain_filtered,master,2197,134744,1.0,1.0751200999998218,4.559592948051138e-06,0.2935900952909221,rf,20261004,134744,99587,234331,0.3767816790785803,0.4195421609932194,0.977938887605812,r03,0.3985076566287043,S4-external,rf_depth16_leaf1,"{""class_weight"": null, ""max_depth"": 16, ""max_features"": ""sqrt"", ""min_samples_leaf"": 1, ""n_estimators"": 200}",iscx_url2016_binary,phiusiil,0.64,0,97390,f_all,35,"[""url_length"", ""hostname_length"", ""path_length"", ""query_length"", ""fragment_length"", ""digit_count"", ""letter_count"", ""special_char_count"", ""digit_ratio"", ""letter_ratio"", ""special_char_ratio"", ""dot_count"", ""hyphen_count"", ""underscore_count"", ""slash_count"", ""question_mark_count"", ""equals_sign_count"", ""percent_sign_count"", ""at_sign_count"", ""subdomain_depth"", ""path_segment_count"", ""query_parameter_count"", ""has_port"", ""has_userinfo"", ""host_is_ip"", ""tld_length"", ""registrable_domain_length"", ""domain_digit_ratio"", ""domain_hyphen_ratio"", ""url_char_entropy"", ""longest_repeated_char_run"", ""char_type_transition_count"", ""token_count"", ""token_mean_length"", ""token_max_length""]",0.64
0.418769853218713,0.4890979156760184,unfiltered,master,2201,134849,1.0,1.0751200999998218,4.559592948051138e-06,0.2951640481144032,rf,20261004,134849,100944,235793,0.3789699160784962,0.422715675194356,0.9781958313520368,r03,0.3967546078402993,S4-external,rf_depth16_leaf1,"{""class_weight"": null, ""max_depth"": 16, ""max_features"": ""sqrt"", ""min_samples_leaf"": 1, ""n_estimators"": 200}",iscx_url2016_binary,phiusiil,0.64,0,98743,f_all,35,"[""url_length"", ""hostname_length"", ""path_length"", ""query_length"", ""fragment_length"", ""digit_count"", ""letter_count"", ""special_char_count"", ""digit_ratio"", ""letter_ratio"", ""special_char_ratio"", ""dot_count"", ""hyphen_count"", ""underscore_count"", ""slash_count"", ""question_mark_count"", ""equals_sign_count"", ""percent_sign_count"", ""at_sign_count"", ""subdomain_depth"", ""path_segment_count"", ""query_parameter_count"", ""has_port"", ""has_userinfo"", ""host_is_ip"", ""tld_length"", ""registrable_domain_length"", ""domain_digit_ratio"", ""domain_hyphen_ratio"", ""url_char_entropy"", ""longest_repeated_char_run"", ""char_type_transition_count"", ""token_count"", ""token_mean_length"", ""token_max_length""]",0.64
0.40822170348780146,0.48027855041320655,primary_domain_filtered,,3928,134744,1.0,1.3226490000001832,5.609364993872521e-06,0.28988454195581687,rf,20261004,134744,99587,234331,0.38747311723165184,0.4151812259388984,0.9605571008264131,r03,0.42171909287292036,S4-external,rf_depth16_leaf1,"{""class_weight"": null, ""max_depth"": 16, ""max_features"": ""sqrt"", ""min_samples_leaf"": 1, ""n_estimators"": 200}",iscx_url2016_binary,phiusiil,0.8,0,95659,f_mi,15,"[""url_length"", ""subdomain_depth"", ""token_count"", ""path_length"", ""special_char_count"", ""hostname_length"", ""dot_count"", ""char_type_transition_count"", ""hyphen_count"", ""token_mean_length"", ""special_char_ratio"", ""digit_ratio"", ""letter_ratio"", ""longest_repeated_char_run"", ""letter_count""]",0.8
0.4113608122378527,0.48044460294816926,unfiltered,,3948,134849,1.0,1.3226490000001832,5.609364993872521e-06,0.2914639606477378,rf,20261004,134849,100944,235793,0.3900344031167456,0.41836571847570575,0.9608892058963385,r03,0.4207162706838125,S4-external,rf_depth16_leaf1,"{""class_weight"": null, ""max_depth"": 16, ""max_features"": ""sqrt"", ""min_samples_leaf"": 1, ""n_estimators"": 200}",iscx_url2016_binary,phiusiil,0.8,0,96996,f_mi,15,"[""url_length"", ""subdomain_depth"", ""token_count"", ""path_length"", ""special_char_count"", ""hostname_length"", ""dot_count"", ""char_type_transition_count"", ""hyphen_count"", ""token_mean_length"", ""special_char_ratio"", ""digit_ratio"", ""letter_ratio"", ""longest_repeated_char_run"", ""letter_count""]",0.8
0.4175461206583849,0.4912488577826423,primary_domain_filtered,,1743,134744,1.0,1.4113787999999658,5.985668785756854e-06,0.2945555806427335,rf,20261004,134744,99587,234331,0.3844551232643248,0.4206751853062067,0.9824977155652846,r03,0.4149082120873272,S4-external,rf_depth16_leaf1,"{""class_weight"": null, ""max_depth"": 16, ""max_features"": ""sqrt"", ""min_samples_leaf"": 1, ""n_estimators"": 200}",iscx_url2016_binary,phiusiil,0.6,0,97844,f_permutation,15,"[""url_length"", ""subdomain_depth"", ""hostname_length"", ""dot_count"", ""token_max_length"", ""path_length"", ""token_count"", ""token_mean_length"", ""hyphen_count"", ""special_char_count"", ""equals_sign_count"", ""question_mark_count"", ""char_type_transition_count"", ""tld_length"", ""path_segment_count""]",0.6
0.4207037528679817,0.4913565937549532,unfiltered,,1745,134849,1.0,1.4113787999999658,5.985668785756854e-06,0.29612348951616757,rf,20261004,134849,100944,235793,0.3868592931747026,0.42384040880503143,0.9827131875099064,r03,0.4135819529651701,S4-external,rf_depth16_leaf1,"{""class_weight"": null, ""max_depth"": 16, ""max_features"": ""sqrt"", ""min_samples_leaf"": 1, ""n_estimators"": 200}",iscx_url2016_binary,phiusiil,0.6,0,99199,f_permutation,15,"[""url_length"", ""subdomain_depth"", ""hostname_length"", ""dot_count"", ""token_max_length"", ""path_length"", ""token_count"", ""token_mean_length"", ""hyphen_count"", ""special_char_count"", ""equals_sign_count"", ""question_mark_count"", ""char_type_transition_count"", ""tld_length"", ""path_segment_count""]",0.6
0.4161165189411558,0.4895669113438501,primary_domain_filtered,master,2078,134744,1.0,0.891777900000001,3.782037210604221e-06,0.2938434185149469,rf,20261004,134744,99587,234331,0.3970599845488168,0.4198395715017675,0.9791338226877002,r03,0.4418652393346702,S4-external,rf_depth16_leaf1,"{""class_weight"": null, ""max_depth"": 16, ""max_features"": ""sqrt"", ""min_samples_leaf"": 1, ""n_estimators"": 200}",iscx_url2016_binary,phiusiil,0.6,0,97509,f_single,15,"[""subdomain_depth"", ""url_length"", ""hostname_length"", ""dot_count"", ""hyphen_count"", ""path_length"", ""token_count"", ""longest_repeated_char_run"", ""special_char_count"", ""token_max_length"", ""token_mean_length"", ""char_type_transition_count"", ""digit_count"", ""registrable_domain_length"", ""slash_count""]",0.6
0.4192745331710441,0.489687351402758,unfiltered,master,2082,134849,1.0,0.891777900000001,3.782037210604221e-06,0.295414680790665,rf,20261004,134849,100944,235793,0.3993703983487894,0.4230096144383448,0.979374702805516,r03,0.4402958669511677,S4-external,rf_depth16_leaf1,"{""class_weight"": null, ""max_depth"": 16, ""max_features"": ""sqrt"", ""min_samples_leaf"": 1, ""n_estimators"": 200}",iscx_url2016_binary,phiusiil,0.6,0,98862,f_single,15,"[""subdomain_depth"", ""url_length"", ""hostname_length"", ""dot_count"", ""hyphen_count"", ""path_length"", ""token_count"", ""longest_repeated_char_run"", ""special_char_count"", ""token_max_length"", ""token_mean_length"", ""char_type_transition_count"", ""digit_count"", ""registrable_domain_length"", ""slash_count""]",0.6
0.4135347009145183,0.4865293662827477,primary_domain_filtered,master,2683,134744,1.0,0.8900977999999995,3.77491189305874e-06,0.2925536250698144,rf,20261004,134744,99587,234331,0.3855735620487979,0.418324354192568,0.9730587325654956,r03,0.4174749370156121,S4-external,rf_depth16_leaf1,"{""class_weight"": null, ""max_depth"": 16, ""max_features"": ""sqrt"", ""min_samples_leaf"": 1, ""n_estimators"": 200}",iscx_url2016_binary,phiusiil,0.73,0,96904,f_stable,13,"[""subdomain_depth"", ""url_length"", ""hostname_length"", ""dot_count"", ""hyphen_count"", ""path_length"", ""token_count"", ""longest_repeated_char_run"", ""special_char_count"", ""token_max_length"", ""char_type_transition_count"", ""digit_count"", ""registrable_domain_length""]",0.73
0.4167044823213581,0.4866856871136472,unfiltered,master,2688,134849,1.0,0.8900977999999995,3.77491189305874e-06,0.2941364889582067,rf,20261004,134849,100944,235793,0.3881068084814532,0.4215096201282683,0.9733713742272944,r03,0.4164200096878171,S4-external,rf_depth16_leaf1,"{""class_weight"": null, ""max_depth"": 16, ""max_features"": ""sqrt"", ""min_samples_leaf"": 1, ""n_estimators"": 200}",iscx_url2016_binary,phiusiil,0.73,0,98256,f_stable,13,"[""subdomain_depth"", ""url_length"", ""hostname_length"", ""dot_count"", ""hyphen_count"", ""path_length"", ""token_count"", ""longest_repeated_char_run"", ""special_char_count"", ""token_max_length"", ""char_type_transition_count"", ""digit_count"", ""registrable_domain_length""]",0.73
0.4185361731909137,0.4924136684507014,primary_domain_filtered,master,1511,134744,1.0,0.1559131000003617,6.612287048401002e-07,0.2950479382203143,xgb,20261004,134744,99587,234331,0.5109035492576252,0.4212524697190963,0.9848273369014028,r03,0.4847384126398089,S4-external,xgb_d6_lr005,"{""colsample_bytree"": 0.9, ""learning_rate"": 0.05, ""max_depth"": 6, ""n_estimators"": 250, ""reg_lambda"": 1.0, ""scale_pos_weight"": 1.0, ""subsample"": 0.9}",iscx_url2016_binary,phiusiil,0.65,0,98076,f_all,35,"[""url_length"", ""hostname_length"", ""path_length"", ""query_length"", ""fragment_length"", ""digit_count"", ""letter_count"", ""special_char_count"", ""digit_ratio"", ""letter_ratio"", ""special_char_ratio"", ""dot_count"", ""hyphen_count"", ""underscore_count"", ""slash_count"", ""question_mark_count"", ""equals_sign_count"", ""percent_sign_count"", ""at_sign_count"", ""subdomain_depth"", ""path_segment_count"", ""query_parameter_count"", ""has_port"", ""has_userinfo"", ""host_is_ip"", ""tld_length"", ""registrable_domain_length"", ""domain_digit_ratio"", ""domain_hyphen_ratio"", ""url_char_entropy"", ""longest_repeated_char_run"", ""char_type_transition_count"", ""token_count"", ""token_mean_length"", ""token_max_length""]",0.65
0.4216749437006187,0.4924908860358218,unfiltered,master,1516,134849,1.0,0.1559131000003617,6.612287048401002e-07,0.2966043296810164,xgb,20261004,134849,100944,235793,0.5131769861334614,0.4244035906213584,0.9849817720716436,r03,0.4834234590535902,S4-external,xgb_d6_lr005,"{""colsample_bytree"": 0.9, ""learning_rate"": 0.05, ""max_depth"": 6, ""n_estimators"": 250, ""reg_lambda"": 1.0, ""scale_pos_weight"": 1.0, ""subsample"": 0.9}",iscx_url2016_binary,phiusiil,0.65,0,99428,f_all,35,"[""url_length"", ""hostname_length"", ""path_length"", ""query_length"", ""fragment_length"", ""digit_count"", ""letter_count"", ""special_char_count"", ""digit_ratio"", ""letter_ratio"", ""special_char_ratio"", ""dot_count"", ""hyphen_count"", ""underscore_count"", ""slash_count"", ""question_mark_count"", ""equals_sign_count"", ""percent_sign_count"", ""at_sign_count"", ""subdomain_depth"", ""path_segment_count"", ""query_parameter_count"", ""has_port"", ""has_userinfo"", ""host_is_ip"", ""tld_length"", ""registrable_domain_length"", ""domain_digit_ratio"", ""domain_hyphen_ratio"", ""url_char_entropy"", ""longest_repeated_char_run"", ""char_type_transition_count"", ""token_count"", ""token_mean_length"", ""token_max_length""]",0.65
0.4126043929313663,0.4854348459136233,primary_domain_filtered,,2901,134744,1.0,0.18063419999998587,7.660710877760827e-07,0.2920877175492497,xgb,20261004,134744,99587,234331,0.34616554854280057,0.41777643347880566,0.9708696918272466,r03,0.3016157516850477,S4-external,xgb_d6_lr005,"{""colsample_bytree"": 0.9, ""learning_rate"": 0.05, ""max_depth"": 6, ""n_estimators"": 250, ""reg_lambda"": 1.0, ""scale_pos_weight"": 1.0, ""subsample"": 0.9}",iscx_url2016_binary,phiusiil,0.95,0,96686,f_mi,15,"[""url_length"", ""subdomain_depth"", ""token_count"", ""path_length"", ""special_char_count"", ""hostname_length"", ""dot_count"", ""char_type_transition_count"", ""hyphen_count"", ""token_mean_length"", ""special_char_ratio"", ""digit_ratio"", ""letter_ratio"", ""longest_repeated_char_run"", ""letter_count""]",0.95
0.4157460145127294,0.4855662545569821,unfiltered,,2914,134849,1.0,0.18063419999998587,7.660710877760827e-07,0.29365861549383954,xgb,20261004,134849,100944,235793,0.3480737143083601,0.4209482177439786,0.9711325091139642,r03,0.30006930179370733,S4-external,xgb_d6_lr005,"{""colsample_bytree"": 0.9, ""learning_rate"": 0.05, ""max_depth"": 6, ""n_estimators"": 250, ""reg_lambda"": 1.0, ""scale_pos_weight"": 1.0, ""subsample"": 0.9}",iscx_url2016_binary,phiusiil,0.95,0,98030,f_mi,15,"[""url_length"", ""subdomain_depth"", ""token_count"", ""path_length"", ""special_char_count"", ""hostname_length"", ""dot_count"", ""char_type_transition_count"", ""hyphen_count"", ""token_mean_length"", ""special_char_ratio"", ""digit_ratio"", ""letter_ratio"", ""longest_repeated_char_run"", ""letter_count""]",0.95
0.41898852477905185,0.4929458664283491,primary_domain_filtered,,1405,134744,1.0,0.164205800000218,6.963981119041618e-07,0.2952726660311025,xgb,20261004,134744,99587,234331,0.48298610355722726,0.4215158462344264,0.9858917328566982,r03,0.49980919076955077,S4-external,xgb_d4_lr005,"{""colsample_bytree"": 0.9, ""learning_rate"": 0.05, ""max_depth"": 4, ""n_estimators"": 300, ""reg_lambda"": 1.0, ""scale_pos_weight"": 1.0, ""subsample"": 0.9}",iscx_url2016_binary,phiusiil,0.72,0,98182,f_permutation,15,"[""url_length"", ""dot_count"", ""subdomain_depth"", ""hostname_length"", ""token_max_length"", ""path_length"", ""hyphen_count"", ""question_mark_count"", ""tld_length"", ""slash_count"", ""equals_sign_count"", ""token_mean_length"", ""special_char_ratio"", ""token_count"", ""path_segment_count""]",0.72
0.42212873155691644,0.49302088286574736,unfiltered,,1409,134849,1.0,0.164205800000218,6.963981119041618e-07,0.2968287766008207,xgb,20261004,134849,100944,235793,0.48554497975330607,0.4246663594784627,0.9860417657314947,r03,0.498806163365428,S4-external,xgb_d4_lr005,"{""colsample_bytree"": 0.9, ""learning_rate"": 0.05, ""max_depth"": 4, ""n_estimators"": 300, ""reg_lambda"": 1.0, ""scale_pos_weight"": 1.0, ""subsample"": 0.9}",iscx_url2016_binary,phiusiil,0.72,0,99535,f_permutation,15,"[""url_length"", ""dot_count"", ""subdomain_depth"", ""hostname_length"", ""token_max_length"", ""path_length"", ""hyphen_count"", ""question_mark_count"", ""tld_length"", ""slash_count"", ""equals_sign_count"", ""token_mean_length"", ""special_char_ratio"", ""token_count"", ""path_segment_count""]",0.72
0.4197139943071979,0.4937993914868406,primary_domain_filtered,master,1235,134744,1.0,0.1452786999999986,6.161281293337744e-07,0.2956327795529077,xgb,20261004,134744,99587,234331,0.4494834178309121,0.4219377423894018,0.9875987829736812,r03,0.4630526117483148,S4-external,xgb_d4_lr005,"{""colsample_bytree"": 0.9, ""learning_rate"": 0.05, ""max_depth"": 4, ""n_estimators"": 300, ""reg_lambda"": 1.0, ""scale_pos_weight"": 1.0, ""subsample"": 0.9}",iscx_url2016_binary,phiusiil,0.56,0,98352,f_single,15,"[""url_length"", ""subdomain_depth"", ""dot_count"", ""hostname_length"", ""hyphen_count"", ""token_max_length"", ""path_length"", ""token_mean_length"", ""longest_repeated_char_run"", ""token_count"", ""registrable_domain_length"", ""slash_count"", ""digit_ratio"", ""tld_length"", ""percent_sign_count""]",0.56
0.4228581849333949,0.4938728403867491,unfiltered,master,1237,134849,1.0,0.1452786999999986,6.161281293337744e-07,0.2971892697466468,xgb,20261004,134849,100944,235793,0.4519915240231373,0.425088251846041,0.9877456807734982,r03,0.462113660585148,S4-external,xgb_d4_lr005,"{""colsample_bytree"": 0.9, ""learning_rate"": 0.05, ""max_depth"": 4, ""n_estimators"": 300, ""reg_lambda"": 1.0, ""scale_pos_weight"": 1.0, ""subsample"": 0.9}",iscx_url2016_binary,phiusiil,0.56,0,99707,f_single,15,"[""url_length"", ""subdomain_depth"", ""dot_count"", ""hostname_length"", ""hyphen_count"", ""token_max_length"", ""path_length"", ""token_mean_length"", ""longest_repeated_char_run"", ""token_count"", ""registrable_domain_length"", ""slash_count"", ""digit_ratio"", ""tld_length"", ""percent_sign_count""]",0.56
0.4196371798865707,0.4937090182453533,primary_domain_filtered,master,1253,134744,1.0,0.1479828000000012,6.275962390741082e-07,0.2955946673079524,xgb,20261004,134744,99587,234331,0.441524962356597,0.4218931001638936,0.9874180364907066,r03,0.4372131906629751,S4-external,xgb_d4_lr005,"{""colsample_bytree"": 0.9, ""learning_rate"": 0.05, ""max_depth"": 4, ""n_estimators"": 300, ""reg_lambda"": 1.0, ""scale_pos_weight"": 1.0, ""subsample"": 0.9}",iscx_url2016_binary,phiusiil,0.58,0,98334,f_stable,15,"[""url_length"", ""subdomain_depth"", ""dot_count"", ""hostname_length"", ""hyphen_count"", ""token_max_length"", ""path_length"", ""longest_repeated_char_run"", ""token_mean_length"", ""tld_length"", ""registrable_domain_length"", ""token_count"", ""slash_count"", ""digit_ratio"", ""percent_sign_count""]",0.58
0.4227818467893449,0.4937836820415279,unfiltered,master,1255,134849,1.0,0.1479828000000012,6.275962390741082e-07,0.2971515610375519,xgb,20261004,134849,100944,235793,0.4444712493043337,0.4250441293095361,0.987567364083056,r03,0.4363924528865576,S4-external,xgb_d4_lr005,"{""colsample_bytree"": 0.9, ""learning_rate"": 0.05, ""max_depth"": 4, ""n_estimators"": 300, ""reg_lambda"": 1.0, ""scale_pos_weight"": 1.0, ""subsample"": 0.9}",iscx_url2016_binary,phiusiil,0.58,0,99689,f_stable,15,"[""url_length"", ""subdomain_depth"", ""dot_count"", ""hostname_length"", ""hyphen_count"", ""token_max_length"", ""path_length"", ""longest_repeated_char_run"", ""token_mean_length"", ""tld_length"", ""registrable_domain_length"", ""token_count"", ""slash_count"", ""digit_ratio"", ""percent_sign_count""]",0.58
0.4058868662103138,0.4803743350736026,primary_domain_filtered,master,3873,134733,0.9999554694631844,0.1320737000000917,5.601256186574316e-07,0.2887407659756898,lr,20261005,134739,98560,233299,0.5067825173579129,0.4127233894167901,0.9607041396103896,r04,0.4343479276459862,S4-external,lr_c01,"{""C"": 0.1, ""class_weight"": null}",iscx_url2016_binary,phiusiil,0.68,6,94687,f_all,35,"[""url_length"", ""hostname_length"", ""path_length"", ""query_length"", ""fragment_length"", ""digit_count"", ""letter_count"", ""special_char_count"", ""digit_ratio"", ""letter_ratio"", ""special_char_ratio"", ""dot_count"", ""hyphen_count"", ""underscore_count"", ""slash_count"", ""question_mark_count"", ""equals_sign_count"", ""percent_sign_count"", ""at_sign_count"", ""subdomain_depth"", ""path_segment_count"", ""query_parameter_count"", ""has_port"", ""has_userinfo"", ""host_is_ip"", ""tld_length"", ""registrable_domain_length"", ""domain_digit_ratio"", ""domain_hyphen_ratio"", ""url_char_entropy"", ""longest_repeated_char_run"", ""char_type_transition_count"", ""token_count"", ""token_mean_length"", ""token_max_length""]",0.68
0.4097661932288066,0.4785747118389435,unfiltered,master,4330,134843,0.9999555057879554,0.1320737000000917,5.601256186574316e-07,0.2906980700220586,lr,20261005,134849,100944,235793,0.512058601556265,0.4174166259823639,0.9571049294658424,r04,0.4325090559426865,S4-external,lr_c01,"{""C"": 0.1, ""class_weight"": null}",iscx_url2016_binary,phiusiil,0.68,6,96614,f_all,35,"[""url_length"", ""hostname_length"", ""path_length"", ""query_length"", ""fragment_length"", ""digit_count"", ""letter_count"", ""special_char_count"", ""digit_ratio"", ""letter_ratio"", ""special_char_ratio"", ""dot_count"", ""hyphen_count"", ""underscore_count"", ""slash_count"", ""question_mark_count"", ""equals_sign_count"", ""percent_sign_count"", ""at_sign_count"", ""subdomain_depth"", ""path_segment_count"", ""query_parameter_count"", ""has_port"", ""has_userinfo"", ""host_is_ip"", ""tld_length"", ""registrable_domain_length"", ""domain_digit_ratio"", ""domain_hyphen_ratio"", ""url_char_entropy"", ""longest_repeated_char_run"", ""char_type_transition_count"", ""token_count"", ""token_mean_length"", ""token_max_length""]",0.68
0.4058268573804431,0.4803114853896104,primary_domain_filtered,,3881,134739,1.0,0.13036659999988842,5.528857938950199e-07,0.2886748501423876,lr,20261005,134739,98560,233299,0.5607890474302066,0.41269211657324184,0.9606229707792208,r04,0.5043883929866622,S4-external,lr_c1,"{""C"": 1.0, ""class_weight"": null}",iscx_url2016_binary,phiusiil,0.62,0,94679,f_mi,15,"[""url_length"", ""subdomain_depth"", ""token_count"", ""special_char_count"", ""path_length"", ""char_type_transition_count"", ""hostname_length"", ""hyphen_count"", ""dot_count"", ""token_mean_length"", ""special_char_ratio"", ""digit_ratio"", ""letter_ratio"", ""longest_repeated_char_run"", ""letter_count""]",0.62
0.41040658543722675,0.4793301236329054,unfiltered,,4173,134849,1.0,0.13036659999988842,5.528857938950199e-07,0.29098459243935004,lr,20261005,134849,100944,235793,0.5655335801410727,0.4178007080562991,0.9586602472658108,r04,0.5025419918137279,S4-external,lr_c1,"{""C"": 1.0, ""class_weight"": null}",iscx_url2016_binary,phiusiil,0.62,0,96771,f_mi,15,"[""url_length"", ""subdomain_depth"", ""token_count"", ""special_char_count"", ""path_length"", ""char_type_transition_count"", ""hostname_length"", ""hyphen_count"", ""dot_count"", ""token_mean_length"", ""special_char_ratio"", ""digit_ratio"", ""letter_ratio"", ""longest_repeated_char_run"", ""letter_count""]",0.62
0.4029678652716043,0.47692775974025975,primary_domain_filtered,,4548,134739,1.0,0.08515579999993861,3.611464292830517e-07,0.28722529948581016,lr,20261005,134739,98560,233299,0.49345063407061124,0.41097962413279066,0.9538555194805195,r04,0.4120978852841443,S4-external,lr_c01,"{""C"": 0.1, ""class_weight"": null}",iscx_url2016_binary,phiusiil,0.64,0,94012,f_permutation,15,"[""subdomain_depth"", ""dot_count"", ""hyphen_count"", ""char_type_transition_count"", ""hostname_length"", ""slash_count"", ""path_length"", ""token_count"", ""special_char_count"", ""registrable_domain_length"", ""special_char_ratio"", ""letter_count"", ""domain_hyphen_ratio"", ""token_max_length"", ""digit_count""]",0.64
0.4068568617388981,0.47518426058012364,unfiltered,,5010,134849,1.0,0.08515579999993861,3.611464292830517e-07,0.289195633759085,lr,20261005,134849,100944,235793,0.4985770831465559,0.41568919721123304,0.9503685211602473,r04,0.41020402349062135,S4-external,lr_c01,"{""C"": 0.1, ""class_weight"": null}",iscx_url2016_binary,phiusiil,0.64,0,95934,f_permutation,15,"[""subdomain_depth"", ""dot_count"", ""hyphen_count"", ""char_type_transition_count"", ""hostname_length"", ""slash_count"", ""path_length"", ""token_count"", ""special_char_count"", ""registrable_domain_length"", ""special_char_ratio"", ""letter_count"", ""domain_hyphen_ratio"", ""token_max_length"", ""digit_count""]",0.64
0.3978285376276795,0.4708451704545454,primary_domain_filtered,master,5747,134739,1.0,0.0672880000000049,2.853689464912228e-07,0.28460467569424,lr,20261005,134739,98560,233299,0.4433941622536869,0.4078760019687807,0.9416903409090908,r04,0.3452229089138832,S4-external,lr_c1_balanced,"{""C"": 1.0, ""class_weight"": ""balanced""}",iscx_url2016_binary,phiusiil,0.89,0,92813,f_single,15,"[""subdomain_depth"", ""dot_count"", ""hyphen_count"", ""token_count"", ""special_char_count"", ""hostname_length"", ""char_type_transition_count"", ""registrable_domain_length"", ""path_length"", ""question_mark_count"", ""letter_count"", ""slash_count"", ""digit_ratio"", ""domain_hyphen_ratio"", ""equals_sign_count""]",0.89
0.4018015801995818,0.4692799968299255,unfiltered,master,6202,134849,1.0,0.0672880000000049,2.853689464912228e-07,0.2866322779735882,lr,20261005,134849,100944,235793,0.4494058338424751,0.412655548344665,0.938559993659851,r04,0.3441342389898403,S4-external,lr_c1_balanced,"{""C"": 1.0, ""class_weight"": ""balanced""}",iscx_url2016_binary,phiusiil,0.89,0,94742,f_single,15,"[""subdomain_depth"", ""dot_count"", ""hyphen_count"", ""token_count"", ""special_char_count"", ""hostname_length"", ""char_type_transition_count"", ""registrable_domain_length"", ""path_length"", ""question_mark_count"", ""letter_count"", ""slash_count"", ""digit_ratio"", ""domain_hyphen_ratio"", ""equals_sign_count""]",0.89
0.3952995940831293,0.4678520698051948,primary_domain_filtered,master,6337,134739,1.0,0.0999216000000018,4.237683052507998e-07,0.2833080406239824,lr,20261005,134739,98560,233299,0.4495746750356175,0.4063367435958442,0.9357041396103896,r04,0.3572559797742808,S4-external,lr_c1,"{""C"": 1.0, ""class_weight"": null}",iscx_url2016_binary,phiusiil,0.76,0,92223,f_stable,13,"[""subdomain_depth"", ""dot_count"", ""hyphen_count"", ""token_count"", ""hostname_length"", ""special_char_count"", ""registrable_domain_length"", ""path_length"", ""char_type_transition_count"", ""question_mark_count"", ""slash_count"", ""letter_count"", ""equals_sign_count""]",0.76
0.3990322019737651,0.4660455301949596,unfiltered,master,6855,134849,1.0,0.0999216000000018,4.237683052507998e-07,0.2852201696364154,lr,20261005,134849,100944,235793,0.4556438845810891,0.4109802653993658,0.9320910603899192,r04,0.3562419885308486,S4-external,lr_c1,"{""C"": 1.0, ""class_weight"": null}",iscx_url2016_binary,phiusiil,0.76,0,94089,f_stable,13,"[""subdomain_depth"", ""dot_count"", ""hyphen_count"", ""token_count"", ""hostname_length"", ""special_char_count"", ""registrable_domain_length"", ""path_length"", ""char_type_transition_count"", ""question_mark_count"", ""slash_count"", ""letter_count"", ""equals_sign_count""]",0.76
0.4180900903990158,0.494825487012987,primary_domain_filtered,master,1020,134739,1.0,0.9894808999997622,4.196396415499027e-06,0.2948261843373967,rf,20261005,134739,98560,233299,0.4092037107511094,0.4199260372224781,0.989650974025974,r04,0.4622324994568624,S4-external,rf_depth24_leaf2,"{""class_weight"": null, ""max_depth"": 24, ""max_features"": ""sqrt"", ""min_samples_leaf"": 2, ""n_estimators"": 200}",iscx_url2016_binary,phiusiil,0.43,0,97540,f_all,35,"[""url_length"", ""hostname_length"", ""path_length"", ""query_length"", ""fragment_length"", ""digit_count"", ""letter_count"", ""special_char_count"", ""digit_ratio"", ""letter_ratio"", ""special_char_ratio"", ""dot_count"", ""hyphen_count"", ""underscore_count"", ""slash_count"", ""question_mark_count"", ""equals_sign_count"", ""percent_sign_count"", ""at_sign_count"", ""subdomain_depth"", ""path_segment_count"", ""query_parameter_count"", ""has_port"", ""has_userinfo"", ""host_is_ip"", ""tld_length"", ""registrable_domain_length"", ""domain_digit_ratio"", ""domain_hyphen_ratio"", ""url_char_entropy"", ""longest_repeated_char_run"", ""char_type_transition_count"", ""token_count"", ""token_mean_length"", ""token_max_length""]",0.43
0.4237487966139792,0.4949130210809954,unfiltered,master,1027,134849,1.0,0.9894808999997622,4.196396415499027e-06,0.2976289059009264,rf,20261005,134849,100944,235793,0.4136601745177756,0.4256025148445686,0.9898260421619908,r04,0.4598345747799149,S4-external,rf_depth24_leaf2,"{""class_weight"": null, ""max_depth"": 24, ""max_features"": ""sqrt"", ""min_samples_leaf"": 2, ""n_estimators"": 200}",iscx_url2016_binary,phiusiil,0.43,0,99917,f_all,35,"[""url_length"", ""hostname_length"", ""path_length"", ""query_length"", ""fragment_length"", ""digit_count"", ""letter_count"", ""special_char_count"", ""digit_ratio"", ""letter_ratio"", ""special_char_ratio"", ""dot_count"", ""hyphen_count"", ""underscore_count"", ""slash_count"", ""question_mark_count"", ""equals_sign_count"", ""percent_sign_count"", ""at_sign_count"", ""subdomain_depth"", ""path_segment_count"", ""query_parameter_count"", ""has_port"", ""has_userinfo"", ""host_is_ip"", ""tld_length"", ""registrable_domain_length"", ""domain_digit_ratio"", ""domain_hyphen_ratio"", ""url_char_entropy"", ""longest_repeated_char_run"", ""char_type_transition_count"", ""token_count"", ""token_mean_length"", ""token_max_length""]",0.43
0.4126035688108393,0.4883319805194805,primary_domain_filtered,,2300,134739,1.0,1.4295757999998386,6.0628424083829405e-06,0.292087304549413,rf,20261005,134739,98560,233299,0.3612932312905727,0.4167117606569725,0.976663961038961,r04,0.3724575848142869,S4-external,rf_unlimited_leaf5_balanced,"{""class_weight"": ""balanced_subsample"", ""max_depth"": null, ""max_features"": ""sqrt"", ""min_samples_leaf"": 5, ""n_estimators"": 200}",iscx_url2016_binary,phiusiil,0.61,0,96260,f_mi,15,"[""url_length"", ""subdomain_depth"", ""token_count"", ""special_char_count"", ""path_length"", ""char_type_transition_count"", ""hostname_length"", ""hyphen_count"", ""dot_count"", ""token_mean_length"", ""special_char_ratio"", ""digit_ratio"", ""letter_ratio"", ""longest_repeated_char_run"", ""letter_count""]",0.61
0.41828637830639587,0.4885332461562847,unfiltered,,2315,134849,1.0,1.4295757999998386,6.0628424083829405e-06,0.29492377893798855,rf,20261005,134849,100944,235793,0.3649090277489209,0.4224338053264119,0.9770664923125694,r04,0.36870578741772253,S4-external,rf_unlimited_leaf5_balanced,"{""class_weight"": ""balanced_subsample"", ""max_depth"": null, ""max_features"": ""sqrt"", ""min_samples_leaf"": 5, ""n_estimators"": 200}",iscx_url2016_binary,phiusiil,0.61,0,98629,f_mi,15,"[""url_length"", ""subdomain_depth"", ""token_count"", ""special_char_count"", ""path_length"", ""char_type_transition_count"", ""hostname_length"", ""hyphen_count"", ""dot_count"", ""token_mean_length"", ""special_char_ratio"", ""digit_ratio"", ""letter_ratio"", ""longest_repeated_char_run"", ""letter_count""]",0.61
0.41621695763805244,0.4926085633116883,primary_domain_filtered,,1457,134739,1.0,1.4357052000000294,6.088837242836002e-06,0.2938934994340228,rf,20261005,134739,98560,233299,0.3883877548080382,0.4188326532724873,0.9852171266233766,r04,0.4288513850292142,S4-external,rf_depth24_leaf2,"{""class_weight"": null, ""max_depth"": 24, ""max_features"": ""sqrt"", ""min_samples_leaf"": 2, ""n_estimators"": 200}",iscx_url2016_binary,phiusiil,0.5,0,97103,f_permutation,15,"[""url_length"", ""subdomain_depth"", ""hostname_length"", ""dot_count"", ""token_max_length"", ""token_count"", ""path_length"", ""hyphen_count"", ""question_mark_count"", ""slash_count"", ""special_char_count"", ""special_char_ratio"", ""path_segment_count"", ""token_mean_length"", ""registrable_domain_length""]",0.5
0.42190819914077177,0.49276331431288634,unfiltered,,1461,134849,1.0,1.4357052000000294,6.088837242836002e-06,0.29671971748648873,rf,20261005,134849,100944,235793,0.3923365022530483,0.4245386886980865,0.9855266286257727,r04,0.4255897882194224,S4-external,rf_depth24_leaf2,"{""class_weight"": null, ""max_depth"": 24, ""max_features"": ""sqrt"", ""min_samples_leaf"": 2, ""n_estimators"": 200}",iscx_url2016_binary,phiusiil,0.5,0,99483,f_permutation,15,"[""url_length"", ""subdomain_depth"", ""hostname_length"", ""dot_count"", ""token_max_length"", ""token_count"", ""path_length"", ""hyphen_count"", ""question_mark_count"", ""slash_count"", ""special_char_count"", ""special_char_ratio"", ""path_segment_count"", ""token_mean_length"", ""registrable_domain_length""]",0.5
0.4137008731284746,0.4896306818181818,primary_domain_filtered,master,2044,134739,1.0,0.909117600000002,3.855575017070065e-06,0.2926367812258387,rf,20261005,134739,98560,233299,0.3718088817503288,0.4173574625413505,0.9792613636363636,r04,0.3977163745455619,S4-external,rf_unlimited_leaf5_balanced,"{""class_weight"": ""balanced_subsample"", ""max_depth"": null, ""max_features"": ""sqrt"", ""min_samples_leaf"": 5, ""n_estimators"": 200}",iscx_url2016_binary,phiusiil,0.61,0,96516,f_single,15,"[""subdomain_depth"", ""url_length"", ""hostname_length"", ""dot_count"", ""hyphen_count"", ""path_length"", ""token_count"", ""longest_repeated_char_run"", ""special_char_count"", ""token_max_length"", ""digit_count"", ""token_mean_length"", ""special_char_ratio"", ""char_type_transition_count"", ""question_mark_count""]",0.61
0.4193890403871192,0.4898210889205896,unfiltered,master,2055,134849,1.0,0.909117600000002,3.855575017070065e-06,0.2954715222210934,rf,20261005,134849,100944,235793,0.3751560766292058,0.4230762648777691,0.9796421778411792,r04,0.3934011622524321,S4-external,rf_unlimited_leaf5_balanced,"{""class_weight"": ""balanced_subsample"", ""max_depth"": null, ""max_features"": ""sqrt"", ""min_samples_leaf"": 5, ""n_estimators"": 200}",iscx_url2016_binary,phiusiil,0.61,0,98889,f_single,15,"[""subdomain_depth"", ""url_length"", ""hostname_length"", ""dot_count"", ""hyphen_count"", ""path_length"", ""token_count"", ""longest_repeated_char_run"", ""special_char_count"", ""token_max_length"", ""digit_count"", ""token_mean_length"", ""special_char_ratio"", ""char_type_transition_count"", ""question_mark_count""]",0.61
0.4137823136832991,0.4897270698051948,primary_domain_filtered,master,2025,134739,1.0,0.9202996,3.902997968557166e-06,0.2926775286962532,rf,20261005,134739,98560,233299,0.3751151161449342,0.41740532874426,0.9794541396103896,r04,0.4020986812177907,S4-external,rf_unlimited_leaf5_balanced,"{""class_weight"": ""balanced_subsample"", ""max_depth"": null, ""max_features"": ""sqrt"", ""min_samples_leaf"": 5, ""n_estimators"": 200}",iscx_url2016_binary,phiusiil,0.6,0,96535,f_stable,11,"[""subdomain_depth"", ""url_length"", ""hostname_length"", ""dot_count"", ""path_length"", ""hyphen_count"", ""token_count"", ""longest_repeated_char_run"", ""special_char_count"", ""token_max_length"", ""char_type_transition_count""]",0.6
0.4194823425631804,0.4899300602314154,unfiltered,master,2033,134849,1.0,0.9202996,3.902997968557166e-06,0.2955178306802428,rf,20261005,134849,100944,235793,0.3786998852543643,0.4231305612594113,0.9798601204628308,r04,0.3981943506197696,S4-external,rf_unlimited_leaf5_balanced,"{""class_weight"": ""balanced_subsample"", ""max_depth"": null, ""max_features"": ""sqrt"", ""min_samples_leaf"": 5, ""n_estimators"": 200}",iscx_url2016_binary,phiusiil,0.6,0,98911,f_stable,11,"[""subdomain_depth"", ""url_length"", ""hostname_length"", ""dot_count"", ""path_length"", ""hyphen_count"", ""token_count"", ""longest_repeated_char_run"", ""special_char_count"", ""token_max_length"", ""char_type_transition_count""]",0.6
0.4179700727392745,0.4946834415584416,primary_domain_filtered,master,1048,134739,1.0,0.1333950999996886,5.657296866305984e-07,0.294766498091055,xgb,20261005,134739,98560,233299,0.4141553433984014,0.4198561039564953,0.9893668831168831,r04,0.4085058991786476,S4-external,xgb_d6_lr01_balanced,"{""colsample_bytree"": 0.9, ""learning_rate"": 0.1, ""max_depth"": 6, ""n_estimators"": 200, ""reg_lambda"": 1.0, ""scale_pos_weight"": 3.537326264507809, ""subsample"": 0.9}",iscx_url2016_binary,phiusiil,0.32,0,97512,f_all,35,"[""url_length"", ""hostname_length"", ""path_length"", ""query_length"", ""fragment_length"", ""digit_count"", ""letter_count"", ""special_char_count"", ""digit_ratio"", ""letter_ratio"", ""special_char_ratio"", ""dot_count"", ""hyphen_count"", ""underscore_count"", ""slash_count"", ""question_mark_count"", ""equals_sign_count"", ""percent_sign_count"", ""at_sign_count"", ""subdomain_depth"", ""path_segment_count"", ""query_parameter_count"", ""has_port"", ""has_userinfo"", ""host_is_ip"", ""tld_length"", ""registrable_domain_length"", ""domain_digit_ratio"", ""domain_hyphen_ratio"", ""url_char_entropy"", ""longest_repeated_char_run"", ""char_type_transition_count"", ""token_count"", ""token_mean_length"", ""token_max_length""]",0.32
0.4236512534299152,0.4947990965287684,unfiltered,master,1050,134849,1.0,0.1333950999996886,5.657296866305984e-07,0.2975807820976088,xgb,20261005,134849,100944,235793,0.4178707814568337,0.4255462356704992,0.9895981930575368,r04,0.4051817359267669,S4-external,xgb_d6_lr01_balanced,"{""colsample_bytree"": 0.9, ""learning_rate"": 0.1, ""max_depth"": 6, ""n_estimators"": 200, ""reg_lambda"": 1.0, ""scale_pos_weight"": 3.537326264507809, ""subsample"": 0.9}",iscx_url2016_binary,phiusiil,0.32,0,99894,f_all,35,"[""url_length"", ""hostname_length"", ""path_length"", ""query_length"", ""fragment_length"", ""digit_count"", ""letter_count"", ""special_char_count"", ""digit_ratio"", ""letter_ratio"", ""special_char_ratio"", ""dot_count"", ""hyphen_count"", ""underscore_count"", ""slash_count"", ""question_mark_count"", ""equals_sign_count"", ""percent_sign_count"", ""at_sign_count"", ""subdomain_depth"", ""path_segment_count"", ""query_parameter_count"", ""has_port"", ""has_userinfo"", ""host_is_ip"", ""tld_length"", ""registrable_domain_length"", ""domain_digit_ratio"", ""domain_hyphen_ratio"", ""url_char_entropy"", ""longest_repeated_char_run"", ""char_type_transition_count"", ""token_count"", ""token_mean_length"", ""token_max_length""]",0.32
0.41468244613135935,0.4907924107142857,primary_domain_filtered,,1815,134739,1.0,0.16735719999996945,7.097632245230751e-07,0.2931275829889348,xgb,20261005,134739,98560,233299,0.34852410829296393,0.41793385287968066,0.9815848214285714,r04,0.328776091780087,S4-external,xgb_d6_lr01_balanced,"{""colsample_bytree"": 0.9, ""learning_rate"": 0.1, ""max_depth"": 6, ""n_estimators"": 200, ""reg_lambda"": 1.0, ""scale_pos_weight"": 3.537326264507809, ""subsample"": 0.9}",iscx_url2016_binary,phiusiil,0.46,0,96745,f_mi,15,"[""url_length"", ""subdomain_depth"", ""token_count"", ""special_char_count"", ""path_length"", ""char_type_transition_count"", ""hostname_length"", ""hyphen_count"", ""dot_count"", ""token_mean_length"", ""special_char_ratio"", ""digit_ratio"", ""letter_ratio"", ""longest_repeated_char_run"", ""letter_count""]",0.46
0.42036871323576186,0.49096528768426057,unfiltered,,1824,134849,1.0,0.16735719999996945,7.097632245230751e-07,0.2959574576083938,xgb,20261005,134849,100944,235793,0.3520271726601311,0.42364586761494044,0.9819305753685211,r04,0.32565247615814485,S4-external,xgb_d6_lr01_balanced,"{""colsample_bytree"": 0.9, ""learning_rate"": 0.1, ""max_depth"": 6, ""n_estimators"": 200, ""reg_lambda"": 1.0, ""scale_pos_weight"": 3.537326264507809, ""subsample"": 0.9}",iscx_url2016_binary,phiusiil,0.46,0,99120,f_mi,15,"[""url_length"", ""subdomain_depth"", ""token_count"", ""special_char_count"", ""path_length"", ""char_type_transition_count"", ""hostname_length"", ""hyphen_count"", ""dot_count"", ""token_mean_length"", ""special_char_ratio"", ""digit_ratio"", ""letter_ratio"", ""longest_repeated_char_run"", ""letter_count""]",0.46
0.41825297150866486,0.495018262987013,primary_domain_filtered,,982,134739,1.0,0.17246960000011313,7.314449538371076e-07,0.2949071709426766,xgb,20261005,134739,98560,233299,0.5259480334375628,0.42002091969162825,0.990036525974026,r04,0.5210505931959075,S4-external,xgb_d6_lr005,"{""colsample_bytree"": 0.9, ""learning_rate"": 0.05, ""max_depth"": 6, ""n_estimators"": 250, ""reg_lambda"": 1.0, ""scale_pos_weight"": 1.0, ""subsample"": 0.9}",iscx_url2016_binary,phiusiil,0.26,0,97578,f_permutation,15,"[""url_length"", ""dot_count"", ""subdomain_depth"", ""hostname_length"", ""hyphen_count"", ""token_max_length"", ""path_length"", ""path_segment_count"", ""token_mean_length"", ""token_count"", ""slash_count"", ""percent_sign_count"", ""special_char_ratio"", ""query_length"", ""question_mark_count""]",0.26
0.42392267794209326,0.49511610397844347,unfiltered,,986,134849,1.0,0.17246960000011313,7.314449538371076e-07,0.2977146754588966,xgb,20261005,134849,100944,235793,0.529985186998101,0.42570281124497994,0.9902322079568869,r04,0.5178971693429716,S4-external,xgb_d6_lr005,"{""colsample_bytree"": 0.9, ""learning_rate"": 0.05, ""max_depth"": 6, ""n_estimators"": 250, ""reg_lambda"": 1.0, ""scale_pos_weight"": 1.0, ""subsample"": 0.9}",iscx_url2016_binary,phiusiil,0.26,0,99958,f_permutation,15,"[""url_length"", ""dot_count"", ""subdomain_depth"", ""hostname_length"", ""hyphen_count"", ""token_max_length"", ""path_length"", ""path_segment_count"", ""token_mean_length"", ""token_count"", ""slash_count"", ""percent_sign_count"", ""special_char_ratio"", ""query_length"", ""question_mark_count""]",0.26
0.417708605694838,0.4943739853896104,primary_domain_filtered,master,1109,134739,1.0,0.1213234000000014,5.1453351032474e-07,0.294636432350718,xgb,20261005,134739,98560,233299,0.4428820372436838,0.4197036909427624,0.9887479707792208,r04,0.427170137194596,S4-external,xgb_d6_lr01_balanced,"{""colsample_bytree"": 0.9, ""learning_rate"": 0.1, ""max_depth"": 6, ""n_estimators"": 200, ""reg_lambda"": 1.0, ""scale_pos_weight"": 3.537326264507809, ""subsample"": 0.9}",iscx_url2016_binary,phiusiil,0.5,0,97451,f_single,15,"[""subdomain_depth"", ""url_length"", ""dot_count"", ""hostname_length"", ""hyphen_count"", ""token_max_length"", ""longest_repeated_char_run"", ""token_mean_length"", ""path_length"", ""digit_ratio"", ""token_count"", ""tld_length"", ""query_length"", ""registrable_domain_length"", ""path_segment_count""]",0.5
0.4233925519417455,0.4944969488032968,unfiltered,master,1111,134849,1.0,0.1213234000000014,5.1453351032474e-07,0.297453117458123,xgb,20261005,134849,100944,235793,0.4455132449935223,0.4253969200876079,0.9889938976065936,r04,0.4229990714292795,S4-external,xgb_d6_lr01_balanced,"{""colsample_bytree"": 0.9, ""learning_rate"": 0.1, ""max_depth"": 6, ""n_estimators"": 200, ""reg_lambda"": 1.0, ""scale_pos_weight"": 3.537326264507809, ""subsample"": 0.9}",iscx_url2016_binary,phiusiil,0.5,0,99833,f_single,15,"[""subdomain_depth"", ""url_length"", ""dot_count"", ""hostname_length"", ""hyphen_count"", ""token_max_length"", ""longest_repeated_char_run"", ""token_mean_length"", ""path_length"", ""digit_ratio"", ""token_count"", ""tld_length"", ""query_length"", ""registrable_domain_length"", ""path_segment_count""]",0.5
0.4166627375170918,0.4931361607142857,primary_domain_filtered,master,1353,134739,1.0,0.1485242999999982,6.298927449076023e-07,0.2941156892764427,xgb,20261005,134739,98560,233299,0.3583754929148514,0.4190932372190079,0.9862723214285716,r04,0.3218939782647847,S4-external,xgb_d6_lr01_balanced,"{""colsample_bytree"": 0.9, ""learning_rate"": 0.1, ""max_depth"": 6, ""n_estimators"": 200, ""reg_lambda"": 1.0, ""scale_pos_weight"": 3.537326264507809, ""subsample"": 0.9}",iscx_url2016_binary,phiusiil,0.71,0,97207,f_stable,13,"[""url_length"", ""subdomain_depth"", ""dot_count"", ""hostname_length"", ""hyphen_count"", ""token_max_length"", ""token_mean_length"", ""longest_repeated_char_run"", ""path_length"", ""digit_ratio"", ""registrable_domain_length"", ""tld_length"", ""token_count""]",0.71
0.4223577459890666,0.4932883579014107,unfiltered,master,1355,134849,1.0,0.1485242999999982,6.298927449076023e-07,0.296941994501792,xgb,20261005,134849,100944,235793,0.3611398723147918,0.4247988807275271,0.9865767158028214,r04,0.3176305224763115,S4-external,xgb_d6_lr01_balanced,"{""colsample_bytree"": 0.9, ""learning_rate"": 0.1, ""max_depth"": 6, ""n_estimators"": 200, ""reg_lambda"": 1.0, ""scale_pos_weight"": 3.537326264507809, ""subsample"": 0.9}",iscx_url2016_binary,phiusiil,0.71,0,99589,f_stable,13,"[""url_length"", ""subdomain_depth"", ""dot_count"", ""hostname_length"", ""hyphen_count"", ""token_max_length"", ""token_mean_length"", ""longest_repeated_char_run"", ""path_length"", ""digit_ratio"", ""registrable_domain_length"", ""tld_length"", ""token_count""]",0.71
0.4014832948080417,0.47191973987135,primary_domain_filtered,master,5608,134731,0.999933204690515,0.1571483000002445,6.664671979246394e-07,0.2865226932877908,lr,20261006,134740,99738,234478,0.4598376584763397,0.4112976872424747,0.943772684433215,r05,0.3664683810160623,S4-external,lr_c1,"{""C"": 1.0, ""class_weight"": null}",iscx_url2016_binary,phiusiil,0.86,9,94130,f_all,35,"[""url_length"", ""hostname_length"", ""path_length"", ""query_length"", ""fragment_length"", ""digit_count"", ""letter_count"", ""special_char_count"", ""digit_ratio"", ""letter_ratio"", ""special_char_ratio"", ""dot_count"", ""hyphen_count"", ""underscore_count"", ""slash_count"", ""question_mark_count"", ""equals_sign_count"", ""percent_sign_count"", ""at_sign_count"", ""subdomain_depth"", ""path_segment_count"", ""query_parameter_count"", ""has_port"", ""has_userinfo"", ""host_is_ip"", ""tld_length"", ""registrable_domain_length"", ""domain_digit_ratio"", ""domain_hyphen_ratio"", ""url_char_entropy"", ""longest_repeated_char_run"", ""char_type_transition_count"", ""token_count"", ""token_mean_length"", ""token_max_length""]",0.86
0.4043037749212232,0.4721912007430404,unfiltered,master,5621,134840,0.9999332586819332,0.1571483000002445,6.664671979246394e-07,0.2879558960447069,lr,20261006,134849,100944,235793,0.4649480400291708,0.4141543167233656,0.944315660168014,r05,0.36796967133269,S4-external,lr_c1,"{""C"": 1.0, ""class_weight"": null}",iscx_url2016_binary,phiusiil,0.86,9,95323,f_all,35,"[""url_length"", ""hostname_length"", ""path_length"", ""query_length"", ""fragment_length"", ""digit_count"", ""letter_count"", ""special_char_count"", ""digit_ratio"", ""letter_ratio"", ""special_char_ratio"", ""dot_count"", ""hyphen_count"", ""underscore_count"", ""slash_count"", ""question_mark_count"", ""equals_sign_count"", ""percent_sign_count"", ""at_sign_count"", ""subdomain_depth"", ""path_segment_count"", ""query_parameter_count"", ""has_port"", ""has_userinfo"", ""host_is_ip"", ""tld_length"", ""registrable_domain_length"", ""domain_digit_ratio"", ""domain_hyphen_ratio"", ""url_char_entropy"", ""longest_repeated_char_run"", ""char_type_transition_count"", ""token_count"", ""token_mean_length"", ""token_max_length""]",0.86
0.4052363121486877,0.47634301870901763,primary_domain_filtered,,4719,134740,1.0,0.1175679000002674,4.986064047714198e-07,0.28837591844538796,lr,20261006,134740,99738,234478,0.5621137071149456,0.4135594253108692,0.9526860374180353,r05,0.4987374377451973,S4-external,lr_c1,"{""C"": 1.0, ""class_weight"": null}",iscx_url2016_binary,phiusiil,0.7,0,95019,f_mi,15,"[""url_length"", ""subdomain_depth"", ""token_count"", ""special_char_count"", ""path_length"", ""char_type_transition_count"", ""hostname_length"", ""dot_count"", ""hyphen_count"", ""token_mean_length"", ""special_char_ratio"", ""digit_ratio"", ""letter_ratio"", ""longest_repeated_char_run"", ""letter_count""]",0.7
0.40805282599568266,0.4765810746552544,unfiltered,,4728,134849,1.0,0.1175679000002674,4.986064047714198e-07,0.2897993729085657,lr,20261006,134849,100944,235793,0.5667055726340657,0.4164023110380196,0.9531621493105088,r05,0.5005800592098024,S4-external,lr_c1,"{""C"": 1.0, ""class_weight"": null}",iscx_url2016_binary,phiusiil,0.7,0,96216,f_mi,15,"[""url_length"", ""subdomain_depth"", ""token_count"", ""special_char_count"", ""path_length"", ""char_type_transition_count"", ""hostname_length"", ""dot_count"", ""hyphen_count"", ""token_mean_length"", ""special_char_ratio"", ""digit_ratio"", ""letter_ratio"", ""longest_repeated_char_run"", ""letter_count""]",0.7
0.39574714898625885,0.4651731672353393,primary_domain_filtered,,6956,134728,0.9999109395873534,0.1420812000001206,6.025675062453957e-07,0.283606658391431,lr,20261006,134740,99738,234478,0.4531829507953252,0.40781504109709465,0.930257274058032,r05,0.3519525600817648,S4-external,lr_c1,"{""C"": 1.0, ""class_weight"": null}",iscx_url2016_binary,phiusiil,0.85,12,92782,f_permutation,15,"[""subdomain_depth"", ""dot_count"", ""char_type_transition_count"", ""hyphen_count"", ""token_count"", ""special_char_count"", ""special_char_ratio"", ""slash_count"", ""registrable_domain_length"", ""equals_sign_count"", ""path_length"", ""tld_length"", ""digit_ratio"", ""query_length"", ""url_length""]",0.85
0.39857417310946464,0.46549563543886346,unfiltered,,6975,134837,0.9999110115759108,0.1420812000001206,6.025675062453957e-07,0.28505503690035205,lr,20261006,134849,100944,235793,0.4581485167931749,0.41069290140992804,0.9309022824536377,r05,0.35337022556778874,S4-external,lr_c1,"{""C"": 1.0, ""class_weight"": null}",iscx_url2016_binary,phiusiil,0.85,12,93969,f_permutation,15,"[""subdomain_depth"", ""dot_count"", ""char_type_transition_count"", ""hyphen_count"", ""token_count"", ""special_char_count"", ""special_char_ratio"", ""slash_count"", ""registrable_domain_length"", ""equals_sign_count"", ""path_length"", ""tld_length"", ""digit_ratio"", ""query_length"", ""url_length""]",0.85
0.4030314144610581,0.473751228217931,primary_domain_filtered,master,5236,134740,1.0,0.0790188,3.3511936317023855e-07,0.2872575840476625,lr,20261006,134740,99738,234478,0.4488645498296426,0.4122368501408991,0.947502456435862,r05,0.3433420475926279,S4-external,lr_c1,"{""C"": 1.0, ""class_weight"": null}",iscx_url2016_binary,phiusiil,0.77,0,94502,f_single,15,"[""subdomain_depth"", ""dot_count"", ""token_count"", ""special_char_count"", ""char_type_transition_count"", ""hyphen_count"", ""registrable_domain_length"", ""path_length"", ""slash_count"", ""special_char_ratio"", ""question_mark_count"", ""equals_sign_count"", ""digit_ratio"", ""url_length"", ""domain_hyphen_ratio""]",0.77
0.405826296794222,0.4739806229196386,unfiltered,master,5253,134849,1.0,0.0790188,3.3511936317023855e-07,0.2886745664949138,lr,20261006,134849,100944,235793,0.4538274347024598,0.4150733061507764,0.9479612458392772,r05,0.3447879845021843,S4-external,lr_c1,"{""C"": 1.0, ""class_weight"": null}",iscx_url2016_binary,phiusiil,0.77,0,95691,f_single,15,"[""subdomain_depth"", ""dot_count"", ""token_count"", ""special_char_count"", ""char_type_transition_count"", ""hyphen_count"", ""registrable_domain_length"", ""path_length"", ""slash_count"", ""special_char_ratio"", ""question_mark_count"", ""equals_sign_count"", ""digit_ratio"", ""url_length"", ""domain_hyphen_ratio""]",0.77
0.4001782683236807,0.470397441296196,primary_domain_filtered,master,5905,134740,1.0,0.0492510999999993,2.088743092458187e-07,0.2858052273606428,lr,20261006,134740,99738,234478,0.4532998017865006,0.4105165526987002,0.940794882592392,r05,0.3689758392682758,S4-external,lr_c1,"{""C"": 1.0, ""class_weight"": null}",iscx_url2016_binary,phiusiil,0.8,0,93833,f_stable,12,"[""subdomain_depth"", ""token_count"", ""dot_count"", ""special_char_count"", ""char_type_transition_count"", ""registrable_domain_length"", ""hyphen_count"", ""slash_count"", ""equals_sign_count"", ""path_length"", ""question_mark_count"", ""special_char_ratio""]",0.8
0.4029933034483636,0.4706718576636551,unfiltered,master,5921,134849,1.0,0.0492510999999993,2.088743092458187e-07,0.2872382230605533,lr,20261006,134849,100944,235793,0.4583361656726125,0.4133735296164822,0.9413437153273102,r05,0.3701594785329126,S4-external,lr_c1,"{""C"": 1.0, ""class_weight"": null}",iscx_url2016_binary,phiusiil,0.8,0,95023,f_stable,12,"[""subdomain_depth"", ""token_count"", ""dot_count"", ""special_char_count"", ""char_type_transition_count"", ""registrable_domain_length"", ""hyphen_count"", ""slash_count"", ""equals_sign_count"", ""path_length"", ""question_mark_count"", ""special_char_ratio""]",0.8
0.4181330444647259,0.491502737171389,primary_domain_filtered,master,1695,134740,1.0,0.999584899999718,4.23924756035895e-06,0.2948475434634203,rf,20261006,134740,99738,234478,0.3735039140643298,0.4211776633173384,0.983005474342778,r05,0.3937943582960698,S4-external,rf_depth24_leaf2,"{""class_weight"": null, ""max_depth"": 24, ""max_features"": ""sqrt"", ""min_samples_leaf"": 2, ""n_estimators"": 200}",iscx_url2016_binary,phiusiil,0.6,0,98043,f_all,35,"[""url_length"", ""hostname_length"", ""path_length"", ""query_length"", ""fragment_length"", ""digit_count"", ""letter_count"", ""special_char_count"", ""digit_ratio"", ""letter_ratio"", ""special_char_ratio"", ""dot_count"", ""hyphen_count"", ""underscore_count"", ""slash_count"", ""question_mark_count"", ""equals_sign_count"", ""percent_sign_count"", ""at_sign_count"", ""subdomain_depth"", ""path_segment_count"", ""query_parameter_count"", ""has_port"", ""has_userinfo"", ""host_is_ip"", ""tld_length"", ""registrable_domain_length"", ""domain_digit_ratio"", ""domain_hyphen_ratio"", ""url_char_entropy"", ""longest_repeated_char_run"", ""char_type_transition_count"", ""token_count"", ""token_mean_length"", ""token_max_length""]",0.6
0.420911562260118,0.4915993025836107,unfiltered,master,1696,134849,1.0,0.999584899999718,4.23924756035895e-06,0.2962264319889207,rf,20261006,134849,100944,235793,0.3755529307354178,0.4239610076165008,0.9831986051672216,r05,0.3925604400591939,S4-external,rf_depth24_leaf2,"{""class_weight"": null, ""max_depth"": 24, ""max_features"": ""sqrt"", ""min_samples_leaf"": 2, ""n_estimators"": 200}",iscx_url2016_binary,phiusiil,0.6,0,99248,f_all,35,"[""url_length"", ""hostname_length"", ""path_length"", ""query_length"", ""fragment_length"", ""digit_count"", ""letter_count"", ""special_char_count"", ""digit_ratio"", ""letter_ratio"", ""special_char_ratio"", ""dot_count"", ""hyphen_count"", ""underscore_count"", ""slash_count"", ""question_mark_count"", ""equals_sign_count"", ""percent_sign_count"", ""at_sign_count"", ""subdomain_depth"", ""path_segment_count"", ""query_parameter_count"", ""has_port"", ""has_userinfo"", ""host_is_ip"", ""tld_length"", ""registrable_domain_length"", ""domain_digit_ratio"", ""domain_hyphen_ratio"", ""url_char_entropy"", ""longest_repeated_char_run"", ""char_type_transition_count"", ""token_count"", ""token_mean_length"", ""token_max_length""]",0.6
0.40920256911096137,0.4810052337123263,primary_domain_filtered,,3789,134740,1.0,1.217358399999739,5.162826716652907e-06,0.29037881286940836,rf,20261006,134740,99738,234478,0.37533195696637794,0.4159236027725639,0.9620104674246526,r05,0.39531586416050846,S4-external,rf_depth24_leaf2,"{""class_weight"": null, ""max_depth"": 24, ""max_features"": ""sqrt"", ""min_samples_leaf"": 2, ""n_estimators"": 200}",iscx_url2016_binary,phiusiil,0.77,0,95949,f_mi,15,"[""url_length"", ""subdomain_depth"", ""token_count"", ""special_char_count"", ""path_length"", ""char_type_transition_count"", ""hostname_length"", ""dot_count"", ""hyphen_count"", ""token_mean_length"", ""special_char_ratio"", ""digit_ratio"", ""letter_ratio"", ""longest_repeated_char_run"", ""letter_count""]",0.77
0.41198848142226446,0.4811776826755429,unfiltered,,3800,134849,1.0,1.217358399999739,5.162826716652907e-06,0.29177892514199383,rf,20261006,134849,100944,235793,0.3774051701421841,0.4187367722301966,0.9623553653510858,r05,0.3941244662620769,S4-external,rf_depth24_leaf2,"{""class_weight"": null, ""max_depth"": 24, ""max_features"": ""sqrt"", ""min_samples_leaf"": 2, ""n_estimators"": 200}",iscx_url2016_binary,phiusiil,0.77,0,97144,f_mi,15,"[""url_length"", ""subdomain_depth"", ""token_count"", ""special_char_count"", ""path_length"", ""char_type_transition_count"", ""hostname_length"", ""dot_count"", ""hyphen_count"", ""token_mean_length"", ""special_char_ratio"", ""digit_ratio"", ""letter_ratio"", ""longest_repeated_char_run"", ""letter_count""]",0.77
0.41839746159554414,0.49181355150494294,primary_domain_filtered,,1633,134740,1.0,1.27869869999995,5.422971419846857e-06,0.2949789977238764,rf,20261006,134740,99738,234478,0.3741459111511396,0.4213317872404389,0.9836271030098859,r05,0.393478280469031,S4-external,rf_depth24_leaf2,"{""class_weight"": null, ""max_depth"": 24, ""max_features"": ""sqrt"", ""min_samples_leaf"": 2, ""n_estimators"": 200}",iscx_url2016_binary,phiusiil,0.59,0,98105,f_permutation,15,"[""url_length"", ""subdomain_depth"", ""hostname_length"", ""dot_count"", ""path_length"", ""token_max_length"", ""hyphen_count"", ""token_count"", ""question_mark_count"", ""token_mean_length"", ""special_char_count"", ""path_segment_count"", ""tld_length"", ""registrable_domain_length"", ""slash_count""]",0.59
0.4211745047562905,0.49190640355048343,unfiltered,,1634,134849,1.0,1.27869869999995,5.422971419846857e-06,0.29635664258451877,rf,20261006,134849,100944,235793,0.3764869498357155,0.42411352969563415,0.9838128071009669,r05,0.3928724258729265,S4-external,rf_depth24_leaf2,"{""class_weight"": null, ""max_depth"": 24, ""max_features"": ""sqrt"", ""min_samples_leaf"": 2, ""n_estimators"": 200}",iscx_url2016_binary,phiusiil,0.59,0,99310,f_permutation,15,"[""url_length"", ""subdomain_depth"", ""hostname_length"", ""dot_count"", ""path_length"", ""token_max_length"", ""hyphen_count"", ""token_count"", ""question_mark_count"", ""token_mean_length"", ""special_char_count"", ""path_segment_count"", ""tld_length"", ""registrable_domain_length"", ""slash_count""]",0.59
0.4135142742602717,0.4860735126030199,primary_domain_filtered,master,2778,134740,1.0,0.8742981999999984,3.707905663017979e-06,0.2925434017825355,rf,20261006,134740,99738,234478,0.3843829295735947,0.4184721622788088,0.9721470252060398,r05,0.4140097377602227,S4-external,rf_depth16_leaf1,"{""class_weight"": null, ""max_depth"": 16, ""max_features"": ""sqrt"", ""min_samples_leaf"": 1, ""n_estimators"": 200}",iscx_url2016_binary,phiusiil,0.69,0,96960,f_single,15,"[""subdomain_depth"", ""url_length"", ""hostname_length"", ""dot_count"", ""hyphen_count"", ""path_length"", ""longest_repeated_char_run"", ""token_count"", ""special_char_count"", ""token_max_length"", ""char_type_transition_count"", ""digit_ratio"", ""token_mean_length"", ""digit_count"", ""question_mark_count""]",0.69
0.4163143095851022,0.4862299889047393,unfiltered,master,2780,134849,1.0,0.8742981999999984,3.707905663017979e-06,0.2939420344535374,rf,20261006,134849,100944,235793,0.386463347441431,0.4212812160694897,0.9724599778094786,r05,0.4127751236464285,S4-external,rf_depth16_leaf1,"{""class_weight"": null, ""max_depth"": 16, ""max_features"": ""sqrt"", ""min_samples_leaf"": 1, ""n_estimators"": 200}",iscx_url2016_binary,phiusiil,0.69,0,98164,f_single,15,"[""subdomain_depth"", ""url_length"", ""hostname_length"", ""dot_count"", ""hyphen_count"", ""path_length"", ""longest_repeated_char_run"", ""token_count"", ""special_char_count"", ""token_max_length"", ""char_type_transition_count"", ""digit_ratio"", ""token_mean_length"", ""digit_count"", ""question_mark_count""]",0.69
0.4139450182959595,0.486579839178648,primary_domain_filtered,master,2677,134740,1.0,0.8685351000000026,3.683464309797163e-06,0.2927589212732137,rf,20261006,134740,99738,234478,0.3865143708580712,0.4187255447560623,0.973159678357296,r05,0.419294155667811,S4-external,rf_depth24_leaf2,"{""class_weight"": null, ""max_depth"": 24, ""max_features"": ""sqrt"", ""min_samples_leaf"": 2, ""n_estimators"": 200}",iscx_url2016_binary,phiusiil,0.71,0,97061,f_stable,13,"[""subdomain_depth"", ""url_length"", ""hostname_length"", ""dot_count"", ""path_length"", ""hyphen_count"", ""token_count"", ""longest_repeated_char_run"", ""special_char_count"", ""token_max_length"", ""char_type_transition_count"", ""token_mean_length"", ""digit_count""]",0.71
0.4167426513933832,0.4867302662862577,unfiltered,master,2679,134849,1.0,0.8685351000000026,3.683464309797163e-06,0.2941555059301079,rf,20261006,134849,100944,235793,0.3885056416619474,0.4215319543227777,0.9734605325725154,r05,0.4178812051387568,S4-external,rf_depth24_leaf2,"{""class_weight"": null, ""max_depth"": 24, ""max_features"": ""sqrt"", ""min_samples_leaf"": 2, ""n_estimators"": 200}",iscx_url2016_binary,phiusiil,0.71,0,98265,f_stable,13,"[""subdomain_depth"", ""url_length"", ""hostname_length"", ""dot_count"", ""path_length"", ""hyphen_count"", ""token_count"", ""longest_repeated_char_run"", ""special_char_count"", ""token_max_length"", ""char_type_transition_count"", ""token_mean_length"", ""digit_count""]",0.71
0.4181330444647259,0.491502737171389,primary_domain_filtered,master,1695,134740,1.0,0.1596892000002299,6.772431751588465e-07,0.2948475434634203,xgb,20261006,134740,99738,234478,0.5134069665299795,0.4211776633173384,0.983005474342778,r05,0.4989371224152478,S4-external,xgb_d6_lr005,"{""colsample_bytree"": 0.9, ""learning_rate"": 0.05, ""max_depth"": 6, ""n_estimators"": 250, ""reg_lambda"": 1.0, ""scale_pos_weight"": 1.0, ""subsample"": 0.9}",iscx_url2016_binary,phiusiil,0.76,0,98043,f_all,35,"[""url_length"", ""hostname_length"", ""path_length"", ""query_length"", ""fragment_length"", ""digit_count"", ""letter_count"", ""special_char_count"", ""digit_ratio"", ""letter_ratio"", ""special_char_ratio"", ""dot_count"", ""hyphen_count"", ""underscore_count"", ""slash_count"", ""question_mark_count"", ""equals_sign_count"", ""percent_sign_count"", ""at_sign_count"", ""subdomain_depth"", ""path_segment_count"", ""query_parameter_count"", ""has_port"", ""has_userinfo"", ""host_is_ip"", ""tld_length"", ""registrable_domain_length"", ""domain_digit_ratio"", ""domain_hyphen_ratio"", ""url_char_entropy"", ""longest_repeated_char_run"", ""char_type_transition_count"", ""token_count"", ""token_mean_length"", ""token_max_length""]",0.76
0.4208988392361096,0.4915844428594072,unfiltered,master,1699,134849,1.0,0.1596892000002299,6.772431751588465e-07,0.2962201302538816,xgb,20261006,134849,100944,235793,0.5155529876798791,0.4239536254666928,0.9831688857188144,r05,0.4982552197338622,S4-external,xgb_d6_lr005,"{""colsample_bytree"": 0.9, ""learning_rate"": 0.05, ""max_depth"": 6, ""n_estimators"": 250, ""reg_lambda"": 1.0, ""scale_pos_weight"": 1.0, ""subsample"": 0.9}",iscx_url2016_binary,phiusiil,0.76,0,99245,f_all,35,"[""url_length"", ""hostname_length"", ""path_length"", ""query_length"", ""fragment_length"", ""digit_count"", ""letter_count"", ""special_char_count"", ""digit_ratio"", ""letter_ratio"", ""special_char_ratio"", ""dot_count"", ""hyphen_count"", ""underscore_count"", ""slash_count"", ""question_mark_count"", ""equals_sign_count"", ""percent_sign_count"", ""at_sign_count"", ""subdomain_depth"", ""path_segment_count"", ""query_parameter_count"", ""has_port"", ""has_userinfo"", ""host_is_ip"", ""tld_length"", ""registrable_domain_length"", ""domain_digit_ratio"", ""domain_hyphen_ratio"", ""url_char_entropy"", ""longest_repeated_char_run"", ""char_type_transition_count"", ""token_count"", ""token_mean_length"", ""token_max_length""]",0.76
0.4126271974343009,0.48503078064529065,primary_domain_filtered,,2986,134740,1.0,0.16505960000040432,7.000190845377273e-07,0.29209914560879147,xgb,20261006,134740,99738,234478,0.32052866120241513,0.41794964836797815,0.9700615612905813,r05,0.25244064273987876,S4-external,xgb_d4_lr005,"{""colsample_bytree"": 0.9, ""learning_rate"": 0.05, ""max_depth"": 4, ""n_estimators"": 300, ""reg_lambda"": 1.0, ""scale_pos_weight"": 1.0, ""subsample"": 0.9}",iscx_url2016_binary,phiusiil,0.93,0,96752,f_mi,15,"[""url_length"", ""subdomain_depth"", ""token_count"", ""special_char_count"", ""path_length"", ""char_type_transition_count"", ""hostname_length"", ""dot_count"", ""hyphen_count"", ""token_mean_length"", ""special_char_ratio"", ""digit_ratio"", ""letter_ratio"", ""longest_repeated_char_run"", ""letter_count""]",0.93
0.4154152158885124,0.4851799017276906,unfiltered,,2992,134849,1.0,0.16505960000040432,7.000190845377273e-07,0.2934935354836777,xgb,20261006,134849,100944,235793,0.3221641614690698,0.420754206382275,0.9703598034553812,r05,0.2510166618244213,S4-external,xgb_d4_lr005,"{""colsample_bytree"": 0.9, ""learning_rate"": 0.05, ""max_depth"": 4, ""n_estimators"": 300, ""reg_lambda"": 1.0, ""scale_pos_weight"": 1.0, ""subsample"": 0.9}",iscx_url2016_binary,phiusiil,0.93,0,97952,f_mi,15,"[""url_length"", ""subdomain_depth"", ""token_count"", ""special_char_count"", ""path_length"", ""char_type_transition_count"", ""hostname_length"", ""dot_count"", ""hyphen_count"", ""token_mean_length"", ""special_char_ratio"", ""digit_ratio"", ""letter_ratio"", ""longest_repeated_char_run"", ""letter_count""]",0.93
0.418589377255009,0.4920391425534901,primary_domain_filtered,,1588,134740,1.0,0.18069250000007742,7.663183385430331e-07,0.29507437738254144,xgb,20261006,134740,99738,234478,0.579554083751368,0.4214435999828245,0.9840782851069803,r05,0.5564453516424402,S4-external,xgb_d6_lr005,"{""colsample_bytree"": 0.9, ""learning_rate"": 0.05, ""max_depth"": 6, ""n_estimators"": 250, ""reg_lambda"": 1.0, ""scale_pos_weight"": 1.0, ""subsample"": 0.9}",iscx_url2016_binary,phiusiil,0.72,0,98150,f_permutation,15,"[""url_length"", ""dot_count"", ""subdomain_depth"", ""hostname_length"", ""token_max_length"", ""hyphen_count"", ""path_length"", ""percent_sign_count"", ""special_char_ratio"", ""tld_length"", ""token_count"", ""underscore_count"", ""equals_sign_count"", ""slash_count"", ""question_mark_count""]",0.72
0.42136959112441846,0.4921342526549374,unfiltered,,1588,134849,1.0,0.18069250000007742,7.663183385430331e-07,0.2964532193143945,xgb,20261006,134849,100944,235793,0.5822733809311809,0.42422663905552827,0.9842685053098748,r05,0.5566405626271722,S4-external,xgb_d6_lr005,"{""colsample_bytree"": 0.9, ""learning_rate"": 0.05, ""max_depth"": 6, ""n_estimators"": 250, ""reg_lambda"": 1.0, ""scale_pos_weight"": 1.0, ""subsample"": 0.9}",iscx_url2016_binary,phiusiil,0.72,0,99356,f_permutation,15,"[""url_length"", ""dot_count"", ""subdomain_depth"", ""hostname_length"", ""token_max_length"", ""hyphen_count"", ""path_length"", ""percent_sign_count"", ""special_char_ratio"", ""tld_length"", ""token_count"", ""underscore_count"", ""equals_sign_count"", ""slash_count"", ""question_mark_count""]",0.72
0.4198645501923421,0.4935380697427259,primary_domain_filtered,master,1289,134740,1.0,0.140219799999997,5.94673293948493e-07,0.295707467402764,xgb,20261006,134740,99738,234478,0.4053660603388476,0.4221854375635214,0.987076139485452,r05,0.3919696720964813,S4-external,xgb_d4_lr005,"{""colsample_bytree"": 0.9, ""learning_rate"": 0.05, ""max_depth"": 4, ""n_estimators"": 300, ""reg_lambda"": 1.0, ""scale_pos_weight"": 1.0, ""subsample"": 0.9}",iscx_url2016_binary,phiusiil,0.63,0,98449,f_single,15,"[""url_length"", ""subdomain_depth"", ""dot_count"", ""hostname_length"", ""hyphen_count"", ""token_max_length"", ""path_length"", ""digit_ratio"", ""longest_repeated_char_run"", ""tld_length"", ""slash_count"", ""registrable_domain_length"", ""token_mean_length"", ""token_count"", ""url_char_entropy""]",0.63
0.4226376525172503,0.4936152718338881,unfiltered,master,1289,134849,1.0,0.140219799999997,5.94673293948493e-07,0.2970803224344757,xgb,20261006,134849,100944,235793,0.4071358097014262,0.4249607682598165,0.9872305436677762,r05,0.3910618340798185,S4-external,xgb_d4_lr005,"{""colsample_bytree"": 0.9, ""learning_rate"": 0.05, ""max_depth"": 4, ""n_estimators"": 300, ""reg_lambda"": 1.0, ""scale_pos_weight"": 1.0, ""subsample"": 0.9}",iscx_url2016_binary,phiusiil,0.63,0,99655,f_single,15,"[""url_length"", ""subdomain_depth"", ""dot_count"", ""hostname_length"", ""hyphen_count"", ""token_max_length"", ""path_length"", ""digit_ratio"", ""longest_repeated_char_run"", ""tld_length"", ""slash_count"", ""registrable_domain_length"", ""token_mean_length"", ""token_count"", ""url_char_entropy""]",0.63
0.4200052883426163,0.4937035031783272,primary_domain_filtered,master,1256,134740,1.0,0.1421519000000017,6.028673455106886e-07,0.2957772705430082,xgb,20261006,134740,99738,234478,0.4203973950826244,0.422267196062121,0.9874070063566543,r05,0.3890270204983219,S4-external,xgb_d4_lr005,"{""colsample_bytree"": 0.9, ""learning_rate"": 0.05, ""max_depth"": 4, ""n_estimators"": 300, ""reg_lambda"": 1.0, ""scale_pos_weight"": 1.0, ""subsample"": 0.9}",iscx_url2016_binary,phiusiil,0.6,0,98482,f_stable,14,"[""url_length"", ""subdomain_depth"", ""dot_count"", ""hostname_length"", ""hyphen_count"", ""token_max_length"", ""path_length"", ""longest_repeated_char_run"", ""digit_ratio"", ""token_mean_length"", ""tld_length"", ""slash_count"", ""registrable_domain_length"", ""token_count""]",0.6
0.4227776057813421,0.4937787288001268,unfiltered,master,1256,134849,1.0,0.1421519000000017,6.028673455106886e-07,0.2971494659906224,xgb,20261006,134849,100944,235793,0.4230867064242634,0.4250416778589306,0.9875574576002536,r05,0.3886481719869638,S4-external,xgb_d4_lr005,"{""colsample_bytree"": 0.9, ""learning_rate"": 0.05, ""max_depth"": 4, ""n_estimators"": 300, ""reg_lambda"": 1.0, ""scale_pos_weight"": 1.0, ""subsample"": 0.9}",iscx_url2016_binary,phiusiil,0.6,0,99688,f_stable,14,"[""url_length"", ""subdomain_depth"", ""dot_count"", ""hostname_length"", ""hyphen_count"", ""token_max_length"", ""path_length"", ""longest_repeated_char_run"", ""digit_ratio"", ""token_mean_length"", ""tld_length"", ""slash_count"", ""registrable_domain_length"", ""token_count""]",0.6
0.4053707892121586,0.4793426169498798,primary_domain_filtered,master,4084,134731,0.9999406259509124,0.1431695000001127,6.071829952547902e-07,0.2884913185599306,lr,20261007,134739,98709,233448,0.5027493773860073,0.4125682345349588,0.9586258598506722,r06,0.4320182251536617,S4-external,lr_c01,"{""C"": 0.1, ""class_weight"": null}",iscx_url2016_binary,phiusiil,0.67,8,94625,f_all,35,"[""url_length"", ""hostname_length"", ""path_length"", ""query_length"", ""fragment_length"", ""digit_count"", ""letter_count"", ""special_char_count"", ""digit_ratio"", ""letter_ratio"", ""special_char_ratio"", ""dot_count"", ""hyphen_count"", ""underscore_count"", ""slash_count"", ""question_mark_count"", ""equals_sign_count"", ""percent_sign_count"", ""at_sign_count"", ""subdomain_depth"", ""path_segment_count"", ""query_parameter_count"", ""has_port"", ""has_userinfo"", ""host_is_ip"", ""tld_length"", ""registrable_domain_length"", ""domain_digit_ratio"", ""domain_hyphen_ratio"", ""url_char_entropy"", ""longest_repeated_char_run"", ""char_type_transition_count"", ""token_count"", ""token_mean_length"", ""token_max_length""]",0.67
0.4093548154525367,0.4780917566422348,unfiltered,master,4429,134841,0.9999406743839404,0.1431695000001127,6.071829952547902e-07,0.2905028164597272,lr,20261007,134849,100944,235793,0.5082605525708261,0.4171709400231677,0.9561241876684102,r06,0.4308990677632732,S4-external,lr_c01,"{""C"": 0.1, ""class_weight"": null}",iscx_url2016_binary,phiusiil,0.67,8,96515,f_all,35,"[""url_length"", ""hostname_length"", ""path_length"", ""query_length"", ""fragment_length"", ""digit_count"", ""letter_count"", ""special_char_count"", ""digit_ratio"", ""letter_ratio"", ""special_char_ratio"", ""dot_count"", ""hyphen_count"", ""underscore_count"", ""slash_count"", ""question_mark_count"", ""equals_sign_count"", ""percent_sign_count"", ""at_sign_count"", ""subdomain_depth"", ""path_segment_count"", ""query_parameter_count"", ""has_port"", ""has_userinfo"", ""host_is_ip"", ""tld_length"", ""registrable_domain_length"", ""domain_digit_ratio"", ""domain_hyphen_ratio"", ""url_char_entropy"", ""longest_repeated_char_run"", ""char_type_transition_count"", ""token_count"", ""token_mean_length"", ""token_max_length""]",0.67
0.4067972310750146,0.4810402293610512,primary_domain_filtered,,3743,134739,1.0,0.11813039999969988,5.009919717705779e-07,0.2891655045156418,lr,20261007,134739,98709,233448,0.5682359222918787,0.4134259158485884,0.9620804587221023,r06,0.5126975765869065,S4-external,lr_c01,"{""C"": 0.1, ""class_weight"": null}",iscx_url2016_binary,phiusiil,0.54,0,94966,f_mi,15,"[""url_length"", ""subdomain_depth"", ""token_count"", ""special_char_count"", ""char_type_transition_count"", ""path_length"", ""hostname_length"", ""dot_count"", ""hyphen_count"", ""token_mean_length"", ""special_char_ratio"", ""digit_ratio"", ""letter_ratio"", ""longest_repeated_char_run"", ""letter_count""]",0.54
0.41099184454161064,0.48001367094626723,unfiltered,,4035,134849,1.0,0.11813039999969988,5.009919717705779e-07,0.29127868182337346,lr,20261007,134849,100944,235793,0.5731372126385306,0.41814737786829365,0.9600273418925345,r06,0.5116358720193398,S4-external,lr_c01,"{""C"": 0.1, ""class_weight"": null}",iscx_url2016_binary,phiusiil,0.54,0,96909,f_mi,15,"[""url_length"", ""subdomain_depth"", ""token_count"", ""special_char_count"", ""char_type_transition_count"", ""path_length"", ""hostname_length"", ""dot_count"", ""hyphen_count"", ""token_mean_length"", ""special_char_ratio"", ""digit_ratio"", ""letter_ratio"", ""longest_repeated_char_run"", ""letter_count""]",0.54
0.40102292587642646,0.474212077926025,primary_domain_filtered,,5091,134739,1.0,0.10746770000014294,4.5577137574119223e-07,0.2862358056172149,lr,20261007,134739,98709,233448,0.49385774092407475,0.40996334686477753,0.94842415585205,r06,0.41141625719095803,S4-external,lr_c01,"{""C"": 0.1, ""class_weight"": null}",iscx_url2016_binary,phiusiil,0.63,0,93618,f_permutation,15,"[""subdomain_depth"", ""dot_count"", ""hyphen_count"", ""hostname_length"", ""slash_count"", ""path_length"", ""char_type_transition_count"", ""special_char_ratio"", ""registrable_domain_length"", ""equals_sign_count"", ""token_count"", ""domain_hyphen_ratio"", ""digit_count"", ""query_length"", ""letter_count""]",0.63
0.4050841203937352,0.47311380567443334,unfiltered,,5428,134849,1.0,0.10746770000014294,4.5577137574119223e-07,0.28829883884832586,lr,20261007,134849,100944,235793,0.4992201760579975,0.41462895839211683,0.9462276113488667,r06,0.4104619497006509,S4-external,lr_c01,"{""C"": 0.1, ""class_weight"": null}",iscx_url2016_binary,phiusiil,0.63,0,95516,f_permutation,15,"[""subdomain_depth"", ""dot_count"", ""hyphen_count"", ""hostname_length"", ""slash_count"", ""path_length"", ""char_type_transition_count"", ""special_char_ratio"", ""registrable_domain_length"", ""equals_sign_count"", ""token_count"", ""domain_hyphen_ratio"", ""digit_count"", ""query_length"", ""letter_count""]",0.63
0.4025907268428086,0.4760660122177309,primary_domain_filtered,master,4725,134739,1.0,0.0774091000000112,3.282926125882076e-07,0.2870336436267683,lr,20261007,134739,98709,233448,0.4696071472863927,0.4109075169528207,0.952132024435462,r06,0.3768994488828285,S4-external,lr_c01,"{""C"": 0.1, ""class_weight"": null}",iscx_url2016_binary,phiusiil,0.65,0,93984,f_single,15,"[""subdomain_depth"", ""dot_count"", ""hyphen_count"", ""registrable_domain_length"", ""hostname_length"", ""token_count"", ""path_length"", ""special_char_count"", ""question_mark_count"", ""slash_count"", ""letter_count"", ""token_mean_length"", ""equals_sign_count"", ""char_type_transition_count"", ""special_char_ratio""]",0.65
0.406487894042656,0.4747533285782216,unfiltered,master,5097,134849,1.0,0.0774091000000112,3.282926125882076e-07,0.289009166566156,lr,20261007,134849,100944,235793,0.4751303103676256,0.4154688421125637,0.9495066571564432,r06,0.3757895314136266,S4-external,lr_c01,"{""C"": 0.1, ""class_weight"": null}",iscx_url2016_binary,phiusiil,0.65,0,95847,f_single,15,"[""subdomain_depth"", ""dot_count"", ""hyphen_count"", ""registrable_domain_length"", ""hostname_length"", ""token_count"", ""path_length"", ""special_char_count"", ""question_mark_count"", ""slash_count"", ""letter_count"", ""token_mean_length"", ""equals_sign_count"", ""char_type_transition_count"", ""special_char_ratio""]",0.65
0.3935994311366985,0.4654337497087398,primary_domain_filtered,master,6824,134739,1.0,0.0578742000000005,2.454449453546142e-07,0.282433691018126,lr,20261007,134739,98709,233448,0.4428741709998934,0.4054513202485174,0.9308674994174796,r06,0.3501788682138677,S4-external,lr_c1,"{""C"": 1.0, ""class_weight"": null}",iscx_url2016_binary,phiusiil,0.76,0,91885,f_stable,12,"[""subdomain_depth"", ""dot_count"", ""hyphen_count"", ""token_count"", ""hostname_length"", ""registrable_domain_length"", ""special_char_count"", ""path_length"", ""char_type_transition_count"", ""question_mark_count"", ""slash_count"", ""letter_count""]",0.76
0.3976369103408498,0.4644159137739737,unfiltered,master,7184,134849,1.0,0.0578742000000005,2.454449453546142e-07,0.2845065892284397,lr,20261007,134849,100944,235793,0.449181824596239,0.4101325844564299,0.9288318275479474,r06,0.3498088095174631,S4-external,lr_c1,"{""C"": 1.0, ""class_weight"": null}",iscx_url2016_binary,phiusiil,0.76,0,93760,f_stable,12,"[""subdomain_depth"", ""dot_count"", ""hyphen_count"", ""token_count"", ""hostname_length"", ""registrable_domain_length"", ""special_char_count"", ""path_length"", ""char_type_transition_count"", ""question_mark_count"", ""slash_count"", ""letter_count""]",0.76
0.4177975394948768,0.4940481617684304,primary_domain_filtered,master,1175,134739,1.0,0.976164300000164,4.1399206083308834e-06,0.2946806774990785,rf,20261007,134739,98709,233448,0.3572448473106222,0.4199110529420122,0.9880963235368608,r06,0.360931115592419,S4-external,rf_depth24_leaf2,"{""class_weight"": null, ""max_depth"": 24, ""max_features"": ""sqrt"", ""min_samples_leaf"": 2, ""n_estimators"": 200}",iscx_url2016_binary,phiusiil,0.5,0,97534,f_all,35,"[""url_length"", ""hostname_length"", ""path_length"", ""query_length"", ""fragment_length"", ""digit_count"", ""letter_count"", ""special_char_count"", ""digit_ratio"", ""letter_ratio"", ""special_char_ratio"", ""dot_count"", ""hyphen_count"", ""underscore_count"", ""slash_count"", ""question_mark_count"", ""equals_sign_count"", ""percent_sign_count"", ""at_sign_count"", ""subdomain_depth"", ""path_segment_count"", ""query_parameter_count"", ""has_port"", ""has_userinfo"", ""host_is_ip"", ""tld_length"", ""registrable_domain_length"", ""domain_digit_ratio"", ""domain_hyphen_ratio"", ""url_char_entropy"", ""longest_repeated_char_run"", ""char_type_transition_count"", ""token_count"", ""token_mean_length"", ""token_max_length""]",0.5
0.4230956813815508,0.4941502219052148,unfiltered,master,1181,134849,1.0,0.976164300000164,4.1399206083308834e-06,0.2973065598588611,rf,20261007,134849,100944,235793,0.3609166459776648,0.425225478662643,0.9883004438104296,r06,0.3581100497738769,S4-external,rf_depth24_leaf2,"{""class_weight"": null, ""max_depth"": 24, ""max_features"": ""sqrt"", ""min_samples_leaf"": 2, ""n_estimators"": 200}",iscx_url2016_binary,phiusiil,0.5,0,99763,f_all,35,"[""url_length"", ""hostname_length"", ""path_length"", ""query_length"", ""fragment_length"", ""digit_count"", ""letter_count"", ""special_char_count"", ""digit_ratio"", ""letter_ratio"", ""special_char_ratio"", ""dot_count"", ""hyphen_count"", ""underscore_count"", ""slash_count"", ""question_mark_count"", ""equals_sign_count"", ""percent_sign_count"", ""at_sign_count"", ""subdomain_depth"", ""path_segment_count"", ""query_parameter_count"", ""has_port"", ""has_userinfo"", ""host_is_ip"", ""tld_length"", ""registrable_domain_length"", ""domain_digit_ratio"", ""domain_hyphen_ratio"", ""url_char_entropy"", ""longest_repeated_char_run"", ""char_type_transition_count"", ""token_count"", ""token_mean_length"", ""token_max_length""]",0.5
0.4128071347794798,0.4881469774792572,primary_domain_filtered,,2340,134739,1.0,0.925184800000352,3.923716140853851e-06,0.2921893049782152,rf,20261007,134739,98709,233448,0.38662093246699825,0.4169868632846981,0.9762939549585145,r06,0.42419096962044356,S4-external,rf_depth16_leaf1,"{""class_weight"": null, ""max_depth"": 16, ""max_features"": ""sqrt"", ""min_samples_leaf"": 1, ""n_estimators"": 200}",iscx_url2016_binary,phiusiil,0.59,0,96369,f_mi,15,"[""url_length"", ""subdomain_depth"", ""token_count"", ""special_char_count"", ""char_type_transition_count"", ""path_length"", ""hostname_length"", ""dot_count"", ""hyphen_count"", ""token_mean_length"", ""special_char_ratio"", ""digit_ratio"", ""letter_ratio"", ""longest_repeated_char_run"", ""letter_count""]",0.59
0.4180912919382679,0.48830539705183074,unfiltered,,2361,134849,1.0,0.925184800000352,3.923716140853851e-06,0.2948267818264469,rf,20261007,134849,100944,235793,0.39007981971015476,0.4223199904040577,0.9766107941036615,r06,0.4206593989331269,S4-external,rf_depth16_leaf1,"{""class_weight"": null, ""max_depth"": 16, ""max_features"": ""sqrt"", ""min_samples_leaf"": 1, ""n_estimators"": 200}",iscx_url2016_binary,phiusiil,0.59,0,98583,f_mi,15,"[""url_length"", ""subdomain_depth"", ""token_count"", ""special_char_count"", ""char_type_transition_count"", ""path_length"", ""hostname_length"", ""dot_count"", ""hyphen_count"", ""token_mean_length"", ""special_char_ratio"", ""digit_ratio"", ""letter_ratio"", ""longest_repeated_char_run"", ""letter_count""]",0.59
0.4175276721154176,0.4937290419313335,primary_domain_filtered,,1238,134739,1.0,0.5010055999996439,2.124768759037138e-06,0.2945463995721007,rf,20261007,134739,98709,233448,0.3882296226684059,0.41975367124585505,0.987458083862667,r06,0.4278437399220947,S4-external,rf_depth16_leaf1,"{""class_weight"": null, ""max_depth"": 16, ""max_features"": ""sqrt"", ""min_samples_leaf"": 1, ""n_estimators"": 200}",iscx_url2016_binary,phiusiil,0.49,0,97471,f_permutation,15,"[""url_length"", ""subdomain_depth"", ""dot_count"", ""hostname_length"", ""path_length"", ""token_max_length"", ""token_count"", ""question_mark_count"", ""special_char_count"", ""hyphen_count"", ""token_mean_length"", ""path_segment_count"", ""slash_count"", ""registrable_domain_length"", ""char_type_transition_count""]",0.49
0.4228454619093866,0.49385798066254555,unfiltered,,1240,134849,1.0,0.5010055999996439,2.124768759037138e-06,0.2971829852427891,rf,20261007,134849,100944,235793,0.3917642631583468,0.4250808985602401,0.9877159613250911,r06,0.4244652457236586,S4-external,rf_depth16_leaf1,"{""class_weight"": null, ""max_depth"": 16, ""max_features"": ""sqrt"", ""min_samples_leaf"": 1, ""n_estimators"": 200}",iscx_url2016_binary,phiusiil,0.49,0,99704,f_permutation,15,"[""url_length"", ""subdomain_depth"", ""dot_count"", ""hostname_length"", ""path_length"", ""token_max_length"", ""token_count"", ""question_mark_count"", ""special_char_count"", ""hyphen_count"", ""token_mean_length"", ""path_segment_count"", ""slash_count"", ""registrable_domain_length"", ""char_type_transition_count""]",0.49
0.4142207258147424,0.4898185575783363,primary_domain_filtered,master,2010,134739,1.0,0.8888311999999985,3.769540232322412e-06,0.2928968005161337,rf,20261007,134739,98709,233448,0.38604139952181,0.4178181629637311,0.9796371151566726,r06,0.4230446691258125,S4-external,rf_depth16_leaf1,"{""class_weight"": null, ""max_depth"": 16, ""max_features"": ""sqrt"", ""min_samples_leaf"": 1, ""n_estimators"": 200}",iscx_url2016_binary,phiusiil,0.56,0,96699,f_single,15,"[""subdomain_depth"", ""url_length"", ""hostname_length"", ""dot_count"", ""hyphen_count"", ""path_length"", ""token_count"", ""special_char_count"", ""longest_repeated_char_run"", ""token_max_length"", ""token_mean_length"", ""char_type_transition_count"", ""digit_ratio"", ""registrable_domain_length"", ""digit_count""]",0.56
0.4195501986912249,0.4900093120938342,unfiltered,master,2017,134849,1.0,0.8888311999999985,3.769540232322412e-06,0.2955515057361376,rf,20261007,134849,100944,235793,0.3896952661481544,0.4231700431181986,0.9800186241876684,r06,0.4199367530831974,S4-external,rf_depth16_leaf1,"{""class_weight"": null, ""max_depth"": 16, ""max_features"": ""sqrt"", ""min_samples_leaf"": 1, ""n_estimators"": 200}",iscx_url2016_binary,phiusiil,0.56,0,98927,f_single,15,"[""subdomain_depth"", ""url_length"", ""hostname_length"", ""dot_count"", ""hyphen_count"", ""path_length"", ""token_count"", ""special_char_count"", ""longest_repeated_char_run"", ""token_max_length"", ""token_mean_length"", ""char_type_transition_count"", ""digit_ratio"", ""registrable_domain_length"", ""digit_count""]",0.56
0.4114192453994037,0.4865057897456159,primary_domain_filtered,master,2664,134739,1.0,0.8802397000000042,3.733103612066534e-06,0.2914932942429733,rf,20261007,134739,98709,233448,0.3678122068224149,0.4161683652246256,0.9730115794912318,r06,0.3851701813565447,S4-external,rf_unlimited_leaf5_balanced,"{""class_weight"": ""balanced_subsample"", ""max_depth"": null, ""max_features"": ""sqrt"", ""min_samples_leaf"": 5, ""n_estimators"": 200}",iscx_url2016_binary,phiusiil,0.69,0,96045,f_stable,13,"[""subdomain_depth"", ""url_length"", ""dot_count"", ""hostname_length"", ""path_length"", ""hyphen_count"", ""token_count"", ""longest_repeated_char_run"", ""special_char_count"", ""token_max_length"", ""char_type_transition_count"", ""token_mean_length"", ""digit_count""]",0.69
0.4167468924013859,0.4867352195276589,unfiltered,master,2678,134849,1.0,0.8802397000000042,3.733103612066534e-06,0.2941576188637336,rf,20261007,134849,100944,235793,0.3712403630631092,0.4215344357934925,0.9734704390553178,r06,0.3817402732216141,S4-external,rf_unlimited_leaf5_balanced,"{""class_weight"": ""balanced_subsample"", ""max_depth"": null, ""max_features"": ""sqrt"", ""min_samples_leaf"": 5, ""n_estimators"": 200}",iscx_url2016_binary,phiusiil,0.69,0,98266,f_stable,13,"[""subdomain_depth"", ""url_length"", ""dot_count"", ""hostname_length"", ""path_length"", ""hyphen_count"", ""token_count"", ""longest_repeated_char_run"", ""special_char_count"", ""token_max_length"", ""char_type_transition_count"", ""token_mean_length"", ""digit_count""]",0.69
0.4179174805524142,0.4941899928071401,primary_domain_filtered,master,1147,134739,1.0,0.1370360000000801,5.811707726695877e-07,0.2947403401709918,xgb,20261007,134739,98709,233448,0.4106347348113025,0.4199809729618038,0.9883799856142804,r06,0.4427662577425502,S4-external,xgb_d6_lr01_balanced,"{""colsample_bytree"": 0.9, ""learning_rate"": 0.1, ""max_depth"": 6, ""n_estimators"": 200, ""reg_lambda"": 1.0, ""scale_pos_weight"": 3.537326264507809, ""subsample"": 0.9}",iscx_url2016_binary,phiusiil,0.5,0,97562,f_all,35,"[""url_length"", ""hostname_length"", ""path_length"", ""query_length"", ""fragment_length"", ""digit_count"", ""letter_count"", ""special_char_count"", ""digit_ratio"", ""letter_ratio"", ""special_char_ratio"", ""dot_count"", ""hyphen_count"", ""underscore_count"", ""slash_count"", ""question_mark_count"", ""equals_sign_count"", ""percent_sign_count"", ""at_sign_count"", ""subdomain_depth"", ""path_segment_count"", ""query_parameter_count"", ""has_port"", ""has_userinfo"", ""host_is_ip"", ""tld_length"", ""registrable_domain_length"", ""domain_digit_ratio"", ""domain_hyphen_ratio"", ""url_char_entropy"", ""longest_repeated_char_run"", ""char_type_transition_count"", ""token_count"", ""token_mean_length"", ""token_max_length""]",0.5
0.4232398756536453,0.4943186321128546,unfiltered,master,1147,134849,1.0,0.1370360000000801,5.811707726695877e-07,0.2973777526147978,xgb,20261007,134849,100944,235793,0.4145081061331647,0.4253087629876494,0.9886372642257092,r06,0.4401714508526301,S4-external,xgb_d6_lr01_balanced,"{""colsample_bytree"": 0.9, ""learning_rate"": 0.1, ""max_depth"": 6, ""n_estimators"": 200, ""reg_lambda"": 1.0, ""scale_pos_weight"": 3.537326264507809, ""subsample"": 0.9}",iscx_url2016_binary,phiusiil,0.5,0,99797,f_all,35,"[""url_length"", ""hostname_length"", ""path_length"", ""query_length"", ""fragment_length"", ""digit_count"", ""letter_count"", ""special_char_count"", ""digit_ratio"", ""letter_ratio"", ""special_char_ratio"", ""dot_count"", ""hyphen_count"", ""underscore_count"", ""slash_count"", ""question_mark_count"", ""equals_sign_count"", ""percent_sign_count"", ""at_sign_count"", ""subdomain_depth"", ""path_segment_count"", ""query_parameter_count"", ""has_port"", ""has_userinfo"", ""host_is_ip"", ""tld_length"", ""registrable_domain_length"", ""domain_digit_ratio"", ""domain_hyphen_ratio"", ""url_char_entropy"", ""longest_repeated_char_run"", ""char_type_transition_count"", ""token_count"", ""token_mean_length"", ""token_max_length""]",0.5
0.4153001953325794,0.491095036926724,primary_domain_filtered,,1758,134739,1.0,0.16289839999990363,6.908534180399911e-07,0.29343611814805737,xgb,20261007,134739,98709,233448,0.3560823973719289,0.4184513789977988,0.982190073853448,r06,0.32412356776791784,S4-external,xgb_d6_lr005,"{""colsample_bytree"": 0.9, ""learning_rate"": 0.05, ""max_depth"": 6, ""n_estimators"": 250, ""reg_lambda"": 1.0, ""scale_pos_weight"": 1.0, ""subsample"": 0.9}",iscx_url2016_binary,phiusiil,0.39,0,96951,f_mi,15,"[""url_length"", ""subdomain_depth"", ""token_count"", ""special_char_count"", ""char_type_transition_count"", ""path_length"", ""hostname_length"", ""dot_count"", ""hyphen_count"", ""token_mean_length"", ""special_char_ratio"", ""digit_ratio"", ""letter_ratio"", ""longest_repeated_char_run"", ""letter_count""]",0.39
0.42063165573193434,0.4912723886511333,unfiltered,,1762,134849,1.0,0.16289839999990363,6.908534180399911e-07,0.2960877677438615,xgb,20261007,134849,100944,235793,0.35919755037005796,0.42379855660147586,0.9825447773022666,r06,0.3211567606281717,S4-external,xgb_d6_lr005,"{""colsample_bytree"": 0.9, ""learning_rate"": 0.05, ""max_depth"": 6, ""n_estimators"": 250, ""reg_lambda"": 1.0, ""scale_pos_weight"": 1.0, ""subsample"": 0.9}",iscx_url2016_binary,phiusiil,0.39,0,99182,f_mi,15,"[""url_length"", ""subdomain_depth"", ""token_count"", ""special_char_count"", ""char_type_transition_count"", ""path_length"", ""hostname_length"", ""dot_count"", ""hyphen_count"", ""token_mean_length"", ""special_char_ratio"", ""digit_ratio"", ""letter_ratio"", ""longest_repeated_char_run"", ""letter_count""]",0.39
0.41796031664439187,0.4942406467495365,primary_domain_filtered,,1137,134739,1.0,0.12785400000029767,5.422298371889652e-07,0.2947616458220047,xgb,20261007,134739,98709,233448,0.5180510901701899,0.4200059403127704,0.988481293499073,r06,0.5059470766354199,S4-external,xgb_d6_lr01_balanced,"{""colsample_bytree"": 0.9, ""learning_rate"": 0.1, ""max_depth"": 6, ""n_estimators"": 200, ""reg_lambda"": 1.0, ""scale_pos_weight"": 3.537326264507809, ""subsample"": 0.9}",iscx_url2016_binary,phiusiil,0.5,0,97572,f_permutation,15,"[""url_length"", ""dot_count"", ""hostname_length"", ""subdomain_depth"", ""hyphen_count"", ""token_mean_length"", ""token_max_length"", ""path_length"", ""path_segment_count"", ""percent_sign_count"", ""slash_count"", ""token_count"", ""equals_sign_count"", ""underscore_count"", ""question_mark_count""]",0.5
0.4232695627096648,0.4943533048026629,unfiltered,,1140,134849,1.0,0.12785400000029767,5.422298371889652e-07,0.29739240815621115,xgb,20261007,134849,100944,235793,0.5228520177009581,0.4253259067644565,0.9887066096053257,r06,0.5044293405745025,S4-external,xgb_d6_lr01_balanced,"{""colsample_bytree"": 0.9, ""learning_rate"": 0.1, ""max_depth"": 6, ""n_estimators"": 200, ""reg_lambda"": 1.0, ""scale_pos_weight"": 3.537326264507809, ""subsample"": 0.9}",iscx_url2016_binary,phiusiil,0.5,0,99804,f_permutation,15,"[""url_length"", ""dot_count"", ""hostname_length"", ""subdomain_depth"", ""hyphen_count"", ""token_mean_length"", ""token_max_length"", ""path_length"", ""path_segment_count"", ""percent_sign_count"", ""slash_count"", ""token_count"", ""equals_sign_count"", ""underscore_count"", ""question_mark_count""]",0.5
0.4177332853569103,0.4939721808548359,primary_domain_filtered,master,1190,134739,1.0,0.1227414999999894,5.205476837734344e-07,0.2946487112008146,xgb,20261007,134739,98709,233448,0.4208410676735488,0.4198735888537747,0.9879443617096718,r06,0.4386837092716952,S4-external,xgb_d6_lr01_balanced,"{""colsample_bytree"": 0.9, ""learning_rate"": 0.1, ""max_depth"": 6, ""n_estimators"": 200, ""reg_lambda"": 1.0, ""scale_pos_weight"": 3.537326264507809, ""subsample"": 0.9}",iscx_url2016_binary,phiusiil,0.67,0,97519,f_single,15,"[""url_length"", ""subdomain_depth"", ""dot_count"", ""hostname_length"", ""hyphen_count"", ""token_mean_length"", ""path_length"", ""token_max_length"", ""longest_repeated_char_run"", ""digit_ratio"", ""special_char_ratio"", ""token_count"", ""tld_length"", ""registrable_domain_length"", ""slash_count""]",0.67
0.4230575123095257,0.4941056427326042,unfiltered,master,1190,134849,1.0,0.1227414999999894,5.205476837734344e-07,0.2972877123025984,xgb,20261007,134849,100944,235793,0.4241830286274909,0.4252034287711581,0.9882112854652084,r06,0.4359159245728179,S4-external,xgb_d6_lr01_balanced,"{""colsample_bytree"": 0.9, ""learning_rate"": 0.1, ""max_depth"": 6, ""n_estimators"": 200, ""reg_lambda"": 1.0, ""scale_pos_weight"": 3.537326264507809, ""subsample"": 0.9}",iscx_url2016_binary,phiusiil,0.67,0,99754,f_single,15,"[""url_length"", ""subdomain_depth"", ""dot_count"", ""hostname_length"", ""hyphen_count"", ""token_mean_length"", ""path_length"", ""token_max_length"", ""longest_repeated_char_run"", ""digit_ratio"", ""special_char_ratio"", ""token_count"", ""tld_length"", ""registrable_domain_length"", ""slash_count""]",0.67
0.4176518967821527,0.4938759383642829,primary_domain_filtered,master,1209,134739,1.0,0.1455945000000014,6.174674396610646e-07,0.2946082163965336,xgb,20261007,134739,98709,233448,0.4577009200835266,0.4198261273946236,0.9877518767285658,r06,0.4159986213020868,S4-external,xgb_d6_lr005,"{""colsample_bytree"": 0.9, ""learning_rate"": 0.05, ""max_depth"": 6, ""n_estimators"": 250, ""reg_lambda"": 1.0, ""scale_pos_weight"": 1.0, ""subsample"": 0.9}",iscx_url2016_binary,phiusiil,0.5,0,97500,f_stable,15,"[""subdomain_depth"", ""url_length"", ""dot_count"", ""hostname_length"", ""hyphen_count"", ""path_length"", ""token_mean_length"", ""token_max_length"", ""longest_repeated_char_run"", ""tld_length"", ""digit_ratio"", ""registrable_domain_length"", ""slash_count"", ""special_char_ratio"", ""token_count""]",0.5
0.4229684511414673,0.4940016246631796,unfiltered,master,1211,134849,1.0,0.1455945000000014,6.174674396610646e-07,0.2972437307391976,xgb,20261007,134849,100944,235793,0.4609912829966742,0.4251519724446035,0.9880032493263592,r06,0.4134004773064467,S4-external,xgb_d6_lr005,"{""colsample_bytree"": 0.9, ""learning_rate"": 0.05, ""max_depth"": 6, ""n_estimators"": 250, ""reg_lambda"": 1.0, ""scale_pos_weight"": 1.0, ""subsample"": 0.9}",iscx_url2016_binary,phiusiil,0.5,0,99733,f_stable,15,"[""subdomain_depth"", ""url_length"", ""dot_count"", ""hostname_length"", ""hyphen_count"", ""path_length"", ""token_mean_length"", ""token_max_length"", ""longest_repeated_char_run"", ""tld_length"", ""digit_ratio"", ""registrable_domain_length"", ""slash_count"", ""special_char_ratio"", ""token_count""]",0.5
0.4053288297749221,0.479715412553883,primary_domain_filtered,master,4005,134730,0.9999332041947766,0.1401200999998764,5.942504654501042e-07,0.2884760139896489,lr,20261008,134739,98558,233297,0.5090540413489386,0.4123855671811691,0.9593640293025428,r07,0.4412588495294436,S4-external,lr_c01,"{""C"": 0.1, ""class_weight"": null}",iscx_url2016_binary,phiusiil,0.68,9,94553,f_all,35,"[""url_length"", ""hostname_length"", ""path_length"", ""query_length"", ""fragment_length"", ""digit_count"", ""letter_count"", ""special_char_count"", ""digit_ratio"", ""letter_ratio"", ""special_char_ratio"", ""dot_count"", ""hyphen_count"", ""underscore_count"", ""slash_count"", ""question_mark_count"", ""equals_sign_count"", ""percent_sign_count"", ""at_sign_count"", ""subdomain_depth"", ""path_segment_count"", ""query_parameter_count"", ""has_port"", ""has_userinfo"", ""host_is_ip"", ""tld_length"", ""registrable_domain_length"", ""domain_digit_ratio"", ""domain_hyphen_ratio"", ""url_char_entropy"", ""longest_repeated_char_run"", ""char_type_transition_count"", ""token_count"", ""token_mean_length"", ""token_max_length""]",0.68
0.4091258010203865,0.477823036216174,unfiltered,master,4484,134840,0.9999332586819332,0.1401200999998764,5.942504654501042e-07,0.2903933837843475,lr,20261008,134849,100944,235793,0.5143990994713055,0.4170341547773454,0.9555793311142812,r07,0.4394761581542547,S4-external,lr_c01,"{""C"": 0.1, ""class_weight"": null}",iscx_url2016_binary,phiusiil,0.68,9,96460,f_all,35,"[""url_length"", ""hostname_length"", ""path_length"", ""query_length"", ""fragment_length"", ""digit_count"", ""letter_count"", ""special_char_count"", ""digit_ratio"", ""letter_ratio"", ""special_char_ratio"", ""dot_count"", ""hyphen_count"", ""underscore_count"", ""slash_count"", ""question_mark_count"", ""equals_sign_count"", ""percent_sign_count"", ""at_sign_count"", ""subdomain_depth"", ""path_segment_count"", ""query_parameter_count"", ""has_port"", ""has_userinfo"", ""host_is_ip"", ""tld_length"", ""registrable_domain_length"", ""domain_digit_ratio"", ""domain_hyphen_ratio"", ""url_char_entropy"", ""longest_repeated_char_run"", ""char_type_transition_count"", ""token_count"", ""token_mean_length"", ""token_max_length""]",0.68
0.40898511339622884,0.48405507416952454,primary_domain_filtered,,3143,134739,1.0,0.04418129999976372,1.873732468723148e-07,0.2902692934848743,lr,20261008,134739,98558,233297,0.5678635056368788,0.4145702442712271,0.9681101483390491,r07,0.511593855555882,S4-external,lr_c01,"{""C"": 0.1, ""class_weight"": null}",iscx_url2016_binary,phiusiil,0.44,0,95415,f_mi,15,"[""url_length"", ""subdomain_depth"", ""token_count"", ""special_char_count"", ""path_length"", ""hostname_length"", ""dot_count"", ""char_type_transition_count"", ""hyphen_count"", ""token_mean_length"", ""special_char_ratio"", ""digit_ratio"", ""letter_ratio"", ""longest_repeated_char_run"", ""letter_count""]",0.44
0.4137018486553884,0.48317879220161675,unfiltered,,3396,134849,1.0,0.04418129999976372,1.873732468723148e-07,0.2926372693428051,lr,20261008,134849,100944,235793,0.5725263442570754,0.41974724286458087,0.9663575844032335,r07,0.5097639286330964,S4-external,lr_c01,"{""C"": 0.1, ""class_weight"": null}",iscx_url2016_binary,phiusiil,0.44,0,97548,f_mi,15,"[""url_length"", ""subdomain_depth"", ""token_count"", ""special_char_count"", ""path_length"", ""hostname_length"", ""dot_count"", ""char_type_transition_count"", ""hyphen_count"", ""token_mean_length"", ""special_char_ratio"", ""digit_ratio"", ""letter_ratio"", ""longest_repeated_char_run"", ""letter_count""]",0.44
0.39492149491849443,0.4673610109980156,primary_domain_filtered,,6460,134703,0.9997328167791063,0.04665449999993143,1.9786210786550676e-07,0.2833206770450719,lr,20261008,134739,98558,233297,0.6246534176420377,0.4060740472925604,0.9344548387751375,r07,0.5815450307020177,S4-external,lr_c1_balanced,"{""C"": 1.0, ""class_weight"": ""balanced""}",iscx_url2016_binary,phiusiil,0.91,36,92098,f_permutation,15,"[""subdomain_depth"", ""dot_count"", ""hyphen_count"", ""char_type_transition_count"", ""hostname_length"", ""slash_count"", ""path_length"", ""token_count"", ""letter_count"", ""tld_length"", ""special_char_count"", ""domain_hyphen_ratio"", ""special_char_ratio"", ""digit_count"", ""token_max_length""]",0.91
0.3990830940697985,0.4660576442566703,unfiltered,,6881,134811,0.9997182033237176,0.04665449999993143,1.9786210786550676e-07,0.2854647277960427,lr,20261008,134849,100944,235793,0.6281892272139201,0.41098158812272256,0.9318334918370582,r07,0.5787905352509604,S4-external,lr_c1_balanced,"{""C"": 1.0, ""class_weight"": ""balanced""}",iscx_url2016_binary,phiusiil,0.91,38,94063,f_permutation,15,"[""subdomain_depth"", ""dot_count"", ""hyphen_count"", ""char_type_transition_count"", ""hostname_length"", ""slash_count"", ""path_length"", ""token_count"", ""letter_count"", ""tld_length"", ""special_char_count"", ""domain_hyphen_ratio"", ""special_char_ratio"", ""digit_count"", ""token_max_length""]",0.91
0.4004509273586887,0.4739544227764362,primary_domain_filtered,master,5134,134739,1.0,0.0420798999999902,1.7846119265622939e-07,0.285944276615216,lr,20261008,134739,98558,233297,0.450677508588267,0.4094616567979909,0.9479088455528724,r07,0.3529732811141891,S4-external,lr_c1_balanced,"{""C"": 1.0, ""class_weight"": ""balanced""}",iscx_url2016_binary,phiusiil,0.85,0,93424,f_single,15,"[""subdomain_depth"", ""dot_count"", ""hyphen_count"", ""hostname_length"", ""token_count"", ""registrable_domain_length"", ""special_char_count"", ""path_length"", ""char_type_transition_count"", ""question_mark_count"", ""letter_count"", ""slash_count"", ""domain_hyphen_ratio"", ""digit_ratio"", ""url_length""]",0.85
0.4045455123773818,0.4724847440164844,unfiltered,master,5555,134849,1.0,0.0420798999999902,1.7846119265622939e-07,0.2880259192830528,lr,20261008,134849,100944,235793,0.4566775993900134,0.4143060658970283,0.9449694880329688,r07,0.3518430257848589,S4-external,lr_c1_balanced,"{""C"": 1.0, ""class_weight"": ""balanced""}",iscx_url2016_binary,phiusiil,0.85,0,95389,f_single,15,"[""subdomain_depth"", ""dot_count"", ""hyphen_count"", ""hostname_length"", ""token_count"", ""registrable_domain_length"", ""special_char_count"", ""path_length"", ""char_type_transition_count"", ""question_mark_count"", ""letter_count"", ""slash_count"", ""domain_hyphen_ratio"", ""digit_ratio"", ""url_length""]",0.85
0.3944242746370506,0.4668215669960835,primary_domain_filtered,master,6540,134739,1.0,0.0473963999999966,2.010085117030475e-07,0.282858152867221,lr,20261008,134739,98558,233297,0.4520078963086998,0.4058000414540675,0.933643133992167,r07,0.3586031403104627,S4-external,lr_c1_balanced,"{""C"": 1.0, ""class_weight"": ""balanced""}",iscx_url2016_binary,phiusiil,0.88,0,92018,f_stable,12,"[""subdomain_depth"", ""dot_count"", ""hyphen_count"", ""token_count"", ""hostname_length"", ""special_char_count"", ""registrable_domain_length"", ""path_length"", ""char_type_transition_count"", ""question_mark_count"", ""slash_count"", ""letter_count""]",0.88
0.3983833277493395,0.4652876842605801,unfiltered,master,7008,134849,1.0,0.0473963999999966,2.010085117030475e-07,0.2848884993434001,lr,20261008,134849,100944,235793,0.4581247768707173,0.4105863583713967,0.9305753685211604,r07,0.35763331370529,S4-external,lr_c1_balanced,"{""C"": 1.0, ""class_weight"": ""balanced""}",iscx_url2016_binary,phiusiil,0.88,0,93936,f_stable,12,"[""subdomain_depth"", ""dot_count"", ""hyphen_count"", ""token_count"", ""hostname_length"", ""special_char_count"", ""registrable_domain_length"", ""path_length"", ""char_type_transition_count"", ""question_mark_count"", ""slash_count"", ""letter_count""]",0.88
0.4170820884966373,0.4936382637634692,primary_domain_filtered,master,1254,134739,1.0,0.6093400999998266,2.5842162405153105e-06,0.2943245785705427,rf,20261008,134739,98558,233297,0.3792577273025181,0.4193360713316066,0.9872765275269384,r07,0.409284405074898,S4-external,rf_depth16_leaf1,"{""class_weight"": null, ""max_depth"": 16, ""max_features"": ""sqrt"", ""min_samples_leaf"": 1, ""n_estimators"": 200}",iscx_url2016_binary,phiusiil,0.5,0,97304,f_all,35,"[""url_length"", ""hostname_length"", ""path_length"", ""query_length"", ""fragment_length"", ""digit_count"", ""letter_count"", ""special_char_count"", ""digit_ratio"", ""letter_ratio"", ""special_char_ratio"", ""dot_count"", ""hyphen_count"", ""underscore_count"", ""slash_count"", ""question_mark_count"", ""equals_sign_count"", ""percent_sign_count"", ""at_sign_count"", ""subdomain_depth"", ""path_segment_count"", ""query_parameter_count"", ""has_port"", ""has_userinfo"", ""host_is_ip"", ""tld_length"", ""registrable_domain_length"", ""domain_digit_ratio"", ""domain_hyphen_ratio"", ""url_char_entropy"", ""longest_repeated_char_run"", ""char_type_transition_count"", ""token_count"", ""token_mean_length"", ""token_max_length""]",0.5
0.4227436777173198,0.4937391028689174,unfiltered,master,1264,134849,1.0,0.6093400999998266,2.5842162405153105e-06,0.2971327051655424,rf,20261008,134849,100944,235793,0.3828116332508294,0.4250220655014944,0.9874782057378348,r07,0.4052152395547795,S4-external,rf_depth16_leaf1,"{""class_weight"": null, ""max_depth"": 16, ""max_features"": ""sqrt"", ""min_samples_leaf"": 1, ""n_estimators"": 200}",iscx_url2016_binary,phiusiil,0.5,0,99680,f_all,35,"[""url_length"", ""hostname_length"", ""path_length"", ""query_length"", ""fragment_length"", ""digit_count"", ""letter_count"", ""special_char_count"", ""digit_ratio"", ""letter_ratio"", ""special_char_ratio"", ""dot_count"", ""hyphen_count"", ""underscore_count"", ""slash_count"", ""question_mark_count"", ""equals_sign_count"", ""percent_sign_count"", ""at_sign_count"", ""subdomain_depth"", ""path_segment_count"", ""query_parameter_count"", ""has_port"", ""has_userinfo"", ""host_is_ip"", ""tld_length"", ""registrable_domain_length"", ""domain_digit_ratio"", ""domain_hyphen_ratio"", ""url_char_entropy"", ""longest_repeated_char_run"", ""char_type_transition_count"", ""token_count"", ""token_mean_length"", ""token_max_length""]",0.5
0.41280427952352583,0.48857525517969114,primary_domain_filtered,,2252,134739,1.0,0.4134446999996726,1.7534222814064564e-06,0.2921878745035694,rf,20261008,134739,98558,233297,0.36138142883217816,0.41682789067064857,0.9771505103593823,r07,0.3744556424676348,S4-external,rf_unlimited_leaf5_balanced,"{""class_weight"": ""balanced_subsample"", ""max_depth"": null, ""max_features"": ""sqrt"", ""min_samples_leaf"": 5, ""n_estimators"": 200}",iscx_url2016_binary,phiusiil,0.59,0,96306,f_mi,15,"[""url_length"", ""subdomain_depth"", ""token_count"", ""special_char_count"", ""path_length"", ""hostname_length"", ""dot_count"", ""char_type_transition_count"", ""hyphen_count"", ""token_mean_length"", ""special_char_ratio"", ""digit_ratio"", ""letter_ratio"", ""longest_repeated_char_run"", ""letter_count""]",0.59
0.41850691072254054,0.48879081470914565,unfiltered,,2263,134849,1.0,0.4134446999996726,1.7534222814064564e-06,0.29503339571984666,rf,20261008,134849,100944,235793,0.3650659130977839,0.42256241168158265,0.9775816294182913,r07,0.3708761413664877,S4-external,rf_unlimited_leaf5_balanced,"{""class_weight"": ""balanced_subsample"", ""max_depth"": null, ""max_features"": ""sqrt"", ""min_samples_leaf"": 5, ""n_estimators"": 200}",iscx_url2016_binary,phiusiil,0.59,0,98681,f_mi,15,"[""url_length"", ""subdomain_depth"", ""token_count"", ""special_char_count"", ""path_length"", ""hostname_length"", ""dot_count"", ""char_type_transition_count"", ""hyphen_count"", ""token_mean_length"", ""special_char_ratio"", ""digit_ratio"", ""letter_ratio"", ""longest_repeated_char_run"", ""letter_count""]",0.59
0.4168977740819642,0.4934201181030459,primary_domain_filtered,,1297,134739,1.0,0.3959914000001845,1.6794026964336707e-06,0.29423278214413207,rf,20261008,134739,98558,233297,0.37019507642808225,0.4192284482758621,0.9868402362060918,r07,0.39220827888422316,S4-external,rf_unlimited_leaf5_balanced,"{""class_weight"": ""balanced_subsample"", ""max_depth"": null, ""max_features"": ""sqrt"", ""min_samples_leaf"": 5, ""n_estimators"": 200}",iscx_url2016_binary,phiusiil,0.54,0,97261,f_permutation,15,"[""url_length"", ""subdomain_depth"", ""dot_count"", ""hostname_length"", ""token_max_length"", ""path_length"", ""special_char_count"", ""hyphen_count"", ""token_count"", ""token_mean_length"", ""question_mark_count"", ""slash_count"", ""registrable_domain_length"", ""path_segment_count"", ""char_type_transition_count""]",0.54
0.4225613143732002,0.493526113488667,unfiltered,,1307,134849,1.0,0.3959914000001845,1.6794026964336707e-06,0.2970426020332111,rf,20261008,134849,100944,235793,0.3737982288364392,0.42491662615252085,0.987052226977334,r07,0.3883958757643223,S4-external,rf_unlimited_leaf5_balanced,"{""class_weight"": ""balanced_subsample"", ""max_depth"": null, ""max_features"": ""sqrt"", ""min_samples_leaf"": 5, ""n_estimators"": 200}",iscx_url2016_binary,phiusiil,0.54,0,99637,f_permutation,15,"[""url_length"", ""subdomain_depth"", ""dot_count"", ""hostname_length"", ""token_max_length"", ""path_length"", ""special_char_count"", ""hyphen_count"", ""token_count"", ""token_mean_length"", ""question_mark_count"", ""slash_count"", ""registrable_domain_length"", ""path_segment_count"", ""char_type_transition_count""]",0.54
0.4158604697017107,0.4921924146188031,primary_domain_filtered,master,1539,134739,1.0,0.9294299000000024,3.941719643924978e-06,0.2937157146490027,rf,20261008,134739,98558,233297,0.3662087846495322,0.4186220108906704,0.9843848292376064,r07,0.3820617547082077,S4-external,rf_depth24_leaf2,"{""class_weight"": null, ""max_depth"": 24, ""max_features"": ""sqrt"", ""min_samples_leaf"": 2, ""n_estimators"": 200}",iscx_url2016_binary,phiusiil,0.45,0,97019,f_single,15,"[""url_length"", ""subdomain_depth"", ""hostname_length"", ""dot_count"", ""path_length"", ""hyphen_count"", ""token_max_length"", ""longest_repeated_char_run"", ""special_char_count"", ""token_count"", ""token_mean_length"", ""char_type_transition_count"", ""registrable_domain_length"", ""digit_count"", ""slash_count""]",0.45
0.4215477134605353,0.4923422887937866,unfiltered,master,1546,134849,1.0,0.9294299000000024,3.941719643924978e-06,0.2965413749175843,rf,20261008,134849,100944,235793,0.3698454642449504,0.4243298740218658,0.9846845775875732,r07,0.3783055839180592,S4-external,rf_depth24_leaf2,"{""class_weight"": null, ""max_depth"": 24, ""max_features"": ""sqrt"", ""min_samples_leaf"": 2, ""n_estimators"": 200}",iscx_url2016_binary,phiusiil,0.45,0,99398,f_single,15,"[""url_length"", ""subdomain_depth"", ""hostname_length"", ""dot_count"", ""path_length"", ""hyphen_count"", ""token_max_length"", ""longest_repeated_char_run"", ""special_char_count"", ""token_count"", ""token_mean_length"", ""char_type_transition_count"", ""registrable_domain_length"", ""digit_count"", ""slash_count""]",0.45
0.4143902407660621,0.4904523224903103,primary_domain_filtered,master,1882,134739,1.0,0.8961670999999996,3.8006518429300255e-06,0.2929815469750555,rf,20261008,134739,98558,233297,0.3872553579916818,0.4177603007583778,0.9809046449806206,r07,0.4284114611845449,S4-external,rf_unlimited_leaf5_balanced,"{""class_weight"": ""balanced_subsample"", ""max_depth"": null, ""max_features"": ""sqrt"", ""min_samples_leaf"": 5, ""n_estimators"": 200}",iscx_url2016_binary,phiusiil,0.59,0,96676,f_stable,13,"[""subdomain_depth"", ""url_length"", ""hostname_length"", ""dot_count"", ""path_length"", ""hyphen_count"", ""token_count"", ""longest_repeated_char_run"", ""special_char_count"", ""token_max_length"", ""registrable_domain_length"", ""token_mean_length"", ""char_type_transition_count""]",0.59
0.4200888067075782,0.4906383737517831,unfiltered,master,1890,134849,1.0,0.8961670999999996,3.8006518429300255e-06,0.2958186873407855,rf,20261008,134849,100944,235793,0.3912363665037835,0.423483238778468,0.9812767475035664,r07,0.4250637518815609,S4-external,rf_unlimited_leaf5_balanced,"{""class_weight"": ""balanced_subsample"", ""max_depth"": null, ""max_features"": ""sqrt"", ""min_samples_leaf"": 5, ""n_estimators"": 200}",iscx_url2016_binary,phiusiil,0.59,0,99054,f_stable,13,"[""subdomain_depth"", ""url_length"", ""hostname_length"", ""dot_count"", ""path_length"", ""hyphen_count"", ""token_count"", ""longest_repeated_char_run"", ""special_char_count"", ""token_max_length"", ""registrable_domain_length"", ""token_mean_length"", ""char_type_transition_count""]",0.59
0.4174249990355641,0.4940441161549544,primary_domain_filtered,master,1174,134739,1.0,0.1338309000002482,5.675779179205838e-07,0.2944952990948981,xgb,20261008,134739,98558,233297,0.3714746215076259,0.4195361941729169,0.9880882323099088,r07,0.3509893412080041,S4-external,xgb_d6_lr01_balanced,"{""colsample_bytree"": 0.9, ""learning_rate"": 0.1, ""max_depth"": 6, ""n_estimators"": 200, ""reg_lambda"": 1.0, ""scale_pos_weight"": 3.537326264507809, ""subsample"": 0.9}",iscx_url2016_binary,phiusiil,0.5,0,97384,f_all,35,"[""url_length"", ""hostname_length"", ""path_length"", ""query_length"", ""fragment_length"", ""digit_count"", ""letter_count"", ""special_char_count"", ""digit_ratio"", ""letter_ratio"", ""special_char_ratio"", ""dot_count"", ""hyphen_count"", ""underscore_count"", ""slash_count"", ""question_mark_count"", ""equals_sign_count"", ""percent_sign_count"", ""at_sign_count"", ""subdomain_depth"", ""path_segment_count"", ""query_parameter_count"", ""has_port"", ""has_userinfo"", ""host_is_ip"", ""tld_length"", ""registrable_domain_length"", ""domain_digit_ratio"", ""domain_hyphen_ratio"", ""url_char_entropy"", ""longest_repeated_char_run"", ""char_type_transition_count"", ""token_count"", ""token_mean_length"", ""token_max_length""]",0.5
0.4231168864215647,0.4941749881122206,unfiltered,master,1176,134849,1.0,0.1338309000002482,5.675779179205838e-07,0.2973170302865947,xgb,20261008,134849,100944,235793,0.3750056379287484,0.4252377278713818,0.9883499762244412,r07,0.3479492012446752,S4-external,xgb_d6_lr01_balanced,"{""colsample_bytree"": 0.9, ""learning_rate"": 0.1, ""max_depth"": 6, ""n_estimators"": 200, ""reg_lambda"": 1.0, ""scale_pos_weight"": 3.537326264507809, ""subsample"": 0.9}",iscx_url2016_binary,phiusiil,0.5,0,99768,f_all,35,"[""url_length"", ""hostname_length"", ""path_length"", ""query_length"", ""fragment_length"", ""digit_count"", ""letter_count"", ""special_char_count"", ""digit_ratio"", ""letter_ratio"", ""special_char_ratio"", ""dot_count"", ""hyphen_count"", ""underscore_count"", ""slash_count"", ""question_mark_count"", ""equals_sign_count"", ""percent_sign_count"", ""at_sign_count"", ""subdomain_depth"", ""path_segment_count"", ""query_parameter_count"", ""has_port"", ""has_userinfo"", ""host_is_ip"", ""tld_length"", ""registrable_domain_length"", ""domain_digit_ratio"", ""domain_hyphen_ratio"", ""url_char_entropy"", ""longest_repeated_char_run"", ""char_type_transition_count"", ""token_count"", ""token_mean_length"", ""token_max_length""]",0.5
0.41542325876457903,0.4916749528196595,primary_domain_filtered,,1641,134739,1.0,0.11871120000023438,5.034551492208606e-07,0.29349755007358863,xgb,20261008,134739,98558,233297,0.34557969808274697,0.41836602548606555,0.983349905639319,r07,0.31371121367882004,S4-external,xgb_d6_lr01_balanced,"{""colsample_bytree"": 0.9, ""learning_rate"": 0.1, ""max_depth"": 6, ""n_estimators"": 200, ""reg_lambda"": 1.0, ""scale_pos_weight"": 3.537326264507809, ""subsample"": 0.9}",iscx_url2016_binary,phiusiil,0.32,0,96917,f_mi,15,"[""url_length"", ""subdomain_depth"", ""token_count"", ""special_char_count"", ""path_length"", ""hostname_length"", ""dot_count"", ""char_type_transition_count"", ""hyphen_count"", ""token_mean_length"", ""special_char_ratio"", ""digit_ratio"", ""letter_ratio"", ""longest_repeated_char_run"", ""letter_count""]",0.32
0.4211278536682599,0.49185191789507055,unfiltered,,1645,134849,1.0,0.11871120000023438,5.034551492208606e-07,0.29633354422069164,xgb,20261008,134849,100944,235793,0.3490533385386513,0.4240864752208005,0.9837038357901411,r07,0.3102967941181473,S4-external,xgb_d6_lr01_balanced,"{""colsample_bytree"": 0.9, ""learning_rate"": 0.1, ""max_depth"": 6, ""n_estimators"": 200, ""reg_lambda"": 1.0, ""scale_pos_weight"": 3.537326264507809, ""subsample"": 0.9}",iscx_url2016_binary,phiusiil,0.32,0,99299,f_mi,15,"[""url_length"", ""subdomain_depth"", ""token_count"", ""special_char_count"", ""path_length"", ""hostname_length"", ""dot_count"", ""char_type_transition_count"", ""hyphen_count"", ""token_mean_length"", ""special_char_ratio"", ""digit_ratio"", ""letter_ratio"", ""longest_repeated_char_run"", ""letter_count""]",0.32
0.4175621632511348,0.49420645711154854,primary_domain_filtered,,1142,134739,1.0,0.13132910000012998,5.569677640987221e-07,0.2945635641780033,xgb,20261008,134739,98558,233297,0.5272080426223534,0.41961620469083155,0.9884129142230971,r07,0.4943066472048188,S4-external,xgb_d6_lr01_balanced,"{""colsample_bytree"": 0.9, ""learning_rate"": 0.1, ""max_depth"": 6, ""n_estimators"": 200, ""reg_lambda"": 1.0, ""scale_pos_weight"": 3.537326264507809, ""subsample"": 0.9}",iscx_url2016_binary,phiusiil,0.48,0,97416,f_permutation,15,"[""url_length"", ""dot_count"", ""subdomain_depth"", ""hostname_length"", ""token_max_length"", ""path_length"", ""hyphen_count"", ""letter_ratio"", ""token_mean_length"", ""slash_count"", ""special_char_ratio"", ""path_segment_count"", ""tld_length"", ""percent_sign_count"", ""digit_count""]",0.48
0.4232483576696509,0.494328538595657,unfiltered,,1145,134849,1.0,0.13132910000012998,5.569677640987221e-07,0.2973819399747312,xgb,20261008,134849,100944,235793,0.5315066284686875,0.42531366131396814,0.988657077191314,r07,0.49202787754506405,S4-external,xgb_d6_lr01_balanced,"{""colsample_bytree"": 0.9, ""learning_rate"": 0.1, ""max_depth"": 6, ""n_estimators"": 200, ""reg_lambda"": 1.0, ""scale_pos_weight"": 3.537326264507809, ""subsample"": 0.9}",iscx_url2016_binary,phiusiil,0.48,0,99799,f_permutation,15,"[""url_length"", ""dot_count"", ""subdomain_depth"", ""hostname_length"", ""token_max_length"", ""path_length"", ""hyphen_count"", ""letter_ratio"", ""token_mean_length"", ""slash_count"", ""special_char_ratio"", ""path_segment_count"", ""tld_length"", ""percent_sign_count"", ""digit_count""]",0.48
0.4175578768693982,0.4942013839566549,primary_domain_filtered,master,1143,134739,1.0,0.1343080999999983,5.696017269384519e-07,0.2945614310941242,xgb,20261008,134739,98558,233297,0.4355206168332463,0.4196137046960207,0.98840276791331,r07,0.3651972817791871,S4-external,xgb_d6_lr005,"{""colsample_bytree"": 0.9, ""learning_rate"": 0.05, ""max_depth"": 6, ""n_estimators"": 250, ""reg_lambda"": 1.0, ""scale_pos_weight"": 1.0, ""subsample"": 0.9}",iscx_url2016_binary,phiusiil,0.38,0,97415,f_single,15,"[""subdomain_depth"", ""url_length"", ""dot_count"", ""hostname_length"", ""hyphen_count"", ""token_max_length"", ""token_mean_length"", ""path_length"", ""longest_repeated_char_run"", ""digit_ratio"", ""tld_length"", ""registrable_domain_length"", ""url_char_entropy"", ""path_segment_count"", ""slash_count""]",0.38
0.4232483576696509,0.494328538595657,unfiltered,master,1145,134849,1.0,0.1343080999999983,5.696017269384519e-07,0.2973819399747312,xgb,20261008,134849,100944,235793,0.438323872347866,0.4253136613139681,0.988657077191314,r07,0.3616032188344712,S4-external,xgb_d6_lr005,"{""colsample_bytree"": 0.9, ""learning_rate"": 0.05, ""max_depth"": 6, ""n_estimators"": 250, ""reg_lambda"": 1.0, ""scale_pos_weight"": 1.0, ""subsample"": 0.9}",iscx_url2016_binary,phiusiil,0.38,0,99799,f_single,15,"[""subdomain_depth"", ""url_length"", ""dot_count"", ""hostname_length"", ""hyphen_count"", ""token_max_length"", ""token_mean_length"", ""path_length"", ""longest_repeated_char_run"", ""digit_ratio"", ""tld_length"", ""registrable_domain_length"", ""url_char_entropy"", ""path_segment_count"", ""slash_count""]",0.38
0.4179479376074274,0.4946630410519694,primary_domain_filtered,master,1052,134739,1.0,0.1173340999999936,4.976148570992085e-07,0.2947554889163641,xgb,20261008,134739,98558,233297,0.4671496734804836,0.4198411160627785,0.9893260821039388,r07,0.4658490393738073,S4-external,xgb_d6_lr01_balanced,"{""colsample_bytree"": 0.9, ""learning_rate"": 0.1, ""max_depth"": 6, ""n_estimators"": 200, ""reg_lambda"": 1.0, ""scale_pos_weight"": 3.537326264507809, ""subsample"": 0.9}",iscx_url2016_binary,phiusiil,0.5,0,97506,f_stable,13,"[""subdomain_depth"", ""url_length"", ""dot_count"", ""hostname_length"", ""hyphen_count"", ""token_mean_length"", ""path_length"", ""token_max_length"", ""longest_repeated_char_run"", ""digit_ratio"", ""tld_length"", ""registrable_domain_length"", ""slash_count""]",0.5
0.4236342893979041,0.4947792835631637,unfiltered,master,1054,134849,1.0,0.1173340999999936,4.976148570992085e-07,0.2975724120673373,xgb,20261008,134849,100944,235793,0.4705217170980902,0.4255364468622598,0.9895585671263276,r07,0.4628892208526305,S4-external,xgb_d6_lr01_balanced,"{""colsample_bytree"": 0.9, ""learning_rate"": 0.1, ""max_depth"": 6, ""n_estimators"": 200, ""reg_lambda"": 1.0, ""scale_pos_weight"": 3.537326264507809, ""subsample"": 0.9}",iscx_url2016_binary,phiusiil,0.5,0,99890,f_stable,13,"[""subdomain_depth"", ""url_length"", ""dot_count"", ""hostname_length"", ""hyphen_count"", ""token_mean_length"", ""path_length"", ""token_max_length"", ""longest_repeated_char_run"", ""digit_ratio"", ""tld_length"", ""registrable_domain_length"", ""slash_count""]",0.5
0.4005538062446134,0.4710886974612108,primary_domain_filtered,master,5771,134726,0.9999035171702328,0.1059088000001793,4.491600683658095e-07,0.2860722881073149,lr,20261009,134739,99639,234378,0.4597665626275279,0.4106319500949281,0.9420809120926544,r08,0.3664115569035239,S4-external,lr_c1,"{""C"": 1.0, ""class_weight"": null}",iscx_url2016_binary,phiusiil,0.87,13,93868,f_all,35,"[""url_length"", ""hostname_length"", ""path_length"", ""query_length"", ""fragment_length"", ""digit_count"", ""letter_count"", ""special_char_count"", ""digit_ratio"", ""letter_ratio"", ""special_char_ratio"", ""dot_count"", ""hyphen_count"", ""underscore_count"", ""slash_count"", ""question_mark_count"", ""equals_sign_count"", ""percent_sign_count"", ""at_sign_count"", ""subdomain_depth"", ""path_segment_count"", ""query_parameter_count"", ""has_port"", ""has_userinfo"", ""host_is_ip"", ""tld_length"", ""registrable_domain_length"", ""domain_digit_ratio"", ""domain_hyphen_ratio"", ""url_char_entropy"", ""longest_repeated_char_run"", ""char_type_transition_count"", ""token_count"", ""token_mean_length"", ""token_max_length""]",0.87
0.4030017854643691,0.4706655740712905,unfiltered,master,5932,134836,0.9999035958739034,0.1059088000001793,4.491600683658095e-07,0.2873181430522982,lr,20261009,134849,100944,235793,0.4648522636419055,0.4133688350562111,0.9412347440164844,r08,0.367553522212145,S4-external,lr_c1,"{""C"": 1.0, ""class_weight"": null}",iscx_url2016_binary,phiusiil,0.87,13,95012,f_all,35,"[""url_length"", ""hostname_length"", ""path_length"", ""query_length"", ""fragment_length"", ""digit_count"", ""letter_count"", ""special_char_count"", ""digit_ratio"", ""letter_ratio"", ""special_char_ratio"", ""dot_count"", ""hyphen_count"", ""underscore_count"", ""slash_count"", ""question_mark_count"", ""equals_sign_count"", ""percent_sign_count"", ""at_sign_count"", ""subdomain_depth"", ""path_segment_count"", ""query_parameter_count"", ""has_port"", ""has_userinfo"", ""host_is_ip"", ""tld_length"", ""registrable_domain_length"", ""domain_digit_ratio"", ""domain_hyphen_ratio"", ""url_char_entropy"", ""longest_repeated_char_run"", ""char_type_transition_count"", ""token_count"", ""token_mean_length"", ""token_max_length""]",0.87
0.41061447746802177,0.4829384076516224,primary_domain_filtered,,3400,134739,1.0,0.044005100000049424,1.8662598126343625e-07,0.29108908495328434,lr,20261009,134739,99639,234378,0.5657831560288433,0.41665872940280024,0.9658768153032448,r08,0.5052038166898647,S4-external,lr_c01,"{""C"": 0.1, ""class_weight"": null}",iscx_url2016_binary,phiusiil,0.46,0,96239,f_mi,15,"[""url_length"", ""subdomain_depth"", ""token_count"", ""special_char_count"", ""path_length"", ""char_type_transition_count"", ""hostname_length"", ""hyphen_count"", ""dot_count"", ""token_mean_length"", ""special_char_ratio"", ""digit_ratio"", ""letter_ratio"", ""longest_repeated_char_run"", ""letter_count""]",0.46
0.4136297515193411,0.4830945870977968,unfiltered,,3413,134849,1.0,0.044005100000049424,1.8662598126343625e-07,0.29260119283339936,lr,20261009,134849,100944,235793,0.5702273331158116,0.419704793872106,0.9661891741955936,r08,0.5065455489305091,S4-external,lr_c01,"{""C"": 0.1, ""class_weight"": null}",iscx_url2016_binary,phiusiil,0.46,0,97531,f_mi,15,"[""url_length"", ""subdomain_depth"", ""token_count"", ""special_char_count"", ""path_length"", ""char_type_transition_count"", ""hostname_length"", ""hyphen_count"", ""dot_count"", ""token_mean_length"", ""special_char_ratio"", ""digit_ratio"", ""letter_ratio"", ""longest_repeated_char_run"", ""letter_count""]",0.46
0.3979127733831674,0.4679837912680554,primary_domain_filtered,,6389,134727,0.9999109389263687,0.11102690000006987,4.708659714243844e-07,0.2847170301687349,lr,20261009,134739,99639,234378,0.4688124896958327,0.40903249011961734,0.9358785214624795,r08,0.3725550787262523,S4-external,lr_c1,"{""C"": 1.0, ""class_weight"": null}",iscx_url2016_binary,phiusiil,0.78,12,93250,f_permutation,15,"[""subdomain_depth"", ""dot_count"", ""token_count"", ""char_type_transition_count"", ""slash_count"", ""registrable_domain_length"", ""hyphen_count"", ""special_char_ratio"", ""tld_length"", ""equals_sign_count"", ""letter_count"", ""query_length"", ""path_length"", ""digit_count"", ""token_max_length""]",0.78
0.4003596374786359,0.4675809500687572,unfiltered,,6554,134837,0.9999110115759108,0.11102690000006987,4.708659714243844e-07,0.2859670207183849,lr,20261009,134849,100944,235793,0.4735957341538634,0.41177522717655424,0.9350729117134252,r08,0.37367896659902816,S4-external,lr_c1,"{""C"": 1.0, ""class_weight"": null}",iscx_url2016_binary,phiusiil,0.78,12,94390,f_permutation,15,"[""subdomain_depth"", ""dot_count"", ""token_count"", ""char_type_transition_count"", ""slash_count"", ""registrable_domain_length"", ""hyphen_count"", ""special_char_ratio"", ""tld_length"", ""equals_sign_count"", ""letter_count"", ""query_length"", ""path_length"", ""digit_count"", ""token_max_length""]",0.78
0.4003490088660199,0.4708569785834752,primary_domain_filtered,master,5812,134733,0.9999554694631844,0.0897676999999959,3.807055340913254e-07,0.2859271659326011,lr,20261009,134739,99639,234378,0.4692370701359995,0.4105136506825341,0.9416694266301348,r08,0.3718013269860869,S4-external,lr_c1,"{""C"": 1.0, ""class_weight"": null}",iscx_url2016_binary,phiusiil,0.79,6,93827,f_single,15,"[""subdomain_depth"", ""token_count"", ""dot_count"", ""registrable_domain_length"", ""char_type_transition_count"", ""hyphen_count"", ""special_char_count"", ""slash_count"", ""equals_sign_count"", ""question_mark_count"", ""letter_count"", ""path_length"", ""token_mean_length"", ""special_char_ratio"", ""tld_length""]",0.79
0.4032816919925528,0.4710012057365501,unfiltered,master,5859,134843,0.9999555057879554,0.0897676999999959,3.807055340913254e-07,0.2874196313872494,lr,20261009,134849,100944,235793,0.4739712295522267,0.4135425002609512,0.9419579172610556,r08,0.3726344034382335,S4-external,lr_c1,"{""C"": 1.0, ""class_weight"": null}",iscx_url2016_binary,phiusiil,0.79,6,95085,f_single,15,"[""subdomain_depth"", ""token_count"", ""dot_count"", ""registrable_domain_length"", ""char_type_transition_count"", ""hyphen_count"", ""special_char_count"", ""slash_count"", ""equals_sign_count"", ""question_mark_count"", ""letter_count"", ""path_length"", ""token_mean_length"", ""special_char_ratio"", ""tld_length""]",0.79
0.4106144774680217,0.4829384076516224,primary_domain_filtered,master,3400,134739,1.0,0.0609652999999923,2.585543251919792e-07,0.2910890849532843,lr,20261009,134739,99639,234378,0.4561510658172871,0.4166587294028002,0.9658768153032448,r08,0.3743000335248424,S4-external,lr_c1,"{""C"": 1.0, ""class_weight"": null}",iscx_url2016_binary,phiusiil,0.42,0,96239,f_stable,11,"[""subdomain_depth"", ""token_count"", ""dot_count"", ""char_type_transition_count"", ""registrable_domain_length"", ""special_char_count"", ""hyphen_count"", ""slash_count"", ""equals_sign_count"", ""special_char_ratio"", ""path_length""]",0.42
0.4135915824473161,0.4830500079251862,unfiltered,master,3422,134849,1.0,0.0609652999999923,2.585543251919792e-07,0.2925820920150608,lr,20261009,134849,100944,235793,0.4611419511105378,0.4196823183615856,0.9661000158503724,r08,0.3750571059891331,S4-external,lr_c1,"{""C"": 1.0, ""class_weight"": null}",iscx_url2016_binary,phiusiil,0.42,0,97522,f_stable,11,"[""subdomain_depth"", ""token_count"", ""dot_count"", ""char_type_transition_count"", ""registrable_domain_length"", ""special_char_count"", ""hyphen_count"", ""slash_count"", ""equals_sign_count"", ""special_char_ratio"", ""path_length""]",0.42
0.4166090674039372,0.4899888597838195,primary_domain_filtered,master,1995,134739,1.0,0.490363399999751,2.079635103670385e-06,0.2940889459132226,rf,20261009,134739,99639,234378,0.3618943265937618,0.4201856418068447,0.9799777195676392,r08,0.3663880459608445,S4-external,rf_depth24_leaf2,"{""class_weight"": null, ""max_depth"": 24, ""max_features"": ""sqrt"", ""min_samples_leaf"": 2, ""n_estimators"": 200}",iscx_url2016_binary,phiusiil,0.62,0,97644,f_all,35,"[""url_length"", ""hostname_length"", ""path_length"", ""query_length"", ""fragment_length"", ""digit_count"", ""letter_count"", ""special_char_count"", ""digit_ratio"", ""letter_ratio"", ""special_char_ratio"", ""dot_count"", ""hyphen_count"", ""underscore_count"", ""slash_count"", ""question_mark_count"", ""equals_sign_count"", ""percent_sign_count"", ""at_sign_count"", ""subdomain_depth"", ""path_segment_count"", ""query_parameter_count"", ""has_port"", ""has_userinfo"", ""host_is_ip"", ""tld_length"", ""registrable_domain_length"", ""domain_digit_ratio"", ""domain_hyphen_ratio"", ""url_char_entropy"", ""longest_repeated_char_run"", ""char_type_transition_count"", ""token_count"", ""token_mean_length"", ""token_max_length""]",0.62
0.419626536835275,0.4900984704390553,unfiltered,master,1999,134849,1.0,0.490363399999751,2.079635103670385e-06,0.2955893863260221,rf,20261009,134849,100944,235793,0.3642561981250486,0.4232144537498823,0.9801969408781106,r08,0.3654041193259047,S4-external,rf_depth24_leaf2,"{""class_weight"": null, ""max_depth"": 24, ""max_features"": ""sqrt"", ""min_samples_leaf"": 2, ""n_estimators"": 200}",iscx_url2016_binary,phiusiil,0.62,0,98945,f_all,35,"[""url_length"", ""hostname_length"", ""path_length"", ""query_length"", ""fragment_length"", ""digit_count"", ""letter_count"", ""special_char_count"", ""digit_ratio"", ""letter_ratio"", ""special_char_ratio"", ""dot_count"", ""hyphen_count"", ""underscore_count"", ""slash_count"", ""question_mark_count"", ""equals_sign_count"", ""percent_sign_count"", ""at_sign_count"", ""subdomain_depth"", ""path_segment_count"", ""query_parameter_count"", ""has_port"", ""has_userinfo"", ""host_is_ip"", ""tld_length"", ""registrable_domain_length"", ""domain_digit_ratio"", ""domain_hyphen_ratio"", ""url_char_entropy"", ""longest_repeated_char_run"", ""char_type_transition_count"", ""token_count"", ""token_mean_length"", ""token_max_length""]",0.62
0.40760224935787487,0.47939561818163573,primary_domain_filtered,,4106,134739,1.0,1.1586686000000554,4.913922805172569e-06,0.2895720360945831,rf,20261009,134739,99639,234378,0.3815239674675566,0.41487024041133963,0.9587912363632715,r08,0.40802091206042124,S4-external,rf_depth16_leaf1,"{""class_weight"": null, ""max_depth"": 16, ""max_features"": ""sqrt"", ""min_samples_leaf"": 1, ""n_estimators"": 200}",iscx_url2016_binary,phiusiil,0.82,0,95533,f_mi,15,"[""url_length"", ""subdomain_depth"", ""token_count"", ""special_char_count"", ""path_length"", ""char_type_transition_count"", ""hostname_length"", ""hyphen_count"", ""dot_count"", ""token_mean_length"", ""special_char_ratio"", ""digit_ratio"", ""letter_ratio"", ""longest_repeated_char_run"", ""letter_count""]",0.82
0.4105719847493352,0.4795233000475511,unfiltered,,4134,134849,1.0,1.1586686000000554,4.913922805172569e-06,0.29106772939510467,rf,20261009,134849,100944,235793,0.3840203735837242,0.41789872182820437,0.9590466000951022,r08,0.4071966031874465,S4-external,rf_depth16_leaf1,"{""class_weight"": null, ""max_depth"": 16, ""max_features"": ""sqrt"", ""min_samples_leaf"": 1, ""n_estimators"": 200}",iscx_url2016_binary,phiusiil,0.82,0,96810,f_mi,15,"[""url_length"", ""subdomain_depth"", ""token_count"", ""special_char_count"", ""path_length"", ""char_type_transition_count"", ""hostname_length"", ""hyphen_count"", ""dot_count"", ""token_mean_length"", ""special_char_ratio"", ""digit_ratio"", ""letter_ratio"", ""longest_repeated_char_run"", ""letter_count""]",0.82
0.41673279915350414,0.4901343851303205,primary_domain_filtered,,1966,134739,1.0,1.1735920000000988,4.977213064001471e-06,0.29415059734799776,rf,20261009,134739,99639,234378,0.41699949307614614,0.420257990120992,0.980268770260641,r08,0.46972424198229196,S4-external,rf_depth24_leaf2,"{""class_weight"": null, ""max_depth"": 24, ""max_features"": ""sqrt"", ""min_samples_leaf"": 2, ""n_estimators"": 200}",iscx_url2016_binary,phiusiil,0.61,0,97673,f_permutation,15,"[""url_length"", ""subdomain_depth"", ""hostname_length"", ""dot_count"", ""path_length"", ""hyphen_count"", ""token_count"", ""token_max_length"", ""token_mean_length"", ""slash_count"", ""special_char_count"", ""path_segment_count"", ""question_mark_count"", ""registrable_domain_length"", ""char_type_transition_count""]",0.61
0.4197495260673557,0.49024211443968935,unfiltered,,1970,134849,1.0,1.1735920000000988,4.977213064001471e-06,0.2956504075969256,rf,20261009,134849,100944,235793,0.41951280182922446,0.42328598982991406,0.9804842288793787,r08,0.46861232344145337,S4-external,rf_depth24_leaf2,"{""class_weight"": null, ""max_depth"": 24, ""max_features"": ""sqrt"", ""min_samples_leaf"": 2, ""n_estimators"": 200}",iscx_url2016_binary,phiusiil,0.61,0,98974,f_permutation,15,"[""url_length"", ""subdomain_depth"", ""hostname_length"", ""dot_count"", ""path_length"", ""hyphen_count"", ""token_count"", ""token_max_length"", ""token_mean_length"", ""slash_count"", ""special_char_count"", ""path_segment_count"", ""question_mark_count"", ""registrable_domain_length"", ""char_type_transition_count""]",0.61
0.413690704758979,0.4865564688525577,primary_domain_filtered,master,2679,134739,1.0,0.8757275999999905,3.7139677598571224e-06,0.2926316933161907,rf,20261009,134739,99639,234378,0.3545432258425941,0.4184739683813914,0.9731129377051154,r08,0.3522400578383588,S4-external,rf_unlimited_leaf5_balanced,"{""class_weight"": ""balanced_subsample"", ""max_depth"": null, ""max_features"": ""sqrt"", ""min_samples_leaf"": 5, ""n_estimators"": 200}",iscx_url2016_binary,phiusiil,0.69,0,96960,f_single,15,"[""subdomain_depth"", ""url_length"", ""hostname_length"", ""dot_count"", ""hyphen_count"", ""path_length"", ""longest_repeated_char_run"", ""token_count"", ""special_char_count"", ""token_max_length"", ""token_mean_length"", ""registrable_domain_length"", ""slash_count"", ""char_type_transition_count"", ""digit_count""]",0.69
0.4167214463533693,0.4867055000792518,unfiltered,master,2684,134849,1.0,0.8757275999999905,3.7139677598571224e-06,0.294144941072225,rf,20261009,134849,100944,235793,0.3567811782841698,0.4215195466498505,0.9734110001585036,r08,0.3510184986623074,S4-external,rf_unlimited_leaf5_balanced,"{""class_weight"": ""balanced_subsample"", ""max_depth"": null, ""max_features"": ""sqrt"", ""min_samples_leaf"": 5, ""n_estimators"": 200}",iscx_url2016_binary,phiusiil,0.69,0,98260,f_single,15,"[""subdomain_depth"", ""url_length"", ""hostname_length"", ""dot_count"", ""hyphen_count"", ""path_length"", ""longest_repeated_char_run"", ""token_count"", ""special_char_count"", ""token_max_length"", ""token_mean_length"", ""registrable_domain_length"", ""slash_count"", ""char_type_transition_count"", ""digit_count""]",0.69
0.4117493962743943,0.484273226347113,primary_domain_filtered,master,3134,134739,1.0,0.8729631000000069,3.7022434932335007e-06,0.2916589852002067,rf,20261009,134739,99639,234378,0.387203227244339,0.4173297469339745,0.968546452694226,r08,0.4207018718242148,S4-external,rf_depth16_leaf1,"{""class_weight"": null, ""max_depth"": 16, ""max_features"": ""sqrt"", ""min_samples_leaf"": 1, ""n_estimators"": 200}",iscx_url2016_binary,phiusiil,0.78,0,96505,f_stable,13,"[""subdomain_depth"", ""url_length"", ""hostname_length"", ""dot_count"", ""hyphen_count"", ""path_length"", ""token_count"", ""longest_repeated_char_run"", ""special_char_count"", ""token_max_length"", ""char_type_transition_count"", ""digit_count"", ""token_mean_length""]",0.78
0.414779064688095,0.4844369155175146,unfiltered,master,3142,134849,1.0,0.8729631000000069,3.7022434932335007e-06,0.2931758569522924,rf,20261009,134849,100944,235793,0.3893386922480439,0.4203807419697314,0.9688738310350292,r08,0.4190636594817847,S4-external,rf_depth16_leaf1,"{""class_weight"": null, ""max_depth"": 16, ""max_features"": ""sqrt"", ""min_samples_leaf"": 1, ""n_estimators"": 200}",iscx_url2016_binary,phiusiil,0.78,0,97802,f_stable,13,"[""subdomain_depth"", ""url_length"", ""hostname_length"", ""dot_count"", ""hyphen_count"", ""path_length"", ""token_count"", ""longest_repeated_char_run"", ""special_char_count"", ""token_max_length"", ""char_type_transition_count"", ""digit_count"", ""token_mean_length""]",0.78
0.418162114191605,0.4918154537881753,primary_domain_filtered,master,1631,134739,1.0,0.1728113000003759,7.328941062727728e-07,0.2948619977977412,xgb,20261009,134739,99639,234378,0.3775890261337554,0.4210924308369173,0.9836309075763506,r08,0.3494462750977372,S4-external,xgb_d6_lr005,"{""colsample_bytree"": 0.9, ""learning_rate"": 0.05, ""max_depth"": 6, ""n_estimators"": 250, ""reg_lambda"": 1.0, ""scale_pos_weight"": 1.0, ""subsample"": 0.9}",iscx_url2016_binary,phiusiil,0.72,0,98008,f_all,35,"[""url_length"", ""hostname_length"", ""path_length"", ""query_length"", ""fragment_length"", ""digit_count"", ""letter_count"", ""special_char_count"", ""digit_ratio"", ""letter_ratio"", ""special_char_ratio"", ""dot_count"", ""hyphen_count"", ""underscore_count"", ""slash_count"", ""question_mark_count"", ""equals_sign_count"", ""percent_sign_count"", ""at_sign_count"", ""subdomain_depth"", ""path_segment_count"", ""query_parameter_count"", ""has_port"", ""has_userinfo"", ""host_is_ip"", ""tld_length"", ""registrable_domain_length"", ""domain_digit_ratio"", ""domain_hyphen_ratio"", ""url_char_entropy"", ""longest_repeated_char_run"", ""char_type_transition_count"", ""token_count"", ""token_mean_length"", ""token_max_length""]",0.72
0.4211660227402849,0.491896497067681,unfiltered,master,1636,134849,1.0,0.1728113000003759,7.328941062727728e-07,0.2963524429947985,xgb,20261009,134849,100944,235793,0.3799325909408764,0.4241086108892751,0.983792994135362,r08,0.3486129249769531,S4-external,xgb_d6_lr005,"{""colsample_bytree"": 0.9, ""learning_rate"": 0.05, ""max_depth"": 6, ""n_estimators"": 250, ""reg_lambda"": 1.0, ""scale_pos_weight"": 1.0, ""subsample"": 0.9}",iscx_url2016_binary,phiusiil,0.72,0,99308,f_all,35,"[""url_length"", ""hostname_length"", ""path_length"", ""query_length"", ""fragment_length"", ""digit_count"", ""letter_count"", ""special_char_count"", ""digit_ratio"", ""letter_ratio"", ""special_char_ratio"", ""dot_count"", ""hyphen_count"", ""underscore_count"", ""slash_count"", ""question_mark_count"", ""equals_sign_count"", ""percent_sign_count"", ""at_sign_count"", ""subdomain_depth"", ""path_segment_count"", ""query_parameter_count"", ""has_port"", ""has_userinfo"", ""host_is_ip"", ""tld_length"", ""registrable_domain_length"", ""domain_digit_ratio"", ""domain_hyphen_ratio"", ""url_char_entropy"", ""longest_repeated_char_run"", ""char_type_transition_count"", ""token_count"", ""token_mean_length"", ""token_max_length""]",0.72
0.41208645862666293,0.48466965746344304,primary_domain_filtered,,3055,134739,1.0,0.17417359999990367,7.3867163147296e-07,0.2918280648533669,xgb,20261009,134739,99639,234378,0.35604070506420926,0.4175287368744137,0.9693393149268861,r08,0.3330383385451653,S4-external,xgb_d6_lr005,"{""colsample_bytree"": 0.9, ""learning_rate"": 0.05, ""max_depth"": 6, ""n_estimators"": 250, ""reg_lambda"": 1.0, ""scale_pos_weight"": 1.0, ""subsample"": 0.9}",iscx_url2016_binary,phiusiil,0.95,0,96584,f_mi,15,"[""url_length"", ""subdomain_depth"", ""token_count"", ""special_char_count"", ""path_length"", ""char_type_transition_count"", ""hostname_length"", ""hyphen_count"", ""dot_count"", ""token_mean_length"", ""special_char_ratio"", ""digit_ratio"", ""letter_ratio"", ""longest_repeated_char_run"", ""letter_count""]",0.95
0.4150886582722982,0.4847985021398003,unfiltered,,3069,134849,1.0,0.17417359999990367,7.3867163147296e-07,0.29333049618183343,xgb,20261009,134849,100944,235793,0.3583021667918328,0.4205625547859267,0.9695970042796006,r08,0.33186238435064913,S4-external,xgb_d6_lr005,"{""colsample_bytree"": 0.9, ""learning_rate"": 0.05, ""max_depth"": 6, ""n_estimators"": 250, ""reg_lambda"": 1.0, ""scale_pos_weight"": 1.0, ""subsample"": 0.9}",iscx_url2016_binary,phiusiil,0.95,0,97875,f_mi,15,"[""url_length"", ""subdomain_depth"", ""token_count"", ""special_char_count"", ""path_length"", ""char_type_transition_count"", ""hostname_length"", ""hyphen_count"", ""dot_count"", ""token_mean_length"", ""special_char_ratio"", ""digit_ratio"", ""letter_ratio"", ""longest_repeated_char_run"", ""letter_count""]",0.95
0.41930129961003165,0.4931552905990626,primary_domain_filtered,,1364,134739,1.0,0.14801400000033027,6.277285585251906e-07,0.2954279684836752,xgb,20261009,134739,99639,234378,0.49060197601873023,0.4217557743311561,0.9863105811981252,r08,0.5186226873078863,S4-external,xgb_d4_lr005,"{""colsample_bytree"": 0.9, ""learning_rate"": 0.05, ""max_depth"": 4, ""n_estimators"": 300, ""reg_lambda"": 1.0, ""scale_pos_weight"": 1.0, ""subsample"": 0.9}",iscx_url2016_binary,phiusiil,0.71,0,98275,f_permutation,15,"[""url_length"", ""dot_count"", ""subdomain_depth"", ""hostname_length"", ""hyphen_count"", ""path_length"", ""token_max_length"", ""token_mean_length"", ""tld_length"", ""slash_count"", ""special_char_ratio"", ""token_count"", ""path_segment_count"", ""question_mark_count"", ""query_length""]",0.71
0.4223110949010361,0.4932338722459978,unfiltered,,1366,134849,1.0,0.14801400000033027,6.277285585251906e-07,0.29691893455307705,xgb,20261009,134849,100944,235793,0.4935643789271794,0.42477189060987003,0.9864677444919956,r08,0.5182549580112409,S4-external,xgb_d4_lr005,"{""colsample_bytree"": 0.9, ""learning_rate"": 0.05, ""max_depth"": 4, ""n_estimators"": 300, ""reg_lambda"": 1.0, ""scale_pos_weight"": 1.0, ""subsample"": 0.9}",iscx_url2016_binary,phiusiil,0.71,0,99578,f_permutation,15,"[""url_length"", ""dot_count"", ""subdomain_depth"", ""hostname_length"", ""hyphen_count"", ""path_length"", ""token_max_length"", ""token_mean_length"", ""tld_length"", ""slash_count"", ""special_char_ratio"", ""token_count"", ""path_segment_count"", ""question_mark_count"", ""query_length""]",0.71
0.4197023611431107,0.4936269934463413,primary_domain_filtered,master,1270,134739,1.0,0.1470300000000008,6.235554066490561e-07,0.2956270079069082,xgb,20261009,134739,99639,234378,0.4036503193939919,0.4219889493282084,0.9872539868926826,r08,0.3601239189063402,S4-external,xgb_d4_lr005,"{""colsample_bytree"": 0.9, ""learning_rate"": 0.05, ""max_depth"": 4, ""n_estimators"": 300, ""reg_lambda"": 1.0, ""scale_pos_weight"": 1.0, ""subsample"": 0.9}",iscx_url2016_binary,phiusiil,0.6,0,98369,f_single,15,"[""url_length"", ""subdomain_depth"", ""dot_count"", ""hostname_length"", ""hyphen_count"", ""path_length"", ""token_mean_length"", ""token_max_length"", ""longest_repeated_char_run"", ""registrable_domain_length"", ""tld_length"", ""slash_count"", ""special_char_ratio"", ""token_count"", ""digit_ratio""]",0.6
0.4227097496532976,0.493699476937708,unfiltered,master,1272,134849,1.0,0.1470300000000008,6.235554066490561e-07,0.2971159435410549,xgb,20261009,134849,100944,235793,0.4050754611200466,0.4250024518060216,0.987398953875416,r08,0.3583736101219835,S4-external,xgb_d4_lr005,"{""colsample_bytree"": 0.9, ""learning_rate"": 0.05, ""max_depth"": 4, ""n_estimators"": 300, ""reg_lambda"": 1.0, ""scale_pos_weight"": 1.0, ""subsample"": 0.9}",iscx_url2016_binary,phiusiil,0.6,0,99672,f_single,15,"[""url_length"", ""subdomain_depth"", ""dot_count"", ""hostname_length"", ""hyphen_count"", ""path_length"", ""token_mean_length"", ""token_max_length"", ""longest_repeated_char_run"", ""registrable_domain_length"", ""tld_length"", ""slash_count"", ""special_char_ratio"", ""token_count"", ""digit_ratio""]",0.6
0.4196810280828405,0.4936019028693584,primary_domain_filtered,master,1275,134739,1.0,0.1630197000000066,6.913678523111655e-07,0.2956164235353517,xgb,20261009,134739,99639,234378,0.414063699248609,0.421976551138338,0.9872038057387168,r08,0.3756163063214495,S4-external,xgb_d4_lr005,"{""colsample_bytree"": 0.9, ""learning_rate"": 0.05, ""max_depth"": 4, ""n_estimators"": 300, ""reg_lambda"": 1.0, ""scale_pos_weight"": 1.0, ""subsample"": 0.9}",iscx_url2016_binary,phiusiil,0.63,0,98364,f_stable,14,"[""url_length"", ""subdomain_depth"", ""dot_count"", ""hostname_length"", ""hyphen_count"", ""path_length"", ""token_mean_length"", ""token_max_length"", ""longest_repeated_char_run"", ""registrable_domain_length"", ""tld_length"", ""digit_ratio"", ""token_count"", ""slash_count""]",0.63
0.4226885446132837,0.4936747107307022,unfiltered,master,1277,134849,1.0,0.1630197000000066,6.913678523111655e-07,0.2971054671197758,xgb,20261009,134849,100944,235793,0.4158932395255278,0.4249901925668184,0.9873494214614044,r08,0.3742185723110187,S4-external,xgb_d4_lr005,"{""colsample_bytree"": 0.9, ""learning_rate"": 0.05, ""max_depth"": 4, ""n_estimators"": 300, ""reg_lambda"": 1.0, ""scale_pos_weight"": 1.0, ""subsample"": 0.9}",iscx_url2016_binary,phiusiil,0.63,0,99667,f_stable,14,"[""url_length"", ""subdomain_depth"", ""dot_count"", ""hostname_length"", ""hyphen_count"", ""path_length"", ""token_mean_length"", ""token_max_length"", ""longest_repeated_char_run"", ""registrable_domain_length"", ""tld_length"", ""digit_ratio"", ""token_count"", ""slash_count""]",0.63
0.4061325082684306,0.4778113945398265,primary_domain_filtered,master,4423,134735,0.9999628914947306,0.0972504000001208,4.12439724674273e-07,0.2888589894538485,lr,20261010,134740,99585,234325,0.4570182932136714,0.4139331961704589,0.9555856805743836,r09,0.3623956983452532,S4-external,lr_c1,"{""C"": 1.0, ""class_weight"": null}",iscx_url2016_binary,phiusiil,0.77,5,95162,f_all,35,"[""url_length"", ""hostname_length"", ""path_length"", ""query_length"", ""fragment_length"", ""digit_count"", ""letter_count"", ""special_char_count"", ""digit_ratio"", ""letter_ratio"", ""special_char_ratio"", ""dot_count"", ""hyphen_count"", ""underscore_count"", ""slash_count"", ""question_mark_count"", ""equals_sign_count"", ""percent_sign_count"", ""at_sign_count"", ""subdomain_depth"", ""path_segment_count"", ""query_parameter_count"", ""has_port"", ""has_userinfo"", ""host_is_ip"", ""tld_length"", ""registrable_domain_length"", ""domain_digit_ratio"", ""domain_hyphen_ratio"", ""url_char_entropy"", ""longest_repeated_char_run"", ""char_type_transition_count"", ""token_count"", ""token_mean_length"", ""token_max_length""]",0.77
0.4090367398523281,0.4777239997083392,unfiltered,master,4501,134844,0.9999629214899628,0.0972504000001208,4.12439724674273e-07,0.2903248652637316,lr,20261010,134849,100944,235793,0.4621100484248259,0.4169840933558739,0.9554109209066411,r09,0.3633745672576732,S4-external,lr_c1,"{""C"": 1.0, ""class_weight"": null}",iscx_url2016_binary,phiusiil,0.77,5,96443,f_all,35,"[""url_length"", ""hostname_length"", ""path_length"", ""query_length"", ""fragment_length"", ""digit_count"", ""letter_count"", ""special_char_count"", ""digit_ratio"", ""letter_ratio"", ""special_char_ratio"", ""dot_count"", ""hyphen_count"", ""underscore_count"", ""slash_count"", ""question_mark_count"", ""equals_sign_count"", ""percent_sign_count"", ""at_sign_count"", ""subdomain_depth"", ""path_segment_count"", ""query_parameter_count"", ""has_port"", ""has_userinfo"", ""host_is_ip"", ""tld_length"", ""registrable_domain_length"", ""domain_digit_ratio"", ""domain_hyphen_ratio"", ""url_char_entropy"", ""longest_repeated_char_run"", ""char_type_transition_count"", ""token_count"", ""token_mean_length"", ""token_max_length""]",0.77
0.4096959351328283,0.482010342923131,primary_domain_filtered,,3583,134740,1.0,0.05551809999997204,2.354527063991384e-07,0.29062716641388686,lr,20261010,134740,99585,234325,0.5695358854697338,0.4160577614825216,0.964020685846262,r09,0.5131809321658014,S4-external,lr_c01,"{""C"": 0.1, ""class_weight"": null}",iscx_url2016_binary,phiusiil,0.46,0,96002,f_mi,15,"[""url_length"", ""subdomain_depth"", ""token_count"", ""special_char_count"", ""path_length"", ""char_type_transition_count"", ""hostname_length"", ""dot_count"", ""hyphen_count"", ""token_mean_length"", ""special_char_ratio"", ""digit_ratio"", ""letter_ratio"", ""longest_repeated_char_run"", ""letter_count""]",0.46
0.41284940604682924,0.482183190679981,unfiltered,,3597,134849,1.0,0.05551809999997204,2.354527063991384e-07,0.29221048207960615,lr,20261010,134849,100944,235793,0.57388289115083,0.41924494823338904,0.964366381359962,r09,0.5141785870447337,S4-external,lr_c01,"{""C"": 0.1, ""class_weight"": null}",iscx_url2016_binary,phiusiil,0.46,0,97347,f_mi,15,"[""url_length"", ""subdomain_depth"", ""token_count"", ""special_char_count"", ""path_length"", ""char_type_transition_count"", ""hostname_length"", ""dot_count"", ""hyphen_count"", ""token_mean_length"", ""special_char_ratio"", ""digit_ratio"", ""letter_ratio"", ""longest_repeated_char_run"", ""letter_count""]",0.46
0.4132294889576443,0.48616497554952504,primary_domain_filtered,,2757,134738,0.9999851565978922,0.05194859999983237,2.2031442833261535e-07,0.29241287743914196,lr,20261010,134740,99585,234325,0.45753619057901374,0.41814428715787294,0.9723151076969423,r09,0.354170502441895,S4-external,lr_c1,"{""C"": 1.0, ""class_weight"": null}",iscx_url2016_binary,phiusiil,0.32,2,96828,f_permutation,15,"[""subdomain_depth"", ""dot_count"", ""char_type_transition_count"", ""hyphen_count"", ""token_count"", ""slash_count"", ""special_char_count"", ""equals_sign_count"", ""special_char_ratio"", ""registrable_domain_length"", ""tld_length"", ""query_length"", ""path_length"", ""digit_count"", ""digit_ratio""]",0.32
0.41635671966513,0.48627703053795607,unfiltered,,2772,134847,0.9999851685959852,0.05194859999983237,2.2031442833261535e-07,0.29397524067677255,lr,20261010,134849,100944,235793,0.46240466979252703,0.42130470047506857,0.9725392296718973,r09,0.35505267926962697,S4-external,lr_c1,"{""C"": 1.0, ""class_weight"": null}",iscx_url2016_binary,phiusiil,0.32,2,98172,f_permutation,15,"[""subdomain_depth"", ""dot_count"", ""char_type_transition_count"", ""hyphen_count"", ""token_count"", ""slash_count"", ""special_char_count"", ""equals_sign_count"", ""special_char_ratio"", ""registrable_domain_length"", ""tld_length"", ""query_length"", ""path_length"", ""digit_count"", ""digit_ratio""]",0.32
0.4087186599807959,0.4808605713711904,primary_domain_filtered,master,3812,134740,1.0,0.0636068000000023,2.697569478313703e-07,0.2901350508030948,lr,20261010,134740,99585,234325,0.4371542041505239,0.4154776520196258,0.9617211427423809,r09,0.3387550224481024,S4-external,lr_c1,"{""C"": 1.0, ""class_weight"": null}",iscx_url2016_binary,phiusiil,0.52,0,95773,f_single,15,"[""subdomain_depth"", ""dot_count"", ""token_count"", ""special_char_count"", ""registrable_domain_length"", ""hyphen_count"", ""char_type_transition_count"", ""slash_count"", ""equals_sign_count"", ""question_mark_count"", ""special_char_ratio"", ""url_length"", ""path_length"", ""digit_ratio"", ""digit_count""]",0.52
0.4118358051341643,0.4809993659851006,unfiltered,master,3836,134849,1.0,0.0636068000000023,2.697569478313703e-07,0.2917023379322982,lr,20261010,134849,100944,235793,0.4423373149223408,0.4186465594916299,0.9619987319702012,r09,0.3397575434421467,S4-external,lr_c1,"{""C"": 1.0, ""class_weight"": null}",iscx_url2016_binary,phiusiil,0.52,0,97108,f_single,15,"[""subdomain_depth"", ""dot_count"", ""token_count"", ""special_char_count"", ""registrable_domain_length"", ""hyphen_count"", ""char_type_transition_count"", ""slash_count"", ""equals_sign_count"", ""question_mark_count"", ""special_char_ratio"", ""url_length"", ""path_length"", ""digit_ratio"", ""digit_count""]",0.52
0.4079078203350048,0.4799066124416328,primary_domain_filtered,master,4002,134740,1.0,0.053272800000002,2.2593037113061887e-07,0.289726226705627,lr,20261010,134740,99585,234325,0.4483764692672114,0.4149954628934149,0.9598132248832656,r09,0.3594104824393356,S4-external,lr_c1,"{""C"": 1.0, ""class_weight"": null}",iscx_url2016_binary,phiusiil,0.54,0,95583,f_stable,13,"[""subdomain_depth"", ""token_count"", ""dot_count"", ""special_char_count"", ""registrable_domain_length"", ""char_type_transition_count"", ""hyphen_count"", ""slash_count"", ""special_char_ratio"", ""equals_sign_count"", ""path_length"", ""url_length"", ""question_mark_count""]",0.54
0.4110130495816245,0.4800384371532731,unfiltered,master,4030,134849,1.0,0.053272800000002,2.2593037113061887e-07,0.2912893326560607,lr,20261010,134849,100944,235793,0.4534326356855861,0.4181599306187786,0.9600768743065462,r09,0.360164958144874,S4-external,lr_c1,"{""C"": 1.0, ""class_weight"": null}",iscx_url2016_binary,phiusiil,0.54,0,96914,f_stable,13,"[""subdomain_depth"", ""token_count"", ""dot_count"", ""special_char_count"", ""registrable_domain_length"", ""char_type_transition_count"", ""hyphen_count"", ""slash_count"", ""special_char_ratio"", ""equals_sign_count"", ""path_length"", ""url_length"", ""question_mark_count""]",0.54
0.41798356982823,0.4917608073505046,primary_domain_filtered,master,1641,134740,1.0,0.4875011999997696,2.0674964905649005e-06,0.2947732108622832,rf,20261010,134740,99585,234325,0.3734487025886823,0.4209313919306871,0.9835216147010092,r09,0.3924412199376112,S4-external,rf_depth24_leaf2,"{""class_weight"": null, ""max_depth"": 24, ""max_features"": ""sqrt"", ""min_samples_leaf"": 2, ""n_estimators"": 200}",iscx_url2016_binary,phiusiil,0.57,0,97944,f_all,35,"[""url_length"", ""hostname_length"", ""path_length"", ""query_length"", ""fragment_length"", ""digit_count"", ""letter_count"", ""special_char_count"", ""digit_ratio"", ""letter_ratio"", ""special_char_ratio"", ""dot_count"", ""hyphen_count"", ""underscore_count"", ""slash_count"", ""question_mark_count"", ""equals_sign_count"", ""percent_sign_count"", ""at_sign_count"", ""subdomain_depth"", ""path_segment_count"", ""query_parameter_count"", ""has_port"", ""has_userinfo"", ""host_is_ip"", ""tld_length"", ""registrable_domain_length"", ""domain_digit_ratio"", ""domain_hyphen_ratio"", ""url_char_entropy"", ""longest_repeated_char_run"", ""char_type_transition_count"", ""token_count"", ""token_mean_length"", ""token_max_length""]",0.57
0.4211363356842654,0.4918618243778729,unfiltered,master,1643,134849,1.0,0.4875011999997696,2.0674964905649005e-06,0.2963377440360018,rf,20261010,134849,100944,235793,0.375852948816389,0.4240913944052957,0.9837236487557458,r09,0.391211456946118,S4-external,rf_depth24_leaf2,"{""class_weight"": null, ""max_depth"": 24, ""max_features"": ""sqrt"", ""min_samples_leaf"": 2, ""n_estimators"": 200}",iscx_url2016_binary,phiusiil,0.57,0,99301,f_all,35,"[""url_length"", ""hostname_length"", ""path_length"", ""query_length"", ""fragment_length"", ""digit_count"", ""letter_count"", ""special_char_count"", ""digit_ratio"", ""letter_ratio"", ""special_char_ratio"", ""dot_count"", ""hyphen_count"", ""underscore_count"", ""slash_count"", ""question_mark_count"", ""equals_sign_count"", ""percent_sign_count"", ""at_sign_count"", ""subdomain_depth"", ""path_segment_count"", ""query_parameter_count"", ""has_port"", ""has_userinfo"", ""host_is_ip"", ""tld_length"", ""registrable_domain_length"", ""domain_digit_ratio"", ""domain_hyphen_ratio"", ""url_char_entropy"", ""longest_repeated_char_run"", ""char_type_transition_count"", ""token_count"", ""token_mean_length"", ""token_max_length""]",0.57
0.4068750666808919,0.4786915700155646,primary_domain_filtered,,4244,134740,1.0,0.5035143999998581,2.1354085999154265e-06,0.2892048315567878,rf,20261010,134740,99585,234325,0.3643396869800541,0.4143801530765252,0.9573831400311292,r09,0.3762740956832217,S4-external,rf_unlimited_leaf5_balanced,"{""class_weight"": ""balanced_subsample"", ""max_depth"": null, ""max_features"": ""sqrt"", ""min_samples_leaf"": 5, ""n_estimators"": 200}",iscx_url2016_binary,phiusiil,0.82,0,95341,f_mi,15,"[""url_length"", ""subdomain_depth"", ""token_count"", ""special_char_count"", ""path_length"", ""char_type_transition_count"", ""hostname_length"", ""dot_count"", ""hyphen_count"", ""token_mean_length"", ""special_char_ratio"", ""digit_ratio"", ""letter_ratio"", ""longest_repeated_char_run"", ""letter_count""]",0.82
0.41004609975699025,0.47890909811380566,unfiltered,,4258,134849,1.0,0.5035143999998581,2.1354085999154265e-06,0.29080332893205285,rf,20261010,134849,100944,235793,0.366431990591379,0.41758697389163624,0.9578181962276113,r09,0.374441309456127,S4-external,rf_unlimited_leaf5_balanced,"{""class_weight"": ""balanced_subsample"", ""max_depth"": null, ""max_features"": ""sqrt"", ""min_samples_leaf"": 5, ""n_estimators"": 200}",iscx_url2016_binary,phiusiil,0.82,0,96686,f_mi,15,"[""url_length"", ""subdomain_depth"", ""token_count"", ""special_char_count"", ""path_length"", ""char_type_transition_count"", ""hostname_length"", ""dot_count"", ""hyphen_count"", ""token_mean_length"", ""special_char_ratio"", ""digit_ratio"", ""letter_ratio"", ""longest_repeated_char_run"", ""letter_count""]",0.82
0.4147018030513176,0.48789978410403173,primary_domain_filtered,,2410,134740,1.0,0.36713989999998375,1.5570432540405516e-06,0.2931372549019608,rf,20261010,134740,99585,234325,0.3894163400601647,0.4190112756829011,0.9757995682080635,r09,0.42579401596184807,S4-external,rf_depth16_leaf1,"{""class_weight"": null, ""max_depth"": 16, ""max_features"": ""sqrt"", ""min_samples_leaf"": 1, ""n_estimators"": 200}",iscx_url2016_binary,phiusiil,0.74,0,97175,f_permutation,15,"[""url_length"", ""subdomain_depth"", ""hostname_length"", ""dot_count"", ""path_length"", ""token_max_length"", ""token_count"", ""hyphen_count"", ""special_char_count"", ""question_mark_count"", ""token_mean_length"", ""tld_length"", ""registrable_domain_length"", ""char_type_transition_count"", ""equals_sign_count""]",0.74
0.417875000530126,0.4880527817403709,unfiltered,,2412,134849,1.0,0.36713989999998375,1.5570432540405516e-06,0.2947192103492111,rf,20261010,134849,100944,235793,0.39182548639453774,0.4221937518478368,0.9761055634807418,r09,0.42447311594449155,S4-external,rf_depth16_leaf1,"{""class_weight"": null, ""max_depth"": 16, ""max_features"": ""sqrt"", ""min_samples_leaf"": 1, ""n_estimators"": 200}",iscx_url2016_binary,phiusiil,0.74,0,98532,f_permutation,15,"[""url_length"", ""subdomain_depth"", ""hostname_length"", ""dot_count"", ""path_length"", ""token_max_length"", ""token_count"", ""hyphen_count"", ""special_char_count"", ""question_mark_count"", ""token_mean_length"", ""tld_length"", ""registrable_domain_length"", ""char_type_transition_count"", ""equals_sign_count""]",0.74
0.4112322628827483,0.4838178440528192,primary_domain_filtered,master,3223,134740,1.0,0.8760713000000067,3.715425394307747e-06,0.291399419995343,rf,20261010,134740,99585,234325,0.3827494982792457,0.4169673996763334,0.9676356881056384,r09,0.4120388188241108,S4-external,rf_depth24_leaf2,"{""class_weight"": null, ""max_depth"": 24, ""max_features"": ""sqrt"", ""min_samples_leaf"": 2, ""n_estimators"": 200}",iscx_url2016_binary,phiusiil,0.73,0,96362,f_single,15,"[""url_length"", ""subdomain_depth"", ""hostname_length"", ""dot_count"", ""hyphen_count"", ""path_length"", ""token_count"", ""special_char_count"", ""longest_repeated_char_run"", ""token_max_length"", ""char_type_transition_count"", ""token_mean_length"", ""digit_count"", ""digit_ratio"", ""letter_count""]",0.73
0.414410096991853,0.4840059835156126,unfiltered,master,3229,134849,1.0,0.8760713000000067,3.715425394307747e-06,0.2929914724684265,rf,20261010,134849,100944,235793,0.3847956356242454,0.4201639118694208,0.9680119670312252,r09,0.4099773015002905,S4-external,rf_depth24_leaf2,"{""class_weight"": null, ""max_depth"": 24, ""max_features"": ""sqrt"", ""min_samples_leaf"": 2, ""n_estimators"": 200}",iscx_url2016_binary,phiusiil,0.73,0,97715,f_single,15,"[""url_length"", ""subdomain_depth"", ""hostname_length"", ""dot_count"", ""hyphen_count"", ""path_length"", ""token_count"", ""special_char_count"", ""longest_repeated_char_run"", ""token_max_length"", ""char_type_transition_count"", ""token_mean_length"", ""digit_count"", ""digit_ratio"", ""letter_count""]",0.73
0.4117144990931399,0.4843851985740824,primary_domain_filtered,master,3110,134740,1.0,0.8633430999999945,3.661444996246684e-06,0.2916414752116082,rf,20261010,134740,99585,234325,0.3898417477782017,0.4172523408948381,0.9687703971481648,r09,0.4265932046074928,S4-external,rf_depth16_leaf1,"{""class_weight"": null, ""max_depth"": 16, ""max_features"": ""sqrt"", ""min_samples_leaf"": 1, ""n_estimators"": 200}",iscx_url2016_binary,phiusiil,0.76,0,96475,f_stable,13,"[""subdomain_depth"", ""url_length"", ""hostname_length"", ""dot_count"", ""path_length"", ""hyphen_count"", ""token_count"", ""longest_repeated_char_run"", ""special_char_count"", ""token_max_length"", ""char_type_transition_count"", ""token_mean_length"", ""digit_count""]",0.76
0.4148723668641563,0.4845458868283405,unfiltered,master,3120,134849,1.0,0.8633430999999945,3.661444996246684e-06,0.2932224676800043,rf,20261010,134849,100944,235793,0.3923898520952403,0.4204355468833943,0.969091773656681,r09,0.4255474346977471,S4-external,rf_depth16_leaf1,"{""class_weight"": null, ""max_depth"": 16, ""max_features"": ""sqrt"", ""min_samples_leaf"": 1, ""n_estimators"": 200}",iscx_url2016_binary,phiusiil,0.76,0,97824,f_stable,13,"[""subdomain_depth"", ""url_length"", ""hostname_length"", ""dot_count"", ""path_length"", ""hyphen_count"", ""token_count"", ""longest_repeated_char_run"", ""special_char_count"", ""token_max_length"", ""char_type_transition_count"", ""token_mean_length"", ""digit_count""]",0.76
0.4177616558199082,0.4914997238539941,primary_domain_filtered,master,1693,134740,1.0,0.1534985000002962,6.509883669163045e-07,0.2946628258036163,xgb,20261010,134740,99585,234325,0.4098260000665854,0.420801953299632,0.9829994477079882,r09,0.3959143511477336,S4-external,xgb_d6_lr005,"{""colsample_bytree"": 0.9, ""learning_rate"": 0.05, ""max_depth"": 6, ""n_estimators"": 250, ""reg_lambda"": 1.0, ""scale_pos_weight"": 1.0, ""subsample"": 0.9}",iscx_url2016_binary,phiusiil,0.76,0,97892,f_all,35,"[""url_length"", ""hostname_length"", ""path_length"", ""query_length"", ""fragment_length"", ""digit_count"", ""letter_count"", ""special_char_count"", ""digit_ratio"", ""letter_ratio"", ""special_char_ratio"", ""dot_count"", ""hyphen_count"", ""underscore_count"", ""slash_count"", ""question_mark_count"", ""equals_sign_count"", ""percent_sign_count"", ""at_sign_count"", ""subdomain_depth"", ""path_segment_count"", ""query_parameter_count"", ""has_port"", ""has_userinfo"", ""host_is_ip"", ""tld_length"", ""registrable_domain_length"", ""domain_digit_ratio"", ""domain_hyphen_ratio"", ""url_char_entropy"", ""longest_repeated_char_run"", ""char_type_transition_count"", ""token_count"", ""token_mean_length"", ""token_max_length""]",0.76
0.4209030802441124,0.4915893961008084,unfiltered,master,1698,134849,1.0,0.1534985000002962,6.509883669163045e-07,0.2962222308447673,xgb,20261010,134849,100944,235793,0.4124941681507214,0.4239560862043187,0.9831787922016167,r09,0.3949243666481237,S4-external,xgb_d6_lr005,"{""colsample_bytree"": 0.9, ""learning_rate"": 0.05, ""max_depth"": 6, ""n_estimators"": 250, ""reg_lambda"": 1.0, ""scale_pos_weight"": 1.0, ""subsample"": 0.9}",iscx_url2016_binary,phiusiil,0.76,0,99246,f_all,35,"[""url_length"", ""hostname_length"", ""path_length"", ""query_length"", ""fragment_length"", ""digit_count"", ""letter_count"", ""special_char_count"", ""digit_ratio"", ""letter_ratio"", ""special_char_ratio"", ""dot_count"", ""hyphen_count"", ""underscore_count"", ""slash_count"", ""question_mark_count"", ""equals_sign_count"", ""percent_sign_count"", ""at_sign_count"", ""subdomain_depth"", ""path_segment_count"", ""query_parameter_count"", ""has_port"", ""has_userinfo"", ""host_is_ip"", ""tld_length"", ""registrable_domain_length"", ""domain_digit_ratio"", ""domain_hyphen_ratio"", ""url_char_entropy"", ""longest_repeated_char_run"", ""char_type_transition_count"", ""token_count"", ""token_mean_length"", ""token_max_length""]",0.76
0.41206870799103806,0.484801928001205,primary_domain_filtered,,3027,134740,1.0,0.14155829999981506,6.003498831594452e-07,0.29181916266474855,xgb,20261010,134740,99585,234325,0.3438670701427754,0.41746145664899825,0.96960385600241,r09,0.3050232932679227,S4-external,xgb_d6_lr005,"{""colsample_bytree"": 0.9, ""learning_rate"": 0.05, ""max_depth"": 6, ""n_estimators"": 250, ""reg_lambda"": 1.0, ""scale_pos_weight"": 1.0, ""subsample"": 0.9}",iscx_url2016_binary,phiusiil,0.95,0,96558,f_mi,15,"[""url_length"", ""subdomain_depth"", ""token_count"", ""special_char_count"", ""path_length"", ""char_type_transition_count"", ""hostname_length"", ""dot_count"", ""hyphen_count"", ""token_mean_length"", ""special_char_ratio"", ""digit_ratio"", ""letter_ratio"", ""longest_repeated_char_run"", ""letter_count""]",0.95
0.4151989244803705,0.4849272864162308,unfiltered,,3043,134849,1.0,0.14155829999981506,6.003498831594452e-07,0.2933855568275126,xgb,20261010,134849,100944,235793,0.34583862486545247,0.42062728249194414,0.9698545728324616,r09,0.30352576473086973,S4-external,xgb_d6_lr005,"{""colsample_bytree"": 0.9, ""learning_rate"": 0.05, ""max_depth"": 6, ""n_estimators"": 250, ""reg_lambda"": 1.0, ""scale_pos_weight"": 1.0, ""subsample"": 0.9}",iscx_url2016_binary,phiusiil,0.95,0,97901,f_mi,15,"[""url_length"", ""subdomain_depth"", ""token_count"", ""special_char_count"", ""path_length"", ""char_type_transition_count"", ""hostname_length"", ""dot_count"", ""hyphen_count"", ""token_mean_length"", ""special_char_ratio"", ""digit_ratio"", ""letter_ratio"", ""longest_repeated_char_run"", ""letter_count""]",0.95
0.4124954656993492,0.48530401164834064,primary_domain_filtered,,2927,134740,1.0,0.14288479999959236,6.059755802741912e-07,0.2920331255683827,xgb,20261010,134740,99585,234325,0.4647411801074165,0.41771320408992296,0.9706080232966813,r09,0.48302740326637866,S4-external,xgb_d4_lr005,"{""colsample_bytree"": 0.9, ""learning_rate"": 0.05, ""max_depth"": 4, ""n_estimators"": 300, ""reg_lambda"": 1.0, ""scale_pos_weight"": 1.0, ""subsample"": 0.9}",iscx_url2016_binary,phiusiil,0.95,0,96658,f_permutation,15,"[""url_length"", ""dot_count"", ""subdomain_depth"", ""hostname_length"", ""token_max_length"", ""hyphen_count"", ""path_length"", ""percent_sign_count"", ""token_mean_length"", ""special_char_ratio"", ""equals_sign_count"", ""question_mark_count"", ""underscore_count"", ""tld_length"", ""token_count""]",0.95
0.4156739173766821,0.48548204945316215,unfiltered,,2931,134849,1.0,0.14288479999959236,6.059755802741912e-07,0.2936226430920954,xgb,20261010,134849,100944,235793,0.46720880100695117,0.4209059442931865,0.9709640989063243,r09,0.4820365919029319,S4-external,xgb_d4_lr005,"{""colsample_bytree"": 0.9, ""learning_rate"": 0.05, ""max_depth"": 4, ""n_estimators"": 300, ""reg_lambda"": 1.0, ""scale_pos_weight"": 1.0, ""subsample"": 0.9}",iscx_url2016_binary,phiusiil,0.95,0,98013,f_permutation,15,"[""url_length"", ""dot_count"", ""subdomain_depth"", ""hostname_length"", ""token_max_length"", ""hyphen_count"", ""path_length"", ""percent_sign_count"", ""token_mean_length"", ""special_char_ratio"", ""equals_sign_count"", ""question_mark_count"", ""underscore_count"", ""tld_length"", ""token_count""]",0.95
0.4190718019844233,0.4930411206507004,primary_domain_filtered,master,1386,134740,1.0,0.1452814000000017,6.161395800553951e-07,0.2953140224465001,xgb,20261010,134740,99585,234325,0.50491151468747,0.4215653025040891,0.9860822413014008,r09,0.4896854696731677,S4-external,xgb_d6_lr005,"{""colsample_bytree"": 0.9, ""learning_rate"": 0.05, ""max_depth"": 6, ""n_estimators"": 250, ""reg_lambda"": 1.0, ""scale_pos_weight"": 1.0, ""subsample"": 0.9}",iscx_url2016_binary,phiusiil,0.56,0,98199,f_single,15,"[""url_length"", ""subdomain_depth"", ""dot_count"", ""hostname_length"", ""hyphen_count"", ""token_max_length"", ""path_length"", ""longest_repeated_char_run"", ""token_mean_length"", ""digit_ratio"", ""registrable_domain_length"", ""tld_length"", ""token_count"", ""percent_sign_count"", ""slash_count""]",0.56
0.4222093107089693,0.4931149944523696,unfiltered,master,1390,134849,1.0,0.1452814000000017,6.161395800553951e-07,0.2968686166865962,xgb,20261010,134849,100944,235793,0.5073986551740215,0.4247129942876158,0.9862299889047392,r09,0.4885146484243007,S4-external,xgb_d6_lr005,"{""colsample_bytree"": 0.9, ""learning_rate"": 0.05, ""max_depth"": 6, ""n_estimators"": 250, ""reg_lambda"": 1.0, ""scale_pos_weight"": 1.0, ""subsample"": 0.9}",iscx_url2016_binary,phiusiil,0.56,0,99554,f_single,15,"[""url_length"", ""subdomain_depth"", ""dot_count"", ""hostname_length"", ""hyphen_count"", ""token_max_length"", ""path_length"", ""longest_repeated_char_run"", ""token_mean_length"", ""digit_ratio"", ""registrable_domain_length"", ""tld_length"", ""token_count"", ""percent_sign_count"", ""slash_count""]",0.56
0.4194772218073189,0.4935181001154792,primary_domain_filtered,master,1291,134740,1.0,0.1398027999999982,5.929047936113381e-07,0.2955152892648947,xgb,20261010,134740,99585,234325,0.4828481684197181,0.4218011105675566,0.9870362002309584,r09,0.4908181744427887,S4-external,xgb_d4_lr005,"{""colsample_bytree"": 0.9, ""learning_rate"": 0.05, ""max_depth"": 4, ""n_estimators"": 300, ""reg_lambda"": 1.0, ""scale_pos_weight"": 1.0, ""subsample"": 0.9}",iscx_url2016_binary,phiusiil,0.57,0,98294,f_stable,13,"[""url_length"", ""subdomain_depth"", ""dot_count"", ""hostname_length"", ""hyphen_count"", ""token_max_length"", ""longest_repeated_char_run"", ""path_length"", ""token_mean_length"", ""tld_length"", ""digit_ratio"", ""registrable_domain_length"", ""slash_count""]",0.57
0.4226206884852391,0.4935954588682834,unfiltered,master,1293,134849,1.0,0.1398027999999982,5.929047936113381e-07,0.2970719404729254,xgb,20261010,134849,100944,235793,0.4850824774467089,0.4249509594882729,0.9871909177365668,r09,0.4896335007293182,S4-external,xgb_d4_lr005,"{""colsample_bytree"": 0.9, ""learning_rate"": 0.05, ""max_depth"": 4, ""n_estimators"": 300, ""reg_lambda"": 1.0, ""scale_pos_weight"": 1.0, ""subsample"": 0.9}",iscx_url2016_binary,phiusiil,0.57,0,99651,f_stable,13,"[""url_length"", ""subdomain_depth"", ""dot_count"", ""hostname_length"", ""hyphen_count"", ""token_max_length"", ""longest_repeated_char_run"", ""path_length"", ""token_mean_length"", ""tld_length"", ""digit_ratio"", ""registrable_domain_length"", ""slash_count""]",0.57
0.2600953585676754,0.5316890034239891,primary_domain_filtered,master,26,30390,0.9335831899729664,0.0221626000000014,4.887766579185646e-07,0.2419034641894995,lr,20261001,32552,8556,41108,0.2280704840549459,0.2191675231243576,0.9969611968209444,r00,0.5547280893886213,S4-external,lr_c1,"{""C"": 1.0, ""class_weight"": null}",phiusiil,iscx_url2016_binary,0.92,2162,8530,f_all,35,"[""url_length"", ""hostname_length"", ""path_length"", ""query_length"", ""fragment_length"", ""digit_count"", ""letter_count"", ""special_char_count"", ""digit_ratio"", ""letter_ratio"", ""special_char_ratio"", ""dot_count"", ""hyphen_count"", ""underscore_count"", ""slash_count"", ""question_mark_count"", ""equals_sign_count"", ""percent_sign_count"", ""at_sign_count"", ""subdomain_depth"", ""path_segment_count"", ""query_parameter_count"", ""has_port"", ""has_userinfo"", ""host_is_ip"", ""tld_length"", ""registrable_domain_length"", ""domain_digit_ratio"", ""domain_hyphen_ratio"", ""url_char_entropy"", ""longest_repeated_char_run"", ""char_type_transition_count"", ""token_count"", ""token_mean_length"", ""token_max_length""]",0.92
0.2668107535893081,0.5291006197648579,unfiltered,master,29,33216,0.93888857482051,0.0221626000000014,4.887766579185646e-07,0.2446062031160529,lr,20261001,35378,9965,45343,0.2358750533457677,0.2302558398220244,0.9970898143502258,r00,0.5434018442694039,S4-external,lr_c1,"{""C"": 1.0, ""class_weight"": null}",phiusiil,iscx_url2016_binary,0.92,2162,9936,f_all,35,"[""url_length"", ""hostname_length"", ""path_length"", ""query_length"", ""fragment_length"", ""digit_count"", ""letter_count"", ""special_char_count"", ""digit_ratio"", ""letter_ratio"", ""special_char_ratio"", ""dot_count"", ""hyphen_count"", ""underscore_count"", ""slash_count"", ""question_mark_count"", ""equals_sign_count"", ""percent_sign_count"", ""at_sign_count"", ""subdomain_depth"", ""path_segment_count"", ""query_parameter_count"", ""has_port"", ""has_userinfo"", ""host_is_ip"", ""tld_length"", ""registrable_domain_length"", ""domain_digit_ratio"", ""domain_hyphen_ratio"", ""url_char_entropy"", ""longest_repeated_char_run"", ""char_type_transition_count"", ""token_count"", ""token_mean_length"", ""token_max_length""]",0.92
0.20762382018098666,0.4987297125404904,primary_domain_filtered,,22,32551,0.9999692799213566,0.014004500000002196,3.088569349183379e-07,0.17194504338541364,lr,20261001,32552,8556,41108,0.19803262533928867,0.20771571133016917,0.9974287050023375,r00,0.4688259259166705,S4-external,lr_c1_balanced,"{""C"": 1.0, ""class_weight"": ""balanced""}",phiusiil,iscx_url2016_binary,0.93,1,8534,f_mi,15,"[""longest_repeated_char_run"", ""subdomain_depth"", ""char_type_transition_count"", ""letter_ratio"", ""token_count"", ""special_char_count"", ""special_char_ratio"", ""url_char_entropy"", ""path_length"", ""path_segment_count"", ""token_mean_length"", ""url_length"", ""dot_count"", ""slash_count"", ""letter_count""]",0.93
0.21873277021811524,0.49760570357379214,unfiltered,,48,35377,0.9999717338458929,0.014004500000002196,3.088569349183379e-07,0.17949220577685704,lr,20261001,35378,9965,45343,0.20650052213878137,0.21894732194109595,0.9951831409934772,r00,0.4604979560294374,S4-external,lr_c1_balanced,"{""C"": 1.0, ""class_weight"": ""balanced""}",phiusiil,iscx_url2016_binary,0.93,1,9917,f_mi,15,"[""longest_repeated_char_run"", ""subdomain_depth"", ""char_type_transition_count"", ""letter_ratio"", ""token_count"", ""special_char_count"", ""special_char_ratio"", ""url_char_entropy"", ""path_length"", ""path_segment_count"", ""token_mean_length"", ""url_length"", ""dot_count"", ""slash_count"", ""letter_count""]",0.93
0.2498297168434368,0.5255086162136985,primary_domain_filtered,,19,30819,0.9467621037109855,0.019724899999999934,4.3501532761396323e-07,0.22869972144983464,lr,20261001,32552,8556,41108,0.22346108031598808,0.21691736965138733,0.9977793361383824,r00,0.5430020763125243,S4-external,lr_c1,"{""C"": 1.0, ""class_weight"": null}",phiusiil,iscx_url2016_binary,0.94,1733,8537,f_permutation,15,"[""hostname_length"", ""path_length"", ""letter_count"", ""path_segment_count"", ""url_length"", ""token_mean_length"", ""query_length"", ""longest_repeated_char_run"", ""slash_count"", ""dot_count"", ""token_max_length"", ""question_mark_count"", ""hyphen_count"", ""query_parameter_count"", ""special_char_ratio""]",0.94
0.25748186048563176,0.5233385833967986,unfiltered,,23,33645,0.9510147549324439,0.019724899999999934,4.3501532761396323e-07,0.2323201505754022,lr,20261001,35378,9965,45343,0.23151237671580863,0.22809553307178745,0.9976919217260412,r00,0.5321930036829396,S4-external,lr_c1,"{""C"": 1.0, ""class_weight"": null}",phiusiil,iscx_url2016_binary,0.94,1733,9942,f_permutation,15,"[""hostname_length"", ""path_length"", ""letter_count"", ""path_segment_count"", ""url_length"", ""token_mean_length"", ""query_length"", ""longest_repeated_char_run"", ""slash_count"", ""dot_count"", ""token_max_length"", ""question_mark_count"", ""hyphen_count"", ""query_parameter_count"", ""special_char_ratio""]",0.94
0.2339447309526126,0.5155646675033329,primary_domain_filtered,master,17,31474,0.9668837552224132,0.0099431999999999,2.192885340625881e-07,0.2078502493129146,lr,20261001,32552,8556,41108,0.2172175532672141,0.213405643165971,0.998013090229079,r00,0.5262098192429997,S4-external,lr_c1,"{""C"": 1.0, ""class_weight"": null}",phiusiil,iscx_url2016_binary,0.91,1078,8539,f_single,15,"[""hostname_length"", ""letter_count"", ""path_length"", ""path_segment_count"", ""query_length"", ""url_length"", ""question_mark_count"", ""slash_count"", ""dot_count"", ""token_mean_length"", ""hyphen_count"", ""longest_repeated_char_run"", ""query_parameter_count"", ""token_max_length"", ""digit_ratio""]",0.91
0.2429923031118364,0.5139810666974299,unfiltered,master,25,34300,0.969529085872576,0.0099431999999999,2.192885340625881e-07,0.2129275457400912,lr,20261001,35378,9965,45343,0.2256546618853637,0.2246835443037974,0.997491219267436,r00,0.5165495410657296,S4-external,lr_c1,"{""C"": 1.0, ""class_weight"": null}",phiusiil,iscx_url2016_binary,0.91,1078,9940,f_single,15,"[""hostname_length"", ""letter_count"", ""path_length"", ""path_segment_count"", ""query_length"", ""url_length"", ""question_mark_count"", ""slash_count"", ""dot_count"", ""token_mean_length"", ""hyphen_count"", ""longest_repeated_char_run"", ""query_parameter_count"", ""token_max_length"", ""digit_ratio""]",0.91
0.2319499854043008,0.5143482227623057,primary_domain_filtered,master,16,31557,0.9694335217498156,0.0086507,1.9078358291246745e-07,0.2051744852189939,lr,20261001,32552,8556,41108,0.2168910295653161,0.2129835149761827,0.9981299672744272,r00,0.5252822602906088,S4-external,lr_c1,"{""C"": 1.0, ""class_weight"": null}",phiusiil,iscx_url2016_binary,0.91,995,8540,f_stable,13,"[""letter_count"", ""hostname_length"", ""path_segment_count"", ""query_length"", ""path_length"", ""url_length"", ""slash_count"", ""dot_count"", ""token_mean_length"", ""question_mark_count"", ""token_max_length"", ""hyphen_count"", ""longest_repeated_char_run""]",0.91
0.2411838652052136,0.5128581969166377,unfiltered,master,24,34383,0.9718751766634632,0.0086507,1.9078358291246745e-07,0.2104500189984676,lr,20261001,35378,9965,45343,0.2253823518207771,0.2242802996119483,0.9975915704967386,r00,0.5157595183685609,S4-external,lr_c1,"{""C"": 1.0, ""class_weight"": null}",phiusiil,iscx_url2016_binary,0.91,995,9941,f_stable,13,"[""letter_count"", ""hostname_length"", ""path_segment_count"", ""query_length"", ""path_length"", ""url_length"", ""slash_count"", ""dot_count"", ""token_mean_length"", ""question_mark_count"", ""token_max_length"", ""hyphen_count"", ""longest_repeated_char_run""]",0.91
0.2078427556679965,0.4992987377279102,primary_domain_filtered,master,12,32552,1.0,0.069092300000193,1.523769931415942e-06,0.1720776605171997,rf,20261001,32552,8556,41108,0.1944548006536832,0.2079034455908117,0.9985974754558204,r00,0.4576542422259961,S4-external,rf_depth24_leaf2,"{""class_weight"": null, ""max_depth"": 24, ""max_features"": ""sqrt"", ""min_samples_leaf"": 2, ""n_estimators"": 200}",phiusiil,iscx_url2016_binary,0.8,0,8544,f_all,35,"[""url_length"", ""hostname_length"", ""path_length"", ""query_length"", ""fragment_length"", ""digit_count"", ""letter_count"", ""special_char_count"", ""digit_ratio"", ""letter_ratio"", ""special_char_ratio"", ""dot_count"", ""hyphen_count"", ""underscore_count"", ""slash_count"", ""question_mark_count"", ""equals_sign_count"", ""percent_sign_count"", ""at_sign_count"", ""subdomain_depth"", ""path_segment_count"", ""query_parameter_count"", ""has_port"", ""has_userinfo"", ""host_is_ip"", ""tld_length"", ""registrable_domain_length"", ""domain_digit_ratio"", ""domain_hyphen_ratio"", ""url_char_entropy"", ""longest_repeated_char_run"", ""char_type_transition_count"", ""token_count"", ""token_mean_length"", ""token_max_length""]",0.8
0.2194826103257393,0.4993477170095333,unfiltered,master,13,35378,1.0,0.069092300000193,1.523769931415942e-06,0.179980106700425,rf,20261001,35378,9965,45343,0.2049624735646109,0.2195455548202073,0.9986954340190668,r00,0.4559141431666381,S4-external,rf_depth24_leaf2,"{""class_weight"": null, ""max_depth"": 24, ""max_features"": ""sqrt"", ""min_samples_leaf"": 2, ""n_estimators"": 200}",phiusiil,iscx_url2016_binary,0.8,0,9952,f_all,35,"[""url_length"", ""hostname_length"", ""path_length"", ""query_length"", ""fragment_length"", ""digit_count"", ""letter_count"", ""special_char_count"", ""digit_ratio"", ""letter_ratio"", ""special_char_ratio"", ""dot_count"", ""hyphen_count"", ""underscore_count"", ""slash_count"", ""question_mark_count"", ""equals_sign_count"", ""percent_sign_count"", ""at_sign_count"", ""subdomain_depth"", ""path_segment_count"", ""query_parameter_count"", ""has_port"", ""has_userinfo"", ""host_is_ip"", ""tld_length"", ""registrable_domain_length"", ""domain_digit_ratio"", ""domain_hyphen_ratio"", ""url_char_entropy"", ""longest_repeated_char_run"", ""char_type_transition_count"", ""token_count"", ""token_mean_length"", ""token_max_length""]",0.8
0.20762382018098666,0.4987297125404904,primary_domain_filtered,,22,32551,0.9999692799213566,0.061687500000005,1.3604635776195886e-06,0.17194504338541364,rf,20261001,32552,8556,41108,0.20101262191701202,0.20771571133016917,0.9974287050023375,r00,0.4780797823134152,S4-external,rf_depth16_leaf1,"{""class_weight"": null, ""max_depth"": 16, ""max_features"": ""sqrt"", ""min_samples_leaf"": 1, ""n_estimators"": 200}",phiusiil,iscx_url2016_binary,0.95,1,8534,f_mi,15,"[""longest_repeated_char_run"", ""subdomain_depth"", ""char_type_transition_count"", ""letter_ratio"", ""token_count"", ""special_char_count"", ""special_char_ratio"", ""url_char_entropy"", ""path_length"", ""path_segment_count"", ""token_mean_length"", ""url_length"", ""dot_count"", ""slash_count"", ""letter_count""]",0.95
0.2186886619764903,0.49750535234448956,unfiltered,,50,35377,0.9999717338458929,0.061687500000005,1.3604635776195886e-06,0.1794625052847659,rf,20261001,35378,9965,45343,0.2109356213247332,0.21891283228826283,0.994982438534872,r00,0.4738369853308446,S4-external,rf_depth16_leaf1,"{""class_weight"": null, ""max_depth"": 16, ""max_features"": ""sqrt"", ""min_samples_leaf"": 1, ""n_estimators"": 200}",phiusiil,iscx_url2016_binary,0.95,1,9915,f_mi,15,"[""longest_repeated_char_run"", ""subdomain_depth"", ""char_type_transition_count"", ""letter_ratio"", ""token_count"", ""special_char_count"", ""special_char_ratio"", ""url_char_entropy"", ""path_length"", ""path_segment_count"", ""token_mean_length"", ""url_length"", ""dot_count"", ""slash_count"", ""letter_count""]",0.95
0.2078670818332198,0.4993571762505844,primary_domain_filtered,,11,32552,1.0,0.09490080000000489,2.0929537084005224e-06,0.1720943346826979,rf,20261001,32552,8556,41108,0.19082621539988223,0.207922719419909,0.9987143525011688,r00,0.44604069530036516,S4-external,rf_depth24_leaf2,"{""class_weight"": null, ""max_depth"": 24, ""max_features"": ""sqrt"", ""min_samples_leaf"": 2, ""n_estimators"": 200}",phiusiil,iscx_url2016_binary,0.75,0,8545,f_permutation,15,"[""longest_repeated_char_run"", ""hostname_length"", ""registrable_domain_length"", ""letter_ratio"", ""token_mean_length"", ""url_length"", ""letter_count"", ""special_char_ratio"", ""subdomain_depth"", ""token_max_length"", ""path_length"", ""path_segment_count"", ""digit_count"", ""domain_hyphen_ratio"", ""digit_ratio""]",0.75
0.21950466444655184,0.49939789262418466,unfiltered,,12,35378,1.0,0.09490080000000489,2.0929537084005224e-06,0.1799949363425926,rf,20261001,35378,9965,45343,0.20202342418928165,0.2195627716132448,0.9987957852483693,r00,0.4469110482993263,S4-external,rf_depth24_leaf2,"{""class_weight"": null, ""max_depth"": 24, ""max_features"": ""sqrt"", ""min_samples_leaf"": 2, ""n_estimators"": 200}",phiusiil,iscx_url2016_binary,0.75,0,9953,f_permutation,15,"[""longest_repeated_char_run"", ""hostname_length"", ""registrable_domain_length"", ""letter_ratio"", ""token_mean_length"", ""url_length"", ""letter_count"", ""special_char_ratio"", ""subdomain_depth"", ""token_max_length"", ""path_length"", ""path_segment_count"", ""digit_count"", ""domain_hyphen_ratio"", ""digit_ratio""]",0.75
0.2078914079984431,0.4994156147732585,primary_domain_filtered,master,10,32552,1.0,0.1005964000000001,2.218565158899944e-06,0.1721110081765819,rf,20261001,32552,8556,41108,0.1993818966220999,0.2079419923110613,0.998831229546517,r00,0.4730968677899732,S4-external,rf_depth24_leaf2,"{""class_weight"": null, ""max_depth"": 24, ""max_features"": ""sqrt"", ""min_samples_leaf"": 2, ""n_estimators"": 200}",phiusiil,iscx_url2016_binary,0.71,0,8546,f_single,15,"[""longest_repeated_char_run"", ""hostname_length"", ""subdomain_depth"", ""letter_ratio"", ""registrable_domain_length"", ""url_length"", ""path_length"", ""token_mean_length"", ""path_segment_count"", ""digit_count"", ""token_max_length"", ""special_char_ratio"", ""digit_ratio"", ""letter_count"", ""char_type_transition_count""]",0.71
0.2195487726881768,0.4994982438534872,unfiltered,master,10,35378,1.0,0.1005964000000001,2.218565158899944e-06,0.1800245940178668,rf,20261001,35378,9965,45343,0.2103913003574848,0.2195972029206097,0.9989964877069744,r00,0.472306891464237,S4-external,rf_depth24_leaf2,"{""class_weight"": null, ""max_depth"": 24, ""max_features"": ""sqrt"", ""min_samples_leaf"": 2, ""n_estimators"": 200}",phiusiil,iscx_url2016_binary,0.71,0,9955,f_single,15,"[""longest_repeated_char_run"", ""hostname_length"", ""subdomain_depth"", ""letter_ratio"", ""registrable_domain_length"", ""url_length"", ""path_length"", ""token_mean_length"", ""path_segment_count"", ""digit_count"", ""token_max_length"", ""special_char_ratio"", ""digit_ratio"", ""letter_count"", ""char_type_transition_count""]",0.71
0.2078914079984431,0.4994156147732585,primary_domain_filtered,master,10,32552,1.0,0.0830400999999998,1.831376397679903e-06,0.1721110081765819,rf,20261001,32552,8556,41108,0.1938178718980384,0.2079419923110613,0.998831229546517,r00,0.4557086282690674,S4-external,rf_depth24_leaf2,"{""class_weight"": null, ""max_depth"": 24, ""max_features"": ""sqrt"", ""min_samples_leaf"": 2, ""n_estimators"": 200}",phiusiil,iscx_url2016_binary,0.73,0,8546,f_stable,14,"[""longest_repeated_char_run"", ""hostname_length"", ""subdomain_depth"", ""registrable_domain_length"", ""path_length"", ""letter_ratio"", ""url_length"", ""char_type_transition_count"", ""token_mean_length"", ""path_segment_count"", ""token_max_length"", ""special_char_ratio"", ""digit_count"", ""digit_ratio""]",0.73
0.2195487726881768,0.4994982438534872,unfiltered,master,10,35378,1.0,0.0830400999999998,1.831376397679903e-06,0.1800245940178668,rf,20261001,35378,9965,45343,0.2052814265311702,0.2195972029206097,0.9989964877069744,r00,0.4569818535261793,S4-external,rf_depth24_leaf2,"{""class_weight"": null, ""max_depth"": 24, ""max_features"": ""sqrt"", ""min_samples_leaf"": 2, ""n_estimators"": 200}",phiusiil,iscx_url2016_binary,0.73,0,9955,f_stable,14,"[""longest_repeated_char_run"", ""hostname_length"", ""subdomain_depth"", ""registrable_domain_length"", ""path_length"", ""letter_ratio"", ""url_length"", ""char_type_transition_count"", ""token_mean_length"", ""path_segment_count"", ""token_max_length"", ""special_char_ratio"", ""digit_count"", ""digit_ratio""]",0.73
0.2078914079984431,0.4994156147732585,primary_domain_filtered,master,10,32552,1.0,0.0281655999999657,6.21167545155056e-07,0.1721110081765819,xgb,20261001,32552,8556,41108,0.1160233028178604,0.2079419923110613,0.998831229546517,r00,0.0722969817142142,S4-external,xgb_d6_lr01_balanced,"{""colsample_bytree"": 0.9, ""learning_rate"": 0.1, ""max_depth"": 6, ""n_estimators"": 200, ""reg_lambda"": 1.0, ""scale_pos_weight"": 1.3542591267000716, ""subsample"": 0.9}",phiusiil,iscx_url2016_binary,0.89,0,8546,f_all,35,"[""url_length"", ""hostname_length"", ""path_length"", ""query_length"", ""fragment_length"", ""digit_count"", ""letter_count"", ""special_char_count"", ""digit_ratio"", ""letter_ratio"", ""special_char_ratio"", ""dot_count"", ""hyphen_count"", ""underscore_count"", ""slash_count"", ""question_mark_count"", ""equals_sign_count"", ""percent_sign_count"", ""at_sign_count"", ""subdomain_depth"", ""path_segment_count"", ""query_parameter_count"", ""has_port"", ""has_userinfo"", ""host_is_ip"", ""tld_length"", ""registrable_domain_length"", ""domain_digit_ratio"", ""domain_hyphen_ratio"", ""url_char_entropy"", ""longest_repeated_char_run"", ""char_type_transition_count"", ""token_count"", ""token_mean_length"", ""token_max_length""]",0.89
0.2194385020841144,0.4992473657802308,unfiltered,master,15,35378,1.0,0.0281655999999657,6.21167545155056e-07,0.1799504458068833,xgb,20261001,35378,9965,45343,0.1256499364716834,0.2195111189551712,0.9984947315604616,r00,0.0964338580361697,S4-external,xgb_d6_lr01_balanced,"{""colsample_bytree"": 0.9, ""learning_rate"": 0.1, ""max_depth"": 6, ""n_estimators"": 200, ""reg_lambda"": 1.0, ""scale_pos_weight"": 1.3542591267000716, ""subsample"": 0.9}",phiusiil,iscx_url2016_binary,0.89,0,9950,f_all,35,"[""url_length"", ""hostname_length"", ""path_length"", ""query_length"", ""fragment_length"", ""digit_count"", ""letter_count"", ""special_char_count"", ""digit_ratio"", ""letter_ratio"", ""special_char_ratio"", ""dot_count"", ""hyphen_count"", ""underscore_count"", ""slash_count"", ""question_mark_count"", ""equals_sign_count"", ""percent_sign_count"", ""at_sign_count"", ""subdomain_depth"", ""path_segment_count"", ""query_parameter_count"", ""has_port"", ""has_userinfo"", ""host_is_ip"", ""tld_length"", ""registrable_domain_length"", ""domain_digit_ratio"", ""domain_hyphen_ratio"", ""url_char_entropy"", ""longest_repeated_char_run"", ""char_type_transition_count"", ""token_count"", ""token_mean_length"", ""token_max_length""]",0.89
0.2076967986766566,0.49894810659186534,primary_domain_filtered,,18,32552,1.0,0.023167900000004238,5.109476655714054e-07,0.17197760141803972,xgb,20261001,32552,8556,41108,0.18216756700871078,0.20778778291555122,0.9978962131837307,r00,0.254304710262695,S4-external,xgb_d4_lr005,"{""colsample_bytree"": 0.9, ""learning_rate"": 0.05, ""max_depth"": 4, ""n_estimators"": 300, ""reg_lambda"": 1.0, ""scale_pos_weight"": 1.0, ""subsample"": 0.9}",phiusiil,iscx_url2016_binary,0.94,0,8538,f_mi,15,"[""longest_repeated_char_run"", ""subdomain_depth"", ""char_type_transition_count"", ""letter_ratio"", ""token_count"", ""special_char_count"", ""special_char_ratio"", ""url_char_entropy"", ""path_length"", ""path_segment_count"", ""token_mean_length"", ""url_length"", ""dot_count"", ""slash_count"", ""letter_count""]",0.94
0.21895331142624,0.49814350225790266,unfiltered,,37,35378,1.0,0.023167900000004238,5.109476655714054e-07,0.17962403430370358,xgb,20261001,35378,9965,45343,0.1822141693291795,0.21913212378051472,0.9962870045158053,r00,0.23886508540534077,S4-external,xgb_d4_lr005,"{""colsample_bytree"": 0.9, ""learning_rate"": 0.05, ""max_depth"": 4, ""n_estimators"": 300, ""reg_lambda"": 1.0, ""scale_pos_weight"": 1.0, ""subsample"": 0.9}",phiusiil,iscx_url2016_binary,0.94,0,9928,f_mi,15,"[""longest_repeated_char_run"", ""subdomain_depth"", ""char_type_transition_count"", ""letter_ratio"", ""token_count"", ""special_char_count"", ""special_char_ratio"", ""url_char_entropy"", ""path_length"", ""path_segment_count"", ""token_mean_length"", ""url_length"", ""dot_count"", ""slash_count"", ""letter_count""]",0.94
0.20794006032888976,0.4995324918186068,primary_domain_filtered,,8,32552,1.0,0.07644589999998175,1.6859471142178891e-06,0.17214435314966972,xgb,20261001,32552,8556,41108,0.11558953211985248,0.20798053527980534,0.9990649836372136,r00,0.05583476442367292,S4-external,xgb_d6_lr01_balanced,"{""colsample_bytree"": 0.9, ""learning_rate"": 0.1, ""max_depth"": 6, ""n_estimators"": 200, ""reg_lambda"": 1.0, ""scale_pos_weight"": 1.3542591267000716, ""subsample"": 0.9}",phiusiil,iscx_url2016_binary,0.86,0,8548,f_permutation,15,"[""hostname_length"", ""url_length"", ""longest_repeated_char_run"", ""path_length"", ""subdomain_depth"", ""registrable_domain_length"", ""letter_count"", ""digit_count"", ""token_mean_length"", ""dot_count"", ""letter_ratio"", ""token_max_length"", ""special_char_ratio"", ""char_type_transition_count"", ""slash_count""]",0.86
0.21950466444655184,0.49939789262418466,unfiltered,,12,35378,1.0,0.07644589999998175,1.6859471142178891e-06,0.1799949363425926,xgb,20261001,35378,9965,45343,0.12558250705834917,0.2195627716132448,0.9987957852483693,r00,0.06292520174276087,S4-external,xgb_d6_lr01_balanced,"{""colsample_bytree"": 0.9, ""learning_rate"": 0.1, ""max_depth"": 6, ""n_estimators"": 200, ""reg_lambda"": 1.0, ""scale_pos_weight"": 1.3542591267000716, ""subsample"": 0.9}",phiusiil,iscx_url2016_binary,0.86,0,9953,f_permutation,15,"[""hostname_length"", ""url_length"", ""longest_repeated_char_run"", ""path_length"", ""subdomain_depth"", ""registrable_domain_length"", ""letter_count"", ""digit_count"", ""token_mean_length"", ""dot_count"", ""letter_ratio"", ""token_max_length"", ""special_char_ratio"", ""char_type_transition_count"", ""slash_count""]",0.86
0.207964386494113,0.499590930341281,primary_domain_filtered,master,7,32552,1.0,0.0285207,6.289989634563233e-07,0.1721610246289546,xgb,20261001,32552,8556,41108,0.1158508235195127,0.2079998053575338,0.999181860682562,r00,0.0653794400782389,S4-external,xgb_d6_lr01_balanced,"{""colsample_bytree"": 0.9, ""learning_rate"": 0.1, ""max_depth"": 6, ""n_estimators"": 200, ""reg_lambda"": 1.0, ""scale_pos_weight"": 1.3542591267000716, ""subsample"": 0.9}",phiusiil,iscx_url2016_binary,0.82,0,8549,f_single,15,"[""hostname_length"", ""longest_repeated_char_run"", ""url_length"", ""path_length"", ""registrable_domain_length"", ""subdomain_depth"", ""token_max_length"", ""token_mean_length"", ""char_type_transition_count"", ""digit_count"", ""dot_count"", ""letter_ratio"", ""special_char_ratio"", ""letter_count"", ""slash_count""]",0.82
0.2195487726881768,0.4994982438534872,unfiltered,master,10,35378,1.0,0.0285207,6.289989634563233e-07,0.1800245940178668,xgb,20261001,35378,9965,45343,0.125534459721073,0.2195972029206097,0.9989964877069744,r00,0.0696013453951853,S4-external,xgb_d6_lr01_balanced,"{""colsample_bytree"": 0.9, ""learning_rate"": 0.1, ""max_depth"": 6, ""n_estimators"": 200, ""reg_lambda"": 1.0, ""scale_pos_weight"": 1.3542591267000716, ""subsample"": 0.9}",phiusiil,iscx_url2016_binary,0.82,0,9955,f_single,15,"[""hostname_length"", ""longest_repeated_char_run"", ""url_length"", ""path_length"", ""registrable_domain_length"", ""subdomain_depth"", ""token_max_length"", ""token_mean_length"", ""char_type_transition_count"", ""digit_count"", ""dot_count"", ""letter_ratio"", ""special_char_ratio"", ""letter_count"", ""slash_count""]",0.82
0.2078427556679965,0.4992987377279102,primary_domain_filtered,master,12,32552,1.0,0.0299402999999998,6.603069933617054e-07,0.1720776605171997,xgb,20261001,32552,8556,41108,0.1187345673833742,0.2079034455908117,0.9985974754558204,r00,0.0987279004292596,S4-external,xgb_d6_lr01_balanced,"{""colsample_bytree"": 0.9, ""learning_rate"": 0.1, ""max_depth"": 6, ""n_estimators"": 200, ""reg_lambda"": 1.0, ""scale_pos_weight"": 1.3542591267000716, ""subsample"": 0.9}",phiusiil,iscx_url2016_binary,0.92,0,8544,f_stable,14,"[""hostname_length"", ""longest_repeated_char_run"", ""url_length"", ""path_length"", ""registrable_domain_length"", ""subdomain_depth"", ""token_max_length"", ""char_type_transition_count"", ""dot_count"", ""token_mean_length"", ""letter_ratio"", ""digit_count"", ""letter_count"", ""slash_count""]",0.92
0.219372339721677,0.499096838936277,unfiltered,master,18,35378,1.0,0.0299402999999998,6.603069933617054e-07,0.1799059504431181,xgb,20261001,35378,9965,45343,0.1300013755769903,0.2194594594594594,0.998193677872554,r00,0.1384345066401635,S4-external,xgb_d6_lr01_balanced,"{""colsample_bytree"": 0.9, ""learning_rate"": 0.1, ""max_depth"": 6, ""n_estimators"": 200, ""reg_lambda"": 1.0, ""scale_pos_weight"": 1.3542591267000716, ""subsample"": 0.9}",phiusiil,iscx_url2016_binary,0.92,0,9947,f_stable,14,"[""hostname_length"", ""longest_repeated_char_run"", ""url_length"", ""path_length"", ""registrable_domain_length"", ""subdomain_depth"", ""token_max_length"", ""char_type_transition_count"", ""dot_count"", ""token_mean_length"", ""letter_ratio"", ""digit_count"", ""letter_count"", ""slash_count""]",0.92
0.2568089603731869,0.5313113830324082,primary_domain_filtered,master,24,30565,0.934538005258974,0.0200108999999883,4.4132280616607627e-07,0.2390485755665255,lr,20261002,32706,8453,41159,0.2244256560849926,0.2161614607375493,0.9971607713237904,r01,0.5530012122598987,S4-external,lr_c1,"{""C"": 1.0, ""class_weight"": null}",phiusiil,iscx_url2016_binary,0.86,2141,8429,f_all,35,"[""url_length"", ""hostname_length"", ""path_length"", ""query_length"", ""fragment_length"", ""digit_count"", ""letter_count"", ""special_char_count"", ""digit_ratio"", ""letter_ratio"", ""special_char_ratio"", ""dot_count"", ""hyphen_count"", ""underscore_count"", ""slash_count"", ""question_mark_count"", ""equals_sign_count"", ""percent_sign_count"", ""at_sign_count"", ""subdomain_depth"", ""path_segment_count"", ""query_parameter_count"", ""has_port"", ""has_userinfo"", ""host_is_ip"", ""tld_length"", ""registrable_domain_length"", ""domain_digit_ratio"", ""domain_hyphen_ratio"", ""url_char_entropy"", ""longest_repeated_char_run"", ""char_type_transition_count"", ""token_count"", ""token_mean_length"", ""token_max_length""]",0.86
0.2664137794146836,0.5289183094530898,unfiltered,master,27,33236,0.9394538979026512,0.0200108999999883,4.4132280616607627e-07,0.2440674495144742,lr,20261002,35378,9965,45343,0.2354844820110902,0.2301848334645851,0.997290516808831,r01,0.5424504463683835,S4-external,lr_c1,"{""C"": 1.0, ""class_weight"": null}",phiusiil,iscx_url2016_binary,0.86,2142,9938,f_all,35,"[""url_length"", ""hostname_length"", ""path_length"", ""query_length"", ""fragment_length"", ""digit_count"", ""letter_count"", ""special_char_count"", ""digit_ratio"", ""letter_ratio"", ""special_char_ratio"", ""dot_count"", ""hyphen_count"", ""underscore_count"", ""slash_count"", ""question_mark_count"", ""equals_sign_count"", ""percent_sign_count"", ""at_sign_count"", ""subdomain_depth"", ""path_segment_count"", ""query_parameter_count"", ""has_port"", ""has_userinfo"", ""host_is_ip"", ""tld_length"", ""registrable_domain_length"", ""domain_digit_ratio"", ""domain_hyphen_ratio"", ""url_char_entropy"", ""longest_repeated_char_run"", ""char_type_transition_count"", ""token_count"", ""token_mean_length"", ""token_max_length""]",0.86
0.20486406375276367,0.4987139745715296,primary_domain_filtered,,22,32705,0.9999694245704153,0.01892099999997754,4.1728601989232164e-07,0.17004809815642077,lr,20261002,32706,8453,41159,0.1951374594626474,0.2049542979385453,0.9973973737134745,r01,0.4680880953470736,S4-external,lr_c1_balanced,"{""C"": 1.0, ""class_weight"": ""balanced""}",phiusiil,iscx_url2016_binary,0.94,1,8431,f_mi,15,"[""longest_repeated_char_run"", ""subdomain_depth"", ""char_type_transition_count"", ""letter_ratio"", ""token_count"", ""special_char_count"", ""special_char_ratio"", ""path_length"", ""url_char_entropy"", ""token_mean_length"", ""path_segment_count"", ""url_length"", ""dot_count"", ""slash_count"", ""letter_count""]",0.94
0.2186886619764903,0.49750535234448956,unfiltered,,50,35377,0.9999717338458929,0.01892099999997754,4.1728601989232164e-07,0.1794625052847659,lr,20261002,35378,9965,45343,0.20648147276629536,0.21891283228826283,0.994982438534872,r01,0.4604419796837123,S4-external,lr_c1_balanced,"{""C"": 1.0, ""class_weight"": ""balanced""}",phiusiil,iscx_url2016_binary,0.94,1,9915,f_mi,15,"[""longest_repeated_char_run"", ""subdomain_depth"", ""char_type_transition_count"", ""letter_ratio"", ""token_count"", ""special_char_count"", ""special_char_ratio"", ""path_length"", ""url_char_entropy"", ""token_mean_length"", ""path_segment_count"", ""url_length"", ""dot_count"", ""slash_count"", ""letter_count""]",0.94
0.23047207172185913,0.5146079115495685,primary_domain_filtered,,27,31646,0.9675900446401272,0.012491099999976996,2.7548022848018426e-07,0.20500989530571256,lr,20261002,32706,8453,41159,0.21490448659163436,0.21027151127969654,0.9968058677392642,r01,0.5277108341171791,S4-external,lr_c1_balanced,"{""C"": 1.0, ""class_weight"": ""balanced""}",phiusiil,iscx_url2016_binary,0.95,1060,8426,f_permutation,15,"[""hostname_length"", ""path_length"", ""letter_count"", ""path_segment_count"", ""url_length"", ""token_mean_length"", ""query_length"", ""longest_repeated_char_run"", ""slash_count"", ""dot_count"", ""token_max_length"", ""question_mark_count"", ""hyphen_count"", ""subdomain_depth"", ""query_parameter_count""]",0.95
0.2423747877290872,0.5132249151639535,unfiltered,,35,34318,0.9700378766465034,0.012491099999976996,2.7548022848018426e-07,0.2122289934509429,lr,20261002,35378,9965,45343,0.2263201412336083,0.22441692279877057,0.9964877069744105,r01,0.5183619121217892,S4-external,lr_c1_balanced,"{""C"": 1.0, ""class_weight"": ""balanced""}",phiusiil,iscx_url2016_binary,0.95,1060,9930,f_permutation,15,"[""hostname_length"", ""path_length"", ""letter_count"", ""path_segment_count"", ""url_length"", ""token_mean_length"", ""query_length"", ""longest_repeated_char_run"", ""slash_count"", ""dot_count"", ""token_max_length"", ""question_mark_count"", ""hyphen_count"", ""subdomain_depth"", ""query_parameter_count""]",0.95
0.2291600864938409,0.5142648666596943,primary_domain_filtered,master,16,31711,0.9695774475631382,0.0178044000000001,3.9266038859361234e-07,0.2031075871176372,lr,20261002,32706,8453,41159,0.2134512007711796,0.210147454418651,0.9981071808825268,r01,0.5236257172719796,S4-external,lr_c1,"{""C"": 1.0, ""class_weight"": null}",phiusiil,iscx_url2016_binary,0.94,995,8437,f_single,15,"[""hostname_length"", ""letter_count"", ""query_length"", ""path_segment_count"", ""path_length"", ""url_length"", ""question_mark_count"", ""slash_count"", ""dot_count"", ""token_mean_length"", ""query_parameter_count"", ""token_max_length"", ""longest_repeated_char_run"", ""hyphen_count"", ""digit_ratio""]",0.94
0.2411397569635886,0.5127218031497375,unfiltered,master,27,34382,0.971846910509356,0.0178044000000001,3.9266038859361234e-07,0.2104327155418223,lr,20261002,35378,9965,45343,0.2248719629590813,0.2242328519855595,0.997290516808831,r01,0.5143830672887357,S4-external,lr_c1,"{""C"": 1.0, ""class_weight"": null}",phiusiil,iscx_url2016_binary,0.94,996,9938,f_single,15,"[""hostname_length"", ""letter_count"", ""query_length"", ""path_segment_count"", ""path_length"", ""url_length"", ""question_mark_count"", ""slash_count"", ""dot_count"", ""token_mean_length"", ""query_parameter_count"", ""token_max_length"", ""longest_repeated_char_run"", ""hyphen_count"", ""digit_ratio""]",0.94
0.2308365120629752,0.5151881303324836,primary_domain_filtered,master,19,31639,0.9673760166330336,0.0190502999999999,4.20137617713869e-07,0.2053792549140323,lr,20261002,32706,8453,41159,0.2145186526067503,0.2104658997329873,0.9977522772980008,r01,0.5266105255769853,S4-external,lr_c1,"{""C"": 1.0, ""class_weight"": null}",phiusiil,iscx_url2016_binary,0.94,1067,8434,f_stable,14,"[""letter_count"", ""hostname_length"", ""path_length"", ""path_segment_count"", ""query_length"", ""url_length"", ""slash_count"", ""dot_count"", ""question_mark_count"", ""token_mean_length"", ""token_max_length"", ""longest_repeated_char_run"", ""hyphen_count"", ""query_parameter_count""]",0.94
0.2427055995412743,0.5136892090829407,unfiltered,master,28,34310,0.969811747413647,0.0190502999999999,4.20137617713869e-07,0.2125800323775034,lr,20261002,35378,9965,45343,0.2259360695672491,0.2245801975275159,0.9971901655795284,r01,0.5172826414299787,S4-external,lr_c1,"{""C"": 1.0, ""class_weight"": null}",phiusiil,iscx_url2016_binary,0.94,1068,9937,f_stable,14,"[""letter_count"", ""hostname_length"", ""path_length"", ""path_segment_count"", ""query_length"", ""url_length"", ""slash_count"", ""dot_count"", ""question_mark_count"", ""token_mean_length"", ""token_max_length"", ""longest_repeated_char_run"", ""hyphen_count"", ""query_parameter_count""]",0.94
0.2050827279574333,0.4992901928309476,primary_domain_filtered,master,12,32706,1.0,0.1948251000001164,4.29669629270486e-06,0.1701814516129032,rf,20261002,32706,8453,41159,0.192011013737016,0.2051425377305757,0.9985803856618952,r01,0.4586887387918517,S4-external,rf_depth24_leaf2,"{""class_weight"": null, ""max_depth"": 24, ""max_features"": ""sqrt"", ""min_samples_leaf"": 2, ""n_estimators"": 200}",phiusiil,iscx_url2016_binary,0.86,0,8441,f_all,35,"[""url_length"", ""hostname_length"", ""path_length"", ""query_length"", ""fragment_length"", ""digit_count"", ""letter_count"", ""special_char_count"", ""digit_ratio"", ""letter_ratio"", ""special_char_ratio"", ""dot_count"", ""hyphen_count"", ""underscore_count"", ""slash_count"", ""question_mark_count"", ""equals_sign_count"", ""percent_sign_count"", ""at_sign_count"", ""subdomain_depth"", ""path_segment_count"", ""query_parameter_count"", ""has_port"", ""has_userinfo"", ""host_is_ip"", ""tld_length"", ""registrable_domain_length"", ""domain_digit_ratio"", ""domain_hyphen_ratio"", ""url_char_entropy"", ""longest_repeated_char_run"", ""char_type_transition_count"", ""token_count"", ""token_mean_length"", ""token_max_length""]",0.86
0.2194164479633019,0.4991971901655795,unfiltered,master,16,35378,1.0,0.1948251000001164,4.29669629270486e-06,0.179935614555451,rf,20261002,35378,9965,45343,0.2052803570465328,0.2194938998830719,0.998394380331159,r01,0.4573180987886911,S4-external,rf_depth24_leaf2,"{""class_weight"": null, ""max_depth"": 24, ""max_features"": ""sqrt"", ""min_samples_leaf"": 2, ""n_estimators"": 200}",phiusiil,iscx_url2016_binary,0.86,0,9949,f_all,35,"[""url_length"", ""hostname_length"", ""path_length"", ""query_length"", ""fragment_length"", ""digit_count"", ""letter_count"", ""special_char_count"", ""digit_ratio"", ""letter_ratio"", ""special_char_ratio"", ""dot_count"", ""hyphen_count"", ""underscore_count"", ""slash_count"", ""question_mark_count"", ""equals_sign_count"", ""percent_sign_count"", ""at_sign_count"", ""subdomain_depth"", ""path_segment_count"", ""query_parameter_count"", ""has_port"", ""has_userinfo"", ""host_is_ip"", ""tld_length"", ""registrable_domain_length"", ""domain_digit_ratio"", ""domain_hyphen_ratio"", ""url_char_entropy"", ""longest_repeated_char_run"", ""char_type_transition_count"", ""token_count"", ""token_mean_length"", ""token_max_length""]",0.86
0.20498554386646906,0.49905359044126346,primary_domain_filtered,,16,32706,1.0,0.04112279999998236,9.06927199346809e-07,0.17011452536494878,rf,20261002,32706,8453,41159,0.20581277870237996,0.2050652601900688,0.9981071808825269,r01,0.5013005879127372,S4-external,rf_depth16_leaf1,"{""class_weight"": null, ""max_depth"": 16, ""max_features"": ""sqrt"", ""min_samples_leaf"": 1, ""n_estimators"": 200}",phiusiil,iscx_url2016_binary,0.93,0,8437,f_mi,15,"[""longest_repeated_char_run"", ""subdomain_depth"", ""char_type_transition_count"", ""letter_ratio"", ""token_count"", ""special_char_count"", ""special_char_ratio"", ""path_length"", ""url_char_entropy"", ""token_mean_length"", ""path_segment_count"", ""url_length"", ""dot_count"", ""slash_count"", ""letter_count""]",0.93
0.21912974439273977,0.4985449071751129,unfiltered,,29,35378,1.0,0.04112279999998236,9.06927199346809e-07,0.17974275945657484,rf,20261002,35378,9965,45343,0.21787749822005265,0.2192699827867767,0.9970898143502258,r01,0.4944646800292628,S4-external,rf_depth16_leaf1,"{""class_weight"": null, ""max_depth"": 16, ""max_features"": ""sqrt"", ""min_samples_leaf"": 1, ""n_estimators"": 200}",phiusiil,iscx_url2016_binary,0.93,0,9936,f_mi,15,"[""longest_repeated_char_run"", ""subdomain_depth"", ""char_type_transition_count"", ""letter_ratio"", ""token_count"", ""special_char_count"", ""special_char_ratio"", ""path_length"", ""url_char_entropy"", ""token_mean_length"", ""path_segment_count"", ""url_length"", ""dot_count"", ""slash_count"", ""letter_count""]",0.93
0.20255594159236134,0.4931385306991601,primary_domain_filtered,,116,32706,1.0,0.19289190000000644,4.254061266347759e-06,0.16843785356392435,rf,20261002,32706,8453,41159,0.16744866951526596,0.20312842628462832,0.9862770613983202,r01,0.3764860760188156,S4-external,rf_depth24_leaf2,"{""class_weight"": null, ""max_depth"": 24, ""max_features"": ""sqrt"", ""min_samples_leaf"": 2, ""n_estimators"": 200}",phiusiil,iscx_url2016_binary,0.88,0,8337,f_permutation,15,"[""longest_repeated_char_run"", ""hostname_length"", ""letter_ratio"", ""registrable_domain_length"", ""token_mean_length"", ""subdomain_depth"", ""special_char_ratio"", ""url_length"", ""letter_count"", ""token_max_length"", ""domain_digit_ratio"", ""dot_count"", ""domain_hyphen_ratio"", ""query_parameter_count"", ""question_mark_count""]",0.88
0.21710076527799219,0.49392875062719516,unfiltered,,121,35378,1.0,0.19289190000000644,4.254061266347759e-06,0.17837534201895375,rf,20261002,35378,9965,45343,0.18416917157285426,0.2176816593693335,0.9878575012543903,r01,0.3911003723048193,S4-external,rf_depth24_leaf2,"{""class_weight"": null, ""max_depth"": 24, ""max_features"": ""sqrt"", ""min_samples_leaf"": 2, ""n_estimators"": 200}",phiusiil,iscx_url2016_binary,0.88,0,9844,f_permutation,15,"[""longest_repeated_char_run"", ""hostname_length"", ""letter_ratio"", ""registrable_domain_length"", ""token_mean_length"", ""subdomain_depth"", ""special_char_ratio"", ""url_length"", ""letter_count"", ""token_max_length"", ""domain_digit_ratio"", ""dot_count"", ""domain_hyphen_ratio"", ""query_parameter_count"", ""question_mark_count""]",0.88
0.2050827279574333,0.4992463299483189,primary_domain_filtered,master,13,32705,0.9999694245704152,0.0659673999999999,1.4548530092847826e-06,0.1701987142887988,rf,20261002,32706,8453,41159,0.1924180898043458,0.2051282051282051,0.9984620844670532,r01,0.4595048148398211,S4-external,rf_depth24_leaf2,"{""class_weight"": null, ""max_depth"": 24, ""max_features"": ""sqrt"", ""min_samples_leaf"": 2, ""n_estimators"": 200}",phiusiil,iscx_url2016_binary,0.84,1,8440,f_single,15,"[""longest_repeated_char_run"", ""hostname_length"", ""subdomain_depth"", ""letter_ratio"", ""url_length"", ""registrable_domain_length"", ""path_length"", ""token_mean_length"", ""path_segment_count"", ""token_max_length"", ""digit_count"", ""letter_count"", ""digit_ratio"", ""char_type_transition_count"", ""special_char_ratio""]",0.84
0.2193943938424894,0.4991109720133305,unfiltered,master,18,35377,0.9999717338458928,0.0659673999999999,1.4548530092847826e-06,0.179937455344253,rf,20261002,35378,9965,45343,0.2038471375693774,0.2194643014738328,0.998193677872554,r01,0.4524439926650394,S4-external,rf_depth24_leaf2,"{""class_weight"": null, ""max_depth"": 24, ""max_features"": ""sqrt"", ""min_samples_leaf"": 2, ""n_estimators"": 200}",phiusiil,iscx_url2016_binary,0.84,1,9947,f_single,15,"[""longest_repeated_char_run"", ""hostname_length"", ""subdomain_depth"", ""letter_ratio"", ""url_length"", ""registrable_domain_length"", ""path_length"", ""token_mean_length"", ""path_segment_count"", ""token_max_length"", ""digit_count"", ""letter_count"", ""digit_ratio"", ""char_type_transition_count"", ""special_char_ratio""]",0.84
0.2050827279574333,0.4992463299483189,primary_domain_filtered,master,13,32705,0.9999694245704152,0.0796501999999996,1.7566151335376942e-06,0.1701987142887988,rf,20261002,32706,8453,41159,0.1932892180717177,0.2051282051282051,0.9984620844670532,r01,0.4623917821318665,S4-external,rf_depth24_leaf2,"{""class_weight"": null, ""max_depth"": 24, ""max_features"": ""sqrt"", ""min_samples_leaf"": 2, ""n_estimators"": 200}",phiusiil,iscx_url2016_binary,0.85,1,8440,f_stable,14,"[""longest_repeated_char_run"", ""hostname_length"", ""subdomain_depth"", ""registrable_domain_length"", ""letter_ratio"", ""path_length"", ""url_length"", ""char_type_transition_count"", ""path_segment_count"", ""token_mean_length"", ""token_max_length"", ""special_char_ratio"", ""digit_count"", ""digit_ratio""]",0.85
0.2194164479633019,0.4991611476279818,unfiltered,master,17,35377,0.9999717338458928,0.0796501999999996,1.7566151335376942e-06,0.1799522886762267,rf,20261002,35378,9965,45343,0.2077016994839738,0.2194815223386652,0.9982940291018564,r01,0.4643259549074143,S4-external,rf_depth24_leaf2,"{""class_weight"": null, ""max_depth"": 24, ""max_features"": ""sqrt"", ""min_samples_leaf"": 2, ""n_estimators"": 200}",phiusiil,iscx_url2016_binary,0.85,1,9948,f_stable,14,"[""longest_repeated_char_run"", ""hostname_length"", ""subdomain_depth"", ""registrable_domain_length"", ""letter_ratio"", ""path_length"", ""url_length"", ""char_type_transition_count"", ""path_segment_count"", ""token_mean_length"", ""token_max_length"", ""special_char_ratio"", ""digit_count"", ""digit_ratio""]",0.85
0.205277096139362,0.4997633976103158,primary_domain_filtered,master,4,32706,1.0,0.0594068000000334,1.310164744283206e-06,0.170315271730366,xgb,20261002,32706,8453,41159,0.1149543387310135,0.2052970477463248,0.9995267952206316,r01,0.0782954444331662,S4-external,xgb_d6_lr01_balanced,"{""colsample_bytree"": 0.9, ""learning_rate"": 0.1, ""max_depth"": 6, ""n_estimators"": 200, ""reg_lambda"": 1.0, ""scale_pos_weight"": 1.3542785150825352, ""subsample"": 0.9}",phiusiil,iscx_url2016_binary,0.8,0,8449,f_all,35,"[""url_length"", ""hostname_length"", ""path_length"", ""query_length"", ""fragment_length"", ""digit_count"", ""letter_count"", ""special_char_count"", ""digit_ratio"", ""letter_ratio"", ""special_char_ratio"", ""dot_count"", ""hyphen_count"", ""underscore_count"", ""slash_count"", ""question_mark_count"", ""equals_sign_count"", ""percent_sign_count"", ""at_sign_count"", ""subdomain_depth"", ""path_segment_count"", ""query_parameter_count"", ""has_port"", ""has_userinfo"", ""host_is_ip"", ""tld_length"", ""registrable_domain_length"", ""domain_digit_ratio"", ""domain_hyphen_ratio"", ""url_char_entropy"", ""longest_repeated_char_run"", ""char_type_transition_count"", ""token_count"", ""token_mean_length"", ""token_max_length""]",0.8
0.2196149350506142,0.499648770697441,unfiltered,master,7,35378,1.0,0.0594068000000334,1.310164744283206e-06,0.1800690765085622,xgb,20261002,35378,9965,45343,0.1259236999526715,0.2196488441856361,0.999297541394882,r01,0.0803085461334127,S4-external,xgb_d6_lr01_balanced,"{""colsample_bytree"": 0.9, ""learning_rate"": 0.1, ""max_depth"": 6, ""n_estimators"": 200, ""reg_lambda"": 1.0, ""scale_pos_weight"": 1.3542785150825352, ""subsample"": 0.9}",phiusiil,iscx_url2016_binary,0.8,0,9958,f_all,35,"[""url_length"", ""hostname_length"", ""path_length"", ""query_length"", ""fragment_length"", ""digit_count"", ""letter_count"", ""special_char_count"", ""digit_ratio"", ""letter_ratio"", ""special_char_ratio"", ""dot_count"", ""hyphen_count"", ""underscore_count"", ""slash_count"", ""question_mark_count"", ""equals_sign_count"", ""percent_sign_count"", ""at_sign_count"", ""subdomain_depth"", ""path_segment_count"", ""query_parameter_count"", ""has_port"", ""has_userinfo"", ""host_is_ip"", ""tld_length"", ""registrable_domain_length"", ""domain_digit_ratio"", ""domain_hyphen_ratio"", ""url_char_entropy"", ""longest_repeated_char_run"", ""char_type_transition_count"", ""token_count"", ""token_mean_length"", ""token_max_length""]",0.8
0.2049369518209869,0.4989352892464214,primary_domain_filtered,,18,32706,1.0,0.02705980000001773,5.967800983617698e-07,0.17008105819252328,xgb,20261002,32706,8453,41159,0.18940832858670087,0.2050266157847403,0.9978705784928428,r01,0.22486115344033916,S4-external,xgb_d6_lr005,"{""colsample_bytree"": 0.9, ""learning_rate"": 0.05, ""max_depth"": 6, ""n_estimators"": 250, ""reg_lambda"": 1.0, ""scale_pos_weight"": 1.0, ""subsample"": 0.9}",phiusiil,iscx_url2016_binary,0.95,0,8435,f_mi,15,"[""longest_repeated_char_run"", ""subdomain_depth"", ""char_type_transition_count"", ""letter_ratio"", ""token_count"", ""special_char_count"", ""special_char_ratio"", ""path_length"", ""url_char_entropy"", ""token_mean_length"", ""path_segment_count"", ""url_length"", ""dot_count"", ""slash_count"", ""letter_count""]",0.95
0.2189312573054275,0.4980933266432514,unfiltered,,38,35378,1.0,0.02705980000001773,5.967800983617698e-07,0.17960919124298896,xgb,20261002,35378,9965,45343,0.18958562211782715,0.219114887981459,0.9961866532865028,r01,0.21600870869854658,S4-external,xgb_d6_lr005,"{""colsample_bytree"": 0.9, ""learning_rate"": 0.05, ""max_depth"": 6, ""n_estimators"": 250, ""reg_lambda"": 1.0, ""scale_pos_weight"": 1.0, ""subsample"": 0.9}",phiusiil,iscx_url2016_binary,0.95,0,9927,f_mi,15,"[""longest_repeated_char_run"", ""subdomain_depth"", ""char_type_transition_count"", ""letter_ratio"", ""token_count"", ""special_char_count"", ""special_char_ratio"", ""path_length"", ""url_char_entropy"", ""token_mean_length"", ""path_segment_count"", ""url_length"", ""dot_count"", ""slash_count"", ""letter_count""]",0.95
0.2051556160256566,0.4994676446232107,primary_domain_filtered,,9,32706,1.0,0.030225799999982428,6.666034448532834e-07,0.17023163921537005,xgb,20261002,32706,8453,41159,0.11293033950869974,0.20520048602673147,0.9989352892464214,r01,0.04862620214555525,S4-external,xgb_d6_lr01_balanced,"{""colsample_bytree"": 0.9, ""learning_rate"": 0.1, ""max_depth"": 6, ""n_estimators"": 200, ""reg_lambda"": 1.0, ""scale_pos_weight"": 1.3542785150825352, ""subsample"": 0.9}",phiusiil,iscx_url2016_binary,0.85,0,8444,f_permutation,15,"[""hostname_length"", ""url_length"", ""longest_repeated_char_run"", ""path_length"", ""token_max_length"", ""registrable_domain_length"", ""letter_count"", ""dot_count"", ""char_type_transition_count"", ""digit_count"", ""letter_ratio"", ""subdomain_depth"", ""digit_ratio"", ""special_char_ratio"", ""domain_hyphen_ratio""]",0.85
0.21948261032573937,0.49934771700953334,unfiltered,,13,35378,1.0,0.030225799999982428,6.666034448532834e-07,0.179980106700425,xgb,20261002,35378,9965,45343,0.12447708067500467,0.21954555482020738,0.9986954340190667,r01,0.06429669312660453,S4-external,xgb_d6_lr01_balanced,"{""colsample_bytree"": 0.9, ""learning_rate"": 0.1, ""max_depth"": 6, ""n_estimators"": 200, ""reg_lambda"": 1.0, ""scale_pos_weight"": 1.3542785150825352, ""subsample"": 0.9}",phiusiil,iscx_url2016_binary,0.85,0,9952,f_permutation,15,"[""hostname_length"", ""url_length"", ""longest_repeated_char_run"", ""path_length"", ""token_max_length"", ""registrable_domain_length"", ""letter_count"", ""dot_count"", ""char_type_transition_count"", ""digit_count"", ""letter_ratio"", ""subdomain_depth"", ""digit_ratio"", ""special_char_ratio"", ""domain_hyphen_ratio""]",0.85
0.2053256881848441,0.4998816988051579,primary_domain_filtered,master,2,32706,1.0,0.0266564000000002,5.878834660256323e-07,0.1703487200161257,xgb,20261002,32706,8453,41159,0.1160181733911445,0.2053356658648589,0.999763397610316,r01,0.0900096735262478,S4-external,xgb_d6_lr01_balanced,"{""colsample_bytree"": 0.9, ""learning_rate"": 0.1, ""max_depth"": 6, ""n_estimators"": 200, ""reg_lambda"": 1.0, ""scale_pos_weight"": 1.3542785150825352, ""subsample"": 0.9}",phiusiil,iscx_url2016_binary,0.78,0,8451,f_single,15,"[""hostname_length"", ""longest_repeated_char_run"", ""url_length"", ""path_length"", ""token_max_length"", ""subdomain_depth"", ""registrable_domain_length"", ""char_type_transition_count"", ""dot_count"", ""digit_count"", ""slash_count"", ""token_mean_length"", ""letter_ratio"", ""special_char_ratio"", ""letter_count""]",0.78
0.2197031515338641,0.4998494731560461,unfiltered,master,3,35378,1.0,0.0266564000000002,5.878834660256323e-07,0.1801283789892414,xgb,20261002,35378,9965,45343,0.1289566216262456,0.2197176885752095,0.9996989463120924,r01,0.1317880048653525,S4-external,xgb_d6_lr01_balanced,"{""colsample_bytree"": 0.9, ""learning_rate"": 0.1, ""max_depth"": 6, ""n_estimators"": 200, ""reg_lambda"": 1.0, ""scale_pos_weight"": 1.3542785150825352, ""subsample"": 0.9}",phiusiil,iscx_url2016_binary,0.78,0,9962,f_single,15,"[""hostname_length"", ""longest_repeated_char_run"", ""url_length"", ""path_length"", ""token_max_length"", ""subdomain_depth"", ""registrable_domain_length"", ""char_type_transition_count"", ""dot_count"", ""digit_count"", ""slash_count"", ""token_mean_length"", ""letter_ratio"", ""special_char_ratio"", ""letter_count""]",0.78
0.205277096139362,0.4997633976103158,primary_domain_filtered,master,4,32706,1.0,0.0283854000000003,6.260150409104015e-07,0.170315271730366,xgb,20261002,32706,8453,41159,0.1160259462060095,0.2052970477463248,0.9995267952206316,r01,0.0882593377915369,S4-external,xgb_d6_lr01_balanced,"{""colsample_bytree"": 0.9, ""learning_rate"": 0.1, ""max_depth"": 6, ""n_estimators"": 200, ""reg_lambda"": 1.0, ""scale_pos_weight"": 1.3542785150825352, ""subsample"": 0.9}",phiusiil,iscx_url2016_binary,0.84,0,8449,f_stable,15,"[""hostname_length"", ""longest_repeated_char_run"", ""url_length"", ""path_length"", ""registrable_domain_length"", ""subdomain_depth"", ""token_max_length"", ""char_type_transition_count"", ""dot_count"", ""letter_ratio"", ""digit_count"", ""token_mean_length"", ""slash_count"", ""letter_count"", ""special_char_ratio""]",0.84
0.2196149350506142,0.499648770697441,unfiltered,master,7,35378,1.0,0.0283854000000003,6.260150409104015e-07,0.1800690765085622,xgb,20261002,35378,9965,45343,0.1273228541213447,0.2196488441856361,0.999297541394882,r01,0.1085963444842294,S4-external,xgb_d6_lr01_balanced,"{""colsample_bytree"": 0.9, ""learning_rate"": 0.1, ""max_depth"": 6, ""n_estimators"": 200, ""reg_lambda"": 1.0, ""scale_pos_weight"": 1.3542785150825352, ""subsample"": 0.9}",phiusiil,iscx_url2016_binary,0.84,0,9958,f_stable,15,"[""hostname_length"", ""longest_repeated_char_run"", ""url_length"", ""path_length"", ""registrable_domain_length"", ""subdomain_depth"", ""token_max_length"", ""char_type_transition_count"", ""dot_count"", ""letter_ratio"", ""digit_count"", ""token_mean_length"", ""slash_count"", ""letter_count"", ""special_char_ratio""]",0.84
0.2564749248229702,0.5314733796608863,primary_domain_filtered,master,20,30640,0.934687776455874,0.0799022000001059,1.7621727719847815e-06,0.2387398296642894,lr,20261003,32781,8455,41236,0.2241842300761869,0.2158669225847728,0.9976345357776464,r02,0.5532995135666472,S4-external,lr_c1,"{""C"": 1.0, ""class_weight"": null}",phiusiil,iscx_url2016_binary,0.84,2141,8435,f_all,35,"[""url_length"", ""hostname_length"", ""path_length"", ""query_length"", ""fragment_length"", ""digit_count"", ""letter_count"", ""special_char_count"", ""digit_ratio"", ""letter_ratio"", ""special_char_ratio"", ""dot_count"", ""hyphen_count"", ""underscore_count"", ""slash_count"", ""question_mark_count"", ""equals_sign_count"", ""percent_sign_count"", ""at_sign_count"", ""subdomain_depth"", ""path_segment_count"", ""query_parameter_count"", ""has_port"", ""has_userinfo"", ""host_is_ip"", ""tld_length"", ""registrable_domain_length"", ""domain_digit_ratio"", ""domain_hyphen_ratio"", ""url_char_entropy"", ""longest_repeated_char_run"", ""char_type_transition_count"", ""token_count"", ""token_mean_length"", ""token_max_length""]",0.84
0.2665019958979335,0.5291190119116949,unfiltered,master,23,33236,0.9394538979026512,0.0799022000001059,1.7621727719847815e-06,0.2441347196755762,lr,20261003,35378,9965,45343,0.2356796310291968,0.2302561489647505,0.9976919217260412,r02,0.5429457777442941,S4-external,lr_c1,"{""C"": 1.0, ""class_weight"": null}",phiusiil,iscx_url2016_binary,0.84,2142,9942,f_all,35,"[""url_length"", ""hostname_length"", ""path_length"", ""query_length"", ""fragment_length"", ""digit_count"", ""letter_count"", ""special_char_count"", ""digit_ratio"", ""letter_ratio"", ""special_char_ratio"", ""dot_count"", ""hyphen_count"", ""underscore_count"", ""slash_count"", ""question_mark_count"", ""equals_sign_count"", ""percent_sign_count"", ""at_sign_count"", ""subdomain_depth"", ""path_segment_count"", ""query_parameter_count"", ""has_port"", ""has_userinfo"", ""host_is_ip"", ""tld_length"", ""registrable_domain_length"", ""domain_digit_ratio"", ""domain_hyphen_ratio"", ""url_char_entropy"", ""longest_repeated_char_run"", ""char_type_transition_count"", ""token_count"", ""token_mean_length"", ""token_max_length""]",0.84
0.2045057716558347,0.4986551108100131,primary_domain_filtered,,23,32780,0.9999694945242671,0.027813400000013644,6.1340008380596e-07,0.16980115583810432,lr,20261003,32781,8455,41236,0.19396655596125104,0.2046006017664758,0.9972797161442933,r02,0.46543759004504753,S4-external,lr_c1_balanced,"{""C"": 1.0, ""class_weight"": ""balanced""}",phiusiil,iscx_url2016_binary,0.93,1,8432,f_mi,15,"[""longest_repeated_char_run"", ""subdomain_depth"", ""char_type_transition_count"", ""letter_ratio"", ""special_char_count"", ""token_count"", ""special_char_ratio"", ""path_length"", ""token_mean_length"", ""path_segment_count"", ""url_char_entropy"", ""dot_count"", ""slash_count"", ""url_length"", ""letter_count""]",0.93
0.21871071609730278,0.4975555279591409,unfiltered,,49,35377,0.9999717338458929,0.027813400000013644,6.1340008380596e-07,0.17947735579951837,lr,20261003,35378,9965,45343,0.20592037279251216,0.2189300774954187,0.9950827897641746,r02,0.4587447694495888,S4-external,lr_c1_balanced,"{""C"": 1.0, ""class_weight"": ""balanced""}",phiusiil,iscx_url2016_binary,0.93,1,9916,f_mi,15,"[""longest_repeated_char_run"", ""subdomain_depth"", ""char_type_transition_count"", ""letter_ratio"", ""special_char_count"", ""token_count"", ""special_char_ratio"", ""path_length"", ""token_mean_length"", ""path_segment_count"", ""url_char_entropy"", ""dot_count"", ""slash_count"", ""url_length"", ""letter_count""]",0.93
0.24301581142690853,0.5227886908065462,primary_domain_filtered,,25,31190,0.9514657881089655,0.010699499999986983,2.3596806563277648e-07,0.22160504782257748,lr,20261003,32781,8455,41236,0.21907204043248643,0.212771327612317,0.997043169722058,r02,0.5400533342512037,S4-external,lr_c1_balanced,"{""C"": 1.0, ""class_weight"": ""balanced""}",phiusiil,iscx_url2016_binary,0.83,1591,8430,f_permutation,15,"[""hostname_length"", ""path_segment_count"", ""letter_count"", ""path_length"", ""token_mean_length"", ""url_length"", ""slash_count"", ""longest_repeated_char_run"", ""query_length"", ""dot_count"", ""token_max_length"", ""subdomain_depth"", ""hyphen_count"", ""question_mark_count"", ""special_char_ratio""]",0.83
0.25423990472619806,0.5210447658443423,unfiltered,,29,33786,0.955000282661541,0.010699499999986983,2.3596806563277648e-07,0.22810092636771695,lr,20261003,35378,9965,45343,0.23066919882203385,0.22725401399752984,0.9970898143502258,r02,0.5300512773280737,S4-external,lr_c1_balanced,"{""C"": 1.0, ""class_weight"": ""balanced""}",phiusiil,iscx_url2016_binary,0.83,1592,9936,f_permutation,15,"[""hostname_length"", ""path_segment_count"", ""letter_count"", ""path_length"", ""token_mean_length"", ""url_length"", ""slash_count"", ""longest_repeated_char_run"", ""query_length"", ""dot_count"", ""token_max_length"", ""subdomain_depth"", ""hyphen_count"", ""question_mark_count"", ""special_char_ratio""]",0.83
0.2300174604714327,0.514876526516285,primary_domain_filtered,master,19,31732,0.967999755956194,0.0108638,2.3959155768255495e-07,0.2044887145334152,lr,20261003,32781,8455,41236,0.2135643372203291,0.210017924716192,0.997752808988764,r02,0.524914139533345,S4-external,lr_c1,"{""C"": 1.0, ""class_weight"": null}",phiusiil,iscx_url2016_binary,0.95,1049,8436,f_single,15,"[""letter_count"", ""hostname_length"", ""path_segment_count"", ""path_length"", ""url_length"", ""query_length"", ""slash_count"", ""dot_count"", ""token_mean_length"", ""question_mark_count"", ""token_max_length"", ""longest_repeated_char_run"", ""hyphen_count"", ""query_parameter_count"", ""digit_ratio""]",0.95
0.2422645171250248,0.5133344624666745,unfiltered,master,30,34328,0.9703205381875742,0.0108638,2.3959155768255495e-07,0.2120082001758803,lr,20261003,35378,9965,45343,0.2253744533863495,0.2244538327722929,0.9969894631209232,r02,0.5157643532566368,S4-external,lr_c1,"{""C"": 1.0, ""class_weight"": null}",phiusiil,iscx_url2016_binary,0.95,1050,9935,f_single,15,"[""letter_count"", ""hostname_length"", ""path_segment_count"", ""path_length"", ""url_length"", ""query_length"", ""slash_count"", ""dot_count"", ""token_mean_length"", ""question_mark_count"", ""token_max_length"", ""longest_repeated_char_run"", ""hyphen_count"", ""query_parameter_count"", ""digit_ratio""]",0.95
0.2280531574352507,0.51377270635218,primary_domain_filtered,master,16,31816,0.9705622159177572,0.0097886999999996,2.158811723970547e-07,0.201832275978342,lr,20261003,32781,8455,41236,0.2132718681324566,0.2096385542168674,0.9981076286221172,r02,0.5240751234953119,S4-external,lr_c1,"{""C"": 1.0, ""class_weight"": null}",phiusiil,iscx_url2016_binary,0.94,965,8439,f_stable,14,"[""letter_count"", ""hostname_length"", ""path_segment_count"", ""path_length"", ""query_length"", ""url_length"", ""slash_count"", ""dot_count"", ""token_mean_length"", ""question_mark_count"", ""token_max_length"", ""hyphen_count"", ""longest_repeated_char_run"", ""query_parameter_count""]",0.94
0.2404560792184019,0.5122836777610779,unfiltered,master,27,34413,0.9727231612866754,0.0097886999999996,2.158811723970547e-07,0.2094992018417544,lr,20261003,35378,9965,45343,0.225122061115666,0.2240761200423891,0.997290516808831,r02,0.5150364579493658,S4-external,lr_c1,"{""C"": 1.0, ""class_weight"": null}",phiusiil,iscx_url2016_binary,0.94,965,9938,f_stable,14,"[""letter_count"", ""hostname_length"", ""path_segment_count"", ""path_length"", ""query_length"", ""url_length"", ""slash_count"", ""dot_count"", ""token_mean_length"", ""question_mark_count"", ""token_max_length"", ""hyphen_count"", ""longest_repeated_char_run"", ""query_parameter_count""]",0.94
0.2047482782035115,0.4992903607332939,primary_domain_filtered,master,12,32781,1.0,0.1950928999999632,4.302602386255062e-06,0.1699510859719398,rf,20261003,32781,8455,41236,0.1906707539093501,0.2048078789054919,0.9985807214665878,r02,0.4550735341618303,S4-external,rf_depth24_leaf2,"{""class_weight"": null, ""max_depth"": 24, ""max_features"": ""sqrt"", ""min_samples_leaf"": 2, ""n_estimators"": 200}",phiusiil,iscx_url2016_binary,0.81,0,8443,f_all,35,"[""url_length"", ""hostname_length"", ""path_length"", ""query_length"", ""fragment_length"", ""digit_count"", ""letter_count"", ""special_char_count"", ""digit_ratio"", ""letter_ratio"", ""special_char_ratio"", ""dot_count"", ""hyphen_count"", ""underscore_count"", ""slash_count"", ""question_mark_count"", ""equals_sign_count"", ""percent_sign_count"", ""at_sign_count"", ""subdomain_depth"", ""path_segment_count"", ""query_parameter_count"", ""has_port"", ""has_userinfo"", ""host_is_ip"", ""tld_length"", ""registrable_domain_length"", ""domain_digit_ratio"", ""domain_hyphen_ratio"", ""url_char_entropy"", ""longest_repeated_char_run"", ""char_type_transition_count"", ""token_count"", ""token_mean_length"", ""token_max_length""]",0.81
0.2194826103257393,0.4993477170095333,unfiltered,master,13,35378,1.0,0.1950928999999632,4.302602386255062e-06,0.179980106700425,rf,20261003,35378,9965,45343,0.2045917447665083,0.2195455548202073,0.9986954340190668,r02,0.4549084353890887,S4-external,rf_depth24_leaf2,"{""class_weight"": null, ""max_depth"": 24, ""max_features"": ""sqrt"", ""min_samples_leaf"": 2, ""n_estimators"": 200}",phiusiil,iscx_url2016_binary,0.81,0,9952,f_all,35,"[""url_length"", ""hostname_length"", ""path_length"", ""query_length"", ""fragment_length"", ""digit_count"", ""letter_count"", ""special_char_count"", ""digit_ratio"", ""letter_ratio"", ""special_char_ratio"", ""dot_count"", ""hyphen_count"", ""underscore_count"", ""slash_count"", ""question_mark_count"", ""equals_sign_count"", ""percent_sign_count"", ""at_sign_count"", ""subdomain_depth"", ""path_segment_count"", ""query_parameter_count"", ""has_port"", ""has_userinfo"", ""host_is_ip"", ""tld_length"", ""registrable_domain_length"", ""domain_digit_ratio"", ""domain_hyphen_ratio"", ""url_char_entropy"", ""longest_repeated_char_run"", ""char_type_transition_count"", ""token_count"", ""token_mean_length"", ""token_max_length""]",0.81
0.20453002231060238,0.49875813128326435,primary_domain_filtered,,21,32781,1.0,0.055496500000003834,1.2239265156695374e-06,0.1698006845178176,rf,20261003,32781,8455,41236,0.19843355960136166,0.20463423510857698,0.9975162625665287,r02,0.479407734114057,S4-external,rf_depth16_leaf1,"{""class_weight"": null, ""max_depth"": 16, ""max_features"": ""sqrt"", ""min_samples_leaf"": 1, ""n_estimators"": 200}",phiusiil,iscx_url2016_binary,0.95,0,8434,f_mi,15,"[""longest_repeated_char_run"", ""subdomain_depth"", ""char_type_transition_count"", ""letter_ratio"", ""special_char_count"", ""token_count"", ""special_char_ratio"", ""path_length"", ""token_mean_length"", ""path_segment_count"", ""url_char_entropy"", ""dot_count"", ""slash_count"", ""url_length"", ""letter_count""]",0.95
0.21888714906380258,0.4979929754139488,unfiltered,,40,35378,1.0,0.055496500000003834,1.2239265156695374e-06,0.17957950351016863,rf,20261003,35378,9965,45343,0.2113203384734526,0.21908041410061144,0.9959859508278976,r02,0.47494603689089104,S4-external,rf_depth16_leaf1,"{""class_weight"": null, ""max_depth"": 16, ""max_features"": ""sqrt"", ""min_samples_leaf"": 1, ""n_estimators"": 200}",phiusiil,iscx_url2016_binary,0.95,0,9925,f_mi,15,"[""longest_repeated_char_run"", ""subdomain_depth"", ""char_type_transition_count"", ""letter_ratio"", ""special_char_count"", ""token_count"", ""special_char_ratio"", ""path_length"", ""token_mean_length"", ""path_segment_count"", ""url_char_entropy"", ""dot_count"", ""slash_count"", ""url_length"", ""letter_count""]",0.95
0.20469977689397614,0.49917208752217623,primary_domain_filtered,,14,32781,1.0,0.06630430000006982,1.462283042588047e-06,0.16991766813615958,rf,20261003,32781,8455,41236,0.20119574865533296,0.20476929794769783,0.9983441750443525,r02,0.48861409185929355,S4-external,rf_depth24_leaf2,"{""class_weight"": null, ""max_depth"": 24, ""max_features"": ""sqrt"", ""min_samples_leaf"": 2, ""n_estimators"": 200}",phiusiil,iscx_url2016_binary,0.82,0,8441,f_permutation,15,"[""longest_repeated_char_run"", ""hostname_length"", ""registrable_domain_length"", ""letter_ratio"", ""url_length"", ""subdomain_depth"", ""letter_count"", ""token_mean_length"", ""special_char_ratio"", ""token_max_length"", ""char_type_transition_count"", ""path_segment_count"", ""path_length"", ""digit_ratio"", ""dot_count""]",0.82
0.219372339721677,0.499096838936277,unfiltered,,18,35378,1.0,0.06630430000006982,1.462283042588047e-06,0.1799059504431181,rf,20261003,35378,9965,45343,0.2148410581938751,0.21945945945945947,0.998193677872554,r02,0.485998627907269,S4-external,rf_depth24_leaf2,"{""class_weight"": null, ""max_depth"": 24, ""max_features"": ""sqrt"", ""min_samples_leaf"": 2, ""n_estimators"": 200}",phiusiil,iscx_url2016_binary,0.82,0,9947,f_permutation,15,"[""longest_repeated_char_run"", ""hostname_length"", ""registrable_domain_length"", ""letter_ratio"", ""url_length"", ""subdomain_depth"", ""letter_count"", ""token_mean_length"", ""special_char_ratio"", ""token_max_length"", ""char_type_transition_count"", ""path_segment_count"", ""path_length"", ""digit_ratio"", ""dot_count""]",0.82
0.2047240275487438,0.4991873402600427,primary_domain_filtered,master,14,32780,0.9999694945242672,0.1197480000000004,2.640936859052123e-06,0.1699515801778375,rf,20261003,32781,8455,41236,0.1962815303550618,0.2047742655442614,0.9983441750443524,r02,0.4729738713113787,S4-external,rf_depth24_leaf2,"{""class_weight"": null, ""max_depth"": 24, ""max_features"": ""sqrt"", ""min_samples_leaf"": 2, ""n_estimators"": 200}",phiusiil,iscx_url2016_binary,0.85,1,8441,f_single,15,"[""longest_repeated_char_run"", ""hostname_length"", ""subdomain_depth"", ""letter_ratio"", ""registrable_domain_length"", ""url_length"", ""token_mean_length"", ""path_segment_count"", ""char_type_transition_count"", ""path_length"", ""digit_ratio"", ""digit_count"", ""special_char_ratio"", ""letter_count"", ""token_max_length""]",0.85
0.219372339721677,0.4990607963986792,unfiltered,master,19,35377,0.9999717338458928,0.1197480000000004,2.640936859052123e-06,0.1799226214757691,rf,20261003,35378,9965,45343,0.2106720075114226,0.2194470798490832,0.9980933266432512,r02,0.4733281193885195,S4-external,rf_depth24_leaf2,"{""class_weight"": null, ""max_depth"": 24, ""max_features"": ""sqrt"", ""min_samples_leaf"": 2, ""n_estimators"": 200}",phiusiil,iscx_url2016_binary,0.85,1,9946,f_single,15,"[""longest_repeated_char_run"", ""hostname_length"", ""subdomain_depth"", ""letter_ratio"", ""registrable_domain_length"", ""url_length"", ""token_mean_length"", ""path_segment_count"", ""char_type_transition_count"", ""path_length"", ""digit_ratio"", ""digit_count"", ""special_char_ratio"", ""letter_count"", ""token_max_length""]",0.85
0.2047725288582791,0.4993056134711603,primary_domain_filtered,master,12,32780,0.9999694945242672,0.1194493000000003,2.6343492931654348e-06,0.1699850004081784,rf,20261003,32781,8455,41236,0.1923182072440254,0.2048128471969531,0.9985807214665878,r02,0.460530130326933,S4-external,rf_depth24_leaf2,"{""class_weight"": null, ""max_depth"": 24, ""max_features"": ""sqrt"", ""min_samples_leaf"": 2, ""n_estimators"": 200}",phiusiil,iscx_url2016_binary,0.79,1,8443,f_stable,14,"[""longest_repeated_char_run"", ""hostname_length"", ""subdomain_depth"", ""registrable_domain_length"", ""letter_ratio"", ""path_length"", ""url_length"", ""token_mean_length"", ""char_type_transition_count"", ""path_segment_count"", ""token_max_length"", ""special_char_ratio"", ""digit_count"", ""digit_ratio""]",0.79
0.2194826103257393,0.4993116744719356,unfiltered,master,14,35377,0.9999717338458928,0.1194493000000003,2.6343492931654348e-06,0.179996785453378,rf,20261003,35378,9965,45343,0.2068917835871118,0.2195331803741616,0.9985950827897642,r02,0.4620711582630337,S4-external,rf_depth24_leaf2,"{""class_weight"": null, ""max_depth"": 24, ""max_features"": ""sqrt"", ""min_samples_leaf"": 2, ""n_estimators"": 200}",phiusiil,iscx_url2016_binary,0.79,1,9951,f_stable,14,"[""longest_repeated_char_run"", ""hostname_length"", ""subdomain_depth"", ""registrable_domain_length"", ""letter_ratio"", ""path_length"", ""url_length"", ""token_mean_length"", ""char_type_transition_count"", ""path_segment_count"", ""token_max_length"", ""special_char_ratio"", ""digit_count"", ""digit_ratio""]",0.79
0.2047725288582791,0.4993494973388527,primary_domain_filtered,master,11,32781,1.0,0.0343248000001494,7.570032860672977e-07,0.1699677938808373,xgb,20261003,32781,8455,41236,0.115607583732181,0.2048271679805943,0.9986989946777056,r02,0.0926485700102742,S4-external,xgb_d6_lr01_balanced,"{""colsample_bytree"": 0.9, ""learning_rate"": 0.1, ""max_depth"": 6, ""n_estimators"": 200, ""reg_lambda"": 1.0, ""scale_pos_weight"": 1.3542591267000716, ""subsample"": 0.9}",phiusiil,iscx_url2016_binary,0.91,0,8444,f_all,35,"[""url_length"", ""hostname_length"", ""path_length"", ""query_length"", ""fragment_length"", ""digit_count"", ""letter_count"", ""special_char_count"", ""digit_ratio"", ""letter_ratio"", ""special_char_ratio"", ""dot_count"", ""hyphen_count"", ""underscore_count"", ""slash_count"", ""question_mark_count"", ""equals_sign_count"", ""percent_sign_count"", ""at_sign_count"", ""subdomain_depth"", ""path_segment_count"", ""query_parameter_count"", ""has_port"", ""has_userinfo"", ""host_is_ip"", ""tld_length"", ""registrable_domain_length"", ""domain_digit_ratio"", ""domain_hyphen_ratio"", ""url_char_entropy"", ""longest_repeated_char_run"", ""char_type_transition_count"", ""token_count"", ""token_mean_length"", ""token_max_length""]",0.91
0.2193943938424894,0.4991470145509282,unfiltered,master,17,35378,1.0,0.0343248000001494,7.570032860672977e-07,0.179920782767539,xgb,20261003,35378,9965,45343,0.1291556129136346,0.2194766800511847,0.9982940291018564,r02,0.1357690168174965,S4-external,xgb_d6_lr01_balanced,"{""colsample_bytree"": 0.9, ""learning_rate"": 0.1, ""max_depth"": 6, ""n_estimators"": 200, ""reg_lambda"": 1.0, ""scale_pos_weight"": 1.3542591267000716, ""subsample"": 0.9}",phiusiil,iscx_url2016_binary,0.91,0,9948,f_all,35,"[""url_length"", ""hostname_length"", ""path_length"", ""query_length"", ""fragment_length"", ""digit_count"", ""letter_count"", ""special_char_count"", ""digit_ratio"", ""letter_ratio"", ""special_char_ratio"", ""dot_count"", ""hyphen_count"", ""underscore_count"", ""slash_count"", ""question_mark_count"", ""equals_sign_count"", ""percent_sign_count"", ""at_sign_count"", ""subdomain_depth"", ""path_segment_count"", ""query_parameter_count"", ""has_port"", ""has_userinfo"", ""host_is_ip"", ""tld_length"", ""registrable_domain_length"", ""domain_digit_ratio"", ""domain_hyphen_ratio"", ""url_char_entropy"", ""longest_repeated_char_run"", ""char_type_transition_count"", ""token_count"", ""token_mean_length"", ""token_max_length""]",0.91
0.20460277427490542,0.49893554109994087,primary_domain_filtered,,18,32781,1.0,0.03768080000008922,8.310169155126308e-07,0.16985082439152055,xgb,20261003,32781,8455,41236,0.1953009772347086,0.20469212479984472,0.9978710821998817,r02,0.2890557591929856,S4-external,xgb_d6_lr005,"{""colsample_bytree"": 0.9, ""learning_rate"": 0.05, ""max_depth"": 6, ""n_estimators"": 250, ""reg_lambda"": 1.0, ""scale_pos_weight"": 1.0, ""subsample"": 0.9}",phiusiil,iscx_url2016_binary,0.94,0,8437,f_mi,15,"[""longest_repeated_char_run"", ""subdomain_depth"", ""char_type_transition_count"", ""letter_ratio"", ""special_char_count"", ""token_count"", ""special_char_ratio"", ""path_length"", ""token_mean_length"", ""path_segment_count"", ""url_char_entropy"", ""dot_count"", ""slash_count"", ""url_length"", ""letter_count""]",0.94
0.2189312573054275,0.4980933266432514,unfiltered,,38,35378,1.0,0.03768080000008922,8.310169155126308e-07,0.17960919124298896,xgb,20261003,35378,9965,45343,0.1994040860376018,0.219114887981459,0.9961866532865028,r02,0.2724497270209995,S4-external,xgb_d6_lr005,"{""colsample_bytree"": 0.9, ""learning_rate"": 0.05, ""max_depth"": 6, ""n_estimators"": 250, ""reg_lambda"": 1.0, ""scale_pos_weight"": 1.0, ""subsample"": 0.9}",phiusiil,iscx_url2016_binary,0.94,0,9927,f_mi,15,"[""longest_repeated_char_run"", ""subdomain_depth"", ""char_type_transition_count"", ""letter_ratio"", ""special_char_count"", ""token_count"", ""special_char_ratio"", ""path_length"", ""token_mean_length"", ""path_segment_count"", ""url_char_entropy"", ""dot_count"", ""slash_count"", ""url_length"", ""letter_count""]",0.94
0.20486953147734988,0.4995860437610881,primary_domain_filtered,,7,32781,1.0,0.03579500000000735,7.894272544826621e-07,0.1700346187907576,xgb,20261003,32781,8455,41236,0.11709383520699704,0.2049043149239613,0.9991720875221762,r02,0.10832517704225368,S4-external,xgb_d6_lr01_balanced,"{""colsample_bytree"": 0.9, ""learning_rate"": 0.1, ""max_depth"": 6, ""n_estimators"": 200, ""reg_lambda"": 1.0, ""scale_pos_weight"": 1.3542591267000716, ""subsample"": 0.9}",phiusiil,iscx_url2016_binary,0.83,0,8448,f_permutation,15,"[""hostname_length"", ""url_length"", ""longest_repeated_char_run"", ""path_length"", ""token_max_length"", ""slash_count"", ""char_type_transition_count"", ""registrable_domain_length"", ""digit_count"", ""dot_count"", ""path_segment_count"", ""domain_digit_ratio"", ""special_char_count"", ""subdomain_depth"", ""hyphen_count""]",0.83
0.21961493505061422,0.49964877069744107,unfiltered,,7,35378,1.0,0.03579500000000735,7.894272544826621e-07,0.18006907650856224,xgb,20261003,35378,9965,45343,0.12908533741454678,0.21964884418563613,0.9992975413948821,r02,0.12625681206513487,S4-external,xgb_d6_lr01_balanced,"{""colsample_bytree"": 0.9, ""learning_rate"": 0.1, ""max_depth"": 6, ""n_estimators"": 200, ""reg_lambda"": 1.0, ""scale_pos_weight"": 1.3542591267000716, ""subsample"": 0.9}",phiusiil,iscx_url2016_binary,0.83,0,9958,f_permutation,15,"[""hostname_length"", ""url_length"", ""longest_repeated_char_run"", ""path_length"", ""token_max_length"", ""slash_count"", ""char_type_transition_count"", ""registrable_domain_length"", ""digit_count"", ""dot_count"", ""path_segment_count"", ""domain_digit_ratio"", ""special_char_count"", ""subdomain_depth"", ""hyphen_count""]",0.83
0.2049665340964206,0.4998225901833235,primary_domain_filtered,master,3,32781,1.0,0.0353013999999998,7.78541340449459e-07,0.1701014329415553,xgb,20261003,32781,8455,41236,0.1138045929370139,0.2049814468993282,0.999645180366647,r02,0.0614400973029064,S4-external,xgb_d6_lr01_balanced,"{""colsample_bytree"": 0.9, ""learning_rate"": 0.1, ""max_depth"": 6, ""n_estimators"": 200, ""reg_lambda"": 1.0, ""scale_pos_weight"": 1.3542591267000716, ""subsample"": 0.9}",phiusiil,iscx_url2016_binary,0.79,0,8452,f_single,15,"[""hostname_length"", ""longest_repeated_char_run"", ""url_length"", ""path_length"", ""subdomain_depth"", ""token_max_length"", ""registrable_domain_length"", ""digit_count"", ""char_type_transition_count"", ""token_mean_length"", ""dot_count"", ""letter_ratio"", ""letter_count"", ""special_char_ratio"", ""slash_count""]",0.79
0.2196369891714266,0.4996989463120923,unfiltered,master,6,35378,1.0,0.0353013999999998,7.78541340449459e-07,0.1800839029329861,xgb,20261003,35378,9965,45343,0.1250063799729793,0.219666056421907,0.9993978926241848,r02,0.0815735763736592,S4-external,xgb_d6_lr01_balanced,"{""colsample_bytree"": 0.9, ""learning_rate"": 0.1, ""max_depth"": 6, ""n_estimators"": 200, ""reg_lambda"": 1.0, ""scale_pos_weight"": 1.3542591267000716, ""subsample"": 0.9}",phiusiil,iscx_url2016_binary,0.79,0,9959,f_single,15,"[""hostname_length"", ""longest_repeated_char_run"", ""url_length"", ""path_length"", ""subdomain_depth"", ""token_max_length"", ""registrable_domain_length"", ""digit_count"", ""char_type_transition_count"", ""token_mean_length"", ""dot_count"", ""letter_ratio"", ""letter_count"", ""special_char_ratio"", ""slash_count""]",0.79
0.2049422834416529,0.4997634535777646,primary_domain_filtered,master,4,32781,1.0,0.0290395999999999,6.404428467459132e-07,0.1700847304123815,xgb,20261003,32781,8455,41236,0.1140139293835044,0.2049621653084982,0.9995269071555292,r02,0.0626044882448475,S4-external,xgb_d6_lr01_balanced,"{""colsample_bytree"": 0.9, ""learning_rate"": 0.1, ""max_depth"": 6, ""n_estimators"": 200, ""reg_lambda"": 1.0, ""scale_pos_weight"": 1.3542591267000716, ""subsample"": 0.9}",phiusiil,iscx_url2016_binary,0.8,0,8451,f_stable,14,"[""hostname_length"", ""longest_repeated_char_run"", ""url_length"", ""path_length"", ""registrable_domain_length"", ""subdomain_depth"", ""token_max_length"", ""char_type_transition_count"", ""dot_count"", ""letter_ratio"", ""token_mean_length"", ""digit_count"", ""letter_count"", ""special_char_ratio""]",0.8
0.2196149350506142,0.499648770697441,unfiltered,master,7,35378,1.0,0.0290395999999999,6.404428467459132e-07,0.1800690765085622,xgb,20261003,35378,9965,45343,0.1256890273943786,0.2196488441856361,0.999297541394882,r02,0.0700182576946839,S4-external,xgb_d6_lr01_balanced,"{""colsample_bytree"": 0.9, ""learning_rate"": 0.1, ""max_depth"": 6, ""n_estimators"": 200, ""reg_lambda"": 1.0, ""scale_pos_weight"": 1.3542591267000716, ""subsample"": 0.9}",phiusiil,iscx_url2016_binary,0.8,0,9958,f_stable,14,"[""hostname_length"", ""longest_repeated_char_run"", ""url_length"", ""path_length"", ""registrable_domain_length"", ""subdomain_depth"", ""token_max_length"", ""char_type_transition_count"", ""dot_count"", ""letter_ratio"", ""token_mean_length"", ""digit_count"", ""letter_count"", ""special_char_ratio""]",0.8
0.2555405013064937,0.5295801311845914,primary_domain_filtered,master,23,30747,0.9381521938121682,0.07004360000019,1.544750016544782e-06,0.2366141743248611,lr,20261004,32774,8558,41332,0.2247719299378841,0.2172750878264854,0.9973124561813508,r03,0.5493407277837942,S4-external,lr_c1,"{""C"": 1.0, ""class_weight"": null}",phiusiil,iscx_url2016_binary,0.95,2027,8535,f_all,35,"[""url_length"", ""hostname_length"", ""path_length"", ""query_length"", ""fragment_length"", ""digit_count"", ""letter_count"", ""special_char_count"", ""digit_ratio"", ""letter_ratio"", ""special_char_ratio"", ""dot_count"", ""hyphen_count"", ""underscore_count"", ""slash_count"", ""question_mark_count"", ""equals_sign_count"", ""percent_sign_count"", ""at_sign_count"", ""subdomain_depth"", ""path_segment_count"", ""query_parameter_count"", ""has_port"", ""has_userinfo"", ""host_is_ip"", ""tld_length"", ""registrable_domain_length"", ""domain_digit_ratio"", ""domain_hyphen_ratio"", ""url_char_entropy"", ""longest_repeated_char_run"", ""char_type_transition_count"", ""token_count"", ""token_mean_length"", ""token_max_length""]",0.95
0.263921663762874,0.527357314283638,unfiltered,master,26,33350,0.9426762394708575,0.07004360000019,1.544750016544782e-06,0.2408121110928312,lr,20261004,35378,9965,45343,0.2340185616663674,0.2295964332740419,0.9973908680381336,r03,0.5387396038205627,S4-external,lr_c1,"{""C"": 1.0, ""class_weight"": null}",phiusiil,iscx_url2016_binary,0.95,2028,9939,f_all,35,"[""url_length"", ""hostname_length"", ""path_length"", ""query_length"", ""fragment_length"", ""digit_count"", ""letter_count"", ""special_char_count"", ""digit_ratio"", ""letter_ratio"", ""special_char_ratio"", ""dot_count"", ""hyphen_count"", ""underscore_count"", ""slash_count"", ""question_mark_count"", ""equals_sign_count"", ""percent_sign_count"", ""at_sign_count"", ""subdomain_depth"", ""path_segment_count"", ""query_parameter_count"", ""has_port"", ""has_userinfo"", ""host_is_ip"", ""tld_length"", ""registrable_domain_length"", ""domain_digit_ratio"", ""domain_hyphen_ratio"", ""url_char_entropy"", ""longest_repeated_char_run"", ""char_type_transition_count"", ""token_count"", ""token_mean_length"", ""token_max_length""]",0.95
0.20652279105777605,0.49867148408628165,primary_domain_filtered,,23,32773,0.9999694880087875,0.015776800000026014,3.4794345323481057e-07,0.17118919499428906,lr,20261004,32774,8558,41332,0.1974123077038973,0.2066185726735741,0.9973124561813508,r03,0.4700499456838068,S4-external,lr_c1,"{""C"": 1.0, ""class_weight"": null}",phiusiil,iscx_url2016_binary,0.92,1,8535,f_mi,15,"[""longest_repeated_char_run"", ""subdomain_depth"", ""char_type_transition_count"", ""letter_ratio"", ""token_count"", ""special_char_ratio"", ""special_char_count"", ""path_length"", ""url_char_entropy"", ""path_segment_count"", ""token_mean_length"", ""dot_count"", ""url_length"", ""slash_count"", ""letter_count""]",0.92
0.21871071609730278,0.4975555279591409,unfiltered,,49,35377,0.9999717338458929,0.015776800000026014,3.4794345323481057e-07,0.17947735579951837,lr,20261004,35378,9965,45343,0.20722141929865717,0.2189300774954187,0.9950827897641746,r03,0.46257525455777887,S4-external,lr_c1,"{""C"": 1.0, ""class_weight"": null}",phiusiil,iscx_url2016_binary,0.92,1,9916,f_mi,15,"[""longest_repeated_char_run"", ""subdomain_depth"", ""char_type_transition_count"", ""letter_ratio"", ""token_count"", ""special_char_ratio"", ""special_char_count"", ""path_length"", ""url_char_entropy"", ""path_segment_count"", ""token_mean_length"", ""dot_count"", ""url_length"", ""slash_count"", ""letter_count""]",0.92
0.2452337172166844,0.5228220638362197,primary_domain_filtered,,29,31167,0.9509672301214377,0.022842299999979332,5.037668438343147e-07,0.22345372659717316,lr,20261004,32774,8558,41332,0.22088829433448176,0.2148579201934704,0.9966113577938771,r03,0.5392683658049897,S4-external,lr_c1_balanced,"{""C"": 1.0, ""class_weight"": ""balanced""}",phiusiil,iscx_url2016_binary,0.94,1607,8529,f_permutation,15,"[""hostname_length"", ""path_segment_count"", ""letter_count"", ""path_length"", ""token_mean_length"", ""url_length"", ""query_length"", ""longest_repeated_char_run"", ""slash_count"", ""dot_count"", ""token_max_length"", ""subdomain_depth"", ""hyphen_count"", ""question_mark_count"", ""special_char_ratio""]",0.94
0.25443839181351036,0.52091966577464,unfiltered,,36,33770,0.954548024195828,0.022842299999979332,5.037668438343147e-07,0.22845525003634481,lr,20261004,35378,9965,45343,0.23029070213393812,0.22721343737842972,0.9963873557451078,r03,0.529064338957622,S4-external,lr_c1_balanced,"{""C"": 1.0, ""class_weight"": ""balanced""}",phiusiil,iscx_url2016_binary,0.94,1608,9929,f_permutation,15,"[""hostname_length"", ""path_segment_count"", ""letter_count"", ""path_length"", ""token_mean_length"", ""url_length"", ""query_length"", ""longest_repeated_char_run"", ""slash_count"", ""dot_count"", ""token_max_length"", ""subdomain_depth"", ""hyphen_count"", ""question_mark_count"", ""special_char_ratio""]",0.94
0.3164376270202265,0.5663822239349693,primary_domain_filtered,master,60,28193,0.8602245682553243,0.0167947999999995,3.703945482213253e-07,0.3102427804215548,lr,20261004,32774,8558,41332,0.2347031613072279,0.2316099315908533,0.9929890161252628,r03,0.5751970733074869,S4-external,lr_c01,"{""C"": 0.1, ""class_weight"": null}",phiusiil,iscx_url2016_binary,0.88,4581,8498,f_single,15,"[""hostname_length"", ""letter_count"", ""path_segment_count"", ""path_length"", ""url_length"", ""slash_count"", ""dot_count"", ""query_length"", ""token_mean_length"", ""token_max_length"", ""longest_repeated_char_run"", ""question_mark_count"", ""hyphen_count"", ""digit_ratio"", ""special_char_ratio""]",0.88
0.319542156451933,0.5615231905711484,unfiltered,master,67,30787,0.8702300864944316,0.0167947999999995,3.703945482213253e-07,0.3100913412874119,lr,20261004,35378,9965,45343,0.2308661418669385,0.2432837655155462,0.9932764676367284,r03,0.5384482071443619,S4-external,lr_c01,"{""C"": 0.1, ""class_weight"": null}",phiusiil,iscx_url2016_binary,0.88,4591,9898,f_single,15,"[""hostname_length"", ""letter_count"", ""path_segment_count"", ""path_length"", ""url_length"", ""slash_count"", ""dot_count"", ""query_length"", ""token_mean_length"", ""token_max_length"", ""longest_repeated_char_run"", ""question_mark_count"", ""hyphen_count"", ""digit_ratio"", ""special_char_ratio""]",0.88
0.2319268363495596,0.5149924615629844,primary_domain_filtered,master,16,31730,0.9681454811741014,0.0097370999999988,2.14743179763113e-07,0.2057899774024098,lr,20261004,32774,8558,41332,0.2161606400458941,0.2121076678585617,0.9981304043000702,r03,0.5263542225693668,S4-external,lr_c1,"{""C"": 1.0, ""class_weight"": null}",phiusiil,iscx_url2016_binary,0.9,1044,8542,f_stable,13,"[""letter_count"", ""hostname_length"", ""path_segment_count"", ""path_length"", ""url_length"", ""query_length"", ""slash_count"", ""dot_count"", ""token_mean_length"", ""token_max_length"", ""question_mark_count"", ""longest_repeated_char_run"", ""hyphen_count""]",0.9
0.2422865712458372,0.5135648507693146,unfiltered,master,24,34333,0.9704618689581096,0.0097370999999988,2.14743179763113e-07,0.2119531726480777,lr,20261004,35378,9965,45343,0.2258060470896957,0.2245335863034738,0.9975915704967386,r03,0.5169278621934645,S4-external,lr_c1,"{""C"": 1.0, ""class_weight"": null}",phiusiil,iscx_url2016_binary,0.9,1045,9941,f_stable,13,"[""letter_count"", ""hostname_length"", ""path_segment_count"", ""path_length"", ""url_length"", ""query_length"", ""slash_count"", ""dot_count"", ""token_mean_length"", ""token_max_length"", ""question_mark_count"", ""longest_repeated_char_run"", ""hyphen_count""]",0.9
0.2067647343462692,0.4992989016125262,primary_domain_filtered,master,12,32774,1.0,0.0920024000001831,2.029032044641579e-06,0.171338064878303,rf,20261004,32774,8558,41332,0.1889373859216906,0.2068247821878025,0.9985978032250524,r03,0.4429696675011555,S4-external,rf_depth24_leaf2,"{""class_weight"": null, ""max_depth"": 24, ""max_features"": ""sqrt"", ""min_samples_leaf"": 2, ""n_estimators"": 200}",phiusiil,iscx_url2016_binary,0.8,0,8546,f_all,35,"[""url_length"", ""hostname_length"", ""path_length"", ""query_length"", ""fragment_length"", ""digit_count"", ""letter_count"", ""special_char_count"", ""digit_ratio"", ""letter_ratio"", ""special_char_ratio"", ""dot_count"", ""hyphen_count"", ""underscore_count"", ""slash_count"", ""question_mark_count"", ""equals_sign_count"", ""percent_sign_count"", ""at_sign_count"", ""subdomain_depth"", ""path_segment_count"", ""query_parameter_count"", ""has_port"", ""has_userinfo"", ""host_is_ip"", ""tld_length"", ""registrable_domain_length"", ""domain_digit_ratio"", ""domain_hyphen_ratio"", ""url_char_entropy"", ""longest_repeated_char_run"", ""char_type_transition_count"", ""token_count"", ""token_mean_length"", ""token_max_length""]",0.8
0.2194826103257393,0.4993477170095333,unfiltered,master,13,35378,1.0,0.0920024000001831,2.029032044641579e-06,0.179980106700425,rf,20261004,35378,9965,45343,0.2009292146019049,0.2195455548202073,0.9986954340190668,r03,0.4433198383839736,S4-external,rf_depth24_leaf2,"{""class_weight"": null, ""max_depth"": 24, ""max_features"": ""sqrt"", ""min_samples_leaf"": 2, ""n_estimators"": 200}",phiusiil,iscx_url2016_binary,0.8,0,9952,f_all,35,"[""url_length"", ""hostname_length"", ""path_length"", ""query_length"", ""fragment_length"", ""digit_count"", ""letter_count"", ""special_char_count"", ""digit_ratio"", ""letter_ratio"", ""special_char_ratio"", ""dot_count"", ""hyphen_count"", ""underscore_count"", ""slash_count"", ""question_mark_count"", ""equals_sign_count"", ""percent_sign_count"", ""at_sign_count"", ""subdomain_depth"", ""path_segment_count"", ""query_parameter_count"", ""has_port"", ""has_userinfo"", ""host_is_ip"", ""tld_length"", ""registrable_domain_length"", ""domain_digit_ratio"", ""domain_hyphen_ratio"", ""url_char_entropy"", ""longest_repeated_char_run"", ""char_type_transition_count"", ""token_count"", ""token_mean_length"", ""token_max_length""]",0.8
0.2065469853866254,0.498773077821921,primary_domain_filtered,,21,32774,1.0,0.05306680000001052,1.1703416183316172e-06,0.17118851390643486,rf,20261004,32774,8558,41332,0.2001363218626047,0.20665198131248336,0.997546155643842,r03,0.47855911538927715,S4-external,rf_depth16_leaf1,"{""class_weight"": null, ""max_depth"": 16, ""max_features"": ""sqrt"", ""min_samples_leaf"": 1, ""n_estimators"": 200}",phiusiil,iscx_url2016_binary,0.95,0,8537,f_mi,15,"[""longest_repeated_char_run"", ""subdomain_depth"", ""char_type_transition_count"", ""letter_ratio"", ""token_count"", ""special_char_ratio"", ""special_char_count"", ""path_length"", ""url_char_entropy"", ""path_segment_count"", ""token_mean_length"", ""dot_count"", ""url_length"", ""slash_count"", ""letter_count""]",0.95
0.21860044549324043,0.49734069242348217,unfiltered,,53,35378,1.0,0.05306680000001052,1.1703416183316172e-06,0.1793864808614605,rf,20261004,35378,9965,45343,0.21085850667319445,0.21885625965996908,0.9946813848469643,r03,0.47353739955410107,S4-external,rf_depth16_leaf1,"{""class_weight"": null, ""max_depth"": 16, ""max_features"": ""sqrt"", ""min_samples_leaf"": 1, ""n_estimators"": 200}",phiusiil,iscx_url2016_binary,0.95,0,9912,f_mi,15,"[""longest_repeated_char_run"", ""subdomain_depth"", ""char_type_transition_count"", ""letter_ratio"", ""token_count"", ""special_char_ratio"", ""special_char_count"", ""path_length"", ""url_char_entropy"", ""path_segment_count"", ""token_mean_length"", ""dot_count"", ""url_length"", ""slash_count"", ""letter_count""]",0.95
0.20475660505177587,0.4944496377658331,primary_domain_filtered,,95,32774,1.0,0.0671877999999424,1.4817678583230575e-06,0.1699568229741942,rf,20261004,32774,8558,41332,0.17312714365482273,0.20522831437786454,0.9888992755316662,r03,0.38995328941441554,S4-external,rf_depth24_leaf2,"{""class_weight"": null, ""max_depth"": 24, ""max_features"": ""sqrt"", ""min_samples_leaf"": 2, ""n_estimators"": 200}",phiusiil,iscx_url2016_binary,0.85,0,8463,f_permutation,15,"[""longest_repeated_char_run"", ""hostname_length"", ""letter_ratio"", ""registrable_domain_length"", ""subdomain_depth"", ""special_char_ratio"", ""url_length"", ""token_mean_length"", ""letter_count"", ""token_max_length"", ""tld_length"", ""digit_ratio"", ""digit_count"", ""char_type_transition_count"", ""dot_count""]",0.85
0.21763006417749156,0.4951329653788259,unfiltered,,97,35378,1.0,0.0671877999999424,1.4817678583230575e-06,0.17873249895854088,rf,20261004,35378,9965,45343,0.18722512706785172,0.2180966273261725,0.9902659307576518,r03,0.3998980432871826,S4-external,rf_depth24_leaf2,"{""class_weight"": null, ""max_depth"": 24, ""max_features"": ""sqrt"", ""min_samples_leaf"": 2, ""n_estimators"": 200}",phiusiil,iscx_url2016_binary,0.85,0,9868,f_permutation,15,"[""longest_repeated_char_run"", ""hostname_length"", ""letter_ratio"", ""registrable_domain_length"", ""subdomain_depth"", ""special_char_ratio"", ""url_length"", ""token_mean_length"", ""letter_count"", ""token_max_length"", ""tld_length"", ""digit_ratio"", ""digit_count"", ""char_type_transition_count"", ""dot_count""]",0.85
0.2067647343462692,0.4992989016125262,primary_domain_filtered,master,12,32774,1.0,0.0896691,1.9775731645457967e-06,0.171338064878303,rf,20261004,32774,8558,41332,0.2021197441444997,0.2068247821878025,0.9985978032250524,r03,0.4844353138156514,S4-external,rf_depth24_leaf2,"{""class_weight"": null, ""max_depth"": 24, ""max_features"": ""sqrt"", ""min_samples_leaf"": 2, ""n_estimators"": 200}",phiusiil,iscx_url2016_binary,0.74,0,8546,f_single,15,"[""longest_repeated_char_run"", ""hostname_length"", ""subdomain_depth"", ""letter_ratio"", ""registrable_domain_length"", ""url_length"", ""path_length"", ""path_segment_count"", ""token_max_length"", ""char_type_transition_count"", ""token_mean_length"", ""digit_ratio"", ""digit_count"", ""letter_count"", ""special_char_ratio""]",0.74
0.2194605562049268,0.4992975413948821,unfiltered,master,14,35378,1.0,0.0896691,1.9775731645457967e-06,0.1799652765218649,rf,20261004,35378,9965,45343,0.2141144606818102,0.2195283372675329,0.9985950827897642,r03,0.4830626268768094,S4-external,rf_depth24_leaf2,"{""class_weight"": null, ""max_depth"": 24, ""max_features"": ""sqrt"", ""min_samples_leaf"": 2, ""n_estimators"": 200}",phiusiil,iscx_url2016_binary,0.74,0,9951,f_single,15,"[""longest_repeated_char_run"", ""hostname_length"", ""subdomain_depth"", ""letter_ratio"", ""registrable_domain_length"", ""url_length"", ""path_length"", ""path_segment_count"", ""token_max_length"", ""char_type_transition_count"", ""token_mean_length"", ""digit_ratio"", ""digit_count"", ""letter_count"", ""special_char_ratio""]",0.74
0.2067405400174199,0.4992404767469034,primary_domain_filtered,master,13,32774,1.0,0.0772062000000008,1.7027148622720352e-06,0.1713214507688914,rf,20261004,32774,8558,41332,0.1927245820651769,0.2068055858079818,0.9984809534938068,r03,0.4553603935358047,S4-external,rf_depth24_leaf2,"{""class_weight"": null, ""max_depth"": 24, ""max_features"": ""sqrt"", ""min_samples_leaf"": 2, ""n_estimators"": 200}",phiusiil,iscx_url2016_binary,0.76,0,8545,f_stable,14,"[""longest_repeated_char_run"", ""hostname_length"", ""subdomain_depth"", ""registrable_domain_length"", ""letter_ratio"", ""path_length"", ""url_length"", ""char_type_transition_count"", ""path_segment_count"", ""token_mean_length"", ""token_max_length"", ""special_char_ratio"", ""digit_ratio"", ""digit_count""]",0.76
0.2194605562049268,0.4992975413948821,unfiltered,master,14,35378,1.0,0.0772062000000008,1.7027148622720352e-06,0.1799652765218649,rf,20261004,35378,9965,45343,0.2053393585030564,0.2195283372675329,0.9985950827897642,r03,0.4570563652641784,S4-external,rf_depth24_leaf2,"{""class_weight"": null, ""max_depth"": 24, ""max_features"": ""sqrt"", ""min_samples_leaf"": 2, ""n_estimators"": 200}",phiusiil,iscx_url2016_binary,0.76,0,9951,f_stable,14,"[""longest_repeated_char_run"", ""hostname_length"", ""subdomain_depth"", ""registrable_domain_length"", ""letter_ratio"", ""path_length"", ""url_length"", ""char_type_transition_count"", ""path_segment_count"", ""token_mean_length"", ""token_max_length"", ""special_char_ratio"", ""digit_ratio"", ""digit_count""]",0.76
0.2070066776347624,0.4998831502687544,primary_domain_filtered,master,2,32774,1.0,0.0334874000000127,7.385351652959158e-07,0.17150416933932,xgb,20261004,32774,8558,41332,0.1148185259947108,0.2070166948947495,0.9997663005375088,r03,0.0641187960811108,S4-external,xgb_d6_lr01_balanced,"{""colsample_bytree"": 0.9, ""learning_rate"": 0.1, ""max_depth"": 6, ""n_estimators"": 200, ""reg_lambda"": 1.0, ""scale_pos_weight"": 1.3542785150825352, ""subsample"": 0.9}",phiusiil,iscx_url2016_binary,0.74,0,8556,f_all,35,"[""url_length"", ""hostname_length"", ""path_length"", ""query_length"", ""fragment_length"", ""digit_count"", ""letter_count"", ""special_char_count"", ""digit_ratio"", ""letter_ratio"", ""special_char_ratio"", ""dot_count"", ""hyphen_count"", ""underscore_count"", ""slash_count"", ""question_mark_count"", ""equals_sign_count"", ""percent_sign_count"", ""at_sign_count"", ""subdomain_depth"", ""path_segment_count"", ""query_parameter_count"", ""has_port"", ""has_userinfo"", ""host_is_ip"", ""tld_length"", ""registrable_domain_length"", ""domain_digit_ratio"", ""domain_hyphen_ratio"", ""url_char_entropy"", ""longest_repeated_char_run"", ""char_type_transition_count"", ""token_count"", ""token_mean_length"", ""token_max_length""]",0.74
0.2197252056546765,0.4998996487706974,unfiltered,master,2,35378,1.0,0.0334874000000127,7.385351652959158e-07,0.1801432032690847,xgb,20261004,35378,9965,45343,0.1250743628307496,0.219734897774641,0.9997992975413948,r03,0.0702984897364076,S4-external,xgb_d6_lr01_balanced,"{""colsample_bytree"": 0.9, ""learning_rate"": 0.1, ""max_depth"": 6, ""n_estimators"": 200, ""reg_lambda"": 1.0, ""scale_pos_weight"": 1.3542785150825352, ""subsample"": 0.9}",phiusiil,iscx_url2016_binary,0.74,0,9963,f_all,35,"[""url_length"", ""hostname_length"", ""path_length"", ""query_length"", ""fragment_length"", ""digit_count"", ""letter_count"", ""special_char_count"", ""digit_ratio"", ""letter_ratio"", ""special_char_ratio"", ""dot_count"", ""hyphen_count"", ""underscore_count"", ""slash_count"", ""question_mark_count"", ""equals_sign_count"", ""percent_sign_count"", ""at_sign_count"", ""subdomain_depth"", ""path_segment_count"", ""query_parameter_count"", ""has_port"", ""has_userinfo"", ""host_is_ip"", ""tld_length"", ""registrable_domain_length"", ""domain_digit_ratio"", ""domain_hyphen_ratio"", ""url_char_entropy"", ""longest_repeated_char_run"", ""char_type_transition_count"", ""token_count"", ""token_mean_length"", ""token_max_length""]",0.74
0.20664376270202264,0.49900677728441223,primary_domain_filtered,,17,32774,1.0,0.023591299999907278,5.202853803212685e-07,0.17125498766867844,xgb,20261004,32774,8558,41332,0.17950817524064397,0.2067287909960063,0.9980135545688245,r03,0.2734077118797521,S4-external,xgb_d6_lr005,"{""colsample_bytree"": 0.9, ""learning_rate"": 0.05, ""max_depth"": 6, ""n_estimators"": 250, ""reg_lambda"": 1.0, ""scale_pos_weight"": 1.0, ""subsample"": 0.9}",phiusiil,iscx_url2016_binary,0.94,0,8541,f_mi,15,"[""longest_repeated_char_run"", ""subdomain_depth"", ""char_type_transition_count"", ""letter_ratio"", ""token_count"", ""special_char_ratio"", ""special_char_count"", ""path_length"", ""url_char_entropy"", ""path_segment_count"", ""token_mean_length"", ""dot_count"", ""url_length"", ""slash_count"", ""letter_count""]",0.94
0.21895331142624,0.49814350225790266,unfiltered,,37,35378,1.0,0.023591299999907278,5.202853803212685e-07,0.17962403430370358,xgb,20261004,35378,9965,45343,0.18385560054343608,0.21913212378051472,0.9962870045158053,r03,0.2516432308148904,S4-external,xgb_d6_lr005,"{""colsample_bytree"": 0.9, ""learning_rate"": 0.05, ""max_depth"": 6, ""n_estimators"": 250, ""reg_lambda"": 1.0, ""scale_pos_weight"": 1.0, ""subsample"": 0.9}",phiusiil,iscx_url2016_binary,0.94,0,9928,f_mi,15,"[""longest_repeated_char_run"", ""subdomain_depth"", ""char_type_transition_count"", ""letter_ratio"", ""token_count"", ""special_char_ratio"", ""special_char_count"", ""path_length"", ""url_char_entropy"", ""path_segment_count"", ""token_mean_length"", ""dot_count"", ""url_length"", ""slash_count"", ""letter_count""]",0.94
0.20678892867511856,0.4993573264781491,primary_domain_filtered,,11,32774,1.0,0.02539280000007693,5.600158789686816e-07,0.1713546783215381,xgb,20261004,32774,8558,41332,0.1171407685446432,0.2068439776384889,0.9987146529562982,r03,0.08924673288165696,S4-external,xgb_d6_lr01_balanced,"{""colsample_bytree"": 0.9, ""learning_rate"": 0.1, ""max_depth"": 6, ""n_estimators"": 200, ""reg_lambda"": 1.0, ""scale_pos_weight"": 1.3542785150825352, ""subsample"": 0.9}",phiusiil,iscx_url2016_binary,0.84,0,8547,f_permutation,15,"[""hostname_length"", ""url_length"", ""longest_repeated_char_run"", ""token_max_length"", ""subdomain_depth"", ""path_length"", ""registrable_domain_length"", ""dot_count"", ""digit_count"", ""tld_length"", ""char_type_transition_count"", ""slash_count"", ""url_char_entropy"", ""letter_ratio"", ""domain_digit_ratio""]",0.84
0.21948261032573937,0.49934771700953334,unfiltered,,13,35378,1.0,0.02539280000007693,5.600158789686816e-07,0.179980106700425,xgb,20261004,35378,9965,45343,0.1289501842387163,0.21954555482020738,0.9986954340190667,r03,0.13143907741769156,S4-external,xgb_d6_lr01_balanced,"{""colsample_bytree"": 0.9, ""learning_rate"": 0.1, ""max_depth"": 6, ""n_estimators"": 200, ""reg_lambda"": 1.0, ""scale_pos_weight"": 1.3542785150825352, ""subsample"": 0.9}",phiusiil,iscx_url2016_binary,0.84,0,9952,f_permutation,15,"[""hostname_length"", ""url_length"", ""longest_repeated_char_run"", ""token_max_length"", ""subdomain_depth"", ""path_length"", ""registrable_domain_length"", ""dot_count"", ""digit_count"", ""tld_length"", ""char_type_transition_count"", ""slash_count"", ""url_char_entropy"", ""letter_ratio"", ""domain_digit_ratio""]",0.84
0.2070308719636117,0.4999415751343772,primary_domain_filtered,master,1,32774,1.0,0.0262866999999999,5.797300575612553e-07,0.171520776122993,xgb,20261004,32774,8558,41332,0.1153147385917855,0.2070358810578016,0.9998831502687544,r03,0.0702550541484093,S4-external,xgb_d6_lr01_balanced,"{""colsample_bytree"": 0.9, ""learning_rate"": 0.1, ""max_depth"": 6, ""n_estimators"": 200, ""reg_lambda"": 1.0, ""scale_pos_weight"": 1.3542785150825352, ""subsample"": 0.9}",phiusiil,iscx_url2016_binary,0.71,0,8557,f_single,15,"[""hostname_length"", ""longest_repeated_char_run"", ""url_length"", ""path_length"", ""subdomain_depth"", ""registrable_domain_length"", ""token_max_length"", ""dot_count"", ""char_type_transition_count"", ""slash_count"", ""digit_count"", ""token_mean_length"", ""letter_ratio"", ""letter_count"", ""special_char_ratio""]",0.71
0.219747259775489,0.4999498243853487,unfiltered,master,1,35378,1.0,0.0262866999999999,5.797300575612553e-07,0.1801580270128555,xgb,20261004,35378,9965,45343,0.1269852704230886,0.2197521062149883,0.9998996487706976,r03,0.1188477722795798,S4-external,xgb_d6_lr01_balanced,"{""colsample_bytree"": 0.9, ""learning_rate"": 0.1, ""max_depth"": 6, ""n_estimators"": 200, ""reg_lambda"": 1.0, ""scale_pos_weight"": 1.3542785150825352, ""subsample"": 0.9}",phiusiil,iscx_url2016_binary,0.71,0,9964,f_single,15,"[""hostname_length"", ""longest_repeated_char_run"", ""url_length"", ""path_length"", ""subdomain_depth"", ""registrable_domain_length"", ""token_max_length"", ""dot_count"", ""char_type_transition_count"", ""slash_count"", ""digit_count"", ""token_mean_length"", ""letter_ratio"", ""letter_count"", ""special_char_ratio""]",0.71
0.2070066776347624,0.4998831502687544,primary_domain_filtered,master,2,32774,1.0,0.0259821999999996,5.730145777738487e-07,0.17150416933932,xgb,20261004,32774,8558,41332,0.1171768301304141,0.2070166948947495,0.9997663005375088,r03,0.0844683172510633,S4-external,xgb_d6_lr01_balanced,"{""colsample_bytree"": 0.9, ""learning_rate"": 0.1, ""max_depth"": 6, ""n_estimators"": 200, ""reg_lambda"": 1.0, ""scale_pos_weight"": 1.3542785150825352, ""subsample"": 0.9}",phiusiil,iscx_url2016_binary,0.72,0,8556,f_stable,14,"[""hostname_length"", ""longest_repeated_char_run"", ""url_length"", ""path_length"", ""registrable_domain_length"", ""subdomain_depth"", ""token_max_length"", ""char_type_transition_count"", ""dot_count"", ""letter_ratio"", ""token_mean_length"", ""digit_count"", ""slash_count"", ""letter_count""]",0.72
0.2196810974130516,0.4997992975413949,unfiltered,master,4,35378,1.0,0.0259821999999996,5.730145777738487e-07,0.1801135541732967,xgb,20261004,35378,9965,45343,0.128702751886972,0.2197004786166435,0.9995985950827898,r03,0.1265024779900549,S4-external,xgb_d6_lr01_balanced,"{""colsample_bytree"": 0.9, ""learning_rate"": 0.1, ""max_depth"": 6, ""n_estimators"": 200, ""reg_lambda"": 1.0, ""scale_pos_weight"": 1.3542785150825352, ""subsample"": 0.9}",phiusiil,iscx_url2016_binary,0.72,0,9961,f_stable,14,"[""hostname_length"", ""longest_repeated_char_run"", ""url_length"", ""path_length"", ""registrable_domain_length"", ""subdomain_depth"", ""token_max_length"", ""char_type_transition_count"", ""dot_count"", ""letter_ratio"", ""token_mean_length"", ""digit_count"", ""slash_count"", ""letter_count""]",0.72
0.2380790603994273,0.519910962394582,primary_domain_filtered,master,15,31383,0.9584058634906092,0.0492370000001756,1.085878746447646e-06,0.2148576211597557,lr,20261005,32745,8464,41209,0.2231850225197665,0.2121158867242418,0.9982277882797732,r04,0.5496971463629854,S4-external,lr_c1,"{""C"": 1.0, ""class_weight"": null}",phiusiil,iscx_url2016_binary,0.81,1362,8449,f_all,35,"[""url_length"", ""hostname_length"", ""path_length"", ""query_length"", ""fragment_length"", ""digit_count"", ""letter_count"", ""special_char_count"", ""digit_ratio"", ""letter_ratio"", ""special_char_ratio"", ""dot_count"", ""hyphen_count"", ""underscore_count"", ""slash_count"", ""question_mark_count"", ""equals_sign_count"", ""percent_sign_count"", ""at_sign_count"", ""subdomain_depth"", ""path_segment_count"", ""query_parameter_count"", ""has_port"", ""has_userinfo"", ""host_is_ip"", ""tld_length"", ""registrable_domain_length"", ""domain_digit_ratio"", ""domain_hyphen_ratio"", ""url_char_entropy"", ""longest_repeated_char_run"", ""char_type_transition_count"", ""token_count"", ""token_mean_length"", ""token_max_length""]",0.81
0.2494100522682663,0.5183460898831932,unfiltered,master,18,34016,0.9615014981061676,0.0492370000001756,1.085878746447646e-06,0.2215027950485499,lr,20261005,35378,9965,45343,0.2341244781745586,0.2262584446011418,0.998193677872554,r04,0.5389291458995057,S4-external,lr_c1,"{""C"": 1.0, ""class_weight"": null}",phiusiil,iscx_url2016_binary,0.81,1362,9947,f_all,35,"[""url_length"", ""hostname_length"", ""path_length"", ""query_length"", ""fragment_length"", ""digit_count"", ""letter_count"", ""special_char_count"", ""digit_ratio"", ""letter_ratio"", ""special_char_ratio"", ""dot_count"", ""hyphen_count"", ""underscore_count"", ""slash_count"", ""question_mark_count"", ""equals_sign_count"", ""percent_sign_count"", ""at_sign_count"", ""subdomain_depth"", ""path_segment_count"", ""query_parameter_count"", ""has_port"", ""has_userinfo"", ""host_is_ip"", ""tld_length"", ""registrable_domain_length"", ""domain_digit_ratio"", ""domain_hyphen_ratio"", ""url_char_entropy"", ""longest_repeated_char_run"", ""char_type_transition_count"", ""token_count"", ""token_mean_length"", ""token_max_length""]",0.81
0.2048824285956951,0.4987156475786286,primary_domain_filtered,,22,32744,0.9999694609864102,0.00833850000003622,1.8389828639561166e-07,0.17006072905848754,lr,20261005,32745,8464,41209,0.19382827405424422,0.20497256349244888,0.9974007561436673,r04,0.4639740450135824,S4-external,lr_c1_balanced,"{""C"": 1.0, ""class_weight"": ""balanced""}",phiusiil,iscx_url2016_binary,0.93,1,8442,f_mi,15,"[""longest_repeated_char_run"", ""subdomain_depth"", ""char_type_transition_count"", ""letter_ratio"", ""token_count"", ""special_char_count"", ""special_char_ratio"", ""path_length"", ""url_char_entropy"", ""path_segment_count"", ""token_mean_length"", ""url_length"", ""slash_count"", ""dot_count"", ""letter_count""]",0.93
0.21873277021811524,0.49760570357379214,unfiltered,,48,35377,0.9999717338458929,0.00833850000003622,1.8389828639561166e-07,0.17949220577685704,lr,20261005,35378,9965,45343,0.2051931141462303,0.21894732194109595,0.9951831409934772,r04,0.4566043237940287,S4-external,lr_c1_balanced,"{""C"": 1.0, ""class_weight"": ""balanced""}",phiusiil,iscx_url2016_binary,0.93,1,9917,f_mi,15,"[""longest_repeated_char_run"", ""subdomain_depth"", ""char_type_transition_count"", ""letter_ratio"", ""token_count"", ""special_char_count"", ""special_char_ratio"", ""path_length"", ""url_char_entropy"", ""path_segment_count"", ""token_mean_length"", ""url_length"", ""slash_count"", ""dot_count"", ""letter_count""]",0.93
0.27697832997646143,0.5422853793606492,primary_domain_filtered,,63,29732,0.9079859520537487,0.008762700000033874,1.932536444442113e-07,0.2644032479846071,lr,20261005,32745,8464,41209,0.2352838872309358,0.2203078698240369,0.9925567107750473,r04,0.5787523008895283,S4-external,lr_c01,"{""C"": 0.1, ""class_weight"": null}",phiusiil,iscx_url2016_binary,0.71,3013,8401,f_permutation,15,"[""hostname_length"", ""path_length"", ""path_segment_count"", ""letter_count"", ""url_length"", ""token_mean_length"", ""longest_repeated_char_run"", ""query_length"", ""slash_count"", ""dot_count"", ""token_max_length"", ""hyphen_count"", ""question_mark_count"", ""char_type_transition_count"", ""subdomain_depth""]",0.71
0.28465253732659945,0.5390204925220634,unfiltered,,71,32365,0.9148340776753915,0.008762700000033874,1.932536444442113e-07,0.2677901849552805,lr,20261005,35378,9965,45343,0.23254263056776242,0.23412764144915876,0.9928750627195183,r04,0.5398457691977889,S4-external,lr_c01,"{""C"": 0.1, ""class_weight"": null}",phiusiil,iscx_url2016_binary,0.71,3013,9894,f_permutation,15,"[""hostname_length"", ""path_length"", ""path_segment_count"", ""letter_count"", ""url_length"", ""token_mean_length"", ""longest_repeated_char_run"", ""query_length"", ""slash_count"", ""dot_count"", ""token_max_length"", ""hyphen_count"", ""question_mark_count"", ""char_type_transition_count"", ""subdomain_depth""]",0.71
0.2817103060011162,0.5456571711405744,primary_domain_filtered,master,54,29546,0.9023056955260343,0.0098187000000002,2.1654279602144305e-07,0.2700379567738444,lr,20261005,32745,8464,41209,0.2328754365728222,0.2215723469280219,0.9936200378071832,r04,0.573859443251845,S4-external,lr_c01,"{""C"": 0.1, ""class_weight"": null}",phiusiil,iscx_url2016_binary,0.77,3199,8410,f_single,15,"[""letter_count"", ""hostname_length"", ""query_length"", ""url_length"", ""path_length"", ""path_segment_count"", ""slash_count"", ""token_mean_length"", ""token_max_length"", ""dot_count"", ""question_mark_count"", ""hyphen_count"", ""longest_repeated_char_run"", ""query_parameter_count"", ""char_type_transition_count""]",0.77
0.2889751450058443,0.5420789159253384,unfiltered,master,63,32177,0.909520040703262,0.0098187000000002,2.1654279602144305e-07,0.2730994131877861,lr,20261005,35378,9965,45343,0.2353459099065259,0.2353192804011502,0.9936778725539388,r04,0.5456513521787787,S4-external,lr_c01,"{""C"": 0.1, ""class_weight"": null}",phiusiil,iscx_url2016_binary,0.77,3201,9902,f_single,15,"[""letter_count"", ""hostname_length"", ""query_length"", ""url_length"", ""path_length"", ""path_segment_count"", ""slash_count"", ""token_mean_length"", ""token_max_length"", ""dot_count"", ""question_mark_count"", ""hyphen_count"", ""longest_repeated_char_run"", ""query_parameter_count"", ""char_type_transition_count""]",0.77
0.2143221141012885,0.5050935278939829,primary_domain_filtered,master,12,32365,0.9883951748358528,0.0081442000000002,1.7961317072095513e-07,0.1829738038522517,lr,20261005,32745,8464,41209,0.2086566343242547,0.2070705833353749,0.9985822306238186,r04,0.5097503395949858,S4-external,lr_c1,"{""C"": 1.0, ""class_weight"": null}",phiusiil,iscx_url2016_binary,0.94,380,8452,f_stable,14,"[""letter_count"", ""hostname_length"", ""path_length"", ""query_length"", ""path_segment_count"", ""url_length"", ""slash_count"", ""dot_count"", ""question_mark_count"", ""token_mean_length"", ""token_max_length"", ""query_parameter_count"", ""longest_repeated_char_run"", ""hyphen_count""]",0.94
0.2276867432679796,0.5043168813726668,unfiltered,master,21,34998,0.9892588614393124,0.0081442000000002,1.7961317072095513e-07,0.1917269893693843,lr,20261005,35378,9965,45343,0.220312434199878,0.2212629611499265,0.9978926241846464,r04,0.5015473060114267,S4-external,lr_c1,"{""C"": 1.0, ""class_weight"": null}",phiusiil,iscx_url2016_binary,0.94,380,9944,f_stable,14,"[""letter_count"", ""hostname_length"", ""path_length"", ""query_length"", ""path_segment_count"", ""url_length"", ""slash_count"", ""dot_count"", ""question_mark_count"", ""token_mean_length"", ""token_max_length"", ""query_parameter_count"", ""longest_repeated_char_run"", ""hyphen_count""]",0.94
0.2051250940328569,0.4993501890359168,primary_domain_filtered,master,11,32745,1.0,0.2283162999999604,5.03531526365614e-06,0.1702106238170029,rf,20261005,32745,8464,41209,0.1941173809831717,0.2051798631001505,0.9987003780718336,r04,0.4647807797464569,S4-external,rf_depth24_leaf2,"{""class_weight"": null, ""max_depth"": 24, ""max_features"": ""sqrt"", ""min_samples_leaf"": 2, ""n_estimators"": 200}",phiusiil,iscx_url2016_binary,0.79,0,8453,f_all,35,"[""url_length"", ""hostname_length"", ""path_length"", ""query_length"", ""fragment_length"", ""digit_count"", ""letter_count"", ""special_char_count"", ""digit_ratio"", ""letter_ratio"", ""special_char_ratio"", ""dot_count"", ""hyphen_count"", ""underscore_count"", ""slash_count"", ""question_mark_count"", ""equals_sign_count"", ""percent_sign_count"", ""at_sign_count"", ""subdomain_depth"", ""path_segment_count"", ""query_parameter_count"", ""has_port"", ""has_userinfo"", ""host_is_ip"", ""tld_length"", ""registrable_domain_length"", ""domain_digit_ratio"", ""domain_hyphen_ratio"", ""url_char_entropy"", ""longest_repeated_char_run"", ""char_type_transition_count"", ""token_count"", ""token_mean_length"", ""token_max_length""]",0.79
0.2194826103257393,0.4993477170095333,unfiltered,master,13,35378,1.0,0.2283162999999604,5.03531526365614e-06,0.179980106700425,rf,20261005,35378,9965,45343,0.207156912290462,0.2195455548202073,0.9986954340190668,r04,0.4625502915583592,S4-external,rf_depth24_leaf2,"{""class_weight"": null, ""max_depth"": 24, ""max_features"": ""sqrt"", ""min_samples_leaf"": 2, ""n_estimators"": 200}",phiusiil,iscx_url2016_binary,0.79,0,9952,f_all,35,"[""url_length"", ""hostname_length"", ""path_length"", ""query_length"", ""fragment_length"", ""digit_count"", ""letter_count"", ""special_char_count"", ""digit_ratio"", ""letter_ratio"", ""special_char_ratio"", ""dot_count"", ""hyphen_count"", ""underscore_count"", ""slash_count"", ""question_mark_count"", ""equals_sign_count"", ""percent_sign_count"", ""at_sign_count"", ""subdomain_depth"", ""path_segment_count"", ""query_parameter_count"", ""has_port"", ""has_userinfo"", ""host_is_ip"", ""tld_length"", ""registrable_domain_length"", ""domain_digit_ratio"", ""domain_hyphen_ratio"", ""url_char_entropy"", ""longest_repeated_char_run"", ""char_type_transition_count"", ""token_count"", ""token_mean_length"", ""token_max_length""]",0.79
0.2049066951394113,0.4988185255198488,primary_domain_filtered,,20,32745,1.0,0.05549769999993259,1.2239529806129412e-06,0.17006021791231143,rf,20261005,32745,8464,41209,0.20073578394413033,0.20500619097331813,0.9976370510396976,r04,0.4857086292341491,S4-external,rf_depth16_leaf1,"{""class_weight"": null, ""max_depth"": 16, ""max_features"": ""sqrt"", ""min_samples_leaf"": 1, ""n_estimators"": 200}",phiusiil,iscx_url2016_binary,0.94,0,8444,f_mi,15,"[""longest_repeated_char_run"", ""subdomain_depth"", ""char_type_transition_count"", ""letter_ratio"", ""token_count"", ""special_char_count"", ""special_char_ratio"", ""path_length"", ""url_char_entropy"", ""path_segment_count"", ""token_mean_length"", ""url_length"", ""slash_count"", ""dot_count"", ""letter_count""]",0.94
0.2189312573054275,0.4980933266432514,unfiltered,,38,35378,1.0,0.05549769999993259,1.2239529806129412e-06,0.17960919124298896,rf,20261005,35378,9965,45343,0.21323320230695808,0.219114887981459,0.9961866532865028,r04,0.4808447152233904,S4-external,rf_depth16_leaf1,"{""class_weight"": null, ""max_depth"": 16, ""max_features"": ""sqrt"", ""min_samples_leaf"": 1, ""n_estimators"": 200}",phiusiil,iscx_url2016_binary,0.94,0,9927,f_mi,15,"[""longest_repeated_char_run"", ""subdomain_depth"", ""char_type_transition_count"", ""letter_ratio"", ""token_count"", ""special_char_count"", ""special_char_ratio"", ""path_length"", ""url_char_entropy"", ""path_segment_count"", ""token_mean_length"", ""url_length"", ""slash_count"", ""dot_count"", ""letter_count""]",0.94
0.2051008274891407,0.4992911153119093,primary_domain_filtered,,12,32745,1.0,0.05293899999992391,1.1675231016898729e-06,0.17019391474195042,rf,20261005,32745,8464,41209,0.18552726965326782,0.20516056994441342,0.9985822306238186,r04,0.43704407244385135,S4-external,rf_depth24_leaf2,"{""class_weight"": null, ""max_depth"": 24, ""max_features"": ""sqrt"", ""min_samples_leaf"": 2, ""n_estimators"": 200}",phiusiil,iscx_url2016_binary,0.8,0,8452,f_permutation,15,"[""longest_repeated_char_run"", ""hostname_length"", ""letter_ratio"", ""registrable_domain_length"", ""subdomain_depth"", ""url_length"", ""token_mean_length"", ""special_char_ratio"", ""letter_count"", ""token_max_length"", ""path_segment_count"", ""path_length"", ""domain_hyphen_ratio"", ""tld_length"", ""question_mark_count""]",0.8
0.21948261032573937,0.49934771700953334,unfiltered,,13,35378,1.0,0.05293899999992391,1.1675231016898729e-06,0.179980106700425,rf,20261005,35378,9965,45343,0.20026596507875669,0.21954555482020738,0.9986954340190667,r04,0.4414539999047489,S4-external,rf_depth24_leaf2,"{""class_weight"": null, ""max_depth"": 24, ""max_features"": ""sqrt"", ""min_samples_leaf"": 2, ""n_estimators"": 200}",phiusiil,iscx_url2016_binary,0.8,0,9952,f_permutation,15,"[""longest_repeated_char_run"", ""hostname_length"", ""letter_ratio"", ""registrable_domain_length"", ""subdomain_depth"", ""url_length"", ""token_mean_length"", ""special_char_ratio"", ""letter_count"", ""token_max_length"", ""path_segment_count"", ""path_length"", ""domain_hyphen_ratio"", ""tld_length"", ""question_mark_count""]",0.8
0.2051008274891407,0.4992473110946966,primary_domain_filtered,master,13,32744,0.9999694609864102,0.1247956999999999,2.752259444677237e-06,0.1702111578719546,rf,20261005,32745,8464,41209,0.1940379289089394,0.2051462556135453,0.9984640831758034,r04,0.4647107157299878,S4-external,rf_depth24_leaf2,"{""class_weight"": null, ""max_depth"": 24, ""max_features"": ""sqrt"", ""min_samples_leaf"": 2, ""n_estimators"": 200}",phiusiil,iscx_url2016_binary,0.87,1,8451,f_single,15,"[""longest_repeated_char_run"", ""hostname_length"", ""subdomain_depth"", ""letter_ratio"", ""url_length"", ""registrable_domain_length"", ""token_mean_length"", ""path_segment_count"", ""letter_count"", ""path_length"", ""special_char_ratio"", ""digit_count"", ""token_max_length"", ""digit_ratio"", ""char_type_transition_count""]",0.87
0.219372339721677,0.4990607963986792,unfiltered,master,19,35377,0.9999717338458928,0.1247956999999999,2.752259444677237e-06,0.1799226214757691,rf,20261005,35378,9965,45343,0.2081254602124616,0.2194470798490832,0.9980933266432512,r04,0.4655875458388945,S4-external,rf_depth24_leaf2,"{""class_weight"": null, ""max_depth"": 24, ""max_features"": ""sqrt"", ""min_samples_leaf"": 2, ""n_estimators"": 200}",phiusiil,iscx_url2016_binary,0.87,1,9946,f_single,15,"[""longest_repeated_char_run"", ""hostname_length"", ""subdomain_depth"", ""letter_ratio"", ""url_length"", ""registrable_domain_length"", ""token_mean_length"", ""path_segment_count"", ""letter_count"", ""path_length"", ""special_char_ratio"", ""digit_count"", ""token_max_length"", ""digit_ratio"", ""char_type_transition_count""]",0.87
0.2051008274891407,0.4992473110946966,primary_domain_filtered,master,13,32744,0.9999694609864102,0.1508852000000011,3.327640429614299e-06,0.1702111578719546,rf,20261005,32745,8464,41209,0.1902767002080634,0.2051462556135453,0.9984640831758034,r04,0.4526374464881723,S4-external,rf_depth24_leaf2,"{""class_weight"": null, ""max_depth"": 24, ""max_features"": ""sqrt"", ""min_samples_leaf"": 2, ""n_estimators"": 200}",phiusiil,iscx_url2016_binary,0.86,1,8451,f_stable,14,"[""longest_repeated_char_run"", ""hostname_length"", ""subdomain_depth"", ""letter_ratio"", ""registrable_domain_length"", ""path_length"", ""url_length"", ""char_type_transition_count"", ""token_mean_length"", ""path_segment_count"", ""special_char_ratio"", ""digit_count"", ""token_max_length"", ""digit_ratio""]",0.86
0.219372339721677,0.4990607963986792,unfiltered,master,19,35377,0.9999717338458928,0.1508852000000011,3.327640429614299e-06,0.1799226214757691,rf,20261005,35378,9965,45343,0.2039686403996804,0.2194470798490832,0.9980933266432512,r04,0.4529310455892928,S4-external,rf_depth24_leaf2,"{""class_weight"": null, ""max_depth"": 24, ""max_features"": ""sqrt"", ""min_samples_leaf"": 2, ""n_estimators"": 200}",phiusiil,iscx_url2016_binary,0.86,1,9946,f_stable,14,"[""longest_repeated_char_run"", ""hostname_length"", ""subdomain_depth"", ""letter_ratio"", ""registrable_domain_length"", ""path_length"", ""url_length"", ""char_type_transition_count"", ""token_mean_length"", ""path_segment_count"", ""special_char_ratio"", ""digit_count"", ""token_max_length"", ""digit_ratio""]",0.86
0.205149360576573,0.4994092627599243,primary_domain_filtered,master,10,32745,1.0,0.0589101000000482,1.2992104624759777e-06,0.1702273322191571,xgb,20261005,32745,8464,41209,0.1149264223289694,0.2051991553193038,0.9988185255198488,r04,0.0764057291247224,S4-external,xgb_d6_lr01_balanced,"{""colsample_bytree"": 0.9, ""learning_rate"": 0.1, ""max_depth"": 6, ""n_estimators"": 200, ""reg_lambda"": 1.0, ""scale_pos_weight"": 1.3542785150825352, ""subsample"": 0.9}",phiusiil,iscx_url2016_binary,0.9,0,8454,f_all,35,"[""url_length"", ""hostname_length"", ""path_length"", ""query_length"", ""fragment_length"", ""digit_count"", ""letter_count"", ""special_char_count"", ""digit_ratio"", ""letter_ratio"", ""special_char_ratio"", ""dot_count"", ""hyphen_count"", ""underscore_count"", ""slash_count"", ""question_mark_count"", ""equals_sign_count"", ""percent_sign_count"", ""at_sign_count"", ""subdomain_depth"", ""path_segment_count"", ""query_parameter_count"", ""has_port"", ""has_userinfo"", ""host_is_ip"", ""tld_length"", ""registrable_domain_length"", ""domain_digit_ratio"", ""domain_hyphen_ratio"", ""url_char_entropy"", ""longest_repeated_char_run"", ""char_type_transition_count"", ""token_count"", ""token_mean_length"", ""token_max_length""]",0.9
0.2194826103257393,0.4993477170095333,unfiltered,master,13,35378,1.0,0.0589101000000482,1.2992104624759777e-06,0.179980106700425,xgb,20261005,35378,9965,45343,0.1261115138546749,0.2195455548202073,0.9986954340190668,r04,0.0777230482504243,S4-external,xgb_d6_lr01_balanced,"{""colsample_bytree"": 0.9, ""learning_rate"": 0.1, ""max_depth"": 6, ""n_estimators"": 200, ""reg_lambda"": 1.0, ""scale_pos_weight"": 1.3542785150825352, ""subsample"": 0.9}",phiusiil,iscx_url2016_binary,0.9,0,9952,f_all,35,"[""url_length"", ""hostname_length"", ""path_length"", ""query_length"", ""fragment_length"", ""digit_count"", ""letter_count"", ""special_char_count"", ""digit_ratio"", ""letter_ratio"", ""special_char_ratio"", ""dot_count"", ""hyphen_count"", ""underscore_count"", ""slash_count"", ""question_mark_count"", ""equals_sign_count"", ""percent_sign_count"", ""at_sign_count"", ""subdomain_depth"", ""path_segment_count"", ""query_parameter_count"", ""has_port"", ""has_userinfo"", ""host_is_ip"", ""tld_length"", ""registrable_domain_length"", ""domain_digit_ratio"", ""domain_hyphen_ratio"", ""url_char_entropy"", ""longest_repeated_char_run"", ""char_type_transition_count"", ""token_count"", ""token_mean_length"", ""token_max_length""]",0.9
0.20495522822684364,0.49893667296786387,primary_domain_filtered,,18,32745,1.0,0.022238100000095073,4.904417440419706e-07,0.1700936461584936,xgb,20261005,32745,8464,41209,0.19048405435863539,0.20504479133791362,0.9978733459357277,r04,0.2856315745112964,S4-external,xgb_d6_lr005,"{""colsample_bytree"": 0.9, ""learning_rate"": 0.05, ""max_depth"": 6, ""n_estimators"": 250, ""reg_lambda"": 1.0, ""scale_pos_weight"": 1.0, ""subsample"": 0.9}",phiusiil,iscx_url2016_binary,0.94,0,8446,f_mi,15,"[""longest_repeated_char_run"", ""subdomain_depth"", ""char_type_transition_count"", ""letter_ratio"", ""token_count"", ""special_char_count"", ""special_char_ratio"", ""path_length"", ""url_char_entropy"", ""path_segment_count"", ""token_mean_length"", ""url_length"", ""slash_count"", ""dot_count"", ""letter_count""]",0.94
0.21888714906380258,0.4979929754139488,unfiltered,,40,35378,1.0,0.022238100000095073,4.904417440419706e-07,0.17957950351016863,xgb,20261005,35378,9965,45343,0.18791738561227248,0.21908041410061144,0.9959859508278976,r04,0.26950337260745016,S4-external,xgb_d6_lr005,"{""colsample_bytree"": 0.9, ""learning_rate"": 0.05, ""max_depth"": 6, ""n_estimators"": 250, ""reg_lambda"": 1.0, ""scale_pos_weight"": 1.0, ""subsample"": 0.9}",phiusiil,iscx_url2016_binary,0.94,0,9925,f_mi,15,"[""longest_repeated_char_run"", ""subdomain_depth"", ""char_type_transition_count"", ""letter_ratio"", ""token_count"", ""special_char_count"", ""special_char_ratio"", ""path_length"", ""url_char_entropy"", ""path_segment_count"", ""token_mean_length"", ""url_length"", ""slash_count"", ""dot_count"", ""letter_count""]",0.94
0.20524642675143778,0.49964555765595464,primary_domain_filtered,,6,32745,1.0,0.02568949999999859,5.665593366120149e-07,0.17029415909960335,xgb,20261005,32745,8464,41209,0.11377486078512247,0.20527631483144432,0.9992911153119093,r04,0.06945875118814948,S4-external,xgb_d6_lr01_balanced,"{""colsample_bytree"": 0.9, ""learning_rate"": 0.1, ""max_depth"": 6, ""n_estimators"": 200, ""reg_lambda"": 1.0, ""scale_pos_weight"": 1.3542785150825352, ""subsample"": 0.9}",phiusiil,iscx_url2016_binary,0.73,0,8458,f_permutation,15,"[""hostname_length"", ""url_length"", ""longest_repeated_char_run"", ""path_length"", ""path_segment_count"", ""domain_hyphen_ratio"", ""tld_length"", ""token_count"", ""digit_ratio"", ""subdomain_depth"", ""hyphen_count"", ""at_sign_count"", ""equals_sign_count"", ""fragment_length"", ""has_port""]",0.73
0.21957082680898926,0.4995484194681385,unfiltered,,9,35378,1.0,0.02568949999999859,5.665593366120149e-07,0.18003942205103166,xgb,20261005,35378,9965,45343,0.12506491924693347,0.2196144174350377,0.999096838936277,r04,0.08669600626331454,S4-external,xgb_d6_lr01_balanced,"{""colsample_bytree"": 0.9, ""learning_rate"": 0.1, ""max_depth"": 6, ""n_estimators"": 200, ""reg_lambda"": 1.0, ""scale_pos_weight"": 1.3542785150825352, ""subsample"": 0.9}",phiusiil,iscx_url2016_binary,0.73,0,9956,f_permutation,15,"[""hostname_length"", ""url_length"", ""longest_repeated_char_run"", ""path_length"", ""path_segment_count"", ""domain_hyphen_ratio"", ""tld_length"", ""token_count"", ""digit_ratio"", ""subdomain_depth"", ""hyphen_count"", ""at_sign_count"", ""equals_sign_count"", ""fragment_length"", ""has_port""]",0.73
0.205149360576573,0.4994092627599243,primary_domain_filtered,master,10,32745,1.0,0.0291174999999999,6.421608627572041e-07,0.1702273322191571,xgb,20261005,32745,8464,41209,0.1156971949575701,0.2051991553193038,0.9988185255198488,r04,0.0819465738286426,S4-external,xgb_d6_lr01_balanced,"{""colsample_bytree"": 0.9, ""learning_rate"": 0.1, ""max_depth"": 6, ""n_estimators"": 200, ""reg_lambda"": 1.0, ""scale_pos_weight"": 1.3542785150825352, ""subsample"": 0.9}",phiusiil,iscx_url2016_binary,0.86,0,8454,f_single,15,"[""hostname_length"", ""url_length"", ""longest_repeated_char_run"", ""path_length"", ""registrable_domain_length"", ""subdomain_depth"", ""token_max_length"", ""digit_count"", ""char_type_transition_count"", ""letter_ratio"", ""dot_count"", ""token_mean_length"", ""letter_count"", ""special_char_ratio"", ""slash_count""]",0.86
0.2194605562049268,0.4992975413948821,unfiltered,master,14,35378,1.0,0.0291174999999999,6.421608627572041e-07,0.1799652765218649,xgb,20261005,35378,9965,45343,0.127639480801483,0.2195283372675329,0.9985950827897642,r04,0.1160634695854622,S4-external,xgb_d6_lr01_balanced,"{""colsample_bytree"": 0.9, ""learning_rate"": 0.1, ""max_depth"": 6, ""n_estimators"": 200, ""reg_lambda"": 1.0, ""scale_pos_weight"": 1.3542785150825352, ""subsample"": 0.9}",phiusiil,iscx_url2016_binary,0.86,0,9951,f_single,15,"[""hostname_length"", ""url_length"", ""longest_repeated_char_run"", ""path_length"", ""registrable_domain_length"", ""subdomain_depth"", ""token_max_length"", ""digit_count"", ""char_type_transition_count"", ""letter_ratio"", ""dot_count"", ""token_mean_length"", ""letter_count"", ""special_char_ratio"", ""slash_count""]",0.86
0.2053434929263025,0.4998818525519848,primary_domain_filtered,master,2,32745,1.0,0.0282988999999993,6.241073594601008e-07,0.1703609752169274,xgb,20261005,32745,8464,41209,0.1178802633417711,0.2053534593637003,0.9997637051039696,r04,0.1105002159812563,S4-external,xgb_d6_lr01_balanced,"{""colsample_bytree"": 0.9, ""learning_rate"": 0.1, ""max_depth"": 6, ""n_estimators"": 200, ""reg_lambda"": 1.0, ""scale_pos_weight"": 1.3542785150825352, ""subsample"": 0.9}",phiusiil,iscx_url2016_binary,0.76,0,8462,f_stable,14,"[""hostname_length"", ""longest_repeated_char_run"", ""url_length"", ""path_length"", ""registrable_domain_length"", ""subdomain_depth"", ""char_type_transition_count"", ""token_max_length"", ""dot_count"", ""letter_ratio"", ""token_mean_length"", ""digit_count"", ""letter_count"", ""slash_count""]",0.76
0.2196810974130516,0.4997992975413949,unfiltered,master,4,35378,1.0,0.0282988999999993,6.241073594601008e-07,0.1801135541732967,xgb,20261005,35378,9965,45343,0.128932544814625,0.2197004786166435,0.9995985950827898,r04,0.1160096362482097,S4-external,xgb_d6_lr01_balanced,"{""colsample_bytree"": 0.9, ""learning_rate"": 0.1, ""max_depth"": 6, ""n_estimators"": 200, ""reg_lambda"": 1.0, ""scale_pos_weight"": 1.3542785150825352, ""subsample"": 0.9}",phiusiil,iscx_url2016_binary,0.76,0,9961,f_stable,14,"[""hostname_length"", ""longest_repeated_char_run"", ""url_length"", ""path_length"", ""registrable_domain_length"", ""subdomain_depth"", ""char_type_transition_count"", ""token_max_length"", ""dot_count"", ""letter_ratio"", ""token_mean_length"", ""digit_count"", ""letter_count"", ""slash_count""]",0.76
0.2542803250145096,0.5301427672850023,primary_domain_filtered,master,24,30813,0.9368785916263797,0.0740531999999802,1.6331782193498506e-06,0.2361955550246182,lr,20261006,32889,8463,41352,0.2238351599927283,0.2149954142464078,0.9971641261963844,r05,0.5533758154656012,S4-external,lr_c1,"{""C"": 1.0, ""class_weight"": null}",phiusiil,iscx_url2016_binary,0.86,2076,8439,f_all,35,"[""url_length"", ""hostname_length"", ""path_length"", ""query_length"", ""fragment_length"", ""digit_count"", ""letter_count"", ""special_char_count"", ""digit_ratio"", ""letter_ratio"", ""special_char_ratio"", ""dot_count"", ""hyphen_count"", ""underscore_count"", ""slash_count"", ""question_mark_count"", ""equals_sign_count"", ""percent_sign_count"", ""at_sign_count"", ""subdomain_depth"", ""path_segment_count"", ""query_parameter_count"", ""has_port"", ""has_userinfo"", ""host_is_ip"", ""tld_length"", ""registrable_domain_length"", ""domain_digit_ratio"", ""domain_hyphen_ratio"", ""url_char_entropy"", ""longest_repeated_char_run"", ""char_type_transition_count"", ""token_count"", ""token_mean_length"", ""token_max_length""]",0.86
0.2649582074410603,0.5279855263675565,unfiltered,master,27,33302,0.941319464073718,0.0740531999999802,1.6331782193498506e-06,0.2421750193985452,lr,20261006,35378,9965,45343,0.2356914941635998,0.2298334875115633,0.997290516808831,r05,0.542915188461214,S4-external,lr_c1,"{""C"": 1.0, ""class_weight"": null}",phiusiil,iscx_url2016_binary,0.86,2076,9938,f_all,35,"[""url_length"", ""hostname_length"", ""path_length"", ""query_length"", ""fragment_length"", ""digit_count"", ""letter_count"", ""special_char_count"", ""digit_ratio"", ""letter_ratio"", ""special_char_ratio"", ""dot_count"", ""hyphen_count"", ""underscore_count"", ""slash_count"", ""question_mark_count"", ""equals_sign_count"", ""percent_sign_count"", ""at_sign_count"", ""subdomain_depth"", ""path_segment_count"", ""query_parameter_count"", ""has_port"", ""has_userinfo"", ""host_is_ip"", ""tld_length"", ""registrable_domain_length"", ""domain_digit_ratio"", ""domain_hyphen_ratio"", ""url_char_entropy"", ""longest_repeated_char_run"", ""char_type_transition_count"", ""token_count"", ""token_mean_length"", ""token_max_length""]",0.86
0.20414973882762624,0.49871542715801853,primary_domain_filtered,,22,32888,0.9999695946973152,0.010407799999939016,2.2953487859072e-07,0.16955560899018088,lr,20261006,32889,8463,41352,0.19389211318875915,0.20423915410486584,0.9974004490133522,r05,0.46639941364866544,S4-external,lr_c1_balanced,"{""C"": 1.0, ""class_weight"": ""balanced""}",phiusiil,iscx_url2016_binary,0.93,1,8441,f_mi,15,"[""longest_repeated_char_run"", ""subdomain_depth"", ""char_type_transition_count"", ""letter_ratio"", ""token_count"", ""special_char_count"", ""special_char_ratio"", ""path_length"", ""path_segment_count"", ""url_char_entropy"", ""token_mean_length"", ""dot_count"", ""url_length"", ""slash_count"", ""letter_count""]",0.93
0.21873277021811524,0.49760570357379214,unfiltered,,48,35377,0.9999717338458929,0.010407799999939016,2.2953487859072e-07,0.17949220577685704,lr,20261006,35378,9965,45343,0.20589920404347972,0.21894732194109595,0.9951831409934772,r05,0.45873960694076055,S4-external,lr_c1_balanced,"{""C"": 1.0, ""class_weight"": ""balanced""}",phiusiil,iscx_url2016_binary,0.93,1,9917,f_mi,15,"[""longest_repeated_char_run"", ""subdomain_depth"", ""char_type_transition_count"", ""letter_ratio"", ""token_count"", ""special_char_count"", ""special_char_ratio"", ""path_length"", ""path_segment_count"", ""url_char_entropy"", ""token_mean_length"", ""dot_count"", ""url_length"", ""slash_count"", ""letter_count""]",0.93
0.2638082801315535,0.533894831216026,primary_domain_filtered,,75,30368,0.9233482319316488,0.010174300000016956,2.2438524138272623e-07,0.2486844597782726,lr,20261006,32889,8463,41352,0.22686229400355018,0.21643100423160286,0.9911378943637008,r05,0.561206213817784,S4-external,lr_c01,"{""C"": 0.1, ""class_weight"": null}",phiusiil,iscx_url2016_binary,0.95,2521,8388,f_permutation,15,"[""hostname_length"", ""path_segment_count"", ""path_length"", ""letter_count"", ""token_mean_length"", ""url_length"", ""longest_repeated_char_run"", ""slash_count"", ""query_length"", ""dot_count"", ""token_max_length"", ""subdomain_depth"", ""hyphen_count"", ""question_mark_count"", ""registrable_domain_length""]",0.95
0.2736695851619875,0.531765964923816,unfiltered,,77,32857,0.928741025496071,0.010174300000016956,2.2438524138272623e-07,0.2539765192143041,lr,20261006,35378,9965,45343,0.22348382900790498,0.23132530120481928,0.992272955343703,r05,0.5174085598424266,S4-external,lr_c01,"{""C"": 0.1, ""class_weight"": null}",phiusiil,iscx_url2016_binary,0.95,2521,9888,f_permutation,15,"[""hostname_length"", ""path_segment_count"", ""path_length"", ""letter_count"", ""token_mean_length"", ""url_length"", ""longest_repeated_char_run"", ""slash_count"", ""query_length"", ""dot_count"", ""token_max_length"", ""subdomain_depth"", ""hyphen_count"", ""question_mark_count"", ""registrable_domain_length""]",0.95
0.2486941381311665,0.5268503450894072,primary_domain_filtered,master,19,31049,0.9440542430599896,0.0144421000000001,3.185078181858308e-07,0.2290307594900866,lr,20261006,32889,8463,41352,0.2202996399478195,0.2138100422859747,0.9977549332388042,r05,0.5443348779320507,S4-external,lr_c1,"{""C"": 1.0, ""class_weight"": null}",phiusiil,iscx_url2016_binary,0.94,1840,8444,f_single,15,"[""hostname_length"", ""letter_count"", ""path_segment_count"", ""query_length"", ""path_length"", ""url_length"", ""slash_count"", ""dot_count"", ""token_mean_length"", ""question_mark_count"", ""token_max_length"", ""hyphen_count"", ""longest_repeated_char_run"", ""query_parameter_count"", ""special_char_ratio""]",0.94
0.2598416514125664,0.5248508226415269,unfiltered,master,23,33538,0.9479902764429872,0.0144421000000001,3.185078181858308e-07,0.2354309249499073,lr,20261006,35378,9965,45343,0.232236332556418,0.2286568537258509,0.9976919217260412,r05,0.534088326611624,S4-external,lr_c1,"{""C"": 1.0, ""class_weight"": null}",phiusiil,iscx_url2016_binary,0.94,1840,9942,f_single,15,"[""hostname_length"", ""letter_count"", ""path_segment_count"", ""query_length"", ""path_length"", ""url_length"", ""slash_count"", ""dot_count"", ""token_mean_length"", ""question_mark_count"", ""token_max_length"", ""hyphen_count"", ""longest_repeated_char_run"", ""query_parameter_count"", ""special_char_ratio""]",0.94
0.2295414973882762,0.5148098452262311,primary_domain_filtered,master,19,31841,0.968135242786342,0.012562299999999,2.770504818825183e-07,0.204080833137025,lr,20261006,32889,8463,41352,0.213316926386095,0.2096065533076827,0.9977549332388042,r05,0.5253201801783101,S4-external,lr_c1,"{""C"": 1.0, ""class_weight"": null}",phiusiil,iscx_url2016_binary,0.95,1048,8444,f_stable,14,"[""letter_count"", ""hostname_length"", ""path_segment_count"", ""path_length"", ""query_length"", ""url_length"", ""slash_count"", ""dot_count"", ""token_mean_length"", ""token_max_length"", ""question_mark_count"", ""longest_repeated_char_run"", ""hyphen_count"", ""query_parameter_count""]",0.95
0.2422204088833998,0.5133061963125675,unfiltered,master,30,34330,0.9703770704957884,0.012562299999999,2.770504818825183e-07,0.2119481628226171,lr,20261006,35378,9965,45343,0.2255791671571544,0.2244436914040438,0.9969894631209232,r05,0.5163102687094355,S4-external,lr_c1,"{""C"": 1.0, ""class_weight"": null}",phiusiil,iscx_url2016_binary,0.95,1048,9935,f_stable,14,"[""letter_count"", ""hostname_length"", ""path_segment_count"", ""path_length"", ""query_length"", ""url_length"", ""slash_count"", ""dot_count"", ""token_mean_length"", ""token_max_length"", ""question_mark_count"", ""longest_repeated_char_run"", ""hyphen_count"", ""query_parameter_count""]",0.95
0.2043673824724318,0.499291031549096,primary_domain_filtered,master,12,32889,1.0,0.1408562999999958,3.1064618573979626e-06,0.1696885729775314,rf,20261006,32889,8463,41352,0.1892959869239077,0.2044267053701016,0.998582063098192,r05,0.4520151258961862,S4-external,rf_depth24_leaf2,"{""class_weight"": null, ""max_depth"": 24, ""max_features"": ""sqrt"", ""min_samples_leaf"": 2, ""n_estimators"": 200}",phiusiil,iscx_url2016_binary,0.81,0,8451,f_all,35,"[""url_length"", ""hostname_length"", ""path_length"", ""query_length"", ""fragment_length"", ""digit_count"", ""letter_count"", ""special_char_count"", ""digit_ratio"", ""letter_ratio"", ""special_char_ratio"", ""dot_count"", ""hyphen_count"", ""underscore_count"", ""slash_count"", ""question_mark_count"", ""equals_sign_count"", ""percent_sign_count"", ""at_sign_count"", ""subdomain_depth"", ""path_segment_count"", ""query_parameter_count"", ""has_port"", ""has_userinfo"", ""host_is_ip"", ""tld_length"", ""registrable_domain_length"", ""domain_digit_ratio"", ""domain_hyphen_ratio"", ""url_char_entropy"", ""longest_repeated_char_run"", ""char_type_transition_count"", ""token_count"", ""token_mean_length"", ""token_max_length""]",0.81
0.2194826103257393,0.4993477170095333,unfiltered,master,13,35378,1.0,0.1408562999999958,3.1064618573979626e-06,0.179980106700425,rf,20261006,35378,9965,45343,0.2038557812057432,0.2195455548202073,0.9986954340190668,r05,0.4528534377642683,S4-external,rf_depth24_leaf2,"{""class_weight"": null, ""max_depth"": 24, ""max_features"": ""sqrt"", ""min_samples_leaf"": 2, ""n_estimators"": 200}",phiusiil,iscx_url2016_binary,0.81,0,9952,f_all,35,"[""url_length"", ""hostname_length"", ""path_length"", ""query_length"", ""fragment_length"", ""digit_count"", ""letter_count"", ""special_char_count"", ""digit_ratio"", ""letter_ratio"", ""special_char_ratio"", ""dot_count"", ""hyphen_count"", ""underscore_count"", ""slash_count"", ""question_mark_count"", ""equals_sign_count"", ""percent_sign_count"", ""at_sign_count"", ""subdomain_depth"", ""path_segment_count"", ""query_parameter_count"", ""has_port"", ""has_userinfo"", ""host_is_ip"", ""tld_length"", ""registrable_domain_length"", ""domain_digit_ratio"", ""domain_hyphen_ratio"", ""url_char_entropy"", ""longest_repeated_char_run"", ""char_type_transition_count"", ""token_count"", ""token_mean_length"", ""token_max_length""]",0.81
0.20414973882762624,0.4987593052109181,primary_domain_filtered,,21,32889,1.0,0.07385690000000977,1.6288489954350125e-06,0.16953849861429088,rf,20261006,32889,8463,41352,0.19942662740447556,0.20425346592146332,0.9975186104218362,r05,0.4837987017061499,S4-external,rf_depth16_leaf1,"{""class_weight"": null, ""max_depth"": 16, ""max_features"": ""sqrt"", ""min_samples_leaf"": 1, ""n_estimators"": 200}",phiusiil,iscx_url2016_binary,0.95,0,8442,f_mi,15,"[""longest_repeated_char_run"", ""subdomain_depth"", ""char_type_transition_count"", ""letter_ratio"", ""token_count"", ""special_char_count"", ""special_char_ratio"", ""path_length"", ""path_segment_count"", ""url_char_entropy"", ""token_mean_length"", ""dot_count"", ""url_length"", ""slash_count"", ""letter_count""]",0.95
0.21871071609730278,0.4975915704967386,unfiltered,,48,35378,1.0,0.07385690000000977,1.6288489954350125e-06,0.1794607310893956,rf,20261006,35378,9965,45343,0.21270278607015589,0.21894248813334805,0.9951831409934772,r05,0.4791771667226836,S4-external,rf_depth16_leaf1,"{""class_weight"": null, ""max_depth"": 16, ""max_features"": ""sqrt"", ""min_samples_leaf"": 1, ""n_estimators"": 200}",phiusiil,iscx_url2016_binary,0.95,0,9917,f_mi,15,"[""longest_repeated_char_run"", ""subdomain_depth"", ""char_type_transition_count"", ""letter_ratio"", ""token_count"", ""special_char_count"", ""special_char_ratio"", ""path_length"", ""path_segment_count"", ""url_char_entropy"", ""token_mean_length"", ""dot_count"", ""url_length"", ""slash_count"", ""letter_count""]",0.95
0.20390791255562005,0.4981684981684982,primary_domain_filtered,,31,32889,1.0,0.05672570000001542,1.2510354409724857e-06,0.16937168568214686,rf,20261006,32889,8463,41352,0.17665514066113175,0.20406088913627454,0.9963369963369964,r05,0.4092377679472688,S4-external,rf_depth24_leaf2,"{""class_weight"": null, ""max_depth"": 24, ""max_features"": ""sqrt"", ""min_samples_leaf"": 2, ""n_estimators"": 200}",phiusiil,iscx_url2016_binary,0.84,0,8432,f_permutation,15,"[""longest_repeated_char_run"", ""hostname_length"", ""registrable_domain_length"", ""letter_ratio"", ""subdomain_depth"", ""token_mean_length"", ""letter_count"", ""special_char_ratio"", ""url_length"", ""token_max_length"", ""digit_ratio"", ""special_char_count"", ""dot_count"", ""digit_count"", ""slash_count""]",0.84
0.21904152790948989,0.49834420471650775,unfiltered,,33,35378,1.0,0.05672570000001542,1.2510354409724857e-06,0.17968340117593848,rf,20261006,35378,9965,45343,0.19294534688634746,0.21920105936879275,0.9966884094330155,r05,0.418185656411721,S4-external,rf_depth24_leaf2,"{""class_weight"": null, ""max_depth"": 24, ""max_features"": ""sqrt"", ""min_samples_leaf"": 2, ""n_estimators"": 200}",phiusiil,iscx_url2016_binary,0.84,0,9932,f_permutation,15,"[""longest_repeated_char_run"", ""hostname_length"", ""registrable_domain_length"", ""letter_ratio"", ""subdomain_depth"", ""token_mean_length"", ""letter_count"", ""special_char_ratio"", ""url_length"", ""token_max_length"", ""digit_ratio"", ""special_char_count"", ""dot_count"", ""digit_count"", ""slash_count""]",0.84
0.2043673824724318,0.499291031549096,primary_domain_filtered,master,12,32889,1.0,0.0909685000000006,2.006230289129539e-06,0.1696885729775314,rf,20261006,32889,8463,41352,0.1911267671569111,0.2044267053701016,0.998582063098192,r05,0.4577499169925895,S4-external,rf_depth24_leaf2,"{""class_weight"": null, ""max_depth"": 24, ""max_features"": ""sqrt"", ""min_samples_leaf"": 2, ""n_estimators"": 200}",phiusiil,iscx_url2016_binary,0.78,0,8451,f_single,15,"[""longest_repeated_char_run"", ""hostname_length"", ""subdomain_depth"", ""registrable_domain_length"", ""url_length"", ""letter_ratio"", ""token_mean_length"", ""token_max_length"", ""digit_count"", ""letter_count"", ""digit_ratio"", ""special_char_ratio"", ""char_type_transition_count"", ""path_length"", ""path_segment_count""]",0.78
0.2194826103257393,0.4993477170095333,unfiltered,master,13,35378,1.0,0.0909685000000006,2.006230289129539e-06,0.179980106700425,rf,20261006,35378,9965,45343,0.2059809463872965,0.2195455548202073,0.9986954340190668,r05,0.4591880261451004,S4-external,rf_depth24_leaf2,"{""class_weight"": null, ""max_depth"": 24, ""max_features"": ""sqrt"", ""min_samples_leaf"": 2, ""n_estimators"": 200}",phiusiil,iscx_url2016_binary,0.78,0,9952,f_single,15,"[""longest_repeated_char_run"", ""hostname_length"", ""subdomain_depth"", ""registrable_domain_length"", ""url_length"", ""letter_ratio"", ""token_mean_length"", ""token_max_length"", ""digit_count"", ""letter_count"", ""digit_ratio"", ""special_char_ratio"", ""char_type_transition_count"", ""path_length"", ""path_segment_count""]",0.78
0.2043673824724318,0.499291031549096,primary_domain_filtered,master,12,32889,1.0,0.0657810000000012,1.4507421211653662e-06,0.1696885729775314,rf,20261006,32889,8463,41352,0.1928875046038132,0.2044267053701016,0.998582063098192,r05,0.4632372855222146,S4-external,rf_depth24_leaf2,"{""class_weight"": null, ""max_depth"": 24, ""max_features"": ""sqrt"", ""min_samples_leaf"": 2, ""n_estimators"": 200}",phiusiil,iscx_url2016_binary,0.74,0,8451,f_stable,14,"[""longest_repeated_char_run"", ""hostname_length"", ""subdomain_depth"", ""registrable_domain_length"", ""letter_ratio"", ""url_length"", ""token_mean_length"", ""path_length"", ""char_type_transition_count"", ""path_segment_count"", ""token_max_length"", ""special_char_ratio"", ""digit_count"", ""digit_ratio""]",0.74
0.2194826103257393,0.4993477170095333,unfiltered,master,13,35378,1.0,0.0657810000000012,1.4507421211653662e-06,0.179980106700425,rf,20261006,35378,9965,45343,0.2075037916298981,0.2195455548202073,0.9986954340190668,r05,0.4636637241595513,S4-external,rf_depth24_leaf2,"{""class_weight"": null, ""max_depth"": 24, ""max_features"": ""sqrt"", ""min_samples_leaf"": 2, ""n_estimators"": 200}",phiusiil,iscx_url2016_binary,0.74,0,9952,f_stable,14,"[""longest_repeated_char_run"", ""hostname_length"", ""subdomain_depth"", ""registrable_domain_length"", ""letter_ratio"", ""url_length"", ""token_mean_length"", ""path_length"", ""char_type_transition_count"", ""path_segment_count"", ""token_max_length"", ""special_char_ratio"", ""digit_count"", ""digit_ratio""]",0.74
0.2045124782356355,0.499645515774548,primary_domain_filtered,master,6,32889,1.0,0.0277983000000858,6.130670665832846e-07,0.169788592423056,xgb,20261006,32889,8463,41352,0.1146821657687082,0.2045421564359309,0.999291031549096,r05,0.0794669585058371,S4-external,xgb_d6_lr01_balanced,"{""colsample_bytree"": 0.9, ""learning_rate"": 0.1, ""max_depth"": 6, ""n_estimators"": 200, ""reg_lambda"": 1.0, ""scale_pos_weight"": 1.3542591267000716, ""subsample"": 0.9}",phiusiil,iscx_url2016_binary,0.8,0,8457,f_all,35,"[""url_length"", ""hostname_length"", ""path_length"", ""query_length"", ""fragment_length"", ""digit_count"", ""letter_count"", ""special_char_count"", ""digit_ratio"", ""letter_ratio"", ""special_char_ratio"", ""dot_count"", ""hyphen_count"", ""underscore_count"", ""slash_count"", ""question_mark_count"", ""equals_sign_count"", ""percent_sign_count"", ""at_sign_count"", ""subdomain_depth"", ""path_segment_count"", ""query_parameter_count"", ""has_port"", ""has_userinfo"", ""host_is_ip"", ""tld_length"", ""registrable_domain_length"", ""domain_digit_ratio"", ""domain_hyphen_ratio"", ""url_char_entropy"", ""longest_repeated_char_run"", ""char_type_transition_count"", ""token_count"", ""token_mean_length"", ""token_max_length""]",0.8
0.2195708268089892,0.4995484194681385,unfiltered,master,9,35378,1.0,0.0277983000000858,6.130670665832846e-07,0.1800394220510316,xgb,20261006,35378,9965,45343,0.1279186174215263,0.2196144174350377,0.999096838936277,r05,0.1235936269339091,S4-external,xgb_d6_lr01_balanced,"{""colsample_bytree"": 0.9, ""learning_rate"": 0.1, ""max_depth"": 6, ""n_estimators"": 200, ""reg_lambda"": 1.0, ""scale_pos_weight"": 1.3542591267000716, ""subsample"": 0.9}",phiusiil,iscx_url2016_binary,0.8,0,9956,f_all,35,"[""url_length"", ""hostname_length"", ""path_length"", ""query_length"", ""fragment_length"", ""digit_count"", ""letter_count"", ""special_char_count"", ""digit_ratio"", ""letter_ratio"", ""special_char_ratio"", ""dot_count"", ""hyphen_count"", ""underscore_count"", ""slash_count"", ""question_mark_count"", ""equals_sign_count"", ""percent_sign_count"", ""at_sign_count"", ""subdomain_depth"", ""path_segment_count"", ""query_parameter_count"", ""has_port"", ""has_userinfo"", ""host_is_ip"", ""tld_length"", ""registrable_domain_length"", ""domain_digit_ratio"", ""domain_hyphen_ratio"", ""url_char_entropy"", ""longest_repeated_char_run"", ""char_type_transition_count"", ""token_count"", ""token_mean_length"", ""token_max_length""]",0.8
0.2042464693364287,0.4989956280278861,primary_domain_filtered,,17,32889,1.0,0.022928899999897112,5.056767306948616e-07,0.1696052050283144,xgb,20261006,32889,8463,41352,0.1385792319967048,0.20433047054554251,0.9979912560557722,r05,0.2252490965110833,S4-external,xgb_d6_lr005,"{""colsample_bytree"": 0.9, ""learning_rate"": 0.05, ""max_depth"": 6, ""n_estimators"": 250, ""reg_lambda"": 1.0, ""scale_pos_weight"": 1.0, ""subsample"": 0.9}",phiusiil,iscx_url2016_binary,0.94,0,8446,f_mi,15,"[""longest_repeated_char_run"", ""subdomain_depth"", ""char_type_transition_count"", ""letter_ratio"", ""token_count"", ""special_char_count"", ""special_char_ratio"", ""path_length"", ""path_segment_count"", ""url_char_entropy"", ""token_mean_length"", ""dot_count"", ""url_length"", ""slash_count"", ""letter_count""]",0.94
0.21895331142624,0.49814350225790266,unfiltered,,37,35378,1.0,0.022928899999897112,5.056767306948616e-07,0.17962403430370358,xgb,20261006,35378,9965,45343,0.1463220818910344,0.21913212378051472,0.9962870045158053,r05,0.21735875297840596,S4-external,xgb_d6_lr005,"{""colsample_bytree"": 0.9, ""learning_rate"": 0.05, ""max_depth"": 6, ""n_estimators"": 250, ""reg_lambda"": 1.0, ""scale_pos_weight"": 1.0, ""subsample"": 0.9}",phiusiil,iscx_url2016_binary,0.94,0,9928,f_mi,15,"[""longest_repeated_char_run"", ""subdomain_depth"", ""char_type_transition_count"", ""letter_ratio"", ""token_count"", ""special_char_count"", ""special_char_ratio"", ""path_length"", ""path_segment_count"", ""url_char_entropy"", ""token_mean_length"", ""dot_count"", ""url_length"", ""slash_count"", ""letter_count""]",0.94
0.20441574772683305,0.4994091929575801,primary_domain_filtered,,10,32889,1.0,0.02348430000006374,5.179255893977845e-07,0.1697219154703343,xgb,20261006,32889,8463,41352,0.11504892065986938,0.20446519278215858,0.9988183859151601,r05,0.09343888130157489,S4-external,xgb_d6_lr01_balanced,"{""colsample_bytree"": 0.9, ""learning_rate"": 0.1, ""max_depth"": 6, ""n_estimators"": 200, ""reg_lambda"": 1.0, ""scale_pos_weight"": 1.3542591267000716, ""subsample"": 0.9}",phiusiil,iscx_url2016_binary,0.81,0,8453,f_permutation,15,"[""hostname_length"", ""url_length"", ""longest_repeated_char_run"", ""registrable_domain_length"", ""path_length"", ""letter_ratio"", ""tld_length"", ""token_max_length"", ""special_char_ratio"", ""subdomain_depth"", ""token_mean_length"", ""digit_count"", ""url_char_entropy"", ""slash_count"", ""char_type_transition_count""]",0.81
0.21948261032573937,0.49934771700953334,unfiltered,,13,35378,1.0,0.02348430000006374,5.179255893977845e-07,0.179980106700425,xgb,20261006,35378,9965,45343,0.12897848532182338,0.21954555482020738,0.9986954340190667,r05,0.1370658447082739,S4-external,xgb_d6_lr01_balanced,"{""colsample_bytree"": 0.9, ""learning_rate"": 0.1, ""max_depth"": 6, ""n_estimators"": 200, ""reg_lambda"": 1.0, ""scale_pos_weight"": 1.3542591267000716, ""subsample"": 0.9}",phiusiil,iscx_url2016_binary,0.81,0,9952,f_permutation,15,"[""hostname_length"", ""url_length"", ""longest_repeated_char_run"", ""registrable_domain_length"", ""path_length"", ""letter_ratio"", ""tld_length"", ""token_max_length"", ""special_char_ratio"", ""subdomain_depth"", ""token_mean_length"", ""digit_count"", ""url_char_entropy"", ""slash_count"", ""char_type_transition_count""]",0.81
0.204609208744438,0.499881838591516,primary_domain_filtered,master,2,32889,1.0,0.045667400000001,1.007154356791589e-06,0.1698552586674161,xgb,20261006,32889,8463,41352,0.1138481233400657,0.2046191051995163,0.999763677183032,r05,0.0682765245120145,S4-external,xgb_d6_lr01_balanced,"{""colsample_bytree"": 0.9, ""learning_rate"": 0.1, ""max_depth"": 6, ""n_estimators"": 200, ""reg_lambda"": 1.0, ""scale_pos_weight"": 1.3542591267000716, ""subsample"": 0.9}",phiusiil,iscx_url2016_binary,0.79,0,8461,f_single,15,"[""hostname_length"", ""longest_repeated_char_run"", ""url_length"", ""path_length"", ""subdomain_depth"", ""registrable_domain_length"", ""token_max_length"", ""token_mean_length"", ""digit_count"", ""letter_ratio"", ""dot_count"", ""char_type_transition_count"", ""special_char_ratio"", ""letter_count"", ""slash_count""]",0.79
0.2196810974130516,0.4997992975413949,unfiltered,master,4,35378,1.0,0.045667400000001,1.007154356791589e-06,0.1801135541732967,xgb,20261006,35378,9965,45343,0.1263123188752412,0.2197004786166435,0.9995985950827898,r05,0.0837832308494962,S4-external,xgb_d6_lr01_balanced,"{""colsample_bytree"": 0.9, ""learning_rate"": 0.1, ""max_depth"": 6, ""n_estimators"": 200, ""reg_lambda"": 1.0, ""scale_pos_weight"": 1.3542591267000716, ""subsample"": 0.9}",phiusiil,iscx_url2016_binary,0.79,0,9961,f_single,15,"[""hostname_length"", ""longest_repeated_char_run"", ""url_length"", ""path_length"", ""subdomain_depth"", ""registrable_domain_length"", ""token_max_length"", ""token_mean_length"", ""digit_count"", ""letter_ratio"", ""dot_count"", ""char_type_transition_count"", ""special_char_ratio"", ""letter_count"", ""slash_count""]",0.79
0.2046333913716386,0.499940919295758,primary_domain_filtered,master,1,32889,1.0,0.0272363000000002,6.006726506847852e-07,0.1698719235556269,xgb,20261006,32889,8463,41352,0.1128106550550936,0.2046383400643273,0.999881838591516,r05,0.0464013714727994,S4-external,xgb_d6_lr01_balanced,"{""colsample_bytree"": 0.9, ""learning_rate"": 0.1, ""max_depth"": 6, ""n_estimators"": 200, ""reg_lambda"": 1.0, ""scale_pos_weight"": 1.3542591267000716, ""subsample"": 0.9}",phiusiil,iscx_url2016_binary,0.7,0,8462,f_stable,15,"[""hostname_length"", ""longest_repeated_char_run"", ""url_length"", ""path_length"", ""subdomain_depth"", ""registrable_domain_length"", ""token_max_length"", ""char_type_transition_count"", ""dot_count"", ""letter_ratio"", ""token_mean_length"", ""digit_count"", ""letter_count"", ""slash_count"", ""special_char_ratio""]",0.7
0.219747259775489,0.4999498243853487,unfiltered,master,1,35378,1.0,0.0272363000000002,6.006726506847852e-07,0.1801580270128555,xgb,20261006,35378,9965,45343,0.1249980873076813,0.2197521062149883,0.9998996487706976,r05,0.0562375729264648,S4-external,xgb_d6_lr01_balanced,"{""colsample_bytree"": 0.9, ""learning_rate"": 0.1, ""max_depth"": 6, ""n_estimators"": 200, ""reg_lambda"": 1.0, ""scale_pos_weight"": 1.3542591267000716, ""subsample"": 0.9}",phiusiil,iscx_url2016_binary,0.7,0,9964,f_stable,15,"[""hostname_length"", ""longest_repeated_char_run"", ""url_length"", ""path_length"", ""subdomain_depth"", ""registrable_domain_length"", ""token_max_length"", ""char_type_transition_count"", ""dot_count"", ""letter_ratio"", ""token_mean_length"", ""digit_count"", ""letter_count"", ""slash_count"", ""special_char_ratio""]",0.7
0.2529163386531167,0.5295764136678525,primary_domain_filtered,master,25,31292,0.9379252465305876,0.0446044999998775,9.837130317772884e-07,0.2347423227527312,lr,20261007,33363,8556,41919,0.2214992851812592,0.2142229364939858,0.9970780738662928,r06,0.5489368021367014,S4-external,lr_c1,"{""C"": 1.0, ""class_weight"": null}",phiusiil,iscx_url2016_binary,0.95,2071,8531,f_all,35,"[""url_length"", ""hostname_length"", ""path_length"", ""query_length"", ""fragment_length"", ""digit_count"", ""letter_count"", ""special_char_count"", ""digit_ratio"", ""letter_ratio"", ""special_char_ratio"", ""dot_count"", ""hyphen_count"", ""underscore_count"", ""slash_count"", ""question_mark_count"", ""equals_sign_count"", ""percent_sign_count"", ""at_sign_count"", ""subdomain_depth"", ""path_segment_count"", ""query_parameter_count"", ""has_port"", ""has_userinfo"", ""host_is_ip"", ""tld_length"", ""registrable_domain_length"", ""domain_digit_ratio"", ""domain_hyphen_ratio"", ""url_char_entropy"", ""longest_repeated_char_run"", ""char_type_transition_count"", ""token_count"", ""token_mean_length"", ""token_max_length""]",0.95
0.2648258827161855,0.5278646853676374,unfiltered,master,28,33307,0.9414607948442536,0.0446044999998775,9.837130317772884e-07,0.2420146803535338,lr,20261007,35378,9965,45343,0.2343474090086555,0.2297891036906854,0.9971901655795284,r06,0.5395585890432217,S4-external,lr_c1,"{""C"": 1.0, ""class_weight"": null}",phiusiil,iscx_url2016_binary,0.95,2071,9937,f_all,35,"[""url_length"", ""hostname_length"", ""path_length"", ""query_length"", ""fragment_length"", ""digit_count"", ""letter_count"", ""special_char_count"", ""digit_ratio"", ""letter_ratio"", ""special_char_ratio"", ""dot_count"", ""hyphen_count"", ""underscore_count"", ""slash_count"", ""question_mark_count"", ""equals_sign_count"", ""percent_sign_count"", ""at_sign_count"", ""subdomain_depth"", ""path_segment_count"", ""query_parameter_count"", ""has_port"", ""has_userinfo"", ""host_is_ip"", ""tld_length"", ""registrable_domain_length"", ""domain_digit_ratio"", ""domain_hyphen_ratio"", ""url_char_entropy"", ""longest_repeated_char_run"", ""char_type_transition_count"", ""token_count"", ""token_mean_length"", ""token_max_length""]",0.95
0.20360695627281186,0.4987293391630397,primary_domain_filtered,,22,33362,0.9999700266762581,0.014069600000084392,3.102926581850427e-07,0.16918082875500853,lr,20261007,33363,8556,41919,0.1937043542183896,0.20369486347145313,0.9974287050023375,r06,0.4674402369548885,S4-external,lr_c1_balanced,"{""C"": 1.0, ""class_weight"": ""balanced""}",phiusiil,iscx_url2016_binary,0.93,1,8534,f_mi,15,"[""longest_repeated_char_run"", ""subdomain_depth"", ""char_type_transition_count"", ""letter_ratio"", ""special_char_count"", ""token_count"", ""special_char_ratio"", ""path_length"", ""url_char_entropy"", ""path_segment_count"", ""token_mean_length"", ""dot_count"", ""url_length"", ""slash_count"", ""letter_count""]",0.93
0.21873277021811524,0.49760570357379214,unfiltered,,48,35377,0.9999717338458929,0.014069600000084392,3.102926581850427e-07,0.17949220577685704,lr,20261007,35378,9965,45343,0.2062884153369425,0.21894732194109595,0.9951831409934772,r06,0.4598856995016505,S4-external,lr_c1_balanced,"{""C"": 1.0, ""class_weight"": ""balanced""}",phiusiil,iscx_url2016_binary,0.93,1,9917,f_mi,15,"[""longest_repeated_char_run"", ""subdomain_depth"", ""char_type_transition_count"", ""letter_ratio"", ""special_char_count"", ""token_count"", ""special_char_ratio"", ""path_length"", ""url_char_entropy"", ""path_segment_count"", ""token_mean_length"", ""dot_count"", ""url_length"", ""slash_count"", ""letter_count""]",0.93
0.2881748133304707,0.54964101059454,primary_domain_filtered,,73,29766,0.8921859545004945,0.007067000000006374,1.55856471781893e-07,0.2783709074967518,lr,20261007,33363,8556,41919,0.23572742848994221,0.2217835760412037,0.9914679756895746,r06,0.5827211835463633,S4-external,lr_c01,"{""C"": 0.1, ""class_weight"": null}",phiusiil,iscx_url2016_binary,0.88,3597,8483,f_permutation,15,"[""hostname_length"", ""path_segment_count"", ""path_length"", ""letter_count"", ""token_mean_length"", ""url_length"", ""query_length"", ""slash_count"", ""longest_repeated_char_run"", ""dot_count"", ""token_max_length"", ""hyphen_count"", ""question_mark_count"", ""subdomain_depth"", ""char_type_transition_count""]",0.88
0.29733365679377194,0.5467505439142715,unfiltered,,82,31779,0.8982701113686472,0.007067000000006374,1.55856471781893e-07,0.28357349643367763,lr,20261007,35378,9965,45343,0.23451451979140248,0.2372185684796697,0.9917711991971901,r06,0.5446398777086755,S4-external,lr_c01,"{""C"": 0.1, ""class_weight"": null}",phiusiil,iscx_url2016_binary,0.88,3599,9883,f_permutation,15,"[""hostname_length"", ""path_segment_count"", ""path_length"", ""letter_count"", ""token_mean_length"", ""url_length"", ""query_length"", ""slash_count"", ""longest_repeated_char_run"", ""dot_count"", ""token_max_length"", ""hyphen_count"", ""question_mark_count"", ""subdomain_depth"", ""char_type_transition_count""]",0.88
0.2963572604308309,0.5554332135283189,primary_domain_filtered,master,58,29438,0.8823547043131613,0.0123214999999987,2.717398495908688e-07,0.2878824051346733,lr,20261007,33363,8556,41919,0.2334510320473682,0.2240088570223534,0.993221131369799,r06,0.5786575105939724,S4-external,lr_c01,"{""C"": 0.1, ""class_weight"": null}",phiusiil,iscx_url2016_binary,0.73,3925,8498,f_single,15,"[""letter_count"", ""hostname_length"", ""query_length"", ""path_segment_count"", ""path_length"", ""url_length"", ""slash_count"", ""token_mean_length"", ""token_max_length"", ""dot_count"", ""question_mark_count"", ""longest_repeated_char_run"", ""hyphen_count"", ""query_parameter_count"", ""char_type_transition_count""]",0.73
0.3049202743532629,0.552152960484654,unfiltered,master,67,31450,0.8889705466674205,0.0123214999999987,2.717398495908688e-07,0.2926583856422955,lr,20261007,35378,9965,45343,0.2376425879021116,0.2393827996517364,0.9932764676367284,r06,0.5517479446478073,S4-external,lr_c01,"{""C"": 0.1, ""class_weight"": null}",phiusiil,iscx_url2016_binary,0.73,3928,9898,f_single,15,"[""letter_count"", ""hostname_length"", ""query_length"", ""path_segment_count"", ""path_length"", ""url_length"", ""slash_count"", ""token_mean_length"", ""token_max_length"", ""dot_count"", ""question_mark_count"", ""longest_repeated_char_run"", ""hyphen_count"", ""query_parameter_count"", ""char_type_transition_count""]",0.73
0.2281781531047973,0.5144263120549218,primary_domain_filtered,master,16,32338,0.9692773431645836,0.0111518999999997,2.4594534988862165e-07,0.20254864063642,lr,20261007,33363,8556,41919,0.2126601099722723,0.208914330446695,0.9981299672744272,r06,0.525068330840531,S4-external,lr_c1,"{""C"": 1.0, ""class_weight"": null}",phiusiil,iscx_url2016_binary,0.9,1025,8540,f_stable,14,"[""letter_count"", ""hostname_length"", ""path_length"", ""path_segment_count"", ""query_length"", ""url_length"", ""slash_count"", ""dot_count"", ""token_mean_length"", ""question_mark_count"", ""token_max_length"", ""hyphen_count"", ""longest_repeated_char_run"", ""query_parameter_count""]",0.9
0.2418454888295878,0.5132821892282439,unfiltered,master,24,34353,0.971027192040251,0.0111518999999997,2.4594534988862165e-07,0.2113523134260488,lr,20261007,35378,9965,45343,0.2256261872946598,0.2244322030071793,0.9975915704967386,r06,0.5164373657056297,S4-external,lr_c1,"{""C"": 1.0, ""class_weight"": null}",phiusiil,iscx_url2016_binary,0.9,1025,9941,f_stable,14,"[""letter_count"", ""hostname_length"", ""path_length"", ""path_segment_count"", ""query_length"", ""url_length"", ""slash_count"", ""dot_count"", ""token_mean_length"", ""question_mark_count"", ""token_max_length"", ""hyphen_count"", ""longest_repeated_char_run"", ""query_parameter_count""]",0.9
0.2038216560509554,0.4992987377279102,primary_domain_filtered,master,12,33363,1.0,0.069371300000057,1.5299230311196237e-06,0.1693121693121693,rf,20261007,33363,8556,41919,0.1952900784950475,0.203880020044384,0.9985974754558204,r06,0.4731402761219934,S4-external,rf_depth24_leaf2,"{""class_weight"": null, ""max_depth"": 24, ""max_features"": ""sqrt"", ""min_samples_leaf"": 2, ""n_estimators"": 200}",phiusiil,iscx_url2016_binary,0.79,0,8544,f_all,35,"[""url_length"", ""hostname_length"", ""path_length"", ""query_length"", ""fragment_length"", ""digit_count"", ""letter_count"", ""special_char_count"", ""digit_ratio"", ""letter_ratio"", ""special_char_ratio"", ""dot_count"", ""hyphen_count"", ""underscore_count"", ""slash_count"", ""question_mark_count"", ""equals_sign_count"", ""percent_sign_count"", ""at_sign_count"", ""subdomain_depth"", ""path_segment_count"", ""query_parameter_count"", ""has_port"", ""has_userinfo"", ""host_is_ip"", ""tld_length"", ""registrable_domain_length"", ""domain_digit_ratio"", ""domain_hyphen_ratio"", ""url_char_entropy"", ""longest_repeated_char_run"", ""char_type_transition_count"", ""token_count"", ""token_mean_length"", ""token_max_length""]",0.79
0.2194826103257393,0.4993477170095333,unfiltered,master,13,35378,1.0,0.069371300000057,1.5299230311196237e-06,0.179980106700425,rf,20261007,35378,9965,45343,0.2097526039531595,0.2195455548202073,0.9986954340190668,r06,0.471005689623672,S4-external,rf_depth24_leaf2,"{""class_weight"": null, ""max_depth"": 24, ""max_features"": ""sqrt"", ""min_samples_leaf"": 2, ""n_estimators"": 200}",phiusiil,iscx_url2016_binary,0.79,0,9952,f_all,35,"[""url_length"", ""hostname_length"", ""path_length"", ""query_length"", ""fragment_length"", ""digit_count"", ""letter_count"", ""special_char_count"", ""digit_ratio"", ""letter_ratio"", ""special_char_ratio"", ""dot_count"", ""hyphen_count"", ""underscore_count"", ""slash_count"", ""question_mark_count"", ""equals_sign_count"", ""percent_sign_count"", ""at_sign_count"", ""subdomain_depth"", ""path_segment_count"", ""query_parameter_count"", ""has_port"", ""has_userinfo"", ""host_is_ip"", ""tld_length"", ""registrable_domain_length"", ""domain_digit_ratio"", ""domain_hyphen_ratio"", ""url_char_entropy"", ""longest_repeated_char_run"", ""char_type_transition_count"", ""token_count"", ""token_mean_length"", ""token_max_length""]",0.79
0.20351153414919249,0.49853903693314633,primary_domain_filtered,,25,33363,1.0,0.06519449999996141,1.4378073793079727e-06,0.16909811694747273,rf,20261007,33363,8556,41919,0.1961117384485882,0.20363297846947057,0.9970780738662927,r06,0.4748473402850986,S4-external,rf_depth16_leaf1,"{""class_weight"": null, ""max_depth"": 16, ""max_features"": ""sqrt"", ""min_samples_leaf"": 1, ""n_estimators"": 200}",phiusiil,iscx_url2016_binary,0.95,0,8531,f_mi,15,"[""longest_repeated_char_run"", ""subdomain_depth"", ""char_type_transition_count"", ""letter_ratio"", ""special_char_count"", ""token_count"", ""special_char_ratio"", ""path_length"", ""url_char_entropy"", ""path_segment_count"", ""token_mean_length"", ""dot_count"", ""url_length"", ""slash_count"", ""letter_count""]",0.95
0.21857839137242793,0.4972905168088309,unfiltered,,54,35378,1.0,0.06519449999996141,1.4378073793079727e-06,0.1793716292033156,rf,20261007,35378,9965,45343,0.20998078322572666,0.21883901168054054,0.9945810336176618,r06,0.4708654395761387,S4-external,rf_depth16_leaf1,"{""class_weight"": null, ""max_depth"": 16, ""max_features"": ""sqrt"", ""min_samples_leaf"": 1, ""n_estimators"": 200}",phiusiil,iscx_url2016_binary,0.95,0,9911,f_mi,15,"[""longest_repeated_char_run"", ""subdomain_depth"", ""char_type_transition_count"", ""letter_ratio"", ""special_char_count"", ""token_count"", ""special_char_ratio"", ""path_length"", ""url_char_entropy"", ""path_segment_count"", ""token_mean_length"", ""dot_count"", ""url_length"", ""slash_count"", ""letter_count""]",0.95
0.20382165605095542,0.4992987377279102,primary_domain_filtered,,12,33363,1.0,0.08657859999993889,1.9094149041734975e-06,0.1693121693121693,rf,20261007,33363,8556,41919,0.1927797731806679,0.203880020044384,0.9985974754558204,r06,0.46464595318021096,S4-external,rf_depth24_leaf2,"{""class_weight"": null, ""max_depth"": 24, ""max_features"": ""sqrt"", ""min_samples_leaf"": 2, ""n_estimators"": 200}",phiusiil,iscx_url2016_binary,0.77,0,8544,f_permutation,15,"[""longest_repeated_char_run"", ""hostname_length"", ""registrable_domain_length"", ""token_mean_length"", ""subdomain_depth"", ""letter_ratio"", ""tld_length"", ""url_length"", ""token_max_length"", ""special_char_ratio"", ""char_type_transition_count"", ""path_segment_count"", ""path_length"", ""hyphen_count"", ""letter_count""]",0.77
0.21950466444655184,0.49939789262418466,unfiltered,,12,35378,1.0,0.08657859999993889,1.9094149041734975e-06,0.1799949363425926,rf,20261007,35378,9965,45343,0.20796931365499247,0.2195627716132448,0.9987957852483693,r06,0.46514371048854714,S4-external,rf_depth24_leaf2,"{""class_weight"": null, ""max_depth"": 24, ""max_features"": ""sqrt"", ""min_samples_leaf"": 2, ""n_estimators"": 200}",phiusiil,iscx_url2016_binary,0.77,0,9953,f_permutation,15,"[""longest_repeated_char_run"", ""hostname_length"", ""registrable_domain_length"", ""token_mean_length"", ""subdomain_depth"", ""letter_ratio"", ""tld_length"", ""url_length"", ""token_max_length"", ""special_char_ratio"", ""char_type_transition_count"", ""path_segment_count"", ""path_length"", ""hyphen_count"", ""letter_count""]",0.77
0.2038455115818602,0.4993571762505844,primary_domain_filtered,master,11,33363,1.0,0.1364476999999997,3.0092340603841767e-06,0.1693286303107165,rf,20261007,33363,8556,41919,0.19767752107312,0.203899016894149,0.9987143525011688,r06,0.4805949388074067,S4-external,rf_depth24_leaf2,"{""class_weight"": null, ""max_depth"": 24, ""max_features"": ""sqrt"", ""min_samples_leaf"": 2, ""n_estimators"": 200}",phiusiil,iscx_url2016_binary,0.72,0,8545,f_single,15,"[""longest_repeated_char_run"", ""hostname_length"", ""subdomain_depth"", ""letter_ratio"", ""url_length"", ""registrable_domain_length"", ""token_mean_length"", ""path_segment_count"", ""path_length"", ""letter_count"", ""token_max_length"", ""digit_count"", ""special_char_ratio"", ""char_type_transition_count"", ""digit_ratio""]",0.72
0.2195046644465518,0.4993978926241846,unfiltered,master,12,35378,1.0,0.1364476999999997,3.0092340603841767e-06,0.1799949363425926,rf,20261007,35378,9965,45343,0.2128899658504677,0.2195627716132448,0.9987957852483692,r06,0.4802911893248848,S4-external,rf_depth24_leaf2,"{""class_weight"": null, ""max_depth"": 24, ""max_features"": ""sqrt"", ""min_samples_leaf"": 2, ""n_estimators"": 200}",phiusiil,iscx_url2016_binary,0.72,0,9953,f_single,15,"[""longest_repeated_char_run"", ""hostname_length"", ""subdomain_depth"", ""letter_ratio"", ""url_length"", ""registrable_domain_length"", ""token_mean_length"", ""path_segment_count"", ""path_length"", ""letter_count"", ""token_max_length"", ""digit_count"", ""special_char_ratio"", ""char_type_transition_count"", ""digit_ratio""]",0.72
0.2038216560509554,0.4992987377279102,primary_domain_filtered,master,12,33363,1.0,0.1437302999999996,3.169845400613097e-06,0.1693121693121693,rf,20261007,33363,8556,41919,0.1900666147519313,0.203880020044384,0.9985974754558204,r06,0.4558435401328722,S4-external,rf_depth24_leaf2,"{""class_weight"": null, ""max_depth"": 24, ""max_features"": ""sqrt"", ""min_samples_leaf"": 2, ""n_estimators"": 200}",phiusiil,iscx_url2016_binary,0.72,0,8544,f_stable,15,"[""longest_repeated_char_run"", ""hostname_length"", ""subdomain_depth"", ""registrable_domain_length"", ""letter_ratio"", ""url_length"", ""path_length"", ""char_type_transition_count"", ""token_mean_length"", ""path_segment_count"", ""token_max_length"", ""special_char_ratio"", ""digit_count"", ""letter_count"", ""digit_ratio""]",0.72
0.2195046644465518,0.4993978926241846,unfiltered,master,12,35378,1.0,0.1437302999999996,3.169845400613097e-06,0.1799949363425926,rf,20261007,35378,9965,45343,0.2055229484605331,0.2195627716132448,0.9987957852483692,r06,0.4576756776934545,S4-external,rf_depth24_leaf2,"{""class_weight"": null, ""max_depth"": 24, ""max_features"": ""sqrt"", ""min_samples_leaf"": 2, ""n_estimators"": 200}",phiusiil,iscx_url2016_binary,0.72,0,9953,f_stable,15,"[""longest_repeated_char_run"", ""hostname_length"", ""subdomain_depth"", ""registrable_domain_length"", ""letter_ratio"", ""url_length"", ""path_length"", ""char_type_transition_count"", ""token_mean_length"", ""path_segment_count"", ""token_max_length"", ""special_char_ratio"", ""digit_count"", ""letter_count"", ""digit_ratio""]",0.72
0.2040840668909086,0.4999415614773259,primary_domain_filtered,master,1,33363,1.0,0.0286694999999781,6.322806166327359e-07,0.1694932044220786,xgb,20261007,33363,8556,41919,0.1161349907938301,0.2040889355408177,0.9998831229546518,r06,0.0983882023820679,S4-external,xgb_d6_lr01_balanced,"{""colsample_bytree"": 0.9, ""learning_rate"": 0.1, ""max_depth"": 6, ""n_estimators"": 200, ""reg_lambda"": 1.0, ""scale_pos_weight"": 1.3542591267000716, ""subsample"": 0.9}",phiusiil,iscx_url2016_binary,0.71,0,8555,f_all,35,"[""url_length"", ""hostname_length"", ""path_length"", ""query_length"", ""fragment_length"", ""digit_count"", ""letter_count"", ""special_char_count"", ""digit_ratio"", ""letter_ratio"", ""special_char_ratio"", ""dot_count"", ""hyphen_count"", ""underscore_count"", ""slash_count"", ""question_mark_count"", ""equals_sign_count"", ""percent_sign_count"", ""at_sign_count"", ""subdomain_depth"", ""path_segment_count"", ""query_parameter_count"", ""has_port"", ""has_userinfo"", ""host_is_ip"", ""tld_length"", ""registrable_domain_length"", ""domain_digit_ratio"", ""domain_hyphen_ratio"", ""url_char_entropy"", ""longest_repeated_char_run"", ""char_type_transition_count"", ""token_count"", ""token_mean_length"", ""token_max_length""]",0.71
0.219747259775489,0.4999498243853487,unfiltered,master,1,35378,1.0,0.0286694999999781,6.322806166327359e-07,0.1801580270128555,xgb,20261007,35378,9965,45343,0.1300031423254999,0.2197521062149883,0.9998996487706976,r06,0.1388226379529438,S4-external,xgb_d6_lr01_balanced,"{""colsample_bytree"": 0.9, ""learning_rate"": 0.1, ""max_depth"": 6, ""n_estimators"": 200, ""reg_lambda"": 1.0, ""scale_pos_weight"": 1.3542591267000716, ""subsample"": 0.9}",phiusiil,iscx_url2016_binary,0.71,0,9964,f_all,35,"[""url_length"", ""hostname_length"", ""path_length"", ""query_length"", ""fragment_length"", ""digit_count"", ""letter_count"", ""special_char_count"", ""digit_ratio"", ""letter_ratio"", ""special_char_ratio"", ""dot_count"", ""hyphen_count"", ""underscore_count"", ""slash_count"", ""question_mark_count"", ""equals_sign_count"", ""percent_sign_count"", ""at_sign_count"", ""subdomain_depth"", ""path_segment_count"", ""query_parameter_count"", ""has_port"", ""has_userinfo"", ""host_is_ip"", ""tld_length"", ""registrable_domain_length"", ""domain_digit_ratio"", ""domain_hyphen_ratio"", ""url_char_entropy"", ""longest_repeated_char_run"", ""char_type_transition_count"", ""token_count"", ""token_mean_length"", ""token_max_length""]",0.71
0.20367852286552637,0.49894810659186534,primary_domain_filtered,,18,33363,1.0,0.022006500000088636,4.853340096616597e-07,0.1692133896188834,xgb,20261007,33363,8556,41919,0.12471098858123768,0.20376601990405957,0.9978962131837307,r06,0.18613904347430926,S4-external,xgb_d6_lr005,"{""colsample_bytree"": 0.9, ""learning_rate"": 0.05, ""max_depth"": 6, ""n_estimators"": 250, ""reg_lambda"": 1.0, ""scale_pos_weight"": 1.0, ""subsample"": 0.9}",phiusiil,iscx_url2016_binary,0.94,0,8538,f_mi,15,"[""longest_repeated_char_run"", ""subdomain_depth"", ""char_type_transition_count"", ""letter_ratio"", ""special_char_count"", ""token_count"", ""special_char_ratio"", ""path_length"", ""url_char_entropy"", ""path_segment_count"", ""token_mean_length"", ""dot_count"", ""url_length"", ""slash_count"", ""letter_count""]",0.94
0.2189312573054275,0.4980933266432514,unfiltered,,38,35378,1.0,0.022006500000088636,4.853340096616597e-07,0.17960919124298896,xgb,20261007,35378,9965,45343,0.13472315878807012,0.219114887981459,0.9961866532865028,r06,0.18624233945384686,S4-external,xgb_d6_lr005,"{""colsample_bytree"": 0.9, ""learning_rate"": 0.05, ""max_depth"": 6, ""n_estimators"": 250, ""reg_lambda"": 1.0, ""scale_pos_weight"": 1.0, ""subsample"": 0.9}",phiusiil,iscx_url2016_binary,0.94,0,9927,f_mi,15,"[""longest_repeated_char_run"", ""subdomain_depth"", ""char_type_transition_count"", ""letter_ratio"", ""special_char_count"", ""token_count"", ""special_char_ratio"", ""path_length"", ""url_char_entropy"", ""path_segment_count"", ""token_mean_length"", ""dot_count"", ""url_length"", ""slash_count"", ""letter_count""]",0.94
0.20406021136000382,0.4998831229546517,primary_domain_filtered,,2,33363,1.0,0.024563299999954324,5.417219857520306e-07,0.16947674994551543,xgb,20261007,33363,8556,41919,0.11366008708843514,0.20406994775389461,0.9997662459093034,r06,0.07197176385387272,S4-external,xgb_d6_lr01_balanced,"{""colsample_bytree"": 0.9, ""learning_rate"": 0.1, ""max_depth"": 6, ""n_estimators"": 200, ""reg_lambda"": 1.0, ""scale_pos_weight"": 1.3542591267000716, ""subsample"": 0.9}",phiusiil,iscx_url2016_binary,0.74,0,8554,f_permutation,15,"[""hostname_length"", ""url_length"", ""longest_repeated_char_run"", ""registrable_domain_length"", ""path_length"", ""tld_length"", ""token_max_length"", ""subdomain_depth"", ""dot_count"", ""char_type_transition_count"", ""digit_count"", ""letter_ratio"", ""slash_count"", ""token_mean_length"", ""url_char_entropy""]",0.74
0.21972520565467657,0.4998996487706974,unfiltered,,2,35378,1.0,0.024563299999954324,5.417219857520306e-07,0.18014320326908473,xgb,20261007,35378,9965,45343,0.1274586263262486,0.21973489777464106,0.9997992975413948,r06,0.12450152502496371,S4-external,xgb_d6_lr01_balanced,"{""colsample_bytree"": 0.9, ""learning_rate"": 0.1, ""max_depth"": 6, ""n_estimators"": 200, ""reg_lambda"": 1.0, ""scale_pos_weight"": 1.3542591267000716, ""subsample"": 0.9}",phiusiil,iscx_url2016_binary,0.74,0,9963,f_permutation,15,"[""hostname_length"", ""url_length"", ""longest_repeated_char_run"", ""registrable_domain_length"", ""path_length"", ""tld_length"", ""token_max_length"", ""subdomain_depth"", ""dot_count"", ""char_type_transition_count"", ""digit_count"", ""letter_ratio"", ""slash_count"", ""token_mean_length"", ""url_char_entropy""]",0.74
0.2040840668909086,0.4999415614773259,primary_domain_filtered,master,1,33363,1.0,0.0341743999999994,7.536863462937938e-07,0.1694932044220786,xgb,20261007,33363,8556,41919,0.1142640839774639,0.2040889355408177,0.9998831229546518,r06,0.0819627123725242,S4-external,xgb_d6_lr01_balanced,"{""colsample_bytree"": 0.9, ""learning_rate"": 0.1, ""max_depth"": 6, ""n_estimators"": 200, ""reg_lambda"": 1.0, ""scale_pos_weight"": 1.3542591267000716, ""subsample"": 0.9}",phiusiil,iscx_url2016_binary,0.7,0,8555,f_single,15,"[""hostname_length"", ""longest_repeated_char_run"", ""url_length"", ""path_length"", ""subdomain_depth"", ""token_max_length"", ""registrable_domain_length"", ""char_type_transition_count"", ""dot_count"", ""token_mean_length"", ""digit_count"", ""letter_ratio"", ""special_char_ratio"", ""slash_count"", ""letter_count""]",0.7
0.2197252056546765,0.4998996487706974,unfiltered,master,2,35378,1.0,0.0341743999999994,7.536863462937938e-07,0.1801432032690847,xgb,20261007,35378,9965,45343,0.1260284846819913,0.219734897774641,0.9997992975413948,r06,0.0981216693840278,S4-external,xgb_d6_lr01_balanced,"{""colsample_bytree"": 0.9, ""learning_rate"": 0.1, ""max_depth"": 6, ""n_estimators"": 200, ""reg_lambda"": 1.0, ""scale_pos_weight"": 1.3542591267000716, ""subsample"": 0.9}",phiusiil,iscx_url2016_binary,0.7,0,9963,f_single,15,"[""hostname_length"", ""longest_repeated_char_run"", ""url_length"", ""path_length"", ""subdomain_depth"", ""token_max_length"", ""registrable_domain_length"", ""char_type_transition_count"", ""dot_count"", ""token_mean_length"", ""digit_count"", ""letter_ratio"", ""special_char_ratio"", ""slash_count"", ""letter_count""]",0.7
0.2040840668909086,0.4999415614773259,primary_domain_filtered,master,1,33363,1.0,0.0279831000000001,6.171426681075392e-07,0.1694932044220786,xgb,20261007,33363,8556,41919,0.1139527085804018,0.2040889355408177,0.9998831229546518,r06,0.0796197397640083,S4-external,xgb_d6_lr01_balanced,"{""colsample_bytree"": 0.9, ""learning_rate"": 0.1, ""max_depth"": 6, ""n_estimators"": 200, ""reg_lambda"": 1.0, ""scale_pos_weight"": 1.3542591267000716, ""subsample"": 0.9}",phiusiil,iscx_url2016_binary,0.75,0,8555,f_stable,14,"[""hostname_length"", ""longest_repeated_char_run"", ""url_length"", ""path_length"", ""registrable_domain_length"", ""token_max_length"", ""subdomain_depth"", ""char_type_transition_count"", ""dot_count"", ""token_mean_length"", ""letter_ratio"", ""digit_count"", ""letter_count"", ""special_char_ratio""]",0.75
0.219747259775489,0.4999498243853487,unfiltered,master,1,35378,1.0,0.0279831000000001,6.171426681075392e-07,0.1801580270128555,xgb,20261007,35378,9965,45343,0.1255988633803242,0.2197521062149883,0.9998996487706976,r06,0.0834525523032348,S4-external,xgb_d6_lr01_balanced,"{""colsample_bytree"": 0.9, ""learning_rate"": 0.1, ""max_depth"": 6, ""n_estimators"": 200, ""reg_lambda"": 1.0, ""scale_pos_weight"": 1.3542591267000716, ""subsample"": 0.9}",phiusiil,iscx_url2016_binary,0.75,0,9964,f_stable,14,"[""hostname_length"", ""longest_repeated_char_run"", ""url_length"", ""path_length"", ""registrable_domain_length"", ""token_max_length"", ""subdomain_depth"", ""char_type_transition_count"", ""dot_count"", ""token_mean_length"", ""letter_ratio"", ""digit_count"", ""letter_count"", ""special_char_ratio""]",0.75
0.2518613731719739,0.528360248183309,primary_domain_filtered,master,23,30825,0.9405608275104508,0.0220248999999057,4.857398054805759e-07,0.2328620043383313,lr,20261008,32773,8460,41233,0.2232491564700947,0.2148897152462941,0.9972813238770686,r07,0.5505019556042031,S4-external,lr_c1,"{""C"": 1.0, ""class_weight"": null}",phiusiil,iscx_url2016_binary,0.86,1948,8437,f_all,35,"[""url_length"", ""hostname_length"", ""path_length"", ""query_length"", ""fragment_length"", ""digit_count"", ""letter_count"", ""special_char_count"", ""digit_ratio"", ""letter_ratio"", ""special_char_ratio"", ""dot_count"", ""hyphen_count"", ""underscore_count"", ""slash_count"", ""question_mark_count"", ""equals_sign_count"", ""percent_sign_count"", ""at_sign_count"", ""subdomain_depth"", ""path_segment_count"", ""query_parameter_count"", ""has_port"", ""has_userinfo"", ""host_is_ip"", ""tld_length"", ""registrable_domain_length"", ""domain_digit_ratio"", ""domain_hyphen_ratio"", ""url_char_entropy"", ""longest_repeated_char_run"", ""char_type_transition_count"", ""token_count"", ""token_mean_length"", ""token_max_length""]",0.86
0.2621793882186886,0.5262768437340063,unfiltered,master,25,33430,0.9449375317994234,0.0220248999999057,4.857398054805759e-07,0.2385230674253271,lr,20261008,35378,9965,45343,0.23461056745143,0.2291906848051648,0.997491219267436,r07,0.5402191703411485,S4-external,lr_c1,"{""C"": 1.0, ""class_weight"": null}",phiusiil,iscx_url2016_binary,0.86,1948,9940,f_all,35,"[""url_length"", ""hostname_length"", ""path_length"", ""query_length"", ""fragment_length"", ""digit_count"", ""letter_count"", ""special_char_count"", ""digit_ratio"", ""letter_ratio"", ""special_char_ratio"", ""dot_count"", ""hyphen_count"", ""underscore_count"", ""slash_count"", ""question_mark_count"", ""equals_sign_count"", ""percent_sign_count"", ""at_sign_count"", ""subdomain_depth"", ""path_segment_count"", ""query_parameter_count"", ""has_port"", ""has_userinfo"", ""host_is_ip"", ""tld_length"", ""registrable_domain_length"", ""domain_digit_ratio"", ""domain_hyphen_ratio"", ""url_char_entropy"", ""longest_repeated_char_run"", ""char_type_transition_count"", ""token_count"", ""token_mean_length"", ""token_max_length""]",0.86
0.20464191303082482,0.49865591839964557,primary_domain_filtered,,23,32772,0.9999694870777774,0.010598600000093938,2.3374280484515667e-07,0.16989499360357757,lr,20261008,32773,8460,41233,0.1951185862871533,0.20473682933339804,0.9972813238770686,r07,0.46859955208761406,S4-external,lr_c1_balanced,"{""C"": 1.0, ""class_weight"": ""balanced""}",phiusiil,iscx_url2016_binary,0.93,1,8437,f_mi,15,"[""longest_repeated_char_run"", ""subdomain_depth"", ""char_type_transition_count"", ""letter_ratio"", ""special_char_count"", ""token_count"", ""special_char_ratio"", ""url_char_entropy"", ""token_mean_length"", ""path_segment_count"", ""path_length"", ""url_length"", ""dot_count"", ""slash_count"", ""letter_count""]",0.93
0.21873277021811524,0.49760570357379214,unfiltered,,48,35377,0.9999717338458929,0.010598600000093938,2.3374280484515667e-07,0.17949220577685704,lr,20261008,35378,9965,45343,0.20670124329082223,0.21894732194109595,0.9951831409934772,r07,0.4610774660829553,S4-external,lr_c1_balanced,"{""C"": 1.0, ""class_weight"": ""balanced""}",phiusiil,iscx_url2016_binary,0.93,1,9917,f_mi,15,"[""longest_repeated_char_run"", ""subdomain_depth"", ""char_type_transition_count"", ""letter_ratio"", ""special_char_count"", ""token_count"", ""special_char_ratio"", ""url_char_entropy"", ""token_mean_length"", ""path_segment_count"", ""path_length"", ""url_length"", ""dot_count"", ""slash_count"", ""letter_count""]",0.93
0.26449688356413553,0.5340289143480633,primary_domain_filtered,,75,30252,0.9230769230769231,0.006543999999848893,1.443221665934961e-07,0.2493139247028603,lr,20261008,32773,8460,41233,0.22725258759361538,0.21701995496544763,0.9911347517730497,r07,0.5609600000115416,S4-external,lr_c01,"{""C"": 0.1, ""class_weight"": null}",phiusiil,iscx_url2016_binary,0.93,2521,8385,f_permutation,15,"[""hostname_length"", ""path_segment_count"", ""path_length"", ""letter_count"", ""token_mean_length"", ""url_length"", ""query_length"", ""longest_repeated_char_run"", ""slash_count"", ""token_max_length"", ""dot_count"", ""hyphen_count"", ""subdomain_depth"", ""question_mark_count"", ""registrable_domain_length""]",0.93
0.2736916392828,0.5318161405384673,unfiltered,,76,32857,0.928741025496071,0.006543999999848893,1.443221665934961e-07,0.25399367979788284,lr,20261008,35378,9965,45343,0.2232541780466417,0.23134328358208955,0.9923733065730055,r07,0.51702059446743,S4-external,lr_c01,"{""C"": 0.1, ""class_weight"": null}",phiusiil,iscx_url2016_binary,0.93,2521,9889,f_permutation,15,"[""hostname_length"", ""path_segment_count"", ""path_length"", ""letter_count"", ""token_mean_length"", ""url_length"", ""query_length"", ""longest_repeated_char_run"", ""slash_count"", ""token_max_length"", ""dot_count"", ""hyphen_count"", ""subdomain_depth"", ""question_mark_count"", ""registrable_domain_length""]",0.93
0.2292096136589624,0.514286094280313,primary_domain_filtered,master,19,31763,0.9691819485552132,0.0104201999999986,2.2980834969011002e-07,0.2033345986110933,lr,20261008,32773,8460,41233,0.213928994412852,0.2099542334096109,0.9977541371158392,r07,0.5255012180282462,S4-external,lr_c1,"{""C"": 1.0, ""class_weight"": null}",phiusiil,iscx_url2016_binary,0.92,1010,8441,f_single,15,"[""hostname_length"", ""letter_count"", ""query_length"", ""path_segment_count"", ""url_length"", ""path_length"", ""dot_count"", ""question_mark_count"", ""slash_count"", ""token_mean_length"", ""query_parameter_count"", ""token_max_length"", ""longest_repeated_char_run"", ""hyphen_count"", ""underscore_count""]",0.92
0.2414485146549632,0.512919666228487,unfiltered,master,27,34368,0.9714511843518572,0.0104201999999986,2.2980834969011002e-07,0.2108538788333151,lr,20261008,35378,9965,45343,0.2256178997771293,0.2243037060443281,0.997290516808831,r07,0.516374648314723,S4-external,lr_c1,"{""C"": 1.0, ""class_weight"": null}",phiusiil,iscx_url2016_binary,0.92,1010,9938,f_single,15,"[""hostname_length"", ""letter_count"", ""query_length"", ""path_segment_count"", ""url_length"", ""path_length"", ""dot_count"", ""question_mark_count"", ""slash_count"", ""token_mean_length"", ""query_parameter_count"", ""token_max_length"", ""longest_repeated_char_run"", ""hyphen_count"", ""underscore_count""]",0.92
0.2313923313850556,0.5155714853928581,primary_domain_filtered,master,21,31671,0.9663747597107376,0.0084352000000009,1.860309198774006e-07,0.2062604386808,lr,20261008,32773,8460,41233,0.2145029522311434,0.2103964098728496,0.997517730496454,r07,0.5271454407454558,S4-external,lr_c1,"{""C"": 1.0, ""class_weight"": null}",phiusiil,iscx_url2016_binary,0.93,1102,8439,f_stable,14,"[""letter_count"", ""hostname_length"", ""path_segment_count"", ""query_length"", ""path_length"", ""url_length"", ""slash_count"", ""dot_count"", ""token_mean_length"", ""question_mark_count"", ""token_max_length"", ""longest_repeated_char_run"", ""hyphen_count"", ""query_parameter_count""]",0.93
0.2434333855280859,0.5141195580881097,unfiltered,master,29,34276,0.9688506981740064,0.0084352000000009,1.860309198774006e-07,0.2135831974029462,lr,20261008,35378,9965,45343,0.2261613258335839,0.2247353659639916,0.9970898143502258,r07,0.5179143112601948,S4-external,lr_c1,"{""C"": 1.0, ""class_weight"": null}",phiusiil,iscx_url2016_binary,0.93,1102,9936,f_stable,14,"[""letter_count"", ""hostname_length"", ""path_segment_count"", ""query_length"", ""path_length"", ""url_length"", ""slash_count"", ""dot_count"", ""token_mean_length"", ""question_mark_count"", ""token_max_length"", ""longest_repeated_char_run"", ""hyphen_count"", ""query_parameter_count""]",0.93
0.2048844372226129,0.4992907801418439,primary_domain_filtered,master,12,32773,1.0,0.0731304000000818,1.61282667666634e-06,0.1700448863750729,rf,20261008,32773,8460,41233,0.1910741940374944,0.2049440819000024,0.998581560283688,r07,0.456072075129018,S4-external,rf_depth24_leaf2,"{""class_weight"": null, ""max_depth"": 24, ""max_features"": ""sqrt"", ""min_samples_leaf"": 2, ""n_estimators"": 200}",phiusiil,iscx_url2016_binary,0.85,0,8448,f_all,35,"[""url_length"", ""hostname_length"", ""path_length"", ""query_length"", ""fragment_length"", ""digit_count"", ""letter_count"", ""special_char_count"", ""digit_ratio"", ""letter_ratio"", ""special_char_ratio"", ""dot_count"", ""hyphen_count"", ""underscore_count"", ""slash_count"", ""question_mark_count"", ""equals_sign_count"", ""percent_sign_count"", ""at_sign_count"", ""subdomain_depth"", ""path_segment_count"", ""query_parameter_count"", ""has_port"", ""has_userinfo"", ""host_is_ip"", ""tld_length"", ""registrable_domain_length"", ""domain_digit_ratio"", ""domain_hyphen_ratio"", ""url_char_entropy"", ""longest_repeated_char_run"", ""char_type_transition_count"", ""token_count"", ""token_mean_length"", ""token_max_length""]",0.85
0.2194826103257393,0.4993477170095333,unfiltered,master,13,35378,1.0,0.0731304000000818,1.61282667666634e-06,0.179980106700425,rf,20261008,35378,9965,45343,0.2014295513539898,0.2195455548202073,0.9986954340190668,r07,0.4451884112909514,S4-external,rf_depth24_leaf2,"{""class_weight"": null, ""max_depth"": 24, ""max_features"": ""sqrt"", ""min_samples_leaf"": 2, ""n_estimators"": 200}",phiusiil,iscx_url2016_binary,0.85,0,9952,f_all,35,"[""url_length"", ""hostname_length"", ""path_length"", ""query_length"", ""fragment_length"", ""digit_count"", ""letter_count"", ""special_char_count"", ""digit_ratio"", ""letter_ratio"", ""special_char_ratio"", ""dot_count"", ""hyphen_count"", ""underscore_count"", ""slash_count"", ""question_mark_count"", ""equals_sign_count"", ""percent_sign_count"", ""at_sign_count"", ""subdomain_depth"", ""path_segment_count"", ""query_parameter_count"", ""has_port"", ""has_userinfo"", ""host_is_ip"", ""tld_length"", ""registrable_domain_length"", ""domain_digit_ratio"", ""domain_hyphen_ratio"", ""url_char_entropy"", ""longest_repeated_char_run"", ""char_type_transition_count"", ""token_count"", ""token_mean_length"", ""token_max_length""]",0.85
0.20469041786918246,0.4988179669030733,primary_domain_filtered,,20,32773,1.0,0.0537087000000156,1.184498158481256e-06,0.1699112193747106,rf,20261008,32773,8460,41233,0.19846763322154531,0.20478975080678427,0.9976359338061466,r07,0.4791233038728545,S4-external,rf_depth16_leaf1,"{""class_weight"": null, ""max_depth"": 16, ""max_features"": ""sqrt"", ""min_samples_leaf"": 1, ""n_estimators"": 200}",phiusiil,iscx_url2016_binary,0.94,0,8440,f_mi,15,"[""longest_repeated_char_run"", ""subdomain_depth"", ""char_type_transition_count"", ""letter_ratio"", ""special_char_count"", ""token_count"", ""special_char_ratio"", ""url_char_entropy"", ""token_mean_length"", ""path_segment_count"", ""path_length"", ""url_length"", ""dot_count"", ""slash_count"", ""letter_count""]",0.94
0.21886509494299008,0.49794279979929756,unfiltered,,41,35378,1.0,0.0537087000000156,1.184498158481256e-06,0.1795646588380046,rf,20261008,35378,9965,45343,0.21133572526751387,0.21906317601871883,0.9958855995985951,r07,0.4750260997441523,S4-external,rf_depth16_leaf1,"{""class_weight"": null, ""max_depth"": 16, ""max_features"": ""sqrt"", ""min_samples_leaf"": 1, ""n_estimators"": 200}",phiusiil,iscx_url2016_binary,0.94,0,9924,f_mi,15,"[""longest_repeated_char_run"", ""subdomain_depth"", ""char_type_transition_count"", ""letter_ratio"", ""special_char_count"", ""token_count"", ""special_char_ratio"", ""url_char_entropy"", ""token_mean_length"", ""path_segment_count"", ""path_length"", ""url_length"", ""dot_count"", ""slash_count"", ""letter_count""]",0.94
0.20483593238425532,0.4991725768321513,primary_domain_filtered,,14,32773,1.0,0.04939760000002025,1.0894206382467028e-06,0.170011473660903,rf,20261008,32773,8460,41233,0.1906118562916711,0.20490550474295835,0.9983451536643027,r07,0.4545728771572113,S4-external,rf_depth24_leaf2,"{""class_weight"": null, ""max_depth"": 24, ""max_features"": ""sqrt"", ""min_samples_leaf"": 2, ""n_estimators"": 200}",phiusiil,iscx_url2016_binary,0.83,0,8446,f_permutation,15,"[""longest_repeated_char_run"", ""hostname_length"", ""registrable_domain_length"", ""subdomain_depth"", ""letter_ratio"", ""token_mean_length"", ""url_length"", ""letter_count"", ""special_char_ratio"", ""path_segment_count"", ""path_length"", ""domain_hyphen_ratio"", ""token_max_length"", ""hyphen_count"", ""dot_count""]",0.83
0.21943850208411442,0.4992473657802308,unfiltered,,15,35378,1.0,0.04939760000002025,1.0894206382467028e-06,0.17995044580688332,rf,20261008,35378,9965,45343,0.20514289485297602,0.2195111189551712,0.9984947315604616,r07,0.45669110074531033,S4-external,rf_depth24_leaf2,"{""class_weight"": null, ""max_depth"": 24, ""max_features"": ""sqrt"", ""min_samples_leaf"": 2, ""n_estimators"": 200}",phiusiil,iscx_url2016_binary,0.83,0,9950,f_permutation,15,"[""longest_repeated_char_run"", ""hostname_length"", ""registrable_domain_length"", ""subdomain_depth"", ""letter_ratio"", ""token_mean_length"", ""url_length"", ""letter_count"", ""special_char_ratio"", ""path_segment_count"", ""path_length"", ""domain_hyphen_ratio"", ""token_max_length"", ""hyphen_count"", ""dot_count""]",0.83
0.2048601848034341,0.4991878332932626,primary_domain_filtered,master,14,32772,0.9999694870777774,0.0578620999999994,1.2760977438634293e-06,0.170045394892823,rf,20261008,32773,8460,41233,0.1949240953307115,0.2049104760056286,0.9983451536643028,r07,0.4681575457194301,S4-external,rf_depth24_leaf2,"{""class_weight"": null, ""max_depth"": 24, ""max_features"": ""sqrt"", ""min_samples_leaf"": 2, ""n_estimators"": 200}",phiusiil,iscx_url2016_binary,0.85,1,8446,f_single,15,"[""longest_repeated_char_run"", ""hostname_length"", ""subdomain_depth"", ""registrable_domain_length"", ""letter_ratio"", ""url_length"", ""path_length"", ""token_mean_length"", ""path_segment_count"", ""char_type_transition_count"", ""digit_ratio"", ""digit_count"", ""token_max_length"", ""letter_count"", ""special_char_ratio""]",0.85
0.219372339721677,0.4990607963986792,unfiltered,master,19,35377,0.9999717338458928,0.0578620999999994,1.2760977438634293e-06,0.1799226214757691,rf,20261008,35378,9965,45343,0.2089790575825776,0.2194470798490832,0.9980933266432512,r07,0.468140070324149,S4-external,rf_depth24_leaf2,"{""class_weight"": null, ""max_depth"": 24, ""max_features"": ""sqrt"", ""min_samples_leaf"": 2, ""n_estimators"": 200}",phiusiil,iscx_url2016_binary,0.85,1,9946,f_single,15,"[""longest_repeated_char_run"", ""hostname_length"", ""subdomain_depth"", ""registrable_domain_length"", ""letter_ratio"", ""url_length"", ""path_length"", ""token_mean_length"", ""path_segment_count"", ""char_type_transition_count"", ""digit_ratio"", ""digit_count"", ""token_max_length"", ""letter_count"", ""special_char_ratio""]",0.85
0.2048601848034341,0.4992316784869976,primary_domain_filtered,master,13,32773,1.0,0.0702688000000009,1.5497166045475795e-06,0.1700281803542673,rf,20261008,32773,8460,41233,0.1915601689253318,0.2049247937894226,0.9984633569739952,r07,0.4572309764733829,S4-external,rf_depth24_leaf2,"{""class_weight"": null, ""max_depth"": 24, ""max_features"": ""sqrt"", ""min_samples_leaf"": 2, ""n_estimators"": 200}",phiusiil,iscx_url2016_binary,0.84,0,8447,f_stable,15,"[""longest_repeated_char_run"", ""hostname_length"", ""subdomain_depth"", ""registrable_domain_length"", ""letter_ratio"", ""path_length"", ""url_length"", ""char_type_transition_count"", ""token_mean_length"", ""path_segment_count"", ""token_max_length"", ""special_char_ratio"", ""digit_ratio"", ""digit_count"", ""letter_count""]",0.84
0.2194164479633019,0.4991971901655795,unfiltered,master,16,35378,1.0,0.0702688000000009,1.5497166045475795e-06,0.179935614555451,rf,20261008,35378,9965,45343,0.2058466868941652,0.2194938998830719,0.998394380331159,r07,0.4584969250594051,S4-external,rf_depth24_leaf2,"{""class_weight"": null, ""max_depth"": 24, ""max_features"": ""sqrt"", ""min_samples_leaf"": 2, ""n_estimators"": 200}",phiusiil,iscx_url2016_binary,0.84,0,9949,f_stable,15,"[""longest_repeated_char_run"", ""hostname_length"", ""subdomain_depth"", ""registrable_domain_length"", ""letter_ratio"", ""path_length"", ""url_length"", ""char_type_transition_count"", ""token_mean_length"", ""path_segment_count"", ""token_max_length"", ""special_char_ratio"", ""digit_ratio"", ""digit_count"", ""letter_count""]",0.84
0.2049329420609705,0.4994089834515366,primary_domain_filtered,master,10,32773,1.0,0.0296461000002636,6.538186710244952e-07,0.1700782963991707,xgb,20261008,32773,8460,41233,0.1140840515406379,0.2049826553137811,0.9988179669030732,r07,0.0591954117509663,S4-external,xgb_d6_lr01_balanced,"{""colsample_bytree"": 0.9, ""learning_rate"": 0.1, ""max_depth"": 6, ""n_estimators"": 200, ""reg_lambda"": 1.0, ""scale_pos_weight"": 1.3542785150825352, ""subsample"": 0.9}",phiusiil,iscx_url2016_binary,0.88,0,8450,f_all,35,"[""url_length"", ""hostname_length"", ""path_length"", ""query_length"", ""fragment_length"", ""digit_count"", ""letter_count"", ""special_char_count"", ""digit_ratio"", ""letter_ratio"", ""special_char_ratio"", ""dot_count"", ""hyphen_count"", ""underscore_count"", ""slash_count"", ""question_mark_count"", ""equals_sign_count"", ""percent_sign_count"", ""at_sign_count"", ""subdomain_depth"", ""path_segment_count"", ""query_parameter_count"", ""has_port"", ""has_userinfo"", ""host_is_ip"", ""tld_length"", ""registrable_domain_length"", ""domain_digit_ratio"", ""domain_hyphen_ratio"", ""url_char_entropy"", ""longest_repeated_char_run"", ""char_type_transition_count"", ""token_count"", ""token_mean_length"", ""token_max_length""]",0.88
0.2195046644465518,0.4993978926241846,unfiltered,master,12,35378,1.0,0.0296461000002636,6.538186710244952e-07,0.1799949363425926,xgb,20261008,35378,9965,45343,0.125679267343773,0.2195627716132448,0.9987957852483692,r07,0.0941705219781474,S4-external,xgb_d6_lr01_balanced,"{""colsample_bytree"": 0.9, ""learning_rate"": 0.1, ""max_depth"": 6, ""n_estimators"": 200, ""reg_lambda"": 1.0, ""scale_pos_weight"": 1.3542785150825352, ""subsample"": 0.9}",phiusiil,iscx_url2016_binary,0.88,0,9953,f_all,35,"[""url_length"", ""hostname_length"", ""path_length"", ""query_length"", ""fragment_length"", ""digit_count"", ""letter_count"", ""special_char_count"", ""digit_ratio"", ""letter_ratio"", ""special_char_ratio"", ""dot_count"", ""hyphen_count"", ""underscore_count"", ""slash_count"", ""question_mark_count"", ""equals_sign_count"", ""percent_sign_count"", ""at_sign_count"", ""subdomain_depth"", ""path_segment_count"", ""query_parameter_count"", ""has_port"", ""has_userinfo"", ""host_is_ip"", ""tld_length"", ""registrable_domain_length"", ""domain_digit_ratio"", ""domain_hyphen_ratio"", ""url_char_entropy"", ""longest_repeated_char_run"", ""char_type_transition_count"", ""token_count"", ""token_mean_length"", ""token_max_length""]",0.88
0.20476317512671888,0.4989952718676123,primary_domain_filtered,,17,32773,1.0,0.023363700000118115,5.152658624289993e-07,0.16996134954505193,xgb,20261008,32773,8460,41233,0.2222440027991181,0.20484763198757763,0.9979905437352246,r07,0.26591546448999165,S4-external,xgb_d6_lr005,"{""colsample_bytree"": 0.9, ""learning_rate"": 0.05, ""max_depth"": 6, ""n_estimators"": 250, ""reg_lambda"": 1.0, ""scale_pos_weight"": 1.0, ""subsample"": 0.9}",phiusiil,iscx_url2016_binary,0.94,0,8443,f_mi,15,"[""longest_repeated_char_run"", ""subdomain_depth"", ""char_type_transition_count"", ""letter_ratio"", ""special_char_count"", ""token_count"", ""special_char_ratio"", ""url_char_entropy"", ""token_mean_length"", ""path_segment_count"", ""path_length"", ""url_length"", ""dot_count"", ""slash_count"", ""letter_count""]",0.94
0.21895331142624,0.49814350225790266,unfiltered,,37,35378,1.0,0.023363700000118115,5.152658624289993e-07,0.17962403430370358,xgb,20261008,35378,9965,45343,0.2207789260957052,0.21913212378051472,0.9962870045158053,r07,0.2535613510421758,S4-external,xgb_d6_lr005,"{""colsample_bytree"": 0.9, ""learning_rate"": 0.05, ""max_depth"": 6, ""n_estimators"": 250, ""reg_lambda"": 1.0, ""scale_pos_weight"": 1.0, ""subsample"": 0.9}",phiusiil,iscx_url2016_binary,0.94,0,9928,f_mi,15,"[""longest_repeated_char_run"", ""subdomain_depth"", ""char_type_transition_count"", ""letter_ratio"", ""special_char_count"", ""token_count"", ""special_char_ratio"", ""url_char_entropy"", ""token_mean_length"", ""path_segment_count"", ""path_length"", ""url_length"", ""dot_count"", ""slash_count"", ""letter_count""]",0.94
0.2051512138335799,0.49994089834515365,primary_domain_filtered,,1,32773,1.0,0.02444910000008349,5.392034051580947e-07,0.17022860822667632,xgb,20261008,32773,8460,41233,0.11355988326444627,0.20515618936748156,0.9998817966903073,r07,0.059552708692698735,S4-external,xgb_d6_lr01_balanced,"{""colsample_bytree"": 0.9, ""learning_rate"": 0.1, ""max_depth"": 6, ""n_estimators"": 200, ""reg_lambda"": 1.0, ""scale_pos_weight"": 1.3542785150825352, ""subsample"": 0.9}",phiusiil,iscx_url2016_binary,0.69,0,8459,f_permutation,15,"[""hostname_length"", ""url_length"", ""longest_repeated_char_run"", ""subdomain_depth"", ""path_length"", ""dot_count"", ""letter_count"", ""special_char_ratio"", ""registrable_domain_length"", ""token_mean_length"", ""domain_hyphen_ratio"", ""url_char_entropy"", ""char_type_transition_count"", ""path_segment_count"", ""letter_ratio""]",0.69
0.21974725977548906,0.49994982438534874,unfiltered,,1,35378,1.0,0.02444910000008349,5.392034051580947e-07,0.18015802701285552,xgb,20261008,35378,9965,45343,0.12502666910723548,0.2197521062149883,0.9998996487706975,r07,0.06543863440635701,S4-external,xgb_d6_lr01_balanced,"{""colsample_bytree"": 0.9, ""learning_rate"": 0.1, ""max_depth"": 6, ""n_estimators"": 200, ""reg_lambda"": 1.0, ""scale_pos_weight"": 1.3542785150825352, ""subsample"": 0.9}",phiusiil,iscx_url2016_binary,0.69,0,9964,f_permutation,15,"[""hostname_length"", ""url_length"", ""longest_repeated_char_run"", ""subdomain_depth"", ""path_length"", ""dot_count"", ""letter_count"", ""special_char_ratio"", ""registrable_domain_length"", ""token_mean_length"", ""domain_hyphen_ratio"", ""url_char_entropy"", ""char_type_transition_count"", ""path_segment_count"", ""letter_ratio""]",0.69
0.2050299517376858,0.499645390070922,primary_domain_filtered,master,6,32773,1.0,0.0264907,5.84229098207002e-07,0.1701451083784491,xgb,20261008,32773,8460,41233,0.1151561754783943,0.2050597909137216,0.999290780141844,r07,0.0800176138187903,S4-external,xgb_d6_lr01_balanced,"{""colsample_bytree"": 0.9, ""learning_rate"": 0.1, ""max_depth"": 6, ""n_estimators"": 200, ""reg_lambda"": 1.0, ""scale_pos_weight"": 1.3542785150825352, ""subsample"": 0.9}",phiusiil,iscx_url2016_binary,0.82,0,8454,f_single,15,"[""hostname_length"", ""longest_repeated_char_run"", ""url_length"", ""path_length"", ""subdomain_depth"", ""registrable_domain_length"", ""token_max_length"", ""dot_count"", ""token_mean_length"", ""digit_count"", ""char_type_transition_count"", ""letter_ratio"", ""slash_count"", ""letter_count"", ""special_char_ratio""]",0.82
0.2195708268089892,0.4995484194681385,unfiltered,master,9,35378,1.0,0.0264907,5.84229098207002e-07,0.1800394220510316,xgb,20261008,35378,9965,45343,0.1280205815767695,0.2196144174350377,0.999096838936277,r07,0.124897880895078,S4-external,xgb_d6_lr01_balanced,"{""colsample_bytree"": 0.9, ""learning_rate"": 0.1, ""max_depth"": 6, ""n_estimators"": 200, ""reg_lambda"": 1.0, ""scale_pos_weight"": 1.3542785150825352, ""subsample"": 0.9}",phiusiil,iscx_url2016_binary,0.82,0,9956,f_single,15,"[""hostname_length"", ""longest_repeated_char_run"", ""url_length"", ""path_length"", ""subdomain_depth"", ""registrable_domain_length"", ""token_max_length"", ""dot_count"", ""token_mean_length"", ""digit_count"", ""char_type_transition_count"", ""letter_ratio"", ""slash_count"", ""letter_count"", ""special_char_ratio""]",0.82
0.2051269614144011,0.4998817966903073,primary_domain_filtered,master,2,32773,1.0,0.0265307999999997,5.851134684515745e-07,0.1702119096013362,xgb,20261008,32773,8460,41233,0.1152091899822358,0.2051369115471368,0.9997635933806148,r07,0.0821654422184438,S4-external,xgb_d6_lr01_balanced,"{""colsample_bytree"": 0.9, ""learning_rate"": 0.1, ""max_depth"": 6, ""n_estimators"": 200, ""reg_lambda"": 1.0, ""scale_pos_weight"": 1.3542785150825352, ""subsample"": 0.9}",phiusiil,iscx_url2016_binary,0.69,0,8458,f_stable,14,"[""hostname_length"", ""longest_repeated_char_run"", ""url_length"", ""path_length"", ""registrable_domain_length"", ""subdomain_depth"", ""token_max_length"", ""char_type_transition_count"", ""dot_count"", ""digit_count"", ""letter_ratio"", ""token_mean_length"", ""slash_count"", ""letter_count""]",0.69
0.2197252056546765,0.4998996487706974,unfiltered,master,2,35378,1.0,0.0265307999999997,5.851134684515745e-07,0.1801432032690847,xgb,20261008,35378,9965,45343,0.1273931113774512,0.219734897774641,0.9997992975413948,r07,0.1150880518356732,S4-external,xgb_d6_lr01_balanced,"{""colsample_bytree"": 0.9, ""learning_rate"": 0.1, ""max_depth"": 6, ""n_estimators"": 200, ""reg_lambda"": 1.0, ""scale_pos_weight"": 1.3542785150825352, ""subsample"": 0.9}",phiusiil,iscx_url2016_binary,0.69,0,9963,f_stable,14,"[""hostname_length"", ""longest_repeated_char_run"", ""url_length"", ""path_length"", ""registrable_domain_length"", ""subdomain_depth"", ""token_max_length"", ""char_type_transition_count"", ""dot_count"", ""digit_count"", ""letter_ratio"", ""token_mean_length"", ""slash_count"", ""letter_count""]",0.69
0.2477658303464755,0.5253856017402594,primary_domain_filtered,master,22,31459,0.9466762962294244,0.0288835999999719,6.370024038985493e-07,0.2272128756809191,lr,20261009,33231,8619,41850,0.2211489400787423,0.2146245256640703,0.9974474997099432,r08,0.5429465395764651,S4-external,lr_c1_balanced,"{""C"": 1.0, ""class_weight"": ""balanced""}",phiusiil,iscx_url2016_binary,0.95,1772,8597,f_all,35,"[""url_length"", ""hostname_length"", ""path_length"", ""query_length"", ""fragment_length"", ""digit_count"", ""letter_count"", ""special_char_count"", ""digit_ratio"", ""letter_ratio"", ""special_char_ratio"", ""dot_count"", ""hyphen_count"", ""underscore_count"", ""slash_count"", ""question_mark_count"", ""equals_sign_count"", ""percent_sign_count"", ""at_sign_count"", ""subdomain_depth"", ""path_segment_count"", ""query_parameter_count"", ""has_port"", ""has_userinfo"", ""host_is_ip"", ""tld_length"", ""registrable_domain_length"", ""domain_digit_ratio"", ""domain_hyphen_ratio"", ""url_char_entropy"", ""longest_repeated_char_run"", ""char_type_transition_count"", ""token_count"", ""token_mean_length"", ""token_max_length""]",0.95
0.2583199170765057,0.5238035552496375,unfiltered,master,25,33605,0.949884108768161,0.0288835999999719,6.370024038985493e-07,0.2334517304826728,lr,20261009,35378,9965,45343,0.2320882561485712,0.2282696061545527,0.997491219267436,r08,0.5337605229020096,S4-external,lr_c1_balanced,"{""C"": 1.0, ""class_weight"": ""balanced""}",phiusiil,iscx_url2016_binary,0.95,1773,9940,f_all,35,"[""url_length"", ""hostname_length"", ""path_length"", ""query_length"", ""fragment_length"", ""digit_count"", ""letter_count"", ""special_char_count"", ""digit_ratio"", ""letter_ratio"", ""special_char_ratio"", ""dot_count"", ""hyphen_count"", ""underscore_count"", ""slash_count"", ""question_mark_count"", ""equals_sign_count"", ""percent_sign_count"", ""at_sign_count"", ""subdomain_depth"", ""path_segment_count"", ""query_parameter_count"", ""has_port"", ""has_userinfo"", ""host_is_ip"", ""tld_length"", ""registrable_domain_length"", ""domain_digit_ratio"", ""domain_hyphen_ratio"", ""url_char_entropy"", ""longest_repeated_char_run"", ""char_type_transition_count"", ""token_count"", ""token_mean_length"", ""token_max_length""]",0.95
0.20544802867383513,0.49873879604678045,primary_domain_filtered,,22,33230,0.9999699076163823,0.013412100000095961,2.9579207375109633e-07,0.17044992646467988,lr,20261009,33231,8619,41850,0.19453286857571897,0.20553709326511582,0.9974474997099432,r08,0.4644990926180967,S4-external,lr_c1_balanced,"{""C"": 1.0, ""class_weight"": ""balanced""}",phiusiil,iscx_url2016_binary,0.93,1,8597,f_mi,15,"[""subdomain_depth"", ""longest_repeated_char_run"", ""char_type_transition_count"", ""letter_ratio"", ""token_count"", ""special_char_count"", ""special_char_ratio"", ""url_char_entropy"", ""token_mean_length"", ""path_length"", ""path_segment_count"", ""dot_count"", ""url_length"", ""slash_count"", ""letter_count""]",0.93
0.2187768784597402,0.4977060548030947,unfiltered,,46,35377,0.9999717338458929,0.013412100000095961,2.9579207375109633e-07,0.17952190411940963,lr,20261009,35378,9965,45343,0.20623732509708745,0.21898180854821617,0.9953838434520823,r08,0.4597450835400301,S4-external,lr_c1_balanced,"{""C"": 1.0, ""class_weight"": ""balanced""}",phiusiil,iscx_url2016_binary,0.93,1,9919,f_mi,15,"[""subdomain_depth"", ""longest_repeated_char_run"", ""char_type_transition_count"", ""letter_ratio"", ""token_count"", ""special_char_count"", ""special_char_ratio"", ""url_char_entropy"", ""token_mean_length"", ""path_length"", ""path_segment_count"", ""dot_count"", ""url_length"", ""slash_count"", ""letter_count""]",0.93
0.26463560334528075,0.5337740238794848,primary_domain_filtered,,74,30701,0.923866269447203,0.01731599999993705,3.8188915598740816e-07,0.24912429644960798,lr,20261009,33231,8619,41850,0.2280606860248903,0.21772919533200835,0.9914143172061725,r08,0.5607260617977456,S4-external,lr_c01,"{""C"": 0.1, ""class_weight"": null}",phiusiil,iscx_url2016_binary,0.95,2530,8545,f_permutation,15,"[""hostname_length"", ""path_segment_count"", ""letter_count"", ""path_length"", ""token_mean_length"", ""url_length"", ""query_length"", ""slash_count"", ""longest_repeated_char_run"", ""token_max_length"", ""dot_count"", ""hyphen_count"", ""registrable_domain_length"", ""question_mark_count"", ""subdomain_depth""]",0.95
0.27391218049092475,0.5319574713090026,unfiltered,,76,32847,0.9284583639550003,0.01731599999993705,3.8188915598740816e-07,0.2542750633173236,lr,20261009,35378,9965,45343,0.2238160610756106,0.23139741669786595,0.9923733065730055,r08,0.5182266373712255,S4-external,lr_c01,"{""C"": 0.1, ""class_weight"": null}",phiusiil,iscx_url2016_binary,0.95,2531,9889,f_permutation,15,"[""hostname_length"", ""path_segment_count"", ""letter_count"", ""path_length"", ""token_mean_length"", ""url_length"", ""query_length"", ""slash_count"", ""longest_repeated_char_run"", ""token_max_length"", ""dot_count"", ""hyphen_count"", ""registrable_domain_length"", ""question_mark_count"", ""subdomain_depth""]",0.95
0.2329749103942652,0.516114974188999,primary_domain_filtered,master,21,32079,0.9653335740724024,0.0113090999999982,2.4941225768031e-07,0.2079002526483243,lr,20261009,33231,8619,41850,0.2174464871947512,0.2113725200973523,0.9975635224504004,r08,0.5329124718489662,S4-external,lr_c1,"{""C"": 1.0, ""class_weight"": null}",phiusiil,iscx_url2016_binary,0.9,1152,8598,f_single,15,"[""hostname_length"", ""path_segment_count"", ""letter_count"", ""query_length"", ""path_length"", ""slash_count"", ""url_length"", ""dot_count"", ""question_mark_count"", ""token_mean_length"", ""hyphen_count"", ""underscore_count"", ""token_max_length"", ""query_parameter_count"", ""longest_repeated_char_run""]",0.9
0.244558145689522,0.51484034501784,unfiltered,master,29,34225,0.9674091243145456,0.0113090999999982,2.4941225768031e-07,0.2151088652371308,lr,20261009,35378,9965,45343,0.2283638040499637,0.2249949050066801,0.9970898143502258,r08,0.5236982003579321,S4-external,lr_c1,"{""C"": 1.0, ""class_weight"": null}",phiusiil,iscx_url2016_binary,0.9,1153,9936,f_single,15,"[""hostname_length"", ""path_segment_count"", ""letter_count"", ""query_length"", ""path_length"", ""slash_count"", ""url_length"", ""dot_count"", ""question_mark_count"", ""token_mean_length"", ""hyphen_count"", ""underscore_count"", ""token_max_length"", ""query_parameter_count"", ""longest_repeated_char_run""]",0.9
0.2309677419354838,0.5150229547907341,primary_domain_filtered,master,17,32167,0.9679817038307604,0.0157223000000001,3.467415036499612e-07,0.2051814229484346,lr,20261009,33231,8619,41850,0.2149386730098109,0.2109936471338517,0.9980276134122288,r08,0.5261310123226932,S4-external,lr_c1,"{""C"": 1.0, ""class_weight"": null}",phiusiil,iscx_url2016_binary,0.91,1064,8602,f_stable,14,"[""letter_count"", ""hostname_length"", ""path_segment_count"", ""path_length"", ""query_length"", ""url_length"", ""slash_count"", ""dot_count"", ""token_mean_length"", ""question_mark_count"", ""token_max_length"", ""hyphen_count"", ""longest_repeated_char_run"", ""query_parameter_count""]",0.91
0.2427055995412743,0.5137973366957339,unfiltered,master,25,34313,0.969896545875968,0.0157223000000001,3.467415036499612e-07,0.2125376335581421,lr,20261009,35378,9965,45343,0.2259699051461852,0.2246175400537816,0.997491219267436,r08,0.5173811333051399,S4-external,lr_c1,"{""C"": 1.0, ""class_weight"": null}",phiusiil,iscx_url2016_binary,0.91,1065,9940,f_stable,14,"[""letter_count"", ""hostname_length"", ""path_segment_count"", ""path_length"", ""query_length"", ""url_length"", ""slash_count"", ""dot_count"", ""token_mean_length"", ""question_mark_count"", ""token_max_length"", ""hyphen_count"", ""longest_repeated_char_run"", ""query_parameter_count""]",0.91
0.205710872162485,0.4994198862977143,primary_domain_filtered,master,10,33231,1.0,0.2200793000001795,4.853655470528626e-06,0.1706137656315028,rf,20261009,33231,8619,41850,0.1836345766439903,0.2057600382409178,0.9988397725954288,r08,0.4289785862577227,S4-external,rf_depth24_leaf2,"{""class_weight"": null, ""max_depth"": 24, ""max_features"": ""sqrt"", ""min_samples_leaf"": 2, ""n_estimators"": 200}",phiusiil,iscx_url2016_binary,0.79,0,8609,f_all,35,"[""url_length"", ""hostname_length"", ""path_length"", ""query_length"", ""fragment_length"", ""digit_count"", ""letter_count"", ""special_char_count"", ""digit_ratio"", ""letter_ratio"", ""special_char_ratio"", ""dot_count"", ""hyphen_count"", ""underscore_count"", ""slash_count"", ""question_mark_count"", ""equals_sign_count"", ""percent_sign_count"", ""at_sign_count"", ""subdomain_depth"", ""path_segment_count"", ""query_parameter_count"", ""has_port"", ""has_userinfo"", ""host_is_ip"", ""tld_length"", ""registrable_domain_length"", ""domain_digit_ratio"", ""domain_hyphen_ratio"", ""url_char_entropy"", ""longest_repeated_char_run"", ""char_type_transition_count"", ""token_count"", ""token_mean_length"", ""token_max_length""]",0.79
0.2195267185673643,0.4994480682388359,unfiltered,master,11,35378,1.0,0.2200793000001795,4.853655470528626e-06,0.1800097654483968,rf,20261009,35378,9965,45343,0.1973729504155194,0.2195799876466954,0.9988961364776718,r08,0.4323130192487546,S4-external,rf_depth24_leaf2,"{""class_weight"": null, ""max_depth"": 24, ""max_features"": ""sqrt"", ""min_samples_leaf"": 2, ""n_estimators"": 200}",phiusiil,iscx_url2016_binary,0.79,0,9954,f_all,35,"[""url_length"", ""hostname_length"", ""path_length"", ""query_length"", ""fragment_length"", ""digit_count"", ""letter_count"", ""special_char_count"", ""digit_ratio"", ""letter_ratio"", ""special_char_ratio"", ""dot_count"", ""hyphen_count"", ""underscore_count"", ""slash_count"", ""question_mark_count"", ""equals_sign_count"", ""percent_sign_count"", ""at_sign_count"", ""subdomain_depth"", ""path_segment_count"", ""query_parameter_count"", ""has_port"", ""has_userinfo"", ""host_is_ip"", ""tld_length"", ""registrable_domain_length"", ""domain_digit_ratio"", ""domain_hyphen_ratio"", ""url_char_entropy"", ""longest_repeated_char_run"", ""char_type_transition_count"", ""token_count"", ""token_mean_length"", ""token_max_length""]",0.79
0.20547192353643967,0.4988397725954287,primary_domain_filtered,,20,33231,1.0,0.051168699999834644,1.1284806916135818e-06,0.17044936470494956,rf,20261009,33231,8619,41850,0.20102288165975232,0.20557016495338273,0.9976795451908574,r08,0.484748993890883,S4-external,rf_depth16_leaf1,"{""class_weight"": null, ""max_depth"": 16, ""max_features"": ""sqrt"", ""min_samples_leaf"": 1, ""n_estimators"": 200}",phiusiil,iscx_url2016_binary,0.95,0,8599,f_mi,15,"[""subdomain_depth"", ""longest_repeated_char_run"", ""char_type_transition_count"", ""letter_ratio"", ""token_count"", ""special_char_count"", ""special_char_ratio"", ""url_char_entropy"", ""token_mean_length"", ""path_length"", ""path_segment_count"", ""dot_count"", ""url_length"", ""slash_count"", ""letter_count""]",0.95
0.2186224996140529,0.4973908680381335,unfiltered,,52,35378,1.0,0.051168699999834644,1.1284806916135818e-06,0.1794013319820472,rf,20261009,35378,9965,45343,0.2127724520877816,0.21887350687774612,0.994781736076267,r08,0.47931525390594143,S4-external,rf_depth16_leaf1,"{""class_weight"": null, ""max_depth"": 16, ""max_features"": ""sqrt"", ""min_samples_leaf"": 1, ""n_estimators"": 200}",phiusiil,iscx_url2016_binary,0.95,0,9913,f_mi,15,"[""subdomain_depth"", ""longest_repeated_char_run"", ""char_type_transition_count"", ""letter_ratio"", ""token_count"", ""special_char_count"", ""special_char_ratio"", ""url_char_entropy"", ""token_mean_length"", ""path_length"", ""path_segment_count"", ""dot_count"", ""url_length"", ""slash_count"", ""letter_count""]",0.95
0.20571087216248507,0.49941988629771433,primary_domain_filtered,,10,33231,1.0,0.0708172999998169,1.5618132898091634e-06,0.1706137656315028,rf,20261009,33231,8619,41850,0.1986337613912889,0.2057600382409178,0.9988397725954287,r08,0.4776966645066418,S4-external,rf_depth24_leaf2,"{""class_weight"": null, ""max_depth"": 24, ""max_features"": ""sqrt"", ""min_samples_leaf"": 2, ""n_estimators"": 200}",phiusiil,iscx_url2016_binary,0.74,0,8609,f_permutation,15,"[""longest_repeated_char_run"", ""hostname_length"", ""registrable_domain_length"", ""letter_ratio"", ""token_max_length"", ""subdomain_depth"", ""token_mean_length"", ""url_length"", ""letter_count"", ""special_char_ratio"", ""path_segment_count"", ""path_length"", ""char_type_transition_count"", ""digit_count"", ""digit_ratio""]",0.74
0.2195267185673643,0.4994480682388359,unfiltered,,11,35378,1.0,0.0708172999998169,1.5618132898091634e-06,0.18000976544839684,rf,20261009,35378,9965,45343,0.21171625914233816,0.21957998764669548,0.9988961364776718,r08,0.4765516196846688,S4-external,rf_depth24_leaf2,"{""class_weight"": null, ""max_depth"": 24, ""max_features"": ""sqrt"", ""min_samples_leaf"": 2, ""n_estimators"": 200}",phiusiil,iscx_url2016_binary,0.74,0,9954,f_permutation,15,"[""longest_repeated_char_run"", ""hostname_length"", ""registrable_domain_length"", ""letter_ratio"", ""token_max_length"", ""subdomain_depth"", ""token_mean_length"", ""url_length"", ""letter_count"", ""special_char_ratio"", ""path_segment_count"", ""path_length"", ""char_type_transition_count"", ""digit_count"", ""digit_ratio""]",0.74
0.205710872162485,0.4994198862977143,primary_domain_filtered,master,10,33231,1.0,0.0897097999999978,1.9784707672628154e-06,0.1706137656315028,rf,20261009,33231,8619,41850,0.1945100690185042,0.2057600382409178,0.9988397725954288,r08,0.4645047347218125,S4-external,rf_depth24_leaf2,"{""class_weight"": null, ""max_depth"": 24, ""max_features"": ""sqrt"", ""min_samples_leaf"": 2, ""n_estimators"": 200}",phiusiil,iscx_url2016_binary,0.75,0,8609,f_single,15,"[""longest_repeated_char_run"", ""hostname_length"", ""subdomain_depth"", ""letter_ratio"", ""url_length"", ""registrable_domain_length"", ""path_segment_count"", ""path_length"", ""digit_count"", ""token_mean_length"", ""char_type_transition_count"", ""token_max_length"", ""digit_ratio"", ""special_char_ratio"", ""letter_count""]",0.75
0.2195267185673643,0.4994480682388359,unfiltered,master,11,35378,1.0,0.0897097999999978,1.9784707672628154e-06,0.1800097654483968,rf,20261009,35378,9965,45343,0.2079855204525111,0.2195799876466954,0.9988961364776718,r08,0.465186397628854,S4-external,rf_depth24_leaf2,"{""class_weight"": null, ""max_depth"": 24, ""max_features"": ""sqrt"", ""min_samples_leaf"": 2, ""n_estimators"": 200}",phiusiil,iscx_url2016_binary,0.75,0,9954,f_single,15,"[""longest_repeated_char_run"", ""hostname_length"", ""subdomain_depth"", ""letter_ratio"", ""url_length"", ""registrable_domain_length"", ""path_segment_count"", ""path_length"", ""digit_count"", ""token_mean_length"", ""char_type_transition_count"", ""token_max_length"", ""digit_ratio"", ""special_char_ratio"", ""letter_count""]",0.75
0.205710872162485,0.4994198862977143,primary_domain_filtered,master,10,33231,1.0,0.1327912000000033,2.9285931676334456e-06,0.1706137656315028,rf,20261009,33231,8619,41850,0.1952848978723292,0.2057600382409178,0.9988397725954288,r08,0.4669848844584968,S4-external,rf_depth24_leaf2,"{""class_weight"": null, ""max_depth"": 24, ""max_features"": ""sqrt"", ""min_samples_leaf"": 2, ""n_estimators"": 200}",phiusiil,iscx_url2016_binary,0.76,0,8609,f_stable,15,"[""longest_repeated_char_run"", ""hostname_length"", ""subdomain_depth"", ""registrable_domain_length"", ""letter_ratio"", ""path_length"", ""url_length"", ""token_mean_length"", ""path_segment_count"", ""char_type_transition_count"", ""token_max_length"", ""special_char_ratio"", ""digit_count"", ""letter_count"", ""digit_ratio""]",0.76
0.2195046644465518,0.4993978926241846,unfiltered,master,12,35378,1.0,0.1327912000000033,2.9285931676334456e-06,0.1799949363425926,rf,20261009,35378,9965,45343,0.2086620574748367,0.2195627716132448,0.9987957852483692,r08,0.4672300547535119,S4-external,rf_depth24_leaf2,"{""class_weight"": null, ""max_depth"": 24, ""max_features"": ""sqrt"", ""min_samples_leaf"": 2, ""n_estimators"": 200}",phiusiil,iscx_url2016_binary,0.76,0,9953,f_stable,15,"[""longest_repeated_char_run"", ""hostname_length"", ""subdomain_depth"", ""registrable_domain_length"", ""letter_ratio"", ""path_length"", ""url_length"", ""token_mean_length"", ""path_segment_count"", ""char_type_transition_count"", ""token_max_length"", ""special_char_ratio"", ""digit_count"", ""letter_count"", ""digit_ratio""]",0.76
0.2059259259259259,0.4999419886297714,primary_domain_filtered,master,1,33231,1.0,0.0627172999998038,1.3831749112278367e-06,0.1707616707616707,xgb,20261009,33231,8619,41850,0.1151567375891371,0.2059308466152118,0.9998839772595428,r08,0.0773145013597592,S4-external,xgb_d6_lr01_balanced,"{""colsample_bytree"": 0.9, ""learning_rate"": 0.1, ""max_depth"": 6, ""n_estimators"": 200, ""reg_lambda"": 1.0, ""scale_pos_weight"": 1.3542785150825352, ""subsample"": 0.9}",phiusiil,iscx_url2016_binary,0.67,0,8618,f_all,35,"[""url_length"", ""hostname_length"", ""path_length"", ""query_length"", ""fragment_length"", ""digit_count"", ""letter_count"", ""special_char_count"", ""digit_ratio"", ""letter_ratio"", ""special_char_ratio"", ""dot_count"", ""hyphen_count"", ""underscore_count"", ""slash_count"", ""question_mark_count"", ""equals_sign_count"", ""percent_sign_count"", ""at_sign_count"", ""subdomain_depth"", ""path_segment_count"", ""query_parameter_count"", ""has_port"", ""has_userinfo"", ""host_is_ip"", ""tld_length"", ""registrable_domain_length"", ""domain_digit_ratio"", ""domain_hyphen_ratio"", ""url_char_entropy"", ""longest_repeated_char_run"", ""char_type_transition_count"", ""token_count"", ""token_mean_length"", ""token_max_length""]",0.67
0.219747259775489,0.4999498243853487,unfiltered,master,1,35378,1.0,0.0627172999998038,1.3831749112278367e-06,0.1801580270128555,xgb,20261009,35378,9965,45343,0.1262423304930429,0.2197521062149883,0.9998996487706976,r08,0.0985552889236359,S4-external,xgb_d6_lr01_balanced,"{""colsample_bytree"": 0.9, ""learning_rate"": 0.1, ""max_depth"": 6, ""n_estimators"": 200, ""reg_lambda"": 1.0, ""scale_pos_weight"": 1.3542785150825352, ""subsample"": 0.9}",phiusiil,iscx_url2016_binary,0.67,0,9964,f_all,35,"[""url_length"", ""hostname_length"", ""path_length"", ""query_length"", ""fragment_length"", ""digit_count"", ""letter_count"", ""special_char_count"", ""digit_ratio"", ""letter_ratio"", ""special_char_ratio"", ""dot_count"", ""hyphen_count"", ""underscore_count"", ""slash_count"", ""question_mark_count"", ""equals_sign_count"", ""percent_sign_count"", ""at_sign_count"", ""subdomain_depth"", ""path_segment_count"", ""query_parameter_count"", ""has_port"", ""has_userinfo"", ""host_is_ip"", ""tld_length"", ""registrable_domain_length"", ""domain_digit_ratio"", ""domain_hyphen_ratio"", ""url_char_entropy"", ""longest_repeated_char_run"", ""char_type_transition_count"", ""token_count"", ""token_mean_length"", ""token_max_length""]",0.67
0.2055436081242533,0.4990138067061144,primary_domain_filtered,,17,33231,1.0,0.020724100000052204,4.570518051309398e-07,0.17049869182589392,xgb,20261009,33231,8619,41850,0.16849700735623857,0.20562713647120695,0.9980276134122288,r08,0.2678974538851329,S4-external,xgb_d6_lr005,"{""colsample_bytree"": 0.9, ""learning_rate"": 0.05, ""max_depth"": 6, ""n_estimators"": 250, ""reg_lambda"": 1.0, ""scale_pos_weight"": 1.0, ""subsample"": 0.9}",phiusiil,iscx_url2016_binary,0.95,0,8602,f_mi,15,"[""subdomain_depth"", ""longest_repeated_char_run"", ""char_type_transition_count"", ""letter_ratio"", ""token_count"", ""special_char_count"", ""special_char_ratio"", ""url_char_entropy"", ""token_mean_length"", ""path_length"", ""path_segment_count"", ""dot_count"", ""url_length"", ""slash_count"", ""letter_count""]",0.95
0.21890920318461504,0.4980431510286001,unfiltered,,39,35378,1.0,0.020724100000052204,4.570518051309398e-07,0.1795943476451537,xgb,20261009,35378,9965,45343,0.17255753966144954,0.21909765142150803,0.9960863020572002,r08,0.2528970056512736,S4-external,xgb_d6_lr005,"{""colsample_bytree"": 0.9, ""learning_rate"": 0.05, ""max_depth"": 6, ""n_estimators"": 250, ""reg_lambda"": 1.0, ""scale_pos_weight"": 1.0, ""subsample"": 0.9}",phiusiil,iscx_url2016_binary,0.95,0,9926,f_mi,15,"[""subdomain_depth"", ""longest_repeated_char_run"", ""char_type_transition_count"", ""letter_ratio"", ""token_count"", ""special_char_count"", ""special_char_ratio"", ""url_char_entropy"", ""token_mean_length"", ""path_length"", ""path_segment_count"", ""dot_count"", ""url_length"", ""slash_count"", ""letter_count""]",0.95
0.20571087216248507,0.49941988629771433,primary_domain_filtered,,10,33231,1.0,0.02413939999996728,5.323732439399087e-07,0.1706137656315028,xgb,20261009,33231,8619,41850,0.11382235682719155,0.2057600382409178,0.9988397725954287,r08,0.05684108758964858,S4-external,xgb_d6_lr01_balanced,"{""colsample_bytree"": 0.9, ""learning_rate"": 0.1, ""max_depth"": 6, ""n_estimators"": 200, ""reg_lambda"": 1.0, ""scale_pos_weight"": 1.3542785150825352, ""subsample"": 0.9}",phiusiil,iscx_url2016_binary,0.85,0,8609,f_permutation,15,"[""hostname_length"", ""url_length"", ""longest_repeated_char_run"", ""path_length"", ""registrable_domain_length"", ""token_max_length"", ""subdomain_depth"", ""digit_count"", ""dot_count"", ""char_type_transition_count"", ""special_char_ratio"", ""letter_ratio"", ""token_mean_length"", ""letter_count"", ""tld_length""]",0.85
0.21943850208411442,0.4992473657802308,unfiltered,,15,35378,1.0,0.02413939999996728,5.323732439399087e-07,0.17995044580688332,xgb,20261009,35378,9965,45343,0.12504554480232968,0.2195111189551712,0.9984947315604616,r08,0.06594267680677952,S4-external,xgb_d6_lr01_balanced,"{""colsample_bytree"": 0.9, ""learning_rate"": 0.1, ""max_depth"": 6, ""n_estimators"": 200, ""reg_lambda"": 1.0, ""scale_pos_weight"": 1.3542785150825352, ""subsample"": 0.9}",phiusiil,iscx_url2016_binary,0.85,0,9950,f_permutation,15,"[""hostname_length"", ""url_length"", ""longest_repeated_char_run"", ""path_length"", ""registrable_domain_length"", ""token_max_length"", ""subdomain_depth"", ""digit_count"", ""dot_count"", ""char_type_transition_count"", ""special_char_ratio"", ""letter_ratio"", ""token_mean_length"", ""letter_count"", ""tld_length""]",0.85
0.2059259259259259,0.4999419886297714,primary_domain_filtered,master,1,33231,1.0,0.0283048999999984,6.24239684184955e-07,0.1707616707616707,xgb,20261009,33231,8619,41850,0.1153186189294383,0.2059308466152118,0.9998839772595428,r08,0.0740658960495669,S4-external,xgb_d6_lr01_balanced,"{""colsample_bytree"": 0.9, ""learning_rate"": 0.1, ""max_depth"": 6, ""n_estimators"": 200, ""reg_lambda"": 1.0, ""scale_pos_weight"": 1.3542785150825352, ""subsample"": 0.9}",phiusiil,iscx_url2016_binary,0.7,0,8618,f_single,15,"[""hostname_length"", ""url_length"", ""longest_repeated_char_run"", ""path_length"", ""registrable_domain_length"", ""subdomain_depth"", ""token_max_length"", ""char_type_transition_count"", ""digit_count"", ""dot_count"", ""token_mean_length"", ""letter_ratio"", ""letter_count"", ""slash_count"", ""digit_ratio""]",0.7
0.2197252056546765,0.4998996487706974,unfiltered,master,2,35378,1.0,0.0283048999999984,6.24239684184955e-07,0.1801432032690847,xgb,20261009,35378,9965,45343,0.1263591216953548,0.219734897774641,0.9997992975413948,r08,0.0762805000383359,S4-external,xgb_d6_lr01_balanced,"{""colsample_bytree"": 0.9, ""learning_rate"": 0.1, ""max_depth"": 6, ""n_estimators"": 200, ""reg_lambda"": 1.0, ""scale_pos_weight"": 1.3542785150825352, ""subsample"": 0.9}",phiusiil,iscx_url2016_binary,0.7,0,9963,f_single,15,"[""hostname_length"", ""url_length"", ""longest_repeated_char_run"", ""path_length"", ""registrable_domain_length"", ""subdomain_depth"", ""token_max_length"", ""char_type_transition_count"", ""digit_count"", ""dot_count"", ""token_mean_length"", ""letter_ratio"", ""letter_count"", ""slash_count"", ""digit_ratio""]",0.7
0.2058542413381123,0.4997679545190857,primary_domain_filtered,master,4,33231,1.0,0.0284897000000015,6.283152857111683e-07,0.1707123749133062,xgb,20261009,33231,8619,41850,0.1139643865006645,0.2058739186541127,0.9995359090381716,r08,0.0559605231359961,S4-external,xgb_d6_lr01_balanced,"{""colsample_bytree"": 0.9, ""learning_rate"": 0.1, ""max_depth"": 6, ""n_estimators"": 200, ""reg_lambda"": 1.0, ""scale_pos_weight"": 1.3542785150825352, ""subsample"": 0.9}",phiusiil,iscx_url2016_binary,0.81,0,8615,f_stable,14,"[""hostname_length"", ""longest_repeated_char_run"", ""url_length"", ""path_length"", ""registrable_domain_length"", ""subdomain_depth"", ""token_max_length"", ""char_type_transition_count"", ""dot_count"", ""token_mean_length"", ""letter_ratio"", ""digit_count"", ""letter_count"", ""slash_count""]",0.81
0.2196590432922391,0.4997491219267436,unfiltered,master,5,35378,1.0,0.0284897000000015,6.283152857111683e-07,0.1800987288212212,xgb,20261009,35378,9965,45343,0.1252330104879408,0.2196832678988927,0.9994982438534872,r08,0.0641258367767314,S4-external,xgb_d6_lr01_balanced,"{""colsample_bytree"": 0.9, ""learning_rate"": 0.1, ""max_depth"": 6, ""n_estimators"": 200, ""reg_lambda"": 1.0, ""scale_pos_weight"": 1.3542785150825352, ""subsample"": 0.9}",phiusiil,iscx_url2016_binary,0.81,0,9960,f_stable,14,"[""hostname_length"", ""longest_repeated_char_run"", ""url_length"", ""path_length"", ""registrable_domain_length"", ""subdomain_depth"", ""token_max_length"", ""char_type_transition_count"", ""dot_count"", ""token_mean_length"", ""letter_ratio"", ""digit_count"", ""letter_count"", ""slash_count""]",0.81
0.2483072697043444,0.5254065641727045,primary_domain_filtered,master,24,31172,0.9463841156111482,0.0227450000002136,5.01620977884428e-07,0.2277384466351119,lr,20261010,32938,8563,41501,0.2244200260345227,0.2150285815013472,0.9971972439565572,r09,0.5503481384986775,S4-external,lr_c1,"{""C"": 1.0, ""class_weight"": null}",phiusiil,iscx_url2016_binary,0.95,1766,8539,f_all,35,"[""url_length"", ""hostname_length"", ""path_length"", ""query_length"", ""fragment_length"", ""digit_count"", ""letter_count"", ""special_char_count"", ""digit_ratio"", ""letter_ratio"", ""special_char_ratio"", ""dot_count"", ""hyphen_count"", ""underscore_count"", ""slash_count"", ""question_mark_count"", ""equals_sign_count"", ""percent_sign_count"", ""at_sign_count"", ""subdomain_depth"", ""path_segment_count"", ""query_parameter_count"", ""has_port"", ""has_userinfo"", ""host_is_ip"", ""tld_length"", ""registrable_domain_length"", ""domain_digit_ratio"", ""domain_hyphen_ratio"", ""url_char_entropy"", ""longest_repeated_char_run"", ""char_type_transition_count"", ""token_count"", ""token_mean_length"", ""token_max_length""]",0.95
0.2581655382308184,0.523668581172665,unfiltered,master,26,33611,0.9500537056928036,0.0227450000002136,5.01620977884428e-07,0.2332606873486483,lr,20261010,35378,9965,45343,0.2345099429754958,0.2282204362801377,0.9973908680381336,r09,0.539943425710945,S4-external,lr_c1,"{""C"": 1.0, ""class_weight"": null}",phiusiil,iscx_url2016_binary,0.95,1767,9939,f_all,35,"[""url_length"", ""hostname_length"", ""path_length"", ""query_length"", ""fragment_length"", ""digit_count"", ""letter_count"", ""special_char_count"", ""digit_ratio"", ""letter_ratio"", ""special_char_ratio"", ""dot_count"", ""hyphen_count"", ""underscore_count"", ""slash_count"", ""question_mark_count"", ""equals_sign_count"", ""percent_sign_count"", ""at_sign_count"", ""subdomain_depth"", ""path_segment_count"", ""query_parameter_count"", ""has_port"", ""has_userinfo"", ""host_is_ip"", ""tld_length"", ""registrable_domain_length"", ""domain_digit_ratio"", ""domain_hyphen_ratio"", ""url_char_entropy"", ""longest_repeated_char_run"", ""char_type_transition_count"", ""token_count"", ""token_mean_length"", ""token_max_length""]",0.95
0.2058022698248235,0.4986721927644014,primary_domain_filtered,,23,32937,0.9999696399295647,0.010647099999914644,2.3481242970060747e-07,0.17069380718954963,lr,20261010,32938,8563,41501,0.1950223082929727,0.20589724425585265,0.9973140254583674,r09,0.4648937585091427,S4-external,lr_c1_balanced,"{""C"": 1.0, ""class_weight"": ""balanced""}",phiusiil,iscx_url2016_binary,0.93,1,8540,f_mi,15,"[""longest_repeated_char_run"", ""subdomain_depth"", ""char_type_transition_count"", ""letter_ratio"", ""token_count"", ""special_char_count"", ""special_char_ratio"", ""path_segment_count"", ""path_length"", ""token_mean_length"", ""url_char_entropy"", ""url_length"", ""dot_count"", ""slash_count"", ""letter_count""]",0.93
0.21873277021811524,0.49760570357379214,unfiltered,,48,35377,0.9999717338458929,0.010647099999914644,2.3481242970060747e-07,0.17949220577685704,lr,20261010,35378,9965,45343,0.2054216153723919,0.21894732194109595,0.9951831409934772,r09,0.45729299254383393,S4-external,lr_c1_balanced,"{""C"": 1.0, ""class_weight"": ""balanced""}",phiusiil,iscx_url2016_binary,0.93,1,9917,f_mi,15,"[""longest_repeated_char_run"", ""subdomain_depth"", ""char_type_transition_count"", ""letter_ratio"", ""token_count"", ""special_char_count"", ""special_char_ratio"", ""path_segment_count"", ""path_length"", ""token_mean_length"", ""url_char_entropy"", ""url_length"", ""dot_count"", ""slash_count"", ""letter_count""]",0.93
0.2549336160574444,0.5274637487888856,primary_domain_filtered,,73,30848,0.9365474527900904,0.013528999999834923,2.9837020046831756e-07,0.23678302182990746,lr,20261010,32938,8563,41501,0.22540427967175308,0.21582185164472012,0.9914749503678617,r09,0.5534106091140613,S4-external,lr_c01,"{""C"": 0.1, ""class_weight"": null}",phiusiil,iscx_url2016_binary,0.95,2090,8490,f_permutation,15,"[""hostname_length"", ""path_length"", ""path_segment_count"", ""letter_count"", ""url_length"", ""token_mean_length"", ""query_length"", ""slash_count"", ""longest_repeated_char_run"", ""dot_count"", ""token_max_length"", ""hyphen_count"", ""question_mark_count"", ""query_parameter_count"", ""registrable_domain_length""]",0.95
0.26423042145424874,0.5258251355576957,unfiltered,,74,33288,0.9409237379162191,0.013528999999834923,2.9837020046831756e-07,0.24178794706023388,lr,20261010,35378,9965,45343,0.22018666018229263,0.2290696866532342,0.9925740090316106,r09,0.5088242536480144,S4-external,lr_c01,"{""C"": 0.1, ""class_weight"": null}",phiusiil,iscx_url2016_binary,0.95,2090,9891,f_permutation,15,"[""hostname_length"", ""path_length"", ""path_segment_count"", ""letter_count"", ""url_length"", ""token_mean_length"", ""query_length"", ""slash_count"", ""longest_repeated_char_run"", ""dot_count"", ""token_max_length"", ""hyphen_count"", ""question_mark_count"", ""query_parameter_count"", ""registrable_domain_length""]",0.95
0.2411990072528372,0.5212309287933,primary_domain_filtered,master,17,31474,0.955552856882628,0.0086259999999995,1.902388461283898e-07,0.2184397985693962,lr,20261010,32938,8563,41501,0.2195439706554077,0.2135432283858071,0.998014714469228,r09,0.5376315909442025,S4-external,lr_c1,"{""C"": 1.0, ""class_weight"": null}",phiusiil,iscx_url2016_binary,0.95,1464,8546,f_single,15,"[""hostname_length"", ""letter_count"", ""path_segment_count"", ""path_length"", ""url_length"", ""query_length"", ""slash_count"", ""dot_count"", ""token_mean_length"", ""question_mark_count"", ""token_max_length"", ""hyphen_count"", ""longest_repeated_char_run"", ""query_parameter_count"", ""special_char_ratio""]",0.95
0.2516375184703261,0.5197014455904048,unfiltered,master,20,33913,0.9585900842331392,0.0086259999999995,1.902388461283898e-07,0.2245140557024753,lr,20261010,35378,9965,45343,0.2297941343833104,0.2267545259701764,0.9979929754139488,r09,0.5276694432549084,S4-external,lr_c1,"{""C"": 1.0, ""class_weight"": null}",phiusiil,iscx_url2016_binary,0.95,1465,9945,f_single,15,"[""hostname_length"", ""letter_count"", ""path_segment_count"", ""path_length"", ""url_length"", ""query_length"", ""slash_count"", ""dot_count"", ""token_mean_length"", ""question_mark_count"", ""token_max_length"", ""hyphen_count"", ""longest_repeated_char_run"", ""query_parameter_count"", ""special_char_ratio""]",0.95
0.22678971591046,0.5121532677331264,primary_domain_filtered,master,17,32072,0.9737081790029752,0.0081388000000011,1.794940784685864e-07,0.19937168495964,lr,20261010,32938,8563,41501,0.2137259125950026,0.2103993303461519,0.998014714469228,r09,0.5216059800779934,S4-external,lr_c1,"{""C"": 1.0, ""class_weight"": null}",phiusiil,iscx_url2016_binary,0.91,866,8546,f_stable,14,"[""letter_count"", ""hostname_length"", ""path_length"", ""path_segment_count"", ""query_length"", ""url_length"", ""slash_count"", ""dot_count"", ""question_mark_count"", ""token_mean_length"", ""token_max_length"", ""query_parameter_count"", ""hyphen_count"", ""longest_repeated_char_run""]",0.91
0.2383388836204044,0.5110350299767316,unfiltered,master,24,34512,0.9755215105432756,0.0081388000000011,1.794940784685864e-07,0.2065563240982352,lr,20261010,35378,9965,45343,0.2242684222203407,0.2236294513306188,0.9975915704967386,r09,0.5126826219769647,S4-external,lr_c1,"{""C"": 1.0, ""class_weight"": null}",phiusiil,iscx_url2016_binary,0.91,866,9941,f_stable,14,"[""letter_count"", ""hostname_length"", ""path_length"", ""path_segment_count"", ""query_length"", ""url_length"", ""slash_count"", ""dot_count"", ""question_mark_count"", ""token_mean_length"", ""token_max_length"", ""query_parameter_count"", ""hyphen_count"", ""longest_repeated_char_run""]",0.91
0.2060914194838678,0.4994160924909494,primary_domain_filtered,master,10,32938,1.0,0.0842016999999941,1.856994464415548e-06,0.1708754545091301,rf,20261010,32938,8563,41501,0.1874958558797824,0.2061410908389771,0.9988321849818989,r09,0.4404222352234722,S4-external,rf_depth24_leaf2,"{""class_weight"": null, ""max_depth"": 24, ""max_features"": ""sqrt"", ""min_samples_leaf"": 2, ""n_estimators"": 200}",phiusiil,iscx_url2016_binary,0.79,0,8553,f_all,35,"[""url_length"", ""hostname_length"", ""path_length"", ""query_length"", ""fragment_length"", ""digit_count"", ""letter_count"", ""special_char_count"", ""digit_ratio"", ""letter_ratio"", ""special_char_ratio"", ""dot_count"", ""hyphen_count"", ""underscore_count"", ""slash_count"", ""question_mark_count"", ""equals_sign_count"", ""percent_sign_count"", ""at_sign_count"", ""subdomain_depth"", ""path_segment_count"", ""query_parameter_count"", ""has_port"", ""has_userinfo"", ""host_is_ip"", ""tld_length"", ""registrable_domain_length"", ""domain_digit_ratio"", ""domain_hyphen_ratio"", ""url_char_entropy"", ""longest_repeated_char_run"", ""char_type_transition_count"", ""token_count"", ""token_mean_length"", ""token_max_length""]",0.79
0.2195267185673643,0.4994480682388359,unfiltered,master,11,35378,1.0,0.0842016999999941,1.856994464415548e-06,0.1800097654483968,rf,20261010,35378,9965,45343,0.2003508185843658,0.2195799876466954,0.9988961364776718,r09,0.4415160960926701,S4-external,rf_depth24_leaf2,"{""class_weight"": null, ""max_depth"": 24, ""max_features"": ""sqrt"", ""min_samples_leaf"": 2, ""n_estimators"": 200}",phiusiil,iscx_url2016_binary,0.79,0,9954,f_all,35,"[""url_length"", ""hostname_length"", ""path_length"", ""query_length"", ""fragment_length"", ""digit_count"", ""letter_count"", ""special_char_count"", ""digit_ratio"", ""letter_ratio"", ""special_char_ratio"", ""dot_count"", ""hyphen_count"", ""underscore_count"", ""slash_count"", ""question_mark_count"", ""equals_sign_count"", ""percent_sign_count"", ""at_sign_count"", ""subdomain_depth"", ""path_segment_count"", ""query_parameter_count"", ""has_port"", ""has_userinfo"", ""host_is_ip"", ""tld_length"", ""registrable_domain_length"", ""domain_digit_ratio"", ""domain_hyphen_ratio"", ""url_char_entropy"", ""longest_repeated_char_run"", ""char_type_transition_count"", ""token_count"", ""token_mean_length"", ""token_max_length""]",0.79
0.20577817401990314,0.4986570127291837,primary_domain_filtered,,23,32938,1.0,0.049155400000017835,1.0840791301858685e-06,0.1706600587518235,rf,20261010,32938,8563,41501,0.20155267459548365,0.20589228024494913,0.9973140254583674,r09,0.485245261044026,S4-external,rf_depth16_leaf1,"{""class_weight"": null, ""max_depth"": 16, ""max_features"": ""sqrt"", ""min_samples_leaf"": 1, ""n_estimators"": 200}",phiusiil,iscx_url2016_binary,0.95,0,8540,f_mi,15,"[""longest_repeated_char_run"", ""subdomain_depth"", ""char_type_transition_count"", ""letter_ratio"", ""token_count"", ""special_char_count"", ""special_char_ratio"", ""path_segment_count"", ""path_length"", ""token_mean_length"", ""url_char_entropy"", ""url_length"", ""dot_count"", ""slash_count"", ""letter_count""]",0.95
0.21886509494299008,0.49794279979929756,unfiltered,,41,35378,1.0,0.049155400000017835,1.0840791301858685e-06,0.1795646588380046,rf,20261010,35378,9965,45343,0.21058182755132246,0.21906317601871883,0.9958855995985951,r09,0.4726345831303905,S4-external,rf_depth16_leaf1,"{""class_weight"": null, ""max_depth"": 16, ""max_features"": ""sqrt"", ""min_samples_leaf"": 1, ""n_estimators"": 200}",phiusiil,iscx_url2016_binary,0.95,0,9924,f_mi,15,"[""longest_repeated_char_run"", ""subdomain_depth"", ""char_type_transition_count"", ""letter_ratio"", ""token_count"", ""special_char_count"", ""special_char_ratio"", ""path_segment_count"", ""path_length"", ""token_mean_length"", ""url_char_entropy"", ""url_length"", ""dot_count"", ""slash_count"", ""letter_count""]",0.95
0.20609141948386786,0.4994160924909494,primary_domain_filtered,,10,32938,1.0,0.05372099999999591,1.1847694241668154e-06,0.17087545450913014,rf,20261010,32938,8563,41501,0.1950408797487007,0.20614109083897714,0.9988321849818989,r09,0.46500163727396077,S4-external,rf_depth24_leaf2,"{""class_weight"": null, ""max_depth"": 24, ""max_features"": ""sqrt"", ""min_samples_leaf"": 2, ""n_estimators"": 200}",phiusiil,iscx_url2016_binary,0.73,0,8553,f_permutation,15,"[""longest_repeated_char_run"", ""hostname_length"", ""registrable_domain_length"", ""subdomain_depth"", ""token_max_length"", ""letter_ratio"", ""token_mean_length"", ""special_char_ratio"", ""url_length"", ""letter_count"", ""tld_length"", ""path_length"", ""path_segment_count"", ""token_count"", ""char_type_transition_count""]",0.73
0.2195487726881768,0.4994982438534872,unfiltered,,10,35378,1.0,0.05372099999999591,1.1847694241668154e-06,0.18002459401786683,rf,20261010,35378,9965,45343,0.20828219388325614,0.21959720292060972,0.9989964877069744,r09,0.4660554776246798,S4-external,rf_depth24_leaf2,"{""class_weight"": null, ""max_depth"": 24, ""max_features"": ""sqrt"", ""min_samples_leaf"": 2, ""n_estimators"": 200}",phiusiil,iscx_url2016_binary,0.73,0,9955,f_permutation,15,"[""longest_repeated_char_run"", ""hostname_length"", ""registrable_domain_length"", ""subdomain_depth"", ""token_max_length"", ""letter_ratio"", ""token_mean_length"", ""special_char_ratio"", ""url_length"", ""letter_count"", ""tld_length"", ""path_length"", ""path_segment_count"", ""token_count"", ""char_type_transition_count""]",0.73
0.2061155152887882,0.4994744832418545,primary_domain_filtered,master,9,32938,1.0,0.0723281,1.5951326555366872e-06,0.1708920187793427,rf,20261010,32938,8563,41501,0.1994582683052896,0.2061602236575725,0.998948966483709,r09,0.4784812355441764,S4-external,rf_depth24_leaf2,"{""class_weight"": null, ""max_depth"": 24, ""max_features"": ""sqrt"", ""min_samples_leaf"": 2, ""n_estimators"": 200}",phiusiil,iscx_url2016_binary,0.65,0,8554,f_single,15,"[""longest_repeated_char_run"", ""hostname_length"", ""subdomain_depth"", ""registrable_domain_length"", ""url_length"", ""letter_ratio"", ""token_mean_length"", ""path_length"", ""path_segment_count"", ""token_max_length"", ""special_char_ratio"", ""letter_count"", ""char_type_transition_count"", ""digit_count"", ""digit_ratio""]",0.65
0.2195708268089892,0.4995484194681385,unfiltered,master,9,35378,1.0,0.0723281,1.5951326555366872e-06,0.1800394220510316,rf,20261010,35378,9965,45343,0.2127428915571756,0.2196144174350377,0.999096838936277,r09,0.4790546124506041,S4-external,rf_depth24_leaf2,"{""class_weight"": null, ""max_depth"": 24, ""max_features"": ""sqrt"", ""min_samples_leaf"": 2, ""n_estimators"": 200}",phiusiil,iscx_url2016_binary,0.65,0,9956,f_single,15,"[""longest_repeated_char_run"", ""hostname_length"", ""subdomain_depth"", ""registrable_domain_length"", ""url_length"", ""letter_ratio"", ""token_mean_length"", ""path_length"", ""path_segment_count"", ""token_max_length"", ""special_char_ratio"", ""letter_count"", ""char_type_transition_count"", ""digit_count"", ""digit_ratio""]",0.65
0.2060914194838678,0.4994160924909494,primary_domain_filtered,master,10,32938,1.0,0.0759247000000016,1.674452506450866e-06,0.1708754545091301,rf,20261010,32938,8563,41501,0.1965342633453886,0.2061410908389771,0.9988321849818989,r09,0.4697947595419666,S4-external,rf_depth24_leaf2,"{""class_weight"": null, ""max_depth"": 24, ""max_features"": ""sqrt"", ""min_samples_leaf"": 2, ""n_estimators"": 200}",phiusiil,iscx_url2016_binary,0.7,0,8553,f_stable,14,"[""longest_repeated_char_run"", ""hostname_length"", ""subdomain_depth"", ""registrable_domain_length"", ""letter_ratio"", ""url_length"", ""path_length"", ""token_mean_length"", ""char_type_transition_count"", ""path_segment_count"", ""special_char_ratio"", ""token_max_length"", ""digit_count"", ""digit_ratio""]",0.7
0.2195267185673643,0.4994480682388359,unfiltered,master,11,35378,1.0,0.0759247000000016,1.674452506450866e-06,0.1800097654483968,rf,20261010,35378,9965,45343,0.2096406393987266,0.2195799876466954,0.9988961364776718,r09,0.4701960621574005,S4-external,rf_depth24_leaf2,"{""class_weight"": null, ""max_depth"": 24, ""max_features"": ""sqrt"", ""min_samples_leaf"": 2, ""n_estimators"": 200}",phiusiil,iscx_url2016_binary,0.7,0,9954,f_stable,14,"[""longest_repeated_char_run"", ""hostname_length"", ""subdomain_depth"", ""registrable_domain_length"", ""letter_ratio"", ""url_length"", ""path_length"", ""token_mean_length"", ""char_type_transition_count"", ""path_segment_count"", ""special_char_ratio"", ""token_max_length"", ""digit_count"", ""digit_ratio""]",0.7
0.2062118985084697,0.4997080462454747,primary_domain_filtered,master,5,32938,1.0,0.0281251000001248,6.202743532656595e-07,0.1709582692422941,xgb,20261010,32938,8563,41501,0.1149271575605239,0.2062367457104299,0.9994160924909494,r09,0.0655485744924055,S4-external,xgb_d6_lr01_balanced,"{""colsample_bytree"": 0.9, ""learning_rate"": 0.1, ""max_depth"": 6, ""n_estimators"": 200, ""reg_lambda"": 1.0, ""scale_pos_weight"": 1.3542448103078024, ""subsample"": 0.9}",phiusiil,iscx_url2016_binary,0.83,0,8558,f_all,35,"[""url_length"", ""hostname_length"", ""path_length"", ""query_length"", ""fragment_length"", ""digit_count"", ""letter_count"", ""special_char_count"", ""digit_ratio"", ""letter_ratio"", ""special_char_ratio"", ""dot_count"", ""hyphen_count"", ""underscore_count"", ""slash_count"", ""question_mark_count"", ""equals_sign_count"", ""percent_sign_count"", ""at_sign_count"", ""subdomain_depth"", ""path_segment_count"", ""query_parameter_count"", ""has_port"", ""has_userinfo"", ""host_is_ip"", ""tld_length"", ""registrable_domain_length"", ""domain_digit_ratio"", ""domain_hyphen_ratio"", ""url_char_entropy"", ""longest_repeated_char_run"", ""char_type_transition_count"", ""token_count"", ""token_mean_length"", ""token_max_length""]",0.83
0.2195928809298017,0.4995985950827897,unfiltered,master,8,35378,1.0,0.0281251000001248,6.202743532656595e-07,0.1800542495479204,xgb,20261010,35378,9965,45343,0.125354875226297,0.2196316311900298,0.9991971901655796,r09,0.0790555641108853,S4-external,xgb_d6_lr01_balanced,"{""colsample_bytree"": 0.9, ""learning_rate"": 0.1, ""max_depth"": 6, ""n_estimators"": 200, ""reg_lambda"": 1.0, ""scale_pos_weight"": 1.3542448103078024, ""subsample"": 0.9}",phiusiil,iscx_url2016_binary,0.83,0,9957,f_all,35,"[""url_length"", ""hostname_length"", ""path_length"", ""query_length"", ""fragment_length"", ""digit_count"", ""letter_count"", ""special_char_count"", ""digit_ratio"", ""letter_ratio"", ""special_char_ratio"", ""dot_count"", ""hyphen_count"", ""underscore_count"", ""slash_count"", ""question_mark_count"", ""equals_sign_count"", ""percent_sign_count"", ""at_sign_count"", ""subdomain_depth"", ""path_segment_count"", ""query_parameter_count"", ""has_port"", ""has_userinfo"", ""host_is_ip"", ""tld_length"", ""registrable_domain_length"", ""domain_digit_ratio"", ""domain_hyphen_ratio"", ""url_char_entropy"", ""longest_repeated_char_run"", ""char_type_transition_count"", ""token_count"", ""token_mean_length"", ""token_max_length""]",0.83
0.20592274884942532,0.49900735723461404,primary_domain_filtered,,17,32938,1.0,0.020091099999945072,4.430915466542812e-07,0.1707594860830819,xgb,20261010,32938,8563,41501,0.17733795744404612,0.20600713528107223,0.9980147144692281,r09,0.2827062571817982,S4-external,xgb_d6_lr005,"{""colsample_bytree"": 0.9, ""learning_rate"": 0.05, ""max_depth"": 6, ""n_estimators"": 250, ""reg_lambda"": 1.0, ""scale_pos_weight"": 1.0, ""subsample"": 0.9}",phiusiil,iscx_url2016_binary,0.94,0,8546,f_mi,15,"[""longest_repeated_char_run"", ""subdomain_depth"", ""char_type_transition_count"", ""letter_ratio"", ""token_count"", ""special_char_count"", ""special_char_ratio"", ""path_segment_count"", ""path_length"", ""token_mean_length"", ""url_char_entropy"", ""url_length"", ""dot_count"", ""slash_count"", ""letter_count""]",0.94
0.21890920318461504,0.4980431510286001,unfiltered,,39,35378,1.0,0.020091099999945072,4.430915466542812e-07,0.1795943476451537,xgb,20261010,35378,9965,45343,0.1817794902033295,0.21909765142150803,0.9960863020572002,r09,0.2595968613875173,S4-external,xgb_d6_lr005,"{""colsample_bytree"": 0.9, ""learning_rate"": 0.05, ""max_depth"": 6, ""n_estimators"": 250, ""reg_lambda"": 1.0, ""scale_pos_weight"": 1.0, ""subsample"": 0.9}",phiusiil,iscx_url2016_binary,0.94,0,9926,f_mi,15,"[""longest_repeated_char_run"", ""subdomain_depth"", ""char_type_transition_count"", ""letter_ratio"", ""token_count"", ""special_char_count"", ""special_char_ratio"", ""path_segment_count"", ""path_length"", ""token_mean_length"", ""url_char_entropy"", ""url_length"", ""dot_count"", ""slash_count"", ""letter_count""]",0.94
0.20628418592323078,0.4998832184981899,primary_domain_filtered,,2,32938,1.0,0.023568899999872883,5.197913680143105e-07,0.17100795014182413,xgb,20261010,32938,8563,41501,0.12024416843006076,0.20629412756933901,0.9997664369963798,r09,0.12127805763509253,S4-external,xgb_d6_lr01_balanced,"{""colsample_bytree"": 0.9, ""learning_rate"": 0.1, ""max_depth"": 6, ""n_estimators"": 200, ""reg_lambda"": 1.0, ""scale_pos_weight"": 1.3542448103078024, ""subsample"": 0.9}",phiusiil,iscx_url2016_binary,0.71,0,8561,f_permutation,15,"[""hostname_length"", ""url_length"", ""longest_repeated_char_run"", ""path_length"", ""token_max_length"", ""registrable_domain_length"", ""subdomain_depth"", ""digit_count"", ""slash_count"", ""char_type_transition_count"", ""tld_length"", ""domain_hyphen_ratio"", ""token_count"", ""dot_count"", ""path_segment_count""]",0.71
0.21972520565467657,0.4998996487706974,unfiltered,,2,35378,1.0,0.023568899999872883,5.197913680143105e-07,0.18014320326908473,xgb,20261010,35378,9965,45343,0.13309095549926536,0.21973489777464106,0.9997992975413948,r09,0.15774931577611356,S4-external,xgb_d6_lr01_balanced,"{""colsample_bytree"": 0.9, ""learning_rate"": 0.1, ""max_depth"": 6, ""n_estimators"": 200, ""reg_lambda"": 1.0, ""scale_pos_weight"": 1.3542448103078024, ""subsample"": 0.9}",phiusiil,iscx_url2016_binary,0.71,0,9963,f_permutation,15,"[""hostname_length"", ""url_length"", ""longest_repeated_char_run"", ""path_length"", ""token_max_length"", ""registrable_domain_length"", ""subdomain_depth"", ""digit_count"", ""slash_count"", ""char_type_transition_count"", ""tld_length"", ""domain_hyphen_ratio"", ""token_count"", ""dot_count"", ""path_segment_count""]",0.71
0.2062841859232307,0.4998832184981899,primary_domain_filtered,master,2,32938,1.0,0.0257594999999994,5.68103125068908e-07,0.1710079501418241,xgb,20261010,32938,8563,41501,0.1155869986981679,0.206294127569339,0.9997664369963798,r09,0.0715488047226441,S4-external,xgb_d6_lr01_balanced,"{""colsample_bytree"": 0.9, ""learning_rate"": 0.1, ""max_depth"": 6, ""n_estimators"": 200, ""reg_lambda"": 1.0, ""scale_pos_weight"": 1.3542448103078024, ""subsample"": 0.9}",phiusiil,iscx_url2016_binary,0.75,0,8561,f_single,15,"[""hostname_length"", ""longest_repeated_char_run"", ""url_length"", ""path_length"", ""subdomain_depth"", ""token_max_length"", ""registrable_domain_length"", ""dot_count"", ""char_type_transition_count"", ""letter_ratio"", ""token_mean_length"", ""digit_count"", ""letter_count"", ""slash_count"", ""special_char_ratio""]",0.75
0.2196810974130516,0.4997992975413949,unfiltered,master,4,35378,1.0,0.0257594999999994,5.68103125068908e-07,0.1801135541732967,xgb,20261010,35378,9965,45343,0.1262877552881068,0.2197004786166435,0.9995985950827898,r09,0.0807557995184514,S4-external,xgb_d6_lr01_balanced,"{""colsample_bytree"": 0.9, ""learning_rate"": 0.1, ""max_depth"": 6, ""n_estimators"": 200, ""reg_lambda"": 1.0, ""scale_pos_weight"": 1.3542448103078024, ""subsample"": 0.9}",phiusiil,iscx_url2016_binary,0.75,0,9961,f_single,15,"[""hostname_length"", ""longest_repeated_char_run"", ""url_length"", ""path_length"", ""subdomain_depth"", ""token_max_length"", ""registrable_domain_length"", ""dot_count"", ""char_type_transition_count"", ""letter_ratio"", ""token_mean_length"", ""digit_count"", ""letter_count"", ""slash_count"", ""special_char_ratio""]",0.75
0.2063082817281511,0.4999416092490949,primary_domain_filtered,master,1,32938,1.0,0.0257082000000004,5.669717486712481e-07,0.1710245091185106,xgb,20261010,32938,8563,41501,0.1151734433958357,0.2063132530120482,0.9998832184981898,r09,0.0671012245876052,S4-external,xgb_d6_lr01_balanced,"{""colsample_bytree"": 0.9, ""learning_rate"": 0.1, ""max_depth"": 6, ""n_estimators"": 200, ""reg_lambda"": 1.0, ""scale_pos_weight"": 1.3542448103078024, ""subsample"": 0.9}",phiusiil,iscx_url2016_binary,0.73,0,8562,f_stable,15,"[""hostname_length"", ""longest_repeated_char_run"", ""url_length"", ""path_length"", ""registrable_domain_length"", ""subdomain_depth"", ""token_max_length"", ""char_type_transition_count"", ""dot_count"", ""token_mean_length"", ""letter_ratio"", ""digit_count"", ""letter_count"", ""slash_count"", ""special_char_ratio""]",0.73
0.2197031515338641,0.4998494731560461,unfiltered,master,3,35378,1.0,0.0257082000000004,5.669717486712481e-07,0.1801283789892414,xgb,20261010,35378,9965,45343,0.1257863097178679,0.2197176885752095,0.9996989463120924,r09,0.0784792990629167,S4-external,xgb_d6_lr01_balanced,"{""colsample_bytree"": 0.9, ""learning_rate"": 0.1, ""max_depth"": 6, ""n_estimators"": 200, ""reg_lambda"": 1.0, ""scale_pos_weight"": 1.3542448103078024, ""subsample"": 0.9}",phiusiil,iscx_url2016_binary,0.73,0,9962,f_stable,15,"[""hostname_length"", ""longest_repeated_char_run"", ""url_length"", ""path_length"", ""registrable_domain_length"", ""subdomain_depth"", ""token_max_length"", ""char_type_transition_count"", ""dot_count"", ""token_mean_length"", ""letter_ratio"", ""digit_count"", ""letter_count"", ""slash_count"", ""special_char_ratio""]",0.73
