accuracy,balanced_accuracy,corpus_version,dataset,dataset_display,fn,fp,fpr,inference_seconds,inference_seconds_per_sample,macro_f1,model,model_seed,n_benign,n_phishing,n_samples,partition_seed,pr_auc,precision,recall,repetition,roc_auc,scenario,scenario_key,selected_candidate,selected_params_json,threshold,tn,total_run_seconds,tp,tuning_seconds,validation_macro_f1,validation_roc_auc,feature_set,n_features,feature_names_json,shap_setup_seconds,shap_explain_seconds,shap_cohort_size,shap_background_size,shap_seconds_per_sample,model_output_scale,brier_score,ece_15,inverted_roc_auc,log_loss,model_classes_json,persisted_roc_auc,persisted_pr_auc,roc_auc_persistence_difference,pr_auc_persistence_difference,threshold_prediction_mismatches_after_persistence,prediction_path
0.9909870620729756,0.979936224623166,master,iscx_url2016_binary,ISCX-URL2016-binary,59,3,0.0005567928730512,0.007662099999834,1.1138392207928516e-06,0.9865434408163554,lr,20261001,5388,1491,6879,20260902.0,0.990564662628978,0.9979094076655052,0.960429242119383,r00,0.9949268737891342,S3-domain,s3,lr_c1,"{""C"": 1.0, ""class_weight"": null}",0.86,5385,5.062369100000069,1432,5.027677399999902,0.7506881356534181,0.807189342563085,f_all,35,"[""url_length"", ""hostname_length"", ""path_length"", ""query_length"", ""fragment_length"", ""digit_count"", ""letter_count"", ""special_char_count"", ""digit_ratio"", ""letter_ratio"", ""special_char_ratio"", ""dot_count"", ""hyphen_count"", ""underscore_count"", ""slash_count"", ""question_mark_count"", ""equals_sign_count"", ""percent_sign_count"", ""at_sign_count"", ""subdomain_depth"", ""path_segment_count"", ""query_parameter_count"", ""has_port"", ""has_userinfo"", ""host_is_ip"", ""tld_length"", ""registrable_domain_length"", ""domain_digit_ratio"", ""domain_hyphen_ratio"", ""url_char_entropy"", ""longest_repeated_char_run"", ""char_type_transition_count"", ""token_count"", ""token_mean_length"", ""token_max_length""]",0.0011488000000099,0.0050593999999364,200.0,200.0,2.5296999999682e-05,raw_log_odds,0.060837931535569205,0.0868512413345832,0.005073126210865789,0.16403645624763674,,0.9949268737891344,0.9905646626289778,1.1102230246251565e-16,-2.220446049250313e-16,0,${EXPERIMENT_ROOT}\part4_baseline_models\predictions\internal\iscx_url2016_binary\s3\r00\lr.parquet
0.9927315016717546,0.9866283820219012,,iscx_url2016_binary,,36,14,0.0025983667409057,0.001635399999941,2.377380433116733e-07,0.9892388104904312,lr,20261001,5388,1491,6879,,0.9927192408634952,0.9904697072838666,0.9758551307847082,r00,0.9958490114156854,S3-domain,s3,lr_c1,"{""C"": 1.0, ""class_weight"": null}",0.73,5374,,1455,3.3019044999996368,0.7465034990323145,0.7839510291707161,f_dcss_10,10,"[""subdomain_depth"", ""token_count"", ""char_type_transition_count"", ""dot_count"", ""hyphen_count"", ""special_char_count"", ""registrable_domain_length"", ""slash_count"", ""url_length"", ""special_char_ratio""]",,,,,,,0.046817433647752524,0.0769456894282071,0.0041509885843146,0.13228069600887868,"[0, 1]",0.9958490114156854,0.9927192408634951,0.0,-1.1102230246251565e-16,0,${EXPERIMENT_ROOT}\part11_dcss_innovation\predictions\main_comparison\internal\iscx_url2016_binary\s3\r00\lr\f_dcss_10.parquet
0.98430004361099,0.97688021223107,,iscx_url2016_binary,,54,54,0.010022271714922,0.0026254000000012,3.816543102196862e-07,0.97688021223107,lr,20261001,5388,1491,6879,,0.987616586829698,0.9637826961770624,0.9637826961770624,r00,0.9936431257677218,S3-domain,s3,lr_c1,"{""C"": 1.0, ""class_weight"": null}",0.84,5334,,1437,4.145272500000001,0.7493418287206035,0.7961335698793578,f_dcss_15,15,"[""subdomain_depth"", ""token_count"", ""char_type_transition_count"", ""dot_count"", ""hyphen_count"", ""special_char_count"", ""registrable_domain_length"", ""slash_count"", ""url_length"", ""percent_sign_count"", ""tld_length"", ""special_char_ratio"", ""letter_count"", ""digit_ratio"", ""equals_sign_count""]",,,,,,,0.07581820292168014,0.09842223460913697,0.006356874232278103,0.20254189611445095,"[0, 1]",0.9936431257677218,0.9876165868296979,0.0,-1.1102230246251565e-16,0,${EXPERIMENT_ROOT}\part11_dcss_innovation\predictions\main_comparison\internal\iscx_url2016_binary\s3\r00\lr\f_dcss_15.parquet
0.9880796627416776,0.9792929813476254,,iscx_url2016_binary,,54,28,0.0051967334818114,0.0021655000000464,3.1479866260306e-07,0.982334311868774,lr,20261001,5388,1491,6879,,0.98955868843339,0.9808873720136518,0.9637826961770624,r00,0.994512484458844,S3-domain,s3,lr_c1,"{""C"": 1.0, ""class_weight"": null}",0.84,5360,,1437,3.6982026000000583,0.7505277198929288,0.8043041201515896,f_dcss_20,20,"[""subdomain_depth"", ""token_count"", ""char_type_transition_count"", ""dot_count"", ""hyphen_count"", ""special_char_count"", ""registrable_domain_length"", ""slash_count"", ""percent_sign_count"", ""special_char_ratio"", ""url_length"", ""letter_count"", ""tld_length"", ""digit_ratio"", ""equals_sign_count"", ""domain_hyphen_ratio"", ""question_mark_count"", ""url_char_entropy"", ""query_length"", ""domain_digit_ratio""]",,,,,,,0.06802910272914421,0.09213725379771597,0.0054875155411558685,0.18250636666513853,"[0, 1]",0.994512484458844,0.98955868843339,0.0,0.0,0,${EXPERIMENT_ROOT}\part11_dcss_innovation\predictions\main_comparison\internal\iscx_url2016_binary\s3\r00\lr\f_dcss_20.parquet
0.9914231719726704,0.9804571676532844,,iscx_url2016_binary,,58,1,0.0001855976243504,0.0015391000000004,2.2373891554011625e-07,0.9871913692018928,lr,20261001,5388,1491,6879,,0.9956303093501858,0.999302649930265,0.9610999329309188,r00,0.9972085669174662,S3-domain,s3,lr_c1,"{""C"": 1.0, ""class_weight"": null}",0.86,5387,,1433,4.3873457,0.7453312979801332,0.7834631372284383,f_mi,15,"[""url_length"", ""subdomain_depth"", ""token_count"", ""special_char_count"", ""path_length"", ""hostname_length"", ""dot_count"", ""char_type_transition_count"", ""hyphen_count"", ""token_mean_length"", ""special_char_ratio"", ""digit_ratio"", ""letter_ratio"", ""longest_repeated_char_run"", ""letter_count""]",,,,,,,0.009982365199981707,0.030766311197681206,0.002791433082533806,0.0504639096304302,,0.9972085669174662,0.9956303093501858,0.0,0.0,0,${EXPERIMENT_ROOT}\part8_traditional_baselines_and_error_analysis\predictions\internal\iscx_url2016_binary\s3\r00\lr\f_mi.parquet
0.9443233028056404,0.9557263775675582,,iscx_url2016_binary,,36,347,0.0644023756495916,0.0012019000000691,1.7472016282441417e-07,0.9235472485106097,lr,20261001,5388,1491,6879,,0.9889710554992026,0.8074361820199778,0.9758551307847082,r00,0.9942132378532516,S3-domain,s3,lr_c1,"{""C"": 1.0, ""class_weight"": null}",0.8,5041,,1455,3.1499118000001545,0.7502288373527879,0.7988659161186606,f_permutation,15,"[""subdomain_depth"", ""dot_count"", ""token_count"", ""char_type_transition_count"", ""slash_count"", ""hyphen_count"", ""special_char_ratio"", ""tld_length"", ""registrable_domain_length"", ""query_length"", ""equals_sign_count"", ""special_char_count"", ""letter_count"", ""url_length"", ""question_mark_count""]",,,,,,,0.0826499612938146,0.1029746396881725,0.0057867621467483435,0.22189883348302822,,0.9942132378532516,0.9889710554992026,0.0,0.0,0,${EXPERIMENT_ROOT}\part8_traditional_baselines_and_error_analysis\predictions\internal\iscx_url2016_binary\s3\r00\lr\f_permutation.parquet
0.9944759412705336,0.9879845143615964,,iscx_url2016_binary,,35,3,0.0005567928730512,0.0012547999999981,1.8241023404537185e-07,0.9918013649650604,lr,20261001,5388,1491,6879,20260902.0,0.992147640044904,0.997943797121316,0.976525821596244,r00,0.9954353689571228,S3-domain,s3,lr_c1,"{""C"": 1.0, ""class_weight"": null}",0.76,5385,4.0293782,1456,3.826732100000001,0.7494576127096759,0.8025847677562459,f_single,15,"[""subdomain_depth"", ""token_count"", ""dot_count"", ""registrable_domain_length"", ""hyphen_count"", ""char_type_transition_count"", ""special_char_count"", ""slash_count"", ""question_mark_count"", ""equals_sign_count"", ""special_char_ratio"", ""query_length"", ""letter_count"", ""domain_hyphen_ratio"", ""path_length""]",0.0016120999999991,0.0062409999999992,200.0,200.0,3.120499999999637e-05,raw_log_odds,0.04813188966498935,0.07833344382095822,0.00456463104287691,0.13637398344429066,,0.995435368957123,0.992147640044904,2.220446049250313e-16,0.0,0,${EXPERIMENT_ROOT}\part6_stable_feature_selection\predictions\iscx_url2016_binary\s3\r00\lr\f_single.parquet
0.9934583515045792,0.9892752954251118,,iscx_url2016_binary,,27,18,0.0033407572383073,0.0012321000000028,1.791103358050363e-07,0.9903456561066286,lr,20261001,5388,1491,6879,20260902.0,0.992853378661097,0.9878542510121456,0.9818913480885312,r00,0.9957211718716156,S3-domain,s3,lr_c1,"{""C"": 1.0, ""class_weight"": null}",0.67,5370,4.5006588,1464,4.320436300000001,0.7483884378959338,0.7966220924989137,f_stable,11,"[""subdomain_depth"", ""token_count"", ""dot_count"", ""registrable_domain_length"", ""char_type_transition_count"", ""special_char_count"", ""hyphen_count"", ""slash_count"", ""equals_sign_count"", ""special_char_ratio"", ""question_mark_count""]",0.0008076999999957,0.0053454999999971,200.0,200.0,2.672749999998558e-05,raw_log_odds,0.04273006482529358,0.07408450524190344,0.0042788281283842634,0.12483151509882638,,0.9957211718716157,0.992853378661097,1.1102230246251565e-16,0.0,0,${EXPERIMENT_ROOT}\part6_stable_feature_selection\predictions\iscx_url2016_binary\s3\r00\lr\f_stable.parquet
0.998691670300916,0.9969818913480886,master,iscx_url2016_binary,ISCX-URL2016-binary,9,0,0.0,0.0480974000001879,6.9919174298863085e-06,0.9980691312213256,rf,20261001,5388,1491,6879,20260902.0,0.9999791813144294,1.0,0.993963782696177,r00,0.9999941495047991,S3-domain,s3,rf_unlimited_leaf5_balanced,"{""class_weight"": ""balanced_subsample"", ""max_depth"": null, ""max_features"": ""sqrt"", ""min_samples_leaf"": 5, ""n_estimators"": 200}",0.73,5388,8.816732299999785,1482,8.749395999999706,0.998066511046646,0.9991497208937706,f_all,35,"[""url_length"", ""hostname_length"", ""path_length"", ""query_length"", ""fragment_length"", ""digit_count"", ""letter_count"", ""special_char_count"", ""digit_ratio"", ""letter_ratio"", ""special_char_ratio"", ""dot_count"", ""hyphen_count"", ""underscore_count"", ""slash_count"", ""question_mark_count"", ""equals_sign_count"", ""percent_sign_count"", ""at_sign_count"", ""subdomain_depth"", ""path_segment_count"", ""query_parameter_count"", ""has_port"", ""has_userinfo"", ""host_is_ip"", ""tld_length"", ""registrable_domain_length"", ""domain_digit_ratio"", ""domain_hyphen_ratio"", ""url_char_entropy"", ""longest_repeated_char_run"", ""char_type_transition_count"", ""token_count"", ""token_mean_length"", ""token_max_length""]",0.0118328999997174,3.1985829000000194,200.0,200.0,0.0159929145,positive_class_probability,0.01613871439492316,0.06037716758396671,5.850495200851255e-06,0.07118817709526153,,0.9999941495047991,0.9999791813144294,0.0,0.0,0,${EXPERIMENT_ROOT}\part4_baseline_models\predictions\internal\iscx_url2016_binary\s3\r00\rf.parquet
0.9947666812036632,0.987927565392354,,iscx_url2016_binary,,36,0,0.0,0.0440397000002121,6.4020497165594096e-06,0.9922252034964544,rf,20261001,5388,1491,6879,,0.9994167485706904,1.0,0.9758551307847082,r00,0.9997225371531342,S3-domain,s3,rf_unlimited_leaf5_balanced,"{""class_weight"": ""balanced_subsample"", ""max_depth"": null, ""max_features"": ""sqrt"", ""min_samples_leaf"": 5, ""n_estimators"": 200}",0.85,5388,,1455,6.332659100000001,0.9959102885206242,0.9983797900727612,f_dcss_10,10,"[""subdomain_depth"", ""url_length"", ""dot_count"", ""hyphen_count"", ""path_length"", ""hostname_length"", ""token_count"", ""longest_repeated_char_run"", ""special_char_count"", ""token_max_length""]",,,,,,,0.004004714638785495,0.023565956982489415,0.00027746284686590213,0.027143907989571923,"[0, 1]",0.9997225371531342,0.9994167485706904,0.0,0.0,0,${EXPERIMENT_ROOT}\part11_dcss_innovation\predictions\main_comparison\internal\iscx_url2016_binary\s3\r00\rf\f_dcss_10.parquet
0.9994185201337404,0.9986586183769282,,iscx_url2016_binary,,4,0,0.0,0.0472763000002487,6.872554150348705e-06,0.9991428795707794,rf,20261001,5388,1491,6879,,0.999881180337762,1.0,0.9973172367538564,r00,0.9999643991143098,S3-domain,s3,rf_depth24_leaf2,"{""class_weight"": null, ""max_depth"": 24, ""max_features"": ""sqrt"", ""min_samples_leaf"": 2, ""n_estimators"": 200}",0.66,5388,,1487,6.563655800000106,0.998066511046646,0.9985481809059932,f_dcss_15,15,"[""subdomain_depth"", ""url_length"", ""dot_count"", ""hyphen_count"", ""path_length"", ""hostname_length"", ""token_count"", ""longest_repeated_char_run"", ""special_char_count"", ""token_max_length"", ""letter_count"", ""slash_count"", ""token_mean_length"", ""char_type_transition_count"", ""digit_count""]",,,,,,,0.009003696935202187,0.04122662518923217,3.560088569028622e-05,0.04753411180878169,"[0, 1]",0.9999643991143098,0.9998811803377619,0.0,-1.1102230246251565e-16,0,${EXPERIMENT_ROOT}\part11_dcss_innovation\predictions\main_comparison\internal\iscx_url2016_binary\s3\r00\rf\f_dcss_15.parquet
0.9975287105683964,0.994299128101945,,iscx_url2016_binary,,17,0,0.0,0.0362443999997594,5.268847216130176e-06,0.9963456734261432,rf,20261001,5388,1491,6879,,0.9999738091869822,1.0,0.98859825620389,r00,0.9999926557613436,S3-domain,s3,rf_depth24_leaf2,"{""class_weight"": null, ""max_depth"": 24, ""max_features"": ""sqrt"", ""min_samples_leaf"": 2, ""n_estimators"": 200}",0.71,5388,,1474,7.130783399999928,0.998066511046646,0.9986807492698336,f_dcss_20,20,"[""subdomain_depth"", ""url_length"", ""dot_count"", ""hyphen_count"", ""path_length"", ""hostname_length"", ""token_count"", ""longest_repeated_char_run"", ""special_char_count"", ""token_max_length"", ""letter_count"", ""slash_count"", ""char_type_transition_count"", ""token_mean_length"", ""digit_count"", ""registrable_domain_length"", ""digit_ratio"", ""special_char_ratio"", ""question_mark_count"", ""percent_sign_count""]",,,,,,,0.008999111306273474,0.04071338215291028,7.344238656387715e-06,0.04693676790471119,"[0, 1]",0.9999926557613436,0.9999738091869822,0.0,0.0,0,${EXPERIMENT_ROOT}\part11_dcss_innovation\predictions\main_comparison\internal\iscx_url2016_binary\s3\r00\rf\f_dcss_20.parquet
0.9925861317051896,0.9828973843058352,,iscx_url2016_binary,,51,0,0.0,0.0426270000002659,6.196685564800986e-06,0.9889446745923772,rf,20261001,5388,1491,6879,,0.9999411373778728,1.0,0.96579476861167,r00,0.9999831953861252,S3-domain,s3,rf_depth16_leaf1,"{""class_weight"": null, ""max_depth"": 16, ""max_features"": ""sqrt"", ""min_samples_leaf"": 1, ""n_estimators"": 200}",0.82,5388,,1440,6.459810400000151,0.9959201580083552,0.9980856421902916,f_mi,15,"[""url_length"", ""subdomain_depth"", ""token_count"", ""special_char_count"", ""path_length"", ""hostname_length"", ""dot_count"", ""char_type_transition_count"", ""hyphen_count"", ""token_mean_length"", ""special_char_ratio"", ""digit_ratio"", ""letter_ratio"", ""longest_repeated_char_run"", ""letter_count""]",,,,,,,0.002320315352419977,0.014605185727654553,1.6804613874785535e-05,0.0172279972080575,,0.9999831953861253,0.9999411373778727,1.1102230246251565e-16,-1.1102230246251565e-16,0,${EXPERIMENT_ROOT}\part8_traditional_baselines_and_error_analysis\predictions\internal\iscx_url2016_binary\s3\r00\rf\f_mi.parquet
0.9997092600668702,0.999329309188464,,iscx_url2016_binary,,2,0,0.0,0.0417120000001887,6.063672045382863e-06,0.9995716479380692,rf,20261001,5388,1491,6879,,0.9994715538500698,1.0,0.9986586183769284,r00,0.9997587604319308,S3-domain,s3,rf_unlimited_leaf5_balanced,"{""class_weight"": ""balanced_subsample"", ""max_depth"": null, ""max_features"": ""sqrt"", ""min_samples_leaf"": 5, ""n_estimators"": 200}",0.62,5388,,1489,5.829562200000055,0.9989268745006724,0.9992077432033486,f_permutation,15,"[""url_length"", ""subdomain_depth"", ""dot_count"", ""hostname_length"", ""path_length"", ""hyphen_count"", ""token_max_length"", ""slash_count"", ""longest_repeated_char_run"", ""tld_length"", ""question_mark_count"", ""domain_digit_ratio"", ""host_is_ip"", ""path_segment_count"", ""token_count""]",,,,,,,0.01991950905381848,0.06748384620421137,0.00024123956806914242,0.08115263158878319,,0.9997587604319308,0.9994715538500698,0.0,0.0,0,${EXPERIMENT_ROOT}\part8_traditional_baselines_and_error_analysis\predictions\internal\iscx_url2016_binary\s3\r00\rf\f_permutation.parquet
0.9992731501671754,0.9983232729711604,,iscx_url2016_binary,,5,0,0.0,0.0477445999999872,6.940630905653039e-06,0.998928338982753,rf,20261001,5388,1491,6879,20260902.0,0.999791616051138,1.0,0.9966465459423206,r00,0.9999309143651812,S3-domain,s3,rf_unlimited_leaf5_balanced,"{""class_weight"": ""balanced_subsample"", ""max_depth"": null, ""max_features"": ""sqrt"", ""min_samples_leaf"": 5, ""n_estimators"": 200}",0.72,5388,11.762366100000008,1486,8.804552399999977,0.9980674432671156,0.9990206843226872,f_single,15,"[""subdomain_depth"", ""url_length"", ""dot_count"", ""hyphen_count"", ""path_length"", ""hostname_length"", ""longest_repeated_char_run"", ""special_char_count"", ""token_count"", ""char_type_transition_count"", ""token_max_length"", ""slash_count"", ""digit_count"", ""letter_count"", ""token_mean_length""]",0.0172198000000207,2.700737900000007,200.0,200.0,0.0135036895,positive_class_probability,0.01305944196376374,0.051516813758019385,6.908563481856248e-05,0.06049696648428989,,0.9999309143651813,0.9997916160511381,1.1102230246251565e-16,1.1102230246251565e-16,0,${EXPERIMENT_ROOT}\part6_stable_feature_selection\predictions\iscx_url2016_binary\s3\r00\rf\f_single.parquet
0.9995638901003052,0.998993963782696,,iscx_url2016_binary,,3,0,0.0,0.0469343999999978,6.822852158743687e-06,0.9993573158505308,rf,20261001,5388,1491,6879,20260902.0,0.9998244959053796,1.0,0.9979879275653925,r00,0.9999406236976424,S3-domain,s3,rf_depth16_leaf1,"{""class_weight"": null, ""max_depth"": 16, ""max_features"": ""sqrt"", ""min_samples_leaf"": 1, ""n_estimators"": 200}",0.65,5388,10.7523951,1488,7.238502299999993,0.998066511046646,0.9987744679133476,f_stable,15,"[""subdomain_depth"", ""url_length"", ""dot_count"", ""hyphen_count"", ""path_length"", ""hostname_length"", ""token_count"", ""longest_repeated_char_run"", ""special_char_count"", ""token_max_length"", ""letter_count"", ""char_type_transition_count"", ""slash_count"", ""token_mean_length"", ""digit_count""]",0.0136942000000033,3.286524799999995,200.0,200.0,0.0164326239999999,positive_class_probability,0.007751791913674716,0.03705048843699636,5.937630235757529e-05,0.0424366817539485,,0.9999406236976425,0.9998244959053795,1.1102230246251565e-16,-1.1102230246251565e-16,0,${EXPERIMENT_ROOT}\part6_stable_feature_selection\predictions\iscx_url2016_binary\s3\r00\rf\f_stable.parquet
0.9997092600668702,0.999329309188464,master,iscx_url2016_binary,ISCX-URL2016-binary,2,0,0.0,0.0077089000001251,1.1206425352704086e-06,0.9995716479380692,xgb,20261001,5388,1491,6879,20260902.0,0.9999991006491626,1.0,0.9986586183769284,r00,0.9999997510427574,S3-domain,s3,xgb_d6_lr01_balanced,"{""colsample_bytree"": 0.9, ""learning_rate"": 0.1, ""max_depth"": 6, ""n_estimators"": 200, ""reg_lambda"": 1.0, ""scale_pos_weight"": 3.537326264507809, ""subsample"": 0.9}",0.91,5388,5.082260000000133,1489,5.046843099999933,0.9989268745006724,0.999186930853174,f_all,35,"[""url_length"", ""hostname_length"", ""path_length"", ""query_length"", ""fragment_length"", ""digit_count"", ""letter_count"", ""special_char_count"", ""digit_ratio"", ""letter_ratio"", ""special_char_ratio"", ""dot_count"", ""hyphen_count"", ""underscore_count"", ""slash_count"", ""question_mark_count"", ""equals_sign_count"", ""percent_sign_count"", ""at_sign_count"", ""subdomain_depth"", ""path_segment_count"", ""query_parameter_count"", ""has_port"", ""has_userinfo"", ""host_is_ip"", ""tld_length"", ""registrable_domain_length"", ""domain_digit_ratio"", ""domain_hyphen_ratio"", ""url_char_entropy"", ""longest_repeated_char_run"", ""char_type_transition_count"", ""token_count"", ""token_mean_length"", ""token_max_length""]",0.0384644000000662,0.025604899999962,200.0,200.0,0.0001280244999998,raw_margin,0.0005144344649798844,0.002890548007927593,2.4895724258945947e-07,0.003432649901405747,,0.9999997510427574,0.9999991006491626,0.0,0.0,0,${EXPERIMENT_ROOT}\part4_baseline_models\predictions\internal\iscx_url2016_binary\s3\r00\xgb.parquet
0.9991277802006104,0.9979879275653925,,iscx_url2016_binary,,6,0,0.0,0.0087247000001298,1.2683093473077213e-06,0.9987136939702372,xgb,20261001,5388,1491,6879,,0.9998344026397028,1.0,0.9959758551307848,r00,0.9999436111845535,S3-domain,s3,xgb_d6_lr005,"{""colsample_bytree"": 0.9, ""learning_rate"": 0.05, ""max_depth"": 6, ""n_estimators"": 250, ""reg_lambda"": 1.0, ""scale_pos_weight"": 1.0, ""subsample"": 0.9}",0.94,5388,,1485,4.539059200000338,0.997204483518255,0.9993009573050404,f_dcss_10,10,"[""subdomain_depth"", ""url_length"", ""dot_count"", ""hostname_length"", ""hyphen_count"", ""token_mean_length"", ""token_max_length"", ""path_length"", ""slash_count"", ""longest_repeated_char_run""]",,,,,,,0.0005767705166917314,0.0032728720640371476,5.63888154465023e-05,0.004901720313585021,"[0, 1]",0.9999436111845535,0.9998344026397027,0.0,-1.1102230246251565e-16,0,${EXPERIMENT_ROOT}\part11_dcss_innovation\predictions\main_comparison\internal\iscx_url2016_binary\s3\r00\xgb\f_dcss_10.parquet
0.9997092600668702,0.999329309188464,,iscx_url2016_binary,,2,0,0.0,0.0087957000000642,1.2786306149242976e-06,0.9995716479380692,xgb,20261001,5388,1491,6879,,0.9999827219131958,1.0,0.9986586183769284,r00,0.9999951453337697,S3-domain,s3,xgb_d6_lr005,"{""colsample_bytree"": 0.9, ""learning_rate"": 0.05, ""max_depth"": 6, ""n_estimators"": 250, ""reg_lambda"": 1.0, ""scale_pos_weight"": 1.0, ""subsample"": 0.9}",0.71,5388,,1489,4.367896200000359,0.9989268745006724,0.9993251753125164,f_dcss_15,15,"[""subdomain_depth"", ""url_length"", ""dot_count"", ""hostname_length"", ""hyphen_count"", ""token_max_length"", ""token_mean_length"", ""longest_repeated_char_run"", ""path_length"", ""slash_count"", ""tld_length"", ""digit_ratio"", ""token_count"", ""url_char_entropy"", ""path_segment_count""]",,,,,,,0.0005967755598325203,0.00387622253657766,4.854666230493566e-06,0.004807566744163025,"[0, 1]",0.9999951453337695,0.9999827219131958,-1.1102230246251565e-16,0.0,0,${EXPERIMENT_ROOT}\part11_dcss_innovation\predictions\main_comparison\internal\iscx_url2016_binary\s3\r00\xgb\f_dcss_15.parquet
0.9997092600668702,0.999329309188464,,iscx_url2016_binary,,2,0,0.0,0.0075564000003396,1.0984736154004412e-06,0.9995716479380692,xgb,20261001,5388,1491,6879,,0.9999995504753274,1.0,0.9986586183769284,r00,0.9999998755213788,S3-domain,s3,xgb_d6_lr01_balanced,"{""colsample_bytree"": 0.9, ""learning_rate"": 0.1, ""max_depth"": 6, ""n_estimators"": 200, ""reg_lambda"": 1.0, ""scale_pos_weight"": 3.537326264507809, ""subsample"": 0.9}",0.9,5388,,1489,4.641086100000393,0.9989268745006724,0.9993032277432412,f_dcss_20,20,"[""subdomain_depth"", ""url_length"", ""dot_count"", ""hostname_length"", ""hyphen_count"", ""token_max_length"", ""token_mean_length"", ""longest_repeated_char_run"", ""path_length"", ""slash_count"", ""tld_length"", ""digit_ratio"", ""token_count"", ""registrable_domain_length"", ""url_char_entropy"", ""path_segment_count"", ""special_char_ratio"", ""percent_sign_count"", ""char_type_transition_count"", ""letter_count""]",,,,,,,0.0005577146268682841,0.0034605140521541573,1.2447862129472973e-07,0.003935484396146189,"[0, 1]",0.9999998755213787,0.9999995504753274,-1.1102230246251565e-16,0.0,0,${EXPERIMENT_ROOT}\part11_dcss_innovation\predictions\main_comparison\internal\iscx_url2016_binary\s3\r00\xgb\f_dcss_20.parquet
0.9941852013374036,0.9865861837692824,,iscx_url2016_binary,,40,0,0.0,0.0104962000000341,1.5258322430635485e-06,0.9913527910409936,xgb,20261001,5388,1491,6879,,0.9999044115738932,1.0,0.9731723675385648,r00,0.999972490224694,S3-domain,s3,xgb_d4_lr005,"{""colsample_bytree"": 0.9, ""learning_rate"": 0.05, ""max_depth"": 4, ""n_estimators"": 300, ""reg_lambda"": 1.0, ""scale_pos_weight"": 1.0, ""subsample"": 0.9}",0.95,5388,,1451,5.383417000000009,0.9816950521709862,0.9976881893696824,f_mi,15,"[""url_length"", ""subdomain_depth"", ""token_count"", ""special_char_count"", ""path_length"", ""hostname_length"", ""dot_count"", ""char_type_transition_count"", ""hyphen_count"", ""token_mean_length"", ""special_char_ratio"", ""digit_ratio"", ""letter_ratio"", ""longest_repeated_char_run"", ""letter_count""]",,,,,,,0.001342947896619626,0.0033332539083507293,2.750977530613043e-05,0.006139457926812288,,0.9999724902246939,0.9999044115738932,-1.1102230246251565e-16,0.0,0,${EXPERIMENT_ROOT}\part8_traditional_baselines_and_error_analysis\predictions\internal\iscx_url2016_binary\s3\r00\xgb\f_mi.parquet
0.9992731501671754,0.9983232729711604,,iscx_url2016_binary,,5,0,0.0,0.0060622999999395,8.81276348297655e-07,0.998928338982753,xgb,20261001,5388,1491,6879,,0.9999539410498308,1.0,0.9966465459423206,r00,0.9999868052661428,S3-domain,s3,xgb_d4_lr005,"{""colsample_bytree"": 0.9, ""learning_rate"": 0.05, ""max_depth"": 4, ""n_estimators"": 300, ""reg_lambda"": 1.0, ""scale_pos_weight"": 1.0, ""subsample"": 0.9}",0.79,5388,,1486,5.758515200000147,0.9989268745006724,0.9991222233644488,f_permutation,15,"[""url_length"", ""dot_count"", ""subdomain_depth"", ""hostname_length"", ""hyphen_count"", ""path_length"", ""token_max_length"", ""tld_length"", ""token_mean_length"", ""question_mark_count"", ""special_char_ratio"", ""slash_count"", ""percent_sign_count"", ""longest_repeated_char_run"", ""digit_ratio""]",,,,,,,0.0010758206513185962,0.006522389345712404,1.3194733857238969e-05,0.007801874210833867,,0.9999868052661427,0.9999539410498307,-1.1102230246251565e-16,-1.1102230246251565e-16,0,${EXPERIMENT_ROOT}\part8_traditional_baselines_and_error_analysis\predictions\internal\iscx_url2016_binary\s3\r00\xgb\f_permutation.parquet
0.9995638901003052,0.998993963782696,,iscx_url2016_binary,,3,0,0.0,0.0074055000000043,1.0765372873970628e-06,0.9993573158505308,xgb,20261001,5388,1491,6879,20260902.0,1.0,1.0,0.9979879275653925,r00,1.0,S3-domain,s3,xgb_d6_lr01_balanced,"{""colsample_bytree"": 0.9, ""learning_rate"": 0.1, ""max_depth"": 6, ""n_estimators"": 200, ""reg_lambda"": 1.0, ""scale_pos_weight"": 3.537326264507809, ""subsample"": 0.9}",0.87,5388,5.006655300000006,1488,4.746815900000001,0.9982842380078384,0.999614530047673,f_single,15,"[""url_length"", ""subdomain_depth"", ""dot_count"", ""hyphen_count"", ""hostname_length"", ""path_length"", ""token_mean_length"", ""longest_repeated_char_run"", ""token_max_length"", ""url_char_entropy"", ""special_char_ratio"", ""slash_count"", ""registrable_domain_length"", ""token_count"", ""digit_ratio""]",0.0381678999999905,0.0280060999999989,200.0,200.0,0.0001400304999999,raw_margin,0.000228905308254058,0.0017373911737903762,0.0,0.001895824542235145,,1.0,1.0,0.0,0.0,0,${EXPERIMENT_ROOT}\part6_stable_feature_selection\predictions\iscx_url2016_binary\s3\r00\xgb\f_single.parquet
0.9997092600668702,0.999329309188464,,iscx_url2016_binary,,2,0,0.0,0.0081551000000104,1.1855066143349916e-06,0.9995716479380692,xgb,20261001,5388,1491,6879,20260902.0,1.0,1.0,0.9986586183769284,r00,1.0,S3-domain,s3,xgb_d6_lr005,"{""colsample_bytree"": 0.9, ""learning_rate"": 0.05, ""max_depth"": 6, ""n_estimators"": 250, ""reg_lambda"": 1.0, ""scale_pos_weight"": 1.0, ""subsample"": 0.9}",0.79,5388,4.85630279999998,1489,4.504154299999982,0.9989268745006724,0.9992995698150288,f_stable,14,"[""url_length"", ""subdomain_depth"", ""dot_count"", ""hostname_length"", ""hyphen_count"", ""path_length"", ""token_mean_length"", ""longest_repeated_char_run"", ""token_max_length"", ""digit_ratio"", ""tld_length"", ""registrable_domain_length"", ""slash_count"", ""token_count""]",0.1367703999999889,0.0307877000000189,200.0,200.0,0.0001539385,raw_margin,0.000502430590902523,0.004446447569203749,0.0,0.004752591270970177,,1.0,1.0,0.0,0.0,0,${EXPERIMENT_ROOT}\part6_stable_feature_selection\predictions\iscx_url2016_binary\s3\r00\xgb\f_stable.parquet
0.7762577228596647,0.8510668852173662,master,iscx_url2016_binary,ISCX-URL2016-binary,23,1498,0.2824816141806525,0.0037750999999843,5.553250956140596e-07,0.746387550722144,lr,20261002,5303,1495,6798,20260903.0,0.4936915408612404,0.4956228956228956,0.9846153846153848,r01,0.7957819042291326,S3-domain,s3,lr_c01,"{""C"": 0.1, ""class_weight"": null}",0.66,3805,6.699763300000086,1472,6.672647600000346,0.98501293229816,0.9930059197053144,f_all,35,"[""url_length"", ""hostname_length"", ""path_length"", ""query_length"", ""fragment_length"", ""digit_count"", ""letter_count"", ""special_char_count"", ""digit_ratio"", ""letter_ratio"", ""special_char_ratio"", ""dot_count"", ""hyphen_count"", ""underscore_count"", ""slash_count"", ""question_mark_count"", ""equals_sign_count"", ""percent_sign_count"", ""at_sign_count"", ""subdomain_depth"", ""path_segment_count"", ""query_parameter_count"", ""has_port"", ""has_userinfo"", ""host_is_ip"", ""tld_length"", ""registrable_domain_length"", ""domain_digit_ratio"", ""domain_hyphen_ratio"", ""url_char_entropy"", ""longest_repeated_char_run"", ""char_type_transition_count"", ""token_count"", ""token_mean_length"", ""token_max_length""]",0.0010450999998283,0.0047897999997985,200.0,200.0,2.39489999989925e-05,raw_log_odds,0.21755912347041215,0.22189932439167157,0.20423014170687756,1.1496977463959532,,0.7957698582931224,0.49302570993056066,-1.2045936010229852e-05,-0.0006658309306797339,0,${EXPERIMENT_ROOT}\part4_baseline_models\predictions\internal\iscx_url2016_binary\s3\r01\lr.parquet
0.7722859664607238,0.8437179182352136,,iscx_url2016_binary,,43,1505,0.2838016217235527,0.0018368999999438,2.7021182699968415e-07,0.7414998832693083,lr,20261002,5303,1495,6798,,0.4551832971365123,0.4910382144064931,0.97123745819398,r01,0.7715669240040187,S3-domain,s3,lr_c1_balanced,"{""C"": 1.0, ""class_weight"": ""balanced""}",0.89,3798,,1452,3.607361399999718,0.9814540836999788,0.9920160657087788,f_dcss_10,10,"[""subdomain_depth"", ""hyphen_count"", ""dot_count"", ""token_count"", ""char_type_transition_count"", ""special_char_count"", ""hostname_length"", ""slash_count"", ""registrable_domain_length"", ""letter_count""]",,,,,,,0.23498906875718295,0.2522665604501424,0.22843307599598134,2.0315292638320197,"[0, 1]",0.7715669240040187,0.4551832971365123,0.0,0.0,0,${EXPERIMENT_ROOT}\part11_dcss_innovation\predictions\main_comparison\internal\iscx_url2016_binary\s3\r01\lr\f_dcss_10.parquet
0.7746395998823183,0.8454666601917133,,iscx_url2016_binary,,42,1490,0.2809730341316236,0.0018951999995806,2.787878787261922e-07,0.7437570128575492,lr,20261002,5303,1495,6798,,0.4708606677154486,0.4937138973836221,0.97190635451505,r01,0.7813308173514456,S3-domain,s3,lr_c01,"{""C"": 0.1, ""class_weight"": null}",0.77,3813,,1453,3.7951975999999377,0.9799014233903494,0.990261166105766,f_dcss_15,15,"[""subdomain_depth"", ""hyphen_count"", ""dot_count"", ""token_count"", ""char_type_transition_count"", ""special_char_count"", ""hostname_length"", ""slash_count"", ""registrable_domain_length"", ""letter_count"", ""path_length"", ""tld_length"", ""digit_ratio"", ""url_length"", ""percent_sign_count""]",,,,,,,0.22380374414487145,0.24407181782912835,0.21866918264855448,1.3283866892107021,"[0, 1]",0.7813308173514456,0.4708606677154486,0.0,0.0,0,${EXPERIMENT_ROOT}\part11_dcss_innovation\predictions\main_comparison\internal\iscx_url2016_binary\s3\r01\lr\f_dcss_15.parquet
0.7733156810826713,0.842696788654368,,iscx_url2016_binary,,50,1491,0.2811616066377522,0.0031942999999046,4.69888202398443e-07,0.7420416563705865,lr,20261002,5303,1495,6798,,0.4698225764783916,0.4921662125340599,0.9665551839464884,r01,0.7816431287395221,S3-domain,s3,lr_c1_balanced,"{""C"": 1.0, ""class_weight"": ""balanced""}",0.93,3812,,1445,4.018869900000027,0.9830198760635324,0.9922141111952588,f_dcss_20,20,"[""subdomain_depth"", ""hyphen_count"", ""dot_count"", ""token_count"", ""char_type_transition_count"", ""special_char_count"", ""hostname_length"", ""slash_count"", ""registrable_domain_length"", ""letter_count"", ""path_length"", ""url_length"", ""tld_length"", ""digit_ratio"", ""percent_sign_count"", ""domain_hyphen_ratio"", ""special_char_ratio"", ""token_max_length"", ""question_mark_count"", ""digit_count""]",,,,,,,0.23133180116890942,0.2359158645452517,0.2183568712604779,1.8885705373232475,"[0, 1]",0.7816431287395221,0.46982257647839165,0.0,5.551115123125783e-17,0,${EXPERIMENT_ROOT}\part11_dcss_innovation\predictions\main_comparison\internal\iscx_url2016_binary\s3\r01\lr\f_dcss_20.parquet
0.7728743748161224,0.8493786252118287,,iscx_url2016_binary,,21,1523,0.2871959268338676,0.0016863999999259,2.480729626251729e-07,0.7433410225873139,lr,20261002,5303,1495,6798,,0.4709483360171692,0.4918251584918252,0.9859531772575252,r01,0.7792787196242172,S3-domain,s3,lr_c01,"{""C"": 0.1, ""class_weight"": null}",0.45,3780,,1474,4.760352000000239,0.987699015373478,0.9964361770723326,f_mi,15,"[""url_length"", ""subdomain_depth"", ""token_count"", ""special_char_count"", ""path_length"", ""char_type_transition_count"", ""hostname_length"", ""dot_count"", ""hyphen_count"", ""special_char_ratio"", ""token_mean_length"", ""digit_ratio"", ""longest_repeated_char_run"", ""letter_ratio"", ""letter_count""]",,,,,,,0.2247846638307179,0.23899350316740253,0.22072128037578276,1.4018613632877233,,0.7792787196242172,0.4709483360171692,0.0,0.0,0,${EXPERIMENT_ROOT}\part8_traditional_baselines_and_error_analysis\predictions\internal\iscx_url2016_binary\s3\r01\lr\f_mi.parquet
0.6293027360988526,0.5193547919174922,,iscx_url2016_binary,,1012,1508,0.2843673392419385,0.0012095000001863,1.779199764910828e-07,0.5139251367487756,lr,20261002,5303,1495,6798,,0.4623137871294234,0.2425916624811652,0.3230769230769231,r01,0.7727702562504848,S3-domain,s3,lr_c1_balanced,"{""C"": 1.0, ""class_weight"": ""balanced""}",0.93,3795,,483,4.152725699999792,0.9650322924263556,0.9825955236491952,f_permutation,15,"[""subdomain_depth"", ""dot_count"", ""hyphen_count"", ""char_type_transition_count"", ""slash_count"", ""hostname_length"", ""path_length"", ""tld_length"", ""registrable_domain_length"", ""equals_sign_count"", ""letter_count"", ""special_char_ratio"", ""digit_count"", ""question_mark_count"", ""host_is_ip""]",,,,,,,0.2548926009706723,0.2723023609341115,0.22722974374951518,1.8630556288427145,,0.7727702562504848,0.46231378712942345,0.0,5.551115123125783e-17,0,${EXPERIMENT_ROOT}\part8_traditional_baselines_and_error_analysis\predictions\internal\iscx_url2016_binary\s3\r01\lr\f_permutation.parquet
0.7753751103265666,0.8466585771794473,,iscx_url2016_binary,,39,1488,0.2805958891193664,0.0012111000000061,1.781553398067265e-07,0.7446229663444304,lr,20261002,5303,1495,6798,20260903.0,0.4804575506769113,0.4945652173913043,0.9739130434782608,r01,0.7859234092900024,S3-domain,s3,lr_c01,"{""C"": 0.1, ""class_weight"": null}",0.71,3815,3.9171433999999854,1456,3.770111000000014,0.9821131540448236,0.9910247179687875,f_single,15,"[""subdomain_depth"", ""dot_count"", ""hyphen_count"", ""hostname_length"", ""char_type_transition_count"", ""path_length"", ""special_char_count"", ""token_count"", ""registrable_domain_length"", ""letter_count"", ""question_mark_count"", ""slash_count"", ""url_length"", ""equals_sign_count"", ""digit_ratio""]",0.0008397999999942,0.0045877999999959,200.0,200.0,2.293899999997961e-05,raw_log_odds,0.21903451586236367,0.22796362307068635,0.21408838437509656,1.2374136305138794,,0.7859116156249033,0.4797958719685413,-1.1793665099069095e-05,-0.0006616787083700282,0,${EXPERIMENT_ROOT}\part6_stable_feature_selection\predictions\iscx_url2016_binary\s3\r01\lr\f_single.parquet
0.7737569873492204,0.8444206188583858,,iscx_url2016_binary,,44,1494,0.281727324156138,0.0015272999999922,2.2466902029894641e-07,0.7428131604737109,lr,20261002,5303,1495,6798,20260903.0,0.463934981264871,0.4926994906621392,0.9705685618729096,r01,0.7780972088115706,S3-domain,s3,lr_c1_balanced,"{""C"": 1.0, ""class_weight"": ""balanced""}",0.9,3809,4.039001500000012,1451,3.853931799999998,0.9825669798984278,0.9917689756455088,f_stable,13,"[""subdomain_depth"", ""dot_count"", ""hyphen_count"", ""token_count"", ""special_char_count"", ""hostname_length"", ""registrable_domain_length"", ""path_length"", ""char_type_transition_count"", ""question_mark_count"", ""slash_count"", ""letter_count"", ""equals_sign_count""]",0.0008515000000102,0.0045353999999804,200.0,200.0,2.2676999999902137e-05,raw_log_odds,0.22775762879646116,0.23662689450108707,0.22197254409537856,1.883547208534194,,0.7780274559046214,0.4600661091150746,-6.975290694921643e-05,-0.003868872149796365,0,${EXPERIMENT_ROOT}\part6_stable_feature_selection\predictions\iscx_url2016_binary\s3\r01\lr\f_stable.parquet
0.9410120623712857,0.9605100791689188,master,iscx_url2016_binary,ISCX-URL2016-binary,7,394,0.0742975674146709,0.0365434999998797,5.3756251838599165e-06,0.9210074610333374,rf,20261002,5303,1495,6798,20260903.0,0.998347912872632,0.7906482465462275,0.9953177257525084,r01,0.9992216181034652,S3-domain,s3,rf_unlimited_leaf5_balanced,"{""class_weight"": ""balanced_subsample"", ""max_depth"": null, ""max_features"": ""sqrt"", ""min_samples_leaf"": 5, ""n_estimators"": 200}",0.56,4909,9.20740479999995,1488,9.149899300000016,0.9987143193561692,0.9999764735405754,f_all,35,"[""url_length"", ""hostname_length"", ""path_length"", ""query_length"", ""fragment_length"", ""digit_count"", ""letter_count"", ""special_char_count"", ""digit_ratio"", ""letter_ratio"", ""special_char_ratio"", ""dot_count"", ""hyphen_count"", ""underscore_count"", ""slash_count"", ""question_mark_count"", ""equals_sign_count"", ""percent_sign_count"", ""at_sign_count"", ""subdomain_depth"", ""path_segment_count"", ""query_parameter_count"", ""has_port"", ""has_userinfo"", ""host_is_ip"", ""tld_length"", ""registrable_domain_length"", ""domain_digit_ratio"", ""domain_hyphen_ratio"", ""url_char_entropy"", ""longest_repeated_char_run"", ""char_type_transition_count"", ""token_count"", ""token_mean_length"", ""token_max_length""]",0.0095580999995945,3.1866868000001887,200.0,200.0,0.0159334340000009,positive_class_probability,0.06456063881386849,0.14292315958172166,0.0007783818965348699,0.19664413256331031,,0.9992216181034652,0.9983479128726319,0.0,-1.1102230246251565e-16,0,${EXPERIMENT_ROOT}\part4_baseline_models\predictions\internal\iscx_url2016_binary\s3\r01\rf.parquet
0.7853780523683437,0.8607552234268858,,iscx_url2016_binary,,7,1452,0.2738072788987366,0.0396648999999342,5.834789644003277e-06,0.7558819204049518,rf,20261002,5303,1495,6798,,0.9961257305885852,0.5061224489795918,0.9953177257525084,r01,0.9976817564614464,S3-domain,s3,rf_unlimited_leaf5_balanced,"{""class_weight"": ""balanced_subsample"", ""max_depth"": null, ""max_features"": ""sqrt"", ""min_samples_leaf"": 5, ""n_estimators"": 200}",0.57,3851,,1488,6.283212400000139,0.998928338982753,0.9999331549803648,f_dcss_10,10,"[""subdomain_depth"", ""url_length"", ""dot_count"", ""hyphen_count"", ""path_length"", ""hostname_length"", ""token_count"", ""longest_repeated_char_run"", ""special_char_count"", ""token_max_length""]",,,,,,,0.1045533009592116,0.183484013560202,0.002318243538553617,0.2819420047463978,"[0, 1]",0.9976817564614464,0.9961257305885853,0.0,1.1102230246251565e-16,0,${EXPERIMENT_ROOT}\part11_dcss_innovation\predictions\main_comparison\internal\iscx_url2016_binary\s3\r01\rf\f_dcss_10.parquet
0.9845542806707857,0.9874581624460692,,iscx_url2016_binary,,11,94,0.017725815576089,0.0358243000000584,5.269829361585529e-06,0.9779266459823228,rf,20261002,5303,1495,6798,,0.9967912298836408,0.9404309252217996,0.9926421404682274,r01,0.9983000724648192,S3-domain,s3,rf_unlimited_leaf5_balanced,"{""class_weight"": ""balanced_subsample"", ""max_depth"": null, ""max_features"": ""sqrt"", ""min_samples_leaf"": 5, ""n_estimators"": 200}",0.63,5209,,1484,6.475423400000182,0.9987136939702372,0.9996660238590662,f_dcss_15,15,"[""subdomain_depth"", ""url_length"", ""dot_count"", ""hyphen_count"", ""path_length"", ""hostname_length"", ""token_count"", ""longest_repeated_char_run"", ""special_char_count"", ""token_max_length"", ""letter_count"", ""char_type_transition_count"", ""slash_count"", ""token_mean_length"", ""digit_count""]",,,,,,,0.06653483844149613,0.138318587485468,0.0016999275351807551,0.19456638081606656,"[0, 1]",0.9983000724648192,0.9967912298836407,0.0,-1.1102230246251565e-16,0,${EXPERIMENT_ROOT}\part11_dcss_innovation\predictions\main_comparison\internal\iscx_url2016_binary\s3\r01\rf\f_dcss_15.parquet
0.9911738746690204,0.9907403962040796,,iscx_url2016_binary,,15,45,0.0084857627757872,0.0519369999997252,7.640041188544459e-06,0.987229613970404,rf,20261002,5303,1495,6798,,0.995611818262808,0.9704918032786886,0.9899665551839464,r01,0.9976277704864478,S3-domain,s3,rf_depth24_leaf2,"{""class_weight"": null, ""max_depth"": 24, ""max_features"": ""sqrt"", ""min_samples_leaf"": 2, ""n_estimators"": 200}",0.62,5258,,1480,7.201202700000067,0.9987136939702372,0.9996743639266932,f_dcss_20,20,"[""subdomain_depth"", ""url_length"", ""dot_count"", ""hyphen_count"", ""path_length"", ""hostname_length"", ""token_count"", ""longest_repeated_char_run"", ""special_char_count"", ""token_max_length"", ""letter_count"", ""char_type_transition_count"", ""slash_count"", ""token_mean_length"", ""digit_count"", ""registrable_domain_length"", ""question_mark_count"", ""digit_ratio"", ""percent_sign_count"", ""special_char_ratio""]",,,,,,,0.05898442698910465,0.12333916815867907,0.0023722295135523083,0.17303534594021036,"[0, 1]",0.9976277704864478,0.9956118182628079,0.0,-1.1102230246251565e-16,0,${EXPERIMENT_ROOT}\part11_dcss_innovation\predictions\main_comparison\internal\iscx_url2016_binary\s3\r01\rf\f_dcss_20.parquet
0.8879082082965578,0.925512094182822,,iscx_url2016_binary,,11,751,0.1416179521025834,0.0401971999999659,5.913092085902613e-06,0.8592377537283785,rf,20261002,5303,1495,6798,,0.9956762569333164,0.6639821029082774,0.9926421404682274,r01,0.9975094554290906,S3-domain,s3,rf_depth24_leaf2,"{""class_weight"": null, ""max_depth"": 24, ""max_features"": ""sqrt"", ""min_samples_leaf"": 2, ""n_estimators"": 200}",0.56,4552,,1484,7.129351499999757,0.9982857591415588,0.9999473455431924,f_mi,15,"[""url_length"", ""subdomain_depth"", ""token_count"", ""special_char_count"", ""path_length"", ""char_type_transition_count"", ""hostname_length"", ""dot_count"", ""hyphen_count"", ""special_char_ratio"", ""token_mean_length"", ""digit_ratio"", ""longest_repeated_char_run"", ""letter_ratio"", ""letter_count""]",,,,,,,0.07398514829364393,0.1436618208667412,0.002490544570909254,0.2098896076744397,,0.9975094554290906,0.9956762569333165,0.0,1.1102230246251565e-16,0,${EXPERIMENT_ROOT}\part8_traditional_baselines_and_error_analysis\predictions\internal\iscx_url2016_binary\s3\r01\rf\f_mi.parquet
0.9929390997352162,0.9942734503155594,,iscx_url2016_binary,,5,43,0.00810861776353,0.0358947999998235,5.280200058814885e-06,0.9898029694089082,rf,20261002,5303,1495,6798,,0.9988218181020176,0.9719504240052184,0.9966555183946488,r01,0.9993775215265922,S3-domain,s3,rf_unlimited_leaf5_balanced,"{""class_weight"": ""balanced_subsample"", ""max_depth"": null, ""max_features"": ""sqrt"", ""min_samples_leaf"": 5, ""n_estimators"": 200}",0.61,5260,,1490,6.354844899999989,0.998928338982753,0.9997530344153512,f_permutation,15,"[""url_length"", ""dot_count"", ""subdomain_depth"", ""hostname_length"", ""path_length"", ""token_max_length"", ""hyphen_count"", ""path_segment_count"", ""slash_count"", ""token_mean_length"", ""token_count"", ""question_mark_count"", ""equals_sign_count"", ""registrable_domain_length"", ""query_length""]",,,,,,,0.06817990284546689,0.1424660070939173,0.0006224784734078078,0.19926801155826748,,0.9993775215265922,0.9988218181020175,0.0,-1.1102230246251565e-16,0,${EXPERIMENT_ROOT}\part8_traditional_baselines_and_error_analysis\predictions\internal\iscx_url2016_binary\s3\r01\rf\f_permutation.parquet
0.9657252132980289,0.9751493601463675,,iscx_url2016_binary,,12,221,0.041674523854422,0.0557238999999754,8.197102088846043e-06,0.9523772141571966,rf,20261002,5303,1495,6798,20260903.0,0.9966551490718604,0.8703051643192489,0.9919732441471572,r01,0.9981746938219485,S3-domain,s3,rf_depth24_leaf2,"{""class_weight"": null, ""max_depth"": 24, ""max_features"": ""sqrt"", ""min_samples_leaf"": 2, ""n_estimators"": 200}",0.54,5082,10.643454099999984,1483,7.0864950000000135,0.998928338982753,0.9995750299869,f_single,15,"[""subdomain_depth"", ""url_length"", ""hyphen_count"", ""dot_count"", ""path_length"", ""hostname_length"", ""longest_repeated_char_run"", ""token_max_length"", ""special_char_count"", ""token_count"", ""char_type_transition_count"", ""token_mean_length"", ""digit_count"", ""digit_ratio"", ""slash_count""]",0.0113316999999995,3.3321354999999926,200.0,200.0,0.0166606774999999,positive_class_probability,0.055347828319402735,0.11953184206839812,0.0018253061780515475,0.1649080662479213,,0.9981746938219485,0.9966551490718603,0.0,-1.1102230246251565e-16,0,${EXPERIMENT_ROOT}\part6_stable_feature_selection\predictions\iscx_url2016_binary\s3\r01\rf\f_single.parquet
0.994704324801412,0.9937237520000352,,iscx_url2016_binary,,12,24,0.0045257401470865,0.0426024999999867,6.266916740215766e-06,0.9923049223870262,rf,20261002,5303,1495,6798,20260903.0,0.997138225911636,0.9840743198407432,0.9919732441471572,r01,0.9984523179597338,S3-domain,s3,rf_unlimited_leaf5_balanced,"{""class_weight"": ""balanced_subsample"", ""max_depth"": null, ""max_features"": ""sqrt"", ""min_samples_leaf"": 5, ""n_estimators"": 200}",0.65,5279,9.867357400000005,1483,7.047558099999975,0.9987136939702372,0.9997017492233776,f_stable,15,"[""subdomain_depth"", ""url_length"", ""dot_count"", ""hyphen_count"", ""path_length"", ""hostname_length"", ""token_count"", ""longest_repeated_char_run"", ""special_char_count"", ""token_max_length"", ""char_type_transition_count"", ""token_mean_length"", ""digit_count"", ""letter_count"", ""slash_count""]",0.0107844999999997,2.6059527000000458,200.0,200.0,0.0130297635000002,positive_class_probability,0.06861266119054499,0.141054002566653,0.0015476820402662217,0.19919714536708272,,0.9984523179597338,0.9971382259116359,0.0,-1.1102230246251565e-16,0,${EXPERIMENT_ROOT}\part6_stable_feature_selection\predictions\iscx_url2016_binary\s3\r01\rf\f_stable.parquet
0.7878787878787878,0.863799061173804,master,iscx_url2016_binary,ISCX-URL2016-binary,1,1441,0.2717329813313219,0.0070009999999456,1.029861724028484e-06,0.7585857834602212,xgb,20261002,5303,1495,6798,20260903.0,0.997791216899824,0.5090289608177172,0.9993311036789296,r01,0.9988365265575048,S3-domain,s3,xgb_d6_lr01_balanced,"{""colsample_bytree"": 0.9, ""learning_rate"": 0.1, ""max_depth"": 6, ""n_estimators"": 200, ""reg_lambda"": 1.0, ""scale_pos_weight"": 3.537326264507809, ""subsample"": 0.9}",0.3,3862,5.402076300000317,1494,5.371670699999868,0.9995716479380692,0.9999982572993018,f_all,35,"[""url_length"", ""hostname_length"", ""path_length"", ""query_length"", ""fragment_length"", ""digit_count"", ""letter_count"", ""special_char_count"", ""digit_ratio"", ""letter_ratio"", ""special_char_ratio"", ""dot_count"", ""hyphen_count"", ""underscore_count"", ""slash_count"", ""question_mark_count"", ""equals_sign_count"", ""percent_sign_count"", ""at_sign_count"", ""subdomain_depth"", ""path_segment_count"", ""query_parameter_count"", ""has_port"", ""has_userinfo"", ""host_is_ip"", ""tld_length"", ""registrable_domain_length"", ""domain_digit_ratio"", ""domain_hyphen_ratio"", ""url_char_entropy"", ""longest_repeated_char_run"", ""char_type_transition_count"", ""token_count"", ""token_mean_length"", ""token_max_length""]",0.0385801999996147,0.0248661000000538,200.0,200.0,0.0001243305000002,raw_margin,0.11223919543710013,0.1572468996785797,0.0011634734424951611,0.30391745386159075,,0.9988365265575049,0.9977912168998239,1.1102230246251565e-16,-1.1102230246251565e-16,0,${EXPERIMENT_ROOT}\part4_baseline_models\predictions\internal\iscx_url2016_binary\s3\r01\xgb.parquet
0.963077375698735,0.9756136647584476,,iscx_url2016_binary,,3,248,0.0467659815198943,0.0081703000000743,1.2018681965393276e-06,0.9490928337107692,xgb,20261002,5303,1495,6798,,0.999018767569757,0.8574712643678161,0.9979933110367892,r01,0.999498737699428,S3-domain,s3,xgb_d6_lr005,"{""colsample_bytree"": 0.9, ""learning_rate"": 0.05, ""max_depth"": 6, ""n_estimators"": 250, ""reg_lambda"": 1.0, ""scale_pos_weight"": 1.0, ""subsample"": 0.9}",0.41,5055,,1492,4.259066999999959,0.998928338982753,0.999935769031412,f_dcss_10,10,"[""subdomain_depth"", ""url_length"", ""dot_count"", ""hostname_length"", ""hyphen_count"", ""token_mean_length"", ""token_max_length"", ""path_length"", ""slash_count"", ""tld_length""]",,,,,,,0.03396138644026609,0.0895881396365789,0.0005012623005719611,0.11525455661843285,"[0, 1]",0.999498737699428,0.999018767569757,0.0,0.0,0,${EXPERIMENT_ROOT}\part11_dcss_innovation\predictions\main_comparison\internal\iscx_url2016_binary\s3\r01\xgb\f_dcss_10.parquet
0.9711679905854664,0.9803190848620424,,iscx_url2016_binary,,5,191,0.0360173486705638,0.007250600000134,1.0665784054330685e-06,0.9597385864231254,xgb,20261002,5303,1495,6798,,0.9990188329876124,0.8863771564544913,0.9966555183946488,r01,0.9995457862243684,S3-domain,s3,xgb_d6_lr01_balanced,"{""colsample_bytree"": 0.9, ""learning_rate"": 0.1, ""max_depth"": 6, ""n_estimators"": 200, ""reg_lambda"": 1.0, ""scale_pos_weight"": 3.537326264507809, ""subsample"": 0.9}",0.5,5112,,1490,4.284271600000011,0.9991428795707794,0.9999833198647464,f_dcss_15,15,"[""subdomain_depth"", ""url_length"", ""dot_count"", ""hostname_length"", ""hyphen_count"", ""token_mean_length"", ""token_max_length"", ""slash_count"", ""longest_repeated_char_run"", ""tld_length"", ""path_length"", ""token_count"", ""digit_ratio"", ""char_type_transition_count"", ""url_char_entropy""]",,,,,,,0.030597947447720052,0.0782496167899159,0.00045421377563151276,0.1049466067508456,"[0, 1]",0.9995457862243685,0.9990188329876124,1.1102230246251565e-16,0.0,0,${EXPERIMENT_ROOT}\part11_dcss_innovation\predictions\main_comparison\internal\iscx_url2016_binary\s3\r01\xgb\f_dcss_15.parquet
0.9210061782877316,0.9481674725671152,,iscx_url2016_binary,,5,532,0.1003205732604186,0.0078990000001795,1.161959399849884e-06,0.8970169778736607,xgb,20261002,5303,1495,6798,,0.9983770992272636,0.7368941641938674,0.9966555183946488,r01,0.9991464413719248,S3-domain,s3,xgb_d6_lr01_balanced,"{""colsample_bytree"": 0.9, ""learning_rate"": 0.1, ""max_depth"": 6, ""n_estimators"": 200, ""reg_lambda"": 1.0, ""scale_pos_weight"": 3.537326264507809, ""subsample"": 0.9}",0.5,4771,,1490,4.158755299999939,0.9991428795707794,0.9999924068041012,f_dcss_20,20,"[""subdomain_depth"", ""url_length"", ""dot_count"", ""hostname_length"", ""hyphen_count"", ""token_mean_length"", ""token_max_length"", ""path_length"", ""slash_count"", ""longest_repeated_char_run"", ""tld_length"", ""token_count"", ""digit_ratio"", ""path_segment_count"", ""registrable_domain_length"", ""url_char_entropy"", ""percent_sign_count"", ""special_char_ratio"", ""char_type_transition_count"", ""letter_count""]",,,,,,,0.04893163705372683,0.09634003446472063,0.0008535586280751036,0.1431598996524935,"[0, 1]",0.9991464413719249,0.9983770992272637,1.1102230246251565e-16,1.1102230246251565e-16,0,${EXPERIMENT_ROOT}\part11_dcss_innovation\predictions\main_comparison\internal\iscx_url2016_binary\s3\r01\xgb\f_dcss_20.parquet
0.7958223006766696,0.8676897093019222,,iscx_url2016_binary,,6,1382,0.2606072034697341,0.0068894999999429,1.0134598411213483e-06,0.7658548351315122,xgb,20261002,5303,1495,6798,,0.9946490390088712,0.5186346220828979,0.9959866220735786,r01,0.9973594803723772,S3-domain,s3,xgb_d6_lr01_balanced,"{""colsample_bytree"": 0.9, ""learning_rate"": 0.1, ""max_depth"": 6, ""n_estimators"": 200, ""reg_lambda"": 1.0, ""scale_pos_weight"": 3.537326264507809, ""subsample"": 0.9}",0.49,3921,,1489,4.889319899999919,0.9987149438142076,0.999975104275741,f_mi,15,"[""url_length"", ""subdomain_depth"", ""token_count"", ""special_char_count"", ""path_length"", ""char_type_transition_count"", ""hostname_length"", ""dot_count"", ""hyphen_count"", ""special_char_ratio"", ""token_mean_length"", ""digit_ratio"", ""longest_repeated_char_run"", ""letter_ratio"", ""letter_count""]",,,,,,,0.16060330673880555,0.19182181592294703,0.0026405196276229077,0.5376120366820782,,0.9973594803723771,0.9946490390088712,-1.1102230246251565e-16,0.0,0,${EXPERIMENT_ROOT}\part8_traditional_baselines_and_error_analysis\predictions\internal\iscx_url2016_binary\s3\r01\xgb\f_mi.parquet
0.979111503383348,0.9849302187125732,,iscx_url2016_binary,,7,135,0.0254572883273618,0.006661499999609,9.799205648145155e-07,0.970452890634594,xgb,20261002,5303,1495,6798,,0.9989883505856866,0.9168207024029574,0.9953177257525084,r01,0.9995340556269974,S3-domain,s3,xgb_d6_lr01_balanced,"{""colsample_bytree"": 0.9, ""learning_rate"": 0.1, ""max_depth"": 6, ""n_estimators"": 200, ""reg_lambda"": 1.0, ""scale_pos_weight"": 3.537326264507809, ""subsample"": 0.9}",0.57,5168,,1488,5.305500100000245,0.998928338982753,0.9999896682744328,f_permutation,15,"[""url_length"", ""dot_count"", ""subdomain_depth"", ""hostname_length"", ""hyphen_count"", ""token_max_length"", ""path_segment_count"", ""tld_length"", ""path_length"", ""equals_sign_count"", ""slash_count"", ""url_char_entropy"", ""token_mean_length"", ""question_mark_count"", ""special_char_ratio""]",,,,,,,0.022481063197224125,0.0637580477224377,0.00046594437300272396,0.08644548777801107,,0.9995340556269974,0.9989883505856866,0.0,0.0,0,${EXPERIMENT_ROOT}\part8_traditional_baselines_and_error_analysis\predictions\internal\iscx_url2016_binary\s3\r01\xgb\f_permutation.parquet
0.969991173874669,0.979564794837528,,iscx_url2016_binary,,5,199,0.0375259287195926,0.0066378999999869,9.764489555732546e-07,0.9581684353384284,xgb,20261002,5303,1495,6798,20260903.0,0.9987170086071137,0.8821788040260509,0.9966555183946488,r01,0.9993869816857626,S3-domain,s3,xgb_d6_lr01_balanced,"{""colsample_bytree"": 0.9, ""learning_rate"": 0.1, ""max_depth"": 6, ""n_estimators"": 200, ""reg_lambda"": 1.0, ""scale_pos_weight"": 3.537326264507809, ""subsample"": 0.9}",0.5,5104,4.868508399999996,1490,4.6138606000000095,0.9991428795707794,0.9999769714550604,f_single,15,"[""subdomain_depth"", ""url_length"", ""dot_count"", ""hostname_length"", ""hyphen_count"", ""token_max_length"", ""path_length"", ""longest_repeated_char_run"", ""token_mean_length"", ""tld_length"", ""digit_ratio"", ""registrable_domain_length"", ""slash_count"", ""token_count"", ""char_type_transition_count""]",0.0381805000000099,0.0257826999999792,200.0,200.0,0.0001289134999998,raw_margin,0.03014468037937688,0.07840255791278779,0.0006130183142374764,0.10611840318081377,,0.9993869816857626,0.9987170086071137,0.0,0.0,0,${EXPERIMENT_ROOT}\part6_stable_feature_selection\predictions\iscx_url2016_binary\s3\r01\xgb\f_single.parquet
0.7213886437187408,0.8207013509737973,,iscx_url2016_binary,,3,1891,0.3565906090891948,0.0064510000000268,9.489555751731174e-07,0.6972372270178311,xgb,20261002,5303,1495,6798,20260903.0,0.9949721646318076,0.4410286727756429,0.9979933110367892,r01,0.997699100086592,S3-domain,s3,xgb_d6_lr01_balanced,"{""colsample_bytree"": 0.9, ""learning_rate"": 0.1, ""max_depth"": 6, ""n_estimators"": 200, ""reg_lambda"": 1.0, ""scale_pos_weight"": 3.537326264507809, ""subsample"": 0.9}",0.62,3412,4.652185400000008,1492,4.403948300000025,0.998928338982753,0.9999482168935414,f_stable,12,"[""subdomain_depth"", ""url_length"", ""dot_count"", ""hostname_length"", ""hyphen_count"", ""token_max_length"", ""path_length"", ""token_mean_length"", ""longest_repeated_char_run"", ""tld_length"", ""token_count"", ""registrable_domain_length""]",0.0397512000000119,0.0263254999999844,200.0,200.0,0.0001316274999999,raw_margin,0.19789212448465798,0.24527686304773205,0.0023008999134080084,0.5933703942577437,,0.997699100086592,0.9949721646318077,0.0,1.1102230246251565e-16,0,${EXPERIMENT_ROOT}\part6_stable_feature_selection\predictions\iscx_url2016_binary\s3\r01\xgb\f_stable.parquet
0.776551927037364,0.8495743243711991,master,iscx_url2016_binary,ISCX-URL2016-binary,30,1489,0.280784461625495,0.0029073000000607,4.276699029215633e-07,0.7462547920195509,lr,20261003,5303,1495,6798,20260904.0,0.5146871482940398,0.495937711577522,0.979933110367893,r02,0.8027061100645372,S3-domain,s3,lr_c01,"{""C"": 0.1, ""class_weight"": null}",0.67,3814,4.26879289999988,1465,4.247698000000128,0.9913656007239892,0.9941434053467052,f_all,35,"[""url_length"", ""hostname_length"", ""path_length"", ""query_length"", ""fragment_length"", ""digit_count"", ""letter_count"", ""special_char_count"", ""digit_ratio"", ""letter_ratio"", ""special_char_ratio"", ""dot_count"", ""hyphen_count"", ""underscore_count"", ""slash_count"", ""question_mark_count"", ""equals_sign_count"", ""percent_sign_count"", ""at_sign_count"", ""subdomain_depth"", ""path_segment_count"", ""query_parameter_count"", ""has_port"", ""has_userinfo"", ""host_is_ip"", ""tld_length"", ""registrable_domain_length"", ""domain_digit_ratio"", ""domain_hyphen_ratio"", ""url_char_entropy"", ""longest_repeated_char_run"", ""char_type_transition_count"", ""token_count"", ""token_mean_length"", ""token_max_length""]",0.0008396000002903,0.0049692000002323,200.0,200.0,2.48460000011615e-05,raw_log_odds,0.21484016658725666,0.2159630703203189,0.1973066926842066,1.076350583091073,,0.8026933073157934,0.5140184983642121,-1.2802748743823145e-05,-0.000668649929827736,0,${EXPERIMENT_ROOT}\part4_baseline_models\predictions\internal\iscx_url2016_binary\s3\r02\lr.parquet
0.7727272727272727,0.845922072254173,,iscx_url2016_binary,,35,1510,0.2847444842541957,0.0016089999999167,2.3668726094685279e-07,0.7423857763745645,lr,20261003,5303,1495,6798,,0.4613637010035761,0.4915824915824915,0.9765886287625418,r02,0.7745261879279539,S3-domain,s3,lr_c1_balanced,"{""C"": 1.0, ""class_weight"": ""balanced""}",0.88,3793,,1460,3.9676734000004217,0.9887474849917391,0.995008407286082,f_dcss_10,10,"[""subdomain_depth"", ""hyphen_count"", ""dot_count"", ""token_count"", ""char_type_transition_count"", ""hostname_length"", ""special_char_count"", ""slash_count"", ""registrable_domain_length"", ""letter_count""]",,,,,,,0.23708761411300233,0.2585207494345968,0.22547381207204606,1.9821974941675413,"[0, 1]",0.7745261879279539,0.46136370100357615,0.0,5.551115123125783e-17,0,${EXPERIMENT_ROOT}\part11_dcss_innovation\predictions\main_comparison\internal\iscx_url2016_binary\s3\r02\lr\f_dcss_10.parquet
0.7733156810826713,0.842696788654368,,iscx_url2016_binary,,50,1491,0.2811616066377522,0.002074999999877,3.0523683434495973e-07,0.7420416563705865,lr,20261003,5303,1495,6798,,0.4831342404091986,0.4921662125340599,0.9665551839464884,r02,0.7855288575848718,S3-domain,s3,lr_c1_balanced,"{""C"": 1.0, ""class_weight"": ""balanced""}",0.93,3812,,1445,3.707431599999836,0.9898420427323964,0.9953731296464756,f_dcss_15,15,"[""subdomain_depth"", ""hyphen_count"", ""dot_count"", ""token_count"", ""char_type_transition_count"", ""hostname_length"", ""special_char_count"", ""slash_count"", ""registrable_domain_length"", ""letter_count"", ""path_length"", ""url_length"", ""digit_ratio"", ""special_char_ratio"", ""tld_length""]",,,,,,,0.2313114686659008,0.23805108513807635,0.21447114241512819,1.7881508607651553,"[0, 1]",0.7855288575848718,0.4831342404091986,0.0,0.0,0,${EXPERIMENT_ROOT}\part11_dcss_innovation\predictions\main_comparison\internal\iscx_url2016_binary\s3\r02\lr\f_dcss_15.parquet
0.7772874374816122,0.8495654318215788,,iscx_url2016_binary,,32,1482,0.2794644540825947,0.0044376000000738,6.527802294901252e-07,0.7468264791659287,lr,20261003,5303,1495,6798,,0.505174894860982,0.4967741935483871,0.9785953177257524,r02,0.7966256242916706,S3-domain,s3,lr_c01,"{""C"": 0.1, ""class_weight"": null}",0.72,3821,,1463,3.612149600000066,0.9893992966200847,0.99393328543396,f_dcss_20,20,"[""subdomain_depth"", ""hyphen_count"", ""dot_count"", ""token_count"", ""char_type_transition_count"", ""hostname_length"", ""special_char_count"", ""slash_count"", ""registrable_domain_length"", ""letter_count"", ""path_length"", ""url_length"", ""digit_ratio"", ""tld_length"", ""special_char_ratio"", ""token_max_length"", ""question_mark_count"", ""percent_sign_count"", ""equals_sign_count"", ""domain_hyphen_ratio""]",,,,,,,0.21771624094226763,0.2405454625893477,0.2033743757083294,1.1527948281353584,"[0, 1]",0.7966256242916706,0.505174894860982,0.0,0.0,0,${EXPERIMENT_ROOT}\part11_dcss_innovation\predictions\main_comparison\internal\iscx_url2016_binary\s3\r02\lr\f_dcss_20.parquet
0.7722859664607238,0.84852115638463,,iscx_url2016_binary,,23,1525,0.2875730718461248,0.0014501999999083,2.1332744923629946e-07,0.7426761029567112,lr,20261003,5303,1495,6798,,0.4882338357971384,0.4911578244911578,0.9846153846153848,r02,0.7863284302379483,S3-domain,s3,lr_c1,"{""C"": 1.0, ""class_weight"": null}",0.59,3778,,1472,4.924601300000177,0.9939707760498836,0.9964594545745146,f_mi,15,"[""url_length"", ""subdomain_depth"", ""token_count"", ""special_char_count"", ""path_length"", ""hostname_length"", ""char_type_transition_count"", ""dot_count"", ""hyphen_count"", ""token_mean_length"", ""special_char_ratio"", ""digit_ratio"", ""letter_ratio"", ""longest_repeated_char_run"", ""letter_count""]",,,,,,,0.2248272079028423,0.2341165259094004,0.21367156976205173,1.5166595892483072,,0.7863284302379483,0.4882338357971384,0.0,0.0,0,${EXPERIMENT_ROOT}\part8_traditional_baselines_and_error_analysis\predictions\internal\iscx_url2016_binary\s3\r02\lr\f_mi.parquet
0.7756693145042659,0.8485282830378715,,iscx_url2016_binary,,32,1493,0.2815387516500094,0.0016967000001386,2.4958811417161845e-07,0.7453112864102267,lr,20261003,5303,1495,6798,,0.5149223603039272,0.4949255751014885,0.9785953177257524,r02,0.7977116505644246,S3-domain,s3,lr_c01,"{""C"": 0.1, ""class_weight"": null}",0.65,3810,,1463,4.319286199999624,0.9907111433024796,0.994192698880738,f_permutation,15,"[""subdomain_depth"", ""dot_count"", ""hyphen_count"", ""char_type_transition_count"", ""slash_count"", ""path_length"", ""hostname_length"", ""tld_length"", ""equals_sign_count"", ""special_char_ratio"", ""letter_count"", ""token_count"", ""digit_count"", ""token_max_length"", ""domain_hyphen_ratio""]",,,,,,,0.22192334906379446,0.25202135063755327,0.2022883494355754,1.0958220716794338,,0.7977116505644246,0.5149223603039272,0.0,0.0,0,${EXPERIMENT_ROOT}\part8_traditional_baselines_and_error_analysis\predictions\internal\iscx_url2016_binary\s3\r02\lr\f_permutation.parquet
0.7769932333039129,0.8488965355005087,,iscx_url2016_binary,,34,1482,0.2794644540825947,0.0015681000000427,2.3067078553143641e-07,0.7464331798250945,lr,20261003,5303,1495,6798,20260904.0,0.4923121063488317,0.4964322120285423,0.977257525083612,r02,0.7916732940337299,S3-domain,s3,lr_c01,"{""C"": 0.1, ""class_weight"": null}",0.72,3821,4.4021702000000005,1461,4.223095999999998,0.9887419007703048,0.9939701311058632,f_single,15,"[""subdomain_depth"", ""dot_count"", ""hyphen_count"", ""hostname_length"", ""token_count"", ""registrable_domain_length"", ""special_char_count"", ""path_length"", ""question_mark_count"", ""char_type_transition_count"", ""letter_count"", ""equals_sign_count"", ""slash_count"", ""digit_ratio"", ""url_length""]",0.0006847999999877,0.0052086000000031,200.0,200.0,2.604300000001558e-05,raw_log_odds,0.21672800629182665,0.2232231786610281,0.20833925644410273,1.1690038997524146,,0.7916607435558973,0.49165594177835226,-1.2550477832551366e-05,-0.0006561645704794561,0,${EXPERIMENT_ROOT}\part6_stable_feature_selection\predictions\iscx_url2016_binary\s3\r02\lr\f_single.parquet
0.774786701971168,0.8465215940746609,,iscx_url2016_binary,,38,1493,0.2815387516500094,0.0011994999999842,1.7644895557285308e-07,0.7441319671124598,lr,20261003,5303,1495,6798,20260904.0,0.4729386468917749,0.4938983050847457,0.974581939799331,r02,0.782245173269122,S3-domain,s3,lr_c1_balanced,"{""C"": 1.0, ""class_weight"": ""balanced""}",0.9,3810,4.195741399999974,1457,4.029774999999972,0.9896182100127904,0.9946350959008192,f_stable,13,"[""subdomain_depth"", ""dot_count"", ""hyphen_count"", ""token_count"", ""hostname_length"", ""registrable_domain_length"", ""special_char_count"", ""path_length"", ""char_type_transition_count"", ""question_mark_count"", ""slash_count"", ""equals_sign_count"", ""letter_count""]",0.0008723999999915,0.0046201999999766,200.0,200.0,2.3100999999883243e-05,raw_log_odds,0.22676960781341016,0.23679227035368516,0.2178171376459466,1.7823064116302263,,0.7821828623540533,0.46969680172625317,-6.231091506869735e-05,-0.0032418451655217284,0,${EXPERIMENT_ROOT}\part6_stable_feature_selection\predictions\iscx_url2016_binary\s3\r02\lr\f_stable.parquet
0.875257428655487,0.9188444478641168,master,iscx_url2016_binary,ISCX-URL2016-binary,5,843,0.1589666226664152,0.0508832000000438,7.485025007361558e-06,0.8458301561749837,rf,20261003,5303,1495,6798,20260904.0,0.9978094564530846,0.6386626660951564,0.9966555183946488,r02,0.99879792910809,S3-domain,s3,rf_depth24_leaf2,"{""class_weight"": null, ""max_depth"": 24, ""max_features"": ""sqrt"", ""min_samples_leaf"": 2, ""n_estimators"": 200}",0.42,4460,9.325061000000003,1490,9.254474100000152,0.9991432958761384,0.9999924068041012,f_all,35,"[""url_length"", ""hostname_length"", ""path_length"", ""query_length"", ""fragment_length"", ""digit_count"", ""letter_count"", ""special_char_count"", ""digit_ratio"", ""letter_ratio"", ""special_char_ratio"", ""dot_count"", ""hyphen_count"", ""underscore_count"", ""slash_count"", ""question_mark_count"", ""equals_sign_count"", ""percent_sign_count"", ""at_sign_count"", ""subdomain_depth"", ""path_segment_count"", ""query_parameter_count"", ""has_port"", ""has_userinfo"", ""host_is_ip"", ""tld_length"", ""registrable_domain_length"", ""domain_digit_ratio"", ""domain_hyphen_ratio"", ""url_char_entropy"", ""longest_repeated_char_run"", ""char_type_transition_count"", ""token_count"", ""token_mean_length"", ""token_max_length""]",0.0127900000002227,3.1583120000000235,200.0,200.0,0.0157915600000001,positive_class_probability,0.04222292003982263,0.1081339727067906,0.0012020708919101132,0.14104331101848006,,0.99879792910809,0.9978094564530846,0.0,0.0,0,${EXPERIMENT_ROOT}\part4_baseline_models\predictions\internal\iscx_url2016_binary\s3\r02\rf.parquet
0.7862606649014416,0.861080779037801,,iscx_url2016_binary,,8,1445,0.2724872713558363,0.0343837000000348,5.057914092385243e-06,0.7566590048183641,rf,20261003,5303,1495,6798,,0.9955194530508432,0.507162346521146,0.9946488294314382,r02,0.9971688896989588,S3-domain,s3,rf_depth16_leaf1,"{""class_weight"": null, ""max_depth"": 16, ""max_features"": ""sqrt"", ""min_samples_leaf"": 1, ""n_estimators"": 200}",0.51,3858,,1487,6.276138799999899,0.9982840902061187,0.9999301674934536,f_dcss_10,10,"[""url_length"", ""subdomain_depth"", ""hostname_length"", ""dot_count"", ""hyphen_count"", ""token_count"", ""path_length"", ""special_char_count"", ""longest_repeated_char_run"", ""token_max_length""]",,,,,,,0.0909575235553136,0.1556336832143541,0.0028311103010411837,0.2456580039528254,"[0, 1]",0.9971688896989588,0.9955194530508433,0.0,1.1102230246251565e-16,0,${EXPERIMENT_ROOT}\part11_dcss_innovation\predictions\main_comparison\internal\iscx_url2016_binary\s3\r02\rf\f_dcss_10.parquet
0.939982347749338,0.9600902373049394,,iscx_url2016_binary,,6,402,0.0758061474636997,0.0392375999999785,5.77193292144433e-06,0.9197715083078158,rf,20261003,5303,1495,6798,,0.9981091681393424,0.787414066631412,0.9959866220735786,r02,0.9989880152396856,S3-domain,s3,rf_unlimited_leaf5_balanced,"{""class_weight"": ""balanced_subsample"", ""max_depth"": null, ""max_features"": ""sqrt"", ""min_samples_leaf"": 5, ""n_estimators"": 200}",0.5,4901,,1489,6.510354199999711,0.9980691312213256,0.9995817518324498,f_dcss_15,15,"[""url_length"", ""subdomain_depth"", ""hostname_length"", ""dot_count"", ""hyphen_count"", ""token_count"", ""path_length"", ""special_char_count"", ""longest_repeated_char_run"", ""token_max_length"", ""char_type_transition_count"", ""registrable_domain_length"", ""letter_count"", ""token_mean_length"", ""slash_count""]",,,,,,,0.05148673486186892,0.12410634941928027,0.0010119847603142537,0.16448735088328406,"[0, 1]",0.9989880152396857,0.9981091681393425,1.1102230246251565e-16,1.1102230246251565e-16,0,${EXPERIMENT_ROOT}\part11_dcss_innovation\predictions\main_comparison\internal\iscx_url2016_binary\s3\r02\rf\f_dcss_15.parquet
0.9638128861429832,0.9751244483938856,,iscx_url2016_binary,,7,239,0.0450688289647369,0.0338882999999441,4.985039717555772e-06,0.9499683889569216,rf,20261003,5303,1495,6798,,0.997299264552404,0.861609727851766,0.9953177257525084,r02,0.9984731303099084,S3-domain,s3,rf_depth24_leaf2,"{""class_weight"": null, ""max_depth"": 24, ""max_features"": ""sqrt"", ""min_samples_leaf"": 2, ""n_estimators"": 200}",0.49,5064,,1488,7.637269699999706,0.9982849252936496,0.9999522002094228,f_dcss_20,20,"[""url_length"", ""subdomain_depth"", ""hostname_length"", ""dot_count"", ""hyphen_count"", ""token_count"", ""path_length"", ""special_char_count"", ""longest_repeated_char_run"", ""token_max_length"", ""char_type_transition_count"", ""registrable_domain_length"", ""letter_count"", ""slash_count"", ""token_mean_length"", ""digit_count"", ""question_mark_count"", ""digit_ratio"", ""special_char_ratio"", ""path_segment_count""]",,,,,,,0.04684019509631532,0.10978480239864395,0.001526869690091492,0.14739602949753036,"[0, 1]",0.9984731303099085,0.9972992645524041,1.1102230246251565e-16,1.1102230246251565e-16,0,${EXPERIMENT_ROOT}\part11_dcss_innovation\predictions\main_comparison\internal\iscx_url2016_binary\s3\r02\rf\f_dcss_20.parquet
0.853486319505737,0.9039294347807167,,iscx_url2016_binary,,9,987,0.1861210635489345,0.036686599999939,5.396675492783034e-06,0.822771829810901,rf,20261003,5303,1495,6798,,0.9959081497050852,0.6008896077638496,0.993979933110368,r02,0.9977053437916444,S3-domain,s3,rf_unlimited_leaf5_balanced,"{""class_weight"": ""balanced_subsample"", ""max_depth"": null, ""max_features"": ""sqrt"", ""min_samples_leaf"": 5, ""n_estimators"": 200}",0.54,4316,,1486,7.9953988999996,0.997426135309178,0.9999427398342045,f_mi,15,"[""url_length"", ""subdomain_depth"", ""token_count"", ""special_char_count"", ""path_length"", ""hostname_length"", ""char_type_transition_count"", ""dot_count"", ""hyphen_count"", ""token_mean_length"", ""special_char_ratio"", ""digit_ratio"", ""letter_ratio"", ""longest_repeated_char_run"", ""letter_count""]",,,,,,,0.08177139634030356,0.15966600390145808,0.002294656208355591,0.23516127838655418,,0.9977053437916445,0.9959081497050851,1.1102230246251565e-16,-1.1102230246251565e-16,0,${EXPERIMENT_ROOT}\part8_traditional_baselines_and_error_analysis\predictions\internal\iscx_url2016_binary\s3\r02\rf\f_mi.parquet
0.7814062959694028,0.8572488469642665,,iscx_url2016_binary,,11,1475,0.2781444465396945,0.0498851999996077,7.338217122625437e-06,0.7519104107747865,rf,20261003,5303,1495,6798,,0.9955941057190472,0.5015207840486651,0.9926421404682274,r02,0.9969828399019424,S3-domain,s3,rf_depth24_leaf2,"{""class_weight"": null, ""max_depth"": 24, ""max_features"": ""sqrt"", ""min_samples_leaf"": 2, ""n_estimators"": 200}",0.5,3828,,1484,7.825099900000168,0.9982840902061187,0.9999774693695456,f_permutation,15,"[""url_length"", ""subdomain_depth"", ""hostname_length"", ""dot_count"", ""path_length"", ""token_count"", ""token_max_length"", ""hyphen_count"", ""question_mark_count"", ""token_mean_length"", ""special_char_count"", ""char_type_transition_count"", ""registrable_domain_length"", ""query_length"", ""equals_sign_count""]",,,,,,,0.08959637564056527,0.17285314743288208,0.003017160098057703,0.2539483966671031,,0.9969828399019423,0.9955941057190472,-1.1102230246251565e-16,0.0,0,${EXPERIMENT_ROOT}\part8_traditional_baselines_and_error_analysis\predictions\internal\iscx_url2016_binary\s3\r02\rf\f_permutation.parquet
0.9445425125036776,0.9622926254275204,,iscx_url2016_binary,,9,368,0.0693946822553271,0.0459667000000081,6.761797587526939e-06,0.9253189136655456,rf,20261003,5303,1495,6798,20260904.0,0.9966979512320346,0.8015102481121898,0.993979933110368,r02,0.9980945978076396,S3-domain,s3,rf_depth24_leaf2,"{""class_weight"": null, ""max_depth"": 24, ""max_features"": ""sqrt"", ""min_samples_leaf"": 2, ""n_estimators"": 200}",0.57,4935,11.202750899999955,1486,7.339574900000002,0.997854067345662,0.9998463933813224,f_single,15,"[""url_length"", ""subdomain_depth"", ""hostname_length"", ""dot_count"", ""path_length"", ""hyphen_count"", ""token_count"", ""longest_repeated_char_run"", ""special_char_count"", ""token_max_length"", ""char_type_transition_count"", ""token_mean_length"", ""digit_ratio"", ""digit_count"", ""letter_count""]",0.0115106999999738,3.651575199999968,200.0,200.0,0.0182578759999998,positive_class_probability,0.06609894579236009,0.13414132287341235,0.0019054021923603538,0.19142596658112448,,0.9980945978076396,0.9966979512320346,0.0,0.0,0,${EXPERIMENT_ROOT}\part6_stable_feature_selection\predictions\iscx_url2016_binary\s3\r02\rf\f_single.parquet
0.863930567814063,0.9108639206557532,,iscx_url2016_binary,,8,917,0.1729209881199321,0.0421234000000367,6.196440129455249e-06,0.8336846775322537,rf,20261003,5303,1495,6798,20260904.0,0.9969817684718074,0.6185524126455907,0.9946488294314382,r02,0.9982584477644698,S3-domain,s3,rf_unlimited_leaf5_balanced,"{""class_weight"": ""balanced_subsample"", ""max_depth"": null, ""max_features"": ""sqrt"", ""min_samples_leaf"": 5, ""n_estimators"": 200}",0.55,4386,10.481464700000004,1487,7.456537099999991,0.9980691312213256,0.9999173461954602,f_stable,13,"[""url_length"", ""subdomain_depth"", ""hostname_length"", ""dot_count"", ""path_length"", ""hyphen_count"", ""token_count"", ""longest_repeated_char_run"", ""special_char_count"", ""token_max_length"", ""char_type_transition_count"", ""token_mean_length"", ""digit_count""]",0.0112080000000105,2.8159178000000225,200.0,200.0,0.0140795890000001,positive_class_probability,0.0800853998977227,0.15829027644116087,0.0017415522355302135,0.22905385217446986,,0.9982584477644698,0.9969817684718074,0.0,0.0,0,${EXPERIMENT_ROOT}\part6_stable_feature_selection\predictions\iscx_url2016_binary\s3\r02\rf\f_stable.parquet
0.7749338040600177,0.8552617089966744,master,iscx_url2016_binary,ISCX-URL2016-binary,2,1528,0.2881387893645106,0.0079376999997293,1.16765225062215e-06,0.7463512016013547,xgb,20261003,5303,1495,6798,20260904.0,0.9965491984629335,0.4942072161535915,0.9986622073578596,r02,0.9981395020298348,S3-domain,s3,xgb_d6_lr01_balanced,"{""colsample_bytree"": 0.9, ""learning_rate"": 0.1, ""max_depth"": 6, ""n_estimators"": 200, ""reg_lambda"": 1.0, ""scale_pos_weight"": 3.537326264507809, ""subsample"": 0.9}",0.16,3775,5.909859599999891,1493,5.878750500000024,0.9995718557820568,0.9999935271116928,f_all,35,"[""url_length"", ""hostname_length"", ""path_length"", ""query_length"", ""fragment_length"", ""digit_count"", ""letter_count"", ""special_char_count"", ""digit_ratio"", ""letter_ratio"", ""special_char_ratio"", ""dot_count"", ""hyphen_count"", ""underscore_count"", ""slash_count"", ""question_mark_count"", ""equals_sign_count"", ""percent_sign_count"", ""at_sign_count"", ""subdomain_depth"", ""path_segment_count"", ""query_parameter_count"", ""has_port"", ""has_userinfo"", ""host_is_ip"", ""tld_length"", ""registrable_domain_length"", ""domain_digit_ratio"", ""domain_hyphen_ratio"", ""url_char_entropy"", ""longest_repeated_char_run"", ""char_type_transition_count"", ""token_count"", ""token_mean_length"", ""token_max_length""]",0.0357904000002236,0.0248716000000968,200.0,200.0,0.0001243580000004,raw_margin,0.1099157522325275,0.15622203272920213,0.0018604979701651806,0.2907568075362991,,0.9981395020298348,0.9965491984629335,0.0,0.0,0,${EXPERIMENT_ROOT}\part4_baseline_models\predictions\internal\iscx_url2016_binary\s3\r02\xgb.parquet
0.8365695792880259,0.8938070014007342,,iscx_url2016_binary,,6,1105,0.2083726192721101,0.011640300000181,1.7123124448633442e-06,0.8057170833152943,xgb,20261003,5303,1495,6798,,0.997499650167341,0.5740169622205089,0.9959866220735786,r02,0.9986643516606049,S3-domain,s3,xgb_d6_lr01_balanced,"{""colsample_bytree"": 0.9, ""learning_rate"": 0.1, ""max_depth"": 6, ""n_estimators"": 200, ""reg_lambda"": 1.0, ""scale_pos_weight"": 3.537326264507809, ""subsample"": 0.9}",0.34,4198,,1489,4.0551314999997885,0.9987136939702372,0.9999741084467708,f_dcss_10,10,"[""subdomain_depth"", ""url_length"", ""dot_count"", ""hostname_length"", ""hyphen_count"", ""token_mean_length"", ""path_length"", ""longest_repeated_char_run"", ""token_max_length"", ""slash_count""]",,,,,,,0.06033342358644289,0.10721871022865877,0.001335648339395193,0.18116631367808048,"[0, 1]",0.9986643516606049,0.997499650167341,0.0,0.0,0,${EXPERIMENT_ROOT}\part11_dcss_innovation\predictions\main_comparison\internal\iscx_url2016_binary\s3\r02\xgb\f_dcss_10.parquet
0.9949985289791116,0.9943926483211056,,iscx_url2016_binary,,10,24,0.0045257401470865,0.0091775999999299,1.350044130616351e-06,0.9927358939339692,xgb,20261003,5303,1495,6798,,0.9977921717394636,0.9840954274353876,0.9933110367892976,r02,0.99873221253572,S3-domain,s3,xgb_d6_lr005,"{""colsample_bytree"": 0.9, ""learning_rate"": 0.05, ""max_depth"": 6, ""n_estimators"": 250, ""reg_lambda"": 1.0, ""scale_pos_weight"": 1.0, ""subsample"": 0.9}",0.47,5279,,1485,4.507310299999972,0.9993573158505308,0.999985187044066,f_dcss_15,15,"[""subdomain_depth"", ""url_length"", ""dot_count"", ""hostname_length"", ""hyphen_count"", ""token_mean_length"", ""path_length"", ""longest_repeated_char_run"", ""slash_count"", ""digit_ratio"", ""token_max_length"", ""tld_length"", ""token_count"", ""special_char_ratio"", ""registrable_domain_length""]",,,,,,,0.00848583698170474,0.036962656100336534,0.0012677874642800157,0.04677326472340611,"[0, 1]",0.99873221253572,0.9977921717394636,0.0,0.0,0,${EXPERIMENT_ROOT}\part11_dcss_innovation\predictions\main_comparison\internal\iscx_url2016_binary\s3\r02\xgb\f_dcss_15.parquet
0.7983230361871139,0.8695327375114862,,iscx_url2016_binary,,5,1366,0.2575900433716764,0.0087116999998215,1.281509267405351e-06,0.768301823281768,xgb,20261003,5303,1495,6798,,0.9968082943922704,0.5217086834733894,0.9966555183946488,r02,0.9983153348549474,S3-domain,s3,xgb_d6_lr01_balanced,"{""colsample_bytree"": 0.9, ""learning_rate"": 0.1, ""max_depth"": 6, ""n_estimators"": 200, ""reg_lambda"": 1.0, ""scale_pos_weight"": 3.537326264507809, ""subsample"": 0.9}",0.31,3937,,1490,4.474679400000241,0.9993576278479176,0.9999912864965091,f_dcss_20,20,"[""subdomain_depth"", ""url_length"", ""dot_count"", ""hostname_length"", ""hyphen_count"", ""token_mean_length"", ""path_length"", ""longest_repeated_char_run"", ""slash_count"", ""digit_ratio"", ""tld_length"", ""token_max_length"", ""special_char_ratio"", ""token_count"", ""registrable_domain_length"", ""path_segment_count"", ""url_char_entropy"", ""percent_sign_count"", ""char_type_transition_count"", ""letter_ratio""]",,,,,,,0.06555503659634902,0.11617033526885553,0.0016846651450526206,0.18053653770391134,"[0, 1]",0.9983153348549474,0.9968082943922705,0.0,1.1102230246251565e-16,0,${EXPERIMENT_ROOT}\part11_dcss_innovation\predictions\main_comparison\internal\iscx_url2016_binary\s3\r02\xgb\f_dcss_20.parquet
0.8075904677846425,0.8752326095470665,,iscx_url2016_binary,,6,1302,0.2455214029794456,0.0084464999999909,1.2424977934673317e-06,0.7771631264682606,xgb,20261003,5303,1495,6798,,0.9964445761480464,0.5335005374417772,0.9959866220735786,r02,0.9979814543039623,S3-domain,s3,xgb_d6_lr005,"{""colsample_bytree"": 0.9, ""learning_rate"": 0.05, ""max_depth"": 6, ""n_estimators"": 250, ""reg_lambda"": 1.0, ""scale_pos_weight"": 1.0, ""subsample"": 0.9}",0.19,4001,,1489,5.092036000000007,0.9982857591415588,0.9999736105322856,f_mi,15,"[""url_length"", ""subdomain_depth"", ""token_count"", ""special_char_count"", ""path_length"", ""hostname_length"", ""char_type_transition_count"", ""dot_count"", ""hyphen_count"", ""token_mean_length"", ""special_char_ratio"", ""digit_ratio"", ""letter_ratio"", ""longest_repeated_char_run"", ""letter_count""]",,,,,,,0.05414569353795505,0.10310821066286362,0.0020185456960375176,0.16501286877246518,,0.9979814543039625,0.9964445761480464,1.1102230246251565e-16,0.0,0,${EXPERIMENT_ROOT}\part8_traditional_baselines_and_error_analysis\predictions\internal\iscx_url2016_binary\s3\r02\xgb\f_mi.parquet
0.775228008237717,0.8544896338729198,,iscx_url2016_binary,,6,1522,0.287007354327739,0.0131989999999859,1.941600470724621e-06,0.7463998863268484,xgb,20261003,5303,1495,6798,,0.9946724309582416,0.4945200929923613,0.9959866220735786,r02,0.9971783498581293,S3-domain,s3,xgb_d6_lr005,"{""colsample_bytree"": 0.9, ""learning_rate"": 0.05, ""max_depth"": 6, ""n_estimators"": 250, ""reg_lambda"": 1.0, ""scale_pos_weight"": 1.0, ""subsample"": 0.9}",0.15,3781,,1489,4.859923600000002,0.9993576278479176,0.9999907885820242,f_permutation,15,"[""url_length"", ""dot_count"", ""hostname_length"", ""subdomain_depth"", ""hyphen_count"", ""token_max_length"", ""special_char_ratio"", ""token_mean_length"", ""percent_sign_count"", ""path_length"", ""equals_sign_count"", ""token_count"", ""question_mark_count"", ""slash_count"", ""query_length""]",,,,,,,0.13596713804392546,0.1712905363810063,0.002821650141870854,0.35843664981410683,,0.9971783498581291,0.9946724309582416,-1.1102230246251565e-16,0.0,0,${EXPERIMENT_ROOT}\part8_traditional_baselines_and_error_analysis\predictions\internal\iscx_url2016_binary\s3\r02\xgb\f_permutation.parquet
0.8000882612533098,0.8709043344557287,,iscx_url2016_binary,,4,1355,0.2555157458042617,0.0071426999999744,1.0507060900227145e-06,0.7700494736217223,xgb,20261003,5303,1495,6798,20260904.0,0.997454160832758,0.5238931834153198,0.9973244147157192,r02,0.998590310148165,S3-domain,s3,xgb_d6_lr01_balanced,"{""colsample_bytree"": 0.9, ""learning_rate"": 0.1, ""max_depth"": 6, ""n_estimators"": 200, ""reg_lambda"": 1.0, ""scale_pos_weight"": 3.537326264507809, ""subsample"": 0.9}",0.15,3948,5.9196668999999815,1491,5.564218299999993,0.9995718557820568,0.999991535453752,f_single,15,"[""url_length"", ""subdomain_depth"", ""dot_count"", ""hostname_length"", ""hyphen_count"", ""token_max_length"", ""path_length"", ""longest_repeated_char_run"", ""token_mean_length"", ""special_char_ratio"", ""tld_length"", ""digit_ratio"", ""token_count"", ""registrable_domain_length"", ""slash_count""]",0.1138503000000241,0.0290939000000207,200.0,200.0,0.0001454695000001,raw_margin,0.029000159051193207,0.07373265176065287,0.0014096898518349873,0.1020005861782245,,0.998590310148165,0.9974541608327581,0.0,1.1102230246251565e-16,0,${EXPERIMENT_ROOT}\part6_stable_feature_selection\predictions\iscx_url2016_binary\s3\r02\xgb\f_single.parquet
0.8192115328037658,0.8824410616316756,,iscx_url2016_binary,,7,1222,0.2304356024891571,0.0077780000000302,1.1441600470771198e-06,0.7884294561380207,xgb,20261003,5303,1495,6798,20260904.0,0.996252380266617,0.5490774907749078,0.9953177257525084,r02,0.9977132903253474,S3-domain,s3,xgb_d6_lr005,"{""colsample_bytree"": 0.9, ""learning_rate"": 0.05, ""max_depth"": 6, ""n_estimators"": 250, ""reg_lambda"": 1.0, ""scale_pos_weight"": 1.0, ""subsample"": 0.9}",0.37,4081,4.836637800000005,1488,4.546210099999996,0.9993573158505308,0.9999714943957234,f_stable,12,"[""url_length"", ""subdomain_depth"", ""dot_count"", ""hostname_length"", ""hyphen_count"", ""path_length"", ""token_mean_length"", ""token_max_length"", ""longest_repeated_char_run"", ""digit_ratio"", ""tld_length"", ""registrable_domain_length""]",0.0539284000000179,0.0328898999999864,200.0,200.0,0.0001644494999999,raw_margin,0.06973763822954113,0.13379933217859072,0.0022867096746525123,0.20713945690403554,,0.9977132903253474,0.996252380266617,0.0,0.0,0,${EXPERIMENT_ROOT}\part6_stable_feature_selection\predictions\iscx_url2016_binary\s3\r02\xgb\f_stable.parquet
0.9921500218054948,0.9823764412757168,master,iscx_url2016_binary,ISCX-URL2016-binary,52,2,0.0003711952487008,0.0043140000002495,6.271260357972826e-07,0.9882972728228164,lr,20261004,5388,1491,6879,20260905.0,0.9916237739629098,0.9986120749479528,0.965124077800134,r03,0.995368150501624,S3-domain,s3,lr_c1,"{""C"": 1.0, ""class_weight"": null}",0.88,5386,4.370213299999705,1439,4.343910300000061,0.7469620073232079,0.8056343446663938,f_all,35,"[""url_length"", ""hostname_length"", ""path_length"", ""query_length"", ""fragment_length"", ""digit_count"", ""letter_count"", ""special_char_count"", ""digit_ratio"", ""letter_ratio"", ""special_char_ratio"", ""dot_count"", ""hyphen_count"", ""underscore_count"", ""slash_count"", ""question_mark_count"", ""equals_sign_count"", ""percent_sign_count"", ""at_sign_count"", ""subdomain_depth"", ""path_segment_count"", ""query_parameter_count"", ""has_port"", ""has_userinfo"", ""host_is_ip"", ""tld_length"", ""registrable_domain_length"", ""domain_digit_ratio"", ""domain_hyphen_ratio"", ""url_char_entropy"", ""longest_repeated_char_run"", ""char_type_transition_count"", ""token_count"", ""token_mean_length"", ""token_max_length""]",0.0006983999996919,0.0048784000000523,200.0,200.0,2.43920000002615e-05,raw_log_odds,0.05873219786521369,0.08525174263377705,0.004631849498376052,0.15902042154386353,,0.995368150501624,0.9916237739629097,0.0,-1.1102230246251565e-16,0,${EXPERIMENT_ROOT}\part4_baseline_models\predictions\internal\iscx_url2016_binary\s3\r03\lr.parquet
0.8684401802587586,0.9121363294839564,,iscx_url2016_binary,,16,889,0.1649962880475129,0.0018284000002495,2.657944469035515e-07,0.8369267497841907,lr,20261004,5388,1491,6879,,0.9909607246473258,0.623942470389171,0.989268947015426,r03,0.9952698123908011,S3-domain,s3,lr_c1,"{""C"": 1.0, ""class_weight"": null}",0.48,4499,,1475,3.4099725999999464,0.7414419543198452,0.7787373462487631,f_dcss_10,10,"[""subdomain_depth"", ""char_type_transition_count"", ""token_count"", ""dot_count"", ""hyphen_count"", ""special_char_count"", ""registrable_domain_length"", ""slash_count"", ""url_length"", ""letter_count""]",,,,,,,0.0563912251938436,0.08436813888544453,0.00473018760919887,0.1528339542043821,"[0, 1]",0.9952698123908011,0.9909607246473258,0.0,0.0,0,${EXPERIMENT_ROOT}\part11_dcss_innovation\predictions\main_comparison\internal\iscx_url2016_binary\s3\r03\lr\f_dcss_10.parquet
0.8675679604593691,0.9098817104557562,,iscx_url2016_binary,,23,888,0.1648106904231625,0.0030496999997922,4.433347870027926e-07,0.8356370134540535,lr,20261004,5388,1491,6879,,0.9888437147903784,0.6230899830220713,0.9845741113346748,r03,0.9940628676787276,S3-domain,s3,lr_c1,"{""C"": 1.0, ""class_weight"": null}",0.53,4500,,1468,3.561282499999834,0.7438903097470873,0.7935894177398167,f_dcss_15,15,"[""subdomain_depth"", ""char_type_transition_count"", ""token_count"", ""dot_count"", ""hyphen_count"", ""special_char_count"", ""registrable_domain_length"", ""slash_count"", ""url_length"", ""letter_count"", ""percent_sign_count"", ""digit_ratio"", ""tld_length"", ""special_char_ratio"", ""equals_sign_count""]",,,,,,,0.07291909167225571,0.09738661414984061,0.00593713232127235,0.19497966916586626,"[0, 1]",0.9940628676787276,0.9888437147903785,0.0,1.1102230246251565e-16,0,${EXPERIMENT_ROOT}\part11_dcss_innovation\predictions\main_comparison\internal\iscx_url2016_binary\s3\r03\lr\f_dcss_15.parquet
0.8927169646750981,0.9256933583684736,,iscx_url2016_binary,,24,714,0.1325167037861915,0.0032052999999905,4.6595435382912193e-07,0.8629244380679102,lr,20261004,5388,1491,6879,,0.9904032593287324,0.672627235213205,0.9839034205231388,r03,0.9948142206368624,S3-domain,s3,lr_c1,"{""C"": 1.0, ""class_weight"": null}",0.6,4674,,1467,3.4552545000001373,0.745011346521227,0.7992189692588975,f_dcss_20,20,"[""subdomain_depth"", ""char_type_transition_count"", ""token_count"", ""dot_count"", ""hyphen_count"", ""special_char_count"", ""registrable_domain_length"", ""slash_count"", ""url_length"", ""letter_count"", ""percent_sign_count"", ""digit_ratio"", ""tld_length"", ""special_char_ratio"", ""equals_sign_count"", ""url_char_entropy"", ""query_length"", ""domain_hyphen_ratio"", ""path_segment_count"", ""hostname_length""]",,,,,,,0.06241509376334803,0.08787714534252508,0.005185779363137498,0.1684699116109769,"[0, 1]",0.9948142206368624,0.9904032593287325,0.0,1.1102230246251565e-16,0,${EXPERIMENT_ROOT}\part11_dcss_innovation\predictions\main_comparison\internal\iscx_url2016_binary\s3\r03\lr\f_dcss_20.parquet
0.9931676115714494,0.9847238591160924,,iscx_url2016_binary,,45,2,0.0003711952487008,0.0012447999997675,1.8095653434620807e-07,0.9898319783906936,lr,20261004,5388,1491,6879,,0.9953513788814994,0.9986187845303868,0.9698189134808852,r03,0.9971579041185992,S3-domain,s3,lr_c1,"{""C"": 1.0, ""class_weight"": null}",0.84,5386,,1446,5.564589999999953,0.7407791682628868,0.7821616715975118,f_mi,15,"[""url_length"", ""subdomain_depth"", ""token_count"", ""path_length"", ""special_char_count"", ""hostname_length"", ""dot_count"", ""char_type_transition_count"", ""hyphen_count"", ""token_mean_length"", ""special_char_ratio"", ""digit_ratio"", ""letter_ratio"", ""longest_repeated_char_run"", ""letter_count""]",,,,,,,0.010624938780464385,0.03166343213161385,0.0028420958814007525,0.05222446276106112,,0.9971579041185992,0.9953513788814994,0.0,0.0,0,${EXPERIMENT_ROOT}\part8_traditional_baselines_and_error_analysis\predictions\internal\iscx_url2016_binary\s3\r03\lr\f_mi.parquet
0.8682948102921937,0.910345704516632,,iscx_url2016_binary,,23,883,0.1638827023014105,0.0026001999999607,3.779909870563673e-07,0.8364089166279413,lr,20261004,5388,1491,6879,,0.9898231846650376,0.6244151424925564,0.9845741113346748,r03,0.9944514899344096,S3-domain,s3,lr_c1,"{""C"": 1.0, ""class_weight"": null}",0.58,4505,,1468,4.804412899999988,0.7447363323007583,0.7975799651487736,f_permutation,15,"[""subdomain_depth"", ""dot_count"", ""char_type_transition_count"", ""token_count"", ""special_char_count"", ""hyphen_count"", ""slash_count"", ""special_char_ratio"", ""equals_sign_count"", ""tld_length"", ""registrable_domain_length"", ""path_length"", ""url_length"", ""digit_count"", ""letter_count""]",,,,,,,0.08085752015920837,0.10203358700333419,0.005548510065590275,0.21702071683646434,,0.9944514899344097,0.9898231846650376,1.1102230246251565e-16,0.0,0,${EXPERIMENT_ROOT}\part8_traditional_baselines_and_error_analysis\predictions\internal\iscx_url2016_binary\s3\r03\lr\f_permutation.parquet
0.8687309201918884,0.912079380514714,,iscx_url2016_binary,,17,886,0.1644394951744617,0.0068624999999542,9.976013955450287e-07,0.83718388858503,lr,20261004,5388,1491,6879,20260905.0,0.9920968711862376,0.6245762711864407,0.98859825620389,r03,0.995470471928328,S3-domain,s3,lr_c1,"{""C"": 1.0, ""class_weight"": null}",0.39,4502,5.774310899999989,1474,5.348350499999981,0.7462185796584774,0.7993080208905542,f_single,15,"[""subdomain_depth"", ""dot_count"", ""char_type_transition_count"", ""token_count"", ""special_char_count"", ""registrable_domain_length"", ""hyphen_count"", ""slash_count"", ""url_length"", ""domain_hyphen_ratio"", ""equals_sign_count"", ""digit_ratio"", ""path_length"", ""special_char_ratio"", ""percent_sign_count""]",0.0021775000000161,0.0107423999999696,200.0,200.0,5.371199999984811e-05,raw_log_odds,0.04595507352693188,0.07590314952915092,0.004529528071671803,0.13173023081623023,,0.995470471928328,0.9920968711862375,0.0,-1.1102230246251565e-16,0,${EXPERIMENT_ROOT}\part6_stable_feature_selection\predictions\iscx_url2016_binary\s3\r03\lr\f_single.parquet
0.8681494403256287,0.9114656386724206,,iscx_url2016_binary,,18,889,0.1649962880475129,0.0013103,1.904782671900127e-07,0.8365145497853801,lr,20261004,5388,1491,6879,20260905.0,0.991648747438763,0.6236240474174428,0.9879275653923542,r03,0.9952854966970842,S3-domain,s3,lr_c1,"{""C"": 1.0, ""class_weight"": null}",0.4,4499,6.461386300000015,1473,6.264194199999963,0.7460235633207145,0.7983032258512094,f_stable,13,"[""subdomain_depth"", ""char_type_transition_count"", ""dot_count"", ""token_count"", ""special_char_count"", ""registrable_domain_length"", ""hyphen_count"", ""slash_count"", ""url_length"", ""path_length"", ""special_char_ratio"", ""digit_ratio"", ""equals_sign_count""]",0.0010198999999602,0.0052956999999764,200.0,200.0,2.647849999988239e-05,raw_log_odds,0.05001585534130044,0.07932192286022406,0.004714503302915738,0.14059428363126783,,0.9952854966970842,0.991648747438763,0.0,0.0,0,${EXPERIMENT_ROOT}\part6_stable_feature_selection\predictions\iscx_url2016_binary\s3\r03\lr\f_stable.parquet
0.9997092600668702,0.999329309188464,master,iscx_url2016_binary,ISCX-URL2016-binary,2,0,0.0,0.0443036000001484,6.440412850726622e-06,0.9995716479380692,rf,20261004,5388,1491,6879,20260905.0,0.9999880551434466,1.0,0.9986586183769284,r03,0.999996639077225,S3-domain,s3,rf_depth16_leaf1,"{""class_weight"": null, ""max_depth"": 16, ""max_features"": ""sqrt"", ""min_samples_leaf"": 1, ""n_estimators"": 200}",0.64,5388,8.385132800000065,1489,8.321253699999943,0.9987119392381936,0.9992415475054506,f_all,35,"[""url_length"", ""hostname_length"", ""path_length"", ""query_length"", ""fragment_length"", ""digit_count"", ""letter_count"", ""special_char_count"", ""digit_ratio"", ""letter_ratio"", ""special_char_ratio"", ""dot_count"", ""hyphen_count"", ""underscore_count"", ""slash_count"", ""question_mark_count"", ""equals_sign_count"", ""percent_sign_count"", ""at_sign_count"", ""subdomain_depth"", ""path_segment_count"", ""query_parameter_count"", ""has_port"", ""has_userinfo"", ""host_is_ip"", ""tld_length"", ""registrable_domain_length"", ""domain_digit_ratio"", ""domain_hyphen_ratio"", ""url_char_entropy"", ""longest_repeated_char_run"", ""char_type_transition_count"", ""token_count"", ""token_mean_length"", ""token_max_length""]",0.0099019999997835,3.0468149999996967,200.0,200.0,0.0152340749999984,positive_class_probability,0.009099802856396966,0.04288322711960405,3.360922774957107e-06,0.04877994391403401,,0.999996639077225,0.9999880551434466,0.0,0.0,0,${EXPERIMENT_ROOT}\part4_baseline_models\predictions\internal\iscx_url2016_binary\s3\r03\rf.parquet
0.9960750109027476,0.9909456740442656,,iscx_url2016_binary,,27,0,0.0,0.0328245999999126,4.771711004493764e-06,0.9941818192070166,rf,20261004,5388,1491,6879,,0.9999075522666012,1.0,0.9818913480885312,r03,0.9999731126178004,S3-domain,s3,rf_depth16_leaf1,"{""class_weight"": null, ""max_depth"": 16, ""max_features"": ""sqrt"", ""min_samples_leaf"": 1, ""n_estimators"": 200}",0.81,5388,,1464,6.0089757000000645,0.996774404059525,0.9983990887974687,f_dcss_10,10,"[""url_length"", ""subdomain_depth"", ""hostname_length"", ""dot_count"", ""token_count"", ""hyphen_count"", ""path_length"", ""special_char_count"", ""longest_repeated_char_run"", ""token_max_length""]",,,,,,,0.001519409157024187,0.009298845650109496,2.6887382199656708e-05,0.011302735606383615,"[0, 1]",0.9999731126178004,0.9999075522666013,0.0,1.1102230246251565e-16,0,${EXPERIMENT_ROOT}\part11_dcss_innovation\predictions\main_comparison\internal\iscx_url2016_binary\s3\r03\rf\f_dcss_10.parquet
0.9991277802006104,0.9979879275653925,,iscx_url2016_binary,,6,0,0.0,0.0359910000001946,5.2320104666658845e-06,0.9987136939702372,rf,20261004,5388,1491,6879,,0.9995335780684648,1.0,0.9959758551307848,r03,0.999813655503922,S3-domain,s3,rf_depth16_leaf1,"{""class_weight"": null, ""max_depth"": 16, ""max_features"": ""sqrt"", ""min_samples_leaf"": 1, ""n_estimators"": 200}",0.63,5388,,1485,6.385712199999944,0.9982825856509248,0.9991386209736774,f_dcss_15,15,"[""url_length"", ""subdomain_depth"", ""hostname_length"", ""dot_count"", ""token_count"", ""hyphen_count"", ""path_length"", ""special_char_count"", ""longest_repeated_char_run"", ""token_max_length"", ""char_type_transition_count"", ""registrable_domain_length"", ""letter_count"", ""token_mean_length"", ""slash_count""]",,,,,,,0.009319303811354925,0.04123412069752637,0.0001863444960781766,0.047905530054962106,"[0, 1]",0.9998136555039219,0.9995335780684648,-1.1102230246251565e-16,0.0,0,${EXPERIMENT_ROOT}\part11_dcss_innovation\predictions\main_comparison\internal\iscx_url2016_binary\s3\r03\rf\f_dcss_15.parquet
0.9985463003343508,0.9966465459423206,,iscx_url2016_binary,,10,0,0.0,0.0386911999999028,5.62453845034204e-06,0.997854067345662,rf,20261004,5388,1491,6879,,0.9997882207332922,1.0,0.9932930918846412,r03,0.999929420621726,S3-domain,s3,rf_depth24_leaf2,"{""class_weight"": null, ""max_depth"": 24, ""max_features"": ""sqrt"", ""min_samples_leaf"": 2, ""n_estimators"": 200}",0.71,5388,,1481,7.414400900000146,0.9982817576269754,0.9992868301340128,f_dcss_20,20,"[""url_length"", ""subdomain_depth"", ""hostname_length"", ""dot_count"", ""token_count"", ""hyphen_count"", ""path_length"", ""special_char_count"", ""longest_repeated_char_run"", ""token_max_length"", ""char_type_transition_count"", ""registrable_domain_length"", ""letter_count"", ""slash_count"", ""token_mean_length"", ""digit_count"", ""digit_ratio"", ""question_mark_count"", ""special_char_ratio"", ""path_segment_count""]",,,,,,,0.011071679337861262,0.0466002385869754,7.057937827409895e-05,0.05424693092423799,"[0, 1]",0.9999294206217261,0.9997882207332922,1.1102230246251565e-16,0.0,0,${EXPERIMENT_ROOT}\part11_dcss_innovation\predictions\main_comparison\internal\iscx_url2016_binary\s3\r03\rf\f_dcss_20.parquet
0.9934583515045792,0.9849094567404426,,iscx_url2016_binary,,45,0,0.0,0.055569899999682,8.07819450496905e-06,0.9902598312836832,rf,20261004,5388,1491,6879,,0.9999293897931252,1.0,0.9698189134808852,r03,0.9999799589419716,S3-domain,s3,rf_depth16_leaf1,"{""class_weight"": null, ""max_depth"": 16, ""max_features"": ""sqrt"", ""min_samples_leaf"": 1, ""n_estimators"": 200}",0.8,5388,,1446,11.591473599999972,0.9963496150601074,0.998713039946468,f_mi,15,"[""url_length"", ""subdomain_depth"", ""token_count"", ""path_length"", ""special_char_count"", ""hostname_length"", ""dot_count"", ""char_type_transition_count"", ""hyphen_count"", ""token_mean_length"", ""special_char_ratio"", ""digit_ratio"", ""letter_ratio"", ""longest_repeated_char_run"", ""letter_count""]",,,,,,,0.002658274712001346,0.015448551590071849,2.004105802844821e-05,0.018997972157126588,,0.9999799589419716,0.9999293897931252,0.0,0.0,0,${EXPERIMENT_ROOT}\part8_traditional_baselines_and_error_analysis\predictions\internal\iscx_url2016_binary\s3\r03\rf\f_mi.parquet
0.9997092600668702,0.999329309188464,,iscx_url2016_binary,,2,0,0.0,0.0471167999999124,6.849367640632719e-06,0.9995716479380692,rf,20261004,5388,1491,6879,,0.9999772146923512,1.0,0.9986586183769284,r03,0.9999935271116926,S3-domain,s3,rf_depth16_leaf1,"{""class_weight"": null, ""max_depth"": 16, ""max_features"": ""sqrt"", ""min_samples_leaf"": 1, ""n_estimators"": 200}",0.6,5388,,1489,9.498153099999854,0.9984969003188676,0.9993078947550986,f_permutation,15,"[""url_length"", ""subdomain_depth"", ""hostname_length"", ""dot_count"", ""token_max_length"", ""path_length"", ""token_count"", ""token_mean_length"", ""hyphen_count"", ""special_char_count"", ""equals_sign_count"", ""question_mark_count"", ""char_type_transition_count"", ""tld_length"", ""path_segment_count""]",,,,,,,0.009720548917105195,0.04239547345108121,6.472888307324755e-06,0.04871302425068719,,0.9999935271116926,0.9999772146923513,0.0,1.1102230246251565e-16,0,${EXPERIMENT_ROOT}\part8_traditional_baselines_and_error_analysis\predictions\internal\iscx_url2016_binary\s3\r03\rf\f_permutation.parquet
0.9992731501671754,0.9983232729711604,,iscx_url2016_binary,,5,0,0.0,0.0460990999999921,6.701424625671199e-06,0.998928338982753,rf,20261004,5388,1491,6879,20260905.0,0.9997733619974828,1.0,0.9966465459423206,r03,0.9999148566230344,S3-domain,s3,rf_depth16_leaf1,"{""class_weight"": null, ""max_depth"": 16, ""max_features"": ""sqrt"", ""min_samples_leaf"": 1, ""n_estimators"": 200}",0.6,5388,11.36593780000004,1486,7.617055300000004,0.9984976243009412,0.9993493933199924,f_single,15,"[""subdomain_depth"", ""url_length"", ""hostname_length"", ""dot_count"", ""hyphen_count"", ""path_length"", ""token_count"", ""longest_repeated_char_run"", ""special_char_count"", ""token_max_length"", ""token_mean_length"", ""char_type_transition_count"", ""digit_count"", ""registrable_domain_length"", ""slash_count""]",0.0113584999999716,3.5053176999999778,200.0,200.0,0.0175265884999998,positive_class_probability,0.00920091463622742,0.04208035281837895,8.514337696557965e-05,0.04866915472668486,,0.9999148566230345,0.9997733619974827,1.1102230246251565e-16,-1.1102230246251565e-16,0,${EXPERIMENT_ROOT}\part6_stable_feature_selection\predictions\iscx_url2016_binary\s3\r03\rf\f_single.parquet
0.9985463003343508,0.9966465459423206,,iscx_url2016_binary,,10,0,0.0,0.0476927999999929,6.93310074138581e-06,0.997854067345662,rf,20261004,5388,1491,6879,20260905.0,0.9999389689688194,1.0,0.9932930918846412,r03,0.9999824485143972,S3-domain,s3,rf_depth16_leaf1,"{""class_weight"": null, ""max_depth"": 16, ""max_features"": ""sqrt"", ""min_samples_leaf"": 1, ""n_estimators"": 200}",0.73,5388,12.301975200000015,1481,8.840699799999982,0.9976379862153636,0.9986392507049396,f_stable,13,"[""subdomain_depth"", ""url_length"", ""hostname_length"", ""dot_count"", ""hyphen_count"", ""path_length"", ""token_count"", ""longest_repeated_char_run"", ""special_char_count"", ""token_max_length"", ""char_type_transition_count"", ""digit_count"", ""registrable_domain_length""]",0.0124921999999969,3.2013565000000312,200.0,200.0,0.0160067825000001,positive_class_probability,0.002101182480187291,0.017989948707062553,1.7551485602553694e-05,0.020095592235669847,,0.9999824485143974,0.9999389689688193,2.220446049250313e-16,-1.1102230246251565e-16,0,${EXPERIMENT_ROOT}\part6_stable_feature_selection\predictions\iscx_url2016_binary\s3\r03\rf\f_stable.parquet
0.9997092600668702,0.999329309188464,master,iscx_url2016_binary,ISCX-URL2016-binary,2,0,0.0,0.0090688999998747,1.318345689762277e-06,0.9995716479380692,xgb,20261004,5388,1491,6879,20260905.0,0.9999995504753274,1.0,0.9986586183769284,r03,0.9999998755213786,S3-domain,s3,xgb_d6_lr005,"{""colsample_bytree"": 0.9, ""learning_rate"": 0.05, ""max_depth"": 6, ""n_estimators"": 250, ""reg_lambda"": 1.0, ""scale_pos_weight"": 1.0, ""subsample"": 0.9}",0.65,5388,5.765168399999766,1489,5.72094369999968,0.999356434517212,0.9994415983380392,f_all,35,"[""url_length"", ""hostname_length"", ""path_length"", ""query_length"", ""fragment_length"", ""digit_count"", ""letter_count"", ""special_char_count"", ""digit_ratio"", ""letter_ratio"", ""special_char_ratio"", ""dot_count"", ""hyphen_count"", ""underscore_count"", ""slash_count"", ""question_mark_count"", ""equals_sign_count"", ""percent_sign_count"", ""at_sign_count"", ""subdomain_depth"", ""path_segment_count"", ""query_parameter_count"", ""has_port"", ""has_userinfo"", ""host_is_ip"", ""tld_length"", ""registrable_domain_length"", ""domain_digit_ratio"", ""domain_hyphen_ratio"", ""url_char_entropy"", ""longest_repeated_char_run"", ""char_type_transition_count"", ""token_count"", ""token_mean_length"", ""token_max_length""]",0.0388347000002795,0.0255465000000185,200.0,200.0,0.0001277325,raw_margin,0.00027590988867329973,0.0032704984437518137,1.2447862129472973e-07,0.0034699709551796656,,0.9999998755213786,0.9999995504753274,0.0,0.0,0,${EXPERIMENT_ROOT}\part4_baseline_models\predictions\internal\iscx_url2016_binary\s3\r03\xgb.parquet
0.9992731501671754,0.9983232729711604,,iscx_url2016_binary,,5,0,0.0,0.0064760000000205,9.414159034773334e-07,0.998928338982753,xgb,20261004,5388,1491,6879,,0.99971346982337,1.0,0.9966465459423206,r03,0.9998620776876056,S3-domain,s3,xgb_d4_lr005,"{""colsample_bytree"": 0.9, ""learning_rate"": 0.05, ""max_depth"": 4, ""n_estimators"": 300, ""reg_lambda"": 1.0, ""scale_pos_weight"": 1.0, ""subsample"": 0.9}",0.71,5388,,1486,4.534665499999846,0.9982817576269754,0.9989607699812753,f_dcss_10,10,"[""subdomain_depth"", ""url_length"", ""dot_count"", ""hostname_length"", ""hyphen_count"", ""token_max_length"", ""token_count"", ""slash_count"", ""path_length"", ""tld_length""]",,,,,,,0.0010579864889195161,0.010554743403792623,0.0001379223123945354,0.012057631340664478,"[0, 1]",0.9998620776876055,0.99971346982337,-1.1102230246251565e-16,0.0,0,${EXPERIMENT_ROOT}\part11_dcss_innovation\predictions\main_comparison\internal\iscx_url2016_binary\s3\r03\xgb\f_dcss_10.parquet
0.9997092600668702,0.999329309188464,,iscx_url2016_binary,,2,0,0.0,0.0066947000000254,9.73208315165791e-07,0.9995716479380692,xgb,20261004,5388,1491,6879,,0.9999291525162752,1.0,0.9986586183769284,r03,0.9999789631130012,S3-domain,s3,xgb_d4_lr005,"{""colsample_bytree"": 0.9, ""learning_rate"": 0.05, ""max_depth"": 4, ""n_estimators"": 300, ""reg_lambda"": 1.0, ""scale_pos_weight"": 1.0, ""subsample"": 0.9}",0.65,5388,,1489,4.2704820000003565,0.9987119392381936,0.9995296408860512,f_dcss_15,15,"[""subdomain_depth"", ""url_length"", ""dot_count"", ""hostname_length"", ""hyphen_count"", ""token_max_length"", ""token_count"", ""slash_count"", ""path_length"", ""tld_length"", ""longest_repeated_char_run"", ""token_mean_length"", ""registrable_domain_length"", ""digit_ratio"", ""percent_sign_count""]",,,,,,,0.0012840265722212413,0.00661382746335422,2.1036886998805453e-05,0.008150908820706432,"[0, 1]",0.9999789631130012,0.9999291525162752,0.0,0.0,0,${EXPERIMENT_ROOT}\part11_dcss_innovation\predictions\main_comparison\internal\iscx_url2016_binary\s3\r03\xgb\f_dcss_15.parquet
0.9997092600668702,0.999329309188464,,iscx_url2016_binary,,2,0,0.0,0.0090095999998993,1.309725250748563e-06,0.9995716479380692,xgb,20261004,5388,1491,6879,,0.9999761397188652,1.0,0.9986586183769284,r03,0.9999931536758287,S3-domain,s3,xgb_d4_lr005,"{""colsample_bytree"": 0.9, ""learning_rate"": 0.05, ""max_depth"": 4, ""n_estimators"": 300, ""reg_lambda"": 1.0, ""scale_pos_weight"": 1.0, ""subsample"": 0.9}",0.59,5388,,1489,4.631966100000227,0.9989268745006724,0.9996533797679992,f_dcss_20,20,"[""subdomain_depth"", ""url_length"", ""dot_count"", ""hostname_length"", ""hyphen_count"", ""token_max_length"", ""token_count"", ""slash_count"", ""path_length"", ""tld_length"", ""longest_repeated_char_run"", ""token_mean_length"", ""registrable_domain_length"", ""digit_ratio"", ""path_segment_count"", ""percent_sign_count"", ""char_type_transition_count"", ""url_char_entropy"", ""special_char_ratio"", ""digit_count""]",,,,,,,0.0010086999522376948,0.010006114918176828,6.8463241712088695e-06,0.011134882730138684,"[0, 1]",0.9999931536758289,0.9999761397188651,1.1102230246251565e-16,-1.1102230246251565e-16,0,${EXPERIMENT_ROOT}\part11_dcss_innovation\predictions\main_comparison\internal\iscx_url2016_binary\s3\r03\xgb\f_dcss_20.parquet
0.997092600668702,0.9932930918846412,,iscx_url2016_binary,,20,0,0.0,0.0109517999999297,1.5920627998153497e-06,0.9956976337798856,xgb,20261004,5388,1491,6879,,0.9999414393024382,1.0,0.9865861837692824,r03,0.9999833198647464,S3-domain,s3,xgb_d6_lr005,"{""colsample_bytree"": 0.9, ""learning_rate"": 0.05, ""max_depth"": 6, ""n_estimators"": 250, ""reg_lambda"": 1.0, ""scale_pos_weight"": 1.0, ""subsample"": 0.9}",0.95,5388,,1471,8.812842000000273,0.9914458286145716,0.9985205572412158,f_mi,15,"[""url_length"", ""subdomain_depth"", ""token_count"", ""path_length"", ""special_char_count"", ""hostname_length"", ""dot_count"", ""char_type_transition_count"", ""hyphen_count"", ""token_mean_length"", ""special_char_ratio"", ""digit_ratio"", ""letter_ratio"", ""longest_repeated_char_run"", ""letter_count""]",,,,,,,0.0009627505227051433,0.0022875417766387808,1.668013525349058e-05,0.004249702793696054,,0.9999833198647465,0.9999414393024382,1.1102230246251565e-16,0.0,0,${EXPERIMENT_ROOT}\part8_traditional_baselines_and_error_analysis\predictions\internal\iscx_url2016_binary\s3\r03\xgb\f_mi.parquet
0.9995638901003052,0.998993963782696,,iscx_url2016_binary,,3,0,0.0,0.0080079999997906,1.1641226922213445e-06,0.9993573158505308,xgb,20261004,5388,1491,6879,,0.9999919490257086,1.0,0.9979879275653925,r03,0.9999977593848166,S3-domain,s3,xgb_d4_lr005,"{""colsample_bytree"": 0.9, ""learning_rate"": 0.05, ""max_depth"": 4, ""n_estimators"": 300, ""reg_lambda"": 1.0, ""scale_pos_weight"": 1.0, ""subsample"": 0.9}",0.72,5388,,1488,7.484218900000087,0.998066511046646,0.9993872339566736,f_permutation,15,"[""url_length"", ""dot_count"", ""subdomain_depth"", ""hostname_length"", ""token_max_length"", ""path_length"", ""hyphen_count"", ""question_mark_count"", ""tld_length"", ""slash_count"", ""equals_sign_count"", ""token_mean_length"", ""special_char_ratio"", ""token_count"", ""path_segment_count""]",,,,,,,0.001684926794798429,0.015799896897381226,2.240615183304688e-06,0.017210077778431393,,0.9999977593848166,0.9999919490257086,0.0,0.0,0,${EXPERIMENT_ROOT}\part8_traditional_baselines_and_error_analysis\predictions\internal\iscx_url2016_binary\s3\r03\xgb\f_permutation.parquet
0.9997092600668702,0.999329309188464,,iscx_url2016_binary,,2,0,0.0,0.0062290999999845,9.055240587272212e-07,0.9995716479380692,xgb,20261004,5388,1491,6879,20260905.0,0.9999435294929744,1.0,0.9986586183769284,r03,0.9999831953861252,S3-domain,s3,xgb_d4_lr005,"{""colsample_bytree"": 0.9, ""learning_rate"": 0.05, ""max_depth"": 4, ""n_estimators"": 300, ""reg_lambda"": 1.0, ""scale_pos_weight"": 1.0, ""subsample"": 0.9}",0.56,5388,6.049816000000021,1489,5.733459499999981,0.9987125593328086,0.9995872847892624,f_single,15,"[""url_length"", ""subdomain_depth"", ""dot_count"", ""hostname_length"", ""hyphen_count"", ""token_max_length"", ""path_length"", ""token_mean_length"", ""longest_repeated_char_run"", ""token_count"", ""registrable_domain_length"", ""slash_count"", ""digit_ratio"", ""tld_length"", ""percent_sign_count""]",0.0508517000000097,0.0160420000000272,200.0,200.0,8.0210000000136e-05,raw_margin,0.0009047400947799252,0.006109708939293575,1.680461387478546e-05,0.007351608035497324,,0.9999831953861252,0.9999435294929744,0.0,0.0,0,${EXPERIMENT_ROOT}\part6_stable_feature_selection\predictions\iscx_url2016_binary\s3\r03\xgb\f_single.parquet
0.9997092600668702,0.999329309188464,,iscx_url2016_binary,,2,0,0.0,0.0059969999999793,8.717836894867539e-07,0.9995716479380692,xgb,20261004,5388,1491,6879,20260905.0,0.9999479174096508,1.0,0.9986586183769284,r03,0.9999846891295808,S3-domain,s3,xgb_d4_lr005,"{""colsample_bytree"": 0.9, ""learning_rate"": 0.05, ""max_depth"": 4, ""n_estimators"": 300, ""reg_lambda"": 1.0, ""scale_pos_weight"": 1.0, ""subsample"": 0.9}",0.58,5388,5.2155888000000346,1489,4.927359800000033,0.9987119392381936,0.9994007304504232,f_stable,15,"[""url_length"", ""subdomain_depth"", ""dot_count"", ""hostname_length"", ""hyphen_count"", ""token_max_length"", ""path_length"", ""longest_repeated_char_run"", ""token_mean_length"", ""tld_length"", ""registrable_domain_length"", ""token_count"", ""slash_count"", ""digit_ratio"", ""percent_sign_count""]",0.0552984999999921,0.0163848000000257,200.0,200.0,8.192400000012868e-05,raw_margin,0.0010638763810808525,0.006201234275772662,1.5310870419249e-05,0.007514967723733603,,0.9999846891295807,0.9999479174096509,-1.1102230246251565e-16,1.1102230246251565e-16,0,${EXPERIMENT_ROOT}\part6_stable_feature_selection\predictions\iscx_url2016_binary\s3\r03\xgb\f_stable.parquet
0.7772874374816122,0.8512465651738745,master,iscx_url2016_binary,ISCX-URL2016-binary,25,1489,0.280784461625495,0.002842899999905,4.181965283767369e-07,0.7472357751770031,lr,20261005,5303,1495,6798,20260906.0,0.4878883614382716,0.4967894558972626,0.9832775919732442,r04,0.7943971891975072,S3-domain,s3,lr_c01,"{""C"": 0.1, ""class_weight"": null}",0.68,3814,3.559244800000215,1470,3.5358704000000216,0.9939707760498836,0.9959568099017266,f_all,35,"[""url_length"", ""hostname_length"", ""path_length"", ""query_length"", ""fragment_length"", ""digit_count"", ""letter_count"", ""special_char_count"", ""digit_ratio"", ""letter_ratio"", ""special_char_ratio"", ""dot_count"", ""hyphen_count"", ""underscore_count"", ""slash_count"", ""question_mark_count"", ""equals_sign_count"", ""percent_sign_count"", ""at_sign_count"", ""subdomain_depth"", ""path_segment_count"", ""query_parameter_count"", ""has_port"", ""has_userinfo"", ""host_is_ip"", ""tld_length"", ""registrable_domain_length"", ""domain_digit_ratio"", ""domain_hyphen_ratio"", ""url_char_entropy"", ""longest_repeated_char_run"", ""char_type_transition_count"", ""token_count"", ""token_mean_length"", ""token_max_length""]",0.0010683000000426,0.0069545999999718,200.0,200.0,3.4772999999859e-05,raw_log_odds,0.2166603072023263,0.2210414538995054,0.20561397379031368,1.1187383666937165,,0.7943860262096863,0.487223735083559,-1.1162987820889647e-05,-0.0006646263547125941,0,${EXPERIMENT_ROOT}\part4_baseline_models\predictions\internal\iscx_url2016_binary\s3\r04\lr.parquet
0.7715504560164754,0.8422858393400088,,iscx_url2016_binary,,47,1506,0.2839901942296813,0.0020460000000639,3.009708737958136e-07,0.7405751757777239,lr,20261005,5303,1495,6798,,0.4420516097832335,0.4901828029790115,0.968561872909699,r04,0.7667981208339824,S3-domain,s3,lr_c1_balanced,"{""C"": 1.0, ""class_weight"": ""balanced""}",0.89,3797,,1448,3.692489399999886,0.9922328720721624,0.9961197524170012,f_dcss_10,10,"[""subdomain_depth"", ""hyphen_count"", ""dot_count"", ""token_count"", ""char_type_transition_count"", ""hostname_length"", ""special_char_count"", ""slash_count"", ""registrable_domain_length"", ""letter_count""]",,,,,,,0.23688053456668345,0.2572291942767536,0.2332018791660176,2.0196860646896675,"[0, 1]",0.7667981208339824,0.4420516097832335,0.0,0.0,0,${EXPERIMENT_ROOT}\part11_dcss_innovation\predictions\main_comparison\internal\iscx_url2016_binary\s3\r04\lr\f_dcss_10.parquet
0.7689026184171815,0.8305018866710772,,iscx_url2016_binary,,89,1482,0.2794644540825947,0.0019646999999167,2.890114739506877e-07,0.7355248918050432,lr,20261005,5303,1495,6798,,0.4715931098854548,0.4868421052631579,0.9404682274247492,r04,0.782683620112803,S3-domain,s3,lr_c1,"{""C"": 1.0, ""class_weight"": null}",0.86,3821,,1406,3.5033312999999,0.9891909888012422,0.9956530820657676,f_dcss_15,15,"[""subdomain_depth"", ""hyphen_count"", ""dot_count"", ""token_count"", ""char_type_transition_count"", ""hostname_length"", ""special_char_count"", ""slash_count"", ""registrable_domain_length"", ""letter_count"", ""path_length"", ""digit_ratio"", ""url_length"", ""tld_length"", ""percent_sign_count""]",,,,,,,0.22300497262573604,0.23326566810067026,0.2173163798871971,1.488247261485886,"[0, 1]",0.782683620112803,0.4715931098854548,0.0,0.0,0,${EXPERIMENT_ROOT}\part11_dcss_innovation\predictions\main_comparison\internal\iscx_url2016_binary\s3\r04\lr\f_dcss_15.parquet
0.7750809061488673,0.8464700046733187,,iscx_url2016_binary,,39,1490,0.2809730341316236,0.0039075999998203,5.74816122362515e-07,0.7443478061964435,lr,20261005,5303,1495,6798,,0.4756731129394266,0.4942294636795655,0.9739130434782608,r04,0.7864599895181436,S3-domain,s3,lr_c01,"{""C"": 0.1, ""class_weight"": null}",0.73,3813,,1456,3.957939300000362,0.990492774061,0.9956080208048588,f_dcss_20,20,"[""subdomain_depth"", ""hyphen_count"", ""dot_count"", ""token_count"", ""char_type_transition_count"", ""hostname_length"", ""special_char_count"", ""slash_count"", ""registrable_domain_length"", ""letter_count"", ""path_length"", ""digit_ratio"", ""tld_length"", ""special_char_ratio"", ""url_length"", ""percent_sign_count"", ""digit_count"", ""equals_sign_count"", ""token_max_length"", ""question_mark_count""]",,,,,,,0.22019111635183058,0.23156176811790646,0.21354001048185636,1.2332562921001917,"[0, 1]",0.7864599895181436,0.47567311293942666,0.0,5.551115123125783e-17,0,${EXPERIMENT_ROOT}\part11_dcss_innovation\predictions\main_comparison\internal\iscx_url2016_binary\s3\r04\lr\f_dcss_20.parquet
0.7715504560164754,0.8449276203221878,,iscx_url2016_binary,,36,1517,0.286064491797096,0.0038118000002214,5.607237423097102e-07,0.7412293164778803,lr,20261005,5303,1495,6798,,0.4632909574590949,0.490255376344086,0.9759197324414716,r04,0.7786578809117323,S3-domain,s3,lr_c1,"{""C"": 1.0, ""class_weight"": null}",0.62,3786,,1459,4.603353100000277,0.9944041814550242,0.9973386470767192,f_mi,15,"[""url_length"", ""subdomain_depth"", ""token_count"", ""special_char_count"", ""path_length"", ""char_type_transition_count"", ""hostname_length"", ""hyphen_count"", ""dot_count"", ""token_mean_length"", ""special_char_ratio"", ""digit_ratio"", ""letter_ratio"", ""longest_repeated_char_run"", ""letter_count""]",,,,,,,0.2260150136980015,0.23439615363359295,0.22134211908826773,1.5557378862914446,,0.7786578809117323,0.46329095745909493,0.0,5.551115123125783e-17,0,${EXPERIMENT_ROOT}\part8_traditional_baselines_and_error_analysis\predictions\internal\iscx_url2016_binary\s3\r04\lr\f_mi.parquet
0.7750809061488673,0.8476708142106727,,iscx_url2016_binary,,34,1495,0.2819158966622666,0.0017147000003205,2.522359517976744e-07,0.7446432504401552,lr,20261005,5303,1495,6798,,0.4752262549132459,0.4942489851150203,0.977257525083612,r04,0.7864833245774304,S3-domain,s3,lr_c01,"{""C"": 0.1, ""class_weight"": null}",0.64,3808,,1461,4.38141910000013,0.9943986842510746,0.9959822035404708,f_permutation,15,"[""subdomain_depth"", ""dot_count"", ""hyphen_count"", ""char_type_transition_count"", ""hostname_length"", ""slash_count"", ""path_length"", ""token_count"", ""special_char_count"", ""registrable_domain_length"", ""special_char_ratio"", ""letter_count"", ""domain_hyphen_ratio"", ""token_max_length"", ""digit_count""]",,,,,,,0.2210213010882593,0.24154616944917415,0.21351667542256952,1.1877012335786683,,0.7864833245774304,0.47522625491324594,0.0,5.551115123125783e-17,0,${EXPERIMENT_ROOT}\part8_traditional_baselines_and_error_analysis\predictions\internal\iscx_url2016_binary\s3\r04\lr\f_permutation.parquet
0.774786701971168,0.8460412702597192,,iscx_url2016_binary,,40,1491,0.2811616066377522,0.0012388999999757,1.822447778722755e-07,0.7440134017571974,lr,20261005,5303,1495,6798,20260906.0,0.46175347470555,0.4938900203665988,0.9732441471571908,r04,0.7789445868023211,S3-domain,s3,lr_c1_balanced,"{""C"": 1.0, ""class_weight"": ""balanced""}",0.89,3812,3.869607999999971,1455,3.712684300000035,0.9924616193524336,0.9966135591076776,f_single,15,"[""subdomain_depth"", ""dot_count"", ""hyphen_count"", ""token_count"", ""special_char_count"", ""hostname_length"", ""char_type_transition_count"", ""registrable_domain_length"", ""path_length"", ""question_mark_count"", ""letter_count"", ""slash_count"", ""digit_ratio"", ""domain_hyphen_ratio"", ""equals_sign_count""]",0.0006844000000114,0.0049412999999844,200.0,200.0,2.470649999992247e-05,raw_log_odds,0.22784384171224903,0.24050596673322058,0.22111141733996723,1.7788236803001665,,0.7788885826600327,0.4584924854333184,-5.600414228845718e-05,-0.003260989272231618,0,${EXPERIMENT_ROOT}\part6_stable_feature_selection\predictions\iscx_url2016_binary\s3\r04\lr\f_single.parquet
0.7737569873492204,0.8432198093210318,,iscx_url2016_binary,,49,1489,0.280784461625495,0.0012140000000044,1.7858193586414966e-07,0.7425138245227603,lr,20261005,5303,1495,6798,20260906.0,0.4658138740971549,0.4926746166950596,0.9672240802675586,r04,0.7818923723997964,S3-domain,s3,lr_c1,"{""C"": 1.0, ""class_weight"": null}",0.76,3814,3.791575800000032,1446,3.6343694000000255,0.9926679923378912,0.9952420536582524,f_stable,13,"[""subdomain_depth"", ""dot_count"", ""hyphen_count"", ""token_count"", ""hostname_length"", ""special_char_count"", ""registrable_domain_length"", ""path_length"", ""char_type_transition_count"", ""question_mark_count"", ""slash_count"", ""letter_count"", ""equals_sign_count""]",0.0006822000000283,0.0047606999999629,200.0,200.0,2.3803499999814903e-05,raw_log_odds,0.22153258093998496,0.2309814115785952,0.21811879058802455,1.4264372679739312,,0.7818812094119754,0.4651448720928507,-1.116298782100067e-05,-0.0006690020043041978,0,${EXPERIMENT_ROOT}\part6_stable_feature_selection\predictions\iscx_url2016_binary\s3\r04\lr\f_stable.parquet
0.8967343336275375,0.9321299169965634,master,iscx_url2016_binary,ISCX-URL2016-binary,7,695,0.1310578917593814,0.0346737999998367,5.100588408331388e-06,0.8691775001998443,rf,20261005,5303,1495,6798,20260906.0,0.9975554196842292,0.6816307833256986,0.9953177257525084,r04,0.9984230545340336,S3-domain,s3,rf_depth24_leaf2,"{""class_weight"": null, ""max_depth"": 24, ""max_features"": ""sqrt"", ""min_samples_leaf"": 2, ""n_estimators"": 200}",0.43,4608,7.7988743999999315,1488,7.748035900000104,0.9989288597508844,0.9994700945091484,f_all,35,"[""url_length"", ""hostname_length"", ""path_length"", ""query_length"", ""fragment_length"", ""digit_count"", ""letter_count"", ""special_char_count"", ""digit_ratio"", ""letter_ratio"", ""special_char_ratio"", ""dot_count"", ""hyphen_count"", ""underscore_count"", ""slash_count"", ""question_mark_count"", ""equals_sign_count"", ""percent_sign_count"", ""at_sign_count"", ""subdomain_depth"", ""path_segment_count"", ""query_parameter_count"", ""has_port"", ""has_userinfo"", ""host_is_ip"", ""tld_length"", ""registrable_domain_length"", ""domain_digit_ratio"", ""domain_hyphen_ratio"", ""url_char_entropy"", ""longest_repeated_char_run"", ""char_type_transition_count"", ""token_count"", ""token_mean_length"", ""token_max_length""]",0.0098809000000983,2.988170600000103,200.0,200.0,0.0149408530000005,positive_class_probability,0.043527563347891166,0.11083209158468457,0.0015769454659664466,0.14530463494734422,,0.9984230545340335,0.9975554196842292,-1.1102230246251565e-16,0.0,0,${EXPERIMENT_ROOT}\part4_baseline_models\predictions\internal\iscx_url2016_binary\s3\r04\rf.parquet
0.8096498970285378,0.8755919694600836,,iscx_url2016_binary,,10,1284,0.2421270978691306,0.0379523000001427,5.582862606670008e-06,0.7789332072901329,rf,20261005,5303,1495,6798,,0.9957351442757528,0.5362946912242686,0.9933110367892976,r04,0.9972406607731976,S3-domain,s3,rf_unlimited_leaf5_balanced,"{""class_weight"": ""balanced_subsample"", ""max_depth"": null, ""max_features"": ""sqrt"", ""min_samples_leaf"": 5, ""n_estimators"": 200}",0.65,4019,,1485,7.752661500000158,0.9984989444168652,0.9998395470571512,f_dcss_10,10,"[""subdomain_depth"", ""url_length"", ""hostname_length"", ""dot_count"", ""hyphen_count"", ""token_count"", ""path_length"", ""special_char_count"", ""longest_repeated_char_run"", ""char_type_transition_count""]",,,,,,,0.12392190153376186,0.19752785740475262,0.00275933922680227,0.33417586949760125,"[0, 1]",0.9972406607731976,0.9957351442757529,0.0,1.1102230246251565e-16,0,${EXPERIMENT_ROOT}\part11_dcss_innovation\predictions\main_comparison\internal\iscx_url2016_binary\s3\r04\rf\f_dcss_10.parquet
0.8242130038246543,0.8851664704209203,,iscx_url2016_binary,,9,1186,0.2236469922685272,0.0543210999999246,7.99074727860027e-06,0.7932431393398168,rf,20261005,5303,1495,6798,,0.9964166176656896,0.5561377245508982,0.993979933110368,r04,0.9977228766199736,S3-domain,s3,rf_depth16_leaf1,"{""class_weight"": null, ""max_depth"": 16, ""max_features"": ""sqrt"", ""min_samples_leaf"": 1, ""n_estimators"": 200}",0.53,4117,,1486,7.675431600000138,0.9984989444168652,0.9998401694502576,f_dcss_15,15,"[""subdomain_depth"", ""url_length"", ""hostname_length"", ""dot_count"", ""hyphen_count"", ""token_count"", ""path_length"", ""special_char_count"", ""longest_repeated_char_run"", ""token_max_length"", ""char_type_transition_count"", ""letter_count"", ""registrable_domain_length"", ""token_mean_length"", ""digit_count""]",,,,,,,0.074857801925608,0.14135718923042825,0.002277123380026577,0.208730870850409,"[0, 1]",0.9977228766199735,0.9964166176656897,-1.1102230246251565e-16,1.1102230246251565e-16,0,${EXPERIMENT_ROOT}\part11_dcss_innovation\predictions\main_comparison\internal\iscx_url2016_binary\s3\r04\rf\f_dcss_15.parquet
0.9524860253015592,0.9678644069079344,,iscx_url2016_binary,,7,316,0.0595889119366396,0.108284200000071,1.5928832009424976e-05,0.9353615915876816,rf,20261005,5303,1495,6798,,0.9974780401498152,0.8248337028824834,0.9953177257525084,r04,0.9983652844953668,S3-domain,s3,rf_depth16_leaf1,"{""class_weight"": null, ""max_depth"": 16, ""max_features"": ""sqrt"", ""min_samples_leaf"": 1, ""n_estimators"": 200}",0.48,4987,,1488,8.262270400000034,0.9987143193561692,0.9994053656260752,f_dcss_20,20,"[""subdomain_depth"", ""url_length"", ""hostname_length"", ""dot_count"", ""hyphen_count"", ""token_count"", ""path_length"", ""special_char_count"", ""longest_repeated_char_run"", ""token_max_length"", ""char_type_transition_count"", ""letter_count"", ""registrable_domain_length"", ""token_mean_length"", ""digit_count"", ""slash_count"", ""digit_ratio"", ""question_mark_count"", ""special_char_ratio"", ""path_segment_count""]",,,,,,,0.04783793558112824,0.10887757538060498,0.0016347155046332704,0.14747688443826548,"[0, 1]",0.9983652844953667,0.9974780401498153,-1.1102230246251565e-16,1.1102230246251565e-16,0,${EXPERIMENT_ROOT}\part11_dcss_innovation\predictions\main_comparison\internal\iscx_url2016_binary\s3\r04\rf\f_dcss_20.parquet
0.933068549573404,0.9542178119660922,,iscx_url2016_binary,,12,443,0.0835376202149726,0.0549394999998185,8.081715210329289e-06,0.9111402545486148,rf,20261005,5303,1495,6798,,0.995917095255094,0.7699896157840083,0.9919732441471572,r04,0.9974973464253528,S3-domain,s3,rf_unlimited_leaf5_balanced,"{""class_weight"": ""balanced_subsample"", ""max_depth"": null, ""max_features"": ""sqrt"", ""min_samples_leaf"": 5, ""n_estimators"": 200}",0.61,4860,,1483,12.240765399999871,0.9978561566170618,0.9999031556326328,f_mi,15,"[""url_length"", ""subdomain_depth"", ""token_count"", ""special_char_count"", ""path_length"", ""char_type_transition_count"", ""hostname_length"", ""hyphen_count"", ""dot_count"", ""token_mean_length"", ""special_char_ratio"", ""digit_ratio"", ""letter_ratio"", ""longest_repeated_char_run"", ""letter_count""]",,,,,,,0.08280866650579181,0.166047089527514,0.002502653574647278,0.24113942756651408,,0.9974973464253527,0.995917095255094,-1.1102230246251565e-16,0.0,0,${EXPERIMENT_ROOT}\part8_traditional_baselines_and_error_analysis\predictions\internal\iscx_url2016_binary\s3\r04\rf\f_mi.parquet
0.9910267725801708,0.9928075671182526,,iscx_url2016_binary,,6,55,0.0103714878370733,0.0463836000003539,6.823124448419228e-06,0.9870747255462076,rf,20261005,5303,1495,6798,,0.9979625422865578,0.9643782383419688,0.9959866220735786,r04,0.9986246189920894,S3-domain,s3,rf_depth24_leaf2,"{""class_weight"": null, ""max_depth"": 24, ""max_features"": ""sqrt"", ""min_samples_leaf"": 2, ""n_estimators"": 200}",0.5,5248,,1489,10.841155699999945,0.9987136939702372,0.9993290602312216,f_permutation,15,"[""url_length"", ""subdomain_depth"", ""hostname_length"", ""dot_count"", ""token_max_length"", ""token_count"", ""path_length"", ""hyphen_count"", ""question_mark_count"", ""slash_count"", ""special_char_count"", ""special_char_ratio"", ""path_segment_count"", ""token_mean_length"", ""registrable_domain_length""]",,,,,,,0.0462110175256347,0.11247257748179444,0.001375381007910585,0.1484682543278765,,0.9986246189920894,0.9979625422865578,0.0,0.0,0,${EXPERIMENT_ROOT}\part8_traditional_baselines_and_error_analysis\predictions\internal\iscx_url2016_binary\s3\r04\rf\f_permutation.parquet
0.8264195351573992,0.8865807642168848,,iscx_url2016_binary,,9,1171,0.2208184046765981,0.0393721000000368,5.791718152403189e-06,0.7954262791557413,rf,20261005,5303,1495,6798,20260906.0,0.9959254674026796,0.5592773805043282,0.993979933110368,r04,0.9973842029216756,S3-domain,s3,rf_unlimited_leaf5_balanced,"{""class_weight"": ""balanced_subsample"", ""max_depth"": null, ""max_features"": ""sqrt"", ""min_samples_leaf"": 5, ""n_estimators"": 200}",0.61,4132,9.39899760000003,1486,6.574836600000026,0.9980700713931124,0.9996406302203222,f_single,15,"[""subdomain_depth"", ""url_length"", ""hostname_length"", ""dot_count"", ""hyphen_count"", ""path_length"", ""token_count"", ""longest_repeated_char_run"", ""special_char_count"", ""token_max_length"", ""digit_count"", ""token_mean_length"", ""special_char_ratio"", ""char_type_transition_count"", ""question_mark_count""]",0.0096573000000148,2.6320719999999937,200.0,200.0,0.0131603599999999,positive_class_probability,0.09896937810913041,0.1762183185369434,0.002615797078324441,0.275150884637973,,0.9973842029216756,0.9959254674026796,0.0,0.0,0,${EXPERIMENT_ROOT}\part6_stable_feature_selection\predictions\iscx_url2016_binary\s3\r04\rf\f_single.parquet
0.7794939688143572,0.856743611396843,,iscx_url2016_binary,,8,1491,0.2811616066377522,0.0397280999999907,5.844086496026878e-06,0.7502840860428015,rf,20261005,5303,1495,6798,20260906.0,0.995684231674368,0.4993284083277367,0.9946488294314382,r04,0.9972350477454232,S3-domain,s3,rf_unlimited_leaf5_balanced,"{""class_weight"": ""balanced_subsample"", ""max_depth"": null, ""max_features"": ""sqrt"", ""min_samples_leaf"": 5, ""n_estimators"": 200}",0.6,3812,9.214626699999997,1487,6.883670800000004,0.9987136939702372,0.999772328601652,f_stable,11,"[""subdomain_depth"", ""url_length"", ""hostname_length"", ""dot_count"", ""path_length"", ""hyphen_count"", ""token_count"", ""longest_repeated_char_run"", ""special_char_count"", ""token_max_length"", ""char_type_transition_count""]",0.0107589999999504,2.135308500000008,200.0,200.0,0.0106765425,positive_class_probability,0.121562571854198,0.19451554531842832,0.0027649522545766672,0.3261746409296043,,0.9972350477454233,0.9956842316743681,1.1102230246251565e-16,1.1102230246251565e-16,0,${EXPERIMENT_ROOT}\part6_stable_feature_selection\predictions\iscx_url2016_binary\s3\r04\rf\f_stable.parquet
0.7889085025007355,0.8642189030377831,master,iscx_url2016_binary,ISCX-URL2016-binary,2,1433,0.270224401282293,0.0070934000000306,1.0434539570507017e-06,0.7595047663892975,xgb,20261005,5303,1495,6798,20260906.0,0.9974520704310144,0.5102529049897471,0.9986622073578596,r04,0.9985416218623018,S3-domain,s3,xgb_d6_lr01_balanced,"{""colsample_bytree"": 0.9, ""learning_rate"": 0.1, ""max_depth"": 6, ""n_estimators"": 200, ""reg_lambda"": 1.0, ""scale_pos_weight"": 3.537326264507809, ""subsample"": 0.9}",0.32,3870,4.580456700000013,1493,4.552219200000309,0.9989288597508844,0.9998867244546218,f_all,35,"[""url_length"", ""hostname_length"", ""path_length"", ""query_length"", ""fragment_length"", ""digit_count"", ""letter_count"", ""special_char_count"", ""digit_ratio"", ""letter_ratio"", ""special_char_ratio"", ""dot_count"", ""hyphen_count"", ""underscore_count"", ""slash_count"", ""question_mark_count"", ""equals_sign_count"", ""percent_sign_count"", ""at_sign_count"", ""subdomain_depth"", ""path_segment_count"", ""query_parameter_count"", ""has_port"", ""has_userinfo"", ""host_is_ip"", ""tld_length"", ""registrable_domain_length"", ""domain_digit_ratio"", ""domain_hyphen_ratio"", ""url_char_entropy"", ""longest_repeated_char_run"", ""char_type_transition_count"", ""token_count"", ""token_mean_length"", ""token_max_length""]",0.0390625,0.0280906000002687,200.0,200.0,0.0001404530000013,raw_margin,0.10037085956019658,0.14780712953200373,0.0014583781376982928,0.2693512095236591,,0.9985416218623018,0.9974520704310145,0.0,1.1102230246251565e-16,0,${EXPERIMENT_ROOT}\part4_baseline_models\predictions\internal\iscx_url2016_binary\s3\r04\xgb.parquet
0.8577522800823771,0.9071440599345232,,iscx_url2016_binary,,7,960,0.1810296058834622,0.0093212000001585,1.3711679906087925e-06,0.8272895757184655,xgb,20261005,5303,1495,6798,,0.9957883608450768,0.6078431372549019,0.9953177257525084,r04,0.9975369529584124,S3-domain,s3,xgb_d6_lr01_balanced,"{""colsample_bytree"": 0.9, ""learning_rate"": 0.1, ""max_depth"": 6, ""n_estimators"": 200, ""reg_lambda"": 1.0, ""scale_pos_weight"": 3.537326264507809, ""subsample"": 0.9}",0.75,4343,,1488,4.778615499999887,0.9987136939702372,0.999689550318491,f_dcss_10,10,"[""subdomain_depth"", ""url_length"", ""dot_count"", ""hostname_length"", ""hyphen_count"", ""token_max_length"", ""longest_repeated_char_run"", ""token_mean_length"", ""path_length"", ""token_count""]",,,,,,,0.16471001886845635,0.20993020694522718,0.0024630470415874916,0.49778284379032206,"[0, 1]",0.9975369529584125,0.9957883608450767,1.1102230246251565e-16,-1.1102230246251565e-16,0,${EXPERIMENT_ROOT}\part11_dcss_innovation\predictions\main_comparison\internal\iscx_url2016_binary\s3\r04\xgb\f_dcss_10.parquet
0.9714621947631656,0.980747819275642,,iscx_url2016_binary,,4,190,0.0358287761644352,0.0118886000000202,1.748837893501064e-06,0.96014941717391,xgb,20261005,5303,1495,6798,,0.9988327388335616,0.8869720404521119,0.9973244147157192,r04,0.999324040093416,S3-domain,s3,xgb_d6_lr005,"{""colsample_bytree"": 0.9, ""learning_rate"": 0.05, ""max_depth"": 6, ""n_estimators"": 250, ""reg_lambda"": 1.0, ""scale_pos_weight"": 1.0, ""subsample"": 0.9}",0.41,5113,,1491,5.96113269999978,0.998928338982753,0.9992488959991078,f_dcss_15,15,"[""subdomain_depth"", ""url_length"", ""dot_count"", ""hostname_length"", ""hyphen_count"", ""token_max_length"", ""longest_repeated_char_run"", ""token_mean_length"", ""path_length"", ""digit_ratio"", ""token_count"", ""slash_count"", ""tld_length"", ""special_char_ratio"", ""path_segment_count""]",,,,,,,0.020830723715683667,0.06197934662866738,0.0006759599065840815,0.07928569197817074,"[0, 1]",0.9993240400934159,0.9988327388335616,-1.1102230246251565e-16,0.0,0,${EXPERIMENT_ROOT}\part11_dcss_innovation\predictions\main_comparison\internal\iscx_url2016_binary\s3\r04\xgb\f_dcss_15.parquet
0.9198293615769344,0.9481336682650132,,iscx_url2016_binary,,2,543,0.1023948708278333,0.0110200999997687,1.6210797292981345e-06,0.8957523759117141,xgb,20261005,5303,1495,6798,,0.9986082129113848,0.7333005893909627,0.9986622073578596,r04,0.9991966432832556,S3-domain,s3,xgb_d6_lr01_balanced,"{""colsample_bytree"": 0.9, ""learning_rate"": 0.1, ""max_depth"": 6, ""n_estimators"": 200, ""reg_lambda"": 1.0, ""scale_pos_weight"": 3.537326264507809, ""subsample"": 0.9}",0.48,4760,,1493,4.892556100000093,0.9987143193561692,0.9997024960951058,f_dcss_20,20,"[""subdomain_depth"", ""url_length"", ""dot_count"", ""hostname_length"", ""hyphen_count"", ""token_max_length"", ""longest_repeated_char_run"", ""token_mean_length"", ""path_length"", ""digit_ratio"", ""token_count"", ""slash_count"", ""tld_length"", ""path_segment_count"", ""registrable_domain_length"", ""special_char_ratio"", ""url_char_entropy"", ""percent_sign_count"", ""letter_count"", ""char_type_transition_count""]",,,,,,,0.04641908390130676,0.09561044621629486,0.0008033567167445447,0.13842552367089817,"[0, 1]",0.9991966432832555,0.9986082129113849,-1.1102230246251565e-16,1.1102230246251565e-16,0,${EXPERIMENT_ROOT}\part11_dcss_innovation\predictions\main_comparison\internal\iscx_url2016_binary\s3\r04\xgb\f_dcss_20.parquet
0.7790526625478081,0.8567009145451208,,iscx_url2016_binary,,7,1495,0.2819158966622666,0.0090915999999197,1.337393350973773e-06,0.7499266477990274,xgb,20261005,5303,1495,6798,,0.993021928335492,0.4988266845457593,0.9953177257525084,r04,0.9964417187973994,S3-domain,s3,xgb_d6_lr01_balanced,"{""colsample_bytree"": 0.9, ""learning_rate"": 0.1, ""max_depth"": 6, ""n_estimators"": 200, ""reg_lambda"": 1.0, ""scale_pos_weight"": 3.537326264507809, ""subsample"": 0.9}",0.46,3808,,1488,6.288923500000237,0.998071947551592,0.9996513353817535,f_mi,15,"[""url_length"", ""subdomain_depth"", ""token_count"", ""special_char_count"", ""path_length"", ""char_type_transition_count"", ""hostname_length"", ""hyphen_count"", ""dot_count"", ""token_mean_length"", ""special_char_ratio"", ""digit_ratio"", ""letter_ratio"", ""longest_repeated_char_run"", ""letter_count""]",,,,,,,0.16618100486084955,0.19742444948678867,0.0035582812026006606,0.5870412047812372,,0.9964417187973994,0.9930219283354921,0.0,1.1102230246251565e-16,0,${EXPERIMENT_ROOT}\part8_traditional_baselines_and_error_analysis\predictions\internal\iscx_url2016_binary\s3\r04\xgb\f_mi.parquet
0.7803765813474551,0.8587503003600536,,iscx_url2016_binary,,2,1491,0.2811616066377522,0.0088252000000466,1.29820535452289e-06,0.7514533289459252,xgb,20261005,5303,1495,6798,,0.9972581377850436,0.5003351206434317,0.9986622073578596,r04,0.99846821102714,S3-domain,s3,xgb_d6_lr005,"{""colsample_bytree"": 0.9, ""learning_rate"": 0.05, ""max_depth"": 6, ""n_estimators"": 250, ""reg_lambda"": 1.0, ""scale_pos_weight"": 1.0, ""subsample"": 0.9}",0.26,3812,,1493,5.870882400000028,0.998928338982753,0.9994067348909096,f_permutation,15,"[""url_length"", ""dot_count"", ""subdomain_depth"", ""hostname_length"", ""hyphen_count"", ""token_max_length"", ""path_length"", ""path_segment_count"", ""token_mean_length"", ""token_count"", ""slash_count"", ""percent_sign_count"", ""special_char_ratio"", ""query_length"", ""question_mark_count""]",,,,,,,0.10373807739277685,0.14976771876966877,0.0015317889728600645,0.2665920673972741,,0.9984682110271399,0.9972581377850437,-1.1102230246251565e-16,1.1102230246251565e-16,0,${EXPERIMENT_ROOT}\part8_traditional_baselines_and_error_analysis\predictions\internal\iscx_url2016_binary\s3\r04\xgb\f_permutation.parquet
0.8570167696381289,0.9076332762990847,,iscx_url2016_binary,,3,969,0.1827267584386196,0.0063781000000062,9.382318328929496e-07,0.826733697225497,xgb,20261005,5303,1495,6798,20260906.0,0.998493359413293,0.6062576188541243,0.9979933110367892,r04,0.9991547663119948,S3-domain,s3,xgb_d6_lr01_balanced,"{""colsample_bytree"": 0.9, ""learning_rate"": 0.1, ""max_depth"": 6, ""n_estimators"": 200, ""reg_lambda"": 1.0, ""scale_pos_weight"": 3.537326264507809, ""subsample"": 0.9}",0.5,4334,4.438388900000007,1492,4.19856980000003,0.998928338982753,0.9998012076417924,f_single,15,"[""subdomain_depth"", ""url_length"", ""dot_count"", ""hostname_length"", ""hyphen_count"", ""token_max_length"", ""longest_repeated_char_run"", ""token_mean_length"", ""path_length"", ""digit_ratio"", ""token_count"", ""tld_length"", ""query_length"", ""registrable_domain_length"", ""path_segment_count""]",0.0354263999999489,0.0237955000000056,200.0,200.0,0.0001189775,raw_margin,0.06903578473265426,0.12131766187740473,0.0008452336880052119,0.18904847456376433,,0.9991547663119948,0.998493359413293,0.0,0.0,0,${EXPERIMENT_ROOT}\part6_stable_feature_selection\predictions\iscx_url2016_binary\s3\r04\xgb\f_single.parquet
0.9189467490438364,0.9468474650242148,,iscx_url2016_binary,,5,546,0.1029605883462191,0.0056991999999809,8.38364224769185e-07,0.8946046956465219,xgb,20261005,5303,1495,6798,20260906.0,0.9980438801831488,0.731827111984283,0.9966555183946488,r04,0.9988242914183112,S3-domain,s3,xgb_d6_lr01_balanced,"{""colsample_bytree"": 0.9, ""learning_rate"": 0.1, ""max_depth"": 6, ""n_estimators"": 200, ""reg_lambda"": 1.0, ""scale_pos_weight"": 3.537326264507809, ""subsample"": 0.9}",0.71,4757,4.542413500000009,1490,4.242603200000019,0.9987136939702372,0.999141719906173,f_stable,13,"[""url_length"", ""subdomain_depth"", ""dot_count"", ""hostname_length"", ""hyphen_count"", ""token_max_length"", ""token_mean_length"", ""longest_repeated_char_run"", ""path_length"", ""digit_ratio"", ""registrable_domain_length"", ""tld_length"", ""token_count""]",0.1030501000000185,0.0232737000000042,200.0,200.0,0.0001163685,raw_margin,0.10951743455070091,0.17239080621776484,0.0011757085816887897,0.3022860168972027,,0.9988242914183112,0.9980438801831487,0.0,-1.1102230246251565e-16,0,${EXPERIMENT_ROOT}\part6_stable_feature_selection\predictions\iscx_url2016_binary\s3\r04\xgb\f_stable.parquet
0.9911324320395406,0.980029023435341,master,iscx_url2016_binary,ISCX-URL2016-binary,59,2,0.0003711952487008,0.0028753999999935,4.1799680185979546e-07,0.9867571783273804,lr,20261006,5388,1491,6879,20260907.0,0.9901725503944492,0.99860529986053,0.960429242119383,r05,0.9946706967865095,S3-domain,s3,lr_c1,"{""C"": 1.0, ""class_weight"": null}",0.86,5386,3.7085830000000897,1432,3.687842299999829,0.74998129040865,0.8098646755764548,f_all,35,"[""url_length"", ""hostname_length"", ""path_length"", ""query_length"", ""fragment_length"", ""digit_count"", ""letter_count"", ""special_char_count"", ""digit_ratio"", ""letter_ratio"", ""special_char_ratio"", ""dot_count"", ""hyphen_count"", ""underscore_count"", ""slash_count"", ""question_mark_count"", ""equals_sign_count"", ""percent_sign_count"", ""at_sign_count"", ""subdomain_depth"", ""path_segment_count"", ""query_parameter_count"", ""has_port"", ""has_userinfo"", ""host_is_ip"", ""tld_length"", ""registrable_domain_length"", ""domain_digit_ratio"", ""domain_hyphen_ratio"", ""url_char_entropy"", ""longest_repeated_char_run"", ""char_type_transition_count"", ""token_count"", ""token_mean_length"", ""token_max_length""]",0.0006851999996797,0.0051275999999234,200.0,200.0,2.5637999999617e-05,raw_log_odds,0.057864356025994025,0.08513504932141981,0.005329303213490295,0.15906616470533563,,0.9946706967865098,0.9901725503944492,2.220446049250313e-16,0.0,0,${EXPERIMENT_ROOT}\part4_baseline_models\predictions\internal\iscx_url2016_binary\s3\r05\lr.parquet
0.9898241023404564,0.9799214739065424,,iscx_url2016_binary,,56,14,0.0025983667409057,0.0018209999998362,2.647187090908858e-07,0.984859889601986,lr,20261006,5388,1491,6879,,0.9887482777322452,0.9903381642512076,0.9624413145539906,r05,0.9943377164745464,S3-domain,s3,lr_c1,"{""C"": 1.0, ""class_weight"": null}",0.79,5374,,1435,3.868923900000027,0.7460753496736903,0.780665200552221,f_dcss_10,10,"[""subdomain_depth"", ""token_count"", ""char_type_transition_count"", ""hyphen_count"", ""dot_count"", ""registrable_domain_length"", ""special_char_count"", ""slash_count"", ""url_length"", ""letter_count""]",,,,,,,0.05713746822433419,0.0843892478049531,0.005662283525453638,0.15601378507880992,"[0, 1]",0.9943377164745463,0.9887482777322452,-1.1102230246251565e-16,0.0,0,${EXPERIMENT_ROOT}\part11_dcss_innovation\predictions\main_comparison\internal\iscx_url2016_binary\s3\r05\lr\f_dcss_10.parquet
0.982700973978776,0.9739190525484008,,iscx_url2016_binary,,62,57,0.0105790645879732,0.0060313000003588,8.767698793951005e-07,0.9744944677895216,lr,20261006,5388,1491,6879,,0.9855096259990967,0.9616419919246298,0.9584171696847752,r05,0.9925991235709232,S3-domain,s3,lr_c1,"{""C"": 1.0, ""class_weight"": null}",0.83,5331,,1429,4.270530100000087,0.7488331385120376,0.7970475473906674,f_dcss_15,15,"[""subdomain_depth"", ""token_count"", ""char_type_transition_count"", ""hyphen_count"", ""dot_count"", ""registrable_domain_length"", ""special_char_count"", ""slash_count"", ""letter_count"", ""url_length"", ""digit_ratio"", ""tld_length"", ""special_char_ratio"", ""percent_sign_count"", ""equals_sign_count""]",,,,,,,0.0742890001456892,0.09726279288355759,0.007400876429076812,0.20060941431823406,"[0, 1]",0.9925991235709231,0.9855096259990967,-1.1102230246251565e-16,0.0,0,${EXPERIMENT_ROOT}\part11_dcss_innovation\predictions\main_comparison\internal\iscx_url2016_binary\s3\r05\lr\f_dcss_15.parquet
0.9893879924407616,0.9789154376892386,,iscx_url2016_binary,,59,14,0.0025983667409057,0.0028417000003173,4.130978340336328e-07,0.9841992818601972,lr,20261006,5388,1491,6879,,0.988276591077364,0.9903181189488244,0.960429242119383,r05,0.9938088068126651,S3-domain,s3,lr_c1,"{""C"": 1.0, ""class_weight"": null}",0.84,5374,,1432,4.377601400000003,0.7491307824731517,0.8071174453533905,f_dcss_20,20,"[""subdomain_depth"", ""token_count"", ""char_type_transition_count"", ""hyphen_count"", ""dot_count"", ""registrable_domain_length"", ""special_char_count"", ""slash_count"", ""url_length"", ""letter_count"", ""tld_length"", ""special_char_ratio"", ""digit_ratio"", ""percent_sign_count"", ""question_mark_count"", ""equals_sign_count"", ""domain_hyphen_ratio"", ""query_length"", ""url_char_entropy"", ""domain_digit_ratio""]",,,,,,,0.06449090166229642,0.0892766945593372,0.0061911931873348475,0.17541922980354957,"[0, 1]",0.9938088068126653,0.988276591077364,1.1102230246251565e-16,0.0,0,${EXPERIMENT_ROOT}\part11_dcss_innovation\predictions\main_comparison\internal\iscx_url2016_binary\s3\r05\lr\f_dcss_20.parquet
0.993749091437709,0.986065240739164,,iscx_url2016_binary,,41,2,0.0003711952487008,0.0022312999999485,3.243640063887968e-07,0.9907065497338944,lr,20261006,5388,1491,6879,,0.9944495528540496,0.9986225895316804,0.9725016767270288,r05,0.9966663380431064,S3-domain,s3,lr_c1,"{""C"": 1.0, ""class_weight"": null}",0.7,5386,,1450,5.319162499999948,0.742971577963203,0.7834503975474222,f_mi,15,"[""url_length"", ""subdomain_depth"", ""token_count"", ""special_char_count"", ""path_length"", ""char_type_transition_count"", ""hostname_length"", ""dot_count"", ""hyphen_count"", ""token_mean_length"", ""special_char_ratio"", ""digit_ratio"", ""letter_ratio"", ""longest_repeated_char_run"", ""letter_count""]",,,,,,,0.010078006293347389,0.030101209194211567,0.0033336619568935504,0.05182440641900294,,0.9966663380431064,0.9944495528540495,0.0,-1.1102230246251565e-16,0,${EXPERIMENT_ROOT}\part8_traditional_baselines_and_error_analysis\predictions\internal\iscx_url2016_binary\s3\r05\lr\f_mi.parquet
0.9885157726413722,0.9788437380033728,,iscx_url2016_binary,,57,22,0.0040831477357089,0.004319900000155,6.279837185862815e-07,0.982942852792577,lr,20261006,5388,1491,6879,,0.9868261368053312,0.98489010989011,0.9617706237424548,r05,0.9931120999692788,S3-domain,s3,lr_c1,"{""C"": 1.0, ""class_weight"": null}",0.85,5366,,1434,5.412757799999781,0.7492901102636551,0.802584389349879,f_permutation,15,"[""subdomain_depth"", ""dot_count"", ""char_type_transition_count"", ""hyphen_count"", ""token_count"", ""special_char_count"", ""special_char_ratio"", ""slash_count"", ""registrable_domain_length"", ""equals_sign_count"", ""path_length"", ""tld_length"", ""digit_ratio"", ""query_length"", ""url_length""]",,,,,,,0.07404989287254296,0.09776751051816568,0.006887900030721323,0.20003211801254656,,0.9931120999692787,0.9868261368053312,-1.1102230246251565e-16,0.0,0,${EXPERIMENT_ROOT}\part8_traditional_baselines_and_error_analysis\predictions\internal\iscx_url2016_binary\s3\r05\lr\f_permutation.parquet
0.9927315016717546,0.9839603694923812,,iscx_url2016_binary,,47,3,0.0005567928730512,0.0011805999999978,1.716237825262199e-07,0.9891802740305188,lr,20261006,5388,1491,6879,20260907.0,0.9900696318512512,0.9979267449896336,0.9684775318578136,r05,0.9944386686364164,S3-domain,s3,lr_c1,"{""C"": 1.0, ""class_weight"": null}",0.77,5385,3.626557899999966,1444,3.489762999999982,0.7500680260339171,0.8041455678838948,f_single,15,"[""subdomain_depth"", ""dot_count"", ""token_count"", ""special_char_count"", ""char_type_transition_count"", ""hyphen_count"", ""registrable_domain_length"", ""path_length"", ""slash_count"", ""special_char_ratio"", ""question_mark_count"", ""equals_sign_count"", ""digit_ratio"", ""url_length"", ""domain_hyphen_ratio""]",0.0006698000000255,0.0046375000000011,200.0,200.0,2.318750000000591e-05,raw_log_odds,0.04534420718049961,0.07596468631810462,0.0055613313635836294,0.13318772267910406,,0.9944386686364163,0.9900696318512512,-1.1102230246251565e-16,0.0,0,${EXPERIMENT_ROOT}\part6_stable_feature_selection\predictions\iscx_url2016_binary\s3\r05\lr\f_single.parquet
0.9927315016717546,0.9837178228987884,,iscx_url2016_binary,,48,2,0.0003711952487008,0.0011680999999725,1.6980665794048305e-07,0.9891749045868315,lr,20261006,5388,1491,6879,20260907.0,0.9897418496742216,0.9986159169550172,0.9678068410462776,r05,0.9942334033899014,S3-domain,s3,lr_c1,"{""C"": 1.0, ""class_weight"": null}",0.8,5386,3.934050500000012,1443,3.778406800000028,0.7491093467926397,0.8014472782176051,f_stable,12,"[""subdomain_depth"", ""token_count"", ""dot_count"", ""special_char_count"", ""char_type_transition_count"", ""registrable_domain_length"", ""hyphen_count"", ""slash_count"", ""equals_sign_count"", ""path_length"", ""question_mark_count"", ""special_char_ratio""]",0.0007507999999916,0.0045259999999984,200.0,200.0,2.262999999999238e-05,raw_log_odds,0.05044450316269795,0.07903009508091377,0.005766596610098601,0.14378179355608608,,0.9942334033899014,0.9897418496742219,0.0,2.220446049250313e-16,0,${EXPERIMENT_ROOT}\part6_stable_feature_selection\predictions\iscx_url2016_binary\s3\r05\lr\f_stable.parquet
0.9978194505015264,0.9949698189134808,master,iscx_url2016_binary,ISCX-URL2016-binary,15,0,0.0,0.0455216000000291,6.617473469985338e-06,0.996777170504687,rf,20261006,5388,1491,6879,20260907.0,0.9986189075498244,1.0,0.9899396378269618,r05,0.9993608022796516,S3-domain,s3,rf_depth24_leaf2,"{""class_weight"": null, ""max_depth"": 24, ""max_features"": ""sqrt"", ""min_samples_leaf"": 2, ""n_estimators"": 200}",0.6,5388,7.806702600000335,1476,7.741184699999849,0.9995710595019596,0.999845105660518,f_all,35,"[""url_length"", ""hostname_length"", ""path_length"", ""query_length"", ""fragment_length"", ""digit_count"", ""letter_count"", ""special_char_count"", ""digit_ratio"", ""letter_ratio"", ""special_char_ratio"", ""dot_count"", ""hyphen_count"", ""underscore_count"", ""slash_count"", ""question_mark_count"", ""equals_sign_count"", ""percent_sign_count"", ""at_sign_count"", ""subdomain_depth"", ""path_segment_count"", ""query_parameter_count"", ""has_port"", ""has_userinfo"", ""host_is_ip"", ""tld_length"", ""registrable_domain_length"", ""domain_digit_ratio"", ""domain_hyphen_ratio"", ""url_char_entropy"", ""longest_repeated_char_run"", ""char_type_transition_count"", ""token_count"", ""token_mean_length"", ""token_max_length""]",0.0105110999998032,2.964737299999797,200.0,200.0,0.0148236864999989,positive_class_probability,0.010071537716375884,0.04252568729380424,0.0006391977203483211,0.05170939186627322,,0.9993608022796518,0.9986189075498245,2.220446049250313e-16,1.1102230246251565e-16,0,${EXPERIMENT_ROOT}\part4_baseline_models\predictions\internal\iscx_url2016_binary\s3\r05\rf.parquet
0.99229539177206,0.9822266934942993,,iscx_url2016_binary,,53,0,0.0,0.0395816000000195,5.75397586858839e-06,0.9885054108309816,rf,20261006,5388,1491,6879,,0.9991492926349184,1.0,0.9644533869885984,r05,0.999635900032713,S3-domain,s3,rf_depth16_leaf1,"{""class_weight"": null, ""max_depth"": 16, ""max_features"": ""sqrt"", ""min_samples_leaf"": 1, ""n_estimators"": 200}",0.83,5388,,1438,6.848501299999953,0.9972058340757916,0.9983140735003914,f_dcss_10,10,"[""url_length"", ""subdomain_depth"", ""hostname_length"", ""dot_count"", ""hyphen_count"", ""token_count"", ""path_length"", ""special_char_count"", ""longest_repeated_char_run"", ""token_max_length""]",,,,,,,0.002491195442195324,0.009292085999512034,0.0003640999672870184,0.01503520716896676,"[0, 1]",0.999635900032713,0.9991492926349184,0.0,0.0,0,${EXPERIMENT_ROOT}\part11_dcss_innovation\predictions\main_comparison\internal\iscx_url2016_binary\s3\r05\rf\f_dcss_10.parquet
0.9976740805349614,0.994634473507713,,iscx_url2016_binary,,16,0,0.0,0.0351899000002049,5.115554586452238e-06,0.996561474821888,rf,20261006,5388,1491,6879,,0.9985170925513988,1.0,0.989268947015426,r05,0.9993449934947474,S3-domain,s3,rf_depth24_leaf2,"{""class_weight"": null, ""max_depth"": 24, ""max_features"": ""sqrt"", ""min_samples_leaf"": 2, ""n_estimators"": 200}",0.62,5388,,1475,8.185960200000409,0.9989273908620202,0.9992674052738496,f_dcss_15,15,"[""url_length"", ""subdomain_depth"", ""hostname_length"", ""dot_count"", ""hyphen_count"", ""token_count"", ""path_length"", ""special_char_count"", ""longest_repeated_char_run"", ""token_max_length"", ""char_type_transition_count"", ""registrable_domain_length"", ""letter_count"", ""token_mean_length"", ""slash_count""]",,,,,,,0.01002613570859251,0.040674303050389354,0.0006550065052527489,0.05019005839806322,"[0, 1]",0.9993449934947474,0.9985170925513988,0.0,0.0,0,${EXPERIMENT_ROOT}\part11_dcss_innovation\predictions\main_comparison\internal\iscx_url2016_binary\s3\r05\rf\f_dcss_15.parquet
0.9973833406018316,0.9939637826961772,,iscx_url2016_binary,,18,0,0.0,0.0342990999997709,4.986059020173134e-06,0.9961297661993956,rf,20261006,5388,1491,6879,,0.9986414399922404,1.0,0.9879275653923542,r05,0.9994003864812234,S3-domain,s3,rf_unlimited_leaf5_balanced,"{""class_weight"": ""balanced_subsample"", ""max_depth"": null, ""max_features"": ""sqrt"", ""min_samples_leaf"": 5, ""n_estimators"": 200}",0.74,5388,,1473,8.844934400000056,0.9989268745006724,0.9995610486144966,f_dcss_20,20,"[""url_length"", ""subdomain_depth"", ""hostname_length"", ""dot_count"", ""hyphen_count"", ""token_count"", ""path_length"", ""special_char_count"", ""longest_repeated_char_run"", ""token_max_length"", ""char_type_transition_count"", ""registrable_domain_length"", ""letter_count"", ""token_mean_length"", ""question_mark_count"", ""slash_count"", ""digit_count"", ""digit_ratio"", ""special_char_ratio"", ""path_segment_count""]",,,,,,,0.014575084064768673,0.05307490794001136,0.0005996135187766043,0.06534700386868558,"[0, 1]",0.9994003864812234,0.9986414399922405,0.0,1.1102230246251565e-16,0,${EXPERIMENT_ROOT}\part11_dcss_innovation\predictions\main_comparison\internal\iscx_url2016_binary\s3\r05\rf\f_dcss_20.parquet
0.99229539177206,0.9822266934942993,,iscx_url2016_binary,,53,0,0.0,0.0471176000000923,6.84948393663212e-06,0.9885054108309816,rf,20261006,5388,1491,6879,,0.9993036773467512,1.0,0.9644533869885984,r05,0.9997506693215468,S3-domain,s3,rf_depth24_leaf2,"{""class_weight"": null, ""max_depth"": 24, ""max_features"": ""sqrt"", ""min_samples_leaf"": 2, ""n_estimators"": 200}",0.77,5388,,1438,11.699698200000055,0.9972058340757916,0.998804866558148,f_mi,15,"[""url_length"", ""subdomain_depth"", ""token_count"", ""special_char_count"", ""path_length"", ""char_type_transition_count"", ""hostname_length"", ""dot_count"", ""hyphen_count"", ""token_mean_length"", ""special_char_ratio"", ""digit_ratio"", ""letter_ratio"", ""longest_repeated_char_run"", ""letter_count""]",,,,,,,0.003729818164769186,0.016265522630829858,0.00024933067845329916,0.02317673957843631,,0.9997506693215469,0.9993036773467511,1.1102230246251565e-16,-1.1102230246251565e-16,0,${EXPERIMENT_ROOT}\part8_traditional_baselines_and_error_analysis\predictions\internal\iscx_url2016_binary\s3\r05\rf\f_mi.parquet
0.9976740805349614,0.994634473507713,,iscx_url2016_binary,,16,0,0.0,0.0621519000001171,9.03501962496252e-06,0.996561474821888,rf,20261006,5388,1491,6879,,0.9979070952958596,1.0,0.989268947015426,r05,0.9990604353664676,S3-domain,s3,rf_depth24_leaf2,"{""class_weight"": null, ""max_depth"": 24, ""max_features"": ""sqrt"", ""min_samples_leaf"": 2, ""n_estimators"": 200}",0.59,5388,,1475,10.595776699999988,0.999356434517212,0.9997719470962672,f_permutation,15,"[""url_length"", ""subdomain_depth"", ""hostname_length"", ""dot_count"", ""path_length"", ""token_max_length"", ""hyphen_count"", ""token_count"", ""question_mark_count"", ""token_mean_length"", ""special_char_count"", ""path_segment_count"", ""tld_length"", ""registrable_domain_length"", ""slash_count""]",,,,,,,0.01855288750981745,0.05563757537603874,0.0009395646335324492,0.07148248172023434,,0.9990604353664675,0.9979070952958595,-1.1102230246251565e-16,-1.1102230246251565e-16,0,${EXPERIMENT_ROOT}\part8_traditional_baselines_and_error_analysis\predictions\internal\iscx_url2016_binary\s3\r05\rf\f_permutation.parquet
0.9975287105683964,0.994299128101945,,iscx_url2016_binary,,17,0,0.0,0.030779500000051,4.474414885891995e-06,0.9963456734261432,rf,20261006,5388,1491,6879,20260907.0,0.9990383461509016,1.0,0.98859825620389,r05,0.9995838679690118,S3-domain,s3,rf_depth16_leaf1,"{""class_weight"": null, ""max_depth"": 16, ""max_features"": ""sqrt"", ""min_samples_leaf"": 1, ""n_estimators"": 200}",0.69,5388,10.130156399999976,1474,6.91694369999999,0.9984976243009412,0.9992984345959282,f_single,15,"[""subdomain_depth"", ""url_length"", ""hostname_length"", ""dot_count"", ""hyphen_count"", ""path_length"", ""longest_repeated_char_run"", ""token_count"", ""special_char_count"", ""token_max_length"", ""char_type_transition_count"", ""digit_ratio"", ""token_mean_length"", ""digit_count"", ""question_mark_count""]",0.0149316999999769,3.021060499999976,200.0,200.0,0.0151053024999998,positive_class_probability,0.003078228917591494,0.014564934224324637,0.00041613203098820597,0.020592660760706847,,0.9995838679690118,0.9990383461509015,0.0,-1.1102230246251565e-16,0,${EXPERIMENT_ROOT}\part6_stable_feature_selection\predictions\iscx_url2016_binary\s3\r05\rf\f_single.parquet
0.9972379706352668,0.9936284372904092,,iscx_url2016_binary,,19,0,0.0,0.0341753999999809,4.968076755339582e-06,0.9959137530234324,rf,20261006,5388,1491,6879,20260907.0,0.999068739675337,1.0,0.9872568745808182,r05,0.9995895939855912,S3-domain,s3,rf_depth24_leaf2,"{""class_weight"": null, ""max_depth"": 24, ""max_features"": ""sqrt"", ""min_samples_leaf"": 2, ""n_estimators"": 200}",0.71,5388,9.558657299999991,1472,6.300082799999984,0.9984969003188676,0.999274973401186,f_stable,13,"[""subdomain_depth"", ""url_length"", ""hostname_length"", ""dot_count"", ""path_length"", ""hyphen_count"", ""token_count"", ""longest_repeated_char_run"", ""special_char_count"", ""token_max_length"", ""char_type_transition_count"", ""token_mean_length"", ""digit_count""]",0.0104950999999573,3.065566999999988,200.0,200.0,0.0153278349999999,positive_class_probability,0.0034631107093665648,0.017323606441710677,0.0004104060144086493,0.023550231625297603,,0.9995895939855914,0.999068739675337,2.220446049250313e-16,0.0,0,${EXPERIMENT_ROOT}\part6_stable_feature_selection\predictions\iscx_url2016_binary\s3\r05\rf\f_stable.parquet
0.9979648204680912,0.9953051643192488,master,iscx_url2016_binary,ISCX-URL2016-binary,14,0,0.0,0.0080228000001625,1.166274167780569e-06,0.9969927605924422,xgb,20261006,5388,1491,6879,20260907.0,0.9995791137082864,1.0,0.9906103286384976,r05,0.9998583433289666,S3-domain,s3,xgb_d6_lr005,"{""colsample_bytree"": 0.9, ""learning_rate"": 0.05, ""max_depth"": 6, ""n_estimators"": 250, ""reg_lambda"": 1.0, ""scale_pos_weight"": 1.0, ""subsample"": 0.9}",0.76,5388,4.543962199999896,1477,4.516707199999928,0.9995710595019596,0.9998177342666515,f_all,35,"[""url_length"", ""hostname_length"", ""path_length"", ""query_length"", ""fragment_length"", ""digit_count"", ""letter_count"", ""special_char_count"", ""digit_ratio"", ""letter_ratio"", ""special_char_ratio"", ""dot_count"", ""hyphen_count"", ""underscore_count"", ""slash_count"", ""question_mark_count"", ""equals_sign_count"", ""percent_sign_count"", ""at_sign_count"", ""subdomain_depth"", ""path_segment_count"", ""query_parameter_count"", ""has_port"", ""has_userinfo"", ""host_is_ip"", ""tld_length"", ""registrable_domain_length"", ""domain_digit_ratio"", ""domain_hyphen_ratio"", ""url_char_entropy"", ""longest_repeated_char_run"", ""char_type_transition_count"", ""token_count"", ""token_mean_length"", ""token_max_length""]",0.0416642000000138,0.0261279000001195,200.0,200.0,0.0001306395000005,raw_margin,0.0013408291932256624,0.0016680371986246018,0.0001416566710333767,0.006907696333658667,,0.9998583433289666,0.9995791137082864,0.0,0.0,0,${EXPERIMENT_ROOT}\part4_baseline_models\predictions\internal\iscx_url2016_binary\s3\r05\xgb.parquet
0.9978194505015264,0.9949698189134808,,iscx_url2016_binary,,15,0,0.0,0.0069859000000178,1.0155400494283856e-06,0.996777170504687,xgb,20261006,5388,1491,6879,,0.9991922544365592,1.0,0.9899396378269618,r05,0.9996036600697976,S3-domain,s3,xgb_d4_lr005,"{""colsample_bytree"": 0.9, ""learning_rate"": 0.05, ""max_depth"": 4, ""n_estimators"": 300, ""reg_lambda"": 1.0, ""scale_pos_weight"": 1.0, ""subsample"": 0.9}",0.65,5388,,1476,4.330480600000101,0.999356434517212,0.999800327573778,f_dcss_10,10,"[""subdomain_depth"", ""url_length"", ""dot_count"", ""hostname_length"", ""hyphen_count"", ""token_max_length"", ""tld_length"", ""slash_count"", ""longest_repeated_char_run"", ""digit_ratio""]",,,,,,,0.0017883840362375452,0.002508386671657984,0.00039633993020234744,0.009568984934493973,"[0, 1]",0.9996036600697976,0.9991922544365591,0.0,-1.1102230246251565e-16,0,${EXPERIMENT_ROOT}\part11_dcss_innovation\predictions\main_comparison\internal\iscx_url2016_binary\s3\r05\xgb\f_dcss_10.parquet
0.9981101904346562,0.9956405097250168,,iscx_url2016_binary,,13,0,0.0,0.0066759999999703,9.704898967830168e-07,0.9972082452029016,xgb,20261006,5388,1491,6879,,0.99888956326911,1.0,0.9912810194500336,r05,0.999548889476428,S3-domain,s3,xgb_d4_lr005,"{""colsample_bytree"": 0.9, ""learning_rate"": 0.05, ""max_depth"": 4, ""n_estimators"": 300, ""reg_lambda"": 1.0, ""scale_pos_weight"": 1.0, ""subsample"": 0.9}",0.58,5388,,1478,4.659201699999812,0.9997855812912328,0.9998509078914756,f_dcss_15,15,"[""subdomain_depth"", ""url_length"", ""dot_count"", ""hostname_length"", ""hyphen_count"", ""token_max_length"", ""slash_count"", ""tld_length"", ""longest_repeated_char_run"", ""digit_ratio"", ""token_mean_length"", ""token_count"", ""path_length"", ""registrable_domain_length"", ""path_segment_count""]",,,,,,,0.00252054305387749,0.006916449133590352,0.00045111052357201865,0.01373314387144221,"[0, 1]",0.9995488894764281,0.99888956326911,1.1102230246251565e-16,0.0,0,${EXPERIMENT_ROOT}\part11_dcss_innovation\predictions\main_comparison\internal\iscx_url2016_binary\s3\r05\xgb\f_dcss_15.parquet
0.9978194505015264,0.9949698189134808,,iscx_url2016_binary,,15,0,0.0,0.0073000000002139,1.0612007559549227e-06,0.996777170504687,xgb,20261006,5388,1491,6879,,0.9991323626358936,1.0,0.9899396378269618,r05,0.9995791377814028,S3-domain,s3,xgb_d6_lr01_balanced,"{""colsample_bytree"": 0.9, ""learning_rate"": 0.1, ""max_depth"": 6, ""n_estimators"": 200, ""reg_lambda"": 1.0, ""scale_pos_weight"": 3.537326264507809, ""subsample"": 0.9}",0.9,5388,,1476,4.557872699999734,0.9995710595019596,0.9998642782497696,f_dcss_20,20,"[""subdomain_depth"", ""url_length"", ""dot_count"", ""hostname_length"", ""hyphen_count"", ""token_max_length"", ""slash_count"", ""tld_length"", ""longest_repeated_char_run"", ""digit_ratio"", ""token_mean_length"", ""token_count"", ""path_length"", ""registrable_domain_length"", ""path_segment_count"", ""url_char_entropy"", ""percent_sign_count"", ""special_char_ratio"", ""digit_count"", ""query_length""]",,,,,,,0.0016738686281983566,0.0013985418223869325,0.00042086221859740475,0.008124829327723479,"[0, 1]",0.9995791377814027,0.9991323626358937,-1.1102230246251565e-16,1.1102230246251565e-16,0,${EXPERIMENT_ROOT}\part11_dcss_innovation\predictions\main_comparison\internal\iscx_url2016_binary\s3\r05\xgb\f_dcss_20.parquet
0.9928768716383196,0.9835680751173708,,iscx_url2016_binary,,49,0,0.0,0.0064528999996582,9.380578571970136e-07,0.989383498597232,xgb,20261006,5388,1491,6879,,0.9996428141943596,1.0,0.9671361502347418,r05,0.9998933218215506,S3-domain,s3,xgb_d4_lr005,"{""colsample_bytree"": 0.9, ""learning_rate"": 0.05, ""max_depth"": 4, ""n_estimators"": 300, ""reg_lambda"": 1.0, ""scale_pos_weight"": 1.0, ""subsample"": 0.9}",0.93,5388,,1442,5.6336653999997,0.995706464127312,0.999070507827651,f_mi,15,"[""url_length"", ""subdomain_depth"", ""token_count"", ""special_char_count"", ""path_length"", ""char_type_transition_count"", ""hostname_length"", ""dot_count"", ""hyphen_count"", ""token_mean_length"", ""special_char_ratio"", ""digit_ratio"", ""letter_ratio"", ""longest_repeated_char_run"", ""letter_count""]",,,,,,,0.0021648944151536112,0.0027042585881054447,0.00010667817844956393,0.009296469075052959,,0.9998933218215506,0.9996428141943595,0.0,-1.1102230246251565e-16,0,${EXPERIMENT_ROOT}\part8_traditional_baselines_and_error_analysis\predictions\internal\iscx_url2016_binary\s3\r05\xgb\f_mi.parquet
0.9956389010030527,0.9899396378269618,,iscx_url2016_binary,,30,0,0.0,0.0106907999997929,1.5541212385220154e-06,0.9935305814746098,xgb,20261006,5388,1491,6879,,0.9986328572224716,1.0,0.9798792756539236,r05,0.9992990608834896,S3-domain,s3,xgb_d6_lr005,"{""colsample_bytree"": 0.9, ""learning_rate"": 0.05, ""max_depth"": 6, ""n_estimators"": 250, ""reg_lambda"": 1.0, ""scale_pos_weight"": 1.0, ""subsample"": 0.9}",0.72,5388,,1461,5.895742000000155,0.9991421190039192,0.9996228549877428,f_permutation,15,"[""url_length"", ""dot_count"", ""subdomain_depth"", ""hostname_length"", ""token_max_length"", ""hyphen_count"", ""path_length"", ""percent_sign_count"", ""special_char_ratio"", ""tld_length"", ""token_count"", ""underscore_count"", ""equals_sign_count"", ""slash_count"", ""question_mark_count""]",,,,,,,0.0020042709023437954,0.0034392347205202223,0.0007009391165104958,0.010828693556795907,,0.9992990608834895,0.9986328572224717,-1.1102230246251565e-16,1.1102230246251565e-16,0,${EXPERIMENT_ROOT}\part8_traditional_baselines_and_error_analysis\predictions\internal\iscx_url2016_binary\s3\r05\xgb\f_permutation.parquet
0.9979648204680912,0.9953051643192488,,iscx_url2016_binary,,14,0,0.0,0.0054681999999957,7.949120511696037e-07,0.9969927605924422,xgb,20261006,5388,1491,6879,20260907.0,0.9989193665088152,1.0,0.9906103286384976,r05,0.999453414373895,S3-domain,s3,xgb_d4_lr005,"{""colsample_bytree"": 0.9, ""learning_rate"": 0.05, ""max_depth"": 4, ""n_estimators"": 300, ""reg_lambda"": 1.0, ""scale_pos_weight"": 1.0, ""subsample"": 0.9}",0.63,5388,4.461924399999987,1477,4.226010599999995,0.9997855812912328,0.9998752520344072,f_single,15,"[""url_length"", ""subdomain_depth"", ""dot_count"", ""hostname_length"", ""hyphen_count"", ""token_max_length"", ""path_length"", ""digit_ratio"", ""longest_repeated_char_run"", ""tld_length"", ""slash_count"", ""registrable_domain_length"", ""token_mean_length"", ""token_count"", ""url_char_entropy""]",0.0415384000000358,0.0154021999999827,200.0,200.0,7.701099999991356e-05,raw_margin,0.0022564539313520635,0.00379756790575675,0.0005465856261050592,0.011162801689830616,,0.999453414373895,0.9989193665088152,0.0,0.0,0,${EXPERIMENT_ROOT}\part6_stable_feature_selection\predictions\iscx_url2016_binary\s3\r05\xgb\f_single.parquet
0.9979648204680912,0.9953051643192488,,iscx_url2016_binary,,14,0,0.0,0.0057098999999993,8.300479720888761e-07,0.9969927605924422,xgb,20261006,5388,1491,6879,20260907.0,0.9992223554479708,1.0,0.9906103286384976,r05,0.9997341136649144,S3-domain,s3,xgb_d4_lr005,"{""colsample_bytree"": 0.9, ""learning_rate"": 0.05, ""max_depth"": 4, ""n_estimators"": 300, ""reg_lambda"": 1.0, ""scale_pos_weight"": 1.0, ""subsample"": 0.9}",0.6,5388,4.414100399999995,1477,4.166099099999997,0.9997855812912328,0.9997996968965002,f_stable,14,"[""url_length"", ""subdomain_depth"", ""dot_count"", ""hostname_length"", ""hyphen_count"", ""token_max_length"", ""path_length"", ""longest_repeated_char_run"", ""digit_ratio"", ""token_mean_length"", ""tld_length"", ""slash_count"", ""registrable_domain_length"", ""token_count""]",0.0484295999999631,0.0130960999999842,200.0,200.0,6.548049999992145e-05,raw_margin,0.002263570921515289,0.004761375245067674,0.0002658863350854944,0.011606245975149516,,0.9997341136649145,0.9992223554479708,1.1102230246251565e-16,0.0,0,${EXPERIMENT_ROOT}\part6_stable_feature_selection\predictions\iscx_url2016_binary\s3\r05\xgb\f_stable.parquet
0.7789055604589585,0.8558861425696441,master,iscx_url2016_binary,ISCX-URL2016-binary,10,1493,0.2815387516500094,0.003400000000056,5.00147102097091e-07,0.749617732703356,lr,20261007,5303,1495,6798,20260908.0,0.5063441750119412,0.4986568166554734,0.9933110367892976,r06,0.8000378406366812,S3-domain,s3,lr_c01,"{""C"": 0.1, ""class_weight"": null}",0.67,3810,3.626881400000002,1485,3.606010800000149,0.991583536834485,0.9952749160142742,f_all,35,"[""url_length"", ""hostname_length"", ""path_length"", ""query_length"", ""fragment_length"", ""digit_count"", ""letter_count"", ""special_char_count"", ""digit_ratio"", ""letter_ratio"", ""special_char_ratio"", ""dot_count"", ""hyphen_count"", ""underscore_count"", ""slash_count"", ""question_mark_count"", ""equals_sign_count"", ""percent_sign_count"", ""at_sign_count"", ""subdomain_depth"", ""path_segment_count"", ""query_parameter_count"", ""has_port"", ""has_userinfo"", ""host_is_ip"", ""tld_length"", ""registrable_domain_length"", ""domain_digit_ratio"", ""domain_hyphen_ratio"", ""url_char_entropy"", ""longest_repeated_char_run"", ""char_type_transition_count"", ""token_count"", ""token_mean_length"", ""token_max_length""]",0.0007339000003412,0.0047068000003491,200.0,200.0,2.35340000017455e-05,raw_log_odds,0.21648523258528402,0.23296094697639216,0.1999743945025123,1.1461798280758175,,0.8000256054974877,0.5056724086025579,-1.2235139193461642e-05,-0.0006717664093832676,0,${EXPERIMENT_ROOT}\part4_baseline_models\predictions\internal\iscx_url2016_binary\s3\r06\lr.parquet
0.7740511915269197,0.8486919437915182,,iscx_url2016_binary,,27,1509,0.2845559117480671,0.0014956999998503,2.200205942704223e-07,0.7440911504306792,lr,20261007,5303,1495,6798,,0.4602815832752054,0.4931138730265368,0.9819397993311036,r06,0.7769347444527204,S3-domain,s3,lr_c1_balanced,"{""C"": 1.0, ""class_weight"": ""balanced""}",0.88,3794,,1468,3.4417905000000246,0.9900606274274087,0.9955503872031992,f_dcss_10,10,"[""subdomain_depth"", ""dot_count"", ""hyphen_count"", ""token_count"", ""char_type_transition_count"", ""hostname_length"", ""special_char_count"", ""registrable_domain_length"", ""slash_count"", ""letter_count""]",,,,,,,0.2369285689627161,0.2619738896711467,0.22306525554727966,1.9989848782395003,"[0, 1]",0.7769347444527204,0.46028158327520546,0.0,5.551115123125783e-17,0,${EXPERIMENT_ROOT}\part11_dcss_innovation\predictions\main_comparison\internal\iscx_url2016_binary\s3\r06\lr\f_dcss_10.parquet
0.7521329802883201,0.7945362535373112,,iscx_url2016_binary,,194,1491,0.2811616066377522,0.0040320000002793,5.931156222829314e-07,0.712971810465669,lr,20261007,5303,1495,6798,,0.4715926368962864,0.4659742120343839,0.8702341137123746,r06,0.7832456797029763,S3-domain,s3,lr_c1_balanced,"{""C"": 1.0, ""class_weight"": ""balanced""}",0.94,3812,,1301,4.056239599999572,0.9889720793805084,0.9951279067625252,f_dcss_15,15,"[""subdomain_depth"", ""dot_count"", ""hyphen_count"", ""token_count"", ""char_type_transition_count"", ""hostname_length"", ""special_char_count"", ""registrable_domain_length"", ""slash_count"", ""letter_count"", ""path_length"", ""url_length"", ""digit_ratio"", ""tld_length"", ""question_mark_count""]",,,,,,,0.23308331969712806,0.24128003108082258,0.2167543202970238,1.9425358568598137,"[0, 1]",0.7832456797029763,0.4715926368962864,0.0,0.0,0,${EXPERIMENT_ROOT}\part11_dcss_innovation\predictions\main_comparison\internal\iscx_url2016_binary\s3\r06\lr\f_dcss_15.parquet
0.7777287437481613,0.8541712049152465,,iscx_url2016_binary,,14,1497,0.2822930416745238,0.0020689000002676,3.043395116604301e-07,0.7482850260244649,lr,20261007,5303,1495,6798,,0.4939465515052198,0.4973136333109469,0.9906354515050168,r06,0.7918520279743213,S3-domain,s3,lr_c01,"{""C"": 0.1, ""class_weight"": null}",0.73,3806,,1481,4.072403799999847,0.9896182100127904,0.994422112979784,f_dcss_20,20,"[""subdomain_depth"", ""dot_count"", ""hyphen_count"", ""token_count"", ""char_type_transition_count"", ""hostname_length"", ""special_char_count"", ""registrable_domain_length"", ""slash_count"", ""letter_count"", ""path_length"", ""url_length"", ""digit_ratio"", ""question_mark_count"", ""tld_length"", ""special_char_ratio"", ""percent_sign_count"", ""domain_hyphen_ratio"", ""underscore_count"", ""token_max_length""]",,,,,,,0.22244557803887316,0.24845860541432654,0.20814797202567864,1.2754694226382042,"[0, 1]",0.7918520279743213,0.4939465515052198,0.0,0.0,0,${EXPERIMENT_ROOT}\part11_dcss_innovation\predictions\main_comparison\internal\iscx_url2016_binary\s3\r06\lr\f_dcss_20.parquet
0.7741982936157693,0.8514280110267616,,iscx_url2016_binary,,16,1519,0.2864416368093532,0.0017950999999811,2.6406295969125854e-07,0.7448658585661306,lr,20261007,5303,1495,6798,,0.4785711961282954,0.4933288859239493,0.9892976588628762,r06,0.7839965640701894,S3-domain,s3,lr_c01,"{""C"": 0.1, ""class_weight"": null}",0.54,3784,,1479,5.306124199999886,0.9935369433666246,0.9976833283790842,f_mi,15,"[""url_length"", ""subdomain_depth"", ""token_count"", ""special_char_count"", ""char_type_transition_count"", ""path_length"", ""hostname_length"", ""dot_count"", ""hyphen_count"", ""token_mean_length"", ""special_char_ratio"", ""digit_ratio"", ""letter_ratio"", ""longest_repeated_char_run"", ""letter_count""]",,,,,,,0.2237085783068348,0.24119344476449034,0.21600343592981067,1.4074470394220786,,0.7839965640701894,0.4785711961282954,0.0,0.0,0,${EXPERIMENT_ROOT}\part8_traditional_baselines_and_error_analysis\predictions\internal\iscx_url2016_binary\s3\r06\lr\f_mi.parquet
0.7775816416593115,0.8535965948472405,,iscx_url2016_binary,,16,1496,0.2821044691683952,0.0015047000001686,2.2134451311689738e-07,0.7480322465350859,lr,20261007,5303,1495,6798,,0.4994467215267132,0.4971428571428571,0.9892976588628762,r06,0.7941924713530614,S3-domain,s3,lr_c01,"{""C"": 0.1, ""class_weight"": null}",0.63,3807,,1479,4.364650900000015,0.9915793830241836,0.9956890563873216,f_permutation,15,"[""subdomain_depth"", ""dot_count"", ""hyphen_count"", ""hostname_length"", ""slash_count"", ""path_length"", ""char_type_transition_count"", ""special_char_ratio"", ""registrable_domain_length"", ""equals_sign_count"", ""token_count"", ""domain_hyphen_ratio"", ""digit_count"", ""query_length"", ""letter_count""]",,,,,,,0.22058219544143878,0.24788579738750552,0.20580752864693866,1.147028201916299,,0.7941924713530614,0.49944672152671327,0.0,5.551115123125783e-17,0,${EXPERIMENT_ROOT}\part8_traditional_baselines_and_error_analysis\predictions\internal\iscx_url2016_binary\s3\r06\lr\f_permutation.parquet
0.7774345395704619,0.8520613371493513,,iscx_url2016_binary,,22,1491,0.2811616066377522,0.0014392000000498,2.117093262797621e-07,0.7475478980684325,lr,20261007,5303,1495,6798,20260908.0,0.5037294029859235,0.4969635627530364,0.9852842809364548,r06,0.7978089010006957,S3-domain,s3,lr_c01,"{""C"": 0.1, ""class_weight"": null}",0.65,3812,3.655810600000052,1473,3.4864592999999786,0.991143183148876,0.9950138843454192,f_single,15,"[""subdomain_depth"", ""dot_count"", ""hyphen_count"", ""registrable_domain_length"", ""hostname_length"", ""token_count"", ""path_length"", ""special_char_count"", ""question_mark_count"", ""slash_count"", ""letter_count"", ""token_mean_length"", ""equals_sign_count"", ""char_type_transition_count"", ""special_char_ratio""]",0.0006395999999995,0.0043948,200.0,200.0,2.197400000000016e-05,raw_log_odds,0.2150018471168009,0.23290253505668546,0.2022028926644034,1.1062220227418813,,0.7977971073355966,0.5030721772174229,-1.1793665099069095e-05,-0.00065722576850058,0,${EXPERIMENT_ROOT}\part6_stable_feature_selection\predictions\iscx_url2016_binary\s3\r06\lr\f_single.parquet
0.7768461312150633,0.85048338259974,,iscx_url2016_binary,,27,1490,0.2809730341316236,0.0011622999999758,1.7097675786641036e-07,0.7467057528607206,lr,20261007,5303,1495,6798,20260908.0,0.4853518571079512,0.4962812711291413,0.9819397993311036,r06,0.790273442747432,S3-domain,s3,lr_c1,"{""C"": 1.0, ""class_weight"": null}",0.76,3813,3.786957700000016,1468,3.649208399999964,0.9904786411468564,0.9945117375871164,f_stable,12,"[""subdomain_depth"", ""dot_count"", ""hyphen_count"", ""token_count"", ""hostname_length"", ""registrable_domain_length"", ""special_char_count"", ""path_length"", ""char_type_transition_count"", ""question_mark_count"", ""slash_count"", ""letter_count""]",0.0008402000000273,0.0044189999999844,200.0,200.0,2.209499999992204e-05,raw_log_odds,0.22197389395229056,0.23508460420117205,0.20973828784993914,1.450712545344797,,0.7902617121500608,0.4846949091898259,-1.173059737125115e-05,-0.0006569479181253168,0,${EXPERIMENT_ROOT}\part6_stable_feature_selection\predictions\iscx_url2016_binary\s3\r06\lr\f_stable.parquet
0.9741100323624596,0.9824449718307994,master,iscx_url2016_binary,ISCX-URL2016-binary,4,172,0.0324344710541203,0.0487260999998397,7.167711091473932e-06,0.9637035283341996,rf,20261007,5303,1495,6798,20260908.0,0.9986570125719167,0.8965724594107035,0.9973244147157192,r06,0.9992392770672496,S3-domain,s3,rf_depth24_leaf2,"{""class_weight"": null, ""max_depth"": 24, ""max_features"": ""sqrt"", ""min_samples_leaf"": 2, ""n_estimators"": 200}",0.5,5131,8.019276899999568,1491,7.946669500000098,0.9989288597508844,0.9997202965379508,f_all,35,"[""url_length"", ""hostname_length"", ""path_length"", ""query_length"", ""fragment_length"", ""digit_count"", ""letter_count"", ""special_char_count"", ""digit_ratio"", ""letter_ratio"", ""special_char_ratio"", ""dot_count"", ""hyphen_count"", ""underscore_count"", ""slash_count"", ""question_mark_count"", ""equals_sign_count"", ""percent_sign_count"", ""at_sign_count"", ""subdomain_depth"", ""path_segment_count"", ""query_parameter_count"", ""has_port"", ""has_userinfo"", ""host_is_ip"", ""tld_length"", ""registrable_domain_length"", ""domain_digit_ratio"", ""domain_hyphen_ratio"", ""url_char_entropy"", ""longest_repeated_char_run"", ""char_type_transition_count"", ""token_count"", ""token_mean_length"", ""token_max_length""]",0.0093965000000935,3.0850854999998774,200.0,200.0,0.0154254274999993,positive_class_probability,0.04611106853024242,0.11612950788305981,0.0007607229327502512,0.150732614442004,,0.9992392770672498,0.9986570125719169,2.220446049250313e-16,1.1102230246251565e-16,0,${EXPERIMENT_ROOT}\part4_baseline_models\predictions\internal\iscx_url2016_binary\s3\r06\rf.parquet
0.8223006766696087,0.8851415586684385,,iscx_url2016_binary,,4,1204,0.2270412973788421,0.0484640999998191,7.129170344192285e-06,0.7916329240920207,rf,20261007,5303,1495,6798,,0.9979520896025744,0.5532467532467532,0.9973244147157192,r06,0.9988757546841978,S3-domain,s3,rf_depth16_leaf1,"{""class_weight"": null, ""max_depth"": 16, ""max_features"": ""sqrt"", ""min_samples_leaf"": 1, ""n_estimators"": 200}",0.53,4099,,1491,7.758129199999985,0.9991432958761384,0.9998012076417924,f_dcss_10,10,"[""url_length"", ""subdomain_depth"", ""hostname_length"", ""dot_count"", ""token_count"", ""hyphen_count"", ""path_length"", ""longest_repeated_char_run"", ""special_char_count"", ""char_type_transition_count""]",,,,,,,0.082969522746936,0.1518518521314929,0.001124245315802187,0.22876588859059993,"[0, 1]",0.9988757546841978,0.9979520896025745,0.0,1.1102230246251565e-16,0,${EXPERIMENT_ROOT}\part11_dcss_innovation\predictions\main_comparison\internal\iscx_url2016_binary\s3\r06\rf\f_dcss_10.parquet
0.8862900853192115,0.9261560787514104,,iscx_url2016_binary,,4,769,0.1450122572128983,0.0406527999998616,5.980111797567167e-06,0.8577961085926686,rf,20261007,5303,1495,6798,,0.9985008325854772,0.6597345132743363,0.9973244147157192,r06,0.9990636965130484,S3-domain,s3,rf_unlimited_leaf5_balanced,"{""class_weight"": ""balanced_subsample"", ""max_depth"": null, ""max_features"": ""sqrt"", ""min_samples_leaf"": 5, ""n_estimators"": 200}",0.58,4534,,1491,7.484201900000244,0.9993573158505308,0.9996693847818412,f_dcss_15,15,"[""url_length"", ""subdomain_depth"", ""hostname_length"", ""dot_count"", ""token_count"", ""hyphen_count"", ""path_length"", ""longest_repeated_char_run"", ""special_char_count"", ""token_max_length"", ""registrable_domain_length"", ""letter_count"", ""token_mean_length"", ""char_type_transition_count"", ""question_mark_count""]",,,,,,,0.09047574314426389,0.17538636242625869,0.0009363034869516024,0.25326485861002224,"[0, 1]",0.9990636965130484,0.9985008325854771,0.0,-1.1102230246251565e-16,0,${EXPERIMENT_ROOT}\part11_dcss_innovation\predictions\main_comparison\internal\iscx_url2016_binary\s3\r06\rf\f_dcss_15.parquet
0.9832303618711384,0.9882907195207862,,iscx_url2016_binary,,4,110,0.0207429756741467,0.0369425000003502,5.434318917380151e-06,0.9761605758582504,rf,20261007,5303,1495,6798,,0.9986530912017668,0.9312929419113054,0.9973244147157192,r06,0.9992294385017126,S3-domain,s3,rf_depth16_leaf1,"{""class_weight"": null, ""max_depth"": 16, ""max_features"": ""sqrt"", ""min_samples_leaf"": 1, ""n_estimators"": 200}",0.5,5193,,1491,9.17839499999991,0.9989288597508844,0.9997239064179684,f_dcss_20,20,"[""url_length"", ""subdomain_depth"", ""hostname_length"", ""dot_count"", ""token_count"", ""hyphen_count"", ""path_length"", ""longest_repeated_char_run"", ""special_char_count"", ""token_max_length"", ""registrable_domain_length"", ""char_type_transition_count"", ""letter_count"", ""slash_count"", ""token_mean_length"", ""question_mark_count"", ""digit_count"", ""digit_ratio"", ""special_char_ratio"", ""path_segment_count""]",,,,,,,0.04304950836441701,0.1054023693095935,0.0007705614982873958,0.1377514894791076,"[0, 1]",0.9992294385017126,0.9986530912017669,0.0,1.1102230246251565e-16,0,${EXPERIMENT_ROOT}\part11_dcss_innovation\predictions\main_comparison\internal\iscx_url2016_binary\s3\r06\rf\f_dcss_20.parquet
0.9196822594880848,0.9473188962895364,,iscx_url2016_binary,,5,541,0.102017725815576,0.1082458999999289,1.592319799940114e-05,0.8954649275829263,rf,20261007,5303,1495,6798,,0.9983468071388942,0.7336287543082225,0.9966555183946488,r06,0.999069498744006,S3-domain,s3,rf_depth16_leaf1,"{""class_weight"": null, ""max_depth"": 16, ""max_features"": ""sqrt"", ""min_samples_leaf"": 1, ""n_estimators"": 200}",0.59,4762,,1490,14.907083900000089,0.9987149438142076,0.999692911241266,f_mi,15,"[""url_length"", ""subdomain_depth"", ""token_count"", ""special_char_count"", ""char_type_transition_count"", ""path_length"", ""hostname_length"", ""dot_count"", ""hyphen_count"", ""token_mean_length"", ""special_char_ratio"", ""digit_ratio"", ""letter_ratio"", ""longest_repeated_char_run"", ""letter_count""]",,,,,,,0.07434192127664453,0.14221069234355235,0.0009305012559937991,0.20793778025091575,,0.9990694987440061,0.9983468071388942,1.1102230246251565e-16,0.0,0,${EXPERIMENT_ROOT}\part8_traditional_baselines_and_error_analysis\predictions\internal\iscx_url2016_binary\s3\r06\rf\f_mi.parquet
0.9867608120035304,0.9907937515018004,,iscx_url2016_binary,,3,87,0.0164058080331887,0.0493576000003486,7.260606060657342e-06,0.9810843395694642,rf,20261007,5303,1495,6798,,0.998965114494296,0.9449018366054464,0.9979933110367892,r06,0.9993985861476782,S3-domain,s3,rf_depth16_leaf1,"{""class_weight"": null, ""max_depth"": 16, ""max_features"": ""sqrt"", ""min_samples_leaf"": 1, ""n_estimators"": 200}",0.49,5216,,1492,10.15505340000027,0.9991432958761384,0.9997497979711976,f_permutation,15,"[""url_length"", ""subdomain_depth"", ""dot_count"", ""hostname_length"", ""path_length"", ""token_max_length"", ""token_count"", ""question_mark_count"", ""special_char_count"", ""hyphen_count"", ""token_mean_length"", ""path_segment_count"", ""slash_count"", ""registrable_domain_length"", ""char_type_transition_count""]",,,,,,,0.043183971867291206,0.10588424455898353,0.0006014138523218698,0.13792271978867374,,0.9993985861476782,0.998965114494296,0.0,0.0,0,${EXPERIMENT_ROOT}\part8_traditional_baselines_and_error_analysis\predictions\internal\iscx_url2016_binary\s3\r06\rf\f_permutation.parquet
0.9479258605472196,0.9656620187853534,,iscx_url2016_binary,,4,350,0.0660003771450122,0.0330637000000137,4.863739335100588e-06,0.9296909840548614,rf,20261007,5303,1495,6798,20260908.0,0.9985887920036822,0.8098859315589354,0.9973244147157192,r06,0.9991572890211068,S3-domain,s3,rf_depth16_leaf1,"{""class_weight"": null, ""max_depth"": 16, ""max_features"": ""sqrt"", ""min_samples_leaf"": 1, ""n_estimators"": 200}",0.56,4953,9.925044300000025,1491,6.78315379999998,0.9991428795707794,0.9996685134314922,f_single,15,"[""subdomain_depth"", ""url_length"", ""hostname_length"", ""dot_count"", ""hyphen_count"", ""path_length"", ""token_count"", ""special_char_count"", ""longest_repeated_char_run"", ""token_max_length"", ""token_mean_length"", ""char_type_transition_count"", ""digit_ratio"", ""registrable_domain_length"", ""digit_count""]",0.0158517000000415,2.931238800000017,200.0,200.0,0.014656194,positive_class_probability,0.06636629865017153,0.13368742660437663,0.0008427109788931234,0.18962659496384884,,0.9991572890211069,0.9985887920036822,1.1102230246251565e-16,0.0,0,${EXPERIMENT_ROOT}\part6_stable_feature_selection\predictions\iscx_url2016_binary\s3\r06\rf\f_single.parquet
0.9529273315681084,0.9688677513895396,,iscx_url2016_binary,,4,316,0.0595889119366396,0.0352353000000107,5.183186231246063e-06,0.936001483696112,rf,20261007,5303,1495,6798,20260908.0,0.9984138774408076,0.8251245157719977,0.9973244147157192,r06,0.9990953565124052,S3-domain,s3,rf_unlimited_leaf5_balanced,"{""class_weight"": ""balanced_subsample"", ""max_depth"": null, ""max_features"": ""sqrt"", ""min_samples_leaf"": 5, ""n_estimators"": 200}",0.69,4987,9.034787900000026,1491,6.298460700000021,0.9991428795707794,0.9997140726068862,f_stable,13,"[""subdomain_depth"", ""url_length"", ""dot_count"", ""hostname_length"", ""path_length"", ""hyphen_count"", ""token_count"", ""longest_repeated_char_run"", ""special_char_count"", ""token_max_length"", ""char_type_transition_count"", ""token_mean_length"", ""digit_count""]",0.0103594000000271,2.538133800000025,200.0,200.0,0.0126906690000001,positive_class_probability,0.09673543075302654,0.17392862309321624,0.0009046434875948933,0.2648951530013313,,0.9990953565124051,0.9984138774408077,-1.1102230246251565e-16,1.1102230246251565e-16,0,${EXPERIMENT_ROOT}\part6_stable_feature_selection\predictions\iscx_url2016_binary\s3\r06\rf\f_stable.parquet
0.939541041482789,0.960527864268159,master,iscx_url2016_binary,ISCX-URL2016-binary,3,408,0.0769375825004714,0.0068221999999877,1.0035598705483657e-06,0.9193247247266612,xgb,20261007,5303,1495,6798,20260908.0,0.9989076517431468,0.7852631578947369,0.9979933110367892,r06,0.9993097867869328,S3-domain,s3,xgb_d6_lr01_balanced,"{""colsample_bytree"": 0.9, ""learning_rate"": 0.1, ""max_depth"": 6, ""n_estimators"": 200, ""reg_lambda"": 1.0, ""scale_pos_weight"": 3.537326264507809, ""subsample"": 0.9}",0.5,4895,4.88024919999998,1492,4.852216099999623,0.9993573158505308,0.9999692537805402,f_all,35,"[""url_length"", ""hostname_length"", ""path_length"", ""query_length"", ""fragment_length"", ""digit_count"", ""letter_count"", ""special_char_count"", ""digit_ratio"", ""letter_ratio"", ""special_char_ratio"", ""dot_count"", ""hyphen_count"", ""underscore_count"", ""slash_count"", ""question_mark_count"", ""equals_sign_count"", ""percent_sign_count"", ""at_sign_count"", ""subdomain_depth"", ""path_segment_count"", ""query_parameter_count"", ""has_port"", ""has_userinfo"", ""host_is_ip"", ""tld_length"", ""registrable_domain_length"", ""domain_digit_ratio"", ""domain_hyphen_ratio"", ""url_char_entropy"", ""longest_repeated_char_run"", ""char_type_transition_count"", ""token_count"", ""token_mean_length"", ""token_max_length""]",0.0356292999999823,0.0284979999996721,200.0,200.0,0.0001424899999983,raw_margin,0.04144885706439536,0.09387437618700586,0.0006902132130673809,0.1287020304270966,,0.9993097867869327,0.9989076517431469,-1.1102230246251565e-16,1.1102230246251565e-16,0,${EXPERIMENT_ROOT}\part4_baseline_models\predictions\internal\iscx_url2016_binary\s3\r06\xgb.parquet
0.7889085025007355,0.8642189030377831,,iscx_url2016_binary,,2,1433,0.270224401282293,0.0098071000002164,1.4426448955893571e-06,0.7595047663892975,xgb,20261007,5303,1495,6798,,0.9985879074267988,0.5102529049897471,0.9986622073578596,r06,0.9992663961902046,S3-domain,s3,xgb_d6_lr01_balanced,"{""colsample_bytree"": 0.9, ""learning_rate"": 0.1, ""max_depth"": 6, ""n_estimators"": 200, ""reg_lambda"": 1.0, ""scale_pos_weight"": 3.537326264507809, ""subsample"": 0.9}",0.5,3870,,1493,6.280076200000167,0.9993573158505308,0.9999787141557588,f_dcss_10,10,"[""subdomain_depth"", ""url_length"", ""dot_count"", ""hostname_length"", ""hyphen_count"", ""path_length"", ""token_max_length"", ""longest_repeated_char_run"", ""token_mean_length"", ""slash_count""]",,,,,,,0.1291708523122587,0.16856820548258455,0.0007336038097953009,0.3486490263028769,"[0, 1]",0.9992663961902046,0.9985879074267987,0.0,-1.1102230246251565e-16,0,${EXPERIMENT_ROOT}\part11_dcss_innovation\predictions\main_comparison\internal\iscx_url2016_binary\s3\r06\xgb\f_dcss_10.parquet
0.9805825242718448,0.9868337288730996,,iscx_url2016_binary,,3,129,0.0243258532905902,0.0142281000003094,2.0929832304073988e-06,0.9725212887926388,xgb,20261007,5303,1495,6798,,0.9988622590622422,0.92041949413942,0.9979933110367892,r06,0.9992580712501348,S3-domain,s3,xgb_d6_lr01_balanced,"{""colsample_bytree"": 0.9, ""learning_rate"": 0.1, ""max_depth"": 6, ""n_estimators"": 200, ""reg_lambda"": 1.0, ""scale_pos_weight"": 3.537326264507809, ""subsample"": 0.9}",0.58,5174,,1492,6.879455400000097,0.9991432958761384,0.9999663907722504,f_dcss_15,15,"[""subdomain_depth"", ""url_length"", ""dot_count"", ""hostname_length"", ""hyphen_count"", ""token_max_length"", ""path_length"", ""longest_repeated_char_run"", ""token_mean_length"", ""digit_ratio"", ""slash_count"", ""token_count"", ""tld_length"", ""special_char_ratio"", ""url_char_entropy""]",,,,,,,0.02992835335608281,0.07890960955673516,0.0007419287498651927,0.10565529477738683,"[0, 1]",0.9992580712501349,0.9988622590622422,1.1102230246251565e-16,0.0,0,${EXPERIMENT_ROOT}\part11_dcss_innovation\predictions\main_comparison\internal\iscx_url2016_binary\s3\r06\xgb\f_dcss_15.parquet
0.9898499558693732,0.9927737628161506,,iscx_url2016_binary,,3,66,0.012445785404488,0.0392536999997901,5.77430126504709e-06,0.9854273263153696,xgb,20261007,5303,1495,6798,,0.9992629789902464,0.957637997432606,0.9979933110367892,r06,0.9996098630358154,S3-domain,s3,xgb_d6_lr01_balanced,"{""colsample_bytree"": 0.9, ""learning_rate"": 0.1, ""max_depth"": 6, ""n_estimators"": 200, ""reg_lambda"": 1.0, ""scale_pos_weight"": 3.537326264507809, ""subsample"": 0.9}",0.5,5237,,1492,7.708711799999946,0.9991432958761384,0.9999765980191966,f_dcss_20,20,"[""subdomain_depth"", ""url_length"", ""dot_count"", ""hostname_length"", ""hyphen_count"", ""token_max_length"", ""path_length"", ""longest_repeated_char_run"", ""token_mean_length"", ""slash_count"", ""digit_ratio"", ""token_count"", ""tld_length"", ""url_char_entropy"", ""special_char_ratio"", ""path_segment_count"", ""registrable_domain_length"", ""char_type_transition_count"", ""letter_count"", ""letter_ratio""]",,,,,,,0.013324209210591817,0.04516953798787384,0.000390136964184468,0.056651265688008746,"[0, 1]",0.9996098630358154,0.9992629789902465,0.0,1.1102230246251565e-16,0,${EXPERIMENT_ROOT}\part11_dcss_innovation\predictions\main_comparison\internal\iscx_url2016_binary\s3\r06\xgb\f_dcss_20.parquet
0.8275963518681966,0.8887760256862243,,iscx_url2016_binary,,3,1169,0.2204412596643409,0.0086608000001433,1.2740217711302371e-06,0.7969227663496518,xgb,20261007,5303,1495,6798,,0.998491085314978,0.5606914693724164,0.9979933110367892,r06,0.9991847865504286,S3-domain,s3,xgb_d6_lr005,"{""colsample_bytree"": 0.9, ""learning_rate"": 0.05, ""max_depth"": 6, ""n_estimators"": 250, ""reg_lambda"": 1.0, ""scale_pos_weight"": 1.0, ""subsample"": 0.9}",0.39,4134,,1492,5.605745600000319,0.9989293797465292,0.9999759756260902,f_mi,15,"[""url_length"", ""subdomain_depth"", ""token_count"", ""special_char_count"", ""char_type_transition_count"", ""path_length"", ""hostname_length"", ""dot_count"", ""hyphen_count"", ""token_mean_length"", ""special_char_ratio"", ""digit_ratio"", ""letter_ratio"", ""longest_repeated_char_run"", ""letter_count""]",,,,,,,0.09628141879686972,0.14788657441585007,0.0008152134495713599,0.2809282311966266,,0.9991847865504286,0.9984910853149779,0.0,-1.1102230246251565e-16,0,${EXPERIMENT_ROOT}\part8_traditional_baselines_and_error_analysis\predictions\internal\iscx_url2016_binary\s3\r06\xgb\f_mi.parquet
0.7902324213003825,0.8650674793153619,,iscx_url2016_binary,,2,1424,0.2685272487271355,0.0072109999996428,1.0607531626423667e-06,0.760760268163166,xgb,20261007,5303,1495,6798,,0.9989161648462836,0.5118272197463147,0.9986622073578596,r06,0.9991997966696456,S3-domain,s3,xgb_d6_lr01_balanced,"{""colsample_bytree"": 0.9, ""learning_rate"": 0.1, ""max_depth"": 6, ""n_estimators"": 200, ""reg_lambda"": 1.0, ""scale_pos_weight"": 3.537326264507809, ""subsample"": 0.9}",0.5,3879,,1493,5.061309499999879,0.9993573158505308,0.9999985062565444,f_permutation,15,"[""url_length"", ""dot_count"", ""hostname_length"", ""subdomain_depth"", ""hyphen_count"", ""token_mean_length"", ""token_max_length"", ""path_length"", ""path_segment_count"", ""percent_sign_count"", ""slash_count"", ""token_count"", ""equals_sign_count"", ""underscore_count"", ""question_mark_count""]",,,,,,,0.10465479048258917,0.1543997659454137,0.0008002033303544344,0.2718909328157878,,0.9991997966696455,0.9989161648462836,-1.1102230246251565e-16,0.0,0,${EXPERIMENT_ROOT}\part8_traditional_baselines_and_error_analysis\predictions\internal\iscx_url2016_binary\s3\r06\xgb\f_permutation.parquet
0.993086201824066,0.9946078984760944,,iscx_url2016_binary,,4,43,0.00810861776353,0.0064697999999907,9.517210944381812e-07,0.9900177593067964,xgb,20261007,5303,1495,6798,20260908.0,0.9990074186355288,0.9719687092568448,0.9973244147157192,r06,0.9993878646339518,S3-domain,s3,xgb_d6_lr01_balanced,"{""colsample_bytree"": 0.9, ""learning_rate"": 0.1, ""max_depth"": 6, ""n_estimators"": 200, ""reg_lambda"": 1.0, ""scale_pos_weight"": 3.537326264507809, ""subsample"": 0.9}",0.67,5260,4.664232300000037,1491,4.3337166000000025,0.9993573158505308,0.999956432482547,f_single,15,"[""url_length"", ""subdomain_depth"", ""dot_count"", ""hostname_length"", ""hyphen_count"", ""token_mean_length"", ""path_length"", ""token_max_length"", ""longest_repeated_char_run"", ""digit_ratio"", ""special_char_ratio"", ""token_count"", ""tld_length"", ""registrable_domain_length"", ""slash_count""]",0.1145030999999789,0.0246369999999842,200.0,200.0,0.0001231849999999,raw_margin,0.018153848459734463,0.055697736807826796,0.0006121353660482455,0.07198816885274369,,0.9993878646339518,0.9990074186355287,0.0,-1.1102230246251565e-16,0,${EXPERIMENT_ROOT}\part6_stable_feature_selection\predictions\iscx_url2016_binary\s3\r06\xgb\f_single.parquet
0.9976463665784054,0.997530772321088,,iscx_url2016_binary,,4,12,0.0022628700735432,0.0083788000000026,1.23253898205394e-06,0.9965766949621444,xgb,20261007,5303,1495,6798,20260908.0,0.9988752783693506,0.9920159680638724,0.9973244147157192,r06,0.9993210128424814,S3-domain,s3,xgb_d6_lr005,"{""colsample_bytree"": 0.9, ""learning_rate"": 0.05, ""max_depth"": 6, ""n_estimators"": 250, ""reg_lambda"": 1.0, ""scale_pos_weight"": 1.0, ""subsample"": 0.9}",0.5,5291,4.630584999999996,1491,4.359354600000017,0.9991428795707794,0.999967511079842,f_stable,15,"[""subdomain_depth"", ""url_length"", ""dot_count"", ""hostname_length"", ""hyphen_count"", ""path_length"", ""token_mean_length"", ""token_max_length"", ""longest_repeated_char_run"", ""tld_length"", ""digit_ratio"", ""registrable_domain_length"", ""slash_count"", ""special_char_ratio"", ""token_count""]",0.0475180999999906,0.0307037000000036,200.0,200.0,0.0001535185,raw_margin,0.010141578754996081,0.0458779207074341,0.0006789871575185874,0.054013497402646,,0.9993210128424814,0.9988752783693506,0.0,0.0,0,${EXPERIMENT_ROOT}\part6_stable_feature_selection\predictions\iscx_url2016_binary\s3\r06\xgb\f_stable.parquet
0.7764048249485143,0.8492398762106639,master,iscx_url2016_binary,ISCX-URL2016-binary,31,1489,0.280784461625495,0.0023915000001579,3.517946455072044e-07,0.7460584221734987,lr,20261008,5303,1495,6798,20260909.0,0.5040205056727303,0.495767016593295,0.9792642140468228,r07,0.8007387753634752,S3-domain,s3,lr_c01,"{""C"": 0.1, ""class_weight"": null}",0.68,3814,3.733797599999889,1464,3.713876400000117,0.990492774061,0.9951640055627006,f_all,35,"[""url_length"", ""hostname_length"", ""path_length"", ""query_length"", ""fragment_length"", ""digit_count"", ""letter_count"", ""special_char_count"", ""digit_ratio"", ""letter_ratio"", ""special_char_ratio"", ""dot_count"", ""hyphen_count"", ""underscore_count"", ""slash_count"", ""question_mark_count"", ""equals_sign_count"", ""percent_sign_count"", ""at_sign_count"", ""subdomain_depth"", ""path_segment_count"", ""query_parameter_count"", ""has_port"", ""has_userinfo"", ""host_is_ip"", ""tld_length"", ""registrable_domain_length"", ""domain_digit_ratio"", ""domain_hyphen_ratio"", ""url_char_entropy"", ""longest_repeated_char_run"", ""char_type_transition_count"", ""token_count"", ""token_mean_length"", ""token_max_length""]",0.0007005999996181,0.0044023000000379,200.0,200.0,2.20115000001895e-05,raw_log_odds,0.21610494033610564,0.2276369926481911,0.1992687927638612,1.099167204101777,,0.8007312072361389,0.5033836471178912,-7.568127336265995e-06,-0.0006368585548390815,0,${EXPERIMENT_ROOT}\part4_baseline_models\predictions\internal\iscx_url2016_binary\s3\r07\lr.parquet
0.7722859664607238,0.844438403957626,,iscx_url2016_binary,,40,1508,0.2843673392419385,0.0031229000001076,4.593851132844396e-07,0.7416782948579387,lr,20261008,5303,1495,6798,,0.4432340199043403,0.4910563617954775,0.9732441471571908,r07,0.7744463441845564,S3-domain,s3,lr_c1_balanced,"{""C"": 1.0, ""class_weight"": ""balanced""}",0.88,3795,,1455,5.174653900000067,0.988308896953778,0.9951689847075524,f_dcss_10,10,"[""subdomain_depth"", ""dot_count"", ""hyphen_count"", ""token_count"", ""char_type_transition_count"", ""hostname_length"", ""special_char_count"", ""slash_count"", ""registrable_domain_length"", ""letter_count""]",,,,,,,0.23744877918663612,0.26089344362321604,0.2255536558154436,1.9578919407215525,"[0, 1]",0.7744463441845564,0.4432340199043403,0.0,0.0,0,${EXPERIMENT_ROOT}\part11_dcss_innovation\predictions\main_comparison\internal\iscx_url2016_binary\s3\r07\lr\f_dcss_10.parquet
0.7725801706384231,0.8429458431114589,,iscx_url2016_binary,,47,1499,0.282670186686781,0.0019780000002356,2.909679317792916e-07,0.7415353296836747,lr,20261008,5303,1495,6798,,0.4714099567775989,0.4913471326772989,0.968561872909699,r07,0.7852605674708012,S3-domain,s3,lr_c1_balanced,"{""C"": 1.0, ""class_weight"": ""balanced""}",0.92,3804,,1448,3.6896223000003374,0.987656327201472,0.9952522609051984,f_dcss_15,15,"[""subdomain_depth"", ""dot_count"", ""hyphen_count"", ""token_count"", ""char_type_transition_count"", ""hostname_length"", ""special_char_count"", ""slash_count"", ""registrable_domain_length"", ""letter_count"", ""path_length"", ""digit_ratio"", ""url_length"", ""tld_length"", ""special_char_ratio""]",,,,,,,0.2327787968604887,0.2389658897292099,0.21473943252919878,1.8202959351995296,"[0, 1]",0.7852605674708012,0.4714099567775989,0.0,0.0,0,${EXPERIMENT_ROOT}\part11_dcss_innovation\predictions\main_comparison\internal\iscx_url2016_binary\s3\r07\lr\f_dcss_15.parquet
0.7759635186819653,0.8470357221917044,,iscx_url2016_binary,,39,1484,0.2798415990948519,0.0029183999999986,4.293027360986548e-07,0.7451735193809058,lr,20261008,5303,1495,6798,,0.4917771345378409,0.4952380952380952,0.9739130434782608,r07,0.7943160840995537,S3-domain,s3,lr_c01,"{""C"": 0.1, ""class_weight"": null}",0.72,3819,,1456,3.464044700000158,0.9863229874528684,0.9930553377179684,f_dcss_20,20,"[""subdomain_depth"", ""dot_count"", ""hyphen_count"", ""token_count"", ""char_type_transition_count"", ""hostname_length"", ""special_char_count"", ""slash_count"", ""registrable_domain_length"", ""letter_count"", ""path_length"", ""url_length"", ""digit_ratio"", ""tld_length"", ""question_mark_count"", ""percent_sign_count"", ""special_char_ratio"", ""domain_hyphen_ratio"", ""equals_sign_count"", ""digit_count""]",,,,,,,0.21874851150601574,0.24164231354550753,0.20568391590044635,1.1638576379785088,"[0, 1]",0.7943160840995537,0.49177713453784094,0.0,5.551115123125783e-17,0,${EXPERIMENT_ROOT}\part11_dcss_innovation\predictions\main_comparison\internal\iscx_url2016_binary\s3\r07\lr\f_dcss_20.parquet
0.7724330685495734,0.8498162521750483,,iscx_url2016_binary,,18,1529,0.2883273618706393,0.0014274000000114,2.0997352162568445e-07,0.7431025711835584,lr,20261008,5303,1495,6798,,0.4724323682925657,0.4913506320691949,0.9879598662207358,r07,0.7838082438349719,S3-domain,s3,lr_c01,"{""C"": 0.1, ""class_weight"": null}",0.44,3774,,1477,3.529835400000138,0.99205423634672,0.9975893470200068,f_mi,15,"[""url_length"", ""subdomain_depth"", ""token_count"", ""special_char_count"", ""path_length"", ""hostname_length"", ""dot_count"", ""char_type_transition_count"", ""hyphen_count"", ""token_mean_length"", ""special_char_ratio"", ""digit_ratio"", ""letter_ratio"", ""longest_repeated_char_run"", ""letter_count""]",,,,,,,0.22451021251436895,0.24011647300039735,0.21619175616502806,1.376178493181089,,0.7838082438349719,0.47243236829256574,0.0,5.551115123125783e-17,0,${EXPERIMENT_ROOT}\part8_traditional_baselines_and_error_analysis\predictions\internal\iscx_url2016_binary\s3\r07\lr\f_mi.parquet
0.7534568990879671,0.7987470965194813,,iscx_url2016_binary,,180,1496,0.2821044691683952,0.0012916999999106,1.90011768153962e-07,0.715183309943269,lr,20261008,5303,1495,6798,,0.4793585338914548,0.4678050515830665,0.8795986622073578,r07,0.7888917549667412,S3-domain,s3,lr_c1_balanced,"{""C"": 1.0, ""class_weight"": ""balanced""}",0.91,3807,,1315,3.646106199999849,0.9891909888012422,0.9955656980736186,f_permutation,15,"[""subdomain_depth"", ""dot_count"", ""hyphen_count"", ""char_type_transition_count"", ""hostname_length"", ""slash_count"", ""path_length"", ""token_count"", ""letter_count"", ""tld_length"", ""special_char_count"", ""domain_hyphen_ratio"", ""special_char_ratio"", ""digit_count"", ""token_max_length""]",,,,,,,0.23148671266135026,0.24933211335808486,0.21110824503325876,1.7770176561202495,,0.7888917549667412,0.47935853389145483,0.0,5.551115123125783e-17,0,${EXPERIMENT_ROOT}\part8_traditional_baselines_and_error_analysis\predictions\internal\iscx_url2016_binary\s3\r07\lr\f_permutation.parquet
0.774786701971168,0.8486830512418981,,iscx_url2016_binary,,29,1502,0.2832359042051668,0.0012636000000156,1.8587819947273986e-07,0.7446616742122334,lr,20261008,5303,1495,6798,20260909.0,0.4662767642139819,0.4939353099730458,0.9806020066889632,r07,0.7855060270674075,S3-domain,s3,lr_c1_balanced,"{""C"": 1.0, ""class_weight"": ""balanced""}",0.85,3801,3.6956366,1466,3.539135500000043,0.9918094354080852,0.9966063393476424,f_single,15,"[""subdomain_depth"", ""dot_count"", ""hyphen_count"", ""hostname_length"", ""token_count"", ""registrable_domain_length"", ""special_char_count"", ""path_length"", ""char_type_transition_count"", ""question_mark_count"", ""letter_count"", ""slash_count"", ""domain_hyphen_ratio"", ""digit_ratio"", ""url_length""]",0.0006807999999978,0.0072550000000433,200.0,200.0,3.627500000021655e-05,raw_log_odds,0.22918307655275014,0.2370708357169638,0.21453383173656354,1.764939143760091,,0.7854661682634364,0.4630583996579295,-3.985880397106012e-05,-0.0032183645560524,0,${EXPERIMENT_ROOT}\part6_stable_feature_selection\predictions\iscx_url2016_binary\s3\r07\lr\f_single.parquet
0.77390408943807,0.8459558765562749,,iscx_url2016_binary,,38,1499,0.282670186686781,0.0010640999999509,1.565313327377082e-07,0.743307178500012,lr,20261008,5303,1495,6798,20260909.0,0.4562470125197422,0.4928958051420839,0.974581939799331,r07,0.7809650245301927,S3-domain,s3,lr_c1_balanced,"{""C"": 1.0, ""class_weight"": ""balanced""}",0.88,3804,3.622155699999951,1457,3.4824407000000406,0.9894097892316474,0.9950939240989116,f_stable,12,"[""subdomain_depth"", ""dot_count"", ""hyphen_count"", ""token_count"", ""hostname_length"", ""special_char_count"", ""registrable_domain_length"", ""path_length"", ""char_type_transition_count"", ""question_mark_count"", ""slash_count"", ""letter_count""]",0.0008437000000185,0.0045124999999757,200.0,200.0,2.2562499999878582e-05,raw_log_odds,0.23169366065961766,0.24439158182387619,0.21908297001066476,1.8435080816877496,,0.7809170299893352,0.4524455246911733,-4.799454085746557e-05,-0.003801487828568928,0,${EXPERIMENT_ROOT}\part6_stable_feature_selection\predictions\iscx_url2016_binary\s3\r07\lr\f_stable.parquet
0.9905854663136217,0.9932451940814722,master,iscx_url2016_binary,ISCX-URL2016-binary,3,61,0.0115029228738449,0.0473790999999437,6.969564577808726e-06,0.9864675618619344,rf,20261008,5303,1495,6798,20260909.0,0.9989929136741568,0.960721184803606,0.9979933110367892,r07,0.9994450039953406,S3-domain,s3,rf_depth16_leaf1,"{""class_weight"": null, ""max_depth"": 16, ""max_features"": ""sqrt"", ""min_samples_leaf"": 1, ""n_estimators"": 200}",0.5,5242,8.887730999999803,1492,8.821961099999953,0.9993573158505308,0.9999584241404876,f_all,35,"[""url_length"", ""hostname_length"", ""path_length"", ""query_length"", ""fragment_length"", ""digit_count"", ""letter_count"", ""special_char_count"", ""digit_ratio"", ""letter_ratio"", ""special_char_ratio"", ""dot_count"", ""hyphen_count"", ""underscore_count"", ""slash_count"", ""question_mark_count"", ""equals_sign_count"", ""percent_sign_count"", ""at_sign_count"", ""subdomain_depth"", ""path_segment_count"", ""query_parameter_count"", ""has_port"", ""has_userinfo"", ""host_is_ip"", ""tld_length"", ""registrable_domain_length"", ""domain_digit_ratio"", ""domain_hyphen_ratio"", ""url_char_entropy"", ""longest_repeated_char_run"", ""char_type_transition_count"", ""token_count"", ""token_mean_length"", ""token_max_length""]",0.0114705999999387,3.0664584999999533,200.0,200.0,0.0153322924999997,positive_class_probability,0.03931281345159067,0.10589313570189539,0.0005549960046594437,0.13476893725208575,,0.9994450039953405,0.9989929136741568,-1.1102230246251565e-16,0.0,0,${EXPERIMENT_ROOT}\part4_baseline_models\predictions\internal\iscx_url2016_binary\s3\r07\rf.parquet
0.7780229479258606,0.8567613964960832,,iscx_url2016_binary,,4,1505,0.2838016217235527,0.0394086999999672,5.797102088844838e-06,0.7491307711524091,rf,20261008,5303,1495,6798,,0.9979821099632462,0.4976635514018692,0.9973244147157192,r07,0.9989408405792896,S3-domain,s3,rf_unlimited_leaf5_balanced,"{""class_weight"": ""balanced_subsample"", ""max_depth"": null, ""max_features"": ""sqrt"", ""min_samples_leaf"": 5, ""n_estimators"": 200}",0.57,3798,,1491,6.364812100000108,0.9995716479380692,0.9999939005475564,f_dcss_10,10,"[""url_length"", ""subdomain_depth"", ""hostname_length"", ""dot_count"", ""hyphen_count"", ""token_count"", ""path_length"", ""special_char_count"", ""longest_repeated_char_run"", ""char_type_transition_count""]",,,,,,,0.12386857327958566,0.2011824451892648,0.0010591594207103071,0.33009450112035255,"[0, 1]",0.9989408405792897,0.9979821099632462,1.1102230246251565e-16,0.0,0,${EXPERIMENT_ROOT}\part11_dcss_innovation\predictions\main_comparison\internal\iscx_url2016_binary\s3\r07\rf\f_dcss_10.parquet
0.7917034421888791,0.8657701799385342,,iscx_url2016_binary,,3,1413,0.2664529511597209,0.0537455999997291,7.906090026438536e-06,0.7621009134406264,rf,20261008,5303,1495,6798,,0.998978925135441,0.5135972461273666,0.9979933110367892,r07,0.9994162451114628,S3-domain,s3,rf_depth16_leaf1,"{""class_weight"": null, ""max_depth"": 16, ""max_features"": ""sqrt"", ""min_samples_leaf"": 1, ""n_estimators"": 200}",0.38,3890,,1492,7.9884248999997,0.99978597979424,0.9999998755213788,f_dcss_15,15,"[""url_length"", ""subdomain_depth"", ""hostname_length"", ""dot_count"", ""hyphen_count"", ""token_count"", ""path_length"", ""special_char_count"", ""longest_repeated_char_run"", ""char_type_transition_count"", ""token_max_length"", ""letter_count"", ""registrable_domain_length"", ""slash_count"", ""digit_count""]",,,,,,,0.04339696531043822,0.10843229498838262,0.0005837548885372512,0.14069961752455984,"[0, 1]",0.9994162451114628,0.998978925135441,0.0,0.0,0,${EXPERIMENT_ROOT}\part11_dcss_innovation\predictions\main_comparison\internal\iscx_url2016_binary\s3\r07\rf\f_dcss_15.parquet
0.8958517210944396,0.93228468520059,,iscx_url2016_binary,,4,704,0.1327550443145389,0.0393422000001919,5.787319799969395e-06,0.8683291230247251,rf,20261008,5303,1495,6798,,0.9987140423738284,0.6792710706150342,0.9973244147157192,r07,0.9994080463068484,S3-domain,s3,rf_unlimited_leaf5_balanced,"{""class_weight"": ""balanced_subsample"", ""max_depth"": null, ""max_features"": ""sqrt"", ""min_samples_leaf"": 5, ""n_estimators"": 200}",0.48,4599,,1491,8.337848599999688,0.9991437115641136,0.9999961411627398,f_dcss_20,20,"[""url_length"", ""subdomain_depth"", ""hostname_length"", ""dot_count"", ""hyphen_count"", ""token_count"", ""path_length"", ""special_char_count"", ""longest_repeated_char_run"", ""char_type_transition_count"", ""token_max_length"", ""letter_count"", ""registrable_domain_length"", ""slash_count"", ""digit_count"", ""token_mean_length"", ""digit_ratio"", ""question_mark_count"", ""special_char_ratio"", ""path_segment_count""]",,,,,,,0.054466561495307785,0.1284089408267616,0.0005919536931515384,0.17133539426654906,"[0, 1]",0.9994080463068485,0.9987140423738285,1.1102230246251565e-16,1.1102230246251565e-16,0,${EXPERIMENT_ROOT}\part11_dcss_innovation\predictions\main_comparison\internal\iscx_url2016_binary\s3\r07\rf\f_dcss_20.parquet
0.8715798764342454,0.91672745344498,,iscx_url2016_binary,,4,869,0.163869507825759,0.0440988000000288,6.4870255957677054e-06,0.8419598336207382,rf,20261008,5303,1495,6798,,0.9979829843195585,0.6317796610169492,0.9973244147157192,r07,0.9989583734076188,S3-domain,s3,rf_unlimited_leaf5_balanced,"{""class_weight"": ""balanced_subsample"", ""max_depth"": null, ""max_features"": ""sqrt"", ""min_samples_leaf"": 5, ""n_estimators"": 200}",0.59,4434,,1491,6.780869799999891,0.9989293797465292,0.9999881745309768,f_mi,15,"[""url_length"", ""subdomain_depth"", ""token_count"", ""special_char_count"", ""path_length"", ""hostname_length"", ""dot_count"", ""char_type_transition_count"", ""hyphen_count"", ""token_mean_length"", ""special_char_ratio"", ""digit_ratio"", ""letter_ratio"", ""longest_repeated_char_run"", ""letter_count""]",,,,,,,0.09218283103101368,0.17314685683186226,0.001041626592381291,0.26043581684360945,,0.9989583734076187,0.9979829843195583,-1.1102230246251565e-16,-1.1102230246251565e-16,0,${EXPERIMENT_ROOT}\part8_traditional_baselines_and_error_analysis\predictions\internal\iscx_url2016_binary\s3\r07\rf\f_mi.parquet
0.96087084436599,0.9737190471475412,,iscx_url2016_binary,,5,261,0.0492174240995662,0.0441981999997551,6.5016475433591e-06,0.9461762526007484,rf,20261008,5303,1495,6798,,0.998756617222616,0.8509423186750429,0.9966555183946488,r07,0.9994282279797452,S3-domain,s3,rf_unlimited_leaf5_balanced,"{""class_weight"": ""balanced_subsample"", ""max_depth"": null, ""max_features"": ""sqrt"", ""min_samples_leaf"": 5, ""n_estimators"": 200}",0.54,5042,,1490,6.270645500000228,0.999785875949306,0.9998807494807996,f_permutation,15,"[""url_length"", ""subdomain_depth"", ""dot_count"", ""hostname_length"", ""token_max_length"", ""path_length"", ""special_char_count"", ""hyphen_count"", ""token_count"", ""token_mean_length"", ""question_mark_count"", ""slash_count"", ""registrable_domain_length"", ""path_segment_count"", ""char_type_transition_count""]",,,,,,,0.05956778836284279,0.1334390251937273,0.0005717720202548314,0.18016283848564693,,0.9994282279797451,0.9987566172226159,-1.1102230246251565e-16,-1.1102230246251565e-16,0,${EXPERIMENT_ROOT}\part8_traditional_baselines_and_error_analysis\predictions\internal\iscx_url2016_binary\s3\r07\rf\f_permutation.parquet
0.8217122683142101,0.8850045755636521,,iscx_url2016_binary,,3,1209,0.2279841599094852,0.038586500000008,5.676154751398658e-06,0.791108654645762,rf,20261008,5303,1495,6798,20260909.0,0.9989761527629888,0.552388004442799,0.9979933110367892,r07,0.9994115780996052,S3-domain,s3,rf_depth24_leaf2,"{""class_weight"": null, ""max_depth"": 24, ""max_features"": ""sqrt"", ""min_samples_leaf"": 2, ""n_estimators"": 200}",0.45,4094,9.732930699999995,1492,6.309799399999974,0.9995716479380692,0.9999976349061956,f_single,15,"[""url_length"", ""subdomain_depth"", ""hostname_length"", ""dot_count"", ""path_length"", ""hyphen_count"", ""token_max_length"", ""longest_repeated_char_run"", ""special_char_count"", ""token_count"", ""token_mean_length"", ""char_type_transition_count"", ""registrable_domain_length"", ""digit_count"", ""slash_count""]",0.0113211000000319,3.186058500000001,200.0,200.0,0.0159302925,positive_class_probability,0.0529580409571378,0.12089922570355216,0.0005884219003946148,0.16163205547856338,,0.9994115780996055,0.9989761527629888,2.220446049250313e-16,0.0,0,${EXPERIMENT_ROOT}\part6_stable_feature_selection\predictions\iscx_url2016_binary\s3\r07\rf\f_single.parquet
0.7975875257428655,0.8693014681536355,,iscx_url2016_binary,,4,1372,0.258721478408448,0.0441281999999887,6.491350397173983e-06,0.7676544225762636,rf,20261008,5303,1495,6798,20260909.0,0.998033044474515,0.5207823960880196,0.9973244147157192,r07,0.9988819353215224,S3-domain,s3,rf_unlimited_leaf5_balanced,"{""class_weight"": ""balanced_subsample"", ""max_depth"": null, ""max_features"": ""sqrt"", ""min_samples_leaf"": 5, ""n_estimators"": 200}",0.59,3931,8.8021746,1491,6.198996700000009,0.9995716479380692,0.9999952698123908,f_stable,13,"[""subdomain_depth"", ""url_length"", ""hostname_length"", ""dot_count"", ""path_length"", ""hyphen_count"", ""token_count"", ""longest_repeated_char_run"", ""special_char_count"", ""token_max_length"", ""registrable_domain_length"", ""token_mean_length"", ""char_type_transition_count""]",0.0099821999999676,2.40259709999998,200.0,200.0,0.0120129854999999,positive_class_probability,0.11608845668948925,0.19655471308194938,0.0011180646784775703,0.30972781533338767,,0.9988819353215224,0.998033044474515,0.0,0.0,0,${EXPERIMENT_ROOT}\part6_stable_feature_selection\predictions\iscx_url2016_binary\s3\r07\rf\f_stable.parquet
0.8303912915563401,0.8905674644944459,master,iscx_url2016_binary,ISCX-URL2016-binary,3,1150,0.2168583820478974,0.0071538000001964,1.0523389232416148e-06,0.7997005664153702,xgb,20261008,5303,1495,6798,20260909.0,0.9983171877379252,0.5647236941710825,0.9979933110367892,r07,0.9990875361141576,S3-domain,s3,xgb_d6_lr01_balanced,"{""colsample_bytree"": 0.9, ""learning_rate"": 0.1, ""max_depth"": 6, ""n_estimators"": 200, ""reg_lambda"": 1.0, ""scale_pos_weight"": 3.537326264507809, ""subsample"": 0.9}",0.5,4153,4.626402599999892,1492,4.597340799999984,1.0,1.0,f_all,35,"[""url_length"", ""hostname_length"", ""path_length"", ""query_length"", ""fragment_length"", ""digit_count"", ""letter_count"", ""special_char_count"", ""digit_ratio"", ""letter_ratio"", ""special_char_ratio"", ""dot_count"", ""hyphen_count"", ""underscore_count"", ""slash_count"", ""question_mark_count"", ""equals_sign_count"", ""percent_sign_count"", ""at_sign_count"", ""subdomain_depth"", ""path_segment_count"", ""query_parameter_count"", ""has_port"", ""has_userinfo"", ""host_is_ip"", ""tld_length"", ""registrable_domain_length"", ""domain_digit_ratio"", ""domain_hyphen_ratio"", ""url_char_entropy"", ""longest_repeated_char_run"", ""char_type_transition_count"", ""token_count"", ""token_mean_length"", ""token_max_length""]",0.0492339000002175,0.0308751000002303,200.0,200.0,0.0001543755000011,raw_margin,0.1045807352163416,0.14935766439394338,0.0009124638858423673,0.2814400366201547,,0.9990875361141576,0.9983171877379253,0.0,1.1102230246251565e-16,0,${EXPERIMENT_ROOT}\part4_baseline_models\predictions\internal\iscx_url2016_binary\s3\r07\xgb.parquet
0.7716975581053251,0.8527070876143181,,iscx_url2016_binary,,4,1548,0.2919102394870828,0.0101511000002574,1.493248014159669e-06,0.7432163879725971,xgb,20261008,5303,1495,6798,,0.998495889160708,0.4906219151036525,0.9973244147157192,r07,0.9991029246397414,S3-domain,s3,xgb_d6_lr005,"{""colsample_bytree"": 0.9, ""learning_rate"": 0.05, ""max_depth"": 6, ""n_estimators"": 250, ""reg_lambda"": 1.0, ""scale_pos_weight"": 1.0, ""subsample"": 0.9}",0.35,3755,,1491,4.718713499999922,1.0,1.0,f_dcss_10,10,"[""subdomain_depth"", ""url_length"", ""dot_count"", ""hostname_length"", ""hyphen_count"", ""token_max_length"", ""longest_repeated_char_run"", ""token_mean_length"", ""digit_ratio"", ""path_length""]",,,,,,,0.08277024981939111,0.14212654307274372,0.0008970753602586269,0.23462777628953707,"[0, 1]",0.9991029246397414,0.9984958891607079,0.0,-1.1102230246251565e-16,0,${EXPERIMENT_ROOT}\part11_dcss_innovation\predictions\main_comparison\internal\iscx_url2016_binary\s3\r07\xgb\f_dcss_10.parquet
0.9879376287143278,0.991307879618844,,iscx_url2016_binary,,4,78,0.0147086554780313,0.0093350000001919,1.3731979994398264e-06,0.9827259011204446,xgb,20261008,5303,1495,6798,,0.9987033431730662,0.9502868068833652,0.9973244147157192,r07,0.9992907403331364,S3-domain,s3,xgb_d6_lr005,"{""colsample_bytree"": 0.9, ""learning_rate"": 0.05, ""max_depth"": 6, ""n_estimators"": 250, ""reg_lambda"": 1.0, ""scale_pos_weight"": 1.0, ""subsample"": 0.9}",0.5,5225,,1491,5.08950700000014,0.9995716479380692,0.9999991286496508,f_dcss_15,15,"[""subdomain_depth"", ""url_length"", ""dot_count"", ""hostname_length"", ""hyphen_count"", ""longest_repeated_char_run"", ""token_max_length"", ""token_mean_length"", ""digit_ratio"", ""path_length"", ""tld_length"", ""slash_count"", ""token_count"", ""path_segment_count"", ""special_char_ratio""]",,,,,,,0.015085944942160628,0.05289546264526548,0.0007092596668636482,0.06492989384042543,"[0, 1]",0.9992907403331364,0.9987033431730662,0.0,0.0,0,${EXPERIMENT_ROOT}\part11_dcss_innovation\predictions\main_comparison\internal\iscx_url2016_binary\s3\r07\xgb\f_dcss_15.parquet
0.9107090320682554,0.9418075967600849,,iscx_url2016_binary,,4,603,0.1137092211955496,0.0076828999999634,1.1301706384176832e-06,0.885107284750215,xgb,20261008,5303,1495,6798,,0.9987038846950788,0.7120343839541547,0.9973244147157192,r07,0.9992874608112906,S3-domain,s3,xgb_d6_lr01_balanced,"{""colsample_bytree"": 0.9, ""learning_rate"": 0.1, ""max_depth"": 6, ""n_estimators"": 200, ""reg_lambda"": 1.0, ""scale_pos_weight"": 3.537326264507809, ""subsample"": 0.9}",0.6,4700,,1491,6.265535200000159,0.999785875949306,0.9999997510427574,f_dcss_20,20,"[""subdomain_depth"", ""url_length"", ""dot_count"", ""hostname_length"", ""hyphen_count"", ""longest_repeated_char_run"", ""token_max_length"", ""token_mean_length"", ""digit_ratio"", ""path_length"", ""tld_length"", ""slash_count"", ""token_count"", ""path_segment_count"", ""url_char_entropy"", ""registrable_domain_length"", ""percent_sign_count"", ""special_char_ratio"", ""char_type_transition_count"", ""digit_count""]",,,,,,,0.06634652864688466,0.11109847317744029,0.0007125391887093629,0.1806784434585179,"[0, 1]",0.9992874608112906,0.9987038846950789,0.0,1.1102230246251565e-16,0,${EXPERIMENT_ROOT}\part11_dcss_innovation\predictions\main_comparison\internal\iscx_url2016_binary\s3\r07\xgb\f_dcss_20.parquet
0.7522800823771697,0.840501464117301,,iscx_url2016_binary,,3,1681,0.3169903828021874,0.0062658999995619,9.217269784586574e-07,0.7253129290248869,xgb,20261008,5303,1495,6798,,0.9972075717842656,0.4702174598172077,0.9979933110367892,r07,0.9987667736505556,S3-domain,s3,xgb_d6_lr01_balanced,"{""colsample_bytree"": 0.9, ""learning_rate"": 0.1, ""max_depth"": 6, ""n_estimators"": 200, ""reg_lambda"": 1.0, ""scale_pos_weight"": 3.537326264507809, ""subsample"": 0.9}",0.32,3622,,1492,3.925326900000073,0.9993582504558436,0.9999985062565444,f_mi,15,"[""url_length"", ""subdomain_depth"", ""token_count"", ""special_char_count"", ""path_length"", ""hostname_length"", ""dot_count"", ""char_type_transition_count"", ""hyphen_count"", ""token_mean_length"", ""special_char_ratio"", ""digit_ratio"", ""letter_ratio"", ""longest_repeated_char_run"", ""letter_count""]",,,,,,,0.16526097848813703,0.20560516313155575,0.0012332263494444046,0.5461673226863629,,0.9987667736505557,0.9972075717842656,1.1102230246251565e-16,0.0,0,${EXPERIMENT_ROOT}\part8_traditional_baselines_and_error_analysis\predictions\internal\iscx_url2016_binary\s3\r07\xgb\f_mi.parquet
0.8702559576345984,0.9158788771674014,,iscx_url2016_binary,,4,878,0.1655666603809164,0.0061258999999154,9.011326860717004e-07,0.8405551385836059,xgb,20261008,5303,1495,6798,,0.9986160009564184,0.6293794850147741,0.9973244147157192,r07,0.9991533788219832,S3-domain,s3,xgb_d6_lr01_balanced,"{""colsample_bytree"": 0.9, ""learning_rate"": 0.1, ""max_depth"": 6, ""n_estimators"": 200, ""reg_lambda"": 1.0, ""scale_pos_weight"": 3.537326264507809, ""subsample"": 0.9}",0.48,4425,,1491,4.6514588,0.9993576278479176,0.999997510427574,f_permutation,15,"[""url_length"", ""dot_count"", ""subdomain_depth"", ""hostname_length"", ""token_max_length"", ""path_length"", ""hyphen_count"", ""letter_ratio"", ""token_mean_length"", ""slash_count"", ""special_char_ratio"", ""path_segment_count"", ""tld_length"", ""percent_sign_count"", ""digit_count""]",,,,,,,0.06629778530217788,0.11967795309654745,0.0008466211780168605,0.1860185000962366,,0.9991533788219831,0.9986160009564184,-1.1102230246251565e-16,0.0,0,${EXPERIMENT_ROOT}\part8_traditional_baselines_and_error_analysis\predictions\internal\iscx_url2016_binary\s3\r07\xgb\f_permutation.parquet
0.9716092968520152,0.9808421055287062,,iscx_url2016_binary,,4,189,0.0356402036583066,0.0076195999999981,1.1208590761986133e-06,0.9603461514340744,xgb,20261008,5303,1495,6798,20260909.0,0.9986541117784808,0.8875,0.9973244147157192,r07,0.9992492417682424,S3-domain,s3,xgb_d6_lr005,"{""colsample_bytree"": 0.9, ""learning_rate"": 0.05, ""max_depth"": 6, ""n_estimators"": 250, ""reg_lambda"": 1.0, ""scale_pos_weight"": 1.0, ""subsample"": 0.9}",0.38,5114,4.439080600000011,1491,4.165215799999999,0.999785875949306,0.999998257299302,f_single,15,"[""subdomain_depth"", ""url_length"", ""dot_count"", ""hostname_length"", ""hyphen_count"", ""token_max_length"", ""token_mean_length"", ""path_length"", ""longest_repeated_char_run"", ""digit_ratio"", ""tld_length"", ""registrable_domain_length"", ""url_char_entropy"", ""path_segment_count"", ""slash_count""]",0.0446635000000128,0.0283546000000001,200.0,200.0,0.000141773,raw_margin,0.018750770378006126,0.0600589056452478,0.0007507582317575021,0.07652189477771704,,0.9992492417682425,0.9986541117784808,1.1102230246251565e-16,0.0,0,${EXPERIMENT_ROOT}\part6_stable_feature_selection\predictions\iscx_url2016_binary\s3\r07\xgb\f_single.parquet
0.9610179464548396,0.9740534953080764,,iscx_url2016_binary,,4,261,0.0492174240995662,0.0064596999999935,9.50235363341206e-07,0.9463899319359528,xgb,20261008,5303,1495,6798,20260909.0,0.998753149645859,0.851027397260274,0.9973244147157192,r07,0.9993049936396196,S3-domain,s3,xgb_d6_lr01_balanced,"{""colsample_bytree"": 0.9, ""learning_rate"": 0.1, ""max_depth"": 6, ""n_estimators"": 200, ""reg_lambda"": 1.0, ""scale_pos_weight"": 3.537326264507809, ""subsample"": 0.9}",0.5,5042,4.332466699999998,1491,4.084255100000007,0.99978597979424,0.9999997510427576,f_stable,13,"[""subdomain_depth"", ""url_length"", ""dot_count"", ""hostname_length"", ""hyphen_count"", ""token_mean_length"", ""path_length"", ""token_max_length"", ""longest_repeated_char_run"", ""digit_ratio"", ""tld_length"", ""registrable_domain_length"", ""slash_count""]",0.0356386999999926,0.0237422000000151,200.0,200.0,0.000118711,raw_margin,0.032929511206063695,0.08070514497080347,0.0006950063603803488,0.11339578835942425,,0.9993049936396197,0.998753149645859,1.1102230246251565e-16,0.0,0,${EXPERIMENT_ROOT}\part6_stable_feature_selection\predictions\iscx_url2016_binary\s3\r07\xgb\f_stable.parquet
0.9909870620729756,0.979936224623166,master,iscx_url2016_binary,ISCX-URL2016-binary,59,3,0.0005567928730512,0.0031592999998792,4.59267335350966e-07,0.9865434408163554,lr,20261009,5388,1491,6879,20260910.0,0.9908453209962396,0.9979094076655052,0.960429242119383,r08,0.995342383427016,S3-domain,s3,lr_c1,"{""C"": 1.0, ""class_weight"": null}",0.87,5385,3.809502699999939,1432,3.7880442000000585,0.7470217927863998,0.8068640392230813,f_all,35,"[""url_length"", ""hostname_length"", ""path_length"", ""query_length"", ""fragment_length"", ""digit_count"", ""letter_count"", ""special_char_count"", ""digit_ratio"", ""letter_ratio"", ""special_char_ratio"", ""dot_count"", ""hyphen_count"", ""underscore_count"", ""slash_count"", ""question_mark_count"", ""equals_sign_count"", ""percent_sign_count"", ""at_sign_count"", ""subdomain_depth"", ""path_segment_count"", ""query_parameter_count"", ""has_port"", ""has_userinfo"", ""host_is_ip"", ""tld_length"", ""registrable_domain_length"", ""domain_digit_ratio"", ""domain_hyphen_ratio"", ""url_char_entropy"", ""longest_repeated_char_run"", ""char_type_transition_count"", ""token_count"", ""token_mean_length"", ""token_max_length""]",0.0007040000000415,0.0049027000000023,200.0,200.0,2.4513500000011498e-05,raw_log_odds,0.06090528339202768,0.08617588554687547,0.004657616572984056,0.16304882128112846,,0.995342383427016,0.9908453209962396,0.0,0.0,0,${EXPERIMENT_ROOT}\part4_baseline_models\predictions\internal\iscx_url2016_binary\s3\r08\lr.parquet
0.8643698211949411,0.9071124968071234,,iscx_url2016_binary,,26,907,0.1683370452858203,0.002013799999986,2.927460386663871e-07,0.8320939107326384,lr,20261009,5388,1491,6879,,0.9850963316866704,0.6176222596964587,0.9825620389000672,r08,0.9927239756280816,S3-domain,s3,lr_c01,"{""C"": 0.1, ""class_weight"": null}",0.43,4481,,1465,3.817631800000072,0.7432526911942439,0.7730860994313182,f_dcss_10,10,"[""subdomain_depth"", ""char_type_transition_count"", ""token_count"", ""hyphen_count"", ""dot_count"", ""special_char_count"", ""registrable_domain_length"", ""slash_count"", ""url_length"", ""letter_count""]",,,,,,,0.05642709843504939,0.08468756264202884,0.007276024371918221,0.153424354389055,"[0, 1]",0.9927239756280817,0.9850963316866705,1.1102230246251565e-16,1.1102230246251565e-16,0,${EXPERIMENT_ROOT}\part11_dcss_innovation\predictions\main_comparison\internal\iscx_url2016_binary\s3\r08\lr\f_dcss_10.parquet
0.9879342927751128,0.9741067040700028,,iscx_url2016_binary,,75,8,0.0014847809948032,0.002027999999882,2.9481029217648104e-07,0.9819359392571568,lr,20261009,5388,1491,6879,,0.9859151873714396,0.99438202247191,0.9496981891348087,r08,0.9935073195918892,S3-domain,s3,lr_c1,"{""C"": 1.0, ""class_weight"": null}",0.86,5380,,1416,3.5112763000001905,0.7418441595670328,0.7857643524804852,f_dcss_15,15,"[""subdomain_depth"", ""char_type_transition_count"", ""token_count"", ""hyphen_count"", ""dot_count"", ""special_char_count"", ""registrable_domain_length"", ""url_length"", ""slash_count"", ""tld_length"", ""letter_count"", ""digit_ratio"", ""percent_sign_count"", ""url_char_entropy"", ""special_char_ratio""]",,,,,,,0.06475399522159296,0.08817949318401708,0.006492680408110629,0.1725506018581254,"[0, 1]",0.9935073195918893,0.9859151873714397,1.1102230246251565e-16,1.1102230246251565e-16,0,${EXPERIMENT_ROOT}\part11_dcss_innovation\predictions\main_comparison\internal\iscx_url2016_binary\s3\r08\lr\f_dcss_15.parquet
0.9886611426079372,0.9772387106603988,,iscx_url2016_binary,,64,14,0.0025983667409057,0.0023322000001826,3.390318360492279e-07,0.983096060744068,lr,20261009,5388,1491,6879,,0.9884509712018474,0.9902845246356696,0.9570757880617036,r08,0.9942662657459233,S3-domain,s3,lr_c1,"{""C"": 1.0, ""class_weight"": null}",0.87,5374,,1427,3.8382895999998254,0.745463233587235,0.7983889979610203,f_dcss_20,20,"[""subdomain_depth"", ""char_type_transition_count"", ""token_count"", ""hyphen_count"", ""dot_count"", ""special_char_count"", ""registrable_domain_length"", ""slash_count"", ""url_length"", ""tld_length"", ""letter_count"", ""digit_ratio"", ""special_char_ratio"", ""percent_sign_count"", ""question_mark_count"", ""domain_hyphen_ratio"", ""url_char_entropy"", ""equals_sign_count"", ""underscore_count"", ""query_length""]",,,,,,,0.07132602603804365,0.0937275090270531,0.005733734254076799,0.1895859601482321,"[0, 1]",0.9942662657459231,0.9884509712018474,-1.1102230246251565e-16,0.0,0,${EXPERIMENT_ROOT}\part11_dcss_innovation\predictions\main_comparison\internal\iscx_url2016_binary\s3\r08\lr\f_dcss_20.parquet
0.9938944614042738,0.9888260520808594,,iscx_url2016_binary,,30,12,0.0022271714922048,0.001649300000281,2.3975868589636184e-07,0.9909694544652564,lr,20261009,5388,1491,6879,,0.9960865958173948,0.9918533604887984,0.9798792756539236,r08,0.9975872308834446,S3-domain,s3,lr_c01,"{""C"": 0.1, ""class_weight"": null}",0.46,5376,,1461,3.7322014999999737,0.7427264143772814,0.7808774865240032,f_mi,15,"[""url_length"", ""subdomain_depth"", ""token_count"", ""special_char_count"", ""path_length"", ""char_type_transition_count"", ""hostname_length"", ""hyphen_count"", ""dot_count"", ""token_mean_length"", ""special_char_ratio"", ""digit_ratio"", ""letter_ratio"", ""longest_repeated_char_run"", ""letter_count""]",,,,,,,0.009284194900811197,0.026405298644453346,0.002412769116555308,0.04705107999340123,,0.9975872308834446,0.9960865958173949,0.0,1.1102230246251565e-16,0,${EXPERIMENT_ROOT}\part8_traditional_baselines_and_error_analysis\predictions\internal\iscx_url2016_binary\s3\r08\lr\f_mi.parquet
0.985608373310074,0.9798983208829816,,iscx_url2016_binary,,45,54,0.010022271714922,0.005061299999852,7.357610117534603e-07,0.9788529701671188,lr,20261009,5388,1491,6879,,0.9899082702010098,0.964,0.9698189134808852,r08,0.9948938869544912,S3-domain,s3,lr_c1,"{""C"": 1.0, ""class_weight"": null}",0.78,5334,,1446,3.854482400000052,0.7442694990652912,0.7953864695758128,f_permutation,15,"[""subdomain_depth"", ""dot_count"", ""token_count"", ""char_type_transition_count"", ""slash_count"", ""registrable_domain_length"", ""hyphen_count"", ""special_char_ratio"", ""tld_length"", ""equals_sign_count"", ""letter_count"", ""query_length"", ""path_length"", ""digit_count"", ""token_max_length""]",,,,,,,0.06233971692457509,0.08928343364189982,0.0051061130455088855,0.16564623705531809,,0.9948938869544912,0.9899082702010098,0.0,0.0,0,${EXPERIMENT_ROOT}\part8_traditional_baselines_and_error_analysis\predictions\internal\iscx_url2016_binary\s3\r08\lr\f_permutation.parquet
0.9556621601977032,0.9605392189812968,,iscx_url2016_binary,,46,259,0.0480697847067557,0.0012471000000005,1.8129088530316922e-07,0.9378319841736524,lr,20261009,5388,1491,6879,20260910.0,0.9877605729368804,0.8480046948356808,0.9691482226693494,r08,0.9938351962803796,S3-domain,s3,lr_c1,"{""C"": 1.0, ""class_weight"": null}",0.79,5129,3.594206399999962,1445,3.434962499999984,0.7470833840481619,0.7988858455206461,f_single,15,"[""subdomain_depth"", ""token_count"", ""dot_count"", ""registrable_domain_length"", ""char_type_transition_count"", ""hyphen_count"", ""special_char_count"", ""slash_count"", ""equals_sign_count"", ""question_mark_count"", ""letter_count"", ""path_length"", ""token_mean_length"", ""special_char_ratio"", ""tld_length""]",0.0006842000000233,0.0044091999999977,200.0,200.0,2.204599999998891e-05,raw_log_odds,0.07745307398987489,0.09923202123702853,0.00616480371962037,0.2056729652039011,,0.9938351962803796,0.9877605729368801,0.0,-2.220446049250313e-16,0,${EXPERIMENT_ROOT}\part6_stable_feature_selection\predictions\iscx_url2016_binary\s3\r08\lr\f_single.parquet
0.869312400058148,0.9119654825762294,,iscx_url2016_binary,,19,880,0.1633259094283593,0.0010974999999007,1.595435382905538e-07,0.8376987374730487,lr,20261009,5388,1491,6879,20260910.0,0.9910140928729908,0.6258503401360545,0.9872568745808182,r08,0.9952315974540636,S3-domain,s3,lr_c1,"{""C"": 1.0, ""class_weight"": null}",0.42,4508,3.539949999999976,1472,3.3906829000000016,0.746470792582786,0.8016058304852998,f_stable,11,"[""subdomain_depth"", ""token_count"", ""dot_count"", ""char_type_transition_count"", ""registrable_domain_length"", ""special_char_count"", ""hyphen_count"", ""slash_count"", ""equals_sign_count"", ""special_char_ratio"", ""path_length""]",0.0009795000000849,0.0079755000000432,200.0,200.0,3.987750000021606e-05,raw_log_odds,0.04579696148324122,0.07528172123014733,0.004768402545936345,0.13044847661171707,,0.9952315974540635,0.9910140928729908,-1.1102230246251565e-16,0.0,0,${EXPERIMENT_ROOT}\part6_stable_feature_selection\predictions\iscx_url2016_binary\s3\r08\lr\f_stable.parquet
0.9992731501671754,0.9983232729711604,master,iscx_url2016_binary,ISCX-URL2016-binary,5,0,0.0,0.035049699999945,5.095173717102051e-06,0.998928338982753,rf,20261009,5388,1491,6879,20260910.0,0.999991509020362,1.0,0.9966465459423206,r08,0.9999976349061952,S3-domain,s3,rf_depth24_leaf2,"{""class_weight"": null, ""max_depth"": 24, ""max_features"": ""sqrt"", ""min_samples_leaf"": 2, ""n_estimators"": 200}",0.62,5388,10.7833641000002,1486,10.721568899999966,0.9989273908620202,0.999722880404037,f_all,35,"[""url_length"", ""hostname_length"", ""path_length"", ""query_length"", ""fragment_length"", ""digit_count"", ""letter_count"", ""special_char_count"", ""digit_ratio"", ""letter_ratio"", ""special_char_ratio"", ""dot_count"", ""hyphen_count"", ""underscore_count"", ""slash_count"", ""question_mark_count"", ""equals_sign_count"", ""percent_sign_count"", ""at_sign_count"", ""subdomain_depth"", ""path_segment_count"", ""query_parameter_count"", ""has_port"", ""has_userinfo"", ""host_is_ip"", ""tld_length"", ""registrable_domain_length"", ""domain_digit_ratio"", ""domain_hyphen_ratio"", ""url_char_entropy"", ""longest_repeated_char_run"", ""char_type_transition_count"", ""token_count"", ""token_mean_length"", ""token_max_length""]",0.0142639999999119,3.1077761000001374,200.0,200.0,0.0155388805000006,positive_class_probability,0.009039277970818944,0.04296592978963354,2.365093804599418e-06,0.04892667120615065,,0.9999976349061954,0.999991509020362,2.220446049250313e-16,0.0,0,${EXPERIMENT_ROOT}\part4_baseline_models\predictions\internal\iscx_url2016_binary\s3\r08\rf.parquet
0.995493531036488,0.989604292421194,,iscx_url2016_binary,,31,0,0.0,0.0395378999996864,5.747623201001089e-06,0.9933132876306028,rf,20261009,5388,1491,6879,,0.9999923886746216,1.0,0.9792085848423876,r08,0.999997883863438,S3-domain,s3,rf_depth24_leaf2,"{""class_weight"": null, ""max_depth"": 24, ""max_features"": ""sqrt"", ""min_samples_leaf"": 2, ""n_estimators"": 200}",0.86,5388,,1460,9.397661900000005,0.998066511046646,0.9987686656823898,f_dcss_10,10,"[""url_length"", ""subdomain_depth"", ""hostname_length"", ""dot_count"", ""hyphen_count"", ""path_length"", ""token_count"", ""special_char_count"", ""longest_repeated_char_run"", ""token_max_length""]",,,,,,,0.0014755341949098128,0.011783804199270338,2.1161365620101075e-06,0.01322885142600174,"[0, 1]",0.999997883863438,0.9999923886746217,0.0,1.1102230246251565e-16,0,${EXPERIMENT_ROOT}\part11_dcss_innovation\predictions\main_comparison\internal\iscx_url2016_binary\s3\r08\rf\f_dcss_10.parquet
0.9994185201337404,0.9986586183769282,,iscx_url2016_binary,,4,0,0.0,0.0498744000001352,7.250239860464487e-06,0.9991428795707794,rf,20261009,5388,1491,6879,,0.9999986505211012,1.0,0.9973172367538564,r08,0.999999626564136,S3-domain,s3,rf_depth24_leaf2,"{""class_weight"": null, ""max_depth"": 24, ""max_features"": ""sqrt"", ""min_samples_leaf"": 2, ""n_estimators"": 200}",0.62,5388,,1487,7.770735199999763,0.9987125593328086,0.9992368804935932,f_dcss_15,15,"[""url_length"", ""subdomain_depth"", ""hostname_length"", ""dot_count"", ""hyphen_count"", ""path_length"", ""token_count"", ""special_char_count"", ""longest_repeated_char_run"", ""char_type_transition_count"", ""token_max_length"", ""registrable_domain_length"", ""letter_count"", ""digit_count"", ""slash_count""]",,,,,,,0.010427911219094537,0.0464426981148668,3.7343586388418923e-07,0.05327972707088761,"[0, 1]",0.9999996265641361,0.9999986505211013,1.1102230246251565e-16,1.1102230246251565e-16,0,${EXPERIMENT_ROOT}\part11_dcss_innovation\predictions\main_comparison\internal\iscx_url2016_binary\s3\r08\rf\f_dcss_15.parquet
0.9988370402674808,0.9973172367538564,,iscx_url2016_binary,,8,0,0.0,0.0531363999998575,7.724436691358851e-06,0.9982840902061187,rf,20261009,5388,1491,6879,,0.999982161215118,1.0,0.994634473507713,r08,0.9999950208551482,S3-domain,s3,rf_depth24_leaf2,"{""class_weight"": null, ""max_depth"": 24, ""max_features"": ""sqrt"", ""min_samples_leaf"": 2, ""n_estimators"": 200}",0.7,5388,,1483,9.827227300000231,0.9982817576269754,0.999557390686284,f_dcss_20,20,"[""url_length"", ""subdomain_depth"", ""hostname_length"", ""dot_count"", ""hyphen_count"", ""path_length"", ""token_count"", ""special_char_count"", ""longest_repeated_char_run"", ""char_type_transition_count"", ""token_max_length"", ""registrable_domain_length"", ""letter_count"", ""question_mark_count"", ""digit_count"", ""slash_count"", ""digit_ratio"", ""token_mean_length"", ""special_char_ratio"", ""path_segment_count""]",,,,,,,0.013740447431398765,0.05104994388265185,4.979144851788295e-06,0.060371118389461645,"[0, 1]",0.9999950208551482,0.999982161215118,0.0,0.0,0,${EXPERIMENT_ROOT}\part11_dcss_innovation\predictions\main_comparison\internal\iscx_url2016_binary\s3\r08\rf\f_dcss_20.parquet
0.9930222416048844,0.9839034205231388,,iscx_url2016_binary,,48,0,0.0,0.0574949000001652,8.358031690676728e-06,0.9896027459995738,rf,20261009,5388,1491,6879,,0.9999534739044504,1.0,0.9678068410462776,r08,0.9999870542233852,S3-domain,s3,rf_depth16_leaf1,"{""class_weight"": null, ""max_depth"": 16, ""max_features"": ""sqrt"", ""min_samples_leaf"": 1, ""n_estimators"": 200}",0.82,5388,,1443,10.37557199999992,0.998066511046646,0.9986002748491578,f_mi,15,"[""url_length"", ""subdomain_depth"", ""token_count"", ""special_char_count"", ""path_length"", ""char_type_transition_count"", ""hostname_length"", ""hyphen_count"", ""dot_count"", ""token_mean_length"", ""special_char_ratio"", ""digit_ratio"", ""letter_ratio"", ""longest_repeated_char_run"", ""letter_count""]",,,,,,,0.0023437679400919675,0.015012037842771324,1.2945776614649958e-05,0.0177940522174144,,0.9999870542233853,0.9999534739044504,1.1102230246251565e-16,0.0,0,${EXPERIMENT_ROOT}\part8_traditional_baselines_and_error_analysis\predictions\internal\iscx_url2016_binary\s3\r08\rf\f_mi.parquet
0.9992731501671754,0.9983232729711604,,iscx_url2016_binary,,5,0,0.0,0.0701429000000644,1.0196671027775026e-05,0.998928338982753,rf,20261009,5388,1491,6879,,0.999737397353636,1.0,0.9966465459423206,r08,0.9998853551897876,S3-domain,s3,rf_depth24_leaf2,"{""class_weight"": null, ""max_depth"": 24, ""max_features"": ""sqrt"", ""min_samples_leaf"": 2, ""n_estimators"": 200}",0.61,5388,,1486,10.802103200000149,0.9989268745006724,0.9993758817656694,f_permutation,15,"[""url_length"", ""subdomain_depth"", ""hostname_length"", ""dot_count"", ""path_length"", ""hyphen_count"", ""token_count"", ""token_max_length"", ""token_mean_length"", ""slash_count"", ""special_char_count"", ""path_segment_count"", ""question_mark_count"", ""registrable_domain_length"", ""char_type_transition_count""]",,,,,,,0.0218711619096588,0.0630422301074563,0.00011464481021242537,0.07883485291725993,,0.9998853551897876,0.9997373973536359,0.0,-1.1102230246251565e-16,0,${EXPERIMENT_ROOT}\part8_traditional_baselines_and_error_analysis\predictions\internal\iscx_url2016_binary\s3\r08\rf\f_permutation.parquet
0.9992731501671754,0.9983232729711604,,iscx_url2016_binary,,5,0,0.0,0.0354886000000078,5.158976595436526e-06,0.998928338982753,rf,20261009,5388,1491,6879,20260910.0,0.9999880707167907,1.0,0.9966465459423206,r08,0.9999966390772252,S3-domain,s3,rf_unlimited_leaf5_balanced,"{""class_weight"": ""balanced_subsample"", ""max_depth"": null, ""max_features"": ""sqrt"", ""min_samples_leaf"": 5, ""n_estimators"": 200}",0.69,5388,8.946043700000018,1486,6.318737600000077,0.9989268745006724,0.9995037831176522,f_single,15,"[""subdomain_depth"", ""url_length"", ""hostname_length"", ""dot_count"", ""hyphen_count"", ""path_length"", ""longest_repeated_char_run"", ""token_count"", ""special_char_count"", ""token_max_length"", ""token_mean_length"", ""registrable_domain_length"", ""slash_count"", ""char_type_transition_count"", ""digit_count""]",0.01168210000003,2.436963300000002,200.0,200.0,0.0121848165,positive_class_probability,0.011448300114435976,0.05005875761947794,3.3609227749571067e-06,0.05733140798038538,,0.9999966390772251,0.9999880707167909,-1.1102230246251565e-16,1.1102230246251565e-16,0,${EXPERIMENT_ROOT}\part6_stable_feature_selection\predictions\iscx_url2016_binary\s3\r08\rf\f_single.parquet
0.9981101904346562,0.9956405097250168,,iscx_url2016_binary,,13,0,0.0,0.0380040999999664,5.524654746324532e-06,0.9972082452029016,rf,20261009,5388,1491,6879,20260910.0,0.9999790546160788,1.0,0.9912810194500336,r08,0.999994149504799,S3-domain,s3,rf_depth16_leaf1,"{""class_weight"": null, ""max_depth"": 16, ""max_features"": ""sqrt"", ""min_samples_leaf"": 1, ""n_estimators"": 200}",0.78,5388,9.433154700000046,1478,6.315910600000052,0.9982817576269754,0.9987986859208235,f_stable,13,"[""subdomain_depth"", ""url_length"", ""hostname_length"", ""dot_count"", ""hyphen_count"", ""path_length"", ""token_count"", ""longest_repeated_char_run"", ""special_char_count"", ""token_max_length"", ""char_type_transition_count"", ""digit_count"", ""token_mean_length""]",0.0107350000000678,2.9240102999999635,200.0,200.0,0.0146200514999998,positive_class_probability,0.002544478770895611,0.01863100628499627,5.85049520085133e-06,0.021012817884168502,,0.999994149504799,0.9999790546160787,0.0,-1.1102230246251565e-16,1,${EXPERIMENT_ROOT}\part6_stable_feature_selection\predictions\iscx_url2016_binary\s3\r08\rf\f_stable.parquet
0.9994185201337404,0.9986586183769282,master,iscx_url2016_binary,ISCX-URL2016-binary,4,0,0.0,0.0079352000002472,1.1535397587218024e-06,0.9991428795707794,xgb,20261009,5388,1491,6879,20260910.0,1.0,1.0,0.9973172367538564,r08,1.0,S3-domain,s3,xgb_d6_lr005,"{""colsample_bytree"": 0.9, ""learning_rate"": 0.05, ""max_depth"": 6, ""n_estimators"": 250, ""reg_lambda"": 1.0, ""scale_pos_weight"": 1.0, ""subsample"": 0.9}",0.72,5388,5.314056700000037,1487,5.283552800000052,0.9995710595019596,0.9998043639083576,f_all,35,"[""url_length"", ""hostname_length"", ""path_length"", ""query_length"", ""fragment_length"", ""digit_count"", ""letter_count"", ""special_char_count"", ""digit_ratio"", ""letter_ratio"", ""special_char_ratio"", ""dot_count"", ""hyphen_count"", ""underscore_count"", ""slash_count"", ""question_mark_count"", ""equals_sign_count"", ""percent_sign_count"", ""at_sign_count"", ""subdomain_depth"", ""path_segment_count"", ""query_parameter_count"", ""has_port"", ""has_userinfo"", ""host_is_ip"", ""tld_length"", ""registrable_domain_length"", ""domain_digit_ratio"", ""domain_hyphen_ratio"", ""url_char_entropy"", ""longest_repeated_char_run"", ""char_type_transition_count"", ""token_count"", ""token_mean_length"", ""token_max_length""]",0.060338799999954,0.040179700000408,200.0,200.0,0.000200898500002,raw_margin,0.0003086411559441697,0.003530199005367194,0.0,0.003730210101483466,,1.0,1.0,0.0,0.0,0,${EXPERIMENT_ROOT}\part4_baseline_models\predictions\internal\iscx_url2016_binary\s3\r08\xgb.parquet
0.9988370402674808,0.9973172367538564,,iscx_url2016_binary,,8,0,0.0,0.0084864999998899,1.233682221237088e-06,0.9982840902061187,xgb,20261009,5388,1491,6879,,1.0,1.0,0.994634473507713,r08,1.0,S3-domain,s3,xgb_d6_lr01_balanced,"{""colsample_bytree"": 0.9, ""learning_rate"": 0.1, ""max_depth"": 6, ""n_estimators"": 200, ""reg_lambda"": 1.0, ""scale_pos_weight"": 3.537326264507809, ""subsample"": 0.9}",0.95,5388,,1483,7.625387000000046,0.9989268745006724,0.999551336184415,f_dcss_10,10,"[""subdomain_depth"", ""url_length"", ""dot_count"", ""hostname_length"", ""hyphen_count"", ""token_max_length"", ""path_length"", ""longest_repeated_char_run"", ""token_count"", ""slash_count""]",,,,,,,0.00015996813718512507,0.0029614425355579824,0.0,0.0030671477219559153,"[0, 1]",1.0,1.0,0.0,0.0,0,${EXPERIMENT_ROOT}\part11_dcss_innovation\predictions\main_comparison\internal\iscx_url2016_binary\s3\r08\xgb\f_dcss_10.parquet
0.9998546300334352,0.999664654594232,,iscx_url2016_binary,,1,0,0.0,0.0082029000000147,1.1924552987374297e-06,0.999785875949306,xgb,20261009,5388,1491,6879,,0.9999973118604748,1.0,0.999329309188464,r08,0.9999992531282722,S3-domain,s3,xgb_d6_lr01_balanced,"{""colsample_bytree"": 0.9, ""learning_rate"": 0.1, ""max_depth"": 6, ""n_estimators"": 200, ""reg_lambda"": 1.0, ""scale_pos_weight"": 3.537326264507809, ""subsample"": 0.9}",0.83,5388,,1490,4.522776100000101,0.9993567438736982,0.9997841822354608,f_dcss_15,15,"[""subdomain_depth"", ""url_length"", ""dot_count"", ""hostname_length"", ""hyphen_count"", ""token_max_length"", ""path_length"", ""longest_repeated_char_run"", ""token_count"", ""tld_length"", ""slash_count"", ""token_mean_length"", ""digit_ratio"", ""registrable_domain_length"", ""path_segment_count""]",,,,,,,0.00048125176072983154,0.0032418083833596067,7.468717277682294e-07,0.003755547922249422,"[0, 1]",0.9999992531282722,0.9999973118604748,0.0,0.0,0,${EXPERIMENT_ROOT}\part11_dcss_innovation\predictions\main_comparison\internal\iscx_url2016_binary\s3\r08\xgb\f_dcss_15.parquet
0.9997092600668702,0.999329309188464,,iscx_url2016_binary,,2,0,0.0,0.0086428999998133,1.2564180839967115e-06,0.9995716479380692,xgb,20261009,5388,1491,6879,,0.9999991015528312,1.0,0.9986586183769284,r08,0.9999997510427574,S3-domain,s3,xgb_d4_lr005,"{""colsample_bytree"": 0.9, ""learning_rate"": 0.05, ""max_depth"": 4, ""n_estimators"": 300, ""reg_lambda"": 1.0, ""scale_pos_weight"": 1.0, ""subsample"": 0.9}",0.6,5388,,1489,4.92848929999991,0.999356434517212,0.9998843337872108,f_dcss_20,20,"[""subdomain_depth"", ""url_length"", ""dot_count"", ""hostname_length"", ""hyphen_count"", ""token_max_length"", ""path_length"", ""longest_repeated_char_run"", ""token_count"", ""tld_length"", ""slash_count"", ""token_mean_length"", ""digit_ratio"", ""registrable_domain_length"", ""path_segment_count"", ""percent_sign_count"", ""special_char_ratio"", ""letter_count"", ""char_type_transition_count"", ""url_char_entropy""]",,,,,,,0.0008442689678043794,0.008491435076929026,2.48957242589385e-07,0.009192426722290276,"[0, 1]",0.9999997510427574,0.9999991015528311,0.0,-1.1102230246251565e-16,0,${EXPERIMENT_ROOT}\part11_dcss_innovation\predictions\main_comparison\internal\iscx_url2016_binary\s3\r08\xgb\f_dcss_20.parquet
0.997092600668702,0.9932930918846412,,iscx_url2016_binary,,20,0,0.0,0.0090408000000934,1.3142607937336009e-06,0.9956976337798856,xgb,20261009,5388,1491,6879,,0.9999754548288624,1.0,0.9865861837692824,r08,0.9999931536758286,S3-domain,s3,xgb_d6_lr005,"{""colsample_bytree"": 0.9, ""learning_rate"": 0.05, ""max_depth"": 6, ""n_estimators"": 250, ""reg_lambda"": 1.0, ""scale_pos_weight"": 1.0, ""subsample"": 0.9}",0.95,5388,,1471,5.06708720000006,0.9843531184028618,0.9989033783489752,f_mi,15,"[""url_length"", ""subdomain_depth"", ""token_count"", ""special_char_count"", ""path_length"", ""char_type_transition_count"", ""hostname_length"", ""hyphen_count"", ""dot_count"", ""token_mean_length"", ""special_char_ratio"", ""digit_ratio"", ""letter_ratio"", ""longest_repeated_char_run"", ""letter_count""]",,,,,,,0.0007821228803925306,0.002231754219070613,6.846324171208943e-06,0.0038694621781412536,,0.9999931536758286,0.9999754548288624,0.0,0.0,0,${EXPERIMENT_ROOT}\part8_traditional_baselines_and_error_analysis\predictions\internal\iscx_url2016_binary\s3\r08\xgb\f_mi.parquet
0.9995638901003052,0.998993963782696,,iscx_url2016_binary,,3,0,0.0,0.008294300000216,1.2057421137107175e-06,0.9993573158505308,xgb,20261009,5388,1491,6879,,0.9999906360820175,1.0,0.9979879275653925,r08,0.9999973859489528,S3-domain,s3,xgb_d4_lr005,"{""colsample_bytree"": 0.9, ""learning_rate"": 0.05, ""max_depth"": 4, ""n_estimators"": 300, ""reg_lambda"": 1.0, ""scale_pos_weight"": 1.0, ""subsample"": 0.9}",0.71,5388,,1488,5.1960643000002165,0.9991417062218724,0.9994510584972096,f_permutation,15,"[""url_length"", ""dot_count"", ""subdomain_depth"", ""hostname_length"", ""hyphen_count"", ""path_length"", ""token_max_length"", ""token_mean_length"", ""tld_length"", ""slash_count"", ""special_char_ratio"", ""token_count"", ""path_segment_count"", ""question_mark_count"", ""query_length""]",,,,,,,0.002474781863963464,0.01933893544165268,2.614051047188803e-06,0.021158149165025796,,0.9999973859489528,0.9999906360820177,0.0,1.1102230246251565e-16,0,${EXPERIMENT_ROOT}\part8_traditional_baselines_and_error_analysis\predictions\internal\iscx_url2016_binary\s3\r08\xgb\f_permutation.parquet
0.9998546300334352,0.999664654594232,,iscx_url2016_binary,,1,0,0.0,0.0059759999999187,8.687309201800717e-07,0.999785875949306,xgb,20261009,5388,1491,6879,20260910.0,0.9999964205960692,1.0,0.999329309188464,r08,0.9999990041710296,S3-domain,s3,xgb_d4_lr005,"{""colsample_bytree"": 0.9, ""learning_rate"": 0.05, ""max_depth"": 4, ""n_estimators"": 300, ""reg_lambda"": 1.0, ""scale_pos_weight"": 1.0, ""subsample"": 0.9}",0.6,5388,5.111051999999972,1490,4.756960499999991,0.9995710595019596,0.9998586021542674,f_single,15,"[""url_length"", ""subdomain_depth"", ""dot_count"", ""hostname_length"", ""hyphen_count"", ""path_length"", ""token_mean_length"", ""token_max_length"", ""longest_repeated_char_run"", ""registrable_domain_length"", ""tld_length"", ""slash_count"", ""special_char_ratio"", ""token_count"", ""digit_ratio""]",0.1313693999999259,0.0164996999999402,200.0,200.0,8.249849999970139e-05,raw_margin,0.0007671354085674929,0.0061354457755433914,9.958289703576888e-07,0.006792620321250199,,0.9999990041710296,0.9999964205960692,0.0,0.0,0,${EXPERIMENT_ROOT}\part6_stable_feature_selection\predictions\iscx_url2016_binary\s3\r08\xgb\f_single.parquet
0.9998546300334352,0.999664654594232,,iscx_url2016_binary,,1,0,0.0,0.005419399999937,7.878179967927044e-07,0.999785875949306,xgb,20261009,5388,1491,6879,20260910.0,0.999986771384388,1.0,0.999329309188464,r08,0.9999962656413612,S3-domain,s3,xgb_d4_lr005,"{""colsample_bytree"": 0.9, ""learning_rate"": 0.05, ""max_depth"": 4, ""n_estimators"": 300, ""reg_lambda"": 1.0, ""scale_pos_weight"": 1.0, ""subsample"": 0.9}",0.63,5388,4.782224699999915,1490,4.524092300000007,0.999356434517212,0.9998828201617432,f_stable,14,"[""url_length"", ""subdomain_depth"", ""dot_count"", ""hostname_length"", ""hyphen_count"", ""path_length"", ""token_mean_length"", ""token_max_length"", ""longest_repeated_char_run"", ""registrable_domain_length"", ""tld_length"", ""digit_ratio"", ""token_count"", ""slash_count""]",0.0427261999999473,0.0128551999999899,200.0,200.0,6.427599999994982e-05,raw_margin,0.0013003981051581308,0.006459164076220952,3.7343586388412217e-06,0.007536766191007431,,0.9999962656413611,0.999986771384388,-1.1102230246251565e-16,0.0,0,${EXPERIMENT_ROOT}\part6_stable_feature_selection\predictions\iscx_url2016_binary\s3\r08\xgb\f_stable.parquet
0.98430004361099,0.9817311441029248,master,iscx_url2016_binary,ISCX-URL2016-binary,34,74,0.0137342242019302,0.0028360999999677,4.122837621700394e-07,0.9771012327876742,lr,20261010,5388,1491,6879,20260911.0,0.9904571269098316,0.9516655780535598,0.97719651240778,r09,0.9944839788545676,S3-domain,s3,lr_c1,"{""C"": 1.0, ""class_weight"": null}",0.77,5314,3.543102699999963,1457,3.525230799999917,0.7474773809692721,0.8093989834743633,f_all,35,"[""url_length"", ""hostname_length"", ""path_length"", ""query_length"", ""fragment_length"", ""digit_count"", ""letter_count"", ""special_char_count"", ""digit_ratio"", ""letter_ratio"", ""special_char_ratio"", ""dot_count"", ""hyphen_count"", ""underscore_count"", ""slash_count"", ""question_mark_count"", ""equals_sign_count"", ""percent_sign_count"", ""at_sign_count"", ""subdomain_depth"", ""path_segment_count"", ""query_parameter_count"", ""has_port"", ""has_userinfo"", ""host_is_ip"", ""tld_length"", ""registrable_domain_length"", ""domain_digit_ratio"", ""domain_hyphen_ratio"", ""url_char_entropy"", ""longest_repeated_char_run"", ""char_type_transition_count"", ""token_count"", ""token_mean_length"", ""token_max_length""]",0.0007014999996499,0.0058904000002257,200.0,200.0,2.94520000011285e-05,raw_log_odds,0.06143962588686185,0.08726716051682318,0.0055160211454323566,0.16721244871692437,,0.9944839788545677,0.9904571269098315,1.1102230246251565e-16,-1.1102230246251565e-16,0,${EXPERIMENT_ROOT}\part4_baseline_models\predictions\internal\iscx_url2016_binary\s3\r09\lr.parquet
0.8681494403256287,0.9112230920788278,,iscx_url2016_binary,,19,888,0.1648106904231625,0.0049279999998361,7.163831952080498e-07,0.8364626655001355,lr,20261010,5388,1491,6879,,0.9918660866666094,0.6237288135593221,0.9872568745808182,r09,0.994864758957108,S3-domain,s3,lr_c01,"{""C"": 0.1, ""class_weight"": null}",0.42,4500,,1472,5.723817399999916,0.7436156292358693,0.7793788711759672,f_dcss_10,10,"[""subdomain_depth"", ""token_count"", ""char_type_transition_count"", ""dot_count"", ""special_char_count"", ""hyphen_count"", ""registrable_domain_length"", ""slash_count"", ""url_length"", ""special_char_ratio""]",,,,,,,0.04128685849999853,0.07405289222685504,0.0051352410428918485,0.12471941087823081,"[0, 1]",0.9948647589571081,0.9918660866666094,1.1102230246251565e-16,0.0,0,${EXPERIMENT_ROOT}\part11_dcss_innovation\predictions\main_comparison\internal\iscx_url2016_binary\s3\r09\lr\f_dcss_10.parquet
0.8639337112952464,0.9080468333385614,,iscx_url2016_binary,,21,915,0.1698218262806236,0.0052169000000503,7.583805785797897e-07,0.8318981317001923,lr,20261010,5388,1491,6879,,0.9877036132246936,0.6163522012578616,0.9859154929577464,r09,0.993101270329226,S3-domain,s3,lr_c1,"{""C"": 1.0, ""class_weight"": null}",0.41,4473,,1470,6.152909200000067,0.7461837712298517,0.7962026921090289,f_dcss_15,15,"[""subdomain_depth"", ""token_count"", ""char_type_transition_count"", ""dot_count"", ""special_char_count"", ""hyphen_count"", ""registrable_domain_length"", ""slash_count"", ""url_length"", ""special_char_ratio"", ""letter_count"", ""equals_sign_count"", ""percent_sign_count"", ""tld_length"", ""digit_ratio""]",,,,,,,0.07495582150738583,0.09729535347157685,0.006898729670773963,0.2029832842060625,"[0, 1]",0.9931012703292259,0.9877036132246937,-1.1102230246251565e-16,1.1102230246251565e-16,0,${EXPERIMENT_ROOT}\part11_dcss_innovation\predictions\main_comparison\internal\iscx_url2016_binary\s3\r09\lr\f_dcss_15.parquet
0.981101904346562,0.9806597566094412,,iscx_url2016_binary,,30,100,0.0185597624350408,0.0111486000000695,1.6206716092556424e-06,0.9726311283172135,lr,20261010,5388,1491,6879,,0.9910370442473974,0.9359385009609223,0.9798792756539236,r09,0.9945467160797,S3-domain,s3,lr_c1,"{""C"": 1.0, ""class_weight"": null}",0.73,5288,,1461,6.33767829999988,0.7471424703339529,0.8090098555938237,f_dcss_20,20,"[""subdomain_depth"", ""token_count"", ""char_type_transition_count"", ""dot_count"", ""special_char_count"", ""hyphen_count"", ""registrable_domain_length"", ""slash_count"", ""url_length"", ""special_char_ratio"", ""letter_count"", ""tld_length"", ""digit_ratio"", ""equals_sign_count"", ""percent_sign_count"", ""question_mark_count"", ""domain_hyphen_ratio"", ""path_segment_count"", ""domain_digit_ratio"", ""query_length""]",,,,,,,0.05765472954453106,0.08514110107043782,0.005453283920299824,0.15955954973842523,"[0, 1]",0.9945467160797001,0.9910370442473974,1.1102230246251565e-16,0.0,0,${EXPERIMENT_ROOT}\part11_dcss_innovation\predictions\main_comparison\internal\iscx_url2016_binary\s3\r09\lr\f_dcss_20.parquet
0.9956389010030527,0.9921225571692964,,iscx_url2016_binary,,21,9,0.0016703786191536,0.0014577000001736,2.1190580028690878e-07,0.9935590611341446,lr,20261010,5388,1491,6879,,0.9953655029624794,0.9939148073022313,0.9859154929577464,r09,0.996633226729842,S3-domain,s3,lr_c01,"{""C"": 0.1, ""class_weight"": null}",0.46,5379,,1470,4.006456699999944,0.7421689530007493,0.7801915619164265,f_mi,15,"[""url_length"", ""subdomain_depth"", ""token_count"", ""special_char_count"", ""path_length"", ""char_type_transition_count"", ""hostname_length"", ""dot_count"", ""hyphen_count"", ""token_mean_length"", ""special_char_ratio"", ""digit_ratio"", ""letter_ratio"", ""longest_repeated_char_run"", ""letter_count""]",,,,,,,0.008575091579731428,0.028402960724608628,0.0033667732701579433,0.04853734975424352,,0.996633226729842,0.9953655029624794,0.0,0.0,0,${EXPERIMENT_ROOT}\part8_traditional_baselines_and_error_analysis\predictions\internal\iscx_url2016_binary\s3\r09\lr\f_mi.parquet
0.8632068614624219,0.9083104790584636,,iscx_url2016_binary,,18,923,0.1713066072754268,0.0013922999996793,2.0239860440171253e-07,0.8312906157557003,lr,20261010,5388,1491,6879,,0.9897976979531262,0.6147746243739566,0.9879275653923542,r09,0.9939551936713078,S3-domain,s3,lr_c1,"{""C"": 1.0, ""class_weight"": null}",0.32,4465,,1473,3.7812715999998554,0.7466888585052052,0.8001319376865622,f_permutation,15,"[""subdomain_depth"", ""dot_count"", ""char_type_transition_count"", ""hyphen_count"", ""token_count"", ""slash_count"", ""special_char_count"", ""equals_sign_count"", ""special_char_ratio"", ""registrable_domain_length"", ""tld_length"", ""query_length"", ""path_length"", ""digit_count"", ""digit_ratio""]",,,,,,,0.07207534311459822,0.09596755069039965,0.006044806328692272,0.19556965976408408,,0.9939551936713078,0.9897976979531262,0.0,0.0,0,${EXPERIMENT_ROOT}\part8_traditional_baselines_and_error_analysis\predictions\internal\iscx_url2016_binary\s3\r09\lr\f_permutation.parquet
0.897659543538305,0.9283634247952453,,iscx_url2016_binary,,26,678,0.1258351893095768,0.0014539000000013,2.113533943889141e-07,0.8683681730145535,lr,20261010,5388,1491,6879,20260911.0,0.991013907518586,0.6836210919272049,0.9825620389000672,r09,0.9944965511953184,S3-domain,s3,lr_c1,"{""C"": 1.0, ""class_weight"": null}",0.52,4710,3.624457300000017,1465,3.484646500000053,0.7475836170476802,0.8000451564931064,f_single,15,"[""subdomain_depth"", ""dot_count"", ""token_count"", ""special_char_count"", ""registrable_domain_length"", ""hyphen_count"", ""char_type_transition_count"", ""slash_count"", ""equals_sign_count"", ""question_mark_count"", ""special_char_ratio"", ""url_length"", ""path_length"", ""digit_ratio"", ""digit_count""]",0.0006778000000622,0.0043483000000605,200.0,200.0,2.1741500000302948e-05,raw_log_odds,0.04633530558411659,0.07574071066697013,0.0055034488046815915,0.13495978135052306,,0.9944965511953184,0.991013907518586,0.0,0.0,0,${EXPERIMENT_ROOT}\part6_stable_feature_selection\predictions\iscx_url2016_binary\s3\r09\lr\f_single.parquet
0.8739642389882251,0.9127521252235014,,iscx_url2016_binary,,28,839,0.1557164068299925,0.0011389000000008,1.655618549208942e-07,0.8422082614751418,lr,20261010,5388,1491,6879,20260911.0,0.990060829089378,0.6355343179843614,0.9812206572769951,r09,0.9940231589985348,S3-domain,s3,lr_c1,"{""C"": 1.0, ""class_weight"": null}",0.54,4549,3.68679039999995,1463,3.5378504999999905,0.7477791826591779,0.797830470163604,f_stable,13,"[""subdomain_depth"", ""token_count"", ""dot_count"", ""special_char_count"", ""registrable_domain_length"", ""char_type_transition_count"", ""hyphen_count"", ""slash_count"", ""special_char_ratio"", ""equals_sign_count"", ""path_length"", ""url_length"", ""question_mark_count""]",0.0007408000000168,0.0046151000000236,200.0,200.0,2.307550000011816e-05,raw_log_odds,0.05687519249646809,0.08447816350672142,0.005976841001465362,0.15778347980859345,,0.9940231589985347,0.9900608290893779,-1.1102230246251565e-16,-1.1102230246251565e-16,0,${EXPERIMENT_ROOT}\part6_stable_feature_selection\predictions\iscx_url2016_binary\s3\r09\lr\f_stable.parquet
0.9992731501671754,0.9983232729711604,master,iscx_url2016_binary,ISCX-URL2016-binary,5,0,0.0,0.0392084999998587,5.699738334039651e-06,0.998928338982753,rf,20261010,5388,1491,6879,20260911.0,0.9992651169831176,1.0,0.9966465459423206,r09,0.9995051974803536,S3-domain,s3,rf_depth24_leaf2,"{""class_weight"": null, ""max_depth"": 24, ""max_features"": ""sqrt"", ""min_samples_leaf"": 2, ""n_estimators"": 200}",0.57,5388,7.605425100000048,1486,7.547951999999896,0.9982817576269754,0.9993647818455762,f_all,35,"[""url_length"", ""hostname_length"", ""path_length"", ""query_length"", ""fragment_length"", ""digit_count"", ""letter_count"", ""special_char_count"", ""digit_ratio"", ""letter_ratio"", ""special_char_ratio"", ""dot_count"", ""hyphen_count"", ""underscore_count"", ""slash_count"", ""question_mark_count"", ""equals_sign_count"", ""percent_sign_count"", ""at_sign_count"", ""subdomain_depth"", ""path_segment_count"", ""query_parameter_count"", ""has_port"", ""has_userinfo"", ""host_is_ip"", ""tld_length"", ""registrable_domain_length"", ""domain_digit_ratio"", ""domain_hyphen_ratio"", ""url_char_entropy"", ""longest_repeated_char_run"", ""char_type_transition_count"", ""token_count"", ""token_mean_length"", ""token_max_length""]",0.0100073000003249,2.958712000000105,200.0,200.0,0.0147935600000005,positive_class_probability,0.013132933179559443,0.05067506273078998,0.0004948025196464608,0.06072700201043255,,0.9995051974803535,0.9992651169831177,-1.1102230246251565e-16,1.1102230246251565e-16,0,${EXPERIMENT_ROOT}\part4_baseline_models\predictions\internal\iscx_url2016_binary\s3\r09\rf.parquet
0.9914231719726704,0.9802146210596916,,iscx_url2016_binary,,59,0,0.0,0.0841766999997162,1.2236764064503012e-05,0.9871849710955282,rf,20261010,5388,1491,6879,,0.9991582263980624,1.0,0.960429242119383,r09,0.9994049299509006,S3-domain,s3,rf_unlimited_leaf5_balanced,"{""class_weight"": ""balanced_subsample"", ""max_depth"": null, ""max_features"": ""sqrt"", ""min_samples_leaf"": 5, ""n_estimators"": 200}",0.88,5388,,1432,11.356773599999997,0.99178266464286,0.9959154816766178,f_dcss_10,10,"[""url_length"", ""subdomain_depth"", ""hostname_length"", ""dot_count"", ""path_length"", ""token_count"", ""hyphen_count"", ""special_char_count"", ""longest_repeated_char_run"", ""char_type_transition_count""]",,,,,,,0.004237787234178876,0.022576027716509774,0.0005950700490993475,0.03207262412072746,"[0, 1]",0.9994049299509006,0.9991582263980625,0.0,1.1102230246251565e-16,0,${EXPERIMENT_ROOT}\part11_dcss_innovation\predictions\main_comparison\internal\iscx_url2016_binary\s3\r09\rf\f_dcss_10.parquet
0.9991277802006104,0.9979879275653925,,iscx_url2016_binary,,6,0,0.0,0.0420969000001605,6.119624945509599e-06,0.9987136939702372,rf,20261010,5388,1491,6879,,0.9992916118921852,1.0,0.9959758551307848,r09,0.9995805070462368,S3-domain,s3,rf_depth16_leaf1,"{""class_weight"": null, ""max_depth"": 16, ""max_features"": ""sqrt"", ""min_samples_leaf"": 1, ""n_estimators"": 200}",0.64,5388,,1485,10.257176800000252,0.9974201468140634,0.9983216416277276,f_dcss_15,15,"[""url_length"", ""subdomain_depth"", ""hostname_length"", ""dot_count"", ""path_length"", ""token_count"", ""hyphen_count"", ""special_char_count"", ""longest_repeated_char_run"", ""char_type_transition_count"", ""letter_count"", ""token_max_length"", ""registrable_domain_length"", ""slash_count"", ""digit_count""]",,,,,,,0.009670769587989347,0.04158165838108134,0.000419492953763163,0.049711213244133634,"[0, 1]",0.9995805070462368,0.9992916118921851,0.0,-1.1102230246251565e-16,0,${EXPERIMENT_ROOT}\part11_dcss_innovation\predictions\main_comparison\internal\iscx_url2016_binary\s3\r09\rf\f_dcss_15.parquet
0.9992731501671754,0.9983232729711604,,iscx_url2016_binary,,5,0,0.0,0.045612599999913,6.630702136925872e-06,0.998928338982753,rf,20261010,5388,1491,6879,,0.9992376166651712,1.0,0.9966465459423206,r09,0.9995086206424392,S3-domain,s3,rf_depth24_leaf2,"{""class_weight"": null, ""max_depth"": 24, ""max_features"": ""sqrt"", ""min_samples_leaf"": 2, ""n_estimators"": 200}",0.62,5388,,1486,8.374817700000222,0.996990171283074,0.9987216171574492,f_dcss_20,20,"[""url_length"", ""subdomain_depth"", ""hostname_length"", ""dot_count"", ""path_length"", ""token_count"", ""hyphen_count"", ""special_char_count"", ""longest_repeated_char_run"", ""char_type_transition_count"", ""letter_count"", ""token_max_length"", ""registrable_domain_length"", ""slash_count"", ""digit_count"", ""token_mean_length"", ""question_mark_count"", ""digit_ratio"", ""special_char_ratio"", ""path_segment_count""]",,,,,,,0.012985799559639837,0.04996036677435801,0.0004913793575608564,0.060139052374798024,"[0, 1]",0.9995086206424391,0.9992376166651712,-1.1102230246251565e-16,0.0,0,${EXPERIMENT_ROOT}\part11_dcss_innovation\predictions\main_comparison\internal\iscx_url2016_binary\s3\r09\rf\f_dcss_20.parquet
0.99200465183893,0.9815560026827632,,iscx_url2016_binary,,55,0,0.0,0.040258200000153,5.85233318798561e-06,0.9880657063231648,rf,20261010,5388,1491,6879,,0.9992390052997698,1.0,0.9631120053655264,r09,0.9995385577508604,S3-domain,s3,rf_unlimited_leaf5_balanced,"{""class_weight"": ""balanced_subsample"", ""max_depth"": null, ""max_features"": ""sqrt"", ""min_samples_leaf"": 5, ""n_estimators"": 200}",0.82,5388,,1436,7.408763399999771,0.994610962377478,0.9976707826768088,f_mi,15,"[""url_length"", ""subdomain_depth"", ""token_count"", ""special_char_count"", ""path_length"", ""char_type_transition_count"", ""hostname_length"", ""dot_count"", ""hyphen_count"", ""token_mean_length"", ""special_char_ratio"", ""digit_ratio"", ""letter_ratio"", ""longest_repeated_char_run"", ""letter_count""]",,,,,,,0.00376158297920988,0.019837052236404754,0.0004614422491394793,0.024806085375417147,,0.9995385577508605,0.9992390052997698,1.1102230246251565e-16,0.0,0,${EXPERIMENT_ROOT}\part8_traditional_baselines_and_error_analysis\predictions\internal\iscx_url2016_binary\s3\r09\rf\f_mi.parquet
0.998400930367786,0.9963112005365526,,iscx_url2016_binary,,11,0,0.0,0.0424877000000378,6.176435528425334e-06,0.9976388984621496,rf,20261010,5388,1491,6879,,0.9995490290411124,1.0,0.9926224010731052,r09,0.9997624947905696,S3-domain,s3,rf_depth16_leaf1,"{""class_weight"": null, ""max_depth"": 16, ""max_features"": ""sqrt"", ""min_samples_leaf"": 1, ""n_estimators"": 200}",0.74,5388,,1480,6.459648800000196,0.9969887157523843,0.9986261326175568,f_permutation,15,"[""url_length"", ""subdomain_depth"", ""hostname_length"", ""dot_count"", ""path_length"", ""token_max_length"", ""token_count"", ""hyphen_count"", ""special_char_count"", ""question_mark_count"", ""token_mean_length"", ""tld_length"", ""registrable_domain_length"", ""char_type_transition_count"", ""equals_sign_count""]",,,,,,,0.002229555131479315,0.013937238805027277,0.0002375052094303012,0.01746467369040917,,0.9997624947905697,0.9995490290411125,1.1102230246251565e-16,1.1102230246251565e-16,0,${EXPERIMENT_ROOT}\part8_traditional_baselines_and_error_analysis\predictions\internal\iscx_url2016_binary\s3\r09\rf\f_permutation.parquet
0.9962203808693124,0.9912810194500336,,iscx_url2016_binary,,26,0,0.0,0.0449062999999796,6.528027329550754e-06,0.9943986842510746,rf,20261010,5388,1491,6879,20260911.0,0.9992651523676722,1.0,0.9825620389000672,r09,0.9995731628075806,S3-domain,s3,rf_depth24_leaf2,"{""class_weight"": null, ""max_depth"": 24, ""max_features"": ""sqrt"", ""min_samples_leaf"": 2, ""n_estimators"": 200}",0.73,5388,10.737276800000018,1465,6.773483800000008,0.9969887157523843,0.9977076142298452,f_single,15,"[""url_length"", ""subdomain_depth"", ""hostname_length"", ""dot_count"", ""hyphen_count"", ""path_length"", ""token_count"", ""special_char_count"", ""longest_repeated_char_run"", ""token_max_length"", ""char_type_transition_count"", ""token_mean_length"", ""digit_count"", ""digit_ratio"", ""letter_count""]",0.0424549000000524,3.696648900000014,200.0,200.0,0.0184832445,positive_class_probability,0.0031520702099011254,0.021111022317044478,0.00042683719241955073,0.02525700072629353,,0.9995731628075807,0.9992651523676722,1.1102230246251565e-16,0.0,0,${EXPERIMENT_ROOT}\part6_stable_feature_selection\predictions\iscx_url2016_binary\s3\r09\rf\f_single.parquet
0.9982555604012212,0.9959758551307848,,iscx_url2016_binary,,12,0,0.0,0.0503211999999848,7.315191161503832e-06,0.9974236244536578,rf,20261010,5388,1491,6879,20260911.0,0.9992296947038976,1.0,0.9919517102615694,r09,0.9995376864005114,S3-domain,s3,rf_depth16_leaf1,"{""class_weight"": null, ""max_depth"": 16, ""max_features"": ""sqrt"", ""min_samples_leaf"": 1, ""n_estimators"": 200}",0.76,5388,9.59483119999993,1479,6.57894490000001,0.9967728433996704,0.9976914688915278,f_stable,13,"[""subdomain_depth"", ""url_length"", ""hostname_length"", ""dot_count"", ""path_length"", ""hyphen_count"", ""token_count"", ""longest_repeated_char_run"", ""special_char_count"", ""token_max_length"", ""char_type_transition_count"", ""token_mean_length"", ""digit_count""]",0.011217800000054,2.8157627000000502,200.0,200.0,0.0140788135000002,positive_class_probability,0.002493616951556594,0.015548917186386945,0.0004623135994885423,0.019653197882476176,,0.9995376864005114,0.9992296947038976,0.0,0.0,0,${EXPERIMENT_ROOT}\part6_stable_feature_selection\predictions\iscx_url2016_binary\s3\r09\rf\f_stable.parquet
0.9992731501671754,0.9983232729711604,master,iscx_url2016_binary,ISCX-URL2016-binary,5,0,0.0,0.0079052999999476,1.1491931966779476e-06,0.998928338982753,xgb,20261010,5388,1491,6879,20260911.0,0.9996101201342912,1.0,0.9966465459423206,r09,0.9997891332155268,S3-domain,s3,xgb_d6_lr005,"{""colsample_bytree"": 0.9, ""learning_rate"": 0.05, ""max_depth"": 6, ""n_estimators"": 250, ""reg_lambda"": 1.0, ""scale_pos_weight"": 1.0, ""subsample"": 0.9}",0.76,5388,4.5059949000001325,1486,4.478027699999984,0.9984969003188676,0.9987836758016068,f_all,35,"[""url_length"", ""hostname_length"", ""path_length"", ""query_length"", ""fragment_length"", ""digit_count"", ""letter_count"", ""special_char_count"", ""digit_ratio"", ""letter_ratio"", ""special_char_ratio"", ""dot_count"", ""hyphen_count"", ""underscore_count"", ""slash_count"", ""question_mark_count"", ""equals_sign_count"", ""percent_sign_count"", ""at_sign_count"", ""subdomain_depth"", ""path_segment_count"", ""query_parameter_count"", ""has_port"", ""has_userinfo"", ""host_is_ip"", ""tld_length"", ""registrable_domain_length"", ""domain_digit_ratio"", ""domain_hyphen_ratio"", ""url_char_entropy"", ""longest_repeated_char_run"", ""char_type_transition_count"", ""token_count"", ""token_mean_length"", ""token_max_length""]",0.04255269999976,0.033396299999822,200.0,200.0,0.0001669814999991,raw_margin,0.0005286793049647569,0.0023441472731526433,0.0002108667844732338,0.00432937390791706,,0.9997891332155268,0.9996101201342911,0.0,-1.1102230246251565e-16,0,${EXPERIMENT_ROOT}\part4_baseline_models\predictions\internal\iscx_url2016_binary\s3\r09\xgb.parquet
0.998691670300916,0.9969818913480886,,iscx_url2016_binary,,9,0,0.0,0.0093163999999887,1.3543247565036762e-06,0.9980691312213256,xgb,20261010,5388,1491,6879,,0.9996076338723052,1.0,0.993963782696177,r09,0.9997878884293138,S3-domain,s3,xgb_d6_lr005,"{""colsample_bytree"": 0.9, ""learning_rate"": 0.05, ""max_depth"": 6, ""n_estimators"": 250, ""reg_lambda"": 1.0, ""scale_pos_weight"": 1.0, ""subsample"": 0.9}",0.87,5388,,1482,4.445180499999879,0.9961245976503592,0.9985546138142288,f_dcss_10,10,"[""subdomain_depth"", ""url_length"", ""dot_count"", ""hostname_length"", ""hyphen_count"", ""token_max_length"", ""slash_count"", ""longest_repeated_char_run"", ""path_length"", ""digit_ratio""]",,,,,,,0.0005418581670380597,0.002192126586360979,0.00021211157068618097,0.004329493347049882,"[0, 1]",0.9997878884293138,0.9996076338723053,0.0,1.1102230246251565e-16,0,${EXPERIMENT_ROOT}\part11_dcss_innovation\predictions\main_comparison\internal\iscx_url2016_binary\s3\r09\xgb\f_dcss_10.parquet
0.9991277802006104,0.9979879275653925,,iscx_url2016_binary,,6,0,0.0,0.0071643000001131,1.0414740514774158e-06,0.9987136939702372,xgb,20261010,5388,1491,6879,,0.9996376907381734,1.0,0.9959758551307848,r09,0.9998363106129976,S3-domain,s3,xgb_d4_lr005,"{""colsample_bytree"": 0.9, ""learning_rate"": 0.05, ""max_depth"": 4, ""n_estimators"": 300, ""reg_lambda"": 1.0, ""scale_pos_weight"": 1.0, ""subsample"": 0.9}",0.63,5388,,1485,4.704361600000084,0.9982817576269754,0.9993225264679486,f_dcss_15,15,"[""subdomain_depth"", ""url_length"", ""dot_count"", ""hostname_length"", ""hyphen_count"", ""token_max_length"", ""slash_count"", ""longest_repeated_char_run"", ""token_mean_length"", ""registrable_domain_length"", ""token_count"", ""path_length"", ""digit_ratio"", ""tld_length"", ""percent_sign_count""]",,,,,,,0.0010788853097913151,0.00651308532474465,0.0001636893870025399,0.008749569628231625,"[0, 1]",0.9998363106129975,0.9996376907381734,-1.1102230246251565e-16,0.0,0,${EXPERIMENT_ROOT}\part11_dcss_innovation\predictions\main_comparison\internal\iscx_url2016_binary\s3\r09\xgb\f_dcss_15.parquet
0.9988370402674808,0.9973172367538564,,iscx_url2016_binary,,8,0,0.0,0.0099963999996361,1.4531763337165572e-06,0.9982840902061187,xgb,20261010,5388,1491,6879,,0.9995542081934462,1.0,0.994634473507713,r09,0.999761747918842,S3-domain,s3,xgb_d6_lr005,"{""colsample_bytree"": 0.9, ""learning_rate"": 0.05, ""max_depth"": 6, ""n_estimators"": 250, ""reg_lambda"": 1.0, ""scale_pos_weight"": 1.0, ""subsample"": 0.9}",0.8,5388,,1483,5.745029299999715,0.9984969003188676,0.9990937167514822,f_dcss_20,20,"[""subdomain_depth"", ""url_length"", ""dot_count"", ""hostname_length"", ""hyphen_count"", ""token_max_length"", ""slash_count"", ""longest_repeated_char_run"", ""token_mean_length"", ""path_length"", ""registrable_domain_length"", ""digit_ratio"", ""token_count"", ""tld_length"", ""percent_sign_count"", ""special_char_ratio"", ""letter_count"", ""path_segment_count"", ""url_char_entropy"", ""char_type_transition_count""]",,,,,,,0.000765957314668688,0.002575205084766777,0.00023825208115806946,0.00524438112446034,"[0, 1]",0.9997617479188419,0.9995542081934462,-1.1102230246251565e-16,0.0,0,${EXPERIMENT_ROOT}\part11_dcss_innovation\predictions\main_comparison\internal\iscx_url2016_binary\s3\r09\xgb\f_dcss_20.parquet
0.9978194505015264,0.9949698189134808,,iscx_url2016_binary,,15,0,0.0,0.0075630999999702,1.0994475941227343e-06,0.996777170504687,xgb,20261010,5388,1491,6879,,0.9997939197285868,1.0,0.9899396378269618,r09,0.9999370138176248,S3-domain,s3,xgb_d6_lr005,"{""colsample_bytree"": 0.9, ""learning_rate"": 0.05, ""max_depth"": 6, ""n_estimators"": 250, ""reg_lambda"": 1.0, ""scale_pos_weight"": 1.0, ""subsample"": 0.9}",0.95,5388,,1476,3.998940700000276,0.9931203915041692,0.9973741120852272,f_mi,15,"[""url_length"", ""subdomain_depth"", ""token_count"", ""special_char_count"", ""path_length"", ""char_type_transition_count"", ""hostname_length"", ""dot_count"", ""hyphen_count"", ""token_mean_length"", ""special_char_ratio"", ""digit_ratio"", ""letter_ratio"", ""longest_repeated_char_run"", ""letter_count""]",,,,,,,0.001328948567197502,0.0016465078865418703,6.29861823751217e-05,0.006139428936389715,,0.9999370138176249,0.9997939197285868,1.1102230246251565e-16,0.0,0,${EXPERIMENT_ROOT}\part8_traditional_baselines_and_error_analysis\predictions\internal\iscx_url2016_binary\s3\r09\xgb\f_mi.parquet
0.9934583515045792,0.9849094567404426,,iscx_url2016_binary,,45,0,0.0,0.0058488999998189,8.50254397415172e-07,0.9902598312836832,xgb,20261010,5388,1491,6879,,0.999819322820268,1.0,0.9698189134808852,r09,0.999942117441098,S3-domain,s3,xgb_d4_lr005,"{""colsample_bytree"": 0.9, ""learning_rate"": 0.05, ""max_depth"": 4, ""n_estimators"": 300, ""reg_lambda"": 1.0, ""scale_pos_weight"": 1.0, ""subsample"": 0.9}",0.95,5388,,1446,3.888298300000315,0.9937638478484148,0.998059406015526,f_permutation,15,"[""url_length"", ""dot_count"", ""subdomain_depth"", ""hostname_length"", ""token_max_length"", ""hyphen_count"", ""path_length"", ""percent_sign_count"", ""token_mean_length"", ""special_char_ratio"", ""equals_sign_count"", ""question_mark_count"", ""underscore_count"", ""tld_length"", ""token_count""]",,,,,,,0.0011544434491889306,0.004476060303340895,5.7882558902038825e-05,0.007210484080147969,,0.999942117441098,0.9998193228202679,0.0,-1.1102230246251565e-16,0,${EXPERIMENT_ROOT}\part8_traditional_baselines_and_error_analysis\predictions\internal\iscx_url2016_binary\s3\r09\xgb\f_permutation.parquet
0.9992731501671754,0.9983232729711604,,iscx_url2016_binary,,5,0,0.0,0.0134398999999802,1.9537578136328382e-06,0.998928338982753,xgb,20261010,5388,1491,6879,20260911.0,0.999608945258547,1.0,0.9966465459423206,r09,0.9997978467190174,S3-domain,s3,xgb_d6_lr005,"{""colsample_bytree"": 0.9, ""learning_rate"": 0.05, ""max_depth"": 6, ""n_estimators"": 250, ""reg_lambda"": 1.0, ""scale_pos_weight"": 1.0, ""subsample"": 0.9}",0.56,5388,4.580670299999952,1486,4.317028599999958,0.9987125593328086,0.9992098875060936,f_single,15,"[""url_length"", ""subdomain_depth"", ""dot_count"", ""hostname_length"", ""hyphen_count"", ""token_max_length"", ""path_length"", ""longest_repeated_char_run"", ""token_mean_length"", ""digit_ratio"", ""registrable_domain_length"", ""tld_length"", ""token_count"", ""percent_sign_count"", ""slash_count""]",0.0476894999999331,0.0303158000000394,200.0,200.0,0.0001515790000001,raw_margin,0.0006601690846206781,0.0026179371917154307,0.00020215328098260437,0.004959942036468471,,0.9997978467190174,0.999608945258547,0.0,0.0,0,${EXPERIMENT_ROOT}\part6_stable_feature_selection\predictions\iscx_url2016_binary\s3\r09\xgb\f_single.parquet
0.9991277802006104,0.9979879275653925,,iscx_url2016_binary,,6,0,0.0,0.0054096000000072,7.863933711305758e-07,0.9987136939702372,xgb,20261010,5388,1491,6879,20260911.0,0.9996299131966871,1.0,0.9959758551307848,r09,0.9998359371771336,S3-domain,s3,xgb_d4_lr005,"{""colsample_bytree"": 0.9, ""learning_rate"": 0.05, ""max_depth"": 4, ""n_estimators"": 300, ""reg_lambda"": 1.0, ""scale_pos_weight"": 1.0, ""subsample"": 0.9}",0.57,5388,4.427845899999966,1485,4.164010599999983,0.9984969003188676,0.999166496909366,f_stable,13,"[""url_length"", ""subdomain_depth"", ""dot_count"", ""hostname_length"", ""hyphen_count"", ""token_max_length"", ""longest_repeated_char_run"", ""path_length"", ""token_mean_length"", ""tld_length"", ""digit_ratio"", ""registrable_domain_length"", ""slash_count""]",0.0484953999999788,0.0395344000000932,200.0,200.0,0.0001976720000004,raw_margin,0.0015838679460797715,0.007183345331024318,0.00016406282286642385,0.010205999430687724,,0.9998359371771336,0.9996299131966873,0.0,1.1102230246251565e-16,0,${EXPERIMENT_ROOT}\part6_stable_feature_selection\predictions\iscx_url2016_binary\s3\r09\xgb\f_stable.parquet
0.985731905589505,0.9847133898432802,master,phiusiil,PhiUSIIL,361,148,0.0073533065037014,0.019686399999955,5.518416774108603e-07,0.9854696115222256,lr,20261001,20127,15547,35674,20260902.0,0.9965415837561088,0.9903482457284466,0.9767800861902618,r00,0.9947835521789182,S3-domain,s3,lr_c1,"{""C"": 1.0, ""class_weight"": null}",0.92,19979,26.35499449999997,15186,26.2216327000001,0.9868251613366142,0.9928290724070032,f_all,35,"[""url_length"", ""hostname_length"", ""path_length"", ""query_length"", ""fragment_length"", ""digit_count"", ""letter_count"", ""special_char_count"", ""digit_ratio"", ""letter_ratio"", ""special_char_ratio"", ""dot_count"", ""hyphen_count"", ""underscore_count"", ""slash_count"", ""question_mark_count"", ""equals_sign_count"", ""percent_sign_count"", ""at_sign_count"", ""subdomain_depth"", ""path_segment_count"", ""query_parameter_count"", ""has_port"", ""has_userinfo"", ""host_is_ip"", ""tld_length"", ""registrable_domain_length"", ""domain_digit_ratio"", ""domain_hyphen_ratio"", ""url_char_entropy"", ""longest_repeated_char_run"", ""char_type_transition_count"", ""token_count"", ""token_mean_length"", ""token_max_length""]",0.0029477999999016,0.0085423000000446,200.0,200.0,4.2711500000223006e-05,raw_log_odds,0.01758792343565745,0.04655615099566923,0.005216583640943748,0.10903711883049712,,0.9947834163590562,0.9965398448659563,-1.3581986202382268e-07,-1.7388901525361433e-06,0,${EXPERIMENT_ROOT}\part4_baseline_models\predictions\internal\phiusiil\s3\r00\lr.parquet
0.9054773784829288,0.906549824642337,,phiusiil,,1323,2049,0.101803547473543,0.0092677000000023,2.597886415877761e-07,0.90436114727003,lr,20261001,20127,15547,35674,,0.9435766293314048,0.8740859091747065,0.9149031967582172,r00,0.9301272067415968,S3-domain,s3,lr_c1_balanced,"{""C"": 1.0, ""class_weight"": ""balanced""}",0.29,18078,,14224,20.4476838,0.8981907445416992,0.91652519909522,f_dcss_10,10,"[""hostname_length"", ""path_segment_count"", ""letter_count"", ""path_length"", ""query_length"", ""url_length"", ""question_mark_count"", ""dot_count"", ""token_mean_length"", ""slash_count""]",,,,,,,0.09083993173202431,0.13142267226179752,0.06987279325840315,0.3120491941695923,"[0, 1]",0.9301272067415969,0.9435766293314048,1.1102230246251565e-16,0.0,0,${EXPERIMENT_ROOT}\part11_dcss_innovation\predictions\main_comparison\internal\phiusiil\s3\r00\lr\f_dcss_10.parquet
0.9776307675057464,0.9751628519293558,,phiusiil,,685,113,0.0056143488845828,0.0360824999999991,1.0114509166339387e-06,0.9771542784029932,lr,20261001,20127,15547,35674,,0.990493697607854,0.9924540901502504,0.9559400527432944,r00,0.986135728993727,S3-domain,s3,lr_c01,"{""C"": 0.1, ""class_weight"": null}",0.85,20014,,14862,22.7634324,0.9783574003805752,0.9833355420838656,f_dcss_15,15,"[""hostname_length"", ""path_segment_count"", ""letter_count"", ""path_length"", ""query_length"", ""url_length"", ""question_mark_count"", ""dot_count"", ""token_mean_length"", ""slash_count"", ""digit_count"", ""hyphen_count"", ""token_max_length"", ""longest_repeated_char_run"", ""char_type_transition_count""]",,,,,,,0.03966741570589354,0.09851229686747741,0.01386427100627296,0.1907089133816746,"[0, 1]",0.986135728993727,0.9904936976078539,0.0,-1.1102230246251565e-16,0,${EXPERIMENT_ROOT}\part11_dcss_innovation\predictions\main_comparison\internal\phiusiil\s3\r00\lr\f_dcss_15.parquet
0.9801536132757752,0.9794185036550676,,phiusiil,,409,299,0.0148556665176131,0.0167202000000088,4.686942871561598e-07,0.9798045569976268,lr,20261001,20127,15547,35674,,0.995085764746518,0.9806309516097688,0.9736926738277482,r00,0.9928983517217927,S3-domain,s3,lr_c1,"{""C"": 1.0, ""class_weight"": null}",0.93,19828,,15138,25.770285900000005,0.9828441633738594,0.990905164887086,f_dcss_20,20,"[""hostname_length"", ""path_segment_count"", ""letter_count"", ""path_length"", ""query_length"", ""url_length"", ""question_mark_count"", ""dot_count"", ""token_mean_length"", ""slash_count"", ""digit_count"", ""hyphen_count"", ""token_max_length"", ""longest_repeated_char_run"", ""char_type_transition_count"", ""registrable_domain_length"", ""query_parameter_count"", ""special_char_ratio"", ""digit_ratio"", ""subdomain_depth""]",,,,,,,0.03242910420683364,0.06814272138495349,0.007101648278207306,0.17689479985063067,"[0, 1]",0.9928983517217927,0.995085764746518,0.0,0.0,0,${EXPERIMENT_ROOT}\part11_dcss_innovation\predictions\main_comparison\internal\phiusiil\s3\r00\lr\f_dcss_20.parquet
0.976677692437069,0.97426698731531,,phiusiil,,692,140,0.0069558304764743,0.0089345999999999,2.5045130907663574e-07,0.97618483272876,lr,20261001,20127,15547,35674,,0.9911517029237864,0.9906635545181728,0.9554898051070946,r00,0.9876579500706948,S3-domain,s3,lr_c1_balanced,"{""C"": 1.0, ""class_weight"": ""balanced""}",0.93,19987,,14855,17.682817800000002,0.9757604512656566,0.9844690051708666,f_mi,15,"[""longest_repeated_char_run"", ""subdomain_depth"", ""char_type_transition_count"", ""letter_ratio"", ""token_count"", ""special_char_count"", ""special_char_ratio"", ""url_char_entropy"", ""path_length"", ""path_segment_count"", ""token_mean_length"", ""url_length"", ""dot_count"", ""slash_count"", ""letter_count""]",,,,,,,0.08019913265684879,0.17360703958101728,0.01234204992930512,0.2973042993263557,,0.9876579500706949,0.9911517029237865,1.1102230246251565e-16,1.1102230246251565e-16,0,${EXPERIMENT_ROOT}\part8_traditional_baselines_and_error_analysis\predictions\internal\phiusiil\s3\r00\lr\f_mi.parquet
0.9761731232830632,0.9737759170222328,,phiusiil,,698,152,0.007552044517315,0.0061311999999986,1.7186746650217728e-07,0.9756708022347343,lr,20261001,20127,15547,35674,,0.9906332305963884,0.9898673421771882,0.9551038785617804,r00,0.9868389834667568,S3-domain,s3,lr_c1,"{""C"": 1.0, ""class_weight"": null}",0.94,19975,,14849,23.695587400000004,0.9796683584054532,0.986563764489906,f_permutation,15,"[""hostname_length"", ""path_length"", ""letter_count"", ""path_segment_count"", ""url_length"", ""token_mean_length"", ""query_length"", ""longest_repeated_char_run"", ""slash_count"", ""dot_count"", ""token_max_length"", ""question_mark_count"", ""hyphen_count"", ""query_parameter_count"", ""special_char_ratio""]",,,,,,,0.037769784331111445,0.07305665264662259,0.01316101653324315,0.19448504043786527,,0.9868389834667569,0.9906332305963883,1.1102230246251565e-16,-1.1102230246251565e-16,0,${EXPERIMENT_ROOT}\part8_traditional_baselines_and_error_analysis\predictions\internal\phiusiil\s3\r00\lr\f_permutation.parquet
0.9760890284240624,0.9736794353859042,,phiusiil,,701,152,0.007552044517315,0.0106083999999988,2.973706340752047e-07,0.9755843318037316,lr,20261001,20127,15547,35674,20260902.0,0.9901894895338474,0.9898653153753834,0.9549109152891232,r00,0.9854119497427266,S3-domain,s3,lr_c1,"{""C"": 1.0, ""class_weight"": null}",0.91,19975,19.690372,14846,18.5928381,0.9784575875821728,0.9818669155244462,f_single,15,"[""hostname_length"", ""letter_count"", ""path_length"", ""path_segment_count"", ""query_length"", ""url_length"", ""question_mark_count"", ""slash_count"", ""dot_count"", ""token_mean_length"", ""hyphen_count"", ""longest_repeated_char_run"", ""query_parameter_count"", ""token_max_length"", ""digit_ratio""]",0.0011694999999996,0.0057611999999984,200.0,200.0,2.880599999999233e-05,raw_log_odds,0.03674628675071333,0.07601328876697025,0.014588040669988957,0.1925726384630501,,0.9854119593300109,0.9901894936045657,9.587284299783505e-09,4.070718206961033e-09,0,${EXPERIMENT_ROOT}\part6_stable_feature_selection\predictions\phiusiil\s3\r00\lr\f_single.parquet
0.9760609968043954,0.9736545931342024,,phiusiil,,701,153,0.0076017290207184,0.007975100000003,2.2355497000625133e-07,0.9755559096810322,lr,20261001,20127,15547,35674,20260902.0,0.9901149362189,0.9897993199546636,0.9549109152891232,r00,0.9853501357267056,S3-domain,s3,lr_c1,"{""C"": 1.0, ""class_weight"": null}",0.91,19974,19.5338884,14846,18.5191018,0.9782848753981666,0.9817479277380426,f_stable,13,"[""letter_count"", ""hostname_length"", ""path_segment_count"", ""query_length"", ""path_length"", ""url_length"", ""slash_count"", ""dot_count"", ""token_mean_length"", ""question_mark_count"", ""token_max_length"", ""hyphen_count"", ""longest_repeated_char_run""]",0.0015133000000062,0.0090561999999962,200.0,200.0,4.528099999998148e-05,raw_log_odds,0.037303479831019344,0.07649048178699788,0.014649857881771514,0.193648775831771,,0.9853501421182286,0.990114941703229,6.391522977544639e-09,5.484328990945642e-09,0,${EXPERIMENT_ROOT}\part6_stable_feature_selection\predictions\phiusiil\s3\r00\lr\f_stable.parquet
0.9915344508605708,0.9918316752556432,master,phiusiil,PhiUSIIL,91,211,0.0104834302181149,0.1487557000000379,4.169863205697088e-06,0.9914000311425488,rf,20261001,20127,15547,35674,20260902.0,0.9991864402033792,0.9865322014425224,0.9941467807294012,r00,0.9992723219200196,S3-domain,s3,rf_depth24_leaf2,"{""class_weight"": null, ""max_depth"": 24, ""max_features"": ""sqrt"", ""min_samples_leaf"": 2, ""n_estimators"": 200}",0.8,19916,77.33271780000018,15456,77.00703559999988,0.990427290796563,0.9987411671909618,f_all,35,"[""url_length"", ""hostname_length"", ""path_length"", ""query_length"", ""fragment_length"", ""digit_count"", ""letter_count"", ""special_char_count"", ""digit_ratio"", ""letter_ratio"", ""special_char_ratio"", ""dot_count"", ""hyphen_count"", ""underscore_count"", ""slash_count"", ""question_mark_count"", ""equals_sign_count"", ""percent_sign_count"", ""at_sign_count"", ""subdomain_depth"", ""path_segment_count"", ""query_parameter_count"", ""has_port"", ""has_userinfo"", ""host_is_ip"", ""tld_length"", ""registrable_domain_length"", ""domain_digit_ratio"", ""domain_hyphen_ratio"", ""url_char_entropy"", ""longest_repeated_char_run"", ""char_type_transition_count"", ""token_count"", ""token_mean_length"", ""token_max_length""]",0.092393599999923,37.63897399999996,200.0,200.0,0.1881948699999998,positive_class_probability,0.015840755458986375,0.04490517458409381,0.000727678079980382,0.07091018783179003,,0.9992723219200195,0.9991864405483195,-1.1102230246251565e-16,3.4494029854670316e-10,0,${EXPERIMENT_ROOT}\part4_baseline_models\predictions\internal\phiusiil\s3\r00\rf.parquet
0.9922913045915792,0.9925390075202948,,phiusiil,,86,189,0.0093903711432404,0.1249258999999938,3.501875315355548e-06,0.9921679526824734,rf,20261001,20127,15547,35674,,0.999330938941586,0.987923322683706,0.9944683861838296,r00,0.9994406298930204,S3-domain,s3,rf_depth24_leaf2,"{""class_weight"": null, ""max_depth"": 24, ""max_features"": ""sqrt"", ""min_samples_leaf"": 2, ""n_estimators"": 200}",0.78,19938,,15461,80.99036860000001,0.992965699001409,0.9992428090629456,f_dcss_10,10,"[""longest_repeated_char_run"", ""hostname_length"", ""registrable_domain_length"", ""letter_ratio"", ""url_length"", ""token_mean_length"", ""token_max_length"", ""special_char_ratio"", ""letter_count"", ""subdomain_depth""]",,,,,,,0.010015150304126096,0.02340681318437104,0.0005593701069796018,0.04396547855745695,"[0, 1]",0.9994406298930203,0.999330938941586,-1.1102230246251565e-16,0.0,0,${EXPERIMENT_ROOT}\part11_dcss_innovation\predictions\main_comparison\internal\phiusiil\s3\r00\rf\f_dcss_10.parquet
0.9901048382575546,0.990579357006339,,phiusiil,,89,264,0.0131167088984945,0.1045070000000123,2.9295004765378804e-06,0.9899516294073244,rf,20261001,20127,15547,35674,,0.9991783933540244,0.9832082432260528,0.9942754229111724,r00,0.9992444852398308,S3-domain,s3,rf_depth24_leaf2,"{""class_weight"": null, ""max_depth"": 24, ""max_features"": ""sqrt"", ""min_samples_leaf"": 2, ""n_estimators"": 200}",0.71,19863,,15458,75.5514435,0.9911448105259424,0.9988104800612464,f_dcss_15,15,"[""longest_repeated_char_run"", ""hostname_length"", ""registrable_domain_length"", ""letter_ratio"", ""url_length"", ""token_mean_length"", ""token_max_length"", ""special_char_ratio"", ""letter_count"", ""char_type_transition_count"", ""path_segment_count"", ""path_length"", ""digit_ratio"", ""digit_count"", ""subdomain_depth""]",,,,,,,0.011373429344481637,0.02788457966419586,0.0007555147601691731,0.051061951884429045,"[0, 1]",0.9992444852398307,0.9991783933540243,-1.1102230246251565e-16,-1.1102230246251565e-16,0,${EXPERIMENT_ROOT}\part11_dcss_innovation\predictions\main_comparison\internal\phiusiil\s3\r00\rf\f_dcss_15.parquet
0.9902449963558896,0.9905572023900244,,phiusiil,,109,239,0.0118745963134098,0.1070717999999715,3.001395974658617e-06,0.9900908068921777,rf,20261001,20127,15547,35674,,0.999150487177451,0.9847547362378006,0.9929890010934586,r00,0.9992679517162244,S3-domain,s3,rf_depth24_leaf2,"{""class_weight"": null, ""max_depth"": 24, ""max_features"": ""sqrt"", ""min_samples_leaf"": 2, ""n_estimators"": 200}",0.75,19888,,15438,59.024165900000014,0.991113868531348,0.9989540832002884,f_dcss_20,20,"[""longest_repeated_char_run"", ""hostname_length"", ""registrable_domain_length"", ""letter_ratio"", ""url_length"", ""token_mean_length"", ""token_max_length"", ""special_char_ratio"", ""letter_count"", ""char_type_transition_count"", ""path_segment_count"", ""path_length"", ""digit_ratio"", ""digit_count"", ""subdomain_depth"", ""token_count"", ""special_char_count"", ""dot_count"", ""domain_hyphen_ratio"", ""tld_length""]",,,,,,,0.012558935401264164,0.03032645526772718,0.0007320482837755828,0.055989618672887036,"[0, 1]",0.9992679517162245,0.999150487177451,1.1102230246251565e-16,0.0,0,${EXPERIMENT_ROOT}\part11_dcss_innovation\predictions\main_comparison\internal\phiusiil\s3\r00\rf\f_dcss_20.parquet
0.9673431630879632,0.9639161220761576,,phiusiil,,976,189,0.0093903711432404,0.109120500000003,3.058824353871253e-06,0.9665868938684444,rf,20261001,20127,15547,35674,,0.9921731444054468,0.9871951219512196,0.9372226152955554,r00,0.992635839092503,S3-domain,s3,rf_depth16_leaf1,"{""class_weight"": null, ""max_depth"": 16, ""max_features"": ""sqrt"", ""min_samples_leaf"": 1, ""n_estimators"": 200}",0.95,19938,,14571,68.8947838,0.9718921584388448,0.9939139583219464,f_mi,15,"[""longest_repeated_char_run"", ""subdomain_depth"", ""char_type_transition_count"", ""letter_ratio"", ""token_count"", ""special_char_count"", ""special_char_ratio"", ""url_char_entropy"", ""path_length"", ""path_segment_count"", ""token_mean_length"", ""url_length"", ""dot_count"", ""slash_count"", ""letter_count""]",,,,,,,0.05933841517088127,0.13195308823342028,0.007364160907497049,0.22983331372481022,,0.992635839092503,0.9921731444054467,0.0,-1.1102230246251565e-16,0,${EXPERIMENT_ROOT}\part8_traditional_baselines_and_error_analysis\predictions\internal\phiusiil\s3\r00\rf\f_mi.parquet
0.9903851544542244,0.990688731942274,,phiusiil,,108,235,0.0116758582997962,0.1147340999999926,3.216182654033543e-06,0.990232972134044,rf,20261001,20127,15547,35674,,0.9992553116549998,0.9850070179915784,0.9930533221843444,r00,0.9993212538215994,S3-domain,s3,rf_depth24_leaf2,"{""class_weight"": null, ""max_depth"": 24, ""max_features"": ""sqrt"", ""min_samples_leaf"": 2, ""n_estimators"": 200}",0.75,19892,,15439,82.69032510000001,0.9914271002681376,0.9990846268601276,f_permutation,15,"[""longest_repeated_char_run"", ""hostname_length"", ""registrable_domain_length"", ""letter_ratio"", ""token_mean_length"", ""url_length"", ""letter_count"", ""special_char_ratio"", ""subdomain_depth"", ""token_max_length"", ""path_length"", ""path_segment_count"", ""digit_count"", ""domain_hyphen_ratio"", ""digit_ratio""]",,,,,,,0.011472561171164419,0.028544621751292652,0.0006787461784005819,0.05140396195490585,,0.9993212538215994,0.9992553116549998,0.0,0.0,0,${EXPERIMENT_ROOT}\part8_traditional_baselines_and_error_analysis\predictions\internal\phiusiil\s3\r00\rf\f_permutation.parquet
0.9899366485395528,0.9903571205587172,,phiusiil,,99,260,0.012917970884881,0.0970581999999922,2.720698547961883e-06,0.9897798281290032,rf,20261001,20127,15547,35674,20260902.0,0.9991467664986888,0.9834479246243952,0.9936322120023156,r00,0.9992473949806392,S3-domain,s3,rf_depth24_leaf2,"{""class_weight"": null, ""max_depth"": 24, ""max_features"": ""sqrt"", ""min_samples_leaf"": 2, ""n_estimators"": 200}",0.71,19867,59.10128,15448,42.355803,0.9916575660951664,0.9989524277958524,f_single,15,"[""longest_repeated_char_run"", ""hostname_length"", ""subdomain_depth"", ""letter_ratio"", ""registrable_domain_length"", ""url_length"", ""path_length"", ""token_mean_length"", ""path_segment_count"", ""digit_count"", ""token_max_length"", ""special_char_ratio"", ""digit_ratio"", ""letter_count"", ""char_type_transition_count""]",0.0672424999999918,15.827329299999988,200.0,200.0,0.0791366464999999,positive_class_probability,0.011548491209762436,0.027718728851818746,0.0007526146066451151,0.05211009999973916,,0.9992473853933548,0.9991467422841933,-9.587284410805808e-09,-2.421449551981425e-08,0,${EXPERIMENT_ROOT}\part6_stable_feature_selection\predictions\phiusiil\s3\r00\rf\f_single.parquet
0.9900768066378876,0.9904227854672965,,phiusiil,,107,247,0.0122720723406369,0.075654500000013,2.1207181700962343e-06,0.989920673956537,rf,20261001,20127,15547,35674,20260902.0,0.9991443262257196,0.9842544782303818,0.99311764327523,r00,0.999243569654173,S3-domain,s3,rf_depth24_leaf2,"{""class_weight"": null, ""max_depth"": 24, ""max_features"": ""sqrt"", ""min_samples_leaf"": 2, ""n_estimators"": 200}",0.73,19880,56.5622169,15440,40.995477600000015,0.990801035909499,0.9989406466212336,f_stable,14,"[""longest_repeated_char_run"", ""hostname_length"", ""subdomain_depth"", ""registrable_domain_length"", ""path_length"", ""letter_ratio"", ""url_length"", ""char_type_transition_count"", ""token_mean_length"", ""path_segment_count"", ""token_max_length"", ""special_char_ratio"", ""digit_count"", ""digit_ratio""]",0.0386370999999883,14.769995800000004,200.0,200.0,0.073849979,positive_class_probability,0.011774319254848998,0.029853688202979095,0.0007564303458271844,0.05366774395154477,,0.9992435696541727,0.9991443504502606,-3.3306690738754696e-16,2.4224541039785663e-08,0,${EXPERIMENT_ROOT}\part6_stable_feature_selection\predictions\phiusiil\s3\r00\rf\f_stable.parquet
0.9941133598699332,0.9935390172066476,master,phiusiil,PhiUSIIL,170,40,0.0019873801361355,0.0380918000000747,1.0677748500329297e-06,0.9940089256303164,xgb,20261001,20127,15547,35674,20260902.0,0.9993973701145334,0.997405461503535,0.9890654145494308,r00,0.999316909183896,S3-domain,s3,xgb_d6_lr01_balanced,"{""colsample_bytree"": 0.9, ""learning_rate"": 0.1, ""max_depth"": 6, ""n_estimators"": 200, ""reg_lambda"": 1.0, ""scale_pos_weight"": 1.3542591267000716, ""subsample"": 0.9}",0.89,20087,21.86901009999997,15377,21.717017399999804,0.9923242695982146,0.9993649654468358,f_all,35,"[""url_length"", ""hostname_length"", ""path_length"", ""query_length"", ""fragment_length"", ""digit_count"", ""letter_count"", ""special_char_count"", ""digit_ratio"", ""letter_ratio"", ""special_char_ratio"", ""dot_count"", ""hyphen_count"", ""underscore_count"", ""slash_count"", ""question_mark_count"", ""equals_sign_count"", ""percent_sign_count"", ""at_sign_count"", ""subdomain_depth"", ""path_segment_count"", ""query_parameter_count"", ""has_port"", ""has_userinfo"", ""host_is_ip"", ""tld_length"", ""registrable_domain_length"", ""domain_digit_ratio"", ""domain_hyphen_ratio"", ""url_char_entropy"", ""longest_repeated_char_run"", ""char_type_transition_count"", ""token_count"", ""token_mean_length"", ""token_max_length""]",0.096429100000023,0.0436792000000423,200.0,200.0,0.0002183960000002,raw_margin,0.007942159466494436,0.018487575172987384,0.0006830908161041285,0.03424443855689586,,0.9993169091838959,0.9993973701145334,-1.1102230246251565e-16,0.0,0,${EXPERIMENT_ROOT}\part4_baseline_models\predictions\internal\phiusiil\s3\r00\xgb.parquet
0.9938050120535964,0.9934853012501637,,phiusiil,,140,81,0.0040244447756744,0.0355478999999832,9.964652127595225e-07,0.9936984525122654,xgb,20261001,20127,15547,35674,,0.9994675926406996,0.9947701446280992,0.990995047276002,r00,0.9994147618018904,S3-domain,s3,xgb_d6_lr01_balanced,"{""colsample_bytree"": 0.9, ""learning_rate"": 0.1, ""max_depth"": 6, ""n_estimators"": 200, ""reg_lambda"": 1.0, ""scale_pos_weight"": 1.3542591267000716, ""subsample"": 0.9}",0.81,20046,,15407,20.480790999999957,0.993869262287452,0.9994318463426504,f_dcss_10,10,"[""hostname_length"", ""url_length"", ""longest_repeated_char_run"", ""path_length"", ""registrable_domain_length"", ""token_max_length"", ""dot_count"", ""subdomain_depth"", ""letter_ratio"", ""token_mean_length""]",,,,,,,0.007429160349532051,0.018454676326666305,0.000585238198109656,0.0341968952367126,"[0, 1]",0.9994147618018903,0.9994675926406996,-1.1102230246251565e-16,0.0,0,${EXPERIMENT_ROOT}\part11_dcss_innovation\predictions\main_comparison\internal\phiusiil\s3\r00\xgb\f_dcss_10.parquet
0.9942254863486012,0.993623749625972,,phiusiil,,172,34,0.0016892731157152,0.0311596000000236,8.734540561760274e-07,0.9941226868278928,xgb,20261001,20127,15547,35674,,0.999419283547234,0.9977934973067688,0.9889367723676592,r00,0.9993498351142084,S3-domain,s3,xgb_d6_lr01_balanced,"{""colsample_bytree"": 0.9, ""learning_rate"": 0.1, ""max_depth"": 6, ""n_estimators"": 200, ""reg_lambda"": 1.0, ""scale_pos_weight"": 1.3542591267000716, ""subsample"": 0.9}",0.89,20093,,15375,20.8254025,0.992521448530116,0.9994179847273218,f_dcss_15,15,"[""hostname_length"", ""url_length"", ""longest_repeated_char_run"", ""path_length"", ""registrable_domain_length"", ""token_max_length"", ""dot_count"", ""letter_ratio"", ""token_mean_length"", ""letter_count"", ""subdomain_depth"", ""digit_count"", ""char_type_transition_count"", ""special_char_ratio"", ""tld_length""]",,,,,,,0.007368008515396865,0.018304835742341277,0.0006501648857918423,0.0333052267783158,"[0, 1]",0.9993498351142083,0.999419283547234,-1.1102230246251565e-16,0.0,0,${EXPERIMENT_ROOT}\part11_dcss_innovation\predictions\main_comparison\internal\phiusiil\s3\r00\xgb\f_dcss_15.parquet
0.994365644446936,0.9939162816405273,,phiusiil,,149,52,0.0025835941769762,0.0437714000000255,1.2269832370921554e-06,0.9942671061563824,xgb,20261001,20127,15547,35674,,0.9994686140869335,0.9966343042071196,0.9904161574580304,r00,0.9994213338853308,S3-domain,s3,xgb_d6_lr01_balanced,"{""colsample_bytree"": 0.9, ""learning_rate"": 0.1, ""max_depth"": 6, ""n_estimators"": 200, ""reg_lambda"": 1.0, ""scale_pos_weight"": 1.3542591267000716, ""subsample"": 0.9}",0.85,20075,,15398,20.350299199999995,0.99278169196496,0.9994335448898656,f_dcss_20,20,"[""hostname_length"", ""url_length"", ""longest_repeated_char_run"", ""path_length"", ""registrable_domain_length"", ""token_max_length"", ""dot_count"", ""letter_ratio"", ""token_mean_length"", ""letter_count"", ""subdomain_depth"", ""digit_count"", ""char_type_transition_count"", ""special_char_ratio"", ""tld_length"", ""slash_count"", ""digit_ratio"", ""path_segment_count"", ""url_char_entropy"", ""domain_hyphen_ratio""]",,,,,,,0.007684038016813462,0.019101093302598064,0.000578666114669181,0.03379349562820501,"[0, 1]",0.9994213338853308,0.9994686140869337,0.0,1.1102230246251565e-16,0,${EXPERIMENT_ROOT}\part11_dcss_innovation\predictions\main_comparison\internal\phiusiil\s3\r00\xgb\f_dcss_20.parquet
0.9773784829287436,0.9749319533702994,,phiusiil,,686,121,0.00601182491181,0.0254950000000064,7.14666143409948e-07,0.976897956205258,xgb,20261001,20127,15547,35674,,0.9951880868187618,0.9919236417033774,0.9558757316524088,r00,0.9947278995909902,S3-domain,s3,xgb_d4_lr005,"{""colsample_bytree"": 0.9, ""learning_rate"": 0.05, ""max_depth"": 4, ""n_estimators"": 300, ""reg_lambda"": 1.0, ""scale_pos_weight"": 1.0, ""subsample"": 0.9}",0.94,20006,,14861,21.116879299999997,0.9811604703986964,0.9950586097698152,f_mi,15,"[""longest_repeated_char_run"", ""subdomain_depth"", ""char_type_transition_count"", ""letter_ratio"", ""token_count"", ""special_char_count"", ""special_char_ratio"", ""url_char_entropy"", ""path_length"", ""path_segment_count"", ""token_mean_length"", ""url_length"", ""dot_count"", ""slash_count"", ""letter_count""]",,,,,,,0.059876741032343375,0.13652808483245793,0.00527210040900985,0.22637898123316832,,0.9947278995909902,0.9951880868187618,0.0,0.0,0,${EXPERIMENT_ROOT}\part8_traditional_baselines_and_error_analysis\predictions\internal\phiusiil\s3\r00\xgb\f_mi.parquet
0.9939732017715984,0.9935245803542564,,phiusiil,,155,60,0.0029810702042033,0.0288381000000015,8.083786511185046e-07,0.9938678918177346,xgb,20261001,20127,15547,35674,,0.9994426207728876,0.9961170075071188,0.9900302309127162,r00,0.9994055803792185,S3-domain,s3,xgb_d6_lr01_balanced,"{""colsample_bytree"": 0.9, ""learning_rate"": 0.1, ""max_depth"": 6, ""n_estimators"": 200, ""reg_lambda"": 1.0, ""scale_pos_weight"": 1.3542591267000716, ""subsample"": 0.9}",0.86,20067,,15392,21.7704234,0.9930686691154302,0.9994355949708416,f_permutation,15,"[""hostname_length"", ""url_length"", ""longest_repeated_char_run"", ""path_length"", ""subdomain_depth"", ""registrable_domain_length"", ""letter_count"", ""digit_count"", ""token_mean_length"", ""dot_count"", ""letter_ratio"", ""token_max_length"", ""special_char_ratio"", ""char_type_transition_count"", ""slash_count""]",,,,,,,0.007464823087775319,0.017974468474046372,0.0005944196207814214,0.033647229847660456,,0.9994055803792185,0.9994426207728876,0.0,0.0,0,${EXPERIMENT_ROOT}\part8_traditional_baselines_and_error_analysis\predictions\internal\phiusiil\s3\r00\xgb\f_permutation.parquet
0.994477770925604,0.9941473799346748,,phiusiil,,131,66,0.0032791772246236,0.0272253999999918,7.631720580812876e-07,0.9943825333517584,xgb,20261001,20127,15547,35674,20260902.0,0.9994952862168144,0.9957369848856736,0.9915739370939732,r00,0.9994497026598024,S3-domain,s3,xgb_d6_lr01_balanced,"{""colsample_bytree"": 0.9, ""learning_rate"": 0.1, ""max_depth"": 6, ""n_estimators"": 200, ""reg_lambda"": 1.0, ""scale_pos_weight"": 1.3542591267000716, ""subsample"": 0.9}",0.82,20061,18.2647762,15416,17.50590200000002,0.9929274762862362,0.9994168342531964,f_single,15,"[""hostname_length"", ""longest_repeated_char_run"", ""url_length"", ""path_length"", ""registrable_domain_length"", ""subdomain_depth"", ""token_max_length"", ""token_mean_length"", ""char_type_transition_count"", ""digit_count"", ""dot_count"", ""letter_ratio"", ""special_char_ratio"", ""letter_count"", ""slash_count""]",0.0384360999999842,0.0212219999999945,200.0,200.0,0.0001061099999999,raw_margin,0.007221422103429512,0.018046323426280094,0.0005502973401974578,0.032778587888226365,,0.9994497026598025,0.9994952862168143,1.1102230246251565e-16,-1.1102230246251565e-16,0,${EXPERIMENT_ROOT}\part6_stable_feature_selection\predictions\phiusiil\s3\r00\xgb\f_single.parquet
0.9935246958569266,0.992783144521195,,phiusiil,,202,29,0.0014408505986982,0.0297213999999996,8.331389807702998e-07,0.9934076729841704,xgb,20261001,20127,15547,35674,20260902.0,0.9994685138592968,0.998113698451932,0.9870071396410884,r00,0.9994108869411212,S3-domain,s3,xgb_d6_lr01_balanced,"{""colsample_bytree"": 0.9, ""learning_rate"": 0.1, ""max_depth"": 6, ""n_estimators"": 200, ""reg_lambda"": 1.0, ""scale_pos_weight"": 1.3542591267000716, ""subsample"": 0.9}",0.92,20098,17.9651011,15345,17.1404905,0.9916642318551702,0.9993219457039552,f_stable,14,"[""hostname_length"", ""longest_repeated_char_run"", ""url_length"", ""path_length"", ""registrable_domain_length"", ""subdomain_depth"", ""token_max_length"", ""char_type_transition_count"", ""dot_count"", ""token_mean_length"", ""letter_ratio"", ""digit_count"", ""letter_count"", ""slash_count""]",0.0389480000000048,0.0214536000000009,200.0,200.0,0.000107268,raw_margin,0.00745273392858404,0.018283142373478584,0.0005891130588787187,0.03361231751805222,,0.9994108869411212,0.9994685138592969,0.0,1.1102230246251565e-16,0,${EXPERIMENT_ROOT}\part6_stable_feature_selection\predictions\phiusiil\s3\r00\xgb\f_stable.parquet
0.9860122217861748,0.985942463721612,master,phiusiil,PhiUSIIL,227,272,0.0135141849257216,0.0175702000001365,4.92521163876676e-07,0.9857824612761404,lr,20261002,20127,15547,35674,20260903.0,0.9956755231209496,0.982555156490508,0.9853991123689456,r01,0.9935194271889036,S3-domain,s3,lr_c1,"{""C"": 1.0, ""class_weight"": null}",0.86,19855,25.282486999999943,15320,25.165808499999912,0.9874052279616876,0.9945907259164148,f_all,35,"[""url_length"", ""hostname_length"", ""path_length"", ""query_length"", ""fragment_length"", ""digit_count"", ""letter_count"", ""special_char_count"", ""digit_ratio"", ""letter_ratio"", ""special_char_ratio"", ""dot_count"", ""hyphen_count"", ""underscore_count"", ""slash_count"", ""question_mark_count"", ""equals_sign_count"", ""percent_sign_count"", ""at_sign_count"", ""subdomain_depth"", ""path_segment_count"", ""query_parameter_count"", ""has_port"", ""has_userinfo"", ""host_is_ip"", ""tld_length"", ""registrable_domain_length"", ""domain_digit_ratio"", ""domain_hyphen_ratio"", ""url_char_entropy"", ""longest_repeated_char_run"", ""char_type_transition_count"", ""token_count"", ""token_mean_length"", ""token_max_length""]",0.0027660000000651,0.0094606000000112,200.0,200.0,4.7303000000056e-05,raw_log_odds,0.020096086240880346,0.04769495745951814,0.006490874348159328,0.12156621233275461,,0.9935091256518407,0.9956232267008249,-1.0301537062940014e-05,-5.229642012472002e-05,0,${EXPERIMENT_ROOT}\part4_baseline_models\predictions\internal\phiusiil\s3\r01\lr.parquet
0.8866681616863823,0.8844578180883033,,phiusiil,,2064,1979,0.0983256322353058,0.0105207000000291,2.949122610312591e-07,0.8846964548574761,lr,20261002,20127,15547,35674,,0.9347464994338196,0.8720087957573406,0.8672412684119123,r01,0.917291247085158,S3-domain,s3,lr_c1,"{""C"": 1.0, ""class_weight"": null}",0.34,18148,,13483,17.098059199999966,0.9057672035071562,0.928832713657521,f_dcss_10,10,"[""hostname_length"", ""path_segment_count"", ""letter_count"", ""path_length"", ""url_length"", ""query_length"", ""token_mean_length"", ""question_mark_count"", ""dot_count"", ""slash_count""]",,,,,,,0.09664504526885619,0.12499624587052491,0.08270875291484205,0.3401842729481783,"[0, 1]",0.9172912470851581,0.9347464994338197,1.1102230246251565e-16,1.1102230246251565e-16,0,${EXPERIMENT_ROOT}\part11_dcss_innovation\predictions\main_comparison\internal\phiusiil\s3\r01\lr\f_dcss_10.parquet
0.9807142456691148,0.9805227670696174,,phiusiil,,326,362,0.0179857902320266,0.0144253999999932,4.043673263439273e-07,0.9803961822778354,lr,20261002,20127,15547,35674,,0.994102735031759,0.976769556568055,0.9790313243712614,r01,0.99166426049797,S3-domain,s3,lr_c01,"{""C"": 0.1, ""class_weight"": null}",0.94,19765,,15221,21.4379371,0.9765823037306054,0.9923821749641256,f_dcss_15,15,"[""hostname_length"", ""path_segment_count"", ""letter_count"", ""path_length"", ""url_length"", ""query_length"", ""token_mean_length"", ""question_mark_count"", ""dot_count"", ""slash_count"", ""digit_count"", ""token_max_length"", ""hyphen_count"", ""longest_repeated_char_run"", ""registrable_domain_length""]",,,,,,,0.04369040922668626,0.10683263427942438,0.00833573950202986,0.22699514868132958,"[0, 1]",0.9916642604979701,0.994102735031759,1.1102230246251565e-16,0.0,0,${EXPERIMENT_ROOT}\part11_dcss_innovation\predictions\main_comparison\internal\phiusiil\s3\r01\lr\f_dcss_15.parquet
0.9813589729214554,0.9805306302406872,,phiusiil,,403,262,0.0130173398916877,0.0122822000000155,3.442899590742716e-07,0.9810266904148048,lr,20261002,20127,15547,35674,,0.9932695671011882,0.9829936388420096,0.9740786003730624,r01,0.9897762557601644,S3-domain,s3,lr_c01,"{""C"": 0.1, ""class_weight"": null}",0.92,19865,,15144,21.52198770000001,0.9796648094255296,0.990710022039238,f_dcss_20,20,"[""hostname_length"", ""path_segment_count"", ""letter_count"", ""path_length"", ""url_length"", ""query_length"", ""token_mean_length"", ""question_mark_count"", ""dot_count"", ""slash_count"", ""digit_count"", ""token_max_length"", ""hyphen_count"", ""longest_repeated_char_run"", ""registrable_domain_length"", ""char_type_transition_count"", ""special_char_ratio"", ""query_parameter_count"", ""digit_ratio"", ""subdomain_depth""]",,,,,,,0.043594182690155255,0.10194405789313069,0.010223744239835705,0.20836026811622493,"[0, 1]",0.9897762557601644,0.9932695671011882,0.0,0.0,0,${EXPERIMENT_ROOT}\part11_dcss_innovation\predictions\main_comparison\internal\phiusiil\s3\r01\lr\f_dcss_20.parquet
0.9762291865223972,0.973869511288083,,phiusiil,,692,156,0.0077507825309286,0.0128300000000081,3.596456803276367e-07,0.9757300417994688,lr,20261002,20127,15547,35674,,0.988353529175699,0.9896076210778764,0.9554898051070946,r01,0.9843080186873684,S3-domain,s3,lr_c1_balanced,"{""C"": 1.0, ""class_weight"": ""balanced""}",0.94,19971,,14855,19.68274740000001,0.9748159102313227,0.9870712169516724,f_mi,15,"[""longest_repeated_char_run"", ""subdomain_depth"", ""char_type_transition_count"", ""letter_ratio"", ""token_count"", ""special_char_count"", ""special_char_ratio"", ""path_length"", ""url_char_entropy"", ""token_mean_length"", ""path_segment_count"", ""url_length"", ""dot_count"", ""slash_count"", ""letter_count""]",,,,,,,0.08402688393658107,0.17702886476071258,0.01569198131263147,0.31897836172090255,,0.9843080186873685,0.988353529175699,1.1102230246251565e-16,0.0,0,${EXPERIMENT_ROOT}\part8_traditional_baselines_and_error_analysis\predictions\internal\phiusiil\s3\r01\lr\f_mi.parquet
0.9791444749677636,0.9775435312324916,,phiusiil,,543,201,0.009986585184081,0.0122768999999607,3.441413914884996e-07,0.9787397614257244,lr,20261002,20127,15547,35674,,0.9880705290473036,0.9867806642551792,0.965073647649064,r01,0.9803664463978494,S3-domain,s3,lr_c1_balanced,"{""C"": 1.0, ""class_weight"": ""balanced""}",0.95,19926,,15004,19.87228239999996,0.977726099802508,0.9870665450489214,f_permutation,15,"[""hostname_length"", ""path_length"", ""letter_count"", ""path_segment_count"", ""url_length"", ""token_mean_length"", ""query_length"", ""longest_repeated_char_run"", ""slash_count"", ""dot_count"", ""token_max_length"", ""question_mark_count"", ""hyphen_count"", ""subdomain_depth"", ""query_parameter_count""]",,,,,,,0.04751455876979953,0.10690445269023952,0.019633553602150626,0.2686014565149444,,0.9803664463978494,0.9880705290473036,0.0,0.0,0,${EXPERIMENT_ROOT}\part8_traditional_baselines_and_error_analysis\predictions\internal\phiusiil\s3\r01\lr\f_permutation.parquet
0.978471716095756,0.9760471670614886,,phiusiil,,666,102,0.0050678193471456,0.006095700000003,1.7087234400412166e-07,0.978014593376778,lr,20261002,20127,15547,35674,20260903.0,0.988370655091662,0.9931922845892012,0.9571621534701228,r01,0.9815894770912624,S3-domain,s3,lr_c1,"{""C"": 1.0, ""class_weight"": null}",0.94,20025,17.398113999999993,14881,16.73688759999999,0.9754548838105136,0.9851280041916493,f_single,15,"[""hostname_length"", ""letter_count"", ""query_length"", ""path_segment_count"", ""path_length"", ""url_length"", ""question_mark_count"", ""slash_count"", ""dot_count"", ""token_mean_length"", ""query_parameter_count"", ""token_max_length"", ""longest_repeated_char_run"", ""hyphen_count"", ""digit_ratio""]",0.0007128999999963,0.004719399999999,200.0,200.0,2.3596999999995204e-05,raw_log_odds,0.037135507362751695,0.08001018012378443,0.018410522908737723,0.21230705249253184,,0.9815894770912622,0.9883706754572391,-2.220446049250313e-16,2.036557711360132e-08,0,${EXPERIMENT_ROOT}\part6_stable_feature_selection\predictions\phiusiil\s3\r01\lr\f_single.parquet
0.978443684476089,0.9760369613972693,,phiusiil,,664,105,0.0052168728573557,0.0062111999999956,1.741099960754511e-07,0.9779868747693308,lr,20261002,20127,15547,35674,20260903.0,0.9884646275578886,0.9929943955164132,0.9572907956518942,r01,0.9818298398978794,S3-domain,s3,lr_c1,"{""C"": 1.0, ""class_weight"": null}",0.94,20022,17.08035670000001,14883,16.438353600000028,0.9755418277762546,0.9851632032400788,f_stable,14,"[""letter_count"", ""hostname_length"", ""path_length"", ""path_segment_count"", ""query_length"", ""url_length"", ""slash_count"", ""dot_count"", ""question_mark_count"", ""token_mean_length"", ""token_max_length"", ""longest_repeated_char_run"", ""hyphen_count"", ""query_parameter_count""]",0.0007368999999926,0.0046539999999879,200.0,200.0,2.3269999999939728e-05,raw_log_odds,0.037254462482999386,0.07969923449014743,0.018170158504239697,0.21186789710863546,,0.9818298414957602,0.988464647913098,1.5978808276528866e-09,2.035520940690816e-08,0,${EXPERIMENT_ROOT}\part6_stable_feature_selection\predictions\phiusiil\s3\r01\lr\f_stable.parquet
0.9896283007232158,0.9892276154222832,master,phiusiil,PhiUSIIL,216,154,0.0076514135241218,0.2511146000001645,7.039148960031521e-06,0.989449663078028,rf,20261002,20127,15547,35674,20260903.0,0.998652168987044,0.990054891830804,0.9861066443686884,r01,0.9989351674882124,S3-domain,s3,rf_depth24_leaf2,"{""class_weight"": null, ""max_depth"": 24, ""max_features"": ""sqrt"", ""min_samples_leaf"": 2, ""n_estimators"": 200}",0.86,19973,74.73104680000006,15331,74.33682320000003,0.9907355461121324,0.9990767303976836,f_all,35,"[""url_length"", ""hostname_length"", ""path_length"", ""query_length"", ""fragment_length"", ""digit_count"", ""letter_count"", ""special_char_count"", ""digit_ratio"", ""letter_ratio"", ""special_char_ratio"", ""dot_count"", ""hyphen_count"", ""underscore_count"", ""slash_count"", ""question_mark_count"", ""equals_sign_count"", ""percent_sign_count"", ""at_sign_count"", ""subdomain_depth"", ""path_segment_count"", ""query_parameter_count"", ""has_port"", ""has_userinfo"", ""host_is_ip"", ""tld_length"", ""registrable_domain_length"", ""domain_digit_ratio"", ""domain_hyphen_ratio"", ""url_char_entropy"", ""longest_repeated_char_run"", ""char_type_transition_count"", ""token_count"", ""token_mean_length"", ""token_max_length""]",0.1090102999999089,43.500153700000055,200.0,200.0,0.2175007685000002,positive_class_probability,0.01576233286171419,0.04215808892622067,0.0010648325117877432,0.07250463961381941,,0.9989351674882123,0.9986522184302519,-1.1102230246251565e-16,4.94432078612661e-08,0,${EXPERIMENT_ROOT}\part4_baseline_models\predictions\internal\phiusiil\s3\r01\rf.parquet
0.9931042215619218,0.9933106608758318,,phiusiil,,79,167,0.0082973120683658,0.1166513000000009,3.269924875259318e-06,0.992993125096177,rf,20261002,20127,15547,35674,,0.999380238536544,0.9893188359449951,0.9949186338200297,r01,0.9994141578029746,S3-domain,s3,rf_depth24_leaf2,"{""class_weight"": null, ""max_depth"": 24, ""max_features"": ""sqrt"", ""min_samples_leaf"": 2, ""n_estimators"": 200}",0.77,19960,,15468,80.00334080000005,0.9921963236878858,0.999392226035628,f_dcss_10,10,"[""longest_repeated_char_run"", ""hostname_length"", ""registrable_domain_length"", ""subdomain_depth"", ""letter_ratio"", ""url_length"", ""letter_count"", ""token_mean_length"", ""token_max_length"", ""special_char_ratio""]",,,,,,,0.00960013295223135,0.022154424582501473,0.0005858421970254135,0.04241378335606267,"[0, 1]",0.9994141578029746,0.999380238536544,0.0,0.0,0,${EXPERIMENT_ROOT}\part11_dcss_innovation\predictions\main_comparison\internal\phiusiil\s3\r01\rf\f_dcss_10.parquet
0.9897404272018836,0.9892172100229728,,phiusiil,,231,135,0.0067074079594574,0.0786855999999716,2.2056848124676684e-06,0.9895610773305676,rf,20261002,20127,15547,35674,,0.9990713723506036,0.9912627014432724,0.985141828005403,r01,0.9991952321642243,S3-domain,s3,rf_depth24_leaf2,"{""class_weight"": null, ""max_depth"": 24, ""max_features"": ""sqrt"", ""min_samples_leaf"": 2, ""n_estimators"": 200}",0.84,19992,,15316,73.91867330000002,0.9910487826232496,0.9992421323719668,f_dcss_15,15,"[""longest_repeated_char_run"", ""hostname_length"", ""registrable_domain_length"", ""subdomain_depth"", ""letter_ratio"", ""url_length"", ""token_mean_length"", ""letter_count"", ""token_max_length"", ""char_type_transition_count"", ""special_char_ratio"", ""path_length"", ""path_segment_count"", ""digit_count"", ""digit_ratio""]",,,,,,,0.010767134920238251,0.026218482630131504,0.0008047678357755955,0.05088203971122776,"[0, 1]",0.9991952321642245,0.9990713723506035,1.1102230246251565e-16,-1.1102230246251565e-16,0,${EXPERIMENT_ROOT}\part11_dcss_innovation\predictions\main_comparison\internal\phiusiil\s3\r01\rf\f_dcss_15.parquet
0.9888153837528731,0.9884413254792638,,phiusiil,,225,174,0.0086451035921895,0.0839991000000281,2.354630823569776e-06,0.9886236723084604,rf,20261002,20127,15547,35674,,0.998791412309138,0.9887712958182756,0.9855277545507172,r01,0.9989763161127588,S3-domain,s3,rf_depth24_leaf2,"{""class_weight"": null, ""max_depth"": 24, ""max_features"": ""sqrt"", ""min_samples_leaf"": 2, ""n_estimators"": 200}",0.83,19953,,15322,63.81029079999996,0.99085144997301,0.999127920007924,f_dcss_20,20,"[""longest_repeated_char_run"", ""hostname_length"", ""registrable_domain_length"", ""subdomain_depth"", ""letter_ratio"", ""url_length"", ""token_mean_length"", ""letter_count"", ""token_max_length"", ""char_type_transition_count"", ""special_char_ratio"", ""path_length"", ""path_segment_count"", ""digit_count"", ""digit_ratio"", ""token_count"", ""dot_count"", ""tld_length"", ""special_char_count"", ""domain_hyphen_ratio""]",,,,,,,0.012755479911918692,0.02893236894333482,0.001023683887241402,0.05771407983403076,"[0, 1]",0.9989763161127587,0.9987914123091379,-1.1102230246251565e-16,-1.1102230246251565e-16,0,${EXPERIMENT_ROOT}\part11_dcss_innovation\predictions\main_comparison\internal\phiusiil\s3\r01\rf\f_dcss_20.parquet
0.9701463250546616,0.969488667205095,,phiusiil,,554,511,0.0253887812391315,0.106654399999968,2.989695576609521e-06,0.9696364106505652,rf,20261002,20127,15547,35674,,0.9927269889305228,0.9670407636738906,0.9643661156493214,r01,0.9929280707054808,S3-domain,s3,rf_depth16_leaf1,"{""class_weight"": null, ""max_depth"": 16, ""max_features"": ""sqrt"", ""min_samples_leaf"": 1, ""n_estimators"": 200}",0.93,19616,,14993,52.83893900000004,0.9629539097946886,0.99137827669268,f_mi,15,"[""longest_repeated_char_run"", ""subdomain_depth"", ""char_type_transition_count"", ""letter_ratio"", ""token_count"", ""special_char_count"", ""special_char_ratio"", ""path_length"", ""url_char_entropy"", ""token_mean_length"", ""path_segment_count"", ""url_length"", ""dot_count"", ""slash_count"", ""letter_count""]",,,,,,,0.06205893004684447,0.136316436844482,0.007071929294519138,0.23860549355344804,,0.9929280707054808,0.9927269889305228,0.0,0.0,0,${EXPERIMENT_ROOT}\part8_traditional_baselines_and_error_analysis\predictions\internal\phiusiil\s3\r01\rf\f_mi.parquet
0.9920950832539104,0.9916845104404552,,phiusiil,,179,103,0.005117503850549,0.1795591000000058,5.033332398946175e-06,0.991958095662426,rf,20261002,20127,15547,35674,,0.9994785234413344,0.9933423825221382,0.9884865247314596,r01,0.9995102160009096,S3-domain,s3,rf_depth24_leaf2,"{""class_weight"": null, ""max_depth"": 24, ""max_features"": ""sqrt"", ""min_samples_leaf"": 2, ""n_estimators"": 200}",0.88,20024,,15368,88.31060180000003,0.99350010235347,0.9994140916269928,f_permutation,15,"[""longest_repeated_char_run"", ""hostname_length"", ""letter_ratio"", ""registrable_domain_length"", ""token_mean_length"", ""subdomain_depth"", ""special_char_ratio"", ""url_length"", ""letter_count"", ""token_max_length"", ""domain_digit_ratio"", ""dot_count"", ""domain_hyphen_ratio"", ""query_parameter_count"", ""question_mark_count""]",,,,,,,0.011104160416777212,0.030798146100637316,0.000489783999090178,0.05138935299490835,,0.9995102160009097,0.9994785234413344,1.1102230246251565e-16,0.0,0,${EXPERIMENT_ROOT}\part8_traditional_baselines_and_error_analysis\predictions\internal\phiusiil\s3\r01\rf\f_permutation.parquet
0.9900768066378876,0.9895738633933224,,phiusiil,,223,131,0.0065086699458438,0.0769427000000178,2.156828502551376e-06,0.989903638922968,rf,20261002,20127,15547,35674,20260903.0,0.9991258451856094,0.9915237787123908,0.9856563967324886,r01,0.999223684028494,S3-domain,s3,rf_depth24_leaf2,"{""class_weight"": null, ""max_depth"": 24, ""max_features"": ""sqrt"", ""min_samples_leaf"": 2, ""n_estimators"": 200}",0.84,19996,58.880741,15324,42.13001300000002,0.9914475030966712,0.9991887617948128,f_single,15,"[""longest_repeated_char_run"", ""hostname_length"", ""subdomain_depth"", ""letter_ratio"", ""url_length"", ""registrable_domain_length"", ""path_length"", ""token_mean_length"", ""path_segment_count"", ""token_max_length"", ""digit_count"", ""letter_count"", ""digit_ratio"", ""char_type_transition_count"", ""special_char_ratio""]",0.0314412000000174,15.9807543,200.0,200.0,0.0799037715,positive_class_probability,0.010848684798819175,0.02699938691786909,0.0007763159715059376,0.05145519592036406,,0.999223684028494,0.9991258524048133,0.0,7.219203901343008e-09,0,${EXPERIMENT_ROOT}\part6_stable_feature_selection\predictions\phiusiil\s3\r01\rf\f_single.parquet
0.9900487750182204,0.9895490211416208,,phiusiil,,223,132,0.0065583544492472,0.0788225000000011,2.2095223412009063e-06,0.98987519375701,rf,20261002,20127,15547,35674,20260903.0,0.9990511885844544,0.9914596273291926,0.9856563967324886,r01,0.9991643515212458,S3-domain,s3,rf_depth24_leaf2,"{""class_weight"": null, ""max_depth"": 24, ""max_features"": ""sqrt"", ""min_samples_leaf"": 2, ""n_estimators"": 200}",0.85,19995,54.880392700000016,15324,39.44624700000003,0.9910777495773904,0.9992819825520346,f_stable,14,"[""longest_repeated_char_run"", ""hostname_length"", ""subdomain_depth"", ""registrable_domain_length"", ""letter_ratio"", ""path_length"", ""url_length"", ""char_type_transition_count"", ""path_segment_count"", ""token_mean_length"", ""token_max_length"", ""special_char_ratio"", ""digit_count"", ""digit_ratio""]",0.0359225000000265,14.570600199999944,200.0,200.0,0.0728530009999997,positive_class_probability,0.01125779779076898,0.026825995681026386,0.0008356708490843223,0.05204459446842936,,0.9991643291509156,0.9990511237446162,-2.2370330254872783e-08,-6.483983816529815e-08,0,${EXPERIMENT_ROOT}\part6_stable_feature_selection\predictions\phiusiil\s3\r01\rf\f_stable.parquet
0.992851936984919,0.9924064792925892,master,phiusiil,PhiUSIIL,172,83,0.0041238137824812,0.0490176000000701,1.3740427201903392e-06,0.9927273604650476,xgb,20261002,20127,15547,35674,20260903.0,0.9994910521760968,0.9946306119808512,0.9889367723676592,r01,0.999485456839006,S3-domain,s3,xgb_d6_lr01_balanced,"{""colsample_bytree"": 0.9, ""learning_rate"": 0.1, ""max_depth"": 6, ""n_estimators"": 200, ""reg_lambda"": 1.0, ""scale_pos_weight"": 1.3542785150825352, ""subsample"": 0.9}",0.8,20044,36.03872239999987,15375,35.76806629999987,0.9945548701209116,0.9994273180329348,f_all,35,"[""url_length"", ""hostname_length"", ""path_length"", ""query_length"", ""fragment_length"", ""digit_count"", ""letter_count"", ""special_char_count"", ""digit_ratio"", ""letter_ratio"", ""special_char_ratio"", ""dot_count"", ""hyphen_count"", ""underscore_count"", ""slash_count"", ""question_mark_count"", ""equals_sign_count"", ""percent_sign_count"", ""at_sign_count"", ""subdomain_depth"", ""path_segment_count"", ""query_parameter_count"", ""has_port"", ""has_userinfo"", ""host_is_ip"", ""tld_length"", ""registrable_domain_length"", ""domain_digit_ratio"", ""domain_hyphen_ratio"", ""url_char_entropy"", ""longest_repeated_char_run"", ""char_type_transition_count"", ""token_count"", ""token_mean_length"", ""token_max_length""]",0.0523489999995945,0.0273618999999598,200.0,200.0,0.0001368094999997,raw_margin,0.007557965891870804,0.017214851298690794,0.000514543160993939,0.03357815921757004,,0.9994854568390061,0.9994910521760969,1.1102230246251565e-16,1.1102230246251565e-16,0,${EXPERIMENT_ROOT}\part4_baseline_models\predictions\internal\phiusiil\s3\r01\xgb.parquet
0.9945058025452712,0.994157585598894,,phiusiil,,133,63,0.0031301237144134,0.0326765999999452,9.159780232086452e-07,0.9944108407817258,xgb,20261002,20127,15547,35674,,0.9995739145224296,0.9959294436906376,0.9914452949122016,r01,0.9995820471312244,S3-domain,s3,xgb_d6_lr01_balanced,"{""colsample_bytree"": 0.9, ""learning_rate"": 0.1, ""max_depth"": 6, ""n_estimators"": 200, ""reg_lambda"": 1.0, ""scale_pos_weight"": 1.3542785150825352, ""subsample"": 0.9}",0.77,20064,,15414,17.897703099999944,0.992613769660676,0.9993903246798574,f_dcss_10,10,"[""hostname_length"", ""url_length"", ""longest_repeated_char_run"", ""path_length"", ""registrable_domain_length"", ""token_max_length"", ""subdomain_depth"", ""dot_count"", ""token_mean_length"", ""letter_count""]",,,,,,,0.00699767812047543,0.017611704325211405,0.0004179528687757807,0.032137564743055985,"[0, 1]",0.9995820471312243,0.9995739145224295,-1.1102230246251565e-16,-1.1102230246251565e-16,0,${EXPERIMENT_ROOT}\part11_dcss_innovation\predictions\main_comparison\internal\phiusiil\s3\r01\xgb\f_dcss_10.parquet
0.9935246958569266,0.99287828233983,,phiusiil,,189,42,0.0020867491429423,0.0313676999999188,8.792874362257902e-07,0.9934089725843364,xgb,20261002,20127,15547,35674,,0.9995107300893574,0.9972727272727272,0.9878433138226024,r01,0.9995116604850892,S3-domain,s3,xgb_d6_lr01_balanced,"{""colsample_bytree"": 0.9, ""learning_rate"": 0.1, ""max_depth"": 6, ""n_estimators"": 200, ""reg_lambda"": 1.0, ""scale_pos_weight"": 1.3542785150825352, ""subsample"": 0.9}",0.89,20085,,15358,18.716391499999983,0.9937817629291006,0.9994298808687804,f_dcss_15,15,"[""hostname_length"", ""url_length"", ""longest_repeated_char_run"", ""path_length"", ""registrable_domain_length"", ""token_max_length"", ""subdomain_depth"", ""dot_count"", ""token_mean_length"", ""letter_count"", ""letter_ratio"", ""char_type_transition_count"", ""special_char_ratio"", ""digit_count"", ""slash_count""]",,,,,,,0.007546654583281419,0.01863471382400329,0.0004883395149107023,0.03423824554252513,"[0, 1]",0.9995116604850893,0.9995107300893574,1.1102230246251565e-16,0.0,0,${EXPERIMENT_ROOT}\part11_dcss_innovation\predictions\main_comparison\internal\phiusiil\s3\r01\xgb\f_dcss_15.parquet
0.9935246958569266,0.9927245981712658,,phiusiil,,210,21,0.0010433745714711,0.0344824000000016,9.665975220048688e-07,0.9934068694306816,xgb,20261002,20127,15547,35674,,0.9995209184142654,0.9986326344576116,0.9864925709140028,r01,0.9995138415922852,S3-domain,s3,xgb_d6_lr01_balanced,"{""colsample_bytree"": 0.9, ""learning_rate"": 0.1, ""max_depth"": 6, ""n_estimators"": 200, ""reg_lambda"": 1.0, ""scale_pos_weight"": 1.3542785150825352, ""subsample"": 0.9}",0.89,20106,,15337,19.355740300000093,0.9940944167305176,0.9992011685406622,f_dcss_20,20,"[""hostname_length"", ""url_length"", ""longest_repeated_char_run"", ""path_length"", ""registrable_domain_length"", ""token_max_length"", ""subdomain_depth"", ""dot_count"", ""token_mean_length"", ""letter_count"", ""letter_ratio"", ""char_type_transition_count"", ""digit_count"", ""special_char_ratio"", ""slash_count"", ""tld_length"", ""digit_ratio"", ""domain_hyphen_ratio"", ""url_char_entropy"", ""path_segment_count""]",,,,,,,0.007382234917356056,0.018619210855516505,0.0004861584077149209,0.033042606053791584,"[0, 1]",0.9995138415922851,0.9995209184142654,-1.1102230246251565e-16,0.0,0,${EXPERIMENT_ROOT}\part11_dcss_innovation\predictions\main_comparison\internal\phiusiil\s3\r01\xgb\f_dcss_20.parquet
0.982003700173796,0.9804140824181576,,phiusiil,,497,145,0.0072042529934913,0.0402581000000168,1.128499747715895e-06,0.9816530233798112,xgb,20261002,20127,15547,35674,,0.9957512252348112,0.9904573872984536,0.9680324178298064,r01,0.9949046923106646,S3-domain,s3,xgb_d6_lr005,"{""colsample_bytree"": 0.9, ""learning_rate"": 0.05, ""max_depth"": 6, ""n_estimators"": 250, ""reg_lambda"": 1.0, ""scale_pos_weight"": 1.0, ""subsample"": 0.9}",0.95,19982,,15050,35.06532629999998,0.9758342597467702,0.9942313505023906,f_mi,15,"[""longest_repeated_char_run"", ""subdomain_depth"", ""char_type_transition_count"", ""letter_ratio"", ""token_count"", ""special_char_count"", ""special_char_ratio"", ""path_length"", ""url_char_entropy"", ""token_mean_length"", ""path_segment_count"", ""url_length"", ""dot_count"", ""slash_count"", ""letter_count""]",,,,,,,0.06236998837891383,0.14033131748831568,0.005095307689335388,0.23556674524602172,,0.9949046923106646,0.9957512252348113,0.0,1.1102230246251565e-16,0,${EXPERIMENT_ROOT}\part8_traditional_baselines_and_error_analysis\predictions\internal\phiusiil\s3\r01\xgb\f_mi.parquet
0.9933845377585916,0.992819935724992,,phiusiil,,180,56,0.0027823321905897,0.036579300000028,1.0253770252853075e-06,0.9932674776798068,xgb,20261002,20127,15547,35674,,0.9995481802510388,0.9963690591973028,0.9884222036405738,r01,0.9995569731868168,S3-domain,s3,xgb_d6_lr01_balanced,"{""colsample_bytree"": 0.9, ""learning_rate"": 0.1, ""max_depth"": 6, ""n_estimators"": 200, ""reg_lambda"": 1.0, ""scale_pos_weight"": 1.3542785150825352, ""subsample"": 0.9}",0.85,20071,,15367,28.32995599999998,0.9946685891874696,0.999472877073649,f_permutation,15,"[""hostname_length"", ""url_length"", ""longest_repeated_char_run"", ""path_length"", ""token_max_length"", ""registrable_domain_length"", ""letter_count"", ""dot_count"", ""char_type_transition_count"", ""digit_count"", ""letter_ratio"", ""subdomain_depth"", ""digit_ratio"", ""special_char_ratio"", ""domain_hyphen_ratio""]",,,,,,,0.007831130547595417,0.019143099739905623,0.0004430268131832534,0.03464767856462859,,0.9995569731868168,0.9995481802510389,0.0,1.1102230246251565e-16,0,${EXPERIMENT_ROOT}\part8_traditional_baselines_and_error_analysis\predictions\internal\phiusiil\s3\r01\xgb\f_permutation.parquet
0.9937489488142623,0.9934136618655368,,phiusiil,,143,80,0.003974760272271,0.0290989999999737,8.15692100688843e-07,0.9936412362308108,xgb,20261002,20127,15547,35674,20260903.0,0.999520089265917,0.99483337638853,0.9908020840033448,r01,0.999499227375133,S3-domain,s3,xgb_d6_lr01_balanced,"{""colsample_bytree"": 0.9, ""learning_rate"": 0.1, ""max_depth"": 6, ""n_estimators"": 200, ""reg_lambda"": 1.0, ""scale_pos_weight"": 1.3542785150825352, ""subsample"": 0.9}",0.78,20047,18.077548199999967,15404,17.3457851,0.9936431593323248,0.999405313434888,f_single,15,"[""hostname_length"", ""longest_repeated_char_run"", ""url_length"", ""path_length"", ""token_max_length"", ""subdomain_depth"", ""registrable_domain_length"", ""char_type_transition_count"", ""dot_count"", ""digit_count"", ""slash_count"", ""token_mean_length"", ""letter_ratio"", ""special_char_ratio"", ""letter_count""]",0.040879000000018,0.0221242000000074,200.0,200.0,0.000110621,raw_margin,0.0073299537012720415,0.018445478307727345,0.0005007726248670206,0.03353261817529432,,0.999499227375133,0.999520089265917,0.0,0.0,0,${EXPERIMENT_ROOT}\part6_stable_feature_selection\predictions\phiusiil\s3\r01\xgb\f_single.parquet
0.9929640634635868,0.9923594824245728,,phiusiil,,192,59,0.0029313857007999,0.0276546000000053,7.752032292427343e-07,0.992839077794564,xgb,20261002,20127,15547,35674,20260903.0,0.9995017202296776,0.9961723108862074,0.9876503505499452,r01,0.9994804283083504,S3-domain,s3,xgb_d6_lr01_balanced,"{""colsample_bytree"": 0.9, ""learning_rate"": 0.1, ""max_depth"": 6, ""n_estimators"": 200, ""reg_lambda"": 1.0, ""scale_pos_weight"": 1.3542785150825352, ""subsample"": 0.9}",0.84,20068,17.48433670000003,15355,16.818839699999955,0.9936688982091436,0.9992125926530668,f_stable,15,"[""hostname_length"", ""longest_repeated_char_run"", ""url_length"", ""path_length"", ""registrable_domain_length"", ""subdomain_depth"", ""token_max_length"", ""char_type_transition_count"", ""dot_count"", ""letter_ratio"", ""digit_count"", ""token_mean_length"", ""slash_count"", ""letter_count"", ""special_char_ratio""]",0.0368846000000075,0.0213339999999675,200.0,200.0,0.0001066699999998,raw_margin,0.007466278985966252,0.017910874698594804,0.0005195716916497074,0.033859179919741016,,0.9994804283083503,0.9995017202296776,-1.1102230246251565e-16,0.0,0,${EXPERIMENT_ROOT}\part6_stable_feature_selection\predictions\phiusiil\s3\r01\xgb\f_stable.parquet
0.9855076526321692,0.9855758044221344,master,phiusiil,PhiUSIIL,216,301,0.0149550355244199,0.0525107999999363,1.4719627740072982e-06,0.985273852407013,lr,20261003,20127,15547,35674,20260904.0,0.9954218390476556,0.9807446264073696,0.9861066443686884,r02,0.9932000699526616,S3-domain,s3,lr_c1,"{""C"": 1.0, ""class_weight"": null}",0.84,19826,43.147688400000106,15331,42.84548229999996,0.9883460708519024,0.995111010670459,f_all,35,"[""url_length"", ""hostname_length"", ""path_length"", ""query_length"", ""fragment_length"", ""digit_count"", ""letter_count"", ""special_char_count"", ""digit_ratio"", ""letter_ratio"", ""special_char_ratio"", ""dot_count"", ""hyphen_count"", ""underscore_count"", ""slash_count"", ""question_mark_count"", ""equals_sign_count"", ""percent_sign_count"", ""at_sign_count"", ""subdomain_depth"", ""path_segment_count"", ""query_parameter_count"", ""has_port"", ""has_userinfo"", ""host_is_ip"", ""tld_length"", ""registrable_domain_length"", ""domain_digit_ratio"", ""domain_hyphen_ratio"", ""url_char_entropy"", ""longest_repeated_char_run"", ""char_type_transition_count"", ""token_count"", ""token_mean_length"", ""token_max_length""]",0.0040206999999554,0.0092928999999912,200.0,200.0,4.6464499999956e-05,raw_log_odds,0.020873164521230492,0.04909884574730689,0.006826005862963138,0.1281635588494102,,0.9931739925391562,0.9953037609473385,-2.607741350546533e-05,-0.0001180781003170539,0,${EXPERIMENT_ROOT}\part4_baseline_models\predictions\internal\phiusiil\s3\r02\lr.parquet
0.8867242249257162,0.8845221391791889,,phiusiil,,2062,1979,0.0983256322353058,0.0069888000000446,1.9590738352987186e-07,0.8847552122713148,lr,20261003,20127,15547,35674,,0.9348100008432426,0.8720253491981376,0.8673699105936836,r02,0.9174043978132568,S3-domain,s3,lr_c1,"{""C"": 1.0, ""class_weight"": null}",0.34,18148,,13485,16.152905799999985,0.9066915452912536,0.9296908654613858,f_dcss_10,10,"[""hostname_length"", ""letter_count"", ""path_segment_count"", ""path_length"", ""query_length"", ""url_length"", ""token_mean_length"", ""dot_count"", ""question_mark_count"", ""slash_count""]",,,,,,,0.09705740212163923,0.1256824775612631,0.08259560218674324,0.3419717851809638,"[0, 1]",0.9174043978132569,0.9348100008432426,1.1102230246251565e-16,0.0,0,${EXPERIMENT_ROOT}\part11_dcss_innovation\predictions\main_comparison\internal\phiusiil\s3\r02\lr\f_dcss_10.parquet
0.9777148623647476,0.975149559159567,,phiusiil,,697,98,0.004869081333532,0.0073143000000754,2.0503167573233986e-07,0.9772350686538248,lr,20261003,20127,15547,35674,,0.9895439659558344,0.9934439389884936,0.955168199652666,r02,0.9839618841658612,S3-domain,s3,lr_c01,"{""C"": 0.1, ""class_weight"": null}",0.9,20029,,14850,17.33995850000008,0.977281322020818,0.9862369723146296,f_dcss_15,15,"[""hostname_length"", ""letter_count"", ""path_segment_count"", ""path_length"", ""query_length"", ""url_length"", ""token_mean_length"", ""question_mark_count"", ""dot_count"", ""slash_count"", ""token_max_length"", ""digit_count"", ""hyphen_count"", ""longest_repeated_char_run"", ""query_parameter_count""]",,,,,,,0.04139142423581867,0.10449755556987793,0.01603811583413869,0.21383321323124946,"[0, 1]",0.9839618841658613,0.9895439659558345,1.1102230246251565e-16,1.1102230246251565e-16,0,${EXPERIMENT_ROOT}\part11_dcss_innovation\predictions\main_comparison\internal\phiusiil\s3\r02\lr\f_dcss_15.parquet
0.9807983405281158,0.981036391449192,,phiusiil,,266,419,0.0208178069260197,0.0110648999999511,3.101670684518471e-07,0.9804980135976896,lr,20261003,20127,15547,35674,,0.994448710154619,0.973312101910828,0.9828905898244036,r02,0.9918162940557408,S3-domain,s3,lr_c1,"{""C"": 1.0, ""class_weight"": null}",0.92,19708,,15281,19.139942899999937,0.9794524437047258,0.9933500358527684,f_dcss_20,20,"[""hostname_length"", ""letter_count"", ""path_segment_count"", ""path_length"", ""query_length"", ""url_length"", ""token_mean_length"", ""question_mark_count"", ""dot_count"", ""slash_count"", ""token_max_length"", ""digit_count"", ""hyphen_count"", ""longest_repeated_char_run"", ""query_parameter_count"", ""char_type_transition_count"", ""registrable_domain_length"", ""special_char_ratio"", ""digit_ratio"", ""equals_sign_count""]",,,,,,,0.035614270228063294,0.07031744327630324,0.008183696356974787,0.20156524605048406,"[0, 1]",0.9918162940557409,0.994448710154619,1.1102230246251565e-16,0.0,0,${EXPERIMENT_ROOT}\part11_dcss_innovation\predictions\main_comparison\internal\phiusiil\s3\r02\lr\f_dcss_20.parquet
0.9758928070863936,0.9737397250237092,,phiusiil,,669,191,0.0094897401500472,0.0153053999999883,4.290351516507363e-07,0.9753982458095504,lr,20261003,20127,15547,35674,,0.9883413157663448,0.9873249717964032,0.9569691901974656,r02,0.984438431320988,S3-domain,s3,lr_c1_balanced,"{""C"": 1.0, ""class_weight"": ""balanced""}",0.93,19936,,14878,26.59440929999994,0.975721234865623,0.9871826348816104,f_mi,15,"[""longest_repeated_char_run"", ""subdomain_depth"", ""char_type_transition_count"", ""letter_ratio"", ""special_char_count"", ""token_count"", ""special_char_ratio"", ""path_length"", ""token_mean_length"", ""path_segment_count"", ""url_char_entropy"", ""dot_count"", ""slash_count"", ""url_length"", ""letter_count""]",,,,,,,0.08391941573724708,0.1759257209534909,0.015561568679011772,0.32155473352643066,,0.9844384313209881,0.9883413157663447,1.1102230246251565e-16,-1.1102230246251565e-16,0,${EXPERIMENT_ROOT}\part8_traditional_baselines_and_error_analysis\predictions\internal\phiusiil\s3\r02\lr\f_mi.parquet
0.9769580086337388,0.976806035773309,,phiusiil,,379,443,0.0220102350077011,0.0083638999999493,2.3445366373127082e-07,0.9765827417015468,lr,20261003,20127,15547,35674,,0.9900221621362342,0.9716225738261484,0.9756223065543193,r02,0.9841696374225508,S3-domain,s3,lr_c1_balanced,"{""C"": 1.0, ""class_weight"": ""balanced""}",0.83,19684,,15168,27.565116999999987,0.9804231111409498,0.9890698406790516,f_permutation,15,"[""hostname_length"", ""path_segment_count"", ""letter_count"", ""path_length"", ""token_mean_length"", ""url_length"", ""slash_count"", ""longest_repeated_char_run"", ""query_length"", ""dot_count"", ""token_max_length"", ""subdomain_depth"", ""hyphen_count"", ""question_mark_count"", ""special_char_ratio""]",,,,,,,0.04762437864053609,0.10184072579405311,0.015830338609238295,0.25056671822256743,,0.9841696374225509,0.9900221621362342,1.1102230246251565e-16,0.0,0,${EXPERIMENT_ROOT}\part8_traditional_baselines_and_error_analysis\predictions\internal\phiusiil\s3\r02\lr\f_permutation.parquet
0.9773504513090766,0.9747168354813276,,phiusiil,,712,96,0.0047697123267252,0.0052254999999945,1.464792285696741e-07,0.9768595358197218,lr,20261003,20127,15547,35674,20260904.0,0.9885643991685222,0.9935704239501708,0.9542033832893806,r02,0.9819167182710238,S3-domain,s3,lr_c1,"{""C"": 1.0, ""class_weight"": null}",0.95,20031,15.542709399999978,14835,14.977907000000016,0.9766751700589292,0.9858263505226408,f_single,15,"[""letter_count"", ""hostname_length"", ""path_segment_count"", ""path_length"", ""url_length"", ""query_length"", ""slash_count"", ""dot_count"", ""token_mean_length"", ""question_mark_count"", ""token_max_length"", ""longest_repeated_char_run"", ""hyphen_count"", ""query_parameter_count"", ""digit_ratio""]",0.000694199999998,0.0043662999999583,200.0,200.0,2.1831499999791504e-05,raw_log_odds,0.03757507938031946,0.08117010563253499,0.018083251369242364,0.2141978154854334,,0.9819167182710238,0.9885644195286302,0.0,2.036010793293741e-08,0,${EXPERIMENT_ROOT}\part6_stable_feature_selection\predictions\phiusiil\s3\r02\lr\f_single.parquet
0.9772383248304088,0.974815060405532,,phiusiil,,685,127,0.0063099319322303,0.0056299999999964,1.5781801872502304e-07,0.9767561634784532,lr,20261003,20127,15547,35674,20260904.0,0.98842654084999,0.9915271198879178,0.9559400527432944,r02,0.9817158039438564,S3-domain,s3,lr_c1,"{""C"": 1.0, ""class_weight"": null}",0.94,20000,15.64441340000002,14862,15.061005299999977,0.9763957800900168,0.9856591147276094,f_stable,14,"[""letter_count"", ""hostname_length"", ""path_segment_count"", ""path_length"", ""query_length"", ""url_length"", ""slash_count"", ""dot_count"", ""token_mean_length"", ""question_mark_count"", ""token_max_length"", ""hyphen_count"", ""longest_repeated_char_run"", ""query_parameter_count""]",0.0006971999999905,0.0044484000000011,200.0,200.0,2.224200000000565e-05,raw_log_odds,0.03815773740216444,0.08137969560199966,0.018284165696409515,0.216429031610061,,0.9817158039438567,0.9884265612321333,3.3306690738754696e-16,2.0382143306463263e-08,0,${EXPERIMENT_ROOT}\part6_stable_feature_selection\predictions\phiusiil\s3\r02\lr\f_stable.parquet
0.989516174244548,0.9895014793962756,master,phiusiil,PhiUSIIL,165,209,0.0103840612113081,0.2767874999999549,7.758801928574168e-06,0.9893438917709771,rf,20261003,20127,15547,35674,20260904.0,0.9987747992900412,0.9865948303508434,0.9893870200038593,r02,0.9989814389183772,S3-domain,s3,rf_depth24_leaf2,"{""class_weight"": null, ""max_depth"": 24, ""max_features"": ""sqrt"", ""min_samples_leaf"": 2, ""n_estimators"": 200}",0.81,19918,113.4061984,15382,112.8726322,0.9916264100822272,0.9994394298845926,f_all,35,"[""url_length"", ""hostname_length"", ""path_length"", ""query_length"", ""fragment_length"", ""digit_count"", ""letter_count"", ""special_char_count"", ""digit_ratio"", ""letter_ratio"", ""special_char_ratio"", ""dot_count"", ""hyphen_count"", ""underscore_count"", ""slash_count"", ""question_mark_count"", ""equals_sign_count"", ""percent_sign_count"", ""at_sign_count"", ""subdomain_depth"", ""path_segment_count"", ""query_parameter_count"", ""has_port"", ""has_userinfo"", ""host_is_ip"", ""tld_length"", ""registrable_domain_length"", ""domain_digit_ratio"", ""domain_hyphen_ratio"", ""url_char_entropy"", ""longest_repeated_char_run"", ""char_type_transition_count"", ""token_count"", ""token_mean_length"", ""token_max_length""]",0.0409008999999969,34.81617580000011,200.0,200.0,0.1740808790000005,positive_class_probability,0.01598706221530219,0.04110444267647847,0.001018561081622605,0.0725152249476711,,0.9989814389183774,0.9987748235592694,2.220446049250313e-16,2.426922818266064e-08,0,${EXPERIMENT_ROOT}\part4_baseline_models\predictions\internal\phiusiil\s3\r02\rf.parquet
0.9925716207882492,0.9930216154370286,,phiusiil,,54,211,0.0104834302181149,0.084436299999993,2.366886247687196e-06,0.9924556490557116,rf,20261003,20127,15547,35674,,0.9992376773381472,0.9865639327559858,0.996526661092172,r02,0.9992800189114938,S3-domain,s3,rf_depth24_leaf2,"{""class_weight"": null, ""max_depth"": 24, ""max_features"": ""sqrt"", ""min_samples_leaf"": 2, ""n_estimators"": 200}",0.76,19916,,15493,53.835760100000016,0.9933917955108108,0.9995759592056448,f_dcss_10,10,"[""longest_repeated_char_run"", ""hostname_length"", ""registrable_domain_length"", ""url_length"", ""letter_ratio"", ""token_mean_length"", ""letter_count"", ""special_char_ratio"", ""subdomain_depth"", ""token_max_length""]",,,,,,,0.01063874584562148,0.023694129464783484,0.0007199810885063268,0.046398567880834574,"[0, 1]",0.9992800189114938,0.9992376773381472,0.0,0.0,0,${EXPERIMENT_ROOT}\part11_dcss_innovation\predictions\main_comparison\internal\phiusiil\s3\r02\rf\f_dcss_10.parquet
0.9896563323428827,0.9896183723610428,,phiusiil,,166,203,0.0100859541908878,0.0881421000000273,2.470765823850068e-06,0.9894858194238436,rf,20261003,20127,15547,35674,,0.9986904203852364,0.986973819301848,0.9893226989129736,r02,0.9988939533505558,S3-domain,s3,rf_depth24_leaf2,"{""class_weight"": null, ""max_depth"": 24, ""max_features"": ""sqrt"", ""min_samples_leaf"": 2, ""n_estimators"": 200}",0.8,19924,,15381,49.14708759999996,0.9918783467149108,0.9993275350907472,f_dcss_15,15,"[""longest_repeated_char_run"", ""hostname_length"", ""registrable_domain_length"", ""url_length"", ""letter_ratio"", ""token_mean_length"", ""letter_count"", ""special_char_ratio"", ""token_max_length"", ""char_type_transition_count"", ""path_length"", ""path_segment_count"", ""subdomain_depth"", ""digit_ratio"", ""digit_count""]",,,,,,,0.011745009475409218,0.026558779478406545,0.0011060466494440015,0.054623522321963144,"[0, 1]",0.9988939533505558,0.9986904203852363,0.0,-1.1102230246251565e-16,0,${EXPERIMENT_ROOT}\part11_dcss_innovation\predictions\main_comparison\internal\phiusiil\s3\r02\rf\f_dcss_15.parquet
0.9880304984021976,0.9875554667943462,,phiusiil,,251,176,0.0087444725989963,0.0846228999999993,2.3721169479172336e-06,0.9878231645620666,rf,20261003,20127,15547,35674,,0.9986037411790584,0.9886246122026888,0.983855406187689,r02,0.998873495683576,S3-domain,s3,rf_depth24_leaf2,"{""class_weight"": null, ""max_depth"": 24, ""max_features"": ""sqrt"", ""min_samples_leaf"": 2, ""n_estimators"": 200}",0.85,19951,,15296,52.00137770000004,0.9915050872777932,0.9993618144260372,f_dcss_20,20,"[""longest_repeated_char_run"", ""hostname_length"", ""registrable_domain_length"", ""url_length"", ""letter_ratio"", ""token_mean_length"", ""letter_count"", ""special_char_ratio"", ""token_max_length"", ""char_type_transition_count"", ""path_length"", ""path_segment_count"", ""subdomain_depth"", ""digit_ratio"", ""digit_count"", ""token_count"", ""special_char_count"", ""dot_count"", ""domain_hyphen_ratio"", ""tld_length""]",,,,,,,0.013044553516732598,0.02971589693151303,0.001126504316423916,0.05964659426715875,"[0, 1]",0.998873495683576,0.9986037411790583,0.0,-1.1102230246251565e-16,0,${EXPERIMENT_ROOT}\part11_dcss_innovation\predictions\main_comparison\internal\phiusiil\s3\r02\rf\f_dcss_20.parquet
0.9740427201883723,0.9718074046617512,,phiusiil,,709,217,0.0107815372385353,0.081601800000044,2.287430621742558e-06,0.973507191332598,rf,20261003,20127,15547,35674,,0.9936514462284314,0.9855861839920292,0.9543963465620376,r02,0.9937132181637788,S3-domain,s3,rf_depth16_leaf1,"{""class_weight"": null, ""max_depth"": 16, ""max_features"": ""sqrt"", ""min_samples_leaf"": 1, ""n_estimators"": 200}",0.95,19910,,14838,50.14089390000004,0.9669439739090222,0.9925401420156126,f_mi,15,"[""longest_repeated_char_run"", ""subdomain_depth"", ""char_type_transition_count"", ""letter_ratio"", ""special_char_count"", ""token_count"", ""special_char_ratio"", ""path_length"", ""token_mean_length"", ""path_segment_count"", ""url_char_entropy"", ""dot_count"", ""slash_count"", ""url_length"", ""letter_count""]",,,,,,,0.06107213660864856,0.13553758640908,0.0062867818362211895,0.23398382056741182,,0.9937132181637789,0.9936514462284314,1.1102230246251565e-16,0.0,0,${EXPERIMENT_ROOT}\part8_traditional_baselines_and_error_analysis\predictions\internal\phiusiil\s3\r02\rf\f_mi.parquet
0.9897404272018836,0.9895684881225484,,phiusiil,,183,183,0.00909226412282,0.0888708999999607,2.491195268261501e-06,0.9895684881225484,rf,20261003,20127,15547,35674,,0.9988918965679326,0.9882292403679166,0.9882292403679166,r02,0.9990553488915208,S3-domain,s3,rf_depth24_leaf2,"{""class_weight"": null, ""max_depth"": 24, ""max_features"": ""sqrt"", ""min_samples_leaf"": 2, ""n_estimators"": 200}",0.82,19944,,15364,43.22501,0.9921021484447206,0.9994995837025356,f_permutation,15,"[""longest_repeated_char_run"", ""hostname_length"", ""registrable_domain_length"", ""letter_ratio"", ""url_length"", ""subdomain_depth"", ""letter_count"", ""token_mean_length"", ""special_char_ratio"", ""token_max_length"", ""char_type_transition_count"", ""path_segment_count"", ""path_length"", ""digit_ratio"", ""dot_count""]",,,,,,,0.01200950320512417,0.027291205176580454,0.0009446511084791004,0.05435897064758107,,0.9990553488915209,0.9988918965679326,1.1102230246251565e-16,0.0,0,${EXPERIMENT_ROOT}\part8_traditional_baselines_and_error_analysis\predictions\internal\phiusiil\s3\r02\rf\f_permutation.parquet
0.9888434153725404,0.9884003030872952,,phiusiil,,234,164,0.0081482585581557,0.1268983999999591,3.557167685147702e-06,0.988650584852688,rf,20261003,20127,15547,35674,20260904.0,0.9986840736153082,0.989403631194676,0.984948864732746,r02,0.9989053877850564,S3-domain,s3,rf_depth24_leaf2,"{""class_weight"": null, ""max_depth"": 24, ""max_features"": ""sqrt"", ""min_samples_leaf"": 2, ""n_estimators"": 200}",0.85,19963,77.63493219999998,15313,59.520081300000015,0.9920176148344924,0.999389042313668,f_single,15,"[""longest_repeated_char_run"", ""hostname_length"", ""subdomain_depth"", ""letter_ratio"", ""registrable_domain_length"", ""url_length"", ""token_mean_length"", ""path_segment_count"", ""char_type_transition_count"", ""path_length"", ""digit_ratio"", ""digit_count"", ""special_char_ratio"", ""letter_count"", ""token_max_length""]",0.0585225000000377,16.580437500000016,200.0,200.0,0.0829021875,positive_class_probability,0.011805026497362934,0.026982001224042186,0.0010949685423463015,0.05552793121148972,,0.9989050314576537,0.9986828711191515,-3.5632740269520013e-07,-1.2024961566492465e-06,0,${EXPERIMENT_ROOT}\part6_stable_feature_selection\predictions\phiusiil\s3\r02\rf\f_single.parquet
0.9896563323428827,0.9897061918859368,,phiusiil,,154,215,0.0106821682317285,0.1639981999999236,4.597135168467893e-06,0.9894876455574648,rf,20261003,20127,15547,35674,20260904.0,0.9987750702619562,0.9862250128139416,0.990094552003602,r02,0.998942813347503,S3-domain,s3,rf_depth24_leaf2,"{""class_weight"": null, ""max_depth"": 24, ""max_features"": ""sqrt"", ""min_samples_leaf"": 2, ""n_estimators"": 200}",0.79,19912,88.63203109999995,15393,70.37212349999999,0.9921076989448716,0.9993757511417602,f_stable,14,"[""longest_repeated_char_run"", ""hostname_length"", ""subdomain_depth"", ""registrable_domain_length"", ""letter_ratio"", ""path_length"", ""url_length"", ""token_mean_length"", ""char_type_transition_count"", ""path_segment_count"", ""token_max_length"", ""special_char_ratio"", ""digit_count"", ""digit_ratio""]",0.061705599999982,16.834301500000038,200.0,200.0,0.0841715075000001,positive_class_probability,0.012132107050633488,0.0293832617451289,0.0010571003669376541,0.057340537155001085,,0.9989428996330623,0.9987750815733375,8.628555925316306e-08,1.1311381276080112e-08,0,${EXPERIMENT_ROOT}\part6_stable_feature_selection\predictions\phiusiil\s3\r02\rf\f_stable.parquet
0.9925716207882492,0.9918140969697378,master,phiusiil,PhiUSIIL,219,46,0.0022854871565558,0.0396306000000095,1.1109099063746568e-06,0.9924373737697192,xgb,20261003,20127,15547,35674,20260904.0,0.9995166076981415,0.997007935475478,0.9859136810960314,r02,0.9995049941266858,S3-domain,s3,xgb_d6_lr01_balanced,"{""colsample_bytree"": 0.9, ""learning_rate"": 0.1, ""max_depth"": 6, ""n_estimators"": 200, ""reg_lambda"": 1.0, ""scale_pos_weight"": 1.3542591267000716, ""subsample"": 0.9}",0.91,20081,37.245946600000025,15328,36.95133779999992,0.994921774720853,0.999471219721706,f_all,35,"[""url_length"", ""hostname_length"", ""path_length"", ""query_length"", ""fragment_length"", ""digit_count"", ""letter_count"", ""special_char_count"", ""digit_ratio"", ""letter_ratio"", ""special_char_ratio"", ""dot_count"", ""hyphen_count"", ""underscore_count"", ""slash_count"", ""question_mark_count"", ""equals_sign_count"", ""percent_sign_count"", ""at_sign_count"", ""subdomain_depth"", ""path_segment_count"", ""query_parameter_count"", ""has_port"", ""has_userinfo"", ""host_is_ip"", ""tld_length"", ""registrable_domain_length"", ""domain_digit_ratio"", ""domain_hyphen_ratio"", ""url_char_entropy"", ""longest_repeated_char_run"", ""char_type_transition_count"", ""token_count"", ""token_mean_length"", ""token_max_length""]",0.053036300000258,0.0300611999996363,200.0,200.0,0.0001503059999981,raw_margin,0.00792772793192271,0.017991747439321724,0.0004950058733142185,0.03480883192716252,,0.9995049941266858,0.9995166076981417,0.0,1.1102230246251565e-16,0,${EXPERIMENT_ROOT}\part4_baseline_models\predictions\internal\phiusiil\s3\r02\xgb.parquet
0.9919549251555756,0.9920579431563454,,phiusiil,,111,176,0.0087444725989963,0.0288734000000658,8.09368167294553e-07,0.9918239602642748,xgb,20261003,20127,15547,35674,,0.999492533099108,0.9887266205482962,0.9928603589116872,r02,0.9994885167806032,S3-domain,s3,xgb_d6_lr01_balanced,"{""colsample_bytree"": 0.9, ""learning_rate"": 0.1, ""max_depth"": 6, ""n_estimators"": 200, ""reg_lambda"": 1.0, ""scale_pos_weight"": 1.3542591267000716, ""subsample"": 0.9}",0.74,19951,,15436,16.74625149999997,0.9929306161783223,0.9995299130766624,f_dcss_10,10,"[""hostname_length"", ""url_length"", ""longest_repeated_char_run"", ""path_length"", ""token_max_length"", ""registrable_domain_length"", ""dot_count"", ""subdomain_depth"", ""token_mean_length"", ""letter_count""]",,,,,,,0.008146473562995265,0.018496254655892438,0.0005114832193969262,0.036527061915971694,"[0, 1]",0.9994885167806031,0.999492533099108,-1.1102230246251565e-16,0.0,0,${EXPERIMENT_ROOT}\part11_dcss_innovation\predictions\main_comparison\internal\phiusiil\s3\r02\xgb\f_dcss_10.parquet
0.993048158322588,0.9926974677543594,,phiusiil,,156,92,0.0045709743131117,0.0316463999999996,8.870998486292434e-07,0.992928317842856,xgb,20261003,20127,15547,35674,,0.9995215992281092,0.9940579990957824,0.9899659098218304,r02,0.9994924603502436,S3-domain,s3,xgb_d6_lr01_balanced,"{""colsample_bytree"": 0.9, ""learning_rate"": 0.1, ""max_depth"": 6, ""n_estimators"": 200, ""reg_lambda"": 1.0, ""scale_pos_weight"": 1.3542591267000716, ""subsample"": 0.9}",0.84,20035,,15391,17.323677299999986,0.9954379627384602,0.9995914906063356,f_dcss_15,15,"[""hostname_length"", ""url_length"", ""longest_repeated_char_run"", ""path_length"", ""token_max_length"", ""registrable_domain_length"", ""dot_count"", ""token_mean_length"", ""subdomain_depth"", ""letter_count"", ""letter_ratio"", ""digit_count"", ""special_char_ratio"", ""char_type_transition_count"", ""slash_count""]",,,,,,,0.007882732398596345,0.01860340053914546,0.0005075396497564961,0.03519519382141406,"[0, 1]",0.9994924603502436,0.9995215992281093,0.0,1.1102230246251565e-16,0,${EXPERIMENT_ROOT}\part11_dcss_innovation\predictions\main_comparison\internal\phiusiil\s3\r02\xgb\f_dcss_15.parquet
0.9915905140999048,0.9910031645101076,,phiusiil,,211,89,0.0044219208029015,0.0319273999999722,8.949767337548998e-07,0.9914418376597448,xgb,20261003,20127,15547,35674,,0.999508749483612,0.9942301458670988,0.986428249823117,r02,0.9995140285443304,S3-domain,s3,xgb_d6_lr01_balanced,"{""colsample_bytree"": 0.9, ""learning_rate"": 0.1, ""max_depth"": 6, ""n_estimators"": 200, ""reg_lambda"": 1.0, ""scale_pos_weight"": 1.3542591267000716, ""subsample"": 0.9}",0.86,20038,,15336,17.739349800000014,0.995094129990815,0.9996576940007208,f_dcss_20,20,"[""hostname_length"", ""url_length"", ""longest_repeated_char_run"", ""path_length"", ""token_max_length"", ""registrable_domain_length"", ""dot_count"", ""token_mean_length"", ""subdomain_depth"", ""letter_count"", ""letter_ratio"", ""digit_count"", ""special_char_ratio"", ""char_type_transition_count"", ""tld_length"", ""slash_count"", ""domain_hyphen_ratio"", ""url_char_entropy"", ""digit_ratio"", ""path_segment_count""]",,,,,,,0.007870947960698246,0.01715854138994866,0.0004859714556695676,0.034827256164862624,"[0, 1]",0.9995140285443304,0.9995087494836119,0.0,-1.1102230246251565e-16,0,${EXPERIMENT_ROOT}\part11_dcss_innovation\predictions\main_comparison\internal\phiusiil\s3\r02\xgb\f_dcss_20.parquet
0.9817794472164602,0.980259254166991,,phiusiil,,491,159,0.0078998360411387,0.0393950000000131,1.104305656781218e-06,0.981427329849164,xgb,20261003,20127,15547,35674,,0.9958717311017472,0.9895497863950048,0.9684183443751206,r02,0.9952424587307914,S3-domain,s3,xgb_d6_lr005,"{""colsample_bytree"": 0.9, ""learning_rate"": 0.05, ""max_depth"": 6, ""n_estimators"": 250, ""reg_lambda"": 1.0, ""scale_pos_weight"": 1.0, ""subsample"": 0.9}",0.94,19968,,15056,28.719298900000013,0.977590540929458,0.9945477832793984,f_mi,15,"[""longest_repeated_char_run"", ""subdomain_depth"", ""char_type_transition_count"", ""letter_ratio"", ""special_char_count"", ""token_count"", ""special_char_ratio"", ""path_length"", ""token_mean_length"", ""path_segment_count"", ""url_char_entropy"", ""dot_count"", ""slash_count"", ""url_length"", ""letter_count""]",,,,,,,0.061947416731296376,0.13962079284721235,0.004757541269208616,0.23477503461808213,,0.9952424587307914,0.9958717311017473,0.0,1.1102230246251565e-16,0,${EXPERIMENT_ROOT}\part8_traditional_baselines_and_error_analysis\predictions\internal\phiusiil\s3\r02\xgb\f_mi.parquet
0.992823905365252,0.9925719126781576,,phiusiil,,146,110,0.0054652953743727,0.0413939000000027,1.1603380613332611e-06,0.9927017116119992,xgb,20261003,20127,15547,35674,,0.9995469008244962,0.992908258655148,0.9906091207306876,r02,0.9995426657627648,S3-domain,s3,xgb_d6_lr01_balanced,"{""colsample_bytree"": 0.9, ""learning_rate"": 0.1, ""max_depth"": 6, ""n_estimators"": 200, ""reg_lambda"": 1.0, ""scale_pos_weight"": 1.3542591267000716, ""subsample"": 0.9}",0.83,20017,,15401,32.234047499999974,0.9960655339939672,0.9996771242303916,f_permutation,15,"[""hostname_length"", ""url_length"", ""longest_repeated_char_run"", ""path_length"", ""token_max_length"", ""slash_count"", ""char_type_transition_count"", ""registrable_domain_length"", ""digit_count"", ""dot_count"", ""path_segment_count"", ""domain_digit_ratio"", ""special_char_count"", ""subdomain_depth"", ""hyphen_count""]",,,,,,,0.007737296846696377,0.01825470964078348,0.00045733423723528675,0.03459529491333781,,0.9995426657627647,0.9995469008244962,-1.1102230246251565e-16,0.0,0,${EXPERIMENT_ROOT}\part8_traditional_baselines_and_error_analysis\predictions\internal\phiusiil\s3\r02\xgb\f_permutation.parquet
0.991282166283568,0.991103132722188,,phiusiil,,160,151,0.0075023600139116,0.0318387999999458,8.924931322516644e-07,0.9911354806119524,xgb,20261003,20127,15547,35674,20260904.0,0.9994923382261413,0.990281889561076,0.9897086254582876,r02,0.9994861503192428,S3-domain,s3,xgb_d6_lr01_balanced,"{""colsample_bytree"": 0.9, ""learning_rate"": 0.1, ""max_depth"": 6, ""n_estimators"": 200, ""reg_lambda"": 1.0, ""scale_pos_weight"": 1.3542591267000716, ""subsample"": 0.9}",0.79,19976,30.92328789999999,15387,29.59304479999992,0.9946694957358506,0.9995698121584784,f_single,15,"[""hostname_length"", ""longest_repeated_char_run"", ""url_length"", ""path_length"", ""subdomain_depth"", ""token_max_length"", ""registrable_domain_length"", ""digit_count"", ""char_type_transition_count"", ""token_mean_length"", ""dot_count"", ""letter_ratio"", ""letter_count"", ""special_char_ratio"", ""slash_count""]",0.0647169999999732,0.0279147999999622,200.0,200.0,0.0001395739999998,raw_margin,0.008703849212808519,0.01985188539608877,0.0005138496807573315,0.038140211882526635,,0.9994861503192427,0.9994923382261413,-1.1102230246251565e-16,0.0,0,${EXPERIMENT_ROOT}\part6_stable_feature_selection\predictions\phiusiil\s3\r02\xgb\f_single.parquet
0.9918147670572406,0.9916044086794848,,phiusiil,,156,136,0.0067570924628608,0.0341825000000426,9.58190839267888e-07,0.9916763706615732,xgb,20261003,20127,15547,35674,20260904.0,0.9995189620885476,0.991241063953114,0.9899659098218304,r02,0.9995204791888356,S3-domain,s3,xgb_d6_lr01_balanced,"{""colsample_bytree"": 0.9, ""learning_rate"": 0.1, ""max_depth"": 6, ""n_estimators"": 200, ""reg_lambda"": 1.0, ""scale_pos_weight"": 1.3542591267000716, ""subsample"": 0.9}",0.8,19991,28.28348200000005,15391,26.86367030000008,0.995439040139004,0.999603604140146,f_stable,14,"[""hostname_length"", ""longest_repeated_char_run"", ""url_length"", ""path_length"", ""registrable_domain_length"", ""subdomain_depth"", ""token_max_length"", ""char_type_transition_count"", ""dot_count"", ""letter_ratio"", ""token_mean_length"", ""digit_count"", ""letter_count"", ""special_char_ratio""]",0.0631722000000536,0.0341588999999658,200.0,200.0,0.0001707944999998,raw_margin,0.008130473969476616,0.018626856113017377,0.0004795208111645358,0.03628067567677698,,0.9995204791888355,0.9995189620885475,-1.1102230246251565e-16,-1.1102230246251565e-16,0,${EXPERIMENT_ROOT}\part6_stable_feature_selection\predictions\phiusiil\s3\r02\xgb\f_stable.parquet
0.985703873969838,0.984432407310638,master,phiusiil,PhiUSIIL,396,114,0.0056640333879862,0.0545113999999102,1.5280428323123362e-06,0.9854332990760368,lr,20261004,20127,15547,35674,20260905.0,0.9966681733677824,0.9925319358008516,0.9745288480092622,r03,0.9949858774347696,S3-domain,s3,lr_c1,"{""C"": 1.0, ""class_weight"": null}",0.95,20013,46.45138910000014,15151,46.145258999999896,0.9875377045096444,0.993073469575732,f_all,35,"[""url_length"", ""hostname_length"", ""path_length"", ""query_length"", ""fragment_length"", ""digit_count"", ""letter_count"", ""special_char_count"", ""digit_ratio"", ""letter_ratio"", ""special_char_ratio"", ""dot_count"", ""hyphen_count"", ""underscore_count"", ""slash_count"", ""question_mark_count"", ""equals_sign_count"", ""percent_sign_count"", ""at_sign_count"", ""subdomain_depth"", ""path_segment_count"", ""query_parameter_count"", ""has_port"", ""has_userinfo"", ""host_is_ip"", ""tld_length"", ""registrable_domain_length"", ""domain_digit_ratio"", ""domain_hyphen_ratio"", ""url_char_entropy"", ""longest_repeated_char_run"", ""char_type_transition_count"", ""token_count"", ""token_mean_length"", ""token_max_length""]",0.0025595000001885,0.0064104999999017,200.0,200.0,3.2052499999508496e-05,raw_log_odds,0.01710253692342027,0.04554240524238483,0.00501374386749754,0.10708034825333844,,0.9949862561325025,0.9966674942925972,3.786977328390506e-07,-6.790751851948329e-07,0,${EXPERIMENT_ROOT}\part4_baseline_models\predictions\internal\phiusiil\s3\r03\lr.parquet
0.9043000504569154,0.9054039939584896,,phiusiil,,1337,2077,0.1031947135688378,0.0060907000000725,1.70732185907734e-07,0.903178207798732,lr,20261004,20127,15547,35674,,0.9427061215511582,0.872474980045435,0.9140027014858172,r03,0.9285779655014932,S3-domain,s3,lr_c1_balanced,"{""C"": 1.0, ""class_weight"": ""balanced""}",0.29,18050,,14210,15.780977399999983,0.9000529127089408,0.9201171640351328,f_dcss_10,10,"[""hostname_length"", ""path_segment_count"", ""letter_count"", ""path_length"", ""url_length"", ""dot_count"", ""token_mean_length"", ""query_length"", ""slash_count"", ""question_mark_count""]",,,,,,,0.091017259732151,0.13136400577283996,0.071422034498507,0.3133784387014548,"[0, 1]",0.9285779655014931,0.9427061215511582,-1.1102230246251565e-16,0.0,0,${EXPERIMENT_ROOT}\part11_dcss_innovation\predictions\main_comparison\internal\phiusiil\s3\r03\lr\f_dcss_10.parquet
0.9794247911644336,0.9786262392360005,,phiusiil,,429,305,0.0151537735380334,0.0088455000000067,2.479536917644986e-07,0.9790607144787218,lr,20261004,20127,15547,35674,,0.9948265779729346,0.9802243402710238,0.972406252010034,r03,0.9931114035509812,S3-domain,s3,lr_c01,"{""C"": 0.1, ""class_weight"": null}",0.95,19822,,15118,16.50541629999998,0.981175016268929,0.9915947516394128,f_dcss_15,15,"[""hostname_length"", ""path_segment_count"", ""letter_count"", ""path_length"", ""url_length"", ""dot_count"", ""query_length"", ""token_mean_length"", ""question_mark_count"", ""slash_count"", ""token_max_length"", ""hyphen_count"", ""longest_repeated_char_run"", ""digit_count"", ""registrable_domain_length""]",,,,,,,0.04241473075859685,0.10454838356582911,0.00688859644901879,0.21631006906597866,"[0, 1]",0.9931114035509813,0.9948265779729346,1.1102230246251565e-16,0.0,0,${EXPERIMENT_ROOT}\part11_dcss_innovation\predictions\main_comparison\internal\phiusiil\s3\r03\lr\f_dcss_15.parquet
0.9816112574984582,0.980029699425628,,phiusiil,,502,154,0.0076514135241218,0.040742899999941,1.1420894769283252e-06,0.9812535258366656,lr,20261004,20127,15547,35674,,0.9940999416600456,0.98986775445753,0.967710812375378,r03,0.9912978648488128,S3-domain,s3,lr_c01,"{""C"": 0.1, ""class_weight"": null}",0.95,19973,,15045,18.33851119999997,0.9833912429034428,0.989710770106096,f_dcss_20,20,"[""hostname_length"", ""path_segment_count"", ""letter_count"", ""path_length"", ""url_length"", ""dot_count"", ""query_length"", ""token_mean_length"", ""question_mark_count"", ""slash_count"", ""token_max_length"", ""hyphen_count"", ""digit_count"", ""longest_repeated_char_run"", ""registrable_domain_length"", ""char_type_transition_count"", ""special_char_ratio"", ""digit_ratio"", ""query_parameter_count"", ""subdomain_depth""]",,,,,,,0.04092855802027177,0.0997537604561421,0.00870213515118727,0.19636174542908058,"[0, 1]",0.9912978648488128,0.9940999416600457,0.0,1.1102230246251565e-16,0,${EXPERIMENT_ROOT}\part11_dcss_innovation\predictions\main_comparison\internal\phiusiil\s3\r03\lr\f_dcss_20.parquet
0.976649660817402,0.9740152779576324,,phiusiil,,723,110,0.0054652953743727,0.0159032000000252,4.457924538886923e-07,0.9761441530072708,lr,20261004,20127,15547,35674,,0.991060048093762,0.9926342573992232,0.953495851289638,r03,0.9873716114418474,S3-domain,s3,lr_c1,"{""C"": 1.0, ""class_weight"": null}",0.92,20017,,14824,21.476601000000077,0.9777552276607542,0.985156161832615,f_mi,15,"[""longest_repeated_char_run"", ""subdomain_depth"", ""char_type_transition_count"", ""letter_ratio"", ""token_count"", ""special_char_ratio"", ""special_char_count"", ""path_length"", ""url_char_entropy"", ""path_segment_count"", ""token_mean_length"", ""dot_count"", ""url_length"", ""slash_count"", ""letter_count""]",,,,,,,0.06457352051583107,0.14315238563280946,0.012628388558152608,0.2578822729013268,,0.9873716114418474,0.9910600480937621,0.0,1.1102230246251565e-16,0,${EXPERIMENT_ROOT}\part8_traditional_baselines_and_error_analysis\predictions\internal\phiusiil\s3\r03\lr\f_mi.parquet
0.9797051073611032,0.9781135592039368,,phiusiil,,533,191,0.0094897401500472,0.0092286999999942,2.586954084205361e-07,0.9793112732153556,lr,20261004,20127,15547,35674,,0.9927194024172726,0.987438342650444,0.9657168585579212,r03,0.9888227284242328,S3-domain,s3,lr_c1_balanced,"{""C"": 1.0, ""class_weight"": ""balanced""}",0.94,19936,,15014,28.090071400000056,0.9826399623661172,0.9846453170681072,f_permutation,15,"[""hostname_length"", ""path_segment_count"", ""letter_count"", ""path_length"", ""token_mean_length"", ""url_length"", ""query_length"", ""longest_repeated_char_run"", ""slash_count"", ""dot_count"", ""token_max_length"", ""subdomain_depth"", ""hyphen_count"", ""question_mark_count"", ""special_char_ratio""]",,,,,,,0.04357867790705149,0.09757494102524161,0.011177271575767238,0.21866962160854678,,0.9888227284242328,0.9927194024172726,0.0,0.0,0,${EXPERIMENT_ROOT}\part8_traditional_baselines_and_error_analysis\predictions\internal\phiusiil\s3\r03\lr\f_permutation.parquet
0.97676178729607,0.9744000604203444,,phiusiil,,684,145,0.0072042529934913,0.0121334000000388,3.401188540684762e-07,0.976273241761332,lr,20261004,20127,15547,35674,20260905.0,0.991212356233112,0.990338486140725,0.9560043738341802,r03,0.987737575663208,S3-domain,s3,lr_c01,"{""C"": 0.1, ""class_weight"": null}",0.88,19982,20.57451160000005,14863,19.64778690000003,0.9818193951682412,0.9867646369147371,f_single,15,"[""hostname_length"", ""letter_count"", ""path_segment_count"", ""path_length"", ""url_length"", ""slash_count"", ""dot_count"", ""query_length"", ""token_mean_length"", ""token_max_length"", ""longest_repeated_char_run"", ""question_mark_count"", ""hyphen_count"", ""digit_ratio"", ""special_char_ratio""]",0.000781800000027,0.0070373999999446,200.0,200.0,3.5186999999723414e-05,raw_log_odds,0.04058818110186438,0.09913327707420151,0.012262424336792178,0.19300157937354373,,0.987737575663208,0.9912123572503934,0.0,1.0172813702524763e-09,0,${EXPERIMENT_ROOT}\part6_stable_feature_selection\predictions\phiusiil\s3\r03\lr\f_single.parquet
0.9765095027190672,0.9743374826173348,,phiusiil,,662,176,0.0087444725989963,0.0256646999999929,7.19423109267057e-07,0.9760260359768742,lr,20261004,20127,15547,35674,20260905.0,0.990708681557137,0.9883141889648762,0.9574194378336656,r03,0.9859688591133828,S3-domain,s3,lr_c1,"{""C"": 1.0, ""class_weight"": null}",0.9,19951,29.058775500000024,14885,27.011026300000022,0.9801629941839706,0.981996784401556,f_stable,13,"[""letter_count"", ""hostname_length"", ""path_segment_count"", ""path_length"", ""url_length"", ""query_length"", ""slash_count"", ""dot_count"", ""token_mean_length"", ""token_max_length"", ""question_mark_count"", ""longest_repeated_char_run"", ""hyphen_count""]",0.0016250999999556,0.0119564999999965,200.0,200.0,5.978249999998298e-05,raw_log_odds,0.03676429721429358,0.07816271194196557,0.01403114088661717,0.1918902582623184,,0.9859688591133828,0.9907086869330506,0.0,5.375913603167248e-09,0,${EXPERIMENT_ROOT}\part6_stable_feature_selection\predictions\phiusiil\s3\r03\lr\f_stable.parquet
0.9918988619162415,0.992147306234024,master,phiusiil,PhiUSIIL,92,197,0.0097878471704675,0.2365022000001317,6.629539720808762e-06,0.9917693479190254,rf,20261004,20127,15547,35674,20260905.0,0.9992726994305916,0.987413749041656,0.9940824596385156,r03,0.9994068906414167,S3-domain,s3,rf_depth24_leaf2,"{""class_weight"": null, ""max_depth"": 24, ""max_features"": ""sqrt"", ""min_samples_leaf"": 2, ""n_estimators"": 200}",0.8,19930,114.5304947999998,15455,114.04151980000006,0.9892331090702328,0.9991537816419632,f_all,35,"[""url_length"", ""hostname_length"", ""path_length"", ""query_length"", ""fragment_length"", ""digit_count"", ""letter_count"", ""special_char_count"", ""digit_ratio"", ""letter_ratio"", ""special_char_ratio"", ""dot_count"", ""hyphen_count"", ""underscore_count"", ""slash_count"", ""question_mark_count"", ""equals_sign_count"", ""percent_sign_count"", ""at_sign_count"", ""subdomain_depth"", ""path_segment_count"", ""query_parameter_count"", ""has_port"", ""has_userinfo"", ""host_is_ip"", ""tld_length"", ""registrable_domain_length"", ""domain_digit_ratio"", ""domain_hyphen_ratio"", ""url_char_entropy"", ""longest_repeated_char_run"", ""char_type_transition_count"", ""token_count"", ""token_mean_length"", ""token_max_length""]",0.0425239000001056,33.99008739999999,200.0,200.0,0.1699504369999999,positive_class_probability,0.0163002607558026,0.04542482802310736,0.0005931029670603001,0.07122639429928634,,0.9994068970329397,0.999272706451878,6.391522977544639e-09,7.021286441144525e-09,0,${EXPERIMENT_ROOT}\part4_baseline_models\predictions\internal\phiusiil\s3\r03\rf.parquet
0.9940012333912652,0.9940763397553214,,phiusiil,,83,131,0.0065086699458438,0.0781653999999889,2.191102763917389e-06,0.9939028312839572,rf,20261004,20127,15547,35674,,0.9995300563298816,0.9915998717537672,0.9946613494564868,r03,0.9995948126003724,S3-domain,s3,rf_depth24_leaf2,"{""class_weight"": null, ""max_depth"": 24, ""max_features"": ""sqrt"", ""min_samples_leaf"": 2, ""n_estimators"": 200}",0.79,19996,,15464,44.01082699999995,0.9933357372295916,0.9994564694917912,f_dcss_10,10,"[""hostname_length"", ""longest_repeated_char_run"", ""registrable_domain_length"", ""url_length"", ""letter_ratio"", ""special_char_ratio"", ""token_max_length"", ""token_mean_length"", ""letter_count"", ""subdomain_depth""]",,,,,,,0.009218793035945553,0.023498416737183957,0.0004051873996277071,0.041105751963962094,"[0, 1]",0.9995948126003723,0.9995300563298817,-1.1102230246251565e-16,1.1102230246251565e-16,0,${EXPERIMENT_ROOT}\part11_dcss_innovation\predictions\main_comparison\internal\phiusiil\s3\r03\rf\f_dcss_10.parquet
0.9917026405785726,0.9919075458284417,,phiusiil,,101,195,0.0096884781636607,0.0772391999998944,2.1651398777791805e-06,0.9915693261326888,rf,20261004,20127,15547,35674,,0.999361093216536,0.9875327664471582,0.993503569820544,r03,0.9994594752983444,S3-domain,s3,rf_depth24_leaf2,"{""class_weight"": null, ""max_depth"": 24, ""max_features"": ""sqrt"", ""min_samples_leaf"": 2, ""n_estimators"": 200}",0.74,19932,,15446,40.18829800000003,0.991173413796395,0.9992590033094328,f_dcss_15,15,"[""hostname_length"", ""longest_repeated_char_run"", ""registrable_domain_length"", ""url_length"", ""letter_ratio"", ""special_char_ratio"", ""token_max_length"", ""token_mean_length"", ""letter_count"", ""char_type_transition_count"", ""path_length"", ""digit_ratio"", ""digit_count"", ""path_segment_count"", ""subdomain_depth""]",,,,,,,0.010718034588079548,0.02942559544743807,0.000540524701655766,0.04966863992365224,"[0, 1]",0.9994594752983443,0.9993610932165361,-1.1102230246251565e-16,1.1102230246251565e-16,0,${EXPERIMENT_ROOT}\part11_dcss_innovation\predictions\main_comparison\internal\phiusiil\s3\r03\rf\f_dcss_15.parquet
0.9920109883949094,0.9918807605537728,,phiusiil,,142,143,0.0071048839866845,0.0896494000000984,2.513017884176108e-06,0.9918771608457356,rf,20261004,20127,15547,35674,,0.9990533414596272,0.9908026755852842,0.9908664050942304,r03,0.999283088440375,S3-domain,s3,rf_depth24_leaf2,"{""class_weight"": null, ""max_depth"": 24, ""max_features"": ""sqrt"", ""min_samples_leaf"": 2, ""n_estimators"": 200}",0.83,19984,,15405,44.32372039999996,0.9896830190393484,0.9991651737988086,f_dcss_20,20,"[""hostname_length"", ""longest_repeated_char_run"", ""registrable_domain_length"", ""url_length"", ""letter_ratio"", ""special_char_ratio"", ""token_max_length"", ""token_mean_length"", ""letter_count"", ""char_type_transition_count"", ""path_length"", ""digit_ratio"", ""digit_count"", ""path_segment_count"", ""subdomain_depth"", ""token_count"", ""special_char_count"", ""dot_count"", ""domain_hyphen_ratio"", ""tld_length""]",,,,,,,0.013166726936293057,0.03084193831791034,0.0007169115596249232,0.05733603936334786,"[0, 1]",0.999283088440375,0.9990533414596272,0.0,0.0,0,${EXPERIMENT_ROOT}\part11_dcss_innovation\predictions\main_comparison\internal\phiusiil\s3\r03\rf\f_dcss_20.parquet
0.9673711947076302,0.9638238716280008,,phiusiil,,992,172,0.0085457345853828,0.0866340999999693,2.4284941413906287e-06,0.9666060353628096,rf,20261004,20127,15547,35674,,0.9927255192828068,0.9883207713723092,0.9361934778413842,r03,0.993058013562166,S3-domain,s3,rf_depth16_leaf1,"{""class_weight"": null, ""max_depth"": 16, ""max_features"": ""sqrt"", ""min_samples_leaf"": 1, ""n_estimators"": 200}",0.95,19955,,14555,59.21408359999998,0.9720673820545874,0.9940823273499616,f_mi,15,"[""longest_repeated_char_run"", ""subdomain_depth"", ""char_type_transition_count"", ""letter_ratio"", ""token_count"", ""special_char_ratio"", ""special_char_count"", ""path_length"", ""url_char_entropy"", ""path_segment_count"", ""token_mean_length"", ""dot_count"", ""url_length"", ""slash_count"", ""letter_count""]",,,,,,,0.06009543425487354,0.13269666402410515,0.006941986437833907,0.23140746845151783,,0.993058013562166,0.9927255192828068,0.0,0.0,0,${EXPERIMENT_ROOT}\part8_traditional_baselines_and_error_analysis\predictions\internal\phiusiil\s3\r03\rf\f_mi.parquet
0.9919268935359083,0.9916964593925506,,phiusiil,,157,131,0.0065086699458438,0.0984150000000454,2.7587318495275395e-06,0.9917900306199592,rf,20261004,20127,15547,35674,,0.9992952293317292,0.991559822176406,0.9899015887309448,r03,0.9994305296889292,S3-domain,s3,rf_depth24_leaf2,"{""class_weight"": null, ""max_depth"": 24, ""max_features"": ""sqrt"", ""min_samples_leaf"": 2, ""n_estimators"": 200}",0.85,19996,,15390,47.44609199999991,0.9907928291077898,0.9992112744862508,f_permutation,15,"[""longest_repeated_char_run"", ""hostname_length"", ""letter_ratio"", ""registrable_domain_length"", ""subdomain_depth"", ""special_char_ratio"", ""url_length"", ""token_mean_length"", ""letter_count"", ""token_max_length"", ""tld_length"", ""digit_ratio"", ""digit_count"", ""char_type_transition_count"", ""dot_count""]",,,,,,,0.012554175784391802,0.03066695788886997,0.0005694703110708364,0.053986392933066854,,0.9994305296889292,0.9992952293317292,0.0,0.0,0,${EXPERIMENT_ROOT}\part8_traditional_baselines_and_error_analysis\predictions\internal\phiusiil\s3\r03\rf\f_permutation.parquet
0.9917587038179068,0.9919279571568804,,phiusiil,,105,189,0.0093903711432404,0.072467999999958,2.0313954140258453e-06,0.991625689606778,rf,20261004,20127,15547,35674,20260905.0,0.9991551690429196,0.9879086430810567,0.9932462854570012,r03,0.9993162556506776,S3-domain,s3,rf_depth24_leaf2,"{""class_weight"": null, ""max_depth"": 24, ""max_features"": ""sqrt"", ""min_samples_leaf"": 2, ""n_estimators"": 200}",0.74,19938,76.74068439999996,15442,59.91761589999999,0.9911154576522224,0.9991902924660973,f_single,15,"[""longest_repeated_char_run"", ""hostname_length"", ""subdomain_depth"", ""letter_ratio"", ""registrable_domain_length"", ""url_length"", ""path_length"", ""path_segment_count"", ""token_max_length"", ""char_type_transition_count"", ""token_mean_length"", ""digit_ratio"", ""digit_count"", ""letter_count"", ""special_char_ratio""]",0.0300067000000581,16.062378100000046,200.0,200.0,0.0803118905000002,positive_class_probability,0.010773433143688279,0.027882013031671905,0.0006837379577995717,0.049948116081456155,,0.9993162620422005,0.9991551833860371,6.391522866522337e-09,1.4343117582527043e-08,0,${EXPERIMENT_ROOT}\part6_stable_feature_selection\predictions\phiusiil\s3\r03\rf\f_single.parquet
0.9921791781129112,0.992300590932406,,phiusiil,,105,174,0.0086451035921895,0.071329999999989,1.9994954308456864e-06,0.9920520929596104,rf,20261004,20127,15547,35674,20260905.0,0.9992625813593176,0.9888575819672132,0.9932462854570012,r03,0.9994207554525067,S3-domain,s3,rf_depth24_leaf2,"{""class_weight"": null, ""max_depth"": 24, ""max_features"": ""sqrt"", ""min_samples_leaf"": 2, ""n_estimators"": 200}",0.76,19953,57.055799699999966,15442,41.53291180000008,0.9911712758169802,0.9992833007188504,f_stable,14,"[""longest_repeated_char_run"", ""hostname_length"", ""subdomain_depth"", ""registrable_domain_length"", ""letter_ratio"", ""path_length"", ""url_length"", ""char_type_transition_count"", ""path_segment_count"", ""token_mean_length"", ""token_max_length"", ""special_char_ratio"", ""digit_ratio"", ""digit_count""]",0.0369183000000248,14.763039400000023,200.0,200.0,0.0738151970000001,positive_class_probability,0.011112291690147737,0.029861883642932782,0.0005792445474932669,0.051570137279242964,,0.9994207554525067,0.9992626258825497,0.0,4.4523232101134624e-08,0,${EXPERIMENT_ROOT}\part6_stable_feature_selection\predictions\phiusiil\s3\r03\rf\f_stable.parquet
0.9948982452206088,0.9947907905786229,master,phiusiil,PhiUSIIL,94,88,0.0043722362994981,0.0340168999998695,9.53548803046184e-07,0.9948125175295218,xgb,20261004,20127,15547,35674,20260905.0,0.9995722276498012,0.9943375587156552,0.993953817456744,r03,0.9995437970623212,S3-domain,s3,xgb_d6_lr01_balanced,"{""colsample_bytree"": 0.9, ""learning_rate"": 0.1, ""max_depth"": 6, ""n_estimators"": 200, ""reg_lambda"": 1.0, ""scale_pos_weight"": 1.3542785150825352, ""subsample"": 0.9}",0.74,20039,25.590463,15453,25.448028599999816,0.992872919247226,0.9995417780525616,f_all,35,"[""url_length"", ""hostname_length"", ""path_length"", ""query_length"", ""fragment_length"", ""digit_count"", ""letter_count"", ""special_char_count"", ""digit_ratio"", ""letter_ratio"", ""special_char_ratio"", ""dot_count"", ""hyphen_count"", ""underscore_count"", ""slash_count"", ""question_mark_count"", ""equals_sign_count"", ""percent_sign_count"", ""at_sign_count"", ""subdomain_depth"", ""path_segment_count"", ""query_parameter_count"", ""has_port"", ""has_userinfo"", ""host_is_ip"", ""tld_length"", ""registrable_domain_length"", ""domain_digit_ratio"", ""domain_hyphen_ratio"", ""url_char_entropy"", ""longest_repeated_char_run"", ""char_type_transition_count"", ""token_count"", ""token_mean_length"", ""token_max_length""]",0.0779330999998819,0.0628235999997741,200.0,200.0,0.0003141179999988,raw_margin,0.007417955442290375,0.01998782975939282,0.00045620293767879383,0.03354536364589944,,0.9995437970623211,0.9995722276498012,-1.1102230246251565e-16,0.0,0,${EXPERIMENT_ROOT}\part4_baseline_models\predictions\internal\phiusiil\s3\r03\xgb.parquet
0.9936368223355946,0.9933216111524712,,phiusiil,,142,85,0.004223182789288,0.0282187000000249,7.910158658974298e-07,0.9935274657522746,xgb,20261004,20127,15547,35674,,0.999426538308188,0.9945125887669464,0.9908664050942304,r03,0.9993860478851812,S3-domain,s3,xgb_d6_lr01_balanced,"{""colsample_bytree"": 0.9, ""learning_rate"": 0.1, ""max_depth"": 6, ""n_estimators"": 200, ""reg_lambda"": 1.0, ""scale_pos_weight"": 1.3542785150825352, ""subsample"": 0.9}",0.76,20042,,15405,16.983064199999944,0.9931853513577356,0.999466968490758,f_dcss_10,10,"[""hostname_length"", ""url_length"", ""longest_repeated_char_run"", ""path_length"", ""token_max_length"", ""registrable_domain_length"", ""dot_count"", ""subdomain_depth"", ""token_mean_length"", ""letter_count""]",,,,,,,0.007179915778898766,0.017205172668223117,0.0006139521148189502,0.03343702243243697,"[0, 1]",0.9993860478851812,0.999426538308188,0.0,0.0,0,${EXPERIMENT_ROOT}\part11_dcss_innovation\predictions\main_comparison\internal\phiusiil\s3\r03\xgb\f_dcss_10.parquet
0.994730055502607,0.9943855967874724,,phiusiil,,129,59,0.0029313857007999,0.030031400000098,8.418287828698233e-07,0.9946389697294103,xgb,20261004,20127,15547,35674,,0.9995849636443018,0.9961878917102798,0.9917025792757446,r03,0.9995792939827272,S3-domain,s3,xgb_d6_lr01_balanced,"{""colsample_bytree"": 0.9, ""learning_rate"": 0.1, ""max_depth"": 6, ""n_estimators"": 200, ""reg_lambda"": 1.0, ""scale_pos_weight"": 1.3542785150825352, ""subsample"": 0.9}",0.81,20068,,15418,17.17055060000007,0.99335573943354,0.9994842500571588,f_dcss_15,15,"[""hostname_length"", ""url_length"", ""longest_repeated_char_run"", ""path_length"", ""token_max_length"", ""registrable_domain_length"", ""dot_count"", ""token_mean_length"", ""letter_count"", ""letter_ratio"", ""subdomain_depth"", ""char_type_transition_count"", ""digit_count"", ""special_char_ratio"", ""slash_count""]",,,,,,,0.006937907064404519,0.018388800664273442,0.00042070601727272423,0.03229473126676676,"[0, 1]",0.9995792939827273,0.9995849636443018,1.1102230246251565e-16,0.0,0,${EXPERIMENT_ROOT}\part11_dcss_innovation\predictions\main_comparison\internal\phiusiil\s3\r03\xgb\f_dcss_15.parquet
0.9941974547289344,0.9940453232924809,,phiusiil,,111,96,0.0047697123267252,0.0304897000000892,8.546756741629538e-07,0.9940995617177592,xgb,20261004,20127,15547,35674,,0.9995164569414194,0.9938192119495236,0.9928603589116872,r03,0.9994418059332372,S3-domain,s3,xgb_d6_lr01_balanced,"{""colsample_bytree"": 0.9, ""learning_rate"": 0.1, ""max_depth"": 6, ""n_estimators"": 200, ""reg_lambda"": 1.0, ""scale_pos_weight"": 1.3542785150825352, ""subsample"": 0.9}",0.77,20031,,15436,17.163513400000056,0.9935004857004356,0.999547021959822,f_dcss_20,20,"[""hostname_length"", ""url_length"", ""longest_repeated_char_run"", ""path_length"", ""token_max_length"", ""registrable_domain_length"", ""dot_count"", ""token_mean_length"", ""letter_count"", ""letter_ratio"", ""subdomain_depth"", ""char_type_transition_count"", ""digit_count"", ""special_char_ratio"", ""slash_count"", ""tld_length"", ""domain_hyphen_ratio"", ""path_segment_count"", ""url_char_entropy"", ""digit_ratio""]",,,,,,,0.007863283267410892,0.02054400068820726,0.0005581940667626963,0.03528147023294074,"[0, 1]",0.9994418059332373,0.9995164569414194,1.1102230246251565e-16,0.0,0,${EXPERIMENT_ROOT}\part11_dcss_innovation\predictions\main_comparison\internal\phiusiil\s3\r03\xgb\f_dcss_20.parquet
0.978387621236755,0.9761702342373948,,phiusiil,,639,132,0.0065583544492472,0.0345091000000366,9.67345966250956e-07,0.9779390366656356,xgb,20261004,20127,15547,35674,,0.9953851610656708,0.9912234042553192,0.9588988229240368,r03,0.9949292836950918,S3-domain,s3,xgb_d6_lr005,"{""colsample_bytree"": 0.9, ""learning_rate"": 0.05, ""max_depth"": 6, ""n_estimators"": 250, ""reg_lambda"": 1.0, ""scale_pos_weight"": 1.0, ""subsample"": 0.9}",0.94,19995,,14908,19.836539000000016,0.9838129925034308,0.9957574201862934,f_mi,15,"[""longest_repeated_char_run"", ""subdomain_depth"", ""char_type_transition_count"", ""letter_ratio"", ""token_count"", ""special_char_ratio"", ""special_char_count"", ""path_length"", ""url_char_entropy"", ""path_segment_count"", ""token_mean_length"", ""dot_count"", ""url_length"", ""slash_count"", ""letter_count""]",,,,,,,0.06057756943976562,0.13731994400196773,0.005070716304908226,0.2303476984237291,,0.9949292836950918,0.9953851610656707,0.0,-1.1102230246251565e-16,0,${EXPERIMENT_ROOT}\part8_traditional_baselines_and_error_analysis\predictions\internal\phiusiil\s3\r03\xgb\f_mi.parquet
0.994870213600942,0.9945317629272042,,phiusiil,,126,57,0.0028320166939931,0.0282717000000047,7.925015417392158e-07,0.9947815891111188,xgb,20261004,20127,15547,35674,,0.999461623208815,0.996317353663264,0.9918955425484016,r03,0.9993657164507788,S3-domain,s3,xgb_d6_lr01_balanced,"{""colsample_bytree"": 0.9, ""learning_rate"": 0.1, ""max_depth"": 6, ""n_estimators"": 200, ""reg_lambda"": 1.0, ""scale_pos_weight"": 1.3542785150825352, ""subsample"": 0.9}",0.84,20070,,15421,17.893405400000006,0.9933834171597976,0.9995103433690022,f_permutation,15,"[""hostname_length"", ""url_length"", ""longest_repeated_char_run"", ""token_max_length"", ""subdomain_depth"", ""path_length"", ""registrable_domain_length"", ""dot_count"", ""digit_count"", ""tld_length"", ""char_type_transition_count"", ""slash_count"", ""url_char_entropy"", ""letter_ratio"", ""domain_digit_ratio""]",,,,,,,0.007775036971674226,0.020174195965517713,0.0006342835492212388,0.03494727175625797,,0.9993657164507788,0.999461623208815,0.0,0.0,0,${EXPERIMENT_ROOT}\part8_traditional_baselines_and_error_analysis\predictions\internal\phiusiil\s3\r03\xgb\f_permutation.parquet
0.9945058025452712,0.994296633179976,,phiusiil,,114,82,0.0040741292790778,0.0278379999999742,7.803442282887894e-07,0.9944124127771988,xgb,20261004,20127,15547,35674,20260905.0,0.999557137882367,0.994714792136642,0.99266739563903,r03,0.999533513101946,S3-domain,s3,xgb_d6_lr01_balanced,"{""colsample_bytree"": 0.9, ""learning_rate"": 0.1, ""max_depth"": 6, ""n_estimators"": 200, ""reg_lambda"": 1.0, ""scale_pos_weight"": 1.3542785150825352, ""subsample"": 0.9}",0.71,20045,16.803148899999997,15433,16.113587499999994,0.993786283148002,0.9995408912857944,f_single,15,"[""hostname_length"", ""longest_repeated_char_run"", ""url_length"", ""path_length"", ""subdomain_depth"", ""registrable_domain_length"", ""token_max_length"", ""dot_count"", ""char_type_transition_count"", ""slash_count"", ""digit_count"", ""token_mean_length"", ""letter_ratio"", ""letter_count"", ""special_char_ratio""]",0.0358757000000196,0.021757999999977,200.0,200.0,0.0001087899999998,raw_margin,0.006566867453382816,0.017160778844659334,0.00046648689805391986,0.031251213391723785,,0.999533513101946,0.999557137882367,0.0,0.0,0,${EXPERIMENT_ROOT}\part6_stable_feature_selection\predictions\phiusiil\s3\r03\xgb\f_single.parquet
0.994533834164938,0.9943287937254188,,phiusiil,,113,82,0.0040741292790778,0.0288381000000299,8.083786511193012e-07,0.9944409618473816,xgb,20261004,20127,15547,35674,20260905.0,0.9995774830898764,0.9947151327661768,0.9927317167299158,r03,0.9995741040661178,S3-domain,s3,xgb_d6_lr01_balanced,"{""colsample_bytree"": 0.9, ""learning_rate"": 0.1, ""max_depth"": 6, ""n_estimators"": 200, ""reg_lambda"": 1.0, ""scale_pos_weight"": 1.3542785150825352, ""subsample"": 0.9}",0.72,20045,17.18243319999999,15434,16.421826699999997,0.9935578782643564,0.9994596538632629,f_stable,14,"[""hostname_length"", ""longest_repeated_char_run"", ""url_length"", ""path_length"", ""registrable_domain_length"", ""subdomain_depth"", ""token_max_length"", ""char_type_transition_count"", ""dot_count"", ""letter_ratio"", ""token_mean_length"", ""digit_count"", ""slash_count"", ""letter_count""]",0.1002225999999382,0.0208207000000584,200.0,200.0,0.0001041035000002,raw_margin,0.007236126465086114,0.018745103656597987,0.0004258959338821729,0.03341318700758171,,0.9995741040661178,0.9995774830898763,0.0,-1.1102230246251565e-16,0,${EXPERIMENT_ROOT}\part6_stable_feature_selection\predictions\phiusiil\s3\r03\xgb\f_stable.parquet
0.9879187105816398,0.9879980176432778,master,phiusiil,PhiUSIIL,177,254,0.0126198638644606,0.0388374999999996,1.0886475122634796e-06,0.9877232009465484,lr,20261005,20127,15548,35675,20260906.0,0.9958062373070278,0.983744,0.9886158991510162,r04,0.9936740119970628,S3-domain,s3,lr_c1,"{""C"": 1.0, ""class_weight"": null}",0.81,19873,42.63047449999999,15371,42.39782300000002,0.9884628817863872,0.9948440175836036,f_all,35,"[""url_length"", ""hostname_length"", ""path_length"", ""query_length"", ""fragment_length"", ""digit_count"", ""letter_count"", ""special_char_count"", ""digit_ratio"", ""letter_ratio"", ""special_char_ratio"", ""dot_count"", ""hyphen_count"", ""underscore_count"", ""slash_count"", ""question_mark_count"", ""equals_sign_count"", ""percent_sign_count"", ""at_sign_count"", ""subdomain_depth"", ""path_segment_count"", ""query_parameter_count"", ""has_port"", ""has_userinfo"", ""host_is_ip"", ""tld_length"", ""registrable_domain_length"", ""domain_digit_ratio"", ""domain_hyphen_ratio"", ""url_char_entropy"", ""longest_repeated_char_run"", ""char_type_transition_count"", ""token_count"", ""token_mean_length"", ""token_max_length""]",0.0018506999999772,0.0066250999998374,200.0,200.0,3.3125499999187e-05,raw_log_odds,0.018068535474213707,0.045001307532626156,0.0063378546998363785,0.11491239551929046,,0.9936621453001635,0.9957482356185476,-1.1866696899343054e-05,-5.800168848013598e-05,0,${EXPERIMENT_ROOT}\part4_baseline_models\predictions\internal\phiusiil\s3\r04\lr.parquet
0.8969586545199719,0.8964617865389355,,phiusiil,,1670,2006,0.0996671138271973,0.0056700000000091,1.5893482831139925e-07,0.8954801699554333,lr,20261005,20127,15548,35675,,0.9372459166075604,0.8737093930999749,0.8925906869050682,r04,0.9206335594802691,S3-domain,s3,lr_c1,"{""C"": 1.0, ""class_weight"": null}",0.32,18121,,13878,14.924966499999982,0.9053272636840236,0.9312557387686664,f_dcss_10,10,"[""hostname_length"", ""letter_count"", ""path_segment_count"", ""path_length"", ""query_length"", ""url_length"", ""question_mark_count"", ""dot_count"", ""token_mean_length"", ""digit_count""]",,,,,,,0.08848659746667174,0.10154680816385091,0.07936644051973085,0.31558155859122766,"[0, 1]",0.9206335594802691,0.9372459166075603,0.0,-1.1102230246251565e-16,0,${EXPERIMENT_ROOT}\part11_dcss_innovation\predictions\main_comparison\internal\phiusiil\s3\r04\lr\f_dcss_10.parquet
0.9768185003503854,0.9738365968331606,,phiusiil,,768,59,0.0029313857007999,0.0069343000000117,1.943742116331245e-07,0.9762977316915832,lr,20261005,20127,15548,35675,,0.9895417455570824,0.996023990834962,0.9506045793671212,r04,0.9836663185683696,S3-domain,s3,lr_c01,"{""C"": 0.1, ""class_weight"": null}",0.9,20068,,14780,16.206951899999922,0.9778849956380802,0.9863403567957096,f_dcss_15,15,"[""hostname_length"", ""letter_count"", ""path_segment_count"", ""path_length"", ""query_length"", ""url_length"", ""question_mark_count"", ""dot_count"", ""token_mean_length"", ""digit_count"", ""hyphen_count"", ""slash_count"", ""token_max_length"", ""longest_repeated_char_run"", ""char_type_transition_count""]",,,,,,,0.038814951175106804,0.10005997190202374,0.016333681431630526,0.20293024111824734,"[0, 1]",0.9836663185683695,0.9895417455570823,-1.1102230246251565e-16,-1.1102230246251565e-16,0,${EXPERIMENT_ROOT}\part11_dcss_innovation\predictions\main_comparison\internal\phiusiil\s3\r04\lr\f_dcss_15.parquet
0.9834337771548703,0.983116045437175,,phiusiil,,301,290,0.0144085059869826,0.0091293000000405,2.559018920824255e-07,0.983154927382031,lr,20261005,20127,15548,35675,,0.9947960171880396,0.9813348780330824,0.9806405968613326,r04,0.9921064703884642,S3-domain,s3,lr_c1,"{""C"": 1.0, ""class_weight"": null}",0.95,19837,,15247,18.043577899999946,0.9802653773793366,0.993291355280858,f_dcss_20,20,"[""hostname_length"", ""letter_count"", ""path_segment_count"", ""path_length"", ""query_length"", ""url_length"", ""question_mark_count"", ""dot_count"", ""token_mean_length"", ""digit_count"", ""hyphen_count"", ""slash_count"", ""token_max_length"", ""query_parameter_count"", ""longest_repeated_char_run"", ""char_type_transition_count"", ""special_char_ratio"", ""registrable_domain_length"", ""digit_ratio"", ""equals_sign_count""]",,,,,,,0.032806562986132166,0.06608842137690901,0.007893529611535825,0.18349146716115833,"[0, 1]",0.9921064703884642,0.9947960171880397,0.0,1.1102230246251565e-16,0,${EXPERIMENT_ROOT}\part11_dcss_innovation\predictions\main_comparison\internal\phiusiil\s3\r04\lr\f_dcss_20.parquet
0.97687456201822,0.974917869100034,,phiusiil,,627,198,0.0098375316738709,0.0065002000000049,1.8220602662943106e-07,0.9764096889964248,lr,20261005,20127,15548,35675,,0.988872837279446,0.9869038957603016,0.9596732698739388,r04,0.985188222845134,S3-domain,s3,lr_c1_balanced,"{""C"": 1.0, ""class_weight"": ""balanced""}",0.93,19929,,14921,15.430280799999991,0.976776133858724,0.9875326362744832,f_mi,15,"[""longest_repeated_char_run"", ""subdomain_depth"", ""char_type_transition_count"", ""letter_ratio"", ""token_count"", ""special_char_count"", ""special_char_ratio"", ""path_length"", ""url_char_entropy"", ""path_segment_count"", ""token_mean_length"", ""url_length"", ""slash_count"", ""dot_count"", ""letter_count""]",,,,,,,0.08404841646269864,0.17757577566431634,0.014811777154865927,0.3201560609320524,,0.9851882228451341,0.988872837279446,1.1102230246251565e-16,0.0,0,${EXPERIMENT_ROOT}\part8_traditional_baselines_and_error_analysis\predictions\internal\phiusiil\s3\r04\lr\f_mi.parquet
0.9748002803083392,0.9741184464628514,,phiusiil,,485,414,0.0205693844090028,0.0065299999999979,1.830413454799699e-07,0.974364752941576,lr,20261005,20127,15548,35675,,0.986092555813936,0.973250629967048,0.9688062773347056,r04,0.9772554709802684,S3-domain,s3,lr_c01,"{""C"": 0.1, ""class_weight"": null}",0.71,19713,,15063,16.417108600000006,0.97833512191652,0.9863900109393792,f_permutation,15,"[""hostname_length"", ""path_length"", ""path_segment_count"", ""letter_count"", ""url_length"", ""token_mean_length"", ""longest_repeated_char_run"", ""query_length"", ""slash_count"", ""dot_count"", ""token_max_length"", ""hyphen_count"", ""question_mark_count"", ""char_type_transition_count"", ""subdomain_depth""]",,,,,,,0.045226046846318535,0.10545903594423899,0.022744529019731643,0.2444769893067202,,0.9772554709802683,0.9860925558139361,-1.1102230246251565e-16,1.1102230246251565e-16,0,${EXPERIMENT_ROOT}\part8_traditional_baselines_and_error_analysis\predictions\internal\phiusiil\s3\r04\lr\f_permutation.parquet
0.9760896986685352,0.9737028340580152,,phiusiil,,698,155,0.0077010980275252,0.0075170999999727,2.1071058163903975e-07,0.9755864506088716,lr,20261005,20127,15548,35675,20260906.0,0.9872455886148,0.9896701099633456,0.9551067661435554,r04,0.979905449635872,S3-domain,s3,lr_c01,"{""C"": 0.1, ""class_weight"": null}",0.77,19972,17.83406649999995,14850,17.137044299999957,0.975356966812921,0.9855943126746242,f_single,15,"[""letter_count"", ""hostname_length"", ""query_length"", ""url_length"", ""path_length"", ""path_segment_count"", ""slash_count"", ""token_mean_length"", ""token_max_length"", ""dot_count"", ""question_mark_count"", ""hyphen_count"", ""longest_repeated_char_run"", ""query_parameter_count"", ""char_type_transition_count""]",0.0009099999999762,0.0045774000000164,200.0,200.0,2.288700000008248e-05,raw_log_odds,0.03995018764345489,0.10035147601579825,0.02009455036412784,0.21235766357021152,,0.9799054496358722,0.987245594724011,2.220446049250313e-16,6.109210914928553e-09,0,${EXPERIMENT_ROOT}\part6_stable_feature_selection\predictions\phiusiil\s3\r04\lr\f_single.parquet
0.9789208128941836,0.9764752855897084,,phiusiil,,662,90,0.0044716053063049,0.0067187000000785,1.8833076384242666e-07,0.9784720068650768,lr,20261005,20127,15548,35675,20260906.0,0.9885704853936992,0.9939903846153846,0.9574221764857216,r04,0.9820341212768946,S3-domain,s3,lr_c1,"{""C"": 1.0, ""class_weight"": null}",0.94,20037,17.342359800000054,14886,16.65375670000003,0.9765719705372788,0.9854590984094124,f_stable,14,"[""letter_count"", ""hostname_length"", ""path_length"", ""query_length"", ""path_segment_count"", ""url_length"", ""slash_count"", ""dot_count"", ""question_mark_count"", ""token_mean_length"", ""token_max_length"", ""query_parameter_count"", ""longest_repeated_char_run"", ""hyphen_count""]",0.0007656999999881,0.004834800000026,200.0,200.0,2.417400000013004e-05,raw_log_odds,0.03674442415564621,0.07797474048434891,0.017965878723105455,0.2102033488154803,,0.9820341212768947,0.9885705057516265,1.1102230246251565e-16,2.0357927343894744e-08,0,${EXPERIMENT_ROOT}\part6_stable_feature_selection\predictions\phiusiil\s3\r04\lr\f_stable.parquet
0.988843728100911,0.9889568202296176,master,phiusiil,PhiUSIIL,158,240,0.0119242808168132,0.3944632999998703,1.1057135248770014e-05,0.9886635951520464,rf,20261005,20127,15548,35675,20260906.0,0.9990707052000968,0.9846449136276392,0.9898379212760484,r04,0.9992065386723812,S3-domain,s3,rf_depth24_leaf2,"{""class_weight"": null, ""max_depth"": 24, ""max_features"": ""sqrt"", ""min_samples_leaf"": 2, ""n_estimators"": 200}",0.79,19887,92.42327539999997,15390,91.80336750000016,0.9918246667546188,0.9992197660249452,f_all,35,"[""url_length"", ""hostname_length"", ""path_length"", ""query_length"", ""fragment_length"", ""digit_count"", ""letter_count"", ""special_char_count"", ""digit_ratio"", ""letter_ratio"", ""special_char_ratio"", ""dot_count"", ""hyphen_count"", ""underscore_count"", ""slash_count"", ""question_mark_count"", ""equals_sign_count"", ""percent_sign_count"", ""at_sign_count"", ""subdomain_depth"", ""path_segment_count"", ""query_parameter_count"", ""has_port"", ""has_userinfo"", ""host_is_ip"", ""tld_length"", ""registrable_domain_length"", ""domain_digit_ratio"", ""domain_hyphen_ratio"", ""url_char_entropy"", ""longest_repeated_char_run"", ""char_type_transition_count"", ""token_count"", ""token_mean_length"", ""token_max_length""]",0.0410307999995893,34.64919289999989,200.0,200.0,0.1732459644999994,positive_class_probability,0.016106652521587717,0.04284083177400826,0.0007934549365069229,0.07334142762702518,,0.9992065450634933,0.9990707069409988,6.391112084003225e-09,1.7409019781311486e-09,0,${EXPERIMENT_ROOT}\part4_baseline_models\predictions\internal\phiusiil\s3\r04\rf.parquet
0.9920112123335668,0.9924590360728284,,phiusiil,,63,222,0.0110299597555522,0.0669641000001775,1.8770595655270497e-06,0.991886670373668,rf,20261005,20127,15548,35675,,0.9991020570614084,0.9858661743171834,0.9959480319012092,r04,0.9992523565531246,S3-domain,s3,rf_depth24_leaf2,"{""class_weight"": null, ""max_depth"": 24, ""max_features"": ""sqrt"", ""min_samples_leaf"": 2, ""n_estimators"": 200}",0.76,19905,,15485,41.36439810000002,0.9934483863200048,0.9993166343484104,f_dcss_10,10,"[""longest_repeated_char_run"", ""hostname_length"", ""registrable_domain_length"", ""letter_ratio"", ""url_length"", ""token_mean_length"", ""special_char_ratio"", ""letter_count"", ""char_type_transition_count"", ""subdomain_depth""]",,,,,,,0.010512822255041347,0.023411614669836,0.0007476434468753847,0.04766105575364521,"[0, 1]",0.9992523565531246,0.9991020570614084,0.0,0.0,0,${EXPERIMENT_ROOT}\part11_dcss_innovation\predictions\main_comparison\internal\phiusiil\s3\r04\rf\f_dcss_10.parquet
0.9890960056061668,0.988821905456564,,phiusiil,,207,182,0.0090425796194167,0.0803639000000657,2.252667133849076e-06,0.988911324554648,rf,20261005,20127,15548,35675,,0.9990887262773026,0.9882754622173548,0.9866863905325444,r04,0.9991804597405396,S3-domain,s3,rf_depth24_leaf2,"{""class_weight"": null, ""max_depth"": 24, ""max_features"": ""sqrt"", ""min_samples_leaf"": 2, ""n_estimators"": 200}",0.84,19945,,15341,39.86318440000014,0.9923300180323312,0.9992748705397833,f_dcss_15,15,"[""longest_repeated_char_run"", ""hostname_length"", ""registrable_domain_length"", ""letter_ratio"", ""url_length"", ""token_mean_length"", ""special_char_ratio"", ""letter_count"", ""char_type_transition_count"", ""token_max_length"", ""path_length"", ""path_segment_count"", ""digit_ratio"", ""digit_count"", ""subdomain_depth""]",,,,,,,0.01157713702063163,0.02734240694491464,0.0008195402594604749,0.05281462693500044,"[0, 1]",0.9991804597405395,0.9990887262773026,-1.1102230246251565e-16,0.0,0,${EXPERIMENT_ROOT}\part11_dcss_innovation\predictions\main_comparison\internal\phiusiil\s3\r04\rf\f_dcss_15.parquet
0.9887035739313244,0.9884229003558302,,phiusiil,,214,189,0.0093903711432404,0.0790345000000343,2.215402943238523e-06,0.988512246260985,rf,20261005,20127,15548,35675,,0.9990756051388116,0.987824518456484,0.986236171854901,r04,0.9991930038952932,S3-domain,s3,rf_depth24_leaf2,"{""class_weight"": null, ""max_depth"": 24, ""max_features"": ""sqrt"", ""min_samples_leaf"": 2, ""n_estimators"": 200}",0.85,19938,,15334,44.016812800000025,0.9917592702722164,0.999333691725198,f_dcss_20,20,"[""longest_repeated_char_run"", ""hostname_length"", ""registrable_domain_length"", ""letter_ratio"", ""url_length"", ""token_mean_length"", ""special_char_ratio"", ""letter_count"", ""char_type_transition_count"", ""token_max_length"", ""path_length"", ""path_segment_count"", ""digit_ratio"", ""digit_count"", ""subdomain_depth"", ""token_count"", ""special_char_count"", ""dot_count"", ""domain_hyphen_ratio"", ""tld_length""]",,,,,,,0.012949177881654806,0.03006242278856891,0.0008069961047068116,0.05715131761615765,"[0, 1]",0.9991930038952932,0.9990756051388117,0.0,1.1102230246251565e-16,0,${EXPERIMENT_ROOT}\part11_dcss_innovation\predictions\main_comparison\internal\phiusiil\s3\r04\rf\f_dcss_20.parquet
0.9715487035739312,0.9701905250514392,,phiusiil,,628,387,0.0192279028171113,0.0833047999999507,2.3351030133132664e-06,0.9710196871165446,rf,20261005,20127,15548,35675,,0.9939549580922906,0.9747174495328934,0.9596089529199896,r04,0.9941504246465608,S3-domain,s3,rf_depth16_leaf1,"{""class_weight"": null, ""max_depth"": 16, ""max_features"": ""sqrt"", ""min_samples_leaf"": 1, ""n_estimators"": 200}",0.94,19740,,14920,41.30995359999997,0.9648698432059308,0.9918718331941372,f_mi,15,"[""longest_repeated_char_run"", ""subdomain_depth"", ""char_type_transition_count"", ""letter_ratio"", ""token_count"", ""special_char_count"", ""special_char_ratio"", ""path_length"", ""url_char_entropy"", ""path_segment_count"", ""token_mean_length"", ""url_length"", ""slash_count"", ""dot_count"", ""letter_count""]",,,,,,,0.061643722300646395,0.13637349823233297,0.005849575353439031,0.23634308193881254,,0.9941504246465609,0.9939549580922906,1.1102230246251565e-16,0.0,0,${EXPERIMENT_ROOT}\part8_traditional_baselines_and_error_analysis\predictions\internal\phiusiil\s3\r04\rf\f_mi.parquet
0.991478626489138,0.9916139058015816,,phiusiil,,114,190,0.0094400556466438,0.0821842000000288,2.3036916608277167e-06,0.991340664161254,rf,20261005,20127,15548,35675,,0.9994752354481354,0.9878392217101896,0.992667867249807,r04,0.9994728994425404,S3-domain,s3,rf_depth24_leaf2,"{""class_weight"": null, ""max_depth"": 24, ""max_features"": ""sqrt"", ""min_samples_leaf"": 2, ""n_estimators"": 200}",0.8,19937,,15434,44.50821619999999,0.9934740852574212,0.99951766372299,f_permutation,15,"[""longest_repeated_char_run"", ""hostname_length"", ""letter_ratio"", ""registrable_domain_length"", ""subdomain_depth"", ""url_length"", ""token_mean_length"", ""special_char_ratio"", ""letter_count"", ""token_max_length"", ""path_segment_count"", ""path_length"", ""domain_hyphen_ratio"", ""tld_length"", ""question_mark_count""]",,,,,,,0.012052878307789996,0.032548309377579965,0.0005271005574596167,0.05325894072506193,,0.9994728994425403,0.9994752354481354,-1.1102230246251565e-16,0.0,0,${EXPERIMENT_ROOT}\part8_traditional_baselines_and_error_analysis\predictions\internal\phiusiil\s3\r04\rf\f_permutation.parquet
0.9873861247372108,0.9866919651798424,,phiusiil,,291,159,0.0078998360411387,0.1248578999999381,3.499871058162246e-06,0.9871622594066471,rf,20261005,20127,15548,35675,20260906.0,0.9990067826019468,0.989686040477426,0.9812837664008232,r04,0.9991243345941848,S3-domain,s3,rf_depth24_leaf2,"{""class_weight"": null, ""max_depth"": 24, ""max_features"": ""sqrt"", ""min_samples_leaf"": 2, ""n_estimators"": 200}",0.87,19968,59.5812277,15257,42.96844899999997,0.9921854191739712,0.9992347685271148,f_single,15,"[""longest_repeated_char_run"", ""hostname_length"", ""subdomain_depth"", ""letter_ratio"", ""url_length"", ""registrable_domain_length"", ""token_mean_length"", ""path_segment_count"", ""letter_count"", ""path_length"", ""special_char_ratio"", ""digit_count"", ""token_max_length"", ""digit_ratio"", ""char_type_transition_count""]",0.0342783000000963,15.707277699999963,200.0,200.0,0.0785363884999998,positive_class_probability,0.011685555751570985,0.02727299582525124,0.000876496250353861,0.05332475190971694,,0.9991235037496462,0.9990041348344817,-8.308445386129293e-07,-2.6477674650582372e-06,0,${EXPERIMENT_ROOT}\part6_stable_feature_selection\predictions\phiusiil\s3\r04\rf\f_single.parquet
0.988395234758234,0.987864302801471,,phiusiil,,253,161,0.0079992050479455,0.0849718000000621,2.381830413456541e-06,0.9881928220006736,rf,20261005,20127,15548,35675,20260906.0,0.9991460187452884,0.9895833333333334,0.9837278106508875,r04,0.9992210257251328,S3-domain,s3,rf_depth24_leaf2,"{""class_weight"": null, ""max_depth"": 24, ""max_features"": ""sqrt"", ""min_samples_leaf"": 2, ""n_estimators"": 200}",0.86,19966,53.63043200000004,15295,38.80506360000004,0.9922144622541416,0.9992484767458932,f_stable,14,"[""longest_repeated_char_run"", ""hostname_length"", ""subdomain_depth"", ""letter_ratio"", ""registrable_domain_length"", ""path_length"", ""url_length"", ""char_type_transition_count"", ""token_mean_length"", ""path_segment_count"", ""special_char_ratio"", ""digit_count"", ""token_max_length"", ""digit_ratio""]",0.0322893999999678,14.082830299999957,200.0,200.0,0.0704141514999997,positive_class_probability,0.011750277549621876,0.028652759338613266,0.0007789982415367057,0.054347182749109324,,0.9992210017584633,0.9991459464635042,-2.3966669537855978e-08,-7.228178422469256e-08,0,${EXPERIMENT_ROOT}\part6_stable_feature_selection\predictions\phiusiil\s3\r04\rf\f_stable.parquet
0.9925998598458304,0.9918393922160016,master,phiusiil,PhiUSIIL,219,45,0.0022358026531524,0.0451700999999502,1.2661555711268467e-06,0.9924661308015617,xgb,20261005,20127,15548,35675,20260906.0,0.9995574387710592,0.997072980356446,0.9859145870851556,r04,0.9995284781488332,S3-domain,s3,xgb_d6_lr01_balanced,"{""colsample_bytree"": 0.9, ""learning_rate"": 0.1, ""max_depth"": 6, ""n_estimators"": 200, ""reg_lambda"": 1.0, ""scale_pos_weight"": 1.3542785150825352, ""subsample"": 0.9}",0.9,20082,44.271392700000206,15329,43.97841549999998,0.9949791358968052,0.9994583791521638,f_all,35,"[""url_length"", ""hostname_length"", ""path_length"", ""query_length"", ""fragment_length"", ""digit_count"", ""letter_count"", ""special_char_count"", ""digit_ratio"", ""letter_ratio"", ""special_char_ratio"", ""dot_count"", ""hyphen_count"", ""underscore_count"", ""slash_count"", ""question_mark_count"", ""equals_sign_count"", ""percent_sign_count"", ""at_sign_count"", ""subdomain_depth"", ""path_segment_count"", ""query_parameter_count"", ""has_port"", ""has_userinfo"", ""host_is_ip"", ""tld_length"", ""registrable_domain_length"", ""domain_digit_ratio"", ""domain_hyphen_ratio"", ""url_char_entropy"", ""longest_repeated_char_run"", ""char_type_transition_count"", ""token_count"", ""token_mean_length"", ""token_max_length""]",0.05606650000027,0.0325979999997798,200.0,200.0,0.0001629899999988,raw_margin,0.007691180434082658,0.017978292849657563,0.0004715218511666255,0.03411120277743915,,0.9995284781488333,0.9995574387710592,1.1102230246251565e-16,0.0,0,${EXPERIMENT_ROOT}\part4_baseline_models\predictions\internal\phiusiil\s3\r04\xgb.parquet
0.9920953048353188,0.9921604353390188,,phiusiil,,114,168,0.0083469965717692,0.027509099999861,7.711030133107517e-07,0.9919660525622288,xgb,20261005,20127,15548,35675,,0.999554919969674,0.9892321497243944,0.992667867249807,r04,0.9995607820236022,S3-domain,s3,xgb_d6_lr01_balanced,"{""colsample_bytree"": 0.9, ""learning_rate"": 0.1, ""max_depth"": 6, ""n_estimators"": 200, ""reg_lambda"": 1.0, ""scale_pos_weight"": 1.3542785150825352, ""subsample"": 0.9}",0.7,19959,,15434,16.363155400000096,0.9931586608177314,0.9993352736271202,f_dcss_10,10,"[""hostname_length"", ""url_length"", ""longest_repeated_char_run"", ""path_length"", ""token_max_length"", ""registrable_domain_length"", ""dot_count"", ""subdomain_depth"", ""token_mean_length"", ""letter_count""]",,,,,,,0.0077017340633500275,0.01787633975788942,0.0004392179763978541,0.0342016308049577,"[0, 1]",0.9995607820236022,0.9995549199696739,0.0,-1.1102230246251565e-16,0,${EXPERIMENT_ROOT}\part11_dcss_innovation\predictions\main_comparison\internal\phiusiil\s3\r04\xgb\f_dcss_10.parquet
0.9939453398738612,0.993609802094237,,phiusiil,,140,76,0.0037760222586575,0.0312351999998554,8.755487035698799e-07,0.9938410172769176,xgb,20261005,20127,15548,35675,,0.9995883198388382,0.9950917075691036,0.9909956264471316,r04,0.9995569489542794,S3-domain,s3,xgb_d6_lr01_balanced,"{""colsample_bytree"": 0.9, ""learning_rate"": 0.1, ""max_depth"": 6, ""n_estimators"": 200, ""reg_lambda"": 1.0, ""scale_pos_weight"": 1.3542785150825352, ""subsample"": 0.9}",0.78,20051,,15408,16.95151469999996,0.994868163660534,0.9994532946956824,f_dcss_15,15,"[""hostname_length"", ""url_length"", ""longest_repeated_char_run"", ""path_length"", ""token_max_length"", ""registrable_domain_length"", ""dot_count"", ""token_mean_length"", ""subdomain_depth"", ""letter_ratio"", ""letter_count"", ""char_type_transition_count"", ""digit_count"", ""special_char_ratio"", ""tld_length""]",,,,,,,0.007078745213600618,0.01755705128860488,0.00044305104572074866,0.03185476538421696,"[0, 1]",0.9995569489542794,0.9995883198388382,0.0,0.0,0,${EXPERIMENT_ROOT}\part11_dcss_innovation\predictions\main_comparison\internal\phiusiil\s3\r04\xgb\f_dcss_15.parquet
0.9920392431674844,0.9911596415501468,,phiusiil,,244,40,0.0019873801361355,0.0316232999998646,8.86427470213446e-07,0.9918935280255116,xgb,20261005,20127,15548,35675,,0.9995255772431596,0.997393117831074,0.9843066632364292,r04,0.9995518552381468,S3-domain,s3,xgb_d6_lr01_balanced,"{""colsample_bytree"": 0.9, ""learning_rate"": 0.1, ""max_depth"": 6, ""n_estimators"": 200, ""reg_lambda"": 1.0, ""scale_pos_weight"": 1.3542785150825352, ""subsample"": 0.9}",0.89,20087,,15304,17.387756500000023,0.9939228346742156,0.9994618657279156,f_dcss_20,20,"[""hostname_length"", ""url_length"", ""longest_repeated_char_run"", ""path_length"", ""token_max_length"", ""registrable_domain_length"", ""dot_count"", ""token_mean_length"", ""subdomain_depth"", ""letter_ratio"", ""letter_count"", ""char_type_transition_count"", ""digit_count"", ""special_char_ratio"", ""tld_length"", ""slash_count"", ""url_char_entropy"", ""domain_hyphen_ratio"", ""digit_ratio"", ""path_segment_count""]",,,,,,,0.008262043701122431,0.018659560690779457,0.00044814476185304857,0.03589752402140773,"[0, 1]",0.9995518552381468,0.9995255772431597,0.0,1.1102230246251565e-16,0,${EXPERIMENT_ROOT}\part11_dcss_innovation\predictions\main_comparison\internal\phiusiil\s3\r04\xgb\f_dcss_20.parquet
0.981948142957253,0.9806141776027856,,phiusiil,,463,181,0.0089928951160133,0.0303975000001628,8.52067274005966e-07,0.9816066481075444,xgb,20261005,20127,15548,35675,,0.9961696797456892,0.9881435870562032,0.9702212503215848,r04,0.9957059285960188,S3-domain,s3,xgb_d6_lr005,"{""colsample_bytree"": 0.9, ""learning_rate"": 0.05, ""max_depth"": 6, ""n_estimators"": 250, ""reg_lambda"": 1.0, ""scale_pos_weight"": 1.0, ""subsample"": 0.9}",0.94,19946,,15085,17.625806999999895,0.978101377371311,0.9946316097003493,f_mi,15,"[""longest_repeated_char_run"", ""subdomain_depth"", ""char_type_transition_count"", ""letter_ratio"", ""token_count"", ""special_char_count"", ""special_char_ratio"", ""path_length"", ""url_char_entropy"", ""path_segment_count"", ""token_mean_length"", ""url_length"", ""slash_count"", ""dot_count"", ""letter_count""]",,,,,,,0.061794429037823534,0.1403323261409256,0.00429407140398117,0.23423989193507586,,0.9957059285960188,0.9961696797456892,0.0,0.0,0,${EXPERIMENT_ROOT}\part8_traditional_baselines_and_error_analysis\predictions\internal\phiusiil\s3\r04\xgb\f_mi.parquet
0.9937771548703572,0.9935265946114824,,phiusiil,,131,91,0.0045212898097083,0.0312656999999489,8.764036440069795e-07,0.9936710588687828,xgb,20261005,20127,15548,35675,,0.9992476666832862,0.994132060871808,0.991574479032673,r04,0.9992037473542876,S3-domain,s3,xgb_d6_lr01_balanced,"{""colsample_bytree"": 0.9, ""learning_rate"": 0.1, ""max_depth"": 6, ""n_estimators"": 200, ""reg_lambda"": 1.0, ""scale_pos_weight"": 1.3542785150825352, ""subsample"": 0.9}",0.73,20036,,15417,19.634647200000018,0.993724862065028,0.9986657376332444,f_permutation,15,"[""hostname_length"", ""url_length"", ""longest_repeated_char_run"", ""path_length"", ""path_segment_count"", ""domain_hyphen_ratio"", ""tld_length"", ""token_count"", ""digit_ratio"", ""subdomain_depth"", ""hyphen_count"", ""at_sign_count"", ""equals_sign_count"", ""fragment_length"", ""has_port""]",,,,,,,0.007505466115326335,0.02018867457713006,0.0007962526457125885,0.03621644273643345,,0.9992037473542876,0.9992476666832862,0.0,0.0,0,${EXPERIMENT_ROOT}\part8_traditional_baselines_and_error_analysis\predictions\internal\phiusiil\s3\r04\xgb\f_permutation.parquet
0.9934127540294324,0.9928085691746272,,phiusiil,,185,50,0.0024842251701694,0.0291906999998445,8.182396636256365e-07,0.9932956949897512,xgb,20261005,20127,15548,35675,20260906.0,0.9995571406643924,0.9967559852072926,0.9881013635194236,r04,0.999548523871103,S3-domain,s3,xgb_d6_lr01_balanced,"{""colsample_bytree"": 0.9, ""learning_rate"": 0.1, ""max_depth"": 6, ""n_estimators"": 200, ""reg_lambda"": 1.0, ""scale_pos_weight"": 1.3542785150825352, ""subsample"": 0.9}",0.86,20077,23.053658999999925,15363,21.655254600000035,0.994209194436071,0.9995006878381196,f_single,15,"[""hostname_length"", ""url_length"", ""longest_repeated_char_run"", ""path_length"", ""registrable_domain_length"", ""subdomain_depth"", ""token_max_length"", ""digit_count"", ""char_type_transition_count"", ""letter_ratio"", ""dot_count"", ""token_mean_length"", ""letter_count"", ""special_char_ratio"", ""slash_count""]",0.0504575999998451,0.0249825000000782,200.0,200.0,0.0001249125000003,raw_margin,0.007327065270438034,0.017382566505924284,0.00045147612889691503,0.03297729366251026,,0.999548523871103,0.9995571406643924,0.0,0.0,0,${EXPERIMENT_ROOT}\part6_stable_feature_selection\predictions\phiusiil\s3\r04\xgb\f_single.parquet
0.993104414856342,0.9929889103728244,,phiusiil,,123,123,0.0061111939186167,0.032812100000001,9.197505255781642e-07,0.9929889103728244,xgb,20261005,20127,15548,35675,20260906.0,0.999543810403542,0.9920890146642656,0.9920890146642656,r04,0.9995345065650716,S3-domain,s3,xgb_d6_lr01_balanced,"{""colsample_bytree"": 0.9, ""learning_rate"": 0.1, ""max_depth"": 6, ""n_estimators"": 200, ""reg_lambda"": 1.0, ""scale_pos_weight"": 1.3542785150825352, ""subsample"": 0.9}",0.76,20004,25.175600900000063,15425,23.842332700000043,0.9940980827679196,0.9994055500194848,f_stable,14,"[""hostname_length"", ""longest_repeated_char_run"", ""url_length"", ""path_length"", ""registrable_domain_length"", ""subdomain_depth"", ""char_type_transition_count"", ""token_max_length"", ""dot_count"", ""letter_ratio"", ""token_mean_length"", ""digit_count"", ""letter_count"", ""slash_count""]",0.0630031999999118,0.0305160999998861,200.0,200.0,0.0001525804999994,raw_margin,0.007367322313119498,0.017952803730417757,0.0004654934349284922,0.03358874080180743,,0.9995345065650716,0.9995438104035419,0.0,-1.1102230246251565e-16,0,${EXPERIMENT_ROOT}\part6_stable_feature_selection\predictions\phiusiil\s3\r04\xgb\f_stable.parquet
0.9867690755171834,0.9865473398738872,master,phiusiil,PhiUSIIL,236,236,0.0117255428031996,0.0271105000001625,7.599512249863366e-07,0.9865473398738872,lr,20261006,20127,15547,35674,20260907.0,0.995469854426646,0.9848202225509743,0.9848202225509743,r05,0.9930981938709904,S3-domain,s3,lr_c1,"{""C"": 1.0, ""class_weight"": null}",0.86,19891,48.87518120000004,15311,48.61172810000016,0.9884590393189006,0.9950182696729184,f_all,35,"[""url_length"", ""hostname_length"", ""path_length"", ""query_length"", ""fragment_length"", ""digit_count"", ""letter_count"", ""special_char_count"", ""digit_ratio"", ""letter_ratio"", ""special_char_ratio"", ""dot_count"", ""hyphen_count"", ""underscore_count"", ""slash_count"", ""question_mark_count"", ""equals_sign_count"", ""percent_sign_count"", ""at_sign_count"", ""subdomain_depth"", ""path_segment_count"", ""query_parameter_count"", ""has_port"", ""has_userinfo"", ""host_is_ip"", ""tld_length"", ""registrable_domain_length"", ""domain_digit_ratio"", ""domain_hyphen_ratio"", ""url_char_entropy"", ""longest_repeated_char_run"", ""char_type_transition_count"", ""token_count"", ""token_mean_length"", ""token_max_length""]",0.0020205999999234,0.0049619999999777,200.0,200.0,2.48099999998885e-05,raw_log_odds,0.01957240583043371,0.04811909013650565,0.006914338307571188,0.12153568134940708,,0.9930856616924288,0.9954101009272064,-1.2532178561563967e-05,-5.9753499439652025e-05,0,${EXPERIMENT_ROOT}\part4_baseline_models\predictions\internal\phiusiil\s3\r05\lr.parquet
0.8866961933060492,0.8847022091522396,,phiusiil,,2034,2008,0.099766482834004,0.0062754000000495,1.7590962605958282e-07,0.884775360298178,lr,20261006,20127,15547,35674,,0.9363932401688386,0.8706268925971264,0.8691709011384833,r05,0.9195412548979958,S3-domain,s3,lr_c1,"{""C"": 1.0, ""class_weight"": null}",0.34,18119,,13513,14.664113999999929,0.9080989069018484,0.929875465426305,f_dcss_10,10,"[""hostname_length"", ""path_segment_count"", ""letter_count"", ""path_length"", ""query_length"", ""url_length"", ""token_mean_length"", ""dot_count"", ""question_mark_count"", ""slash_count""]",,,,,,,0.09573620347261722,0.12292941211744401,0.0804587451020042,0.337455848073918,"[0, 1]",0.9195412548979958,0.9363932401688386,0.0,0.0,0,${EXPERIMENT_ROOT}\part11_dcss_innovation\predictions\main_comparison\internal\phiusiil\s3\r05\lr\f_dcss_10.parquet
0.980125581656108,0.9776592257867116,,phiusiil,,646,63,0.0031301237144134,0.0070686000001387,1.981443067819353e-07,0.9797003864050676,lr,20261006,20127,15547,35674,,0.9897971034623678,0.9957898957497996,0.9584485752878368,r05,0.9838983268619644,S3-domain,s3,lr_c01,"{""C"": 0.1, ""class_weight"": null}",0.88,20064,,14901,16.101969899999858,0.9775989078038752,0.9868725581366452,f_dcss_15,15,"[""hostname_length"", ""path_segment_count"", ""letter_count"", ""path_length"", ""query_length"", ""url_length"", ""token_mean_length"", ""dot_count"", ""question_mark_count"", ""slash_count"", ""digit_count"", ""token_max_length"", ""longest_repeated_char_run"", ""hyphen_count"", ""char_type_transition_count""]",,,,,,,0.039345946917337435,0.10341919049246258,0.016101673138035684,0.20419851747150364,"[0, 1]",0.9838983268619643,0.9897971034623678,-1.1102230246251565e-16,0.0,0,${EXPERIMENT_ROOT}\part11_dcss_innovation\predictions\main_comparison\internal\phiusiil\s3\r05\lr\f_dcss_15.parquet
0.98382575545215,0.9827460215654008,,phiusiil,,399,178,0.0088438416058031,0.0100818000000799,2.826091831608445e-07,0.9835274084167204,lr,20261006,20127,15547,35674,,0.992875026880678,0.9883857497063812,0.9743358847366052,r05,0.9890916501531286,S3-domain,s3,lr_c01,"{""C"": 0.1, ""class_weight"": null}",0.95,19949,,15148,17.70323620000022,0.9803924931824948,0.9914831662833716,f_dcss_20,20,"[""hostname_length"", ""path_segment_count"", ""letter_count"", ""path_length"", ""query_length"", ""url_length"", ""token_mean_length"", ""dot_count"", ""question_mark_count"", ""slash_count"", ""digit_count"", ""token_max_length"", ""hyphen_count"", ""query_parameter_count"", ""longest_repeated_char_run"", ""char_type_transition_count"", ""registrable_domain_length"", ""special_char_ratio"", ""digit_ratio"", ""subdomain_depth""]",,,,,,,0.04295524862304865,0.10167566911474751,0.010908349846871413,0.20947223256818692,"[0, 1]",0.9890916501531286,0.9928750268806779,0.0,-1.1102230246251565e-16,0,${EXPERIMENT_ROOT}\part11_dcss_innovation\predictions\main_comparison\internal\phiusiil\s3\r05\lr\f_dcss_20.parquet
0.9772943880697428,0.9753916620582987,,phiusiil,,613,197,0.0097878471704675,0.0091743999998925,2.571732914697695e-07,0.9768401569813584,lr,20261006,20127,15547,35674,,0.988426189938468,0.9869803714229066,0.960571171287065,r05,0.984435885896986,S3-domain,s3,lr_c1_balanced,"{""C"": 1.0, ""class_weight"": ""balanced""}",0.93,19930,,14934,16.4493159000001,0.9766904195384712,0.9878489958864765,f_mi,15,"[""longest_repeated_char_run"", ""subdomain_depth"", ""char_type_transition_count"", ""letter_ratio"", ""token_count"", ""special_char_count"", ""special_char_ratio"", ""path_length"", ""path_segment_count"", ""url_char_entropy"", ""token_mean_length"", ""dot_count"", ""url_length"", ""slash_count"", ""letter_count""]",,,,,,,0.08377516797349989,0.1768265438830283,0.015564114103013884,0.32014214105012867,,0.984435885896986,0.9884261899384679,0.0,-1.1102230246251565e-16,0,${EXPERIMENT_ROOT}\part8_traditional_baselines_and_error_analysis\predictions\internal\phiusiil\s3\r05\lr\f_mi.parquet
0.9809665302461176,0.9799047435546996,,phiusiil,,441,238,0.0118249118100064,0.0080039999998007,2.2436508380895685e-07,0.9806181182617196,lr,20261006,20127,15547,35674,,0.991633884109238,0.9844890510948904,0.9716343989194056,r05,0.9875945062163296,S3-domain,s3,lr_c01,"{""C"": 0.1, ""class_weight"": null}",0.95,19889,,15106,19.57493360000012,0.9779195582356665,0.9904025770697104,f_permutation,15,"[""hostname_length"", ""path_segment_count"", ""path_length"", ""letter_count"", ""token_mean_length"", ""url_length"", ""longest_repeated_char_run"", ""slash_count"", ""query_length"", ""dot_count"", ""token_max_length"", ""subdomain_depth"", ""hyphen_count"", ""question_mark_count"", ""registrable_domain_length""]",,,,,,,0.04646974024339533,0.11085311964120699,0.012405493783670318,0.24002908558825414,,0.9875945062163297,0.9916338841092379,1.1102230246251565e-16,-1.1102230246251565e-16,0,${EXPERIMENT_ROOT}\part8_traditional_baselines_and_error_analysis\predictions\internal\phiusiil\s3\r05\lr\f_permutation.parquet
0.9811347199641196,0.979409787215688,,phiusiil,,529,144,0.0071545684900879,0.0149470999999721,4.189914223236005e-07,0.980762076872148,lr,20261006,20127,15547,35674,20260907.0,0.9914950919232162,0.9905025722200236,0.965974142921464,r05,0.9867933927337824,S3-domain,s3,lr_c1,"{""C"": 1.0, ""class_weight"": null}",0.94,19983,28.50133600000004,15018,27.118498300000056,0.9757556723889842,0.987589725357187,f_single,15,"[""hostname_length"", ""letter_count"", ""path_segment_count"", ""query_length"", ""path_length"", ""url_length"", ""slash_count"", ""dot_count"", ""token_mean_length"", ""question_mark_count"", ""token_max_length"", ""hyphen_count"", ""longest_repeated_char_run"", ""query_parameter_count"", ""special_char_ratio""]",0.0013536000001295,0.0182973000000856,200.0,200.0,9.148650000042836e-05,raw_log_odds,0.035862092418282955,0.0753869884971625,0.013206599276813879,0.19275941175490086,,0.9867934007231862,0.9914951211270007,7.989403805197526e-09,2.920378450177452e-08,0,${EXPERIMENT_ROOT}\part6_stable_feature_selection\predictions\phiusiil\s3\r05\lr\f_single.parquet
0.980237708134776,0.9778464143184123,,phiusiil,,634,71,0.0035275997416405,0.0070692000001599,1.981611257543304e-07,0.9798182503615496,lr,20261006,20127,15547,35674,20260907.0,0.9890567885225986,0.9952616123865456,0.9592204283784652,r05,0.9826423510636704,S3-domain,s3,lr_c1,"{""C"": 1.0, ""class_weight"": null}",0.95,20056,18.095105899999908,14913,17.34587929999998,0.9764775652096748,0.986339757590436,f_stable,14,"[""letter_count"", ""hostname_length"", ""path_segment_count"", ""path_length"", ""query_length"", ""url_length"", ""slash_count"", ""dot_count"", ""token_mean_length"", ""token_max_length"", ""question_mark_count"", ""longest_repeated_char_run"", ""hyphen_count"", ""query_parameter_count""]",0.0009383999999954,0.004445399999895,200.0,200.0,2.2226999999475083e-05,raw_log_odds,0.036757180085632134,0.08015414169617775,0.017357648936329628,0.20881246184695088,,0.9826423510636705,0.9890568088735565,1.1102230246251565e-16,2.035095791885766e-08,0,${EXPERIMENT_ROOT}\part6_stable_feature_selection\predictions\phiusiil\s3\r05\lr\f_stable.parquet
0.9898805853002186,0.9898829750183268,master,phiusiil,PhiUSIIL,157,204,0.0101356386942912,0.1661482999998043,4.657405953910531e-06,0.989714514756483,rf,20261006,20127,15547,35674,20260907.0,0.9986836824619716,0.9869180454020776,0.9899015887309448,r05,0.998869921224384,S3-domain,s3,rf_depth24_leaf2,"{""class_weight"": null, ""max_depth"": 24, ""max_features"": ""sqrt"", ""min_samples_leaf"": 2, ""n_estimators"": 200}",0.81,19923,79.89652860000024,15390,79.59802420000005,0.9921935706733268,0.9991106515435694,f_all,35,"[""url_length"", ""hostname_length"", ""path_length"", ""query_length"", ""fragment_length"", ""digit_count"", ""letter_count"", ""special_char_count"", ""digit_ratio"", ""letter_ratio"", ""special_char_ratio"", ""dot_count"", ""hyphen_count"", ""underscore_count"", ""slash_count"", ""question_mark_count"", ""equals_sign_count"", ""percent_sign_count"", ""at_sign_count"", ""subdomain_depth"", ""path_segment_count"", ""query_parameter_count"", ""has_port"", ""has_userinfo"", ""host_is_ip"", ""tld_length"", ""registrable_domain_length"", ""domain_digit_ratio"", ""domain_hyphen_ratio"", ""url_char_entropy"", ""longest_repeated_char_run"", ""char_type_transition_count"", ""token_count"", ""token_mean_length"", ""token_max_length""]",0.1078290999998898,45.96970670000019,200.0,200.0,0.2298485335000009,positive_class_probability,0.015939381451697262,0.04319335793564479,0.0011301347014413634,0.07349472811300488,,0.9988698652985586,0.9986835135984201,-5.5925825415137354e-08,-1.688635514751624e-07,0,${EXPERIMENT_ROOT}\part4_baseline_models\predictions\internal\phiusiil\s3\r05\rf.parquet
0.9914503560015696,0.9913326874635509,,phiusiil,,149,156,0.0077507825309286,0.0722510000000511,2.0253125525607203e-06,0.9913075183940993,rf,20261006,20127,15547,35674,,0.9993250520740836,0.98997042561399,0.9904161574580304,r05,0.9993445988590576,S3-domain,s3,rf_depth24_leaf2,"{""class_weight"": null, ""max_depth"": 24, ""max_features"": ""sqrt"", ""min_samples_leaf"": 2, ""n_estimators"": 200}",0.85,19971,,15398,43.937903300000016,0.9940703156002926,0.999478109783412,f_dcss_10,10,"[""longest_repeated_char_run"", ""hostname_length"", ""registrable_domain_length"", ""url_length"", ""letter_ratio"", ""token_mean_length"", ""token_max_length"", ""special_char_ratio"", ""letter_count"", ""subdomain_depth""]",,,,,,,0.010231219881199712,0.023489774933849294,0.0006554011409424499,0.04484538133767987,"[0, 1]",0.9993445988590575,0.9993250520740837,-1.1102230246251565e-16,1.1102230246251565e-16,0,${EXPERIMENT_ROOT}\part11_dcss_innovation\predictions\main_comparison\internal\phiusiil\s3\r05\rf\f_dcss_10.parquet
0.9906374390312273,0.9907293548640604,,phiusiil,,133,201,0.009986585184081,0.0818309999999655,2.293855468968032e-06,0.990485232693072,rf,20261006,20127,15547,35674,,0.9987447668659262,0.9871277617675313,0.9914452949122016,r05,0.9989316042141854,S3-domain,s3,rf_depth24_leaf2,"{""class_weight"": null, ""max_depth"": 24, ""max_features"": ""sqrt"", ""min_samples_leaf"": 2, ""n_estimators"": 200}",0.77,19926,,15414,39.88612060000014,0.992393279924084,0.9991298708529835,f_dcss_15,15,"[""longest_repeated_char_run"", ""hostname_length"", ""registrable_domain_length"", ""url_length"", ""letter_ratio"", ""token_mean_length"", ""token_max_length"", ""special_char_ratio"", ""letter_count"", ""char_type_transition_count"", ""path_segment_count"", ""digit_ratio"", ""digit_count"", ""subdomain_depth"", ""path_length""]",,,,,,,0.011125006347775582,0.027134046253033044,0.001068395785814552,0.05420705267278969,"[0, 1]",0.9989316042141854,0.9987447668659262,0.0,0.0,0,${EXPERIMENT_ROOT}\part11_dcss_innovation\predictions\main_comparison\internal\phiusiil\s3\r05\rf\f_dcss_15.parquet
0.9899366485395528,0.9897936119406484,,phiusiil,,176,183,0.00909226412282,0.1044818999998824,2.9287968828805976e-06,0.9897685216507592,rf,20261006,20127,15547,35674,,0.9988421532719846,0.9882345377394882,0.9886794880041164,r05,0.998959134101274,S3-domain,s3,rf_depth24_leaf2,"{""class_weight"": null, ""max_depth"": 24, ""max_features"": ""sqrt"", ""min_samples_leaf"": 2, ""n_estimators"": 200}",0.83,19944,,15371,44.21355530000005,0.9922195164642263,0.9993461711736954,f_dcss_20,20,"[""longest_repeated_char_run"", ""hostname_length"", ""registrable_domain_length"", ""url_length"", ""letter_ratio"", ""token_mean_length"", ""token_max_length"", ""special_char_ratio"", ""letter_count"", ""char_type_transition_count"", ""path_segment_count"", ""digit_ratio"", ""path_length"", ""digit_count"", ""subdomain_depth"", ""token_count"", ""special_char_count"", ""dot_count"", ""domain_hyphen_ratio"", ""tld_length""]",,,,,,,0.013131908823454733,0.030209629192189648,0.0010408658987258257,0.05789088458966442,"[0, 1]",0.9989591341012741,0.9988421532719846,1.1102230246251565e-16,0.0,0,${EXPERIMENT_ROOT}\part11_dcss_innovation\predictions\main_comparison\internal\phiusiil\s3\r05\rf\f_dcss_20.parquet
0.9777428939844144,0.9756866819731496,,phiusiil,,627,167,0.0082973120683658,0.123524800000041,3.4626002130414605e-06,0.9772895975666372,rf,20261006,20127,15547,35674,,0.9947477044744982,0.9889308676343872,0.9596706760146652,r05,0.9944006072790452,S3-domain,s3,rf_depth16_leaf1,"{""class_weight"": null, ""max_depth"": 16, ""max_features"": ""sqrt"", ""min_samples_leaf"": 1, ""n_estimators"": 200}",0.95,19960,,14920,51.17502220000006,0.9687945056414076,0.993088713644622,f_mi,15,"[""longest_repeated_char_run"", ""subdomain_depth"", ""char_type_transition_count"", ""letter_ratio"", ""token_count"", ""special_char_count"", ""special_char_ratio"", ""path_length"", ""path_segment_count"", ""url_char_entropy"", ""token_mean_length"", ""dot_count"", ""url_length"", ""slash_count"", ""letter_count""]",,,,,,,0.060609515378486925,0.13655617145885338,0.0055993927209546865,0.23025060399569053,,0.9944006072790453,0.9947477044744982,1.1102230246251565e-16,0.0,0,${EXPERIMENT_ROOT}\part8_traditional_baselines_and_error_analysis\predictions\internal\phiusiil\s3\r05\rf\f_mi.parquet
0.9906094074115602,0.9904044625689712,,phiusiil,,174,161,0.0079992050479455,0.0882126999999854,2.472744856197384e-06,0.9904511217295412,rf,20261006,20127,15547,35674,,0.9991565508832584,0.9896356379554524,0.988808130185888,r05,0.9991914627635834,S3-domain,s3,rf_depth24_leaf2,"{""class_weight"": null, ""max_depth"": 24, ""max_features"": ""sqrt"", ""min_samples_leaf"": 2, ""n_estimators"": 200}",0.84,19966,,15373,64.48811999999998,0.9927601143481206,0.9993905650940036,f_permutation,15,"[""longest_repeated_char_run"", ""hostname_length"", ""registrable_domain_length"", ""letter_ratio"", ""subdomain_depth"", ""token_mean_length"", ""letter_count"", ""special_char_ratio"", ""url_length"", ""token_max_length"", ""digit_ratio"", ""special_char_count"", ""dot_count"", ""digit_count"", ""slash_count""]",,,,,,,0.011629803881367475,0.02904089772953892,0.0008085372364165077,0.053199286422191565,,0.9991914627635834,0.9991565508832583,0.0,-1.1102230246251565e-16,0,${EXPERIMENT_ROOT}\part8_traditional_baselines_and_error_analysis\predictions\internal\phiusiil\s3\r05\rf\f_permutation.parquet
0.9907215338902282,0.9907965633254242,,phiusiil,,134,197,0.0097878471704675,0.076218499999868,2.136528003584349e-06,0.9905703547328046,rf,20261006,20127,15547,35674,20260907.0,0.998698694113071,0.9873798846893016,0.991380973821316,r05,0.998916715161548,S3-domain,s3,rf_depth24_leaf2,"{""class_weight"": null, ""max_depth"": 24, ""max_features"": ""sqrt"", ""min_samples_leaf"": 2, ""n_estimators"": 200}",0.78,19930,67.88194709999993,15413,52.02638219999994,0.9920791494982129,0.999196497685762,f_single,15,"[""longest_repeated_char_run"", ""hostname_length"", ""subdomain_depth"", ""registrable_domain_length"", ""url_length"", ""letter_ratio"", ""token_mean_length"", ""token_max_length"", ""digit_count"", ""letter_count"", ""digit_ratio"", ""special_char_ratio"", ""char_type_transition_count"", ""path_length"", ""path_segment_count""]",0.0340532999998686,15.066076100000146,200.0,200.0,0.0753303805000007,positive_class_probability,0.01118540334347571,0.02700165808600527,0.0010832752511677588,0.05346371439388732,,0.9989167247488323,0.9986987611101166,9.587284299783505e-09,6.69970455779989e-08,0,${EXPERIMENT_ROOT}\part6_stable_feature_selection\predictions\phiusiil\s3\r05\rf\f_single.parquet
0.9908056287492292,0.9910979571865052,,phiusiil,,103,225,0.0111790132657624,0.0848121999999875,2.3774233335198624e-06,0.9906597694548024,rf,20261006,20127,15547,35674,20260907.0,0.9988025405240748,0.9856404365307294,0.9933749276387728,r05,0.9989543532421316,S3-domain,s3,rf_depth24_leaf2,"{""class_weight"": null, ""max_depth"": 24, ""max_features"": ""sqrt"", ""min_samples_leaf"": 2, ""n_estimators"": 200}",0.74,19902,53.6000082999999,15444,38.570976900000005,0.9920815480689892,0.9992865846034112,f_stable,14,"[""longest_repeated_char_run"", ""hostname_length"", ""subdomain_depth"", ""registrable_domain_length"", ""letter_ratio"", ""url_length"", ""token_mean_length"", ""path_length"", ""char_type_transition_count"", ""path_segment_count"", ""token_max_length"", ""special_char_ratio"", ""digit_count"", ""digit_ratio""]",0.0293145000000549,14.294738499999994,200.0,200.0,0.0714736924999999,positive_class_probability,0.01147570098865426,0.0286402818832494,0.0010456371705841341,0.05577963429668477,,0.9989543628294159,0.9988025457381461,9.587284299783505e-09,5.214071285841726e-09,0,${EXPERIMENT_ROOT}\part6_stable_feature_selection\predictions\phiusiil\s3\r05\rf\f_stable.parquet
0.9935246958569266,0.9932368787331468,master,phiusiil,PhiUSIIL,140,91,0.0045212898097083,0.0295639000000846,8.287240006751327e-07,0.9934138025091276,xgb,20261006,20127,15547,35674,20260907.0,0.9994581751842544,0.9941282746160794,0.990995047276002,r05,0.9993950151918348,S3-domain,s3,xgb_d6_lr01_balanced,"{""colsample_bytree"": 0.9, ""learning_rate"": 0.1, ""max_depth"": 6, ""n_estimators"": 200, ""reg_lambda"": 1.0, ""scale_pos_weight"": 1.3542591267000716, ""subsample"": 0.9}",0.8,20036,25.263061800000287,15407,25.07543689999966,0.9946960808078606,0.9992516517349026,f_all,35,"[""url_length"", ""hostname_length"", ""path_length"", ""query_length"", ""fragment_length"", ""digit_count"", ""letter_count"", ""special_char_count"", ""digit_ratio"", ""letter_ratio"", ""special_char_ratio"", ""dot_count"", ""hyphen_count"", ""underscore_count"", ""slash_count"", ""question_mark_count"", ""equals_sign_count"", ""percent_sign_count"", ""at_sign_count"", ""subdomain_depth"", ""path_segment_count"", ""query_parameter_count"", ""has_port"", ""has_userinfo"", ""host_is_ip"", ""tld_length"", ""registrable_domain_length"", ""domain_digit_ratio"", ""domain_hyphen_ratio"", ""url_char_entropy"", ""longest_repeated_char_run"", ""char_type_transition_count"", ""token_count"", ""token_mean_length"", ""token_max_length""]",0.0587292000000161,0.0420323999996981,200.0,200.0,0.0002101619999984,raw_margin,0.007133870062195448,0.017759691936629324,0.0006049848081649422,0.03296003048925873,,0.9993950151918349,0.9994581751842544,1.1102230246251565e-16,0.0,0,${EXPERIMENT_ROOT}\part4_baseline_models\predictions\internal\phiusiil\s3\r05\xgb.parquet
0.9941133598699332,0.993839067250035,,phiusiil,,129,81,0.0040244447756744,0.0286391999998159,8.028031619615378e-07,0.9940125920331582,xgb,20261006,20127,15547,35674,,0.999462072417025,0.9947738563778308,0.9917025792757446,r05,0.9994154105414664,S3-domain,s3,xgb_d6_lr01_balanced,"{""colsample_bytree"": 0.9, ""learning_rate"": 0.1, ""max_depth"": 6, ""n_estimators"": 200, ""reg_lambda"": 1.0, ""scale_pos_weight"": 1.3542591267000716, ""subsample"": 0.9}",0.7,20046,,15418,16.25467589999994,0.99407005316624,0.9995360393513792,f_dcss_10,10,"[""hostname_length"", ""url_length"", ""longest_repeated_char_run"", ""token_max_length"", ""path_length"", ""registrable_domain_length"", ""dot_count"", ""subdomain_depth"", ""token_mean_length"", ""letter_count""]",,,,,,,0.006830330592109193,0.016653048259705743,0.0005845894585334751,0.03249515282276855,"[0, 1]",0.9994154105414664,0.999462072417025,0.0,0.0,0,${EXPERIMENT_ROOT}\part11_dcss_innovation\predictions\main_comparison\internal\phiusiil\s3\r05\xgb\f_dcss_10.parquet
0.9936928855749284,0.9933347041871688,,phiusiil,,147,78,0.0038753912654643,0.0313728000000992,8.794303974911485e-07,0.9935839210382608,xgb,20261006,20127,15547,35674,,0.9994491610395078,0.994960589223414,0.990544799639802,r05,0.9993785825864128,S3-domain,s3,xgb_d6_lr01_balanced,"{""colsample_bytree"": 0.9, ""learning_rate"": 0.1, ""max_depth"": 6, ""n_estimators"": 200, ""reg_lambda"": 1.0, ""scale_pos_weight"": 1.3542591267000716, ""subsample"": 0.9}",0.75,20049,,15400,16.969777600000043,0.9946970240788252,0.9995795049029836,f_dcss_15,15,"[""hostname_length"", ""url_length"", ""longest_repeated_char_run"", ""token_max_length"", ""path_length"", ""registrable_domain_length"", ""dot_count"", ""subdomain_depth"", ""token_mean_length"", ""letter_count"", ""letter_ratio"", ""digit_count"", ""char_type_transition_count"", ""special_char_ratio"", ""slash_count""]",,,,,,,0.007172263084388766,0.017385105611006178,0.0006214174135872243,0.03312958504369727,"[0, 1]",0.9993785825864128,0.9994491610395078,0.0,0.0,0,${EXPERIMENT_ROOT}\part11_dcss_innovation\predictions\main_comparison\internal\phiusiil\s3\r05\xgb\f_dcss_15.parquet
0.9939732017715984,0.9936563096415972,,phiusiil,,137,78,0.0038753912654643,0.0592710999999326,1.661464932441908e-06,0.993869535249489,xgb,20261006,20127,15547,35674,,0.999537760850833,0.9949638429752066,0.9911880105486588,r05,0.9994701283691676,S3-domain,s3,xgb_d6_lr01_balanced,"{""colsample_bytree"": 0.9, ""learning_rate"": 0.1, ""max_depth"": 6, ""n_estimators"": 200, ""reg_lambda"": 1.0, ""scale_pos_weight"": 1.3542591267000716, ""subsample"": 0.9}",0.77,20049,,15410,17.12274730000013,0.994611372688468,0.999483152694994,f_dcss_20,20,"[""hostname_length"", ""url_length"", ""longest_repeated_char_run"", ""token_max_length"", ""path_length"", ""registrable_domain_length"", ""dot_count"", ""subdomain_depth"", ""token_mean_length"", ""letter_count"", ""letter_ratio"", ""digit_count"", ""char_type_transition_count"", ""special_char_ratio"", ""slash_count"", ""tld_length"", ""path_segment_count"", ""domain_hyphen_ratio"", ""url_char_entropy"", ""digit_ratio""]",,,,,,,0.006870272059351335,0.017323921088337565,0.00052987163083213,0.031394662365742405,"[0, 1]",0.9994701283691677,0.999537760850833,1.1102230246251565e-16,0.0,0,${EXPERIMENT_ROOT}\part11_dcss_innovation\predictions\main_comparison\internal\phiusiil\s3\r05\xgb\f_dcss_20.parquet
0.9830128384818074,0.9817840925725936,,phiusiil,,432,174,0.0086451035921895,0.0346852000000126,9.7228233447364e-07,0.9826945574016706,xgb,20261006,20127,15547,35674,,0.9960465032228776,0.9886192687553144,0.972213288737377,r05,0.9952734176699256,S3-domain,s3,xgb_d6_lr005,"{""colsample_bytree"": 0.9, ""learning_rate"": 0.05, ""max_depth"": 6, ""n_estimators"": 250, ""reg_lambda"": 1.0, ""scale_pos_weight"": 1.0, ""subsample"": 0.9}",0.94,19953,,15115,18.36173699999995,0.9777564008246898,0.9949991110829716,f_mi,15,"[""longest_repeated_char_run"", ""subdomain_depth"", ""char_type_transition_count"", ""letter_ratio"", ""token_count"", ""special_char_count"", ""special_char_ratio"", ""path_length"", ""path_segment_count"", ""url_char_entropy"", ""token_mean_length"", ""dot_count"", ""url_length"", ""slash_count"", ""letter_count""]",,,,,,,0.061503654618253155,0.13985483039519495,0.004726582330074357,0.23293069128792737,,0.9952734176699256,0.9960465032228777,0.0,1.1102230246251565e-16,0,${EXPERIMENT_ROOT}\part8_traditional_baselines_and_error_analysis\predictions\internal\phiusiil\s3\r05\xgb\f_mi.parquet
0.9941413914896002,0.9938126814455486,,phiusiil,,136,73,0.0036269687484473,0.0288316000001032,8.081964455935193e-07,0.9940404411311184,xgb,20261006,20127,15547,35674,,0.9995396676994632,0.9952854559545335,0.9912523316395446,r05,0.9994764687599024,S3-domain,s3,xgb_d6_lr01_balanced,"{""colsample_bytree"": 0.9, ""learning_rate"": 0.1, ""max_depth"": 6, ""n_estimators"": 200, ""reg_lambda"": 1.0, ""scale_pos_weight"": 1.3542591267000716, ""subsample"": 0.9}",0.81,20054,,15411,18.06733510000004,0.9956383574141484,0.9995828908122494,f_permutation,15,"[""hostname_length"", ""url_length"", ""longest_repeated_char_run"", ""registrable_domain_length"", ""path_length"", ""letter_ratio"", ""tld_length"", ""token_max_length"", ""special_char_ratio"", ""subdomain_depth"", ""token_mean_length"", ""digit_count"", ""url_char_entropy"", ""slash_count"", ""char_type_transition_count""]",,,,,,,0.007056828434407558,0.01811956946929476,0.0005235312400974325,0.03229742223467391,,0.9994764687599025,0.9995396676994632,1.1102230246251565e-16,0.0,0,${EXPERIMENT_ROOT}\part8_traditional_baselines_and_error_analysis\predictions\internal\phiusiil\s3\r05\xgb\f_permutation.parquet
0.9932443796602568,0.9930250476848356,,phiusiil,,135,106,0.0052665573607591,0.0281587000001763,7.893339687216571e-07,0.993129700240587,xgb,20261006,20127,15547,35674,20260907.0,0.99949809069748,0.9931692228379946,0.9913166527304303,r05,0.9994266484366372,S3-domain,s3,xgb_d6_lr01_balanced,"{""colsample_bytree"": 0.9, ""learning_rate"": 0.1, ""max_depth"": 6, ""n_estimators"": 200, ""reg_lambda"": 1.0, ""scale_pos_weight"": 1.3542591267000716, ""subsample"": 0.9}",0.79,20021,19.601034000000027,15412,18.834680700000035,0.9951246473897192,0.9996687721078183,f_single,15,"[""hostname_length"", ""longest_repeated_char_run"", ""url_length"", ""path_length"", ""subdomain_depth"", ""registrable_domain_length"", ""token_max_length"", ""token_mean_length"", ""digit_count"", ""letter_ratio"", ""dot_count"", ""char_type_transition_count"", ""special_char_ratio"", ""letter_count"", ""slash_count""]",0.0380044999999427,0.0224616999998943,200.0,200.0,0.0001123084999994,raw_margin,0.0076535171903311565,0.019292727592678985,0.0005733515633628303,0.03495348905285107,,0.9994266484366371,0.99949809069748,-1.1102230246251565e-16,0.0,0,${EXPERIMENT_ROOT}\part6_stable_feature_selection\predictions\phiusiil\s3\r05\xgb\f_single.parquet
0.9931322531815888,0.9931086360215576,,phiusiil,,110,135,0.0067074079594574,0.0316212999998697,8.86396254971961e-07,0.9930184311929152,xgb,20261006,20127,15547,35674,20260907.0,0.9994920212996924,0.9913305933727202,0.9929246800025728,r05,0.999439917238215,S3-domain,s3,xgb_d6_lr01_balanced,"{""colsample_bytree"": 0.9, ""learning_rate"": 0.1, ""max_depth"": 6, ""n_estimators"": 200, ""reg_lambda"": 1.0, ""scale_pos_weight"": 1.3542591267000716, ""subsample"": 0.9}",0.7,19992,21.42498969999997,15437,20.45962910000003,0.9951554697684228,0.9996341923709512,f_stable,15,"[""hostname_length"", ""longest_repeated_char_run"", ""url_length"", ""path_length"", ""subdomain_depth"", ""registrable_domain_length"", ""token_max_length"", ""char_type_transition_count"", ""dot_count"", ""letter_ratio"", ""token_mean_length"", ""digit_count"", ""letter_count"", ""slash_count"", ""special_char_ratio""]",0.1175565999999435,0.0234611000000768,200.0,200.0,0.0001173055000003,raw_margin,0.007595962215295876,0.018917155366267153,0.0005600827617849768,0.034765322184126056,,0.999439917238215,0.9994920212996923,0.0,-1.1102230246251565e-16,0,${EXPERIMENT_ROOT}\part6_stable_feature_selection\predictions\phiusiil\s3\r05\xgb\f_stable.parquet
0.9850591467174974,0.9838024891715698,master,phiusiil,PhiUSIIL,404,129,0.0064093009390371,0.031036800000038,8.700117732813269e-07,0.9847771984446928,lr,20261007,20127,15547,35674,20260908.0,0.996506774252341,0.9915531691985332,0.9740142792821768,r06,0.9946993454623538,S3-domain,s3,lr_c1,"{""C"": 1.0, ""class_weight"": null}",0.95,19998,36.611646700000165,15143,36.43577170000026,0.987559321813846,0.993153996659707,f_all,35,"[""url_length"", ""hostname_length"", ""path_length"", ""query_length"", ""fragment_length"", ""digit_count"", ""letter_count"", ""special_char_count"", ""digit_ratio"", ""letter_ratio"", ""special_char_ratio"", ""dot_count"", ""hyphen_count"", ""underscore_count"", ""slash_count"", ""question_mark_count"", ""equals_sign_count"", ""percent_sign_count"", ""at_sign_count"", ""subdomain_depth"", ""path_segment_count"", ""query_parameter_count"", ""has_port"", ""has_userinfo"", ""host_is_ip"", ""tld_length"", ""registrable_domain_length"", ""domain_digit_ratio"", ""domain_hyphen_ratio"", ""url_char_entropy"", ""longest_repeated_char_run"", ""char_type_transition_count"", ""token_count"", ""token_mean_length"", ""token_max_length""]",0.0010843000000022,0.0078850999998394,200.0,200.0,3.9425499999197e-05,raw_log_odds,0.017980226447105903,0.0479996233384492,0.005301092356966085,0.11046550659354787,,0.9946989076430339,0.99650439709291,-4.3781931990949374e-07,-2.3771594309662802e-06,0,${EXPERIMENT_ROOT}\part4_baseline_models\predictions\internal\phiusiil\s3\r06\lr.parquet
0.9018052363065538,0.9032076701445212,,phiusiil,,1335,2168,0.1077160033785462,0.006457900000214,1.8102539665341893e-07,0.9007098432937641,lr,20261007,20127,15547,35674,,0.941511874074889,0.8676434676434677,0.9141313436675886,r06,0.927989403711466,S3-domain,s3,lr_c1_balanced,"{""C"": 1.0, ""class_weight"": ""balanced""}",0.29,17959,,14212,14.931964600000128,0.9001442476665751,0.9190465765902311,f_dcss_10,10,"[""hostname_length"", ""path_segment_count"", ""letter_count"", ""path_length"", ""query_length"", ""url_length"", ""dot_count"", ""token_mean_length"", ""question_mark_count"", ""slash_count""]",,,,,,,0.09256936493775345,0.13279800513039283,0.07201059628853404,0.3161780872868836,"[0, 1]",0.9279894037114661,0.941511874074889,1.1102230246251565e-16,0.0,0,${EXPERIMENT_ROOT}\part11_dcss_innovation\predictions\main_comparison\internal\phiusiil\s3\r06\lr\f_dcss_10.parquet
0.9775747042664124,0.975091212544729,,phiusiil,,688,112,0.0055646643811795,0.0075071999999636,2.1043897516296555e-07,0.9770962630919912,lr,20261007,20127,15547,35674,,0.99075594361844,0.9925188698149756,0.9557470894706376,r06,0.9865749448613704,S3-domain,s3,lr_c01,"{""C"": 0.1, ""class_weight"": null}",0.88,20015,,14859,15.680315400000154,0.9791925775156676,0.9846597841405664,f_dcss_15,15,"[""hostname_length"", ""path_segment_count"", ""letter_count"", ""path_length"", ""query_length"", ""url_length"", ""dot_count"", ""token_mean_length"", ""question_mark_count"", ""slash_count"", ""digit_count"", ""token_max_length"", ""hyphen_count"", ""longest_repeated_char_run"", ""query_parameter_count""]",,,,,,,0.04097793227512849,0.10211623425094074,0.01342505513862959,0.19500286831985078,"[0, 1]",0.9865749448613703,0.9907559436184399,-1.1102230246251565e-16,-1.1102230246251565e-16,0,${EXPERIMENT_ROOT}\part11_dcss_innovation\predictions\main_comparison\internal\phiusiil\s3\r06\lr\f_dcss_15.parquet
0.9793406963054324,0.9782004343813198,,phiusiil,,477,260,0.012917970884881,0.0085374999998748,2.393199529033709e-07,0.9789602651436972,lr,20261007,20127,15547,35674,,0.9943426511451474,0.9830397912589692,0.9693188396475204,r06,0.9924681447057024,S3-domain,s3,lr_c01,"{""C"": 0.1, ""class_weight"": null}",0.95,19867,,15070,17.018701299999975,0.98380212175978,0.9920759592615706,f_dcss_20,20,"[""hostname_length"", ""path_segment_count"", ""letter_count"", ""path_length"", ""query_length"", ""url_length"", ""dot_count"", ""token_mean_length"", ""question_mark_count"", ""slash_count"", ""digit_count"", ""token_max_length"", ""hyphen_count"", ""longest_repeated_char_run"", ""query_parameter_count"", ""char_type_transition_count"", ""registrable_domain_length"", ""special_char_ratio"", ""digit_ratio"", ""equals_sign_count""]",,,,,,,0.04115879599168005,0.09853052043324313,0.007531855294297684,0.20208186833203207,"[0, 1]",0.9924681447057023,0.9943426511451474,-1.1102230246251565e-16,0.0,0,${EXPERIMENT_ROOT}\part11_dcss_innovation\predictions\main_comparison\internal\phiusiil\s3\r06\lr\f_dcss_20.parquet
0.9761170600437292,0.9735652300565238,,phiusiil,,720,132,0.0065583544492472,0.0065038999998705,1.8231485114847105e-07,0.9756050947396032,lr,20261007,20127,15547,35674,,0.9908854026697947,0.9911758807406912,0.9536888145622948,r06,0.9873055965973884,S3-domain,s3,lr_c1_balanced,"{""C"": 1.0, ""class_weight"": ""balanced""}",0.93,19995,,14827,16.865205799999785,0.975508691277791,0.9846032223585034,f_mi,15,"[""longest_repeated_char_run"", ""subdomain_depth"", ""char_type_transition_count"", ""letter_ratio"", ""special_char_count"", ""token_count"", ""special_char_ratio"", ""path_length"", ""url_char_entropy"", ""path_segment_count"", ""token_mean_length"", ""dot_count"", ""url_length"", ""slash_count"", ""letter_count""]",,,,,,,0.08163066824504199,0.1749205605584039,0.012694403402611586,0.30094840120393135,,0.9873055965973885,0.9908854026697949,1.1102230246251565e-16,1.1102230246251565e-16,0,${EXPERIMENT_ROOT}\part8_traditional_baselines_and_error_analysis\predictions\internal\phiusiil\s3\r06\lr\f_mi.parquet
0.978639905813758,0.9764304059714156,,phiusiil,,634,128,0.0063596164356337,0.0076527999999598,2.1452037898637173e-07,0.9781967355436968,lr,20261007,20127,15547,35674,,0.9912750739477344,0.9914899275314142,0.9592204283784652,r06,0.9863729839223256,S3-domain,s3,lr_c01,"{""C"": 0.1, ""class_weight"": null}",0.88,19999,,14913,17.903773499999943,0.9780434960227148,0.9766834895065208,f_permutation,15,"[""hostname_length"", ""path_segment_count"", ""path_length"", ""letter_count"", ""token_mean_length"", ""url_length"", ""query_length"", ""slash_count"", ""longest_repeated_char_run"", ""dot_count"", ""token_max_length"", ""hyphen_count"", ""question_mark_count"", ""subdomain_depth"", ""char_type_transition_count""]",,,,,,,0.04176619174389201,0.1037011438929564,0.013627016077674558,0.20864130969389263,,0.9863729839223255,0.9912750739477345,-1.1102230246251565e-16,1.1102230246251565e-16,0,${EXPERIMENT_ROOT}\part8_traditional_baselines_and_error_analysis\predictions\internal\phiusiil\s3\r06\lr\f_permutation.parquet
0.974743510680047,0.9727431475851632,,phiusiil,,666,235,0.0116758582997962,0.0201111999999739,5.637495094459243e-07,0.9742351489779372,lr,20261007,20127,15547,35674,20260908.0,0.989926778543558,0.9844535591426304,0.9571621534701228,r06,0.9853929077980732,S3-domain,s3,lr_c01,"{""C"": 0.1, ""class_weight"": null}",0.73,19892,21.523757799999885,14881,19.48617409999997,0.9773835936637144,0.9799945604305051,f_single,15,"[""letter_count"", ""hostname_length"", ""query_length"", ""path_segment_count"", ""path_length"", ""url_length"", ""slash_count"", ""token_mean_length"", ""token_max_length"", ""dot_count"", ""question_mark_count"", ""longest_repeated_char_run"", ""hyphen_count"", ""query_parameter_count"", ""char_type_transition_count""]",0.0027012000000468,0.0086215999999694,200.0,200.0,4.310799999984738e-05,raw_log_odds,0.04044697653510324,0.10082375946560798,0.014607092201926904,0.20005049280099788,,0.9853929077980731,0.9899267795620312,-1.1102230246251565e-16,1.0184731946694114e-09,0,${EXPERIMENT_ROOT}\part6_stable_feature_selection\predictions\phiusiil\s3\r06\lr\f_single.parquet
0.9758367438470594,0.9736680856390824,,phiusiil,,672,190,0.0094400556466438,0.0256994000001213,7.203958064731005e-07,0.9753402319572576,lr,20261007,20127,15547,35674,20260908.0,0.990380738400201,0.9873879853966148,0.9567762269248088,r06,0.9856227197982336,S3-domain,s3,lr_c1,"{""C"": 1.0, ""class_weight"": null}",0.9,19937,32.35426929999994,14875,30.380385900000192,0.9794438741387632,0.982334308420874,f_stable,14,"[""letter_count"", ""hostname_length"", ""path_length"", ""path_segment_count"", ""query_length"", ""url_length"", ""slash_count"", ""dot_count"", ""token_mean_length"", ""question_mark_count"", ""token_max_length"", ""hyphen_count"", ""longest_repeated_char_run"", ""query_parameter_count""]",0.0016293999999561,0.0099662999998599,200.0,200.0,4.983149999929992e-05,raw_log_odds,0.03763059141349191,0.0786480003781643,0.014377273810243651,0.19511333988258145,,0.9856227261897564,0.9903807437255407,6.391522866522337e-09,5.325339724748801e-09,0,${EXPERIMENT_ROOT}\part6_stable_feature_selection\predictions\phiusiil\s3\r06\lr\f_stable.parquet
0.991198071424567,0.9913579291854352,master,phiusiil,PhiUSIIL,115,199,0.0098872161772743,0.1060497000003124,2.972744856206549e-06,0.9910560086276472,rf,20261007,20127,15547,35674,20260908.0,0.9990911086148404,0.9872688887467213,0.9926030745481444,r06,0.9992495265535324,S3-domain,s3,rf_depth24_leaf2,"{""class_weight"": null, ""max_depth"": 24, ""max_features"": ""sqrt"", ""min_samples_leaf"": 2, ""n_estimators"": 200}",0.79,19928,73.55106960000012,15432,73.28009610000026,0.9902277887020616,0.998987897552286,f_all,35,"[""url_length"", ""hostname_length"", ""path_length"", ""query_length"", ""fragment_length"", ""digit_count"", ""letter_count"", ""special_char_count"", ""digit_ratio"", ""letter_ratio"", ""special_char_ratio"", ""dot_count"", ""hyphen_count"", ""underscore_count"", ""slash_count"", ""question_mark_count"", ""equals_sign_count"", ""percent_sign_count"", ""at_sign_count"", ""subdomain_depth"", ""path_segment_count"", ""query_parameter_count"", ""has_port"", ""has_userinfo"", ""host_is_ip"", ""tld_length"", ""registrable_domain_length"", ""domain_digit_ratio"", ""domain_hyphen_ratio"", ""url_char_entropy"", ""longest_repeated_char_run"", ""char_type_transition_count"", ""token_count"", ""token_mean_length"", ""token_max_length""]",0.0503292000003057,42.163953499999934,200.0,200.0,0.2108197674999996,positive_class_probability,0.016488884512505346,0.04377655402320518,0.0007504734464675667,0.07253200167744168,,0.9992495265535324,0.9990911101740336,0.0,1.5591932189806812e-09,0,${EXPERIMENT_ROOT}\part4_baseline_models\predictions\internal\phiusiil\s3\r06\rf.parquet
0.9934686326175928,0.9935384723293188,,phiusiil,,92,141,0.0070055149798777,0.0825956999999562,2.315291248527112e-06,0.9933615419255224,rf,20261007,20127,15547,35674,,0.9995091415480646,0.9909592203129008,0.9940824596385156,r06,0.9995428942597092,S3-domain,s3,rf_depth24_leaf2,"{""class_weight"": null, ""max_depth"": 24, ""max_features"": ""sqrt"", ""min_samples_leaf"": 2, ""n_estimators"": 200}",0.79,19986,,15455,44.97093399999994,0.9933917955108108,0.9993820755536874,f_dcss_10,10,"[""longest_repeated_char_run"", ""hostname_length"", ""registrable_domain_length"", ""letter_ratio"", ""url_length"", ""token_mean_length"", ""token_max_length"", ""subdomain_depth"", ""special_char_ratio"", ""letter_count""]",,,,,,,0.009408454281994891,0.023235719520306664,0.0004571057402909641,0.04143316402855865,"[0, 1]",0.9995428942597092,0.9995091415480646,0.0,0.0,0,${EXPERIMENT_ROOT}\part11_dcss_innovation\predictions\main_comparison\internal\phiusiil\s3\r06\rf\f_dcss_10.parquet
0.9914223243819028,0.9917030330738716,,phiusiil,,95,211,0.0104834302181149,0.0848370999999588,2.3781213208487643e-06,0.9912858759675788,rf,20261007,20127,15547,35674,,0.9989974792910044,0.9865287620506928,0.9938894963658584,r06,0.9992580320726556,S3-domain,s3,rf_depth24_leaf2,"{""class_weight"": null, ""max_depth"": 24, ""max_features"": ""sqrt"", ""min_samples_leaf"": 2, ""n_estimators"": 200}",0.72,19916,,15452,39.5760037,0.991742104318072,0.9991597624077908,f_dcss_15,15,"[""longest_repeated_char_run"", ""hostname_length"", ""registrable_domain_length"", ""letter_ratio"", ""url_length"", ""token_mean_length"", ""token_max_length"", ""special_char_ratio"", ""letter_count"", ""subdomain_depth"", ""char_type_transition_count"", ""path_length"", ""path_segment_count"", ""digit_ratio"", ""digit_count""]",,,,,,,0.010839870896856693,0.029215269349105042,0.0007419679273443789,0.052919813756536156,"[0, 1]",0.9992580320726557,0.9989974792910045,1.1102230246251565e-16,1.1102230246251565e-16,0,${EXPERIMENT_ROOT}\part11_dcss_innovation\predictions\main_comparison\internal\phiusiil\s3\r06\rf\f_dcss_15.parquet
0.9907495655098952,0.9909238616895022,,phiusiil,,120,210,0.0104337457147115,0.0895952000000761,2.5114985703895315e-06,0.9906006684803697,rf,20261007,20127,15547,35674,,0.9989639942228448,0.9865703139988488,0.9922814690937158,r06,0.9991688495554992,S3-domain,s3,rf_depth24_leaf2,"{""class_weight"": null, ""max_depth"": 24, ""max_features"": ""sqrt"", ""min_samples_leaf"": 2, ""n_estimators"": 200}",0.76,19917,,15427,43.42890379999994,0.9908569483242208,0.9989999551602708,f_dcss_20,20,"[""longest_repeated_char_run"", ""hostname_length"", ""registrable_domain_length"", ""letter_ratio"", ""url_length"", ""token_mean_length"", ""token_max_length"", ""special_char_ratio"", ""letter_count"", ""subdomain_depth"", ""char_type_transition_count"", ""path_length"", ""path_segment_count"", ""digit_count"", ""digit_ratio"", ""token_count"", ""dot_count"", ""special_char_count"", ""domain_hyphen_ratio"", ""tld_length""]",,,,,,,0.013020712250901057,0.03109932878724677,0.0008311504445005381,0.057775232115888565,"[0, 1]",0.9991688495554993,0.9989639942228449,1.1102230246251565e-16,1.1102230246251565e-16,0,${EXPERIMENT_ROOT}\part11_dcss_innovation\predictions\main_comparison\internal\phiusiil\s3\r06\rf\f_dcss_20.parquet
0.9668666255536243,0.9637206709032046,,phiusiil,,945,237,0.011775227306603,0.1001647000000502,2.8077787744589977e-06,0.966122246961176,rf,20261007,20127,15547,35674,,0.9925006475319968,0.9840285733539996,0.9392165691130122,r06,0.992655587300439,S3-domain,s3,rf_depth16_leaf1,"{""class_weight"": null, ""max_depth"": 16, ""max_features"": ""sqrt"", ""min_samples_leaf"": 1, ""n_estimators"": 200}",0.95,19890,,14602,56.35302060000004,0.9722267266974908,0.9934898983530224,f_mi,15,"[""longest_repeated_char_run"", ""subdomain_depth"", ""char_type_transition_count"", ""letter_ratio"", ""special_char_count"", ""token_count"", ""special_char_ratio"", ""path_length"", ""url_char_entropy"", ""path_segment_count"", ""token_mean_length"", ""dot_count"", ""url_length"", ""slash_count"", ""letter_count""]",,,,,,,0.06090630255596272,0.1334908597836036,0.007344412699561043,0.23402511515086458,,0.992655587300439,0.9925006475319968,0.0,0.0,0,${EXPERIMENT_ROOT}\part8_traditional_baselines_and_error_analysis\predictions\internal\phiusiil\s3\r06\rf\f_mi.parquet
0.9901048382575546,0.9900451215632348,,phiusiil,,162,191,0.0094897401500472,0.1335817000001498,3.7445114088734034e-06,0.9899411343436206,rf,20261007,20127,15547,35674,,0.9992277566045572,0.9877375449409348,0.9895799832765164,r06,0.9993282349625068,S3-domain,s3,rf_depth24_leaf2,"{""class_weight"": null, ""max_depth"": 24, ""max_features"": ""sqrt"", ""min_samples_leaf"": 2, ""n_estimators"": 200}",0.77,19936,,15385,61.84065760000021,0.9917109631557228,0.9992958059731012,f_permutation,15,"[""longest_repeated_char_run"", ""hostname_length"", ""registrable_domain_length"", ""token_mean_length"", ""subdomain_depth"", ""letter_ratio"", ""tld_length"", ""url_length"", ""token_max_length"", ""special_char_ratio"", ""char_type_transition_count"", ""path_segment_count"", ""path_length"", ""hyphen_count"", ""letter_count""]",,,,,,,0.012318622064534976,0.02946900618889723,0.0006717650374933631,0.05429503306752203,,0.9993282349625067,0.9992277566045572,-1.1102230246251565e-16,0.0,0,${EXPERIMENT_ROOT}\part8_traditional_baselines_and_error_analysis\predictions\internal\phiusiil\s3\r06\rf\f_permutation.parquet
0.9915624824802376,0.9917979711574156,,phiusiil,,99,202,0.0100362696874844,0.0978803999998945,2.7437461456493385e-06,0.9914274682088164,rf,20261007,20127,15547,35674,20260908.0,0.9990311845598352,0.9870926517571884,0.9936322120023156,r06,0.9992827209278072,S3-domain,s3,rf_depth24_leaf2,"{""class_weight"": null, ""max_depth"": 24, ""max_features"": ""sqrt"", ""min_samples_leaf"": 2, ""n_estimators"": 200}",0.72,19925,103.8763257999999,15448,83.16629839999996,0.9916268892607908,0.999057125734892,f_single,15,"[""longest_repeated_char_run"", ""hostname_length"", ""subdomain_depth"", ""letter_ratio"", ""url_length"", ""registrable_domain_length"", ""token_mean_length"", ""path_segment_count"", ""path_length"", ""letter_count"", ""token_max_length"", ""digit_count"", ""special_char_ratio"", ""char_type_transition_count"", ""digit_ratio""]",0.0421632000000045,19.52410729999997,200.0,200.0,0.0976205364999998,positive_class_probability,0.010617072690422434,0.027969175313334198,0.0007172806700734462,0.05147080581114267,,0.9992827193299265,0.999031195622926,-1.5978807166305842e-09,1.1063090776808338e-08,0,${EXPERIMENT_ROOT}\part6_stable_feature_selection\predictions\phiusiil\s3\r06\rf\f_single.parquet
0.9916746089589056,0.9919412499266692,,phiusiil,,93,204,0.0101356386942912,0.0906281000000035,2.5404524303415246e-06,0.9915418721604952,rf,20261007,20127,15547,35674,20260908.0,0.9990077832718712,0.9869715161578746,0.9940181385476298,r06,0.9992554930401764,S3-domain,s3,rf_depth24_leaf2,"{""class_weight"": null, ""max_depth"": 24, ""max_features"": ""sqrt"", ""min_samples_leaf"": 2, ""n_estimators"": 200}",0.72,19923,80.83427459999984,15454,63.623255999999856,0.9915415097991368,0.9990900276969932,f_stable,15,"[""longest_repeated_char_run"", ""hostname_length"", ""subdomain_depth"", ""registrable_domain_length"", ""letter_ratio"", ""url_length"", ""path_length"", ""char_type_transition_count"", ""token_mean_length"", ""path_segment_count"", ""token_max_length"", ""special_char_ratio"", ""digit_count"", ""letter_count"", ""digit_ratio""]",0.0315886000000773,16.330977100000155,200.0,200.0,0.0816548855000007,positive_class_probability,0.01083389634016283,0.02909941623360742,0.0007445069598235661,0.05274327026169066,,0.9992554930401766,0.9990077947156637,2.220446049250313e-16,1.1443792469201242e-08,0,${EXPERIMENT_ROOT}\part6_stable_feature_selection\predictions\phiusiil\s3\r06\rf\f_stable.parquet
0.9942535179682682,0.994175509027037,master,phiusiil,PhiUSIIL,100,105,0.0052168728573557,0.0319264000004295,8.949487021480508e-07,0.994157426964316,xgb,20261007,20127,15547,35674,20260908.0,0.9995081807834978,0.9932484567901234,0.9935678909114298,r06,0.9995048583068236,S3-domain,s3,xgb_d6_lr01_balanced,"{""colsample_bytree"": 0.9, ""learning_rate"": 0.1, ""max_depth"": 6, ""n_estimators"": 200, ""reg_lambda"": 1.0, ""scale_pos_weight"": 1.3542591267000716, ""subsample"": 0.9}",0.71,20022,20.415462500000103,15447,20.26748929999985,0.994242717488401,0.9994813103385128,f_all,35,"[""url_length"", ""hostname_length"", ""path_length"", ""query_length"", ""fragment_length"", ""digit_count"", ""letter_count"", ""special_char_count"", ""digit_ratio"", ""letter_ratio"", ""special_char_ratio"", ""dot_count"", ""hyphen_count"", ""underscore_count"", ""slash_count"", ""question_mark_count"", ""equals_sign_count"", ""percent_sign_count"", ""at_sign_count"", ""subdomain_depth"", ""path_segment_count"", ""query_parameter_count"", ""has_port"", ""has_userinfo"", ""host_is_ip"", ""tld_length"", ""registrable_domain_length"", ""domain_digit_ratio"", ""domain_hyphen_ratio"", ""url_char_entropy"", ""longest_repeated_char_run"", ""char_type_transition_count"", ""token_count"", ""token_mean_length"", ""token_max_length""]",0.075246800000059,0.048930499999642,200.0,200.0,0.0002446524999982,raw_margin,0.007148702122889681,0.018825282595122846,0.0004951416931762253,0.032801962350337756,,0.9995048583068237,0.9995081807834978,1.1102230246251565e-16,0.0,0,${EXPERIMENT_ROOT}\part4_baseline_models\predictions\internal\phiusiil\s3\r06\xgb.parquet
0.9940572966305992,0.9940308864400896,,phiusiil,,96,116,0.005763402394793,0.0298514000000977,8.367830913297579e-07,0.9939585858288568,xgb,20261007,20127,15547,35674,,0.9995530112984996,0.9925483394359864,0.9938251752749728,r06,0.9995529257549288,S3-domain,s3,xgb_d6_lr01_balanced,"{""colsample_bytree"": 0.9, ""learning_rate"": 0.1, ""max_depth"": 6, ""n_estimators"": 200, ""reg_lambda"": 1.0, ""scale_pos_weight"": 1.3542591267000716, ""subsample"": 0.9}",0.74,20011,,15451,17.020324700000174,0.9939284453340732,0.99949508087464,f_dcss_10,10,"[""hostname_length"", ""url_length"", ""longest_repeated_char_run"", ""path_length"", ""registrable_domain_length"", ""token_max_length"", ""subdomain_depth"", ""dot_count"", ""letter_ratio"", ""letter_count""]",,,,,,,0.007660044540674327,0.019250859087256062,0.0004470742450711023,0.034680609025681215,"[0, 1]",0.9995529257549289,0.9995530112984996,1.1102230246251565e-16,0.0,0,${EXPERIMENT_ROOT}\part11_dcss_innovation\predictions\main_comparison\internal\phiusiil\s3\r06\xgb\f_dcss_10.parquet
0.994449739305937,0.9941884023266434,,phiusiil,,122,76,0.0037760222586575,0.03026890000001,8.484862925382642e-07,0.994354813134933,xgb,20261007,20127,15547,35674,,0.9995169995403264,0.9950970905102896,0.9921528269119444,r06,0.9995050404652268,S3-domain,s3,xgb_d6_lr01_balanced,"{""colsample_bytree"": 0.9, ""learning_rate"": 0.1, ""max_depth"": 6, ""n_estimators"": 200, ""reg_lambda"": 1.0, ""scale_pos_weight"": 1.3542591267000716, ""subsample"": 0.9}",0.74,20051,,15425,17.453691599999956,0.994270588914346,0.9994757912584732,f_dcss_15,15,"[""hostname_length"", ""url_length"", ""longest_repeated_char_run"", ""path_length"", ""registrable_domain_length"", ""token_max_length"", ""subdomain_depth"", ""dot_count"", ""letter_ratio"", ""letter_count"", ""token_mean_length"", ""digit_count"", ""char_type_transition_count"", ""special_char_ratio"", ""slash_count""]",,,,,,,0.007024613631214535,0.018104294946665957,0.0004949595347730633,0.03271249268509154,"[0, 1]",0.9995050404652269,0.9995169995403264,1.1102230246251565e-16,0.0,0,${EXPERIMENT_ROOT}\part11_dcss_innovation\predictions\main_comparison\internal\phiusiil\s3\r06\xgb\f_dcss_15.parquet
0.9937489488142623,0.9934282984530192,,phiusiil,,141,82,0.0040741292790778,0.0321621000000504,9.015557548929328e-07,0.9936414249331909,xgb,20261007,20127,15547,35674,,0.9994847505972648,0.9947055785123968,0.990930726185116,r06,0.9994986089952906,S3-domain,s3,xgb_d6_lr01_balanced,"{""colsample_bytree"": 0.9, ""learning_rate"": 0.1, ""max_depth"": 6, ""n_estimators"": 200, ""reg_lambda"": 1.0, ""scale_pos_weight"": 1.3542591267000716, ""subsample"": 0.9}",0.74,20045,,15406,17.37629919999995,0.993100836758218,0.9994516440848888,f_dcss_20,20,"[""hostname_length"", ""url_length"", ""longest_repeated_char_run"", ""path_length"", ""registrable_domain_length"", ""token_max_length"", ""subdomain_depth"", ""dot_count"", ""letter_ratio"", ""letter_count"", ""token_mean_length"", ""digit_count"", ""char_type_transition_count"", ""special_char_ratio"", ""tld_length"", ""slash_count"", ""domain_hyphen_ratio"", ""digit_ratio"", ""url_char_entropy"", ""path_segment_count""]",,,,,,,0.0076340980617712745,0.01954462646041693,0.0005013910047093406,0.03461899375450409,"[0, 1]",0.9994986089952906,0.9994847505972648,0.0,0.0,0,${EXPERIMENT_ROOT}\part11_dcss_innovation\predictions\main_comparison\internal\phiusiil\s3\r06\xgb\f_dcss_20.parquet
0.9777989572237484,0.9754729079018714,,phiusiil,,663,129,0.0064093009390371,0.0320975000001908,8.997449122663802e-07,0.9773331469526764,xgb,20261007,20127,15547,35674,,0.9950874462819306,0.9914074468793712,0.95735511674278,r06,0.994515212078608,S3-domain,s3,xgb_d6_lr005,"{""colsample_bytree"": 0.9, ""learning_rate"": 0.05, ""max_depth"": 6, ""n_estimators"": 250, ""reg_lambda"": 1.0, ""scale_pos_weight"": 1.0, ""subsample"": 0.9}",0.94,19998,,14884,18.34477089999996,0.981314505284824,0.9952439271831818,f_mi,15,"[""longest_repeated_char_run"", ""subdomain_depth"", ""char_type_transition_count"", ""letter_ratio"", ""special_char_count"", ""token_count"", ""special_char_ratio"", ""path_length"", ""url_char_entropy"", ""path_segment_count"", ""token_mean_length"", ""dot_count"", ""url_length"", ""slash_count"", ""letter_count""]",,,,,,,0.06114613329614196,0.1379778995287765,0.0054847879213920266,0.23157899265295095,,0.9945152120786079,0.9950874462819306,-1.1102230246251565e-16,0.0,0,${EXPERIMENT_ROOT}\part8_traditional_baselines_and_error_analysis\predictions\internal\phiusiil\s3\r06\xgb\f_mi.parquet
0.994645960643606,0.994442799319708,,phiusiil,,111,80,0.003974760272271,0.0275235999999949,7.715310870660701e-07,0.99455499339923,xgb,20261007,20127,15547,35674,,0.9994856846362123,0.9948440319670018,0.9928603589116872,r06,0.9994214025942022,S3-domain,s3,xgb_d6_lr01_balanced,"{""colsample_bytree"": 0.9, ""learning_rate"": 0.1, ""max_depth"": 6, ""n_estimators"": 200, ""reg_lambda"": 1.0, ""scale_pos_weight"": 1.3542591267000716, ""subsample"": 0.9}",0.74,20047,,15436,18.29062879999992,0.9936725968851454,0.9994945647591642,f_permutation,15,"[""hostname_length"", ""url_length"", ""longest_repeated_char_run"", ""registrable_domain_length"", ""path_length"", ""tld_length"", ""token_max_length"", ""subdomain_depth"", ""dot_count"", ""char_type_transition_count"", ""digit_count"", ""letter_ratio"", ""slash_count"", ""token_mean_length"", ""url_char_entropy""]",,,,,,,0.0076132881420594425,0.02017536856717148,0.0005785974057978107,0.034102584586004736,,0.9994214025942022,0.9994856846362125,0.0,1.1102230246251565e-16,0,${EXPERIMENT_ROOT}\part8_traditional_baselines_and_error_analysis\predictions\internal\phiusiil\s3\r06\xgb\f_permutation.parquet
0.9942815495879352,0.994171078103774,,phiusiil,,104,100,0.0049684503403388,0.0326461999998173,9.151258619671842e-07,0.994185544409354,xgb,20261007,20127,15547,35674,20260908.0,0.9994823894359948,0.993566235604452,0.993310606547887,r06,0.9994685177053924,S3-domain,s3,xgb_d6_lr01_balanced,"{""colsample_bytree"": 0.9, ""learning_rate"": 0.1, ""max_depth"": 6, ""n_estimators"": 200, ""reg_lambda"": 1.0, ""scale_pos_weight"": 1.3542591267000716, ""subsample"": 0.9}",0.7,20027,19.85819749999996,15443,18.92168599999991,0.9933038799280868,0.999504414095981,f_single,15,"[""hostname_length"", ""longest_repeated_char_run"", ""url_length"", ""path_length"", ""subdomain_depth"", ""token_max_length"", ""registrable_domain_length"", ""char_type_transition_count"", ""dot_count"", ""token_mean_length"", ""digit_count"", ""letter_ratio"", ""special_char_ratio"", ""slash_count"", ""letter_count""]",0.0501973999998881,0.0270064999999704,200.0,200.0,0.0001350324999998,raw_margin,0.007501378229072608,0.018241663867914027,0.0005314822946074762,0.033707035149621256,,0.9994685177053925,0.9994823894359947,1.1102230246251565e-16,-1.1102230246251565e-16,0,${EXPERIMENT_ROOT}\part6_stable_feature_selection\predictions\phiusiil\s3\r06\xgb\f_single.parquet
0.994365644446936,0.9941285121590206,,phiusiil,,120,81,0.0040244447756744,0.0283458999999766,7.945814879177162e-07,0.9942695763834212,xgb,20261007,20127,15547,35674,20260908.0,0.999556235722334,0.9947768893474336,0.9922814690937158,r06,0.9995544772971172,S3-domain,s3,xgb_d6_lr01_balanced,"{""colsample_bytree"": 0.9, ""learning_rate"": 0.1, ""max_depth"": 6, ""n_estimators"": 200, ""reg_lambda"": 1.0, ""scale_pos_weight"": 1.3542591267000716, ""subsample"": 0.9}",0.75,20046,22.949745600000146,15427,22.1194372,0.994042465140006,0.9994724692644364,f_stable,14,"[""hostname_length"", ""longest_repeated_char_run"", ""url_length"", ""path_length"", ""registrable_domain_length"", ""token_max_length"", ""subdomain_depth"", ""char_type_transition_count"", ""dot_count"", ""token_mean_length"", ""letter_ratio"", ""digit_count"", ""letter_count"", ""special_char_ratio""]",0.0445654000000104,0.0227952999998706,200.0,200.0,0.0001139764999993,raw_margin,0.007173099140881249,0.018888276483165097,0.0004455227028827476,0.033276822719740806,,0.9995544772971172,0.9995562357223341,0.0,1.1102230246251565e-16,0,${EXPERIMENT_ROOT}\part6_stable_feature_selection\predictions\phiusiil\s3\r06\xgb\f_stable.parquet
0.9865728541795143,0.9864685819306106,master,phiusiil,PhiUSIIL,223,256,0.0127192328712674,0.0158387999999831,4.4398721758096e-07,0.9863511144649908,lr,20261008,20127,15547,35674,20260909.0,0.9956821831457257,0.983568677792041,0.9856563967324886,r07,0.9935198298548478,S3-domain,s3,lr_c1,"{""C"": 1.0, ""class_weight"": null}",0.86,19871,29.61352339999985,15324,29.46350399999983,0.9875494197485618,0.9949278378923626,f_all,35,"[""url_length"", ""hostname_length"", ""path_length"", ""query_length"", ""fragment_length"", ""digit_count"", ""letter_count"", ""special_char_count"", ""digit_ratio"", ""letter_ratio"", ""special_char_ratio"", ""dot_count"", ""hyphen_count"", ""underscore_count"", ""slash_count"", ""question_mark_count"", ""equals_sign_count"", ""percent_sign_count"", ""at_sign_count"", ""subdomain_depth"", ""path_segment_count"", ""query_parameter_count"", ""has_port"", ""has_userinfo"", ""host_is_ip"", ""tld_length"", ""registrable_domain_length"", ""domain_digit_ratio"", ""domain_hyphen_ratio"", ""url_char_entropy"", ""longest_repeated_char_run"", ""char_type_transition_count"", ""token_count"", ""token_mean_length"", ""token_max_length""]",0.0025083000000449,0.0065446999999494,200.0,200.0,3.2723499999747e-05,raw_log_odds,0.01994766085620892,0.04884032194347235,0.006490417354270691,0.12272708316205469,,0.9935095826457292,0.9956283937322284,-1.0247209118574574e-05,-5.378941349720723e-05,0,${EXPERIMENT_ROOT}\part4_baseline_models\predictions\internal\phiusiil\s3\r07\lr.parquet
0.8871446992207209,0.8851435949419136,,phiusiil,,2028,1998,0.0992696377999702,0.005841700000019,1.637523126091564e-07,0.8852280887849244,lr,20261008,20127,15547,35674,,0.936125560927718,0.8712379970355094,0.8695568276837975,r07,0.9192342924225726,S3-domain,s3,lr_c1,"{""C"": 1.0, ""class_weight"": null}",0.34,18129,,13519,15.002752299999884,0.907125428917306,0.928739149378038,f_dcss_10,10,"[""hostname_length"", ""path_segment_count"", ""letter_count"", ""path_length"", ""url_length"", ""token_mean_length"", ""dot_count"", ""query_length"", ""question_mark_count"", ""slash_count""]",,,,,,,0.09612158965938064,0.12636304633901416,0.0807657075774275,0.33805342870038146,"[0, 1]",0.9192342924225726,0.9361255609277181,0.0,1.1102230246251565e-16,0,${EXPERIMENT_ROOT}\part11_dcss_innovation\predictions\main_comparison\internal\phiusiil\s3\r07\lr\f_dcss_10.parquet
0.9817794472164602,0.9816350933903284,,phiusiil,,303,347,0.0172405226809758,0.0092447999998057,2.5914671749189225e-07,0.981480025805174,lr,20261008,20127,15547,35674,,0.994121369691534,0.977743570008338,0.9805107094616324,r07,0.9916353963804722,S3-domain,s3,lr_c01,"{""C"": 0.1, ""class_weight"": null}",0.95,19780,,15244,16.737258899999915,0.9773819750905276,0.9934698015939406,f_dcss_15,15,"[""hostname_length"", ""path_segment_count"", ""letter_count"", ""path_length"", ""url_length"", ""token_mean_length"", ""dot_count"", ""query_length"", ""question_mark_count"", ""slash_count"", ""digit_count"", ""hyphen_count"", ""token_max_length"", ""longest_repeated_char_run"", ""registrable_domain_length""]",,,,,,,0.04338602507625081,0.1073085585529891,0.008364603619527742,0.22811975481875504,"[0, 1]",0.9916353963804722,0.9941213696915339,0.0,-1.1102230246251565e-16,0,${EXPERIMENT_ROOT}\part11_dcss_innovation\predictions\main_comparison\internal\phiusiil\s3\r07\lr\f_dcss_15.parquet
0.9823961428491338,0.9825329010273413,,phiusiil,,255,373,0.0185323197694639,0.0155091999999967,4.347479957391036e-07,0.9821163663178668,lr,20261008,20127,15547,35674,,0.9950433906262252,0.9761889562719438,0.9835981218241462,r07,0.9925590737064958,S3-domain,s3,lr_c1_balanced,"{""C"": 1.0, ""class_weight"": ""balanced""}",0.95,19754,,15292,17.369887199999994,0.9789469557514784,0.9935037559733408,f_dcss_20,20,"[""hostname_length"", ""path_segment_count"", ""letter_count"", ""path_length"", ""url_length"", ""token_mean_length"", ""dot_count"", ""query_length"", ""question_mark_count"", ""slash_count"", ""digit_count"", ""hyphen_count"", ""token_max_length"", ""longest_repeated_char_run"", ""char_type_transition_count"", ""registrable_domain_length"", ""special_char_ratio"", ""digit_ratio"", ""query_parameter_count"", ""equals_sign_count""]",,,,,,,0.03929546137395733,0.08112518653960121,0.007440926293504186,0.20786518622075154,"[0, 1]",0.9925590737064958,0.9950433906262253,0.0,1.1102230246251565e-16,0,${EXPERIMENT_ROOT}\part11_dcss_innovation\predictions\main_comparison\internal\phiusiil\s3\r07\lr\f_dcss_20.parquet
0.9770421034927398,0.9751680817929836,,phiusiil,,613,206,0.010235007701098,0.0067503999998734,1.8922464539646466e-07,0.9765845115786778,lr,20261008,20127,15547,35674,,0.9885457222228392,0.9863936591809777,0.960571171287065,r07,0.9846904682442152,S3-domain,s3,lr_c1_balanced,"{""C"": 1.0, ""class_weight"": ""balanced""}",0.93,19921,,14934,16.65002370000002,0.9759984558547508,0.9875983670402488,f_mi,15,"[""longest_repeated_char_run"", ""subdomain_depth"", ""char_type_transition_count"", ""letter_ratio"", ""special_char_count"", ""token_count"", ""special_char_ratio"", ""url_char_entropy"", ""token_mean_length"", ""path_segment_count"", ""path_length"", ""url_length"", ""dot_count"", ""slash_count"", ""letter_count""]",,,,,,,0.08385467772173315,0.1769104100695972,0.015309531755784679,0.32036826957979836,,0.9846904682442152,0.9885457222228391,0.0,-1.1102230246251565e-16,0,${EXPERIMENT_ROOT}\part8_traditional_baselines_and_error_analysis\predictions\internal\phiusiil\s3\r07\lr\f_mi.parquet
0.980349834613444,0.9795997177107204,,phiusiil,,408,293,0.0145575594971928,0.009156399999938,2.566687223170377e-07,0.9800034791703496,lr,20261008,20127,15547,35674,,0.9918152784945026,0.9810134784862624,0.9737569949186338,r07,0.987839707405796,S3-domain,s3,lr_c01,"{""C"": 0.1, ""class_weight"": null}",0.93,19834,,15139,18.304072599999927,0.9773946019897513,0.990205322328759,f_permutation,15,"[""hostname_length"", ""path_segment_count"", ""path_length"", ""letter_count"", ""token_mean_length"", ""url_length"", ""query_length"", ""longest_repeated_char_run"", ""slash_count"", ""token_max_length"", ""dot_count"", ""hyphen_count"", ""subdomain_depth"", ""question_mark_count"", ""registrable_domain_length""]",,,,,,,0.046677399345907616,0.11175930918850979,0.012160292594204074,0.23932862867856267,,0.9878397074057961,0.9918152784945026,1.1102230246251565e-16,0.0,0,${EXPERIMENT_ROOT}\part8_traditional_baselines_and_error_analysis\predictions\internal\phiusiil\s3\r07\lr\f_permutation.parquet
0.9791725065874306,0.9769243636349714,,phiusiil,,631,112,0.0055646643811795,0.0062856000001829,1.7619554858392577e-07,0.9787381285119684,lr,20261008,20127,15547,35674,20260909.0,0.9889078731743008,0.9925472451424008,0.9594133916511224,r07,0.9823784051353662,S3-domain,s3,lr_c1,"{""C"": 1.0, ""class_weight"": null}",0.92,20015,17.891645599999947,14916,17.071754900000087,0.9768631036104148,0.9862859554205377,f_single,15,"[""hostname_length"", ""letter_count"", ""query_length"", ""path_segment_count"", ""url_length"", ""path_length"", ""dot_count"", ""question_mark_count"", ""slash_count"", ""token_mean_length"", ""query_parameter_count"", ""token_max_length"", ""longest_repeated_char_run"", ""hyphen_count"", ""underscore_count""]",0.0007811999998921,0.0047566999999162,200.0,200.0,2.378349999958118e-05,raw_log_odds,0.03518601972502359,0.0773146338911668,0.017621591668872304,0.2064382351760699,,0.9823784083311277,0.9889078935283919,3.1957614332611683e-09,2.0354091079255454e-08,0,${EXPERIMENT_ROOT}\part6_stable_feature_selection\predictions\phiusiil\s3\r07\lr\f_single.parquet
0.9789762852497618,0.9766919215231304,,phiusiil,,639,111,0.0055149798777761,0.0057976000000508,1.625161181827327e-07,0.97853623314403,lr,20261008,20127,15547,35674,20260909.0,0.9888515215169824,0.9926093614754644,0.9588988229240368,r07,0.982357412178342,S3-domain,s3,lr_c1,"{""C"": 1.0, ""class_weight"": null}",0.93,20016,19.7590467,14908,18.971540499999943,0.9765459730607752,0.985913564507262,f_stable,14,"[""letter_count"", ""hostname_length"", ""path_segment_count"", ""query_length"", ""path_length"", ""url_length"", ""slash_count"", ""dot_count"", ""token_mean_length"", ""question_mark_count"", ""token_max_length"", ""longest_repeated_char_run"", ""hyphen_count"", ""query_parameter_count""]",0.0007045999998354,0.005038900000045,200.0,200.0,2.519450000022516e-05,raw_log_odds,0.03659402236823043,0.07954206810276206,0.017642587821658062,0.20920318905188662,,0.9823574121783419,0.9888515418706882,-1.1102230246251565e-16,2.035370583186591e-08,0,${EXPERIMENT_ROOT}\part6_stable_feature_selection\predictions\phiusiil\s3\r07\lr\f_stable.parquet
0.9885630991758704,0.9883933842637362,master,phiusiil,PhiUSIIL,201,207,0.0102846922045014,0.1072776999999405,3.0071676851471806e-06,0.9883719396334368,rf,20261008,20127,15547,35674,20260909.0,0.9983381911372584,0.9866906706101716,0.987071460731974,r07,0.9987853677677012,S3-domain,s3,rf_depth24_leaf2,"{""class_weight"": null, ""max_depth"": 24, ""max_features"": ""sqrt"", ""min_samples_leaf"": 2, ""n_estimators"": 200}",0.85,19920,64.54567080000015,15346,64.35207600000012,0.9917620049911804,0.9992465182724636,f_all,35,"[""url_length"", ""hostname_length"", ""path_length"", ""query_length"", ""fragment_length"", ""digit_count"", ""letter_count"", ""special_char_count"", ""digit_ratio"", ""letter_ratio"", ""special_char_ratio"", ""dot_count"", ""hyphen_count"", ""underscore_count"", ""slash_count"", ""question_mark_count"", ""equals_sign_count"", ""percent_sign_count"", ""at_sign_count"", ""subdomain_depth"", ""path_segment_count"", ""query_parameter_count"", ""has_port"", ""has_userinfo"", ""host_is_ip"", ""tld_length"", ""registrable_domain_length"", ""domain_digit_ratio"", ""domain_hyphen_ratio"", ""url_char_entropy"", ""longest_repeated_char_run"", ""char_type_transition_count"", ""token_count"", ""token_mean_length"", ""token_max_length""]",0.0773567000001094,37.0072169,200.0,200.0,0.1850360845,positive_class_probability,0.0162799744080002,0.04008623312145372,0.001214632232298597,0.07335759720434523,,0.9987853677677014,0.9983382148522963,2.220446049250313e-16,2.3715037933413896e-08,0,${EXPERIMENT_ROOT}\part4_baseline_models\predictions\internal\phiusiil\s3\r07\rf.parquet
0.990777597129562,0.991102388109768,,phiusiil,,99,230,0.0114274357827793,0.0869900999998662,2.438473397989188e-06,0.9906318925987936,rf,20261008,20127,15547,35674,,0.9992870553737404,0.9853297614491644,0.9936322120023156,r07,0.9994086227441276,S3-domain,s3,rf_depth24_leaf2,"{""class_weight"": null, ""max_depth"": 24, ""max_features"": ""sqrt"", ""min_samples_leaf"": 2, ""n_estimators"": 200}",0.8,19897,,15448,47.59018089999995,0.992963630916298,0.999527529068726,f_dcss_10,10,"[""longest_repeated_char_run"", ""hostname_length"", ""registrable_domain_length"", ""subdomain_depth"", ""letter_ratio"", ""token_mean_length"", ""special_char_ratio"", ""url_length"", ""token_max_length"", ""char_type_transition_count""]",,,,,,,0.01108974936959242,0.024126499804574004,0.0005913772558724304,0.04747840123099877,"[0, 1]",0.9994086227441277,0.9992870553737404,1.1102230246251565e-16,0.0,0,${EXPERIMENT_ROOT}\part11_dcss_innovation\predictions\main_comparison\internal\phiusiil\s3\r07\rf\f_dcss_10.parquet
0.9904972809328924,0.9905319606681402,,phiusiil,,143,196,0.0097381626670641,0.0867550000000392,2.4318831642103275e-06,0.9903417503498512,rf,20261008,20127,15547,35674,,0.9988906563898058,0.9874358974358974,0.9908020840033448,r07,0.9991315901726489,S3-domain,s3,rf_depth24_leaf2,"{""class_weight"": null, ""max_depth"": 24, ""max_features"": ""sqrt"", ""min_samples_leaf"": 2, ""n_estimators"": 200}",0.8,19931,,15404,44.797683000000006,0.9927599521273232,0.9993564773515804,f_dcss_15,15,"[""longest_repeated_char_run"", ""hostname_length"", ""registrable_domain_length"", ""subdomain_depth"", ""letter_ratio"", ""url_length"", ""token_mean_length"", ""special_char_ratio"", ""token_max_length"", ""char_type_transition_count"", ""letter_count"", ""path_length"", ""path_segment_count"", ""digit_ratio"", ""digit_count""]",,,,,,,0.011428841740576026,0.026920140984945686,0.0008684098273512538,0.053360436424793024,"[0, 1]",0.9991315901726487,0.9988906563898058,-1.1102230246251565e-16,0.0,0,${EXPERIMENT_ROOT}\part11_dcss_innovation\predictions\main_comparison\internal\phiusiil\s3\r07\rf\f_dcss_15.parquet
0.9888434153725404,0.9889199019429172,,phiusiil,,163,235,0.0116758582997962,0.0880637999998725,2.4685709480258053e-06,0.9886623704025654,rf,20261008,20127,15547,35674,,0.998665960882541,0.9849542224214098,0.9895156621856308,r07,0.9990770592969928,S3-domain,s3,rf_depth24_leaf2,"{""class_weight"": null, ""max_depth"": 24, ""max_features"": ""sqrt"", ""min_samples_leaf"": 2, ""n_estimators"": 200}",0.81,19892,,15384,48.233041600000206,0.9916783802505538,0.9991676295835312,f_dcss_20,20,"[""longest_repeated_char_run"", ""hostname_length"", ""registrable_domain_length"", ""subdomain_depth"", ""letter_ratio"", ""url_length"", ""token_mean_length"", ""special_char_ratio"", ""token_max_length"", ""char_type_transition_count"", ""letter_count"", ""path_length"", ""path_segment_count"", ""digit_ratio"", ""digit_count"", ""token_count"", ""special_char_count"", ""dot_count"", ""domain_hyphen_ratio"", ""tld_length""]",,,,,,,0.013440439826518885,0.030688778260311512,0.0009229407030072661,0.06158804808920813,"[0, 1]",0.9990770592969928,0.998665960882541,0.0,0.0,0,${EXPERIMENT_ROOT}\part11_dcss_innovation\predictions\main_comparison\internal\phiusiil\s3\r07\rf\f_dcss_20.parquet
0.9765095027190672,0.9749961290540388,,phiusiil,,572,266,0.0132160779053013,0.105978099999902,2.9707377922268893e-06,0.9760604268575656,rf,20261008,20127,15547,35674,,0.9943367616423952,0.982547076963454,0.9632083360133789,r07,0.9943674656348344,S3-domain,s3,rf_depth16_leaf1,"{""class_weight"": null, ""max_depth"": 16, ""max_features"": ""sqrt"", ""min_samples_leaf"": 1, ""n_estimators"": 200}",0.94,19861,,14975,57.81862109999997,0.9694274887725716,0.9924411473508028,f_mi,15,"[""longest_repeated_char_run"", ""subdomain_depth"", ""char_type_transition_count"", ""letter_ratio"", ""special_char_count"", ""token_count"", ""special_char_ratio"", ""url_char_entropy"", ""token_mean_length"", ""path_segment_count"", ""path_length"", ""url_length"", ""dot_count"", ""slash_count"", ""letter_count""]",,,,,,,0.060856173318413795,0.13644128386720378,0.0056325343651654446,0.232711744239979,,0.9943674656348345,0.9943367616423953,1.1102230246251565e-16,1.1102230246251565e-16,0,${EXPERIMENT_ROOT}\part8_traditional_baselines_and_error_analysis\predictions\internal\phiusiil\s3\r07\rf\f_mi.parquet
0.9896563323428827,0.9895817808923372,,phiusiil,,171,198,0.0098375316738709,0.0888674000000264,2.491097157594508e-06,0.989485055491858,rf,20261008,20127,15547,35674,,0.9993530305940014,0.9872865031462694,0.989001093458545,r07,0.9994251096774944,S3-domain,s3,rf_depth24_leaf2,"{""class_weight"": null, ""max_depth"": 24, ""max_features"": ""sqrt"", ""min_samples_leaf"": 2, ""n_estimators"": 200}",0.83,19929,,15376,62.520128399999976,0.993414820213115,0.9995089405199546,f_permutation,15,"[""longest_repeated_char_run"", ""hostname_length"", ""registrable_domain_length"", ""subdomain_depth"", ""letter_ratio"", ""token_mean_length"", ""url_length"", ""letter_count"", ""special_char_ratio"", ""path_segment_count"", ""path_length"", ""domain_hyphen_ratio"", ""token_max_length"", ""hyphen_count"", ""dot_count""]",,,,,,,0.011919367714699028,0.028657416793796766,0.0005748903225053497,0.05238973545614201,,0.9994251096774945,0.9993530305940014,1.1102230246251565e-16,0.0,0,${EXPERIMENT_ROOT}\part8_traditional_baselines_and_error_analysis\predictions\internal\phiusiil\s3\r07\rf\f_permutation.parquet
0.9889275102315412,0.9885406944860706,,phiusiil,,225,170,0.008446365578576,0.0977199999999811,2.739249873857184e-06,0.9887373870734972,rf,20261008,20127,15547,35674,20260909.0,0.9990114935601762,0.9890265943712884,0.9855277545507172,r07,0.9992369783961637,S3-domain,s3,rf_depth24_leaf2,"{""class_weight"": null, ""max_depth"": 24, ""max_features"": ""sqrt"", ""min_samples_leaf"": 2, ""n_estimators"": 200}",0.85,19957,72.49034180000012,15322,55.12297620000004,0.992357958679478,0.9993475361861236,f_single,15,"[""longest_repeated_char_run"", ""hostname_length"", ""subdomain_depth"", ""registrable_domain_length"", ""letter_ratio"", ""url_length"", ""path_length"", ""token_mean_length"", ""path_segment_count"", ""char_type_transition_count"", ""digit_ratio"", ""digit_count"", ""token_max_length"", ""letter_count"", ""special_char_ratio""]",0.0344571999999061,16.45971080000004,200.0,200.0,0.0822985540000001,positive_class_probability,0.01146242222462849,0.02615294323368648,0.0007630551593317231,0.053020401190762255,,0.9992369448406684,0.9990114021131483,-3.355549527128687e-08,-9.144702783903114e-08,0,${EXPERIMENT_ROOT}\part6_stable_feature_selection\predictions\phiusiil\s3\r07\rf\f_single.parquet
0.9896283007232158,0.9893886178845888,,phiusiil,,194,176,0.0087444725989963,0.167965200000026,4.70833660368969e-06,0.989453090461244,rf,20261008,20127,15547,35674,20260909.0,0.998888047382552,0.988666366153648,0.987521708368174,r07,0.9991298564720572,S3-domain,s3,rf_depth24_leaf2,"{""class_weight"": null, ""max_depth"": 24, ""max_features"": ""sqrt"", ""min_samples_leaf"": 2, ""n_estimators"": 200}",0.84,19951,78.29627959999993,15353,57.77730399999996,0.9925586128591204,0.9993270191193564,f_stable,15,"[""longest_repeated_char_run"", ""hostname_length"", ""subdomain_depth"", ""registrable_domain_length"", ""letter_ratio"", ""path_length"", ""url_length"", ""char_type_transition_count"", ""token_mean_length"", ""path_segment_count"", ""token_max_length"", ""special_char_ratio"", ""digit_ratio"", ""digit_count"", ""letter_count""]",0.1035253999998531,18.462193699999943,200.0,200.0,0.0923109684999997,positive_class_probability,0.011483518070209772,0.026872567088187235,0.0008701579088693386,0.05353195153612493,,0.9991298420911306,0.9988880329994816,-1.438092656069756e-08,-1.4383070401358111e-08,0,${EXPERIMENT_ROOT}\part6_stable_feature_selection\predictions\phiusiil\s3\r07\rf\f_stable.parquet
0.99265571564725,0.99212280912456,master,phiusiil,PhiUSIIL,187,75,0.0037263377552541,0.0339994000000842,9.530582497080304e-07,0.9925264329736792,xgb,20261008,20127,15547,35674,20260909.0,0.9995312007448488,0.9951409135082604,0.9879719560043738,r07,0.9995287961580326,S3-domain,s3,xgb_d6_lr01_balanced,"{""colsample_bytree"": 0.9, ""learning_rate"": 0.1, ""max_depth"": 6, ""n_estimators"": 200, ""reg_lambda"": 1.0, ""scale_pos_weight"": 1.3542785150825352, ""subsample"": 0.9}",0.88,20052,20.86638189999985,15360,20.72756449999997,0.9950371175270948,0.9994988569432572,f_all,35,"[""url_length"", ""hostname_length"", ""path_length"", ""query_length"", ""fragment_length"", ""digit_count"", ""letter_count"", ""special_char_count"", ""digit_ratio"", ""letter_ratio"", ""special_char_ratio"", ""dot_count"", ""hyphen_count"", ""underscore_count"", ""slash_count"", ""question_mark_count"", ""equals_sign_count"", ""percent_sign_count"", ""at_sign_count"", ""subdomain_depth"", ""path_segment_count"", ""query_parameter_count"", ""has_port"", ""has_userinfo"", ""host_is_ip"", ""tld_length"", ""registrable_domain_length"", ""domain_digit_ratio"", ""domain_hyphen_ratio"", ""url_char_entropy"", ""longest_repeated_char_run"", ""char_type_transition_count"", ""token_count"", ""token_mean_length"", ""token_max_length""]",0.1015317999999751,0.0435173000000759,200.0,200.0,0.0002175865000003,raw_margin,0.008323889268805972,0.01944229638672015,0.00047120384196743496,0.035827427936085315,,0.9995287961580326,0.9995312007448488,0.0,0.0,0,${EXPERIMENT_ROOT}\part4_baseline_models\predictions\internal\phiusiil\s3\r07\xgb.parquet
0.9931322531815888,0.9926183103409002,,phiusiil,,177,68,0.0033785462314304,0.0287367999999332,8.055390480443259e-07,0.993011516342028,xgb,20261008,20127,15547,35674,,0.999550862460262,0.9955952843632596,0.9886151669132308,r07,0.999562442732554,S3-domain,s3,xgb_d6_lr01_balanced,"{""colsample_bytree"": 0.9, ""learning_rate"": 0.1, ""max_depth"": 6, ""n_estimators"": 200, ""reg_lambda"": 1.0, ""scale_pos_weight"": 1.3542785150825352, ""subsample"": 0.9}",0.84,20059,,15370,16.64501700000028,0.99449597507533,0.9994864741640774,f_dcss_10,10,"[""hostname_length"", ""url_length"", ""longest_repeated_char_run"", ""registrable_domain_length"", ""path_length"", ""token_max_length"", ""subdomain_depth"", ""dot_count"", ""letter_ratio"", ""letter_count""]",,,,,,,0.0073331169050084325,0.017884187491191573,0.00043755726744613976,0.033321575665165026,"[0, 1]",0.999562442732554,0.9995508624602619,0.0,-1.1102230246251565e-16,0,${EXPERIMENT_ROOT}\part11_dcss_innovation\predictions\main_comparison\internal\phiusiil\s3\r07\xgb\f_dcss_10.parquet
0.9925716207882492,0.9919458262570786,,phiusiil,,201,64,0.0031798082178168,0.030577600000015,8.571396535296037e-07,0.992439435736402,xgb,20261008,20127,15547,35674,,0.999504835725829,0.9958468526930564,0.987071460731974,r07,0.999512069542556,S3-domain,s3,xgb_d6_lr01_balanced,"{""colsample_bytree"": 0.9, ""learning_rate"": 0.1, ""max_depth"": 6, ""n_estimators"": 200, ""reg_lambda"": 1.0, ""scale_pos_weight"": 1.3542785150825352, ""subsample"": 0.9}",0.88,20063,,15346,16.836254099999678,0.9937806403713664,0.999372199486694,f_dcss_15,15,"[""hostname_length"", ""url_length"", ""longest_repeated_char_run"", ""registrable_domain_length"", ""path_length"", ""token_max_length"", ""subdomain_depth"", ""dot_count"", ""letter_ratio"", ""letter_count"", ""token_mean_length"", ""digit_count"", ""char_type_transition_count"", ""special_char_ratio"", ""tld_length""]",,,,,,,0.008092098898172818,0.018095888596805478,0.000487930457443947,0.034972036693079224,"[0, 1]",0.9995120695425561,0.999504835725829,1.1102230246251565e-16,0.0,0,${EXPERIMENT_ROOT}\part11_dcss_innovation\predictions\main_comparison\internal\phiusiil\s3\r07\xgb\f_dcss_15.parquet
0.9922072097325784,0.9915643306350272,,phiusiil,,209,69,0.0034282307348338,0.0311604999997143,8.734792846250596e-07,0.9920683605440984,xgb,20261008,20127,15547,35674,,0.9995524203644608,0.9955215161939378,0.9865568920048884,r07,0.9995790143535996,S3-domain,s3,xgb_d6_lr01_balanced,"{""colsample_bytree"": 0.9, ""learning_rate"": 0.1, ""max_depth"": 6, ""n_estimators"": 200, ""reg_lambda"": 1.0, ""scale_pos_weight"": 1.3542785150825352, ""subsample"": 0.9}",0.87,20058,,15338,17.255886700000246,0.9943513941389248,0.9993511966954272,f_dcss_20,20,"[""hostname_length"", ""url_length"", ""longest_repeated_char_run"", ""registrable_domain_length"", ""path_length"", ""token_max_length"", ""subdomain_depth"", ""dot_count"", ""letter_ratio"", ""letter_count"", ""token_mean_length"", ""digit_count"", ""char_type_transition_count"", ""special_char_ratio"", ""tld_length"", ""slash_count"", ""path_segment_count"", ""domain_hyphen_ratio"", ""digit_ratio"", ""url_char_entropy""]",,,,,,,0.00810290834554252,0.018378290338917906,0.00042098564640039005,0.035120091605932685,"[0, 1]",0.9995790143535995,0.9995524203644609,-1.1102230246251565e-16,1.1102230246251565e-16,0,${EXPERIMENT_ROOT}\part11_dcss_innovation\predictions\main_comparison\internal\phiusiil\s3\r07\xgb\f_dcss_20.parquet
0.9825923641868028,0.981638325903044,,phiusiil,,401,220,0.0109305907487454,0.0311501999999563,8.731905589492735e-07,0.9822766911023354,xgb,20261008,20127,15547,35674,,0.9962248065934436,0.985682676038006,0.9742072425548336,r07,0.995597936060924,S3-domain,s3,xgb_d6_lr005,"{""colsample_bytree"": 0.9, ""learning_rate"": 0.05, ""max_depth"": 6, ""n_estimators"": 250, ""reg_lambda"": 1.0, ""scale_pos_weight"": 1.0, ""subsample"": 0.9}",0.94,19907,,15146,18.47117479999997,0.9781950565428656,0.9948770493243896,f_mi,15,"[""longest_repeated_char_run"", ""subdomain_depth"", ""char_type_transition_count"", ""letter_ratio"", ""special_char_count"", ""token_count"", ""special_char_ratio"", ""url_char_entropy"", ""token_mean_length"", ""path_segment_count"", ""path_length"", ""url_length"", ""dot_count"", ""slash_count"", ""letter_count""]",,,,,,,0.06182424822812719,0.14020983571001935,0.004402063939075952,0.2364194729088899,,0.9955979360609241,0.9962248065934436,1.1102230246251565e-16,0.0,0,${EXPERIMENT_ROOT}\part8_traditional_baselines_and_error_analysis\predictions\internal\phiusiil\s3\r07\xgb\f_mi.parquet
0.9911700398049,0.9910623100653104,,phiusiil,,152,163,0.0080985740547523,0.027824899999814,7.799770140666614e-07,0.9910227812590514,xgb,20261008,20127,15547,35674,,0.9994009605568605,0.9895230749453656,0.9902231941853734,r07,0.999389793317611,S3-domain,s3,xgb_d6_lr01_balanced,"{""colsample_bytree"": 0.9, ""learning_rate"": 0.1, ""max_depth"": 6, ""n_estimators"": 200, ""reg_lambda"": 1.0, ""scale_pos_weight"": 1.3542785150825352, ""subsample"": 0.9}",0.69,19964,,15395,17.86460749999992,0.9937591949743858,0.9994622502524458,f_permutation,15,"[""hostname_length"", ""url_length"", ""longest_repeated_char_run"", ""subdomain_depth"", ""path_length"", ""dot_count"", ""letter_count"", ""special_char_ratio"", ""registrable_domain_length"", ""token_mean_length"", ""domain_hyphen_ratio"", ""url_char_entropy"", ""char_type_transition_count"", ""path_segment_count"", ""letter_ratio""]",,,,,,,0.00830473084502601,0.018517610996204702,0.0006102066823889822,0.03681426166711774,,0.999389793317611,0.9994009605568605,0.0,0.0,0,${EXPERIMENT_ROOT}\part8_traditional_baselines_and_error_analysis\predictions\internal\phiusiil\s3\r07\xgb\f_permutation.parquet
0.992795873745585,0.992422659432856,,phiusiil,,163,94,0.0046703433199185,0.0353004000000964,9.895273868951193e-07,0.9926714120303688,xgb,20261008,20127,15547,35674,20260909.0,0.9995364703826176,0.993926863935909,0.9895156621856308,r07,0.9995634573868172,S3-domain,s3,xgb_d6_lr01_balanced,"{""colsample_bytree"": 0.9, ""learning_rate"": 0.1, ""max_depth"": 6, ""n_estimators"": 200, ""reg_lambda"": 1.0, ""scale_pos_weight"": 1.3542785150825352, ""subsample"": 0.9}",0.82,20033,28.46876969999994,15384,27.06000310000013,0.9943828213321904,0.9994511137400738,f_single,15,"[""hostname_length"", ""longest_repeated_char_run"", ""url_length"", ""path_length"", ""subdomain_depth"", ""registrable_domain_length"", ""token_max_length"", ""dot_count"", ""token_mean_length"", ""digit_count"", ""char_type_transition_count"", ""letter_ratio"", ""slash_count"", ""letter_count"", ""special_char_ratio""]",0.0627044999998815,0.0288736999998491,200.0,200.0,0.0001443684999992,raw_margin,0.007927857175552562,0.017657517406052984,0.0004365426131829014,0.03444937353703375,,0.9995634573868172,0.9995364703826175,0.0,-1.1102230246251565e-16,0,${EXPERIMENT_ROOT}\part6_stable_feature_selection\predictions\phiusiil\s3\r07\xgb\f_single.parquet
0.9922352413522452,0.9922478193234332,,phiusiil,,119,158,0.0078501515377353,0.0331386999998812,9.289314346549668e-07,0.9921073556713256,xgb,20261008,20127,15547,35674,20260909.0,0.9995007001277048,0.989862697292442,0.9923457901846016,r07,0.9994814014177144,S3-domain,s3,xgb_d6_lr01_balanced,"{""colsample_bytree"": 0.9, ""learning_rate"": 0.1, ""max_depth"": 6, ""n_estimators"": 200, ""reg_lambda"": 1.0, ""scale_pos_weight"": 1.3542785150825352, ""subsample"": 0.9}",0.69,19969,28.29968320000012,15428,26.88300409999988,0.9943570929280422,0.9994272892729316,f_stable,14,"[""hostname_length"", ""longest_repeated_char_run"", ""url_length"", ""path_length"", ""registrable_domain_length"", ""subdomain_depth"", ""token_max_length"", ""char_type_transition_count"", ""dot_count"", ""digit_count"", ""letter_ratio"", ""token_mean_length"", ""slash_count"", ""letter_count""]",0.0584506999998666,0.0326623000000836,200.0,200.0,0.0001633115000004,raw_margin,0.007837830743723033,0.018234576463772238,0.0005185985822854362,0.03468258858299903,,0.9994814014177145,0.9995007001277048,1.1102230246251565e-16,0.0,0,${EXPERIMENT_ROOT}\part6_stable_feature_selection\predictions\phiusiil\s3\r07\xgb\f_stable.parquet
0.9853114312945002,0.9842822097178254,master,phiusiil,PhiUSIIL,369,155,0.0077010980275252,0.0236571999998886,6.631496327826621e-07,0.9850412927811958,lr,20261009,20127,15547,35674,20260910.0,0.9968199348738208,0.9898910845887954,0.976265517463176,r08,0.9953518927883132,S3-domain,s3,lr_c1_balanced,"{""C"": 1.0, ""class_weight"": ""balanced""}",0.95,19972,26.11393230000021,15178,25.98862550000013,0.9867105881267432,0.994190071908828,f_all,35,"[""url_length"", ""hostname_length"", ""path_length"", ""query_length"", ""fragment_length"", ""digit_count"", ""letter_count"", ""special_char_count"", ""digit_ratio"", ""letter_ratio"", ""special_char_ratio"", ""dot_count"", ""hyphen_count"", ""underscore_count"", ""slash_count"", ""question_mark_count"", ""equals_sign_count"", ""percent_sign_count"", ""at_sign_count"", ""subdomain_depth"", ""path_segment_count"", ""query_parameter_count"", ""has_port"", ""has_userinfo"", ""host_is_ip"", ""tld_length"", ""registrable_domain_length"", ""domain_digit_ratio"", ""domain_hyphen_ratio"", ""url_char_entropy"", ""longest_repeated_char_run"", ""char_type_transition_count"", ""token_count"", ""token_mean_length"", ""token_max_length""]",0.0022406000000501,0.0055591999998796,200.0,200.0,2.7795999999398e-05,raw_log_odds,0.020371091455474256,0.0562917221684171,0.004648727189409702,0.11907556906895454,,0.9953512728105903,0.9968170693942394,-6.199777228266257e-07,-2.86547958139316e-06,0,${EXPERIMENT_ROOT}\part4_baseline_models\predictions\internal\phiusiil\s3\r08\lr.parquet
0.9038515445422436,0.9050431093999683,,phiusiil,,1332,2098,0.104238088140309,0.0058203999997203,1.6315523910187797e-07,0.9027398312969728,lr,20261009,20127,15547,35674,,0.9426875308458792,0.8713909152209894,0.9143243069402456,r08,0.9289893622656356,S3-domain,s3,lr_c1_balanced,"{""C"": 1.0, ""class_weight"": ""balanced""}",0.29,18029,,14215,15.35508549999986,0.8993492780763914,0.9183322878752594,f_dcss_10,10,"[""hostname_length"", ""letter_count"", ""path_segment_count"", ""path_length"", ""query_length"", ""url_length"", ""question_mark_count"", ""dot_count"", ""token_mean_length"", ""slash_count""]",,,,,,,0.09172159194968695,0.13284082994010005,0.0710106377343644,0.31389040410567326,"[0, 1]",0.9289893622656356,0.9426875308458792,0.0,0.0,0,${EXPERIMENT_ROOT}\part11_dcss_innovation\predictions\main_comparison\internal\phiusiil\s3\r08\lr\f_dcss_10.parquet
0.978752032292426,0.9779495239640068,,phiusiil,,440,318,0.0157996720822775,0.0083826000000044,2.349778550205881e-07,0.9783763764869556,lr,20261009,20127,15547,35674,,0.9947859137205944,0.9793841166936792,0.9716987200102912,r08,0.9931637357427534,S3-domain,s3,lr_c01,"{""C"": 0.1, ""class_weight"": null}",0.95,19809,,15107,17.110439900000074,0.98073768761056,0.991502232306715,f_dcss_15,15,"[""hostname_length"", ""letter_count"", ""path_segment_count"", ""path_length"", ""query_length"", ""url_length"", ""question_mark_count"", ""dot_count"", ""token_mean_length"", ""slash_count"", ""token_max_length"", ""hyphen_count"", ""digit_count"", ""longest_repeated_char_run"", ""registrable_domain_length""]",,,,,,,0.04304685092652833,0.10486724174183783,0.006836264257246597,0.21861765040450448,"[0, 1]",0.9931637357427534,0.9947859137205944,0.0,0.0,0,${EXPERIMENT_ROOT}\part11_dcss_innovation\predictions\main_comparison\internal\phiusiil\s3\r08\lr\f_dcss_15.parquet
0.980405897852778,0.979334715583254,,phiusiil,,451,248,0.0123217568440403,0.0101067999999031,2.833099736475629e-07,0.9800472233651576,lr,20261009,20127,15547,35674,,0.9946782470881228,0.983837330552659,0.9709911880105486,r08,0.9930232804287488,S3-domain,s3,lr_c01,"{""C"": 0.1, ""class_weight"": null}",0.95,19879,,15096,17.757395599999654,0.9832914038127162,0.9924917473809768,f_dcss_20,20,"[""hostname_length"", ""letter_count"", ""path_segment_count"", ""path_length"", ""query_length"", ""url_length"", ""question_mark_count"", ""dot_count"", ""token_mean_length"", ""slash_count"", ""token_max_length"", ""digit_count"", ""hyphen_count"", ""longest_repeated_char_run"", ""registrable_domain_length"", ""char_type_transition_count"", ""query_parameter_count"", ""special_char_ratio"", ""digit_ratio"", ""at_sign_count""]",,,,,,,0.04098327261712158,0.09844976763955293,0.00697671957125128,0.20007332988343737,"[0, 1]",0.9930232804287489,0.9946782470881228,1.1102230246251565e-16,0.0,0,${EXPERIMENT_ROOT}\part11_dcss_innovation\predictions\main_comparison\internal\phiusiil\s3\r08\lr\f_dcss_20.parquet
0.976593597578068,0.9742144154414284,,phiusiil,,689,146,0.0072539374968947,0.0094799000000875,2.657369512835001e-07,0.9761007306011146,lr,20261009,20127,15547,35674,,0.9910773634403812,0.9902692615302586,0.9556827683797516,r08,0.9875446890888258,S3-domain,s3,lr_c1_balanced,"{""C"": 1.0, ""class_weight"": ""balanced""}",0.93,19981,,14858,16.650892200000044,0.9775800739220454,0.9847239005814494,f_mi,15,"[""subdomain_depth"", ""longest_repeated_char_run"", ""char_type_transition_count"", ""letter_ratio"", ""token_count"", ""special_char_count"", ""special_char_ratio"", ""url_char_entropy"", ""token_mean_length"", ""path_length"", ""path_segment_count"", ""dot_count"", ""url_length"", ""slash_count"", ""letter_count""]",,,,,,,0.08179929884165175,0.17569247250833347,0.012455310911174258,0.30159064217417336,,0.9875446890888258,0.9910773634403813,0.0,1.1102230246251565e-16,0,${EXPERIMENT_ROOT}\part8_traditional_baselines_and_error_analysis\predictions\internal\phiusiil\s3\r08\lr\f_mi.parquet
0.9790323484890956,0.9776637110379194,,phiusiil,,513,235,0.0116758582997962,0.0076378999999633,2.1410270785343214e-07,0.9786361703466432,lr,20261009,20127,15547,35674,,0.992987161580702,0.9846093391839676,0.9670032803756352,r08,0.9900508755317416,S3-domain,s3,lr_c01,"{""C"": 0.1, ""class_weight"": null}",0.95,19892,,15034,19.012640600000168,0.9796520716419388,0.9878374010139804,f_permutation,15,"[""hostname_length"", ""path_segment_count"", ""letter_count"", ""path_length"", ""token_mean_length"", ""url_length"", ""query_length"", ""slash_count"", ""longest_repeated_char_run"", ""token_max_length"", ""dot_count"", ""hyphen_count"", ""registrable_domain_length"", ""question_mark_count"", ""subdomain_depth""]",,,,,,,0.0449409720079958,0.10968107261312655,0.009949124468258437,0.22150663385397393,,0.9900508755317416,0.992987161580702,0.0,0.0,0,${EXPERIMENT_ROOT}\part8_traditional_baselines_and_error_analysis\predictions\internal\phiusiil\s3\r08\lr\f_permutation.parquet
0.9773504513090766,0.97511202334335,,phiusiil,,658,150,0.0074526755105082,0.005489099999977,1.538683635134003e-07,0.9768801506479748,lr,20261009,20127,15547,35674,20260910.0,0.9907052460848838,0.9900259325753042,0.9576767221972085,r08,0.9859963474555726,S3-domain,s3,lr_c1,"{""C"": 1.0, ""class_weight"": null}",0.9,19977,21.75027799999998,14889,20.90744840000002,0.9789276788442256,0.9820093445340892,f_single,15,"[""hostname_length"", ""path_segment_count"", ""letter_count"", ""query_length"", ""path_length"", ""slash_count"", ""url_length"", ""dot_count"", ""question_mark_count"", ""token_mean_length"", ""hyphen_count"", ""underscore_count"", ""token_max_length"", ""query_parameter_count"", ""longest_repeated_char_run""]",0.0009471000000758,0.005377099999805,200.0,200.0,2.688549999902534e-05,raw_log_odds,0.03540398308998421,0.07564837788225662,0.014003650946546674,0.1865994811421328,,0.9859963490534535,0.9907052511835597,1.5978808276528866e-09,5.098675925907514e-09,0,${EXPERIMENT_ROOT}\part6_stable_feature_selection\predictions\phiusiil\s3\r08\lr\f_single.parquet
0.9770981667320736,0.974844533315588,,phiusiil,,664,153,0.0076017290207184,0.0148348000000169,4.158434714362536e-07,0.9766220549693037,lr,20261009,20127,15547,35674,20260910.0,0.990598528587208,0.9898244213886672,0.9572907956518942,r08,0.9858547736250574,S3-domain,s3,lr_c1,"{""C"": 1.0, ""class_weight"": null}",0.91,19974,19.386625099999947,14883,18.42226310000001,0.9787537404020172,0.9819872360804748,f_stable,14,"[""letter_count"", ""hostname_length"", ""path_segment_count"", ""path_length"", ""query_length"", ""url_length"", ""slash_count"", ""dot_count"", ""token_mean_length"", ""question_mark_count"", ""token_max_length"", ""hyphen_count"", ""longest_repeated_char_run"", ""query_parameter_count""]",0.0011516999998093,0.0052737999999408,200.0,200.0,2.6368999999704105e-05,raw_log_odds,0.036180427652639055,0.07680819481555588,0.014145231168584921,0.18944545546493965,,0.9858547688314152,0.9905985691486274,-4.7936421498917525e-09,4.056141944541736e-08,0,${EXPERIMENT_ROOT}\part6_stable_feature_selection\predictions\phiusiil\s3\r08\lr\f_stable.parquet
0.9911700398049,0.9914282247523684,master,phiusiil,PhiUSIIL,102,213,0.0105827992249217,0.2196262000002207,6.156478107311227e-06,0.9910292583520404,rf,20261009,20127,15547,35674,20260910.0,0.9993267200694832,0.986396730106016,0.9934392487296584,r08,0.9993973401082964,S3-domain,s3,rf_depth24_leaf2,"{""class_weight"": null, ""max_depth"": 24, ""max_features"": ""sqrt"", ""min_samples_leaf"": 2, ""n_estimators"": 200}",0.79,19914,79.64936840000018,15445,79.28180380000003,0.9901430301658614,0.9991127251395368,f_all,35,"[""url_length"", ""hostname_length"", ""path_length"", ""query_length"", ""fragment_length"", ""digit_count"", ""letter_count"", ""special_char_count"", ""digit_ratio"", ""letter_ratio"", ""special_char_ratio"", ""dot_count"", ""hyphen_count"", ""underscore_count"", ""slash_count"", ""question_mark_count"", ""equals_sign_count"", ""percent_sign_count"", ""at_sign_count"", ""subdomain_depth"", ""path_segment_count"", ""query_parameter_count"", ""has_port"", ""has_userinfo"", ""host_is_ip"", ""tld_length"", ""registrable_domain_length"", ""domain_digit_ratio"", ""domain_hyphen_ratio"", ""url_char_entropy"", ""longest_repeated_char_run"", ""char_type_transition_count"", ""token_count"", ""token_mean_length"", ""token_max_length""]",0.0410738000000492,36.47415789999968,200.0,200.0,0.1823707894999984,positive_class_probability,0.016411565333282974,0.045102820310601935,0.0006026598917035053,0.07161823832296212,,0.9993973401082965,0.9993267208362785,1.1102230246251565e-16,7.667952939272027e-10,0,${EXPERIMENT_ROOT}\part4_baseline_models\predictions\internal\phiusiil\s3\r08\rf.parquet
0.9933284745192578,0.9934654891269984,,phiusiil,,85,153,0.0076017290207184,0.0775090999995882,2.1727056119187145e-06,0.9932200161106322,rf,20261009,20127,15547,35674,,0.9995548887506264,0.9902017291066284,0.9945327072747154,r08,0.9995639511319624,S3-domain,s3,rf_depth24_leaf2,"{""class_weight"": null, ""max_depth"": 24, ""max_features"": ""sqrt"", ""min_samples_leaf"": 2, ""n_estimators"": 200}",0.79,19974,,15462,48.526770099999794,0.9930221103413788,0.9995450247373736,f_dcss_10,10,"[""longest_repeated_char_run"", ""hostname_length"", ""registrable_domain_length"", ""url_length"", ""letter_ratio"", ""token_mean_length"", ""letter_count"", ""subdomain_depth"", ""token_max_length"", ""special_char_ratio""]",,,,,,,0.010026258224707516,0.02397610889744375,0.0004360488680374868,0.04219671325516811,"[0, 1]",0.9995639511319624,0.9995548887506265,0.0,1.1102230246251565e-16,0,${EXPERIMENT_ROOT}\part11_dcss_innovation\predictions\main_comparison\internal\phiusiil\s3\r08\rf\f_dcss_10.parquet
0.991282166283568,0.9915056388779516,,phiusiil,,105,206,0.010235007701098,0.0887334000003647,2.4873409205686154e-06,0.9911425398268356,rf,20261009,20127,15547,35674,,0.999238031548464,0.9868353783231084,0.9932462854570012,r08,0.99932005061741,S3-domain,s3,rf_depth24_leaf2,"{""class_weight"": null, ""max_depth"": 24, ""max_features"": ""sqrt"", ""min_samples_leaf"": 2, ""n_estimators"": 200}",0.74,19921,,15442,44.655668700000206,0.9917975957011352,0.9992348720689228,f_dcss_15,15,"[""longest_repeated_char_run"", ""hostname_length"", ""registrable_domain_length"", ""url_length"", ""letter_ratio"", ""token_mean_length"", ""letter_count"", ""token_max_length"", ""subdomain_depth"", ""char_type_transition_count"", ""special_char_ratio"", ""path_length"", ""digit_ratio"", ""path_segment_count"", ""digit_count""]",,,,,,,0.01136433704753694,0.028339923168766806,0.0006799493825899127,0.05112281691274905,"[0, 1]",0.99932005061741,0.9992380315484641,0.0,1.1102230246251565e-16,0,${EXPERIMENT_ROOT}\part11_dcss_innovation\predictions\main_comparison\internal\phiusiil\s3\r08\rf\f_dcss_15.parquet
0.9904972809328924,0.9908246924177866,,phiusiil,,103,236,0.0117255428031996,0.1215989000002082,3.408614116729501e-06,0.9903472847743464,rf,20261009,20127,15547,35674,,0.9991021470282466,0.9849489795918368,0.9933749276387728,r08,0.9992579809404722,S3-domain,s3,rf_depth24_leaf2,"{""class_weight"": null, ""max_depth"": 24, ""max_features"": ""sqrt"", ""min_samples_leaf"": 2, ""n_estimators"": 200}",0.76,19891,,15444,50.149981000000025,0.990688515064832,0.9990021269492364,f_dcss_20,20,"[""longest_repeated_char_run"", ""hostname_length"", ""registrable_domain_length"", ""url_length"", ""letter_ratio"", ""token_mean_length"", ""letter_count"", ""token_max_length"", ""subdomain_depth"", ""char_type_transition_count"", ""special_char_ratio"", ""path_length"", ""digit_ratio"", ""path_segment_count"", ""digit_count"", ""token_count"", ""special_char_count"", ""dot_count"", ""domain_hyphen_ratio"", ""tld_length""]",,,,,,,0.014083349880520173,0.03524916528520723,0.0007420190595277337,0.06026044048014963,"[0, 1]",0.9992579809404722,0.9991021470282466,0.0,0.0,0,${EXPERIMENT_ROOT}\part11_dcss_innovation\predictions\main_comparison\internal\phiusiil\s3\r08\rf\f_dcss_20.parquet
0.9670067836519594,0.9635375138245844,,phiusiil,,987,190,0.0094400556466438,0.0907635999999456,2.544250714804778e-06,0.9662398083838256,rf,20261009,20127,15547,35674,,0.9925499970777412,0.9871186440677966,0.9365150832958128,r08,0.9926580959731844,S3-domain,s3,rf_depth16_leaf1,"{""class_weight"": null, ""max_depth"": 16, ""max_features"": ""sqrt"", ""min_samples_leaf"": 1, ""n_estimators"": 200}",0.95,19937,,14560,54.93449399999986,0.9747224213807968,0.9939442218143244,f_mi,15,"[""subdomain_depth"", ""longest_repeated_char_run"", ""char_type_transition_count"", ""letter_ratio"", ""token_count"", ""special_char_count"", ""special_char_ratio"", ""url_char_entropy"", ""token_mean_length"", ""path_length"", ""path_segment_count"", ""dot_count"", ""url_length"", ""slash_count"", ""letter_count""]",,,,,,,0.06106224188205725,0.13381293917694623,0.007341904026815709,0.2332157601154171,,0.9926580959731843,0.9925499970777413,-1.1102230246251565e-16,1.1102230246251565e-16,0,${EXPERIMENT_ROOT}\part8_traditional_baselines_and_error_analysis\predictions\internal\phiusiil\s3\r08\rf\f_mi.parquet
0.9918988619162415,0.9920228952404244,,phiusiil,,109,180,0.0089432106126099,0.0885725000000547,2.482830632955508e-06,0.9917673403364592,rf,20261009,20127,15547,35674,,0.99908723029473,0.9884748367268535,0.9929890010934586,r08,0.9992602435395852,S3-domain,s3,rf_depth24_leaf2,"{""class_weight"": null, ""max_depth"": 24, ""max_features"": ""sqrt"", ""min_samples_leaf"": 2, ""n_estimators"": 200}",0.74,19947,,15438,60.12607880000019,0.9919407473976376,0.9992784354849664,f_permutation,15,"[""longest_repeated_char_run"", ""hostname_length"", ""registrable_domain_length"", ""letter_ratio"", ""token_max_length"", ""subdomain_depth"", ""token_mean_length"", ""url_length"", ""letter_count"", ""special_char_ratio"", ""path_segment_count"", ""path_length"", ""char_type_transition_count"", ""digit_count"", ""digit_ratio""]",,,,,,,0.011078796816539642,0.029091720771593096,0.0007397564604147344,0.052260143096120384,,0.9992602435395853,0.9990872302947299,1.1102230246251565e-16,-1.1102230246251565e-16,0,${EXPERIMENT_ROOT}\part8_traditional_baselines_and_error_analysis\predictions\internal\phiusiil\s3\r08\rf\f_permutation.parquet
0.9917026405785726,0.991922182415924,,phiusiil,,99,197,0.0097878471704675,0.0898909000000003,2.519787520322933e-06,0.9915695675810224,rf,20261009,20127,15547,35674,20260910.0,0.9992476268414108,0.98740811760946,0.9936322120023156,r08,0.9993105496185924,S3-domain,s3,rf_depth24_leaf2,"{""class_weight"": null, ""max_depth"": 24, ""max_features"": ""sqrt"", ""min_samples_leaf"": 2, ""n_estimators"": 200}",0.75,19930,85.35905049999997,15448,68.0916588,0.99171185719728,0.9993608169165166,f_single,15,"[""longest_repeated_char_run"", ""hostname_length"", ""subdomain_depth"", ""letter_ratio"", ""url_length"", ""registrable_domain_length"", ""path_segment_count"", ""path_length"", ""digit_count"", ""token_mean_length"", ""char_type_transition_count"", ""token_max_length"", ""digit_ratio"", ""special_char_ratio"", ""letter_count""]",0.0408508000000438,16.368678199999977,200.0,200.0,0.0818433909999998,positive_class_probability,0.011076428438549498,0.028052495956522084,0.0006894487835268483,0.05008010954283706,,0.9993105512164733,0.9992476301149402,1.5978808276528866e-09,3.2735294475116916e-09,0,${EXPERIMENT_ROOT}\part6_stable_feature_selection\predictions\phiusiil\s3\r08\rf\f_single.parquet
0.9920390200145764,0.9921471064989328,,phiusiil,,109,175,0.0086947880955929,0.0915156999999453,2.5653332959563087e-06,0.9919094824287338,rf,20261009,20127,15547,35674,20260910.0,0.999174225622818,0.988791391788894,0.9929890010934586,r08,0.9993383479496438,S3-domain,s3,rf_depth24_leaf2,"{""class_weight"": null, ""max_depth"": 24, ""max_features"": ""sqrt"", ""min_samples_leaf"": 2, ""n_estimators"": 200}",0.76,19952,96.64837009999997,15438,80.14589920000003,0.9917117383817248,0.999226044345701,f_stable,15,"[""longest_repeated_char_run"", ""hostname_length"", ""subdomain_depth"", ""registrable_domain_length"", ""letter_ratio"", ""path_length"", ""url_length"", ""token_mean_length"", ""path_segment_count"", ""char_type_transition_count"", ""token_max_length"", ""special_char_ratio"", ""digit_count"", ""letter_count"", ""digit_ratio""]",0.0401538999999502,15.552212499999996,200.0,200.0,0.0777610624999999,positive_class_probability,0.011214454030585394,0.028173758589178668,0.0006616504524755503,0.05141660945657364,,0.9993383495475242,0.9991743193993812,1.5978803835636768e-09,9.377656318143579e-08,0,${EXPERIMENT_ROOT}\part6_stable_feature_selection\predictions\phiusiil\s3\r08\rf\f_stable.parquet
0.994561865784605,0.9946975957829548,master,phiusiil,PhiUSIIL,66,128,0.0063596164356337,0.0577166000002762,1.6178897796792123e-06,0.9944732193929786,xgb,20261009,20127,15547,35674,20260910.0,0.999630761342911,0.9917996027932604,0.9957548080015436,r08,0.9996164622863764,S3-domain,s3,xgb_d6_lr01_balanced,"{""colsample_bytree"": 0.9, ""learning_rate"": 0.1, ""max_depth"": 6, ""n_estimators"": 200, ""reg_lambda"": 1.0, ""scale_pos_weight"": 1.3542785150825352, ""subsample"": 0.9}",0.67,19999,30.67211550000001,15481,30.40683110000009,0.9926486210858954,0.9995317679736504,f_all,35,"[""url_length"", ""hostname_length"", ""path_length"", ""query_length"", ""fragment_length"", ""digit_count"", ""letter_count"", ""special_char_count"", ""digit_ratio"", ""letter_ratio"", ""special_char_ratio"", ""dot_count"", ""hyphen_count"", ""underscore_count"", ""slash_count"", ""question_mark_count"", ""equals_sign_count"", ""percent_sign_count"", ""at_sign_count"", ""subdomain_depth"", ""path_segment_count"", ""query_parameter_count"", ""has_port"", ""has_userinfo"", ""host_is_ip"", ""tld_length"", ""registrable_domain_length"", ""domain_digit_ratio"", ""domain_hyphen_ratio"", ""url_char_entropy"", ""longest_repeated_char_run"", ""char_type_transition_count"", ""token_count"", ""token_mean_length"", ""token_max_length""]",0.1187095000000226,0.0557457999998405,200.0,200.0,0.0002787289999992,raw_margin,0.00717900903444991,0.01942824873231961,0.00038353771362359087,0.03236780974504359,,0.9996164622863765,0.999630761342911,1.1102230246251565e-16,0.0,0,${EXPERIMENT_ROOT}\part4_baseline_models\predictions\internal\phiusiil\s3\r08\xgb.parquet
0.9939171385322644,0.9936724897818644,,phiusiil,,128,89,0.0044219208029015,0.0301515000001018,8.451953803919327e-07,0.9938134232597136,xgb,20261009,20127,15547,35674,,0.9994740959036482,0.9942610265669332,0.9917669003666302,r08,0.9994896944187008,S3-domain,s3,xgb_d6_lr01_balanced,"{""colsample_bytree"": 0.9, ""learning_rate"": 0.1, ""max_depth"": 6, ""n_estimators"": 200, ""reg_lambda"": 1.0, ""scale_pos_weight"": 1.3542785150825352, ""subsample"": 0.9}",0.73,20038,,15419,17.791648299999906,0.9935861473083992,0.9995684433689142,f_dcss_10,10,"[""hostname_length"", ""url_length"", ""longest_repeated_char_run"", ""registrable_domain_length"", ""token_max_length"", ""path_length"", ""subdomain_depth"", ""dot_count"", ""letter_count"", ""token_mean_length""]",,,,,,,0.00754463284436185,0.017876163866083667,0.0005103055812992786,0.03474653837844833,"[0, 1]",0.9994896944187008,0.9994740959036482,0.0,0.0,0,${EXPERIMENT_ROOT}\part11_dcss_innovation\predictions\main_comparison\internal\phiusiil\s3\r08\xgb\f_dcss_10.parquet
0.9936928855749284,0.9930419724375226,,phiusiil,,187,38,0.0018880111293287,0.0334450000000288,9.375175197630997e-07,0.993580070993178,xgb,20261009,20127,15547,35674,,0.9995482718112224,0.997532147032082,0.9879719560043738,r08,0.99952565792028,S3-domain,s3,xgb_d6_lr01_balanced,"{""colsample_bytree"": 0.9, ""learning_rate"": 0.1, ""max_depth"": 6, ""n_estimators"": 200, ""reg_lambda"": 1.0, ""scale_pos_weight"": 1.3542785150825352, ""subsample"": 0.9}",0.91,20089,,15360,17.58579439999994,0.9928646756795309,0.9995568482942678,f_dcss_15,15,"[""hostname_length"", ""url_length"", ""longest_repeated_char_run"", ""registrable_domain_length"", ""token_max_length"", ""path_length"", ""subdomain_depth"", ""dot_count"", ""letter_count"", ""letter_ratio"", ""token_mean_length"", ""char_type_transition_count"", ""digit_count"", ""special_char_ratio"", ""slash_count""]",,,,,,,0.007393623026535201,0.01946484911888205,0.00047434207972019235,0.03439923736743748,"[0, 1]",0.9995256579202799,0.9995482718112223,-1.1102230246251565e-16,-1.1102230246251565e-16,0,${EXPERIMENT_ROOT}\part11_dcss_innovation\predictions\main_comparison\internal\phiusiil\s3\r08\xgb\f_dcss_15.parquet
0.9943095812076022,0.994108100830582,,phiusiil,,116,87,0.0043225517960947,0.0347802999999657,9.74948141502657e-07,0.9942129840200796,xgb,20261009,20127,15547,35674,,0.9995114757749228,0.994393607423637,0.9925387534572586,r08,0.9994962297508844,S3-domain,s3,xgb_d6_lr01_balanced,"{""colsample_bytree"": 0.9, ""learning_rate"": 0.1, ""max_depth"": 6, ""n_estimators"": 200, ""reg_lambda"": 1.0, ""scale_pos_weight"": 1.3542785150825352, ""subsample"": 0.9}",0.73,20040,,15431,17.7934822000002,0.9934161748626632,0.9995742640740176,f_dcss_20,20,"[""hostname_length"", ""url_length"", ""longest_repeated_char_run"", ""registrable_domain_length"", ""token_max_length"", ""path_length"", ""subdomain_depth"", ""dot_count"", ""letter_count"", ""letter_ratio"", ""token_mean_length"", ""char_type_transition_count"", ""digit_count"", ""special_char_ratio"", ""slash_count"", ""tld_length"", ""domain_hyphen_ratio"", ""digit_ratio"", ""url_char_entropy"", ""path_segment_count""]",,,,,,,0.007857496264990863,0.019885431369364562,0.000503770249115582,0.034417120603219664,"[0, 1]",0.9994962297508844,0.9995114757749227,0.0,-1.1102230246251565e-16,0,${EXPERIMENT_ROOT}\part11_dcss_innovation\predictions\main_comparison\internal\phiusiil\s3\r08\xgb\f_dcss_20.parquet
0.978499747715423,0.9762183751880136,,phiusiil,,646,121,0.00601182491181,0.0321030000000064,8.998990861693792e-07,0.978050260601974,xgb,20261009,20127,15547,35674,,0.9953116411941584,0.9919451471175608,0.9584485752878368,r08,0.9947846579123832,S3-domain,s3,xgb_d6_lr005,"{""colsample_bytree"": 0.9, ""learning_rate"": 0.05, ""max_depth"": 6, ""n_estimators"": 250, ""reg_lambda"": 1.0, ""scale_pos_weight"": 1.0, ""subsample"": 0.9}",0.95,20006,,14901,18.539069800000107,0.9824596476243788,0.9951959897716136,f_mi,15,"[""subdomain_depth"", ""longest_repeated_char_run"", ""char_type_transition_count"", ""letter_ratio"", ""token_count"", ""special_char_count"", ""special_char_ratio"", ""url_char_entropy"", ""token_mean_length"", ""path_length"", ""path_segment_count"", ""dot_count"", ""url_length"", ""slash_count"", ""letter_count""]",,,,,,,0.0615841377515041,0.1385857922713401,0.00521534208761692,0.23299748870910963,,0.9947846579123831,0.9953116411941585,-1.1102230246251565e-16,1.1102230246251565e-16,0,${EXPERIMENT_ROOT}\part8_traditional_baselines_and_error_analysis\predictions\internal\phiusiil\s3\r08\xgb\f_mi.parquet
0.9938330436732634,0.9933564593333012,,phiusiil,,161,59,0.0029313857007999,0.027710099999922,7.767589841319174e-07,0.9937249560481156,xgb,20261009,20127,15547,35674,,0.9996205143472257,0.9961799935254128,0.989644304367402,r08,0.999636325541725,S3-domain,s3,xgb_d6_lr01_balanced,"{""colsample_bytree"": 0.9, ""learning_rate"": 0.1, ""max_depth"": 6, ""n_estimators"": 200, ""reg_lambda"": 1.0, ""scale_pos_weight"": 1.3542785150825352, ""subsample"": 0.9}",0.85,20068,,15386,17.917371300000013,0.9924411905314304,0.9995766575453996,f_permutation,15,"[""hostname_length"", ""url_length"", ""longest_repeated_char_run"", ""path_length"", ""registrable_domain_length"", ""token_max_length"", ""subdomain_depth"", ""digit_count"", ""dot_count"", ""char_type_transition_count"", ""special_char_ratio"", ""letter_ratio"", ""token_mean_length"", ""letter_count"", ""tld_length""]",,,,,,,0.007472142059474215,0.019494076358606217,0.0003636744582750505,0.03364464558602095,,0.999636325541725,0.9996205143472255,0.0,-1.1102230246251565e-16,0,${EXPERIMENT_ROOT}\part8_traditional_baselines_and_error_analysis\predictions\internal\phiusiil\s3\r08\xgb\f_permutation.parquet
0.9941974547289344,0.9941258245236336,,phiusiil,,100,107,0.0053162418641625,0.0296622000000752,8.314795088881327e-07,0.994100512483864,xgb,20261009,20127,15547,35674,20260910.0,0.9995741446578194,0.9931207406454932,0.9935678909114298,r08,0.9995752529423624,S3-domain,s3,xgb_d6_lr01_balanced,"{""colsample_bytree"": 0.9, ""learning_rate"": 0.1, ""max_depth"": 6, ""n_estimators"": 200, ""reg_lambda"": 1.0, ""scale_pos_weight"": 1.3542785150825352, ""subsample"": 0.9}",0.7,20020,20.04306880000013,15447,19.0437316,0.9930760771224192,0.9995406915635496,f_single,15,"[""hostname_length"", ""url_length"", ""longest_repeated_char_run"", ""path_length"", ""registrable_domain_length"", ""subdomain_depth"", ""token_max_length"", ""char_type_transition_count"", ""digit_count"", ""dot_count"", ""token_mean_length"", ""letter_ratio"", ""letter_count"", ""slash_count"", ""digit_ratio""]",0.1313697000000502,0.0201681999997163,200.0,200.0,0.0001008409999985,raw_margin,0.007927078269691678,0.021085954980087043,0.00042474705763765827,0.0363567724885966,,0.9995752529423624,0.9995741446578194,0.0,0.0,0,${EXPERIMENT_ROOT}\part6_stable_feature_selection\predictions\phiusiil\s3\r08\xgb\f_single.parquet
0.9940012333912652,0.9937616531244516,,phiusiil,,126,88,0.0043722362994981,0.0294008000000758,8.241520435071995e-07,0.9938989970075738,xgb,20261009,20127,15547,35674,20260910.0,0.999575996361038,0.994325875298214,0.9918955425484016,r08,0.9995617412629136,S3-domain,s3,xgb_d6_lr01_balanced,"{""colsample_bytree"": 0.9, ""learning_rate"": 0.1, ""max_depth"": 6, ""n_estimators"": 200, ""reg_lambda"": 1.0, ""scale_pos_weight"": 1.3542785150825352, ""subsample"": 0.9}",0.81,20039,19.72263159999966,15421,18.84048249999978,0.9937277983561292,0.9995993763501942,f_stable,14,"[""hostname_length"", ""longest_repeated_char_run"", ""url_length"", ""path_length"", ""registrable_domain_length"", ""subdomain_depth"", ""token_max_length"", ""char_type_transition_count"", ""dot_count"", ""token_mean_length"", ""letter_ratio"", ""digit_count"", ""letter_count"", ""slash_count""]",0.0414422999997441,0.0243583999999827,200.0,200.0,0.0001217919999999,raw_margin,0.007594976141929735,0.019464218014374885,0.00043825873708639546,0.03444460077962764,,0.9995617412629136,0.999575996361038,0.0,0.0,0,${EXPERIMENT_ROOT}\part6_stable_feature_selection\predictions\phiusiil\s3\r08\xgb\f_stable.parquet
0.984414856341976,0.9829100391316274,master,phiusiil,PhiUSIIL,448,108,0.0053659263675659,0.0154865999998037,4.341023125382966e-07,0.9841128105738766,lr,20261010,20127,15548,35675,20260911.0,0.9966116622328228,0.992898474487112,0.9711860046308208,r09,0.9949132389951542,S3-domain,s3,lr_c1,"{""C"": 1.0, ""class_weight"": null}",0.95,20019,36.594492900000205,15100,36.41836969999986,0.9862206327426356,0.9932054064715272,f_all,35,"[""url_length"", ""hostname_length"", ""path_length"", ""query_length"", ""fragment_length"", ""digit_count"", ""letter_count"", ""special_char_count"", ""digit_ratio"", ""letter_ratio"", ""special_char_ratio"", ""dot_count"", ""hyphen_count"", ""underscore_count"", ""slash_count"", ""question_mark_count"", ""equals_sign_count"", ""percent_sign_count"", ""at_sign_count"", ""subdomain_depth"", ""path_segment_count"", ""query_parameter_count"", ""has_port"", ""has_userinfo"", ""host_is_ip"", ""tld_length"", ""registrable_domain_length"", ""domain_digit_ratio"", ""domain_hyphen_ratio"", ""url_char_entropy"", ""longest_repeated_char_run"", ""char_type_transition_count"", ""token_count"", ""token_mean_length"", ""token_max_length""]",0.0026692999999795,0.0052165000001878,200.0,200.0,2.6082500000939e-05,raw_log_odds,0.01677611013102079,0.045048823382100624,0.005086585249270421,0.10460034399425944,,0.9949134003707278,0.9966106098920374,1.613755736817879e-07,-1.0523407854012845e-06,0,${EXPERIMENT_ROOT}\part4_baseline_models\predictions\internal\phiusiil\s3\r09\lr.parquet
0.9054239663629992,0.9064297144697928,,phiusiil,,1333,2041,0.1014060714463158,0.0068129999999655,1.9097407147766059e-07,0.9042971759784204,lr,20261010,20127,15548,35675,,0.9428534958057496,0.8744463582677166,0.9142655003859016,r09,0.9296244941227272,S3-domain,s3,lr_c1_balanced,"{""C"": 1.0, ""class_weight"": ""balanced""}",0.29,18086,,14215,15.572439100000338,0.8992324262454481,0.9194240787302956,f_dcss_10,10,"[""hostname_length"", ""letter_count"", ""path_segment_count"", ""path_length"", ""query_length"", ""url_length"", ""question_mark_count"", ""token_mean_length"", ""dot_count"", ""slash_count""]",,,,,,,0.09126098225213787,0.1301042501805673,0.07037550587727283,0.3131273053261406,"[0, 1]",0.9296244941227271,0.9428534958057495,-1.1102230246251565e-16,-1.1102230246251565e-16,0,${EXPERIMENT_ROOT}\part11_dcss_innovation\predictions\main_comparison\internal\phiusiil\s3\r09\lr\f_dcss_10.parquet
0.9763419761737911,0.9736630302135084,,phiusiil,,734,110,0.0054652953743727,0.0131571000001713,3.688044849382296e-07,0.9758278194522846,lr,20261010,20127,15548,35675,,0.9905945990561786,0.9926293218976144,0.9527913558013892,r09,0.9864429083449756,S3-domain,s3,lr_c01,"{""C"": 0.1, ""class_weight"": null}",0.88,20017,,14814,17.400295899999946,0.9784284527113428,0.984043628240984,f_dcss_15,15,"[""hostname_length"", ""letter_count"", ""path_segment_count"", ""path_length"", ""query_length"", ""url_length"", ""question_mark_count"", ""token_mean_length"", ""dot_count"", ""slash_count"", ""digit_count"", ""hyphen_count"", ""token_max_length"", ""longest_repeated_char_run"", ""query_parameter_count""]",,,,,,,0.03992838837081142,0.09842129500548098,0.013557075677244712,0.19154164581085117,"[0, 1]",0.9864429083449756,0.9905945990561786,0.0,0.0,0,${EXPERIMENT_ROOT}\part11_dcss_innovation\predictions\main_comparison\internal\phiusiil\s3\r09\lr\f_dcss_15.parquet
0.978864751226349,0.977501086201412,,phiusiil,,515,239,0.0118745963134098,0.0151694999999563,4.25213735107395e-07,0.9784659315337194,lr,20261010,20127,15548,35675,,0.9944232778688789,0.984350445259298,0.9668767687162336,r09,0.992608765443115,S3-domain,s3,lr_c01,"{""C"": 0.1, ""class_weight"": null}",0.94,19888,,15033,18.83536679999997,0.9819558352437444,0.9919035508395312,f_dcss_20,20,"[""hostname_length"", ""letter_count"", ""path_segment_count"", ""path_length"", ""query_length"", ""url_length"", ""question_mark_count"", ""token_mean_length"", ""dot_count"", ""slash_count"", ""digit_count"", ""hyphen_count"", ""token_max_length"", ""longest_repeated_char_run"", ""query_parameter_count"", ""char_type_transition_count"", ""registrable_domain_length"", ""special_char_ratio"", ""digit_ratio"", ""equals_sign_count""]",,,,,,,0.03996624142247827,0.09581106536301776,0.007391218579105266,0.19521554563438193,"[0, 1]",0.992608765443115,0.9944232778688787,0.0,-1.1102230246251565e-16,0,${EXPERIMENT_ROOT}\part11_dcss_innovation\predictions\main_comparison\internal\phiusiil\s3\r09\lr\f_dcss_20.parquet
0.975501051156272,0.9728153355086376,,phiusiil,,748,126,0.0062602474288269,0.0057313000002068,1.6065311843607089e-07,0.9749690368576658,lr,20261010,20127,15548,35675,,0.990888407084964,0.9915583545491088,0.9518909184461024,r09,0.9874634570605292,S3-domain,s3,lr_c1_balanced,"{""C"": 1.0, ""class_weight"": ""balanced""}",0.93,20001,,14800,16.761600300000055,0.976803916930723,0.9844723283401002,f_mi,15,"[""longest_repeated_char_run"", ""subdomain_depth"", ""char_type_transition_count"", ""letter_ratio"", ""token_count"", ""special_char_count"", ""special_char_ratio"", ""path_segment_count"", ""path_length"", ""token_mean_length"", ""url_char_entropy"", ""url_length"", ""dot_count"", ""slash_count"", ""letter_count""]",,,,,,,0.08148008784863463,0.1746764091192335,0.012536542939470968,0.3009251747854414,,0.9874634570605291,0.9908884070849641,-1.1102230246251565e-16,1.1102230246251565e-16,0,${EXPERIMENT_ROOT}\part8_traditional_baselines_and_error_analysis\predictions\internal\phiusiil\s3\r09\lr\f_mi.parquet
0.9767624386825507,0.9756744984501492,,phiusiil,,510,319,0.0158493565856809,0.0095427999999628,2.674926419050562e-07,0.976339445157816,lr,20261010,20127,15548,35675,,0.9935751123998572,0.9792277137461745,0.9671983534859788,r09,0.99193189557092,S3-domain,s3,lr_c01,"{""C"": 0.1, ""class_weight"": null}",0.95,19808,,15038,18.617878899999823,0.979395746948036,0.9899383237131836,f_permutation,15,"[""hostname_length"", ""path_length"", ""path_segment_count"", ""letter_count"", ""url_length"", ""token_mean_length"", ""query_length"", ""slash_count"", ""longest_repeated_char_run"", ""dot_count"", ""token_max_length"", ""hyphen_count"", ""question_mark_count"", ""query_parameter_count"", ""registrable_domain_length""]",,,,,,,0.04351826542359253,0.10651775249711963,0.008068088451300531,0.22300446128693224,,0.9919318955709199,0.9935751123998573,-1.1102230246251565e-16,1.1102230246251565e-16,0,${EXPERIMENT_ROOT}\part8_traditional_baselines_and_error_analysis\predictions\internal\phiusiil\s3\r09\lr\f_permutation.parquet
0.9748843728100912,0.972246857295382,,phiusiil,,751,145,0.0072042529934913,0.0121030999998765,3.392599859811234e-07,0.9743423896876392,lr,20261010,20127,15548,35675,20260911.0,0.9906654185446392,0.9902958104671395,0.9516979675842552,r09,0.9867676055861844,S3-domain,s3,lr_c1,"{""C"": 1.0, ""class_weight"": null}",0.95,19982,20.14171750000014,14797,19.38678960000016,0.9794680225714668,0.9865458757890068,f_single,15,"[""hostname_length"", ""letter_count"", ""path_segment_count"", ""path_length"", ""url_length"", ""query_length"", ""slash_count"", ""dot_count"", ""token_mean_length"", ""question_mark_count"", ""token_max_length"", ""hyphen_count"", ""longest_repeated_char_run"", ""query_parameter_count"", ""special_char_ratio""]",0.0009052000000338,0.0044104000003244,200.0,200.0,2.205200000162222e-05,raw_log_odds,0.03754009577711726,0.07230027931044603,0.013232405598261174,0.19392105812791507,,0.986767592803961,0.9906653667537102,-1.2782223390850334e-08,-5.1790928989881024e-08,0,${EXPERIMENT_ROOT}\part6_stable_feature_selection\predictions\phiusiil\s3\r09\lr\f_single.parquet
0.9748002803083392,0.972208911666641,,phiusiil,,746,153,0.0076017290207184,0.0080093000001397,2.245073580978213e-07,0.9742592644165364,lr,20261010,20127,15548,35675,20260911.0,0.9902673493733888,0.9897693079237712,0.9520195523540004,r09,0.9855349869977303,S3-domain,s3,lr_c1,"{""C"": 1.0, ""class_weight"": null}",0.91,19974,18.73091639999984,14802,17.968097999999827,0.9786368462784488,0.9821036416081552,f_stable,14,"[""letter_count"", ""hostname_length"", ""path_length"", ""path_segment_count"", ""query_length"", ""url_length"", ""slash_count"", ""dot_count"", ""question_mark_count"", ""token_mean_length"", ""token_max_length"", ""query_parameter_count"", ""hyphen_count"", ""longest_repeated_char_run""]",0.0010699999997996,0.0043719999998756,200.0,200.0,2.185999999937849e-05,raw_log_odds,0.03653584643497515,0.07479778043935267,0.014465008208935778,0.1914342351314314,,0.9855349869977303,0.9902673544682292,0.0,5.094840438424342e-09,0,${EXPERIMENT_ROOT}\part6_stable_feature_selection\predictions\phiusiil\s3\r09\lr\f_stable.parquet
0.991114225648213,0.9914153323590976,master,phiusiil,PhiUSIIL,97,220,0.0109305907487454,0.2173023999998804,6.091167484229304e-06,0.9909733984058162,rf,20261010,20127,15548,35675,20260911.0,0.9991529069198708,0.9859613298449365,0.993761255466941,r09,0.9992622627764683,S3-domain,s3,rf_depth24_leaf2,"{""class_weight"": null, ""max_depth"": 24, ""max_features"": ""sqrt"", ""min_samples_leaf"": 2, ""n_estimators"": 200}",0.79,19907,109.7058387000002,15451,109.3507609999997,0.989434158144183,0.9989417704179422,f_all,35,"[""url_length"", ""hostname_length"", ""path_length"", ""query_length"", ""fragment_length"", ""digit_count"", ""letter_count"", ""special_char_count"", ""digit_ratio"", ""letter_ratio"", ""special_char_ratio"", ""dot_count"", ""hyphen_count"", ""underscore_count"", ""slash_count"", ""question_mark_count"", ""equals_sign_count"", ""percent_sign_count"", ""at_sign_count"", ""subdomain_depth"", ""path_segment_count"", ""query_parameter_count"", ""has_port"", ""has_userinfo"", ""host_is_ip"", ""tld_length"", ""registrable_domain_length"", ""domain_digit_ratio"", ""domain_hyphen_ratio"", ""url_char_entropy"", ""longest_repeated_char_run"", ""char_type_transition_count"", ""token_count"", ""token_mean_length"", ""token_max_length""]",0.0547212999999828,38.11219260000007,200.0,200.0,0.1905609630000003,positive_class_probability,0.01605704761257274,0.04480160152732957,0.0007377308324196898,0.07160004167927433,,0.9992622691675804,0.9991529092137883,6.391112084003225e-09,2.293917500395537e-09,0,${EXPERIMENT_ROOT}\part4_baseline_models\predictions\internal\phiusiil\s3\r09\rf.parquet
0.993468815697267,0.9935971924305872,,phiusiil,,84,149,0.0074029910071048,0.0949330000003101,2.6610511562805925e-06,0.9933625491763478,rf,20261010,20127,15548,35675,,0.999464728576751,0.9904566707231154,0.9945973758682788,r09,0.999488004835362,S3-domain,s3,rf_depth24_leaf2,"{""class_weight"": null, ""max_depth"": 24, ""max_features"": ""sqrt"", ""min_samples_leaf"": 2, ""n_estimators"": 200}",0.77,19978,,15464,52.916137199999866,0.9926250021576276,0.9994684875538352,f_dcss_10,10,"[""longest_repeated_char_run"", ""hostname_length"", ""registrable_domain_length"", ""letter_ratio"", ""url_length"", ""token_max_length"", ""token_mean_length"", ""special_char_ratio"", ""letter_count"", ""subdomain_depth""]",,,,,,,0.00909971997854981,0.023274567358960947,0.0005119951646381615,0.04079295296073401,"[0, 1]",0.9994880048353619,0.999464728576751,-1.1102230246251565e-16,0.0,0,${EXPERIMENT_ROOT}\part11_dcss_innovation\predictions\main_comparison\internal\phiusiil\s3\r09\rf\f_dcss_10.parquet
0.9906377014716188,0.9911393385856258,,phiusiil,,77,257,0.0127689173746708,0.0973252999997384,2.7281093202449472e-06,0.9904931519992785,rf,20261010,20127,15548,35675,,0.9991711559305708,0.9836597151576806,0.9950475945459224,r09,0.9992507651662778,S3-domain,s3,rf_depth24_leaf2,"{""class_weight"": null, ""max_depth"": 24, ""max_features"": ""sqrt"", ""min_samples_leaf"": 2, ""n_estimators"": 200}",0.67,19870,,15471,49.49773110000024,0.990637164552977,0.9992602886361968,f_dcss_15,15,"[""longest_repeated_char_run"", ""hostname_length"", ""registrable_domain_length"", ""letter_ratio"", ""url_length"", ""token_max_length"", ""token_mean_length"", ""special_char_ratio"", ""char_type_transition_count"", ""letter_count"", ""path_length"", ""digit_count"", ""subdomain_depth"", ""digit_ratio"", ""path_segment_count""]",,,,,,,0.010388183310310642,0.02883361369419408,0.0007492348337222393,0.049654568526246924,"[0, 1]",0.9992507651662778,0.9991711559305707,0.0,-1.1102230246251565e-16,0,${EXPERIMENT_ROOT}\part11_dcss_innovation\predictions\main_comparison\internal\phiusiil\s3\r09\rf\f_dcss_15.parquet
0.9907217939733708,0.990943165005636,,phiusiil,,114,217,0.0107815372385353,0.0835412000001269,2.3417295024562577e-06,0.990573403121732,rf,20261010,20127,15548,35675,,0.9991924869175788,0.9861350712414544,0.992667867249807,r09,0.9993166751048516,S3-domain,s3,rf_depth24_leaf2,"{""class_weight"": null, ""max_depth"": 24, ""max_features"": ""sqrt"", ""min_samples_leaf"": 2, ""n_estimators"": 200}",0.76,19910,,15434,87.77273760000026,0.9898909809522356,0.998949438759826,f_dcss_20,20,"[""longest_repeated_char_run"", ""hostname_length"", ""registrable_domain_length"", ""letter_ratio"", ""url_length"", ""token_max_length"", ""token_mean_length"", ""special_char_ratio"", ""char_type_transition_count"", ""letter_count"", ""path_length"", ""digit_count"", ""subdomain_depth"", ""path_segment_count"", ""digit_ratio"", ""token_count"", ""dot_count"", ""special_char_count"", ""domain_hyphen_ratio"", ""tld_length""]",,,,,,,0.012656429991148703,0.03179286478845695,0.0006833248951483698,0.05642386707165904,"[0, 1]",0.9993166751048517,0.9991924869175787,1.1102230246251565e-16,-1.1102230246251565e-16,0,${EXPERIMENT_ROOT}\part11_dcss_innovation\predictions\main_comparison\internal\phiusiil\s3\r09\rf\f_dcss_20.parquet
0.9668395234758234,0.9630100581784188,,phiusiil,,1039,144,0.0071545684900879,0.0915661999999883,2.5666769446387773e-06,0.9660399659044308,rf,20261010,20127,15548,35675,,0.9925157128538944,0.9901726608885552,0.9331746848469256,r09,0.992920701231768,S3-domain,s3,rf_depth16_leaf1,"{""class_weight"": null, ""max_depth"": 16, ""max_features"": ""sqrt"", ""min_samples_leaf"": 1, ""n_estimators"": 200}",0.95,19983,,14509,59.40890710000008,0.975110966792056,0.9939394213071336,f_mi,15,"[""longest_repeated_char_run"", ""subdomain_depth"", ""char_type_transition_count"", ""letter_ratio"", ""token_count"", ""special_char_count"", ""special_char_ratio"", ""path_segment_count"", ""path_length"", ""token_mean_length"", ""url_char_entropy"", ""url_length"", ""dot_count"", ""slash_count"", ""letter_count""]",,,,,,,0.06069714804329753,0.13356438737098936,0.007079298768232057,0.23146213459647277,,0.992920701231768,0.9925157128538943,0.0,-1.1102230246251565e-16,0,${EXPERIMENT_ROOT}\part8_traditional_baselines_and_error_analysis\predictions\internal\phiusiil\s3\r09\rf\f_mi.parquet
0.9899088997897688,0.9902959019590152,,phiusiil,,104,256,0.0127192328712674,0.07647350000002,2.1436159775758955e-06,0.989751077149582,rf,20261010,20127,15548,35675,,0.999329355616422,0.9836942675159236,0.9933110367892976,r09,0.999383217763497,S3-domain,s3,rf_depth24_leaf2,"{""class_weight"": null, ""max_depth"": 24, ""max_features"": ""sqrt"", ""min_samples_leaf"": 2, ""n_estimators"": 200}",0.73,19871,,15444,70.12682929999983,0.9898951240524811,0.99938231258451,f_permutation,15,"[""longest_repeated_char_run"", ""hostname_length"", ""registrable_domain_length"", ""subdomain_depth"", ""token_max_length"", ""letter_ratio"", ""token_mean_length"", ""special_char_ratio"", ""url_length"", ""letter_count"", ""tld_length"", ""path_length"", ""path_segment_count"", ""token_count"", ""char_type_transition_count""]",,,,,,,0.01234961715638487,0.03087823172336998,0.0006167822365028643,0.05333511573835044,,0.999383217763497,0.999329355616422,0.0,0.0,0,${EXPERIMENT_ROOT}\part8_traditional_baselines_and_error_analysis\predictions\internal\phiusiil\s3\r09\rf\f_permutation.parquet
0.9908899789768746,0.991406816202578,,phiusiil,,71,254,0.0126198638644606,0.1013784000000015,2.841721093202566e-06,0.9907495192867596,rf,20261010,20127,15548,35675,20260911.0,0.9991196667031126,0.9838535376009154,0.9954334962696166,r09,0.9992672238770304,S3-domain,s3,rf_depth24_leaf2,"{""class_weight"": null, ""max_depth"": 24, ""max_features"": ""sqrt"", ""min_samples_leaf"": 2, ""n_estimators"": 200}",0.65,19873,76.395584,15477,59.8550474,0.9905239904685212,0.9991892234482536,f_single,15,"[""longest_repeated_char_run"", ""hostname_length"", ""subdomain_depth"", ""registrable_domain_length"", ""url_length"", ""letter_ratio"", ""token_mean_length"", ""path_length"", ""path_segment_count"", ""token_max_length"", ""special_char_ratio"", ""letter_count"", ""char_type_transition_count"", ""digit_count"", ""digit_ratio""]",0.0411394999999998,15.618172900000005,200.0,200.0,0.0780908645,positive_class_probability,0.010529466137344819,0.02919486981997374,0.0007327761229697767,0.05093158053820528,,0.9992672238770302,0.9991196804582143,-2.220446049250313e-16,1.3755101724299834e-08,0,${EXPERIMENT_ROOT}\part6_stable_feature_selection\predictions\phiusiil\s3\r09\rf\f_single.parquet
0.9904414856341976,0.990870331895167,,phiusiil,,90,251,0.0124708103542505,0.0835708999999838,2.342562018219588e-06,0.9902926091947716,rf,20261010,20127,15548,35675,20260911.0,0.9992593097851384,0.9840218982748744,0.9942114741445846,r09,0.9993481161795228,S3-domain,s3,rf_depth24_leaf2,"{""class_weight"": null, ""max_depth"": 24, ""max_features"": ""sqrt"", ""min_samples_leaf"": 2, ""n_estimators"": 200}",0.7,19876,77.72061790000001,15458,62.11525979999999,0.9902366973239464,0.9990960240924058,f_stable,14,"[""longest_repeated_char_run"", ""hostname_length"", ""subdomain_depth"", ""registrable_domain_length"", ""letter_ratio"", ""url_length"", ""path_length"", ""token_mean_length"", ""char_type_transition_count"", ""path_segment_count"", ""special_char_ratio"", ""token_max_length"", ""digit_count"", ""digit_ratio""]",0.0328969999999912,14.757178900000014,200.0,200.0,0.0737858945,positive_class_probability,0.010771248382807016,0.0296577191900021,0.0006518870160332058,0.05064185680247538,,0.9993481129839668,0.999259307372166,-3.1955560420016127e-09,-2.4129724884858206e-09,0,${EXPERIMENT_ROOT}\part6_stable_feature_selection\predictions\phiusiil\s3\r09\rf\f_stable.parquet
0.9946741415557112,0.9941825383857528,master,phiusiil,PhiUSIIL,150,40,0.0019873801361355,0.0407066999996459,1.141042747011799e-06,0.9945805168704798,xgb,20261010,20127,15548,35675,20260911.0,0.9994580340850424,0.9974089908019174,0.9903524569076408,r09,0.9993814681966324,S3-domain,s3,xgb_d6_lr01_balanced,"{""colsample_bytree"": 0.9, ""learning_rate"": 0.1, ""max_depth"": 6, ""n_estimators"": 200, ""reg_lambda"": 1.0, ""scale_pos_weight"": 1.3542448103078024, ""subsample"": 0.9}",0.83,20087,22.318005000000085,15398,22.15567970000029,0.992725397842558,0.9995635117161912,f_all,35,"[""url_length"", ""hostname_length"", ""path_length"", ""query_length"", ""fragment_length"", ""digit_count"", ""letter_count"", ""special_char_count"", ""digit_ratio"", ""letter_ratio"", ""special_char_ratio"", ""dot_count"", ""hyphen_count"", ""underscore_count"", ""slash_count"", ""question_mark_count"", ""equals_sign_count"", ""percent_sign_count"", ""at_sign_count"", ""subdomain_depth"", ""path_segment_count"", ""query_parameter_count"", ""has_port"", ""has_userinfo"", ""host_is_ip"", ""tld_length"", ""registrable_domain_length"", ""domain_digit_ratio"", ""domain_hyphen_ratio"", ""url_char_entropy"", ""longest_repeated_char_run"", ""char_type_transition_count"", ""token_count"", ""token_mean_length"", ""token_max_length""]",0.0704835999999886,0.0406896999998025,200.0,200.0,0.000203448499999,raw_margin,0.007285734434390204,0.018719527628964536,0.0006185318033676279,0.033001996643190194,,0.9993814681966324,0.9994580340850425,0.0,1.1102230246251565e-16,0,${EXPERIMENT_ROOT}\part4_baseline_models\predictions\internal\phiusiil\s3\r09\xgb.parquet
0.9930483531885074,0.9928514311661468,,phiusiil,,135,113,0.0056143488845828,0.0338587999999617,9.49090399438312e-07,0.9929307690688514,xgb,20261010,20127,15548,35675,,0.9994028050388172,0.9927218858688652,0.9913172112168768,r09,0.9993694672863846,S3-domain,s3,xgb_d6_lr01_balanced,"{""colsample_bytree"": 0.9, ""learning_rate"": 0.1, ""max_depth"": 6, ""n_estimators"": 200, ""reg_lambda"": 1.0, ""scale_pos_weight"": 1.3542448103078024, ""subsample"": 0.9}",0.68,20014,,15413,17.812248799999907,0.9935294710624702,0.9994577576276528,f_dcss_10,10,"[""hostname_length"", ""url_length"", ""longest_repeated_char_run"", ""token_max_length"", ""path_length"", ""registrable_domain_length"", ""dot_count"", ""token_mean_length"", ""subdomain_depth"", ""letter_count""]",,,,,,,0.007019048140503241,0.0172175615584607,0.0006305327136153385,0.0333542141698276,"[0, 1]",0.9993694672863846,0.9994028050388172,0.0,0.0,0,${EXPERIMENT_ROOT}\part11_dcss_innovation\predictions\main_comparison\internal\phiusiil\s3\r09\xgb\f_dcss_10.parquet
0.995459004905396,0.9950463946146754,,phiusiil,,127,35,0.0017389576191185,0.0331827999998495,9.301415557070644e-07,0.9953797999133068,xgb,20261010,20127,15548,35675,,0.9995023837393996,0.9977355072463768,0.9918317468484692,r09,0.9994592080832124,S3-domain,s3,xgb_d6_lr01_balanced,"{""colsample_bytree"": 0.9, ""learning_rate"": 0.1, ""max_depth"": 6, ""n_estimators"": 200, ""reg_lambda"": 1.0, ""scale_pos_weight"": 1.3542448103078024, ""subsample"": 0.9}",0.84,20092,,15421,18.40922670000009,0.9932388991713186,0.999584840540418,f_dcss_15,15,"[""hostname_length"", ""url_length"", ""longest_repeated_char_run"", ""token_max_length"", ""path_length"", ""registrable_domain_length"", ""dot_count"", ""token_mean_length"", ""letter_count"", ""subdomain_depth"", ""letter_ratio"", ""char_type_transition_count"", ""digit_count"", ""special_char_ratio"", ""tld_length""]",,,,,,,0.006722430991514512,0.018831200498119028,0.0005407919167876194,0.03168962914242303,"[0, 1]",0.9994592080832123,0.9995023837393995,-1.1102230246251565e-16,-1.1102230246251565e-16,0,${EXPERIMENT_ROOT}\part11_dcss_innovation\predictions\main_comparison\internal\phiusiil\s3\r09\xgb\f_dcss_15.parquet
0.9944498948843729,0.9939325867952292,,phiusiil,,157,41,0.0020370646395389,0.0332226000000446,9.31257182902442e-07,0.9943520738526922,xgb,20261010,20127,15548,35675,,0.999366784471944,0.9973431829963711,0.9899022382299976,r09,0.9992506277573734,S3-domain,s3,xgb_d6_lr01_balanced,"{""colsample_bytree"": 0.9, ""learning_rate"": 0.1, ""max_depth"": 6, ""n_estimators"": 200, ""reg_lambda"": 1.0, ""scale_pos_weight"": 1.3542448103078024, ""subsample"": 0.9}",0.83,20086,,15391,18.313728300000093,0.992953726679307,0.999562506634498,f_dcss_20,20,"[""hostname_length"", ""url_length"", ""longest_repeated_char_run"", ""token_max_length"", ""path_length"", ""registrable_domain_length"", ""dot_count"", ""token_mean_length"", ""letter_count"", ""subdomain_depth"", ""letter_ratio"", ""char_type_transition_count"", ""digit_count"", ""special_char_ratio"", ""tld_length"", ""path_segment_count"", ""domain_hyphen_ratio"", ""slash_count"", ""digit_ratio"", ""url_char_entropy""]",,,,,,,0.007304420029884353,0.018415395843312823,0.0007493722426266981,0.03316488923708775,"[0, 1]",0.9992506277573734,0.999366784471944,0.0,0.0,0,${EXPERIMENT_ROOT}\part11_dcss_innovation\predictions\main_comparison\internal\phiusiil\s3\r09\xgb\f_dcss_20.parquet
0.9775473020322356,0.97519216922887,,phiusiil,,671,130,0.0064589854424405,0.0301752000000306,8.458360196224414e-07,0.9770751093735136,xgb,20261010,20127,15548,35675,,0.9953185983963628,0.9913373758912508,0.95684332390018,r09,0.9948582754333752,S3-domain,s3,xgb_d6_lr005,"{""colsample_bytree"": 0.9, ""learning_rate"": 0.05, ""max_depth"": 6, ""n_estimators"": 250, ""reg_lambda"": 1.0, ""scale_pos_weight"": 1.0, ""subsample"": 0.9}",0.94,19997,,14877,16.395304399999986,0.9822931138550086,0.9952502172126948,f_mi,15,"[""longest_repeated_char_run"", ""subdomain_depth"", ""char_type_transition_count"", ""letter_ratio"", ""token_count"", ""special_char_count"", ""special_char_ratio"", ""path_segment_count"", ""path_length"", ""token_mean_length"", ""url_char_entropy"", ""url_length"", ""dot_count"", ""slash_count"", ""letter_count""]",,,,,,,0.06112398559510636,0.13809677827928396,0.005141724566624777,0.2303726855952239,,0.9948582754333752,0.9953185983963629,0.0,1.1102230246251565e-16,0,${EXPERIMENT_ROOT}\part8_traditional_baselines_and_error_analysis\predictions\internal\phiusiil\s3\r09\xgb\f_mi.parquet
0.9957673440784864,0.9956196246195802,,phiusiil,,86,65,0.0032294927212202,0.0274208999999245,7.686306937610255e-07,0.9956957821653524,xgb,20261010,20127,15548,35675,,0.999610271185326,0.9958137438011206,0.9944687419603808,r09,0.999593400660629,S3-domain,s3,xgb_d6_lr01_balanced,"{""colsample_bytree"": 0.9, ""learning_rate"": 0.1, ""max_depth"": 6, ""n_estimators"": 200, ""reg_lambda"": 1.0, ""scale_pos_weight"": 1.3542448103078024, ""subsample"": 0.9}",0.71,20062,,15462,16.155839799999967,0.9940717090969672,0.9996448737982996,f_permutation,15,"[""hostname_length"", ""url_length"", ""longest_repeated_char_run"", ""path_length"", ""token_max_length"", ""registrable_domain_length"", ""subdomain_depth"", ""digit_count"", ""slash_count"", ""char_type_transition_count"", ""tld_length"", ""domain_hyphen_ratio"", ""token_count"", ""dot_count"", ""path_segment_count""]",,,,,,,0.006071783383083643,0.01733370607216292,0.0004065993393712208,0.02887313351946664,,0.999593400660629,0.9996102711853261,0.0,1.1102230246251565e-16,0,${EXPERIMENT_ROOT}\part8_traditional_baselines_and_error_analysis\predictions\internal\phiusiil\s3\r09\xgb\f_permutation.parquet
0.9944498948843729,0.994349611635781,,phiusiil,,100,98,0.004869081333532,0.0289640000000019,8.118850735809948e-07,0.994356845269838,xgb,20261010,20127,15548,35675,20260911.0,0.9995033277233168,0.993696127621253,0.993568304605094,r09,0.9994934213026418,S3-domain,s3,xgb_d6_lr01_balanced,"{""colsample_bytree"": 0.9, ""learning_rate"": 0.1, ""max_depth"": 6, ""n_estimators"": 200, ""reg_lambda"": 1.0, ""scale_pos_weight"": 1.3542448103078024, ""subsample"": 0.9}",0.75,20029,20.45187300000001,15448,19.65655339999998,0.9937004057222074,0.9995842844697832,f_single,15,"[""hostname_length"", ""longest_repeated_char_run"", ""url_length"", ""path_length"", ""subdomain_depth"", ""token_max_length"", ""registrable_domain_length"", ""dot_count"", ""char_type_transition_count"", ""letter_ratio"", ""token_mean_length"", ""digit_count"", ""letter_count"", ""slash_count"", ""special_char_ratio""]",0.0430982000000028,0.0230154000000197,200.0,200.0,0.000115077,raw_margin,0.007161569212650419,0.019429730357760168,0.0005065786973582165,0.03359029061891529,,0.9994934213026418,0.9995033277233168,0.0,0.0,0,${EXPERIMENT_ROOT}\part6_stable_feature_selection\predictions\phiusiil\s3\r09\xgb\f_single.parquet
0.995010511562719,0.9948684053456334,,phiusiil,,97,81,0.0040244447756744,0.0329954999999984,9.248913805185256e-07,0.9949263401895634,xgb,20261010,20127,15548,35675,20260911.0,0.9994202539923132,0.9947849600824104,0.993761255466941,r09,0.9993415173565532,S3-domain,s3,xgb_d6_lr01_balanced,"{""colsample_bytree"": 0.9, ""learning_rate"": 0.1, ""max_depth"": 6, ""n_estimators"": 200, ""reg_lambda"": 1.0, ""scale_pos_weight"": 1.3542448103078024, ""subsample"": 0.9}",0.73,20046,20.3275582,15451,19.4113486,0.9931320158110446,0.9995940971989994,f_stable,15,"[""hostname_length"", ""longest_repeated_char_run"", ""url_length"", ""path_length"", ""registrable_domain_length"", ""subdomain_depth"", ""token_max_length"", ""char_type_transition_count"", ""dot_count"", ""token_mean_length"", ""letter_ratio"", ""digit_count"", ""letter_count"", ""slash_count"", ""special_char_ratio""]",0.0482969999999909,0.0238451999999824,200.0,200.0,0.0001192259999999,raw_margin,0.00713025401015707,0.01876763005814036,0.0006584826434466817,0.033197819731571133,,0.9993415173565533,0.9994202539923132,1.1102230246251565e-16,0.0,0,${EXPERIMENT_ROOT}\part6_stable_feature_selection\predictions\phiusiil\s3\r09\xgb\f_stable.parquet
