source_dataset,target_dataset,repetition,model,fpr_budget,threshold_variant,threshold,evaluation_scope,validation_within_budget,n_samples,n_benign,n_phishing,accuracy,balanced_accuracy,precision,recall,macro_f1,roc_auc,pr_auc,fpr,tn,fp,fn,tp,fpr_wilson_upper_95,fpr_clopper_pearson_upper_95,alerts_per_10000_benign
phiusiil,iscx_url2016_binary,r00,lr,0.001,safer_neighbor,0.9994971187659878,source_validation,True,35674,20127,15547,0.9490945786847564,0.9417428153506062,0.9985476726454143,0.8844793207692803,0.9474256488333391,0.9928290724070032,0.9953397391567005,0.0009936900680677697,20107,20,1796,13751,0.001432139113093784,0.0014436068885975365,9.936900680677697
phiusiil,iscx_url2016_binary,r00,lr,0.001,safer_neighbor,0.9994971187659878,source_s3_test,True,35674,20127,15547,0.9727252340640242,0.9688541551589294,0.9986314492951964,0.9387020003859265,0.9720579187048268,0.9947835521789182,0.9965415837561087,0.0009936900680677697,20107,20,953,14594,0.001432139113093784,0.0014436068885975365,9.936900680677697
phiusiil,iscx_url2016_binary,r00,lr,0.001,safer_neighbor,0.9994971187659878,external_primary,True,41108,32552,8556,0.26722292497810646,0.5354571607282557,0.2205840437385018,0.9949742870500233,0.25104888746758514,0.5547280893886213,0.22807048405494593,0.9240599655935119,2472,30080,43,8513,0.9264399173422232,0.926462330614956,9240.599655935119
phiusiil,iscx_url2016_binary,r00,lr,0.001,selected,0.9994958121004157,source_validation,True,35674,20127,15547,0.9491506419240904,0.9418071364414919,0.9985478835402599,0.8846079629510516,0.94748463344972,0.9928290724070032,0.9953397391567005,0.0009936900680677697,20107,20,1794,13753,0.001432139113093784,0.0014436068885975365,9.936900680677697
phiusiil,iscx_url2016_binary,r00,lr,0.001,selected,0.9994958121004157,source_s3_test,True,35674,20127,15547,0.9727252340640242,0.9688614734526706,0.9985632183908046,0.9387663214768123,0.9720584146279376,0.9947835521789182,0.9965415837561087,0.001043374571471158,20106,21,952,14595,0.0014906822272049613,0.001502136477159864,10.43374571471158
phiusiil,iscx_url2016_binary,r00,lr,0.001,selected,0.9994958121004157,external_primary,True,41108,32552,8556,0.26719859881288316,0.535441800688934,0.2205783282375499,0.9949742870500233,0.25101855074802437,0.5547280893886213,0.22807048405494593,0.9240906856721554,2471,30081,43,8513,0.9264701865786765,0.9264926002720577,9240.906856721553
phiusiil,iscx_url2016_binary,r00,lr,0.001,more_permissive_neighbor,0.9994944147234195,source_validation,False,35674,20127,15547,0.9491226103044234,0.9417822941897902,0.9984753884129519,0.8846079629510516,0.9474562252412394,0.9928290724070032,0.9953397391567005,0.001043374571471158,20106,21,1794,13753,0.0014906822272049613,0.001502136477159864,10.43374571471158
phiusiil,iscx_url2016_binary,r00,lr,0.001,more_permissive_neighbor,0.9994944147234195,source_s3_test,True,35674,20127,15547,0.9727252340640242,0.9688614734526706,0.9985632183908046,0.9387663214768123,0.9720584146279376,0.9947835521789182,0.9965415837561087,0.001043374571471158,20106,21,952,14595,0.0014906822272049613,0.001502136477159864,10.43374571471158
phiusiil,iscx_url2016_binary,r00,lr,0.001,more_permissive_neighbor,0.9994944147234195,external_primary,True,41108,32552,8556,0.26719859881288316,0.535441800688934,0.2205783282375499,0.9949742870500233,0.25101855074802437,0.5547280893886213,0.22807048405494593,0.9240906856721554,2471,30081,43,8513,0.9264701865786765,0.9264926002720577,9240.906856721553
phiusiil,iscx_url2016_binary,r00,lr,0.01,safer_neighbor,0.9147406172949526,source_validation,True,35674,20127,15547,0.9871054549531872,0.98666980784452,0.9870859430490089,0.9832765163697176,0.986883559533591,0.9928290724070032,0.9953397391567005,0.009936900680677697,19927,200,260,15287,0.011154567012271905,0.01116585249731659,99.36900680677697
phiusiil,iscx_url2016_binary,r00,lr,0.01,safer_neighbor,0.9147406172949526,source_s3_test,True,35674,20127,15547,0.9861523798845098,0.9852177529061463,0.990166069684142,0.9779378658262045,0.9859000818627786,0.9947835521789182,0.9965415837561087,0.007502360013911661,19976,151,343,15204,0.008571138671993564,0.008582384366694751,75.02360013911661
phiusiil,iscx_url2016_binary,r00,lr,0.01,safer_neighbor,0.9147406172949526,external_primary,True,41108,32552,8556,0.2599250754111122,0.5315814831487371,0.21912811159349552,0.9969611968209444,0.24168798205108738,0.5547280893886213,0.22807048405494593,0.9337982305234701,2155,30397,26,8530,0.9360291008224764,0.9360516439654771,9337.982305234702
phiusiil,iscx_url2016_binary,r00,lr,0.01,selected,0.9143669714288533,source_validation,True,35674,20127,15547,0.9870774233335202,0.9866449655928182,0.9870222107438017,0.9832765163697176,0.9868551430233228,0.9928290724070032,0.9953397391567005,0.009986585184081085,19926,201,260,15287,0.011207082092529868,0.011218368513589174,99.86585184081085
phiusiil,iscx_url2016_binary,r00,lr,0.01,selected,0.9143669714288533,source_s3_test,True,35674,20127,15547,0.9861523798845098,0.9852177529061463,0.990166069684142,0.9779378658262045,0.9859000818627786,0.9947835521789182,0.9965415837561087,0.007502360013911661,19976,151,343,15204,0.008571138671993564,0.008582384366694751,75.02360013911661
phiusiil,iscx_url2016_binary,r00,lr,0.01,selected,0.9143669714288533,external_primary,True,41108,32552,8556,0.2599250754111122,0.5315814831487371,0.21912811159349552,0.9969611968209444,0.24168798205108738,0.5547280893886213,0.22807048405494593,0.9337982305234701,2155,30397,26,8530,0.9360291008224764,0.9360516439654771,9337.982305234702
phiusiil,iscx_url2016_binary,r00,lr,0.01,more_permissive_neighbor,0.9137270409754162,source_validation,False,35674,20127,15547,0.9869652968548522,0.9865455965860115,0.9867673638006713,0.9832765163697176,0.9867414809852564,0.9928290724070032,0.9953397391567005,0.01018532319769464,19922,205,260,15287,0.011417070525742699,0.011428360729312501,101.8532319769464
phiusiil,iscx_url2016_binary,r00,lr,0.01,more_permissive_neighbor,0.9137270409754162,source_s3_test,True,35674,20127,15547,0.9860682850255088,0.9851432261510413,0.9899726526891522,0.9779378658262045,0.9858147796841934,0.9947835521789182,0.9965415837561087,0.007651413524121827,19973,154,343,15204,0.00872996260955738,0.008741210312524436,76.51413524121827
phiusiil,iscx_url2016_binary,r00,lr,0.01,more_permissive_neighbor,0.9137270409754162,external_primary,True,41108,32552,8556,0.25990074924588885,0.5315661231094154,0.21912248253185368,0.9969611968209444,0.2416571933070713,0.5547280893886213,0.22807048405494593,0.9338289506021136,2154,30398,26,8530,0.9360593297628484,0.9360818733032138,9338.289506021136
phiusiil,iscx_url2016_binary,r00,rf,0.001,safer_neighbor,0.9838128966652772,source_validation,True,35674,20127,15547,0.904972809328923,0.8911001619423358,0.99860552866869,0.7830449604425291,0.9000252617653088,0.9987411671909618,0.9985063931374408,0.0008446365578576042,20110,17,3373,12174,0.001255133554005273,0.0012666490726384563,8.446365578576042
phiusiil,iscx_url2016_binary,r00,rf,0.001,safer_neighbor,0.9838128966652772,source_s3_test,True,35674,20127,15547,0.9241464371811403,0.9130321103815753,0.9993777708641207,0.8264616967903776,0.9208597164218385,0.9992723219200195,0.9991864396718476,0.00039747602722710784,20119,8,2698,12849,0.0007052719270726329,0.0007170637630863528,3.9747602722710784
phiusiil,iscx_url2016_binary,r00,rf,0.001,safer_neighbor,0.9838128966652772,external_primary,True,41108,32552,8556,0.20550744380655833,0.49343016865107747,0.20596272079633063,0.9866760168302945,0.17057763670492718,0.4576532674128414,0.19445476511934742,0.9998156795281395,6,32546,114,8442,0.9999046824347211,0.999919725038237,9998.156795281395
phiusiil,iscx_url2016_binary,r00,rf,0.001,selected,0.9838077870454245,source_validation,True,35674,20127,15547,0.9049447777092561,0.891075319690634,0.9985236220472441,0.7830449604425291,0.8999970827582305,0.9987411671909618,0.9985063931374408,0.0008943210612609927,20109,18,3373,12174,0.0013143827299275795,0.0013258809847501352,8.943210612609928
phiusiil,iscx_url2016_binary,r00,rf,0.001,selected,0.9838077870454245,source_s3_test,True,35674,20127,15547,0.9241464371811403,0.9130321103815753,0.9993777708641207,0.8264616967903776,0.9208597164218385,0.9992723219200195,0.9991864396718476,0.00039747602722710784,20119,8,2698,12849,0.0007052719270726329,0.0007170637630863528,3.9747602722710784
phiusiil,iscx_url2016_binary,r00,rf,0.001,selected,0.9838077870454245,external_primary,True,41108,32552,8556,0.20550744380655833,0.49343016865107747,0.20596272079633063,0.9866760168302945,0.17057763670492718,0.4576532674128414,0.19445476511934742,0.9998156795281395,6,32546,114,8442,0.9999046824347211,0.999919725038237,9998.156795281395
phiusiil,iscx_url2016_binary,r00,rf,0.001,more_permissive_neighbor,0.9837501150358748,source_validation,False,35674,20127,15547,0.9048326512305881,0.8909759506838273,0.9981961298786487,0.7830449604425291,0.8998843724685928,0.9987411671909618,0.9985063931374408,0.0010930590748745466,20105,22,3373,12174,0.0015490224537526582,0.0015604641541001004,10.930590748745466
phiusiil,iscx_url2016_binary,r00,rf,0.001,more_permissive_neighbor,0.9837501150358748,source_s3_test,True,35674,20127,15547,0.9241744688008073,0.913064270927018,0.999377819256494,0.8265260178812632,0.9208899055871982,0.9992723219200195,0.9991864396718476,0.00039747602722710784,20119,8,2697,12850,0.0007052719270726329,0.0007170637630863528,3.9747602722710784
phiusiil,iscx_url2016_binary,r00,rf,0.001,more_permissive_neighbor,0.9837501150358748,external_primary,True,41108,32552,8556,0.20550744380655833,0.49343016865107747,0.20596272079633063,0.9866760168302945,0.17057763670492718,0.4576532674128414,0.19445476511934742,0.9998156795281395,6,32546,114,8442,0.9999046824347211,0.999919725038237,9998.156795281395
phiusiil,iscx_url2016_binary,r00,rf,0.01,safer_neighbor,0.7968799065213176,source_validation,True,35674,20127,15547,0.9906935022705612,0.9907644027799813,0.9873790761740022,0.9913166527304303,0.9905417981364377,0.9987411671909618,0.9985063931374408,0.009787847170467531,19930,197,135,15412,0.010996977782989756,0.011008260483849215,97.8784717046753
phiusiil,iscx_url2016_binary,r00,rf,0.01,safer_neighbor,0.7968799065213176,source_s3_test,True,35674,20127,15547,0.9915064192409038,0.9918214695914237,0.9863450740173558,0.9942754229111725,0.9913718614302853,0.9992723219200195,0.9991864396718476,0.010632483728325136,19913,214,89,15458,0.01188913782402603,0.011900436750690338,106.32483728325136
phiusiil,iscx_url2016_binary,r00,rf,0.01,safer_neighbor,0.7968799065213176,external_primary,True,41108,32552,8556,0.2078427556679965,0.4992987377279102,0.20790344559081175,0.9985974754558204,0.17207766051719972,0.4576532674128414,0.19445476511934742,1.0,0,32552,12,8544,1.0,1.0,10000.0
phiusiil,iscx_url2016_binary,r00,rf,0.01,selected,0.7949099920871463,source_validation,True,35674,20127,15547,0.9906654706508942,0.9907395605282797,0.9873158231902627,0.9913166527304303,0.9905133780242414,0.9987411671909618,0.9985063931374408,0.00983753167387092,19929,198,135,15412,0.011049514912161154,0.011060798537055197,98.37531673870919
phiusiil,iscx_url2016_binary,r00,rf,0.01,selected,0.7949099920871463,source_s3_test,True,35674,20127,15547,0.9914503560015697,0.9917791033817616,0.9861571829548355,0.9943397440020583,0.9913151569809898,0.9992723219200195,0.9991864396718476,0.010781537238535302,19910,217,88,15459,0.012046373093707383,0.012057674989344878,107.81537238535302
phiusiil,iscx_url2016_binary,r00,rf,0.01,selected,0.7949099920871463,external_primary,True,41108,32552,8556,0.2078427556679965,0.4992987377279102,0.20790344559081175,0.9985974754558204,0.17207766051719972,0.4576532674128414,0.19445476511934742,1.0,0,32552,12,8544,1.0,1.0,10000.0
phiusiil,iscx_url2016_binary,r00,rf,0.01,more_permissive_neighbor,0.7948282343605355,source_validation,False,35674,20127,15547,0.9905533441722263,0.9906401915214729,0.9870628922761624,0.9913166527304303,0.9903997015231032,0.9987411671909618,0.9985063931374408,0.010036269687484474,19925,202,135,15412,0.011259589931342061,0.011270877292309339,100.36269687484474
phiusiil,iscx_url2016_binary,r00,rf,0.01,more_permissive_neighbor,0.7948282343605355,source_s3_test,True,35674,20127,15547,0.9914503560015697,0.9917791033817616,0.9861571829548355,0.9943397440020583,0.9913151569809898,0.9992723219200195,0.9991864396718476,0.010781537238535302,19910,217,88,15459,0.012046373093707383,0.012057674989344878,107.81537238535302
phiusiil,iscx_url2016_binary,r00,rf,0.01,more_permissive_neighbor,0.7948282343605355,external_primary,True,41108,32552,8556,0.2078427556679965,0.4992987377279102,0.20790344559081175,0.9985974754558204,0.17207766051719972,0.4576532674128414,0.19445476511934742,1.0,0,32552,12,8544,1.0,1.0,10000.0
phiusiil,iscx_url2016_binary,r00,xgb,0.001,safer_neighbor,0.950896680355072,source_validation,True,35674,20127,15547,0.991113976565566,0.9899514729694394,0.9986902423051736,0.9808966360069467,0.9909461479609074,0.9993649654468358,0.9994281774418854,0.0009936900680677697,20107,20,297,15250,0.001432139113093784,0.0014436068885975365,9.936900680677697
phiusiil,iscx_url2016_binary,r00,xgb,0.001,safer_neighbor,0.950896680355072,source_s3_test,True,35674,20127,15547,0.9931602848012558,0.992226009849356,0.9993473862820597,0.9849488647327459,0.9930339600824248,0.9993169091838959,0.9993973701145334,0.0004968450340338849,20117,10,234,15313,0.0008309131656555822,0.000842613678464572,4.9684503403388485
phiusiil,iscx_url2016_binary,r00,xgb,0.001,safer_neighbor,0.950896680355072,external_primary,True,41108,32552,8556,0.2078670818332198,0.4993571762505844,0.207922719419909,0.9987143525011688,0.1720943346826979,0.07229698171421428,0.11602330281786047,1.0,0,32552,11,8545,1.0,1.0,10000.0
phiusiil,iscx_url2016_binary,r00,xgb,0.001,selected,0.9502694606781006,source_validation,True,35674,20127,15547,0.9911420081852329,0.9899836335148823,0.9986903280728178,0.9809609570978324,0.990974779191611,0.9993649654468358,0.9994281774418854,0.0009936900680677697,20107,20,296,15251,0.001432139113093784,0.0014436068885975365,9.936900680677697
phiusiil,iscx_url2016_binary,r00,xgb,0.001,selected,0.9502694606781006,source_s3_test,True,35674,20127,15547,0.9931602848012558,0.992226009849356,0.9993473862820597,0.9849488647327459,0.9930339600824248,0.9993169091838959,0.9993973701145334,0.0004968450340338849,20117,10,234,15313,0.0008309131656555822,0.000842613678464572,4.9684503403388485
phiusiil,iscx_url2016_binary,r00,xgb,0.001,selected,0.9502694606781006,external_primary,True,41108,32552,8556,0.2078670818332198,0.4993571762505844,0.207922719419909,0.9987143525011688,0.1720943346826979,0.07229698171421428,0.11602330281786047,1.0,0,32552,11,8545,1.0,1.0,10000.0
phiusiil,iscx_url2016_binary,r00,xgb,0.001,more_permissive_neighbor,0.9491555094718933,source_validation,False,35674,20127,15547,0.991113976565566,0.9899587912631806,0.9986249345206915,0.9809609570978324,0.9909462887560367,0.9993649654468358,0.9994281774418854,0.001043374571471158,20106,21,296,15251,0.0014906822272049613,0.001502136477159864,10.43374571471158
phiusiil,iscx_url2016_binary,r00,xgb,0.001,more_permissive_neighbor,0.9491555094718933,source_s3_test,True,35674,20127,15547,0.9935807590962605,0.9927084180309987,0.9993480245142783,0.9859136810960314,0.9934629530274655,0.9993169091838959,0.9993973701145334,0.0004968450340338849,20117,10,219,15328,0.0008309131656555822,0.000842613678464572,4.9684503403388485
phiusiil,iscx_url2016_binary,r00,xgb,0.001,more_permissive_neighbor,0.9491555094718933,external_primary,True,41108,32552,8556,0.2078670818332198,0.4993571762505844,0.207922719419909,0.9987143525011688,0.1720943346826979,0.07229698171421428,0.11602330281786047,1.0,0,32552,11,8545,1.0,1.0,10000.0
phiusiil,iscx_url2016_binary,r00,xgb,0.01,safer_neighbor,0.6221214532852173,source_validation,True,35674,20127,15547,0.9916465773392387,0.9918798162062619,0.9872196306473258,0.9936965330932013,0.9915128480488082,0.9993649654468358,0.9994281774418854,0.009936900680677697,19927,200,98,15449,0.011154567012271905,0.01116585249731659,99.36900680677697
phiusiil,iscx_url2016_binary,r00,xgb,0.01,safer_neighbor,0.6221214532852173,source_s3_test,True,35674,20127,15547,0.9912541346639009,0.9915320246824381,0.98633722786184,0.9936965330932013,0.9911150107904724,0.9993169091838959,0.9993973701145334,0.010632483728325136,19913,214,98,15449,0.01188913782402603,0.011900436750690338,106.32483728325136
phiusiil,iscx_url2016_binary,r00,xgb,0.01,safer_neighbor,0.6221214532852173,external_primary,True,41108,32552,8556,0.20811034348545296,0.4999415614773259,0.20811540613520813,0.9998831229546518,0.1722610394055937,0.07229698171421428,0.11602330281786047,1.0,0,32552,1,8555,1.0,1.0,10000.0
phiusiil,iscx_url2016_binary,r00,xgb,0.01,selected,0.6199306845664978,source_validation,True,35674,20127,15547,0.9916185457195716,0.9918549739545601,0.9871565495207668,0.9936965330932013,0.9914844285529438,0.9993649654468358,0.9994281774418854,0.009986585184081085,19926,201,98,15449,0.011207082092529868,0.011218368513589174,99.86585184081085
phiusiil,iscx_url2016_binary,r00,xgb,0.01,selected,0.6199306845664978,source_s3_test,True,35674,20127,15547,0.991198071424567,0.9914896584727759,0.9861492308674283,0.993760854184087,0.9910583105256965,0.9993169091838959,0.9993973701145334,0.010781537238535302,19910,217,97,15450,0.012046373093707383,0.012057674989344878,107.81537238535302
phiusiil,iscx_url2016_binary,r00,xgb,0.01,selected,0.6199306845664978,external_primary,True,41108,32552,8556,0.20811034348545296,0.4999415614773259,0.20811540613520813,0.9998831229546518,0.1722610394055937,0.07229698171421428,0.11602330281786047,1.0,0,32552,1,8555,1.0,1.0,10000.0
phiusiil,iscx_url2016_binary,r00,xgb,0.01,more_permissive_neighbor,0.619519829750061,source_validation,False,35674,20127,15547,0.9915905140999047,0.9918301317028584,0.9870934764551785,0.9936965330932013,0.9914560094497866,0.9993649654468358,0.9994281774418854,0.010036269687484474,19925,202,98,15449,0.011259589931342061,0.011270877292309339,100.36269687484474
phiusiil,iscx_url2016_binary,r00,xgb,0.01,more_permissive_neighbor,0.619519829750061,source_s3_test,True,35674,20127,15547,0.991198071424567,0.9914969767665169,0.986087178505329,0.9938251752749727,0.9910584378317314,0.9993169091838959,0.9993973701145334,0.01083122174193869,19909,218,96,15451,0.012098771859656358,0.012110074751415678,108.3122174193869
phiusiil,iscx_url2016_binary,r00,xgb,0.01,more_permissive_neighbor,0.619519829750061,external_primary,True,41108,32552,8556,0.20811034348545296,0.4999415614773259,0.20811540613520813,0.9998831229546518,0.1722610394055937,0.07229698171421428,0.11602330281786047,1.0,0,32552,1,8555,1.0,1.0,10000.0
phiusiil,iscx_url2016_binary,r01,lr,0.001,safer_neighbor,0.9998910028912711,source_validation,True,35675,20127,15548,0.9618780658724597,0.9564034795948224,0.9986644172641642,0.9137509647543093,0.9608056918918103,0.9945907259164148,0.9963223125423459,0.0009440055646643812,20108,19,1341,14207,0.0013733782179399046,0.001384860614589746,9.440055646643811
phiusiil,iscx_url2016_binary,r01,lr,0.001,safer_neighbor,0.9998910028912711,source_s3_test,True,35674,20127,15547,0.9360038123002747,0.926679930866348,0.9989467348781221,0.8540554447803435,0.9335650467268033,0.9935194271889037,0.9956755231209495,0.0006955830476474388,20113,14,2269,13278,0.001075628126320684,0.0010872061326648325,6.955830476474388
phiusiil,iscx_url2016_binary,r01,lr,0.001,safer_neighbor,0.9998910028912711,external_primary,True,41159,32706,8453,0.26609004106027845,0.5361863066652722,0.2179786351379382,0.9945581450372649,0.2508948994022467,0.5530012122598987,0.22442565608499268,0.9221855317067205,2545,30161,46,8407,0.9245871835803535,0.9246094664745507,9221.855317067204
phiusiil,iscx_url2016_binary,r01,lr,0.001,selected,0.9998907453828078,source_validation,True,35675,20127,15548,0.9618500350385424,0.9563786373431207,0.9985942222534617,0.9137509647543093,0.960777246466155,0.9945907259164148,0.9963223125423459,0.0009936900680677697,20107,20,1341,14207,0.001432139113093784,0.0014436068885975365,9.936900680677697
phiusiil,iscx_url2016_binary,r01,lr,0.001,selected,0.9998907453828078,source_s3_test,True,35674,20127,15547,0.9360318439199417,0.9267120914117909,0.9989468141126909,0.8541197658712292,0.9335948869932879,0.9935194271889037,0.9956755231209495,0.0006955830476474388,20113,14,2268,13279,0.001075628126320684,0.0010872061326648325,6.955830476474388
phiusiil,iscx_url2016_binary,r01,lr,0.001,selected,0.9998907453828078,external_primary,True,41159,32706,8453,0.26609004106027845,0.5361863066652722,0.2179786351379382,0.9945581450372649,0.2508948994022467,0.5530012122598987,0.22442565608499268,0.9221855317067205,2545,30161,46,8407,0.9245871835803535,0.9246094664745507,9221.855317067204
phiusiil,iscx_url2016_binary,r01,lr,0.001,more_permissive_neighbor,0.9998907373390261,source_validation,False,35675,20127,15548,0.961822004204625,0.956353795091419,0.9985240371099241,0.9137509647543093,0.9607488015194261,0.9945907259164148,0.9963223125423459,0.001043374571471158,20106,21,1341,14207,0.0014906822272049613,0.001502136477159864,10.43374571471158
phiusiil,iscx_url2016_binary,r01,lr,0.001,more_permissive_neighbor,0.9998907373390261,source_s3_test,True,35674,20127,15547,0.9360318439199417,0.9267120914117909,0.9989468141126909,0.8541197658712292,0.9335948869932879,0.9935194271889037,0.9956755231209495,0.0006955830476474388,20113,14,2268,13279,0.001075628126320684,0.0010872061326648325,6.955830476474388
phiusiil,iscx_url2016_binary,r01,lr,0.001,more_permissive_neighbor,0.9998907373390261,external_primary,True,41159,32706,8453,0.26609004106027845,0.5361863066652722,0.2179786351379382,0.9945581450372649,0.2508948994022467,0.5530012122598987,0.22442565608499268,0.9221855317067205,2545,30161,46,8407,0.9245871835803535,0.9246094664745507,9221.855317067204
phiusiil,iscx_url2016_binary,r01,lr,0.01,safer_neighbor,0.9100741328510737,source_validation,True,35675,20127,15548,0.9852277505255781,0.9845230439142625,0.9869675160474616,0.9790326730126061,0.9849663716579875,0.9945907259164148,0.9963223125423459,0.009986585184081085,19926,201,326,15222,0.011207082092529868,0.011218368513589174,99.86585184081085
phiusiil,iscx_url2016_binary,r01,lr,0.01,safer_neighbor,0.9100741328510737,source_s3_test,True,35674,20127,15547,0.9868531703761844,0.98641695440424,0.9867639462809917,0.9830192320061748,0.9866270327070247,0.9935194271889037,0.9956755231209495,0.01018532319769464,19922,205,264,15283,0.011417070525742699,0.011428360729312501,101.8532319769464
phiusiil,iscx_url2016_binary,r01,lr,0.01,safer_neighbor,0.9100741328510737,external_primary,True,41159,32706,8453,0.25763502514638353,0.531787302452721,0.2163355408388521,0.9970424701289483,0.24010172083624398,0.5530012122598987,0.22442565608499268,0.9334678652235064,2176,30530,25,8428,0.9356988214461072,0.935721255108061,9334.678652235065
phiusiil,iscx_url2016_binary,r01,lr,0.01,selected,0.9096445031809712,source_validation,True,35675,20127,15548,0.9853398738612473,0.9846516778221606,0.9869708951837687,0.9792899408284024,0.9850809276431358,0.9945907259164148,0.9963223125423459,0.009986585184081085,19926,201,322,15226,0.011207082092529868,0.011218368513589174,99.86585184081085
phiusiil,iscx_url2016_binary,r01,lr,0.01,selected,0.9096445031809712,source_s3_test,True,35674,20127,15547,0.9868812019958513,0.986449114949683,0.986764800826393,0.9830835530970605,0.9866556454448445,0.9935194271889037,0.9956755231209495,0.01018532319769464,19922,205,263,15284,0.011417070525742699,0.011428360729312501,101.8532319769464
phiusiil,iscx_url2016_binary,r01,lr,0.01,selected,0.9096445031809712,external_primary,True,41159,32706,8453,0.25763502514638353,0.531787302452721,0.2163355408388521,0.9970424701289483,0.24010172083624398,0.5530012122598987,0.22442565608499268,0.9334678652235064,2176,30530,25,8428,0.9356988214461072,0.935721255108061,9334.678652235065
phiusiil,iscx_url2016_binary,r01,lr,0.01,more_permissive_neighbor,0.9095239018224538,source_validation,False,35675,20127,15548,0.9853118430273301,0.9846268355704589,0.9869069224786103,0.9792899408284024,0.9850525140299767,0.9945907259164148,0.9963223125423459,0.010036269687484474,19925,202,322,15226,0.011259589931342061,0.011270877292309339,100.36269687484474
phiusiil,iscx_url2016_binary,r01,lr,0.01,more_permissive_neighbor,0.9095239018224538,source_s3_test,True,35674,20127,15547,0.9868812019958513,0.986449114949683,0.986764800826393,0.9830835530970605,0.9866556454448445,0.9935194271889037,0.9956755231209495,0.01018532319769464,19922,205,263,15284,0.011417070525742699,0.011428360729312501,101.8532319769464
phiusiil,iscx_url2016_binary,r01,lr,0.01,more_permissive_neighbor,0.9095239018224538,external_primary,True,41159,32706,8453,0.25763502514638353,0.531787302452721,0.2163355408388521,0.9970424701289483,0.24010172083624398,0.5530012122598987,0.22442565608499268,0.9334678652235064,2176,30530,25,8428,0.9356988214461072,0.935721255108061,9334.678652235065
phiusiil,iscx_url2016_binary,r01,rf,0.001,safer_neighbor,0.9755416666666669,source_validation,True,35675,20127,15548,0.9544498948843728,0.9478887994218447,0.9985676430566497,0.8967712889117572,0.9530482131252299,0.9990767303976835,0.998763188844603,0.0009936900680677697,20107,20,1605,13943,0.001432139113093784,0.0014436068885975365,9.936900680677697
phiusiil,iscx_url2016_binary,r01,rf,0.001,safer_neighbor,0.9755416666666669,source_s3_test,True,35674,20127,15547,0.9392274485619779,0.930663807048181,0.9960697070819429,0.8639608927767415,0.9370451023517348,0.9989351674882122,0.9986521694381356,0.0026332786803795897,20074,53,2115,13432,0.003298010406128133,0.0033092792777451303,26.332786803795898
phiusiil,iscx_url2016_binary,r01,rf,0.001,safer_neighbor,0.9755416666666669,external_primary,True,41159,32706,8453,0.20384363079763843,0.4962296494798462,0.20414172385263055,0.9924287235301077,0.16934449948580768,0.4586873226933443,0.19201074342312055,0.9999694245704153,1,32705,64,8389,0.9999931788299591,0.9999984316867191,9999.694245704153
phiusiil,iscx_url2016_binary,r01,rf,0.001,selected,0.9755366322129241,source_validation,True,35675,20127,15548,0.9545059565522074,0.9479531163757937,0.9985678481919084,0.8968999228196552,0.953106936197854,0.9990767303976835,0.998763188844603,0.0009936900680677697,20107,20,1603,13945,0.001432139113093784,0.0014436068885975365,9.936900680677697
phiusiil,iscx_url2016_binary,r01,rf,0.001,selected,0.9755366322129241,source_s3_test,True,35674,20127,15547,0.9392274485619779,0.930663807048181,0.9960697070819429,0.8639608927767415,0.9370451023517348,0.9989351674882122,0.9986521694381356,0.0026332786803795897,20074,53,2115,13432,0.003298010406128133,0.0033092792777451303,26.332786803795898
phiusiil,iscx_url2016_binary,r01,rf,0.001,selected,0.9755366322129241,external_primary,True,41159,32706,8453,0.20384363079763843,0.4962296494798462,0.20414172385263055,0.9924287235301077,0.16934449948580768,0.4586873226933443,0.19201074342312055,0.9999694245704153,1,32705,64,8389,0.9999931788299591,0.9999984316867191,9999.694245704153
phiusiil,iscx_url2016_binary,r01,rf,0.001,more_permissive_neighbor,0.9755078880459314,source_validation,False,35675,20127,15548,0.9543938332165381,0.947853747368987,0.9982819099434462,0.8968999228196552,0.9529932409809876,0.9990767303976835,0.998763188844603,0.0011924280816813235,20103,24,1603,13945,0.0016651459302321247,0.0016765650654835347,11.924280816813235
phiusiil,iscx_url2016_binary,r01,rf,0.001,more_permissive_neighbor,0.9755078880459314,source_s3_test,True,35674,20127,15547,0.9392274485619779,0.930663807048181,0.9960697070819429,0.8639608927767415,0.9370451023517348,0.9989351674882122,0.9986521694381356,0.0026332786803795897,20074,53,2115,13432,0.003298010406128133,0.0033092792777451303,26.332786803795898
phiusiil,iscx_url2016_binary,r01,rf,0.001,more_permissive_neighbor,0.9755078880459314,external_primary,True,41159,32706,8453,0.20384363079763843,0.4962296494798462,0.20414172385263055,0.9924287235301077,0.16934449948580768,0.4586873226933443,0.19201074342312055,0.9999694245704153,1,32705,64,8389,0.9999931788299591,0.9999984316867191,9999.694245704153
phiusiil,iscx_url2016_binary,r01,rf,0.01,safer_neighbor,0.826403122969464,source_validation,True,35675,20127,15548,0.990385423966363,0.9904328874523033,0.987183595001602,0.9908026755852842,0.99022842465867,0.9990767303976835,0.998763188844603,0.009936900680677697,19927,200,143,15405,0.011154567012271905,0.01116585249731659,99.36900680677697
phiusiil,iscx_url2016_binary,r01,rf,0.01,safer_neighbor,0.826403122969464,source_s3_test,True,35674,20127,15547,0.9897404272018837,0.9896343527662187,0.9876646321876004,0.988808130185888,0.9895698593776278,0.9989351674882122,0.9986521694381356,0.009539424653450588,19935,192,174,15373,0.010734179096578715,0.010745457239784534,95.39424653450588
phiusiil,iscx_url2016_binary,r01,rf,0.01,safer_neighbor,0.826403122969464,external_primary,True,41159,32706,8453,0.20510702398017444,0.4993493434283686,0.205161854768154,0.9986986868567372,0.17019818148827645,0.4586873226933443,0.19201074342312055,1.0,0,32706,11,8442,0.9999999999999998,1.0,10000.0
phiusiil,iscx_url2016_binary,r01,rf,0.01,selected,0.8260817269624671,source_validation,True,35675,20127,15548,0.9903573931324456,0.9904080452006016,0.987120338331411,0.9908026755852842,0.9902000068701049,0.9990767303976835,0.998763188844603,0.009986585184081085,19926,201,143,15405,0.011207082092529868,0.011218368513589174,99.86585184081085
phiusiil,iscx_url2016_binary,r01,rf,0.01,selected,0.8260817269624671,source_s3_test,True,35674,20127,15547,0.9897404272018837,0.9896343527662187,0.9876646321876004,0.988808130185888,0.9895698593776278,0.9989351674882122,0.9986521694381356,0.009539424653450588,19935,192,174,15373,0.010734179096578715,0.010745457239784534,95.39424653450588
phiusiil,iscx_url2016_binary,r01,rf,0.01,selected,0.8260817269624671,external_primary,True,41159,32706,8453,0.20510702398017444,0.4993493434283686,0.205161854768154,0.9986986868567372,0.17019818148827645,0.4586873226933443,0.19201074342312055,1.0,0,32706,11,8442,0.9999999999999998,1.0,10000.0
phiusiil,iscx_url2016_binary,r01,rf,0.01,more_permissive_neighbor,0.8249883311835465,source_validation,False,35675,20127,15548,0.9903293622985284,0.9903832029488999,0.987057089767412,0.9908026755852842,0.990171589476267,0.9990767303976835,0.998763188844603,0.010036269687484474,19925,202,143,15405,0.011259589931342061,0.011270877292309339,100.36269687484474
phiusiil,iscx_url2016_binary,r01,rf,0.01,more_permissive_neighbor,0.8249883311835465,source_s3_test,True,35674,20127,15547,0.9896843639625498,0.9895919865565564,0.9874751107970968,0.9888724512767737,0.9895131696757853,0.9989351674882122,0.9986521694381356,0.009688478163660754,19932,195,173,15374,0.010891881087922722,0.010903161953054961,96.88478163660754
phiusiil,iscx_url2016_binary,r01,rf,0.01,more_permissive_neighbor,0.8249883311835465,external_primary,True,41159,32706,8453,0.20510702398017444,0.4993493434283686,0.205161854768154,0.9986986868567372,0.17019818148827645,0.4586873226933443,0.19201074342312055,1.0,0,32706,11,8442,0.9999999999999998,1.0,10000.0
phiusiil,iscx_url2016_binary,r01,xgb,0.001,safer_neighbor,0.9272375702857971,source_validation,True,35675,20127,15548,0.9937210932025228,0.9929355094378891,0.9987631818773597,0.9868150244404424,0.9936070420457466,0.9994273180329348,0.9994651244079461,0.0009440055646643812,20108,19,205,15343,0.0013733782179399046,0.001384860614589746,9.440055646643811
phiusiil,iscx_url2016_binary,r01,xgb,0.001,safer_neighbor,0.9272375702857971,source_s3_test,True,35674,20127,15547,0.9920950832539104,0.9911063652349039,0.9984327042382289,0.983405158551489,0.9919484652758063,0.9994854568390061,0.9994910521760969,0.0011924280816813235,20103,24,258,15289,0.0016651459302321247,0.0016765650654835347,11.924280816813235
phiusiil,iscx_url2016_binary,r01,xgb,0.001,safer_neighbor,0.9272375702857971,external_primary,True,41159,32706,8453,0.20510702398017444,0.4993493434283686,0.205161854768154,0.9986986868567372,0.17019818148827645,0.07829544443316629,0.11495433873101357,1.0,0,32706,11,8442,0.9999999999999998,1.0,10000.0
phiusiil,iscx_url2016_binary,r01,xgb,0.001,selected,0.9268352389335632,source_validation,True,35675,20127,15548,0.9936930623686054,0.9929106671861874,0.9986981709301569,0.9868150244404424,0.9935785510068535,0.9994273180329348,0.9994651244079461,0.0009936900680677697,20107,20,205,15343,0.001432139113093784,0.0014436068885975365,9.936900680677697
phiusiil,iscx_url2016_binary,r01,xgb,0.001,selected,0.9268352389335632,source_s3_test,True,35674,20127,15547,0.9920950832539104,0.9911063652349039,0.9984327042382289,0.983405158551489,0.9919484652758063,0.9994854568390061,0.9994910521760969,0.0011924280816813235,20103,24,258,15289,0.0016651459302321247,0.0016765650654835347,11.924280816813235
phiusiil,iscx_url2016_binary,r01,xgb,0.001,selected,0.9268352389335632,external_primary,True,41159,32706,8453,0.20510702398017444,0.4993493434283686,0.205161854768154,0.9986986868567372,0.17019818148827645,0.07829544443316629,0.11495433873101357,1.0,0,32706,11,8442,0.9999999999999998,1.0,10000.0
phiusiil,iscx_url2016_binary,r01,xgb,0.001,more_permissive_neighbor,0.9262593984603882,source_validation,False,35675,20127,15548,0.9936650315346881,0.9928858249344856,0.9986331684457173,0.9868150244404424,0.99355006039202,0.9994273180329348,0.9994651244079461,0.001043374571471158,20106,21,205,15343,0.0014906822272049613,0.001502136477159864,10.43374571471158
phiusiil,iscx_url2016_binary,r01,xgb,0.001,more_permissive_neighbor,0.9262593984603882,source_s3_test,True,35674,20127,15547,0.9920950832539104,0.9911063652349039,0.9984327042382289,0.983405158551489,0.9919484652758063,0.9994854568390061,0.9994910521760969,0.0011924280816813235,20103,24,258,15289,0.0016651459302321247,0.0016765650654835347,11.924280816813235
phiusiil,iscx_url2016_binary,r01,xgb,0.001,more_permissive_neighbor,0.9262593984603882,external_primary,True,41159,32706,8453,0.20510702398017444,0.4993493434283686,0.205161854768154,0.9986986868567372,0.17019818148827645,0.07829544443316629,0.11495433873101357,1.0,0,32706,11,8442,0.9999999999999998,1.0,10000.0
phiusiil,iscx_url2016_binary,r01,xgb,0.01,safer_neighbor,0.6167040467262268,source_validation,True,35675,20127,15548,0.991927119831815,0.9922089199111752,0.9871663899885073,0.9944044250064317,0.9917986502543884,0.9994273180329348,0.9994651244079461,0.009986585184081085,19926,201,87,15461,0.011207082092529868,0.011218368513589174,99.86585184081085
phiusiil,iscx_url2016_binary,r01,xgb,0.01,safer_neighbor,0.6167040467262268,source_s3_test,True,35674,20127,15547,0.9920950832539104,0.9922041092960774,0.9888554409786716,0.9930533221843443,0.9919664579045879,0.9994854568390061,0.9994910521760969,0.008645103592189595,19953,174,108,15439,0.00978644241496182,0.009797705112037734,86.45103592189595
phiusiil,iscx_url2016_binary,r01,xgb,0.01,safer_neighbor,0.6167040467262268,external_primary,True,41159,32706,8453,0.2053499842075852,0.499940849402579,0.20535497351669177,0.999881698805158,0.17036544314768903,0.07829544443316629,0.11495433873101357,1.0,0,32706,1,8452,0.9999999999999998,1.0,10000.0
phiusiil,iscx_url2016_binary,r01,xgb,0.01,selected,0.6127820014953613,source_validation,True,35675,20127,15548,0.9919551506657323,0.9922410783881498,0.9871672093468684,0.9944687419603807,0.9918271854142202,0.9994273180329348,0.9994651244079461,0.009986585184081085,19926,201,86,15462,0.011207082092529868,0.011218368513589174,99.86585184081085
phiusiil,iscx_url2016_binary,r01,xgb,0.01,selected,0.6127820014953613,source_s3_test,True,35674,20127,15547,0.9920670516342435,0.9921939036318579,0.9886669227814061,0.9931819643661156,0.9919382606062903,0.9994854568390061,0.9994910521760969,0.008794157102399761,19950,177,106,15441,0.009944588969220404,0.009955854126296034,87.94157102399761
phiusiil,iscx_url2016_binary,r01,xgb,0.01,selected,0.6127820014953613,external_primary,True,41159,32706,8453,0.2053499842075852,0.499940849402579,0.20535497351669177,0.999881698805158,0.17036544314768903,0.07829544443316629,0.11495433873101357,1.0,0,32706,1,8452,0.9999999999999998,1.0,10000.0
phiusiil,iscx_url2016_binary,r01,xgb,0.01,more_permissive_neighbor,0.6093948483467102,source_validation,False,35675,20127,15548,0.991927119831815,0.9922162361364482,0.9871041879468846,0.9944687419603807,0.9917987671483784,0.9994273180329348,0.9994651244079461,0.010036269687484474,19925,202,86,15462,0.011259589931342061,0.011270877292309339,100.36269687484474
phiusiil,iscx_url2016_binary,r01,xgb,0.01,more_permissive_neighbor,0.6093948483467102,source_s3_test,True,35674,20127,15547,0.9920950832539104,0.9922333824710419,0.9886050829012227,0.993310606547887,0.9919669208019763,0.9994854568390061,0.9994910521760969,0.00884384160580315,19949,178,104,15443,0.009997286905981229,0.010008552893891473,88.4384160580315
phiusiil,iscx_url2016_binary,r01,xgb,0.01,more_permissive_neighbor,0.6093948483467102,external_primary,True,41159,32706,8453,0.2053499842075852,0.499940849402579,0.20535497351669177,0.999881698805158,0.17036544314768903,0.07829544443316629,0.11495433873101357,1.0,0,32706,1,8452,0.9999999999999998,1.0,10000.0
phiusiil,iscx_url2016_binary,r02,lr,0.001,safer_neighbor,0.999667043977387,source_validation,True,35674,20127,15547,0.971407747939676,0.9673352912293742,0.998695502917954,0.9356145880234129,0.9706953966742224,0.995111010670459,0.9967779363104032,0.0009440055646643812,20108,19,1001,14546,0.0013733782179399046,0.001384860614589746,9.440055646643811
phiusiil,iscx_url2016_binary,r02,lr,0.001,safer_neighbor,0.999667043977387,source_s3_test,True,35674,20127,15547,0.9474687447440713,0.9399140951836267,0.9981782409094221,0.8810703029523381,0.9457195320782643,0.9932000699526617,0.9954218390476557,0.001242112585084712,20102,25,1849,13698,0.001722951750163069,0.0017343607065745006,12.42112585084712
phiusiil,iscx_url2016_binary,r02,lr,0.001,safer_neighbor,0.999667043977387,external_primary,True,41236,32781,8455,0.264720147443981,0.5356499815785533,0.21742614179741013,0.9949142519219397,0.24931066119960552,0.5532995135666472,0.2241842300761869,0.9236142887648333,2504,30277,43,8412,0.925992539570639,0.9260147914319152,9236.142887648333
phiusiil,iscx_url2016_binary,r02,lr,0.001,selected,0.9996656865134983,source_validation,True,35674,20127,15547,0.971379716320009,0.9673104489776725,0.9986269394480296,0.9356145880234129,0.9706669294334294,0.995111010670459,0.9967779363104032,0.0009936900680677697,20107,20,1001,14546,0.001432139113093784,0.0014436068885975365,9.936900680677697
phiusiil,iscx_url2016_binary,r02,lr,0.001,selected,0.9996656865134983,source_s3_test,True,35674,20127,15547,0.9475248079834053,0.9399784162745124,0.9981785063752276,0.8811989451341095,0.94577858969185,0.9932000699526617,0.9954218390476557,0.001242112585084712,20102,25,1847,13700,0.001722951750163069,0.0017343607065745006,12.42112585084712
phiusiil,iscx_url2016_binary,r02,lr,0.001,selected,0.9996656865134983,external_primary,True,41236,32781,8455,0.2646958967892133,0.5356347288406867,0.21742052209873353,0.9949142519219397,0.24928057584733931,0.5532995135666472,0.2241842300761869,0.9236447942405662,2503,30278,43,8412,0.9260226005828094,0.9260448528601578,9236.447942405663
phiusiil,iscx_url2016_binary,r02,lr,0.001,more_permissive_neighbor,0.9996642109408683,source_validation,False,35674,20127,15547,0.9713516847003419,0.9672856067259709,0.9985583853916387,0.9356145880234129,0.9706384626553484,0.995111010670459,0.9967779363104032,0.001043374571471158,20106,21,1001,14546,0.0014906822272049613,0.001502136477159864,10.43374571471158
phiusiil,iscx_url2016_binary,r02,lr,0.001,more_permissive_neighbor,0.9996642109408683,source_s3_test,True,35674,20127,15547,0.9475808712227393,0.9400427373653981,0.9981787717636774,0.8813275873158809,0.945837644497497,0.9932000699526617,0.9954218390476557,0.001242112585084712,20102,25,1845,13702,0.001722951750163069,0.0017343607065745006,12.42112585084712
phiusiil,iscx_url2016_binary,r02,lr,0.001,more_permissive_neighbor,0.9996642109408683,external_primary,True,41236,32781,8455,0.2646958967892133,0.5356347288406867,0.21742052209873353,0.9949142519219397,0.24928057584733931,0.5532995135666472,0.2241842300761869,0.9236447942405662,2503,30278,43,8412,0.9260226005828094,0.9260448528601578,9236.447942405663
phiusiil,iscx_url2016_binary,r02,lr,0.01,safer_neighbor,0.8742717931191698,source_validation,True,35674,20127,15547,0.9878062454448618,0.9874738214805913,0.9871067560598247,0.9848845436418602,0.9875987030121935,0.995111010670459,0.9967779363104032,0.009936900680677697,19927,200,235,15312,0.011154567012271905,0.01116585249731659,99.36900680677697
phiusiil,iscx_url2016_binary,r02,lr,0.01,safer_neighbor,0.8742717931191698,source_s3_test,True,35674,20127,15547,0.9859281269271738,0.9857874357353542,0.9830475823540744,0.984691580369203,0.9856950120815209,0.9932000699526617,0.9954218390476557,0.01311670889849456,19863,264,238,15309,0.014502798607924028,0.014514150242082094,131.1670889849456
phiusiil,iscx_url2016_binary,r02,lr,0.01,safer_neighbor,0.8742717931191698,external_primary,True,41236,32781,8455,0.25700843922785915,0.5317211721585633,0.21595943558093678,0.997397989355411,0.23943564260725428,0.5532995135666472,0.2241842300761869,0.9339556450382843,2165,30616,22,8433,0.9361763245719041,0.9361987136320304,9339.556450382843
phiusiil,iscx_url2016_binary,r02,lr,0.01,selected,0.8741734981528835,source_validation,True,35674,20127,15547,0.9877782138251948,0.9874489792288895,0.9870431251208663,0.9848845436418602,0.9875702859565667,0.995111010670459,0.9967779363104032,0.009986585184081085,19926,201,235,15312,0.011207082092529868,0.011218368513589174,99.86585184081085
phiusiil,iscx_url2016_binary,r02,lr,0.01,selected,0.8741734981528835,source_s3_test,True,35674,20127,15547,0.9859000953075069,0.9857625934836525,0.9829844612816232,0.984691580369203,0.98566662035882,0.9932000699526617,0.9954218390476557,0.013166393401897947,19862,265,238,15309,0.014554935614559023,0.014566288361914068,131.66393401897946
phiusiil,iscx_url2016_binary,r02,lr,0.01,selected,0.8741734981528835,external_primary,True,41236,32781,8455,0.25700843922785915,0.5317211721585633,0.21595943558093678,0.997397989355411,0.23943564260725428,0.5532995135666472,0.2241842300761869,0.9339556450382843,2165,30616,22,8433,0.9361763245719041,0.9361987136320304,9339.556450382843
phiusiil,iscx_url2016_binary,r02,lr,0.01,more_permissive_neighbor,0.8734435176610365,source_validation,False,35674,20127,15547,0.9877501822055278,0.9874241369771879,0.9869795023849426,0.9848845436418602,0.9875418693001918,0.995111010670459,0.9967779363104032,0.010036269687484474,19925,202,235,15312,0.011259589931342061,0.011270877292309339,100.36269687484474
phiusiil,iscx_url2016_binary,r02,lr,0.01,more_permissive_neighbor,0.8734435176610365,source_s3_test,True,35674,20127,15547,0.9858720636878399,0.9857377512319508,0.9829213483146068,0.984691580369203,0.9856382290262446,0.9932000699526617,0.9954218390476557,0.013216077905301337,19861,266,238,15309,0.014607067808672825,0.014618421671151656,132.16077905301336
phiusiil,iscx_url2016_binary,r02,lr,0.01,more_permissive_neighbor,0.8734435176610365,external_primary,True,41236,32781,8455,0.25700843922785915,0.5317211721585633,0.21595943558093678,0.997397989355411,0.23943564260725428,0.5532995135666472,0.2241842300761869,0.9339556450382843,2165,30616,22,8433,0.9361763245719041,0.9361987136320304,9339.556450382843
phiusiil,iscx_url2016_binary,r02,rf,0.001,safer_neighbor,0.9679459695434356,source_validation,True,35674,20127,15547,0.9726411392050233,0.9687503552288597,0.9986994318570744,0.9384447160223838,0.9719705218498559,0.9994394298845924,0.9993647369042272,0.0009440055646643812,20108,19,957,14590,0.0013733782179399046,0.001384860614589746,9.440055646643811
phiusiil,iscx_url2016_binary,r02,rf,0.001,safer_neighbor,0.9679459695434356,source_s3_test,True,35674,20127,15547,0.9709592420250042,0.9671793188956053,0.99535741107394,0.9377371840226411,0.9702574048626258,0.9989814389183774,0.9987747989120523,0.003378546231430417,20059,68,968,14579,0.004121324812486899,0.004132568031346095,33.78546231430417
phiusiil,iscx_url2016_binary,r02,rf,0.001,safer_neighbor,0.9679459695434356,external_primary,True,41236,32781,8455,0.20404500921524882,0.49753151530439516,0.2042337290316316,0.9950325251330574,0.16948341427230446,0.45507441270509946,0.19067069660915423,0.9999694945242671,1,32780,42,8413,0.9999931944362545,0.999998435274877,9999.69494524267
phiusiil,iscx_url2016_binary,r02,rf,0.001,selected,0.9678822844471395,source_validation,True,35674,20127,15547,0.9726691708246903,0.9687825157743026,0.9986995208761122,0.9385090371132695,0.9719994893209317,0.9994394298845924,0.9993647369042272,0.0009440055646643812,20108,19,956,14591,0.0013733782179399046,0.001384860614589746,9.440055646643811
phiusiil,iscx_url2016_binary,r02,rf,0.001,selected,0.9678822844471395,source_s3_test,True,35674,20127,15547,0.9709872736446712,0.9672114794410482,0.9953577280174768,0.9378015051135268,0.9702863759871336,0.9989814389183774,0.9987747989120523,0.003378546231430417,20059,68,967,14580,0.004121324812486899,0.004132568031346095,33.78546231430417
phiusiil,iscx_url2016_binary,r02,rf,0.001,selected,0.9678822844471395,external_primary,True,41236,32781,8455,0.20404500921524882,0.49753151530439516,0.2042337290316316,0.9950325251330574,0.16948341427230446,0.45507441270509946,0.19067069660915423,0.9999694945242671,1,32780,42,8413,0.9999931944362545,0.999998435274877,9999.69494524267
phiusiil,iscx_url2016_binary,r02,rf,0.001,more_permissive_neighbor,0.9678769360451307,source_validation,False,35674,20127,15547,0.9726131075853562,0.9687328312708992,0.9985628250752806,0.9385090371132695,0.9719425507345564,0.9994394298845924,0.9993647369042272,0.001043374571471158,20106,21,956,14591,0.0014906822272049613,0.001502136477159864,10.43374571471158
phiusiil,iscx_url2016_binary,r02,rf,0.001,more_permissive_neighbor,0.9678769360451307,source_s3_test,True,35674,20127,15547,0.9709872736446712,0.9672114794410482,0.9953577280174768,0.9378015051135268,0.9702863759871336,0.9989814389183774,0.9987747989120523,0.003378546231430417,20059,68,967,14580,0.004121324812486899,0.004132568031346095,33.78546231430417
phiusiil,iscx_url2016_binary,r02,rf,0.001,more_permissive_neighbor,0.9678769360451307,external_primary,True,41236,32781,8455,0.20404500921524882,0.49753151530439516,0.2042337290316316,0.9950325251330574,0.16948341427230446,0.45507441270509946,0.19067069660915423,0.9999694945242671,1,32780,42,8413,0.9999931944362545,0.999998435274877,9999.69494524267
phiusiil,iscx_url2016_binary,r02,rf,0.01,safer_neighbor,0.7988223569098364,source_validation,True,35674,20127,15547,0.9918427986769075,0.9921049400243618,0.9872253449156873,0.9941467807294012,0.9917126251393118,0.9994394298845924,0.9993647369042272,0.009936900680677697,19927,200,91,15456,0.011154567012271905,0.01116585249731659,99.36900680677697
phiusiil,iscx_url2016_binary,r02,rf,0.01,safer_neighbor,0.7988223569098364,source_s3_test,True,35674,20127,15547,0.9895442058642149,0.9896287777603534,0.9857856319631195,0.9902875152762591,0.9893744565588208,0.9989814389183774,0.9987747989120523,0.011029959755552243,19905,222,151,15396,0.012308303135657252,0.012319610043236218,110.29959755552242
phiusiil,iscx_url2016_binary,r02,rf,0.01,safer_neighbor,0.7988223569098364,external_primary,True,41236,32781,8455,0.2047482782035115,0.4992903607332939,0.20480787890549196,0.9985807214665878,0.16995108597193986,0.45507441270509946,0.19067069660915423,1.0,0,32781,12,8443,1.0,1.0,10000.0
phiusiil,iscx_url2016_binary,r02,rf,0.01,selected,0.7987767911510679,source_validation,True,35674,20127,15547,0.9918147670572406,0.99208009777266,0.9871622916267484,0.9941467807294012,0.9916842055435453,0.9994394298845924,0.9993647369042272,0.009986585184081085,19926,201,91,15456,0.011207082092529868,0.011218368513589174,99.86585184081085
phiusiil,iscx_url2016_binary,r02,rf,0.01,selected,0.7987767911510679,source_s3_test,True,35674,20127,15547,0.9895442058642149,0.9896287777603534,0.9857856319631195,0.9902875152762591,0.9893744565588208,0.9989814389183774,0.9987747989120523,0.011029959755552243,19905,222,151,15396,0.012308303135657252,0.012319610043236218,110.29959755552242
phiusiil,iscx_url2016_binary,r02,rf,0.01,selected,0.7987767911510679,external_primary,True,41236,32781,8455,0.2047482782035115,0.4992903607332939,0.20480787890549196,0.9985807214665878,0.16995108597193986,0.45507441270509946,0.19067069660915423,1.0,0,32781,12,8443,1.0,1.0,10000.0
phiusiil,iscx_url2016_binary,r02,rf,0.01,more_permissive_neighbor,0.7983743127926829,source_validation,False,35674,20127,15547,0.9917867354375736,0.9920552555209583,0.9870992463916209,0.9941467807294012,0.9916557863401518,0.9994394298845924,0.9993647369042272,0.010036269687484474,19925,202,91,15456,0.011259589931342061,0.011270877292309339,100.36269687484474
phiusiil,iscx_url2016_binary,r02,rf,0.01,more_permissive_neighbor,0.7983743127926829,source_s3_test,True,35674,20127,15547,0.9895722374838818,0.9896609383057963,0.9857865420321403,0.9903518363671447,0.989403019572247,0.9989814389183774,0.9987747989120523,0.011029959755552243,19905,222,150,15397,0.012308303135657252,0.012319610043236218,110.29959755552242
phiusiil,iscx_url2016_binary,r02,rf,0.01,more_permissive_neighbor,0.7983743127926829,external_primary,True,41236,32781,8455,0.2047482782035115,0.4992903607332939,0.20480787890549196,0.9985807214665878,0.16995108597193986,0.45507441270509946,0.19067069660915423,1.0,0,32781,12,8443,1.0,1.0,10000.0
phiusiil,iscx_url2016_binary,r02,xgb,0.001,safer_neighbor,0.9205653071403503,source_validation,True,35674,20127,15547,0.9947861187419409,0.9941571861287117,0.9987661536463407,0.9892583778220878,0.9946928988304009,0.999471219721706,0.99951341492977,0.0009440055646643812,20108,19,167,15380,0.0013733782179399046,0.001384860614589746,9.440055646643811
phiusiil,iscx_url2016_binary,r02,xgb,0.001,safer_neighbor,0.9205653071403503,source_s3_test,True,35674,20127,15547,0.9925716207882491,0.9917335957385851,0.9977201667535175,0.9852061490962887,0.9924361054029581,0.9995049941266858,0.9995166076981417,0.0017389576191185968,20092,35,230,15317,0.0022935780721621496,0.0023049130916052195,17.38957619118597
phiusiil,iscx_url2016_binary,r02,xgb,0.001,safer_neighbor,0.9205653071403503,external_primary,True,41236,32781,8455,0.20477252885827918,0.49934949733885275,0.2048271679805943,0.9986989946777055,0.16996779388083735,0.09264857001027428,0.11560758373218102,1.0,0,32781,11,8444,1.0,1.0,10000.0
phiusiil,iscx_url2016_binary,r02,xgb,0.001,selected,0.9197028875350952,source_validation,True,35674,20127,15547,0.9947580871222739,0.99413234387701,0.9987012987012988,0.9892583778220878,0.9946644063777962,0.999471219721706,0.99951341492977,0.0009936900680677697,20107,20,167,15380,0.001432139113093784,0.0014436068885975365,9.936900680677697
phiusiil,iscx_url2016_binary,r02,xgb,0.001,selected,0.9197028875350952,source_s3_test,True,35674,20127,15547,0.9924034310702472,0.9915845422283749,0.997330381560099,0.9852061490962887,0.9922652017996306,0.9995049941266858,0.9995166076981417,0.0020370646395389278,20086,41,230,15317,0.002630979824828687,0.0026422862914554836,20.37064639538928
phiusiil,iscx_url2016_binary,r02,xgb,0.001,selected,0.9197028875350952,external_primary,True,41236,32781,8455,0.20477252885827918,0.49934949733885275,0.2048271679805943,0.9986989946777055,0.16996779388083735,0.09264857001027428,0.11560758373218102,1.0,0,32781,11,8444,1.0,1.0,10000.0
phiusiil,iscx_url2016_binary,r02,xgb,0.001,more_permissive_neighbor,0.9186331629753113,source_validation,False,35674,20127,15547,0.994730055502607,0.9941075016253083,0.99863645217843,0.9892583778220878,0.9946359143475418,0.999471219721706,0.99951341492977,0.001043374571471158,20106,21,167,15380,0.0014906822272049613,0.001502136477159864,10.43374571471158
phiusiil,iscx_url2016_binary,r02,xgb,0.001,more_permissive_neighbor,0.9186331629753113,source_s3_test,True,35674,20127,15547,0.9924034310702472,0.9915918605221161,0.997265625,0.9852704701871744,0.9922653198225866,0.9995049941266858,0.9995166076981417,0.002086749142942316,20085,42,229,15318,0.002686929262211297,0.0026982317356441703,20.86749142942316
phiusiil,iscx_url2016_binary,r02,xgb,0.001,more_permissive_neighbor,0.9186331629753113,external_primary,True,41236,32781,8455,0.20477252885827918,0.49934949733885275,0.2048271679805943,0.9986989946777055,0.16996779388083735,0.09264857001027428,0.11560758373218102,1.0,0,32781,11,8444,1.0,1.0,10000.0
phiusiil,iscx_url2016_binary,r02,xgb,0.01,safer_neighbor,0.6312794089317322,source_validation,True,35674,20127,15547,0.9925435891685822,0.9928211341355391,0.9879925911732771,0.9949829549109153,0.9924246529951475,0.999471219721706,0.99951341492977,0.009340686639837035,19939,188,78,15469,0.010523800992652588,0.01053507556810154,93.40686639837035
phiusiil,iscx_url2016_binary,r02,xgb,0.01,safer_neighbor,0.6312794089317322,source_s3_test,True,35674,20127,15547,0.9915624824802377,0.991863835801086,0.9865330610160837,0.9942111018202868,0.9914285688855978,0.9995049941266858,0.9995166076981417,0.01048343021811497,19916,211,90,15457,0.01173184314948789,0.011743139137080845,104.83430218114971
phiusiil,iscx_url2016_binary,r02,xgb,0.01,safer_neighbor,0.6312794089317322,external_primary,True,41236,32781,8455,0.20501503540595595,0.49994086339444116,0.20502000727537287,0.9998817267888823,0.1701348359830952,0.09264857001027428,0.11560758373218102,1.0,0,32781,1,8454,1.0,1.0,10000.0
phiusiil,iscx_url2016_binary,r02,xgb,0.01,selected,0.6304172277450562,source_validation,True,35674,20127,15547,0.9921791781129113,0.9924981848634171,0.9871729419272495,0.9949829549109153,0.9920551653117569,0.999471219721706,0.99951341492977,0.009986585184081085,19926,201,78,15469,0.011207082092529868,0.011218368513589174,99.86585184081085
phiusiil,iscx_url2016_binary,r02,xgb,0.01,selected,0.6304172277450562,source_s3_test,True,35674,20127,15547,0.9915624824802377,0.991863835801086,0.9865330610160837,0.9942111018202868,0.9914285688855978,0.9995049941266858,0.9995166076981417,0.01048343021811497,19916,211,90,15457,0.01173184314948789,0.011743139137080845,104.83430218114971
phiusiil,iscx_url2016_binary,r02,xgb,0.01,selected,0.6304172277450562,external_primary,True,41236,32781,8455,0.20501503540595595,0.49994086339444116,0.20502000727537287,0.9998817267888823,0.1701348359830952,0.09264857001027428,0.11560758373218102,1.0,0,32781,1,8454,1.0,1.0,10000.0
phiusiil,iscx_url2016_binary,r02,xgb,0.01,more_permissive_neighbor,0.6298919916152954,source_validation,False,35674,20127,15547,0.9921511464932444,0.9924733426117154,0.987109948312169,0.9949829549109153,0.9920267459285734,0.999471219721706,0.99951341492977,0.010036269687484474,19925,202,78,15469,0.011259589931342061,0.011270877292309339,100.36269687484474
phiusiil,iscx_url2016_binary,r02,xgb,0.01,more_permissive_neighbor,0.6298919916152954,source_s3_test,True,35674,20127,15547,0.9915624824802377,0.991863835801086,0.9865330610160837,0.9942111018202868,0.9914285688855978,0.9995049941266858,0.9995166076981417,0.01048343021811497,19916,211,90,15457,0.01173184314948789,0.011743139137080845,104.83430218114971
phiusiil,iscx_url2016_binary,r02,xgb,0.01,more_permissive_neighbor,0.6298919916152954,external_primary,True,41236,32781,8455,0.20501503540595595,0.49994086339444116,0.20502000727537287,0.9998817267888823,0.1701348359830952,0.09264857001027428,0.11560758373218102,1.0,0,32781,1,8454,1.0,1.0,10000.0
phiusiil,iscx_url2016_binary,r03,lr,0.001,safer_neighbor,0.9998145752412739,source_validation,True,35675,20127,15548,0.9432375613174492,0.9350254086320324,0.998525399985254,0.8710445073321328,0.9412485949546106,0.9930734695757321,0.995466234296424,0.0009936900680677697,20107,20,2005,13543,0.001432139113093784,0.0014436068885975365,9.936900680677697
phiusiil,iscx_url2016_binary,r03,lr,0.001,safer_neighbor,0.9998145752412739,source_s3_test,True,35674,20127,15547,0.9679318271009699,0.9633254287132373,0.998891582958088,0.9274458094809288,0.9670941051955707,0.9949858774347696,0.9966681733677825,0.0007949520544542157,20111,16,1128,14419,0.0011956088525730474,0.0012071432436057557,7.949520544542157
phiusiil,iscx_url2016_binary,r03,lr,0.001,safer_neighbor,0.9998145752412739,external_primary,True,41332,32774,8558,0.262871382947837,0.5335983336730606,0.21876203435085106,0.9956765599439121,0.24603163902391426,0.5493407277837942,0.22477192993788414,0.928479892597791,2344,30430,37,8521,0.9307860256126531,0.9308083477672177,9284.79892597791
phiusiil,iscx_url2016_binary,r03,lr,0.001,selected,0.9998120067642827,source_validation,True,35675,20127,15548,0.9432655921513665,0.935057567109007,0.9985255086994986,0.8711088242860818,0.9412782348877371,0.9930734695757321,0.995466234296424,0.0009936900680677697,20107,20,2004,13544,0.001432139113093784,0.0014436068885975365,9.936900680677697
phiusiil,iscx_url2016_binary,r03,lr,0.001,selected,0.9998120067642827,source_s3_test,True,35674,20127,15547,0.9679598587206368,0.9633575892586801,0.9988916597395401,0.9275101305718145,0.9671231708363335,0.9949858774347696,0.9966681733677825,0.0007949520544542157,20111,16,1127,14420,0.0011956088525730474,0.0012071432436057557,7.949520544542157
phiusiil,iscx_url2016_binary,r03,lr,0.001,selected,0.9998120067642827,external_primary,True,41332,32774,8558,0.262871382947837,0.5335983336730606,0.21876203435085106,0.9956765599439121,0.24603163902391426,0.5493407277837942,0.22477192993788414,0.928479892597791,2344,30430,37,8521,0.9307860256126531,0.9308083477672177,9284.79892597791
phiusiil,iscx_url2016_binary,r03,lr,0.001,more_permissive_neighbor,0.999809272501318,source_validation,False,35675,20127,15548,0.9432375613174492,0.9350327248573054,0.9984518982676004,0.8711088242860818,0.9412498492523189,0.9930734695757321,0.995466234296424,0.001043374571471158,20106,21,2004,13544,0.0014906822272049613,0.001502136477159864,10.43374571471158
phiusiil,iscx_url2016_binary,r03,lr,0.001,more_permissive_neighbor,0.999809272501318,source_s3_test,True,35674,20127,15547,0.9682121432976397,0.9636470341676657,0.9988923502942194,0.9280890203897858,0.9673847352297782,0.9949858774347696,0.9966681733677825,0.0007949520544542157,20111,16,1118,14429,0.0011956088525730474,0.0012071432436057557,7.949520544542157
phiusiil,iscx_url2016_binary,r03,lr,0.001,more_permissive_neighbor,0.999809272501318,external_primary,True,41332,32774,8558,0.262871382947837,0.5335983336730606,0.21876203435085106,0.9956765599439121,0.24603163902391426,0.5493407277837942,0.22477192993788414,0.928479892597791,2344,30430,37,8521,0.9307860256126531,0.9308083477672177,9284.79892597791
phiusiil,iscx_url2016_binary,r03,lr,0.01,safer_neighbor,0.9294786273590152,source_validation,True,35675,20127,15548,0.9876384022424667,0.9872886729340722,0.9870397833516023,0.9845639310522254,0.9874277367713191,0.9930734695757321,0.995466234296424,0.009986585184081085,19926,201,240,15308,0.011207082092529868,0.011218368513589174,99.86585184081085
phiusiil,iscx_url2016_binary,r03,lr,0.01,safer_neighbor,0.9294786273590152,source_s3_test,True,35674,20127,15547,0.9863205696025117,0.9853009417726861,0.9911290848607397,0.9773589760082331,0.9860687764034592,0.9949858774347696,0.9966681733677825,0.006757092462860834,19991,136,352,15195,0.007775463045804104,0.007786699856949344,67.57092462860834
phiusiil,iscx_url2016_binary,r03,lr,0.01,safer_neighbor,0.9294786273590152,external_primary,True,41332,32774,8558,0.25498403174295947,0.529229243285647,0.21714794555400077,0.9973124561813508,0.2359060113327404,0.5493407277837942,0.22477192993788414,0.9388539696100567,2004,30770,23,8535,0.9409948922220632,0.9410173477984726,9388.539696100568
phiusiil,iscx_url2016_binary,r03,lr,0.01,selected,0.9291283825765254,source_validation,True,35675,20127,15548,0.987666433076384,0.9873208314110467,0.9870406189555125,0.9846282480061744,0.9874563378751177,0.9930734695757321,0.995466234296424,0.009986585184081085,19926,201,239,15309,0.011207082092529868,0.011218368513589174,99.86585184081085
phiusiil,iscx_url2016_binary,r03,lr,0.01,selected,0.9291283825765254,source_s3_test,True,35674,20127,15547,0.9864326960811796,0.9854295839544576,0.9911313987610042,0.977616260371776,0.9861833908010983,0.9949858774347696,0.9966681733677825,0.006757092462860834,19991,136,348,15199,0.007775463045804104,0.007786699856949344,67.57092462860834
phiusiil,iscx_url2016_binary,r03,lr,0.01,selected,0.9291283825765254,external_primary,True,41332,32774,8558,0.25498403174295947,0.529229243285647,0.21714794555400077,0.9973124561813508,0.2359060113327404,0.5493407277837942,0.22477192993788414,0.9388539696100567,2004,30770,23,8535,0.9409948922220632,0.9410173477984726,9388.539696100568
phiusiil,iscx_url2016_binary,r03,lr,0.01,more_permissive_neighbor,0.9289600324235706,source_validation,False,35675,20127,15548,0.9876103714085495,0.9872711469076433,0.9869133574007221,0.9846282480061744,0.9873995071469132,0.9930734695757321,0.995466234296424,0.010085954190887862,19924,203,239,15309,0.011312090581695407,0.011323378886415453,100.85954190887863
phiusiil,iscx_url2016_binary,r03,lr,0.01,more_permissive_neighbor,0.9289600324235706,source_s3_test,True,35674,20127,15547,0.9864326960811796,0.9854295839544576,0.9911313987610042,0.977616260371776,0.9861833908010983,0.9949858774347696,0.9966681733677825,0.006757092462860834,19991,136,348,15199,0.007775463045804104,0.007786699856949344,67.57092462860834
phiusiil,iscx_url2016_binary,r03,lr,0.01,more_permissive_neighbor,0.9289600324235706,external_primary,True,41332,32774,8558,0.25498403174295947,0.529229243285647,0.21714794555400077,0.9973124561813508,0.2359060113327404,0.5493407277837942,0.22477192993788414,0.9388539696100567,2004,30770,23,8535,0.9409948922220632,0.9410173477984726,9388.539696100568
phiusiil,iscx_url2016_binary,r03,rf,0.001,safer_neighbor,0.9839111904157295,source_validation,True,35675,20127,15548,0.9540294323756132,0.9474064222672267,0.998566102667049,0.8958065346025212,0.9526077055362183,0.9991537816419633,0.9990055135169843,0.0009936900680677697,20107,20,1620,13928,0.001432139113093784,0.0014436068885975365,9.936900680677697
phiusiil,iscx_url2016_binary,r03,rf,0.001,safer_neighbor,0.9839111904157295,source_s3_test,True,35674,20127,15547,0.9489263889667545,0.9414986240217611,0.9990546142098756,0.8836431465877661,0.947241042454473,0.9994068906414167,0.9992726994147052,0.0006458985442440503,20114,13,1809,13738,0.001015108523304111,0.001026711956042345,6.458985442440503
phiusiil,iscx_url2016_binary,r03,rf,0.001,safer_neighbor,0.9839111904157295,external_primary,True,41332,32774,8558,0.20410335817284428,0.49278582865398424,0.20467893025287578,0.9855106333255433,0.16954073561557054,0.4429696585878606,0.1889373695865339,0.9999389760175749,2,32772,124,8434,0.9999798055385557,0.9999891571060714,9999.389760175749
phiusiil,iscx_url2016_binary,r03,rf,0.001,selected,0.983901478334389,source_validation,True,35675,20127,15548,0.9540574632095304,0.9474385807442012,0.9985662054627572,0.8958708515564703,0.9526370773565395,0.9991537816419633,0.9990055135169843,0.0009936900680677697,20107,20,1619,13929,0.001432139113093784,0.0014436068885975365,9.936900680677697
phiusiil,iscx_url2016_binary,r03,rf,0.001,selected,0.983901478334389,source_s3_test,True,35674,20127,15547,0.9489544205864214,0.9415307845672038,0.9990546829552065,0.8837074676786518,0.9472705448219878,0.9994068906414167,0.9992726994147052,0.0006458985442440503,20114,13,1808,13739,0.001015108523304111,0.001026711956042345,6.458985442440503
phiusiil,iscx_url2016_binary,r03,rf,0.001,selected,0.983901478334389,external_primary,True,41332,32774,8558,0.20410335817284428,0.49278582865398424,0.20467893025287578,0.9855106333255433,0.16954073561557054,0.4429696585878606,0.1889373695865339,0.9999389760175749,2,32772,124,8434,0.9999798055385557,0.9999891571060714,9999.389760175749
phiusiil,iscx_url2016_binary,r03,rf,0.001,more_permissive_neighbor,0.9838888888888888,source_validation,False,35675,20127,15548,0.9540014015416959,0.9473888962407979,0.9984230521109598,0.8958708515564703,0.9525802315116048,0.9991537816419633,0.9990055135169843,0.0010930590748745466,20105,22,1619,13929,0.0015490224537526582,0.0015604641541001004,10.930590748745466
phiusiil,iscx_url2016_binary,r03,rf,0.001,more_permissive_neighbor,0.9838888888888888,source_s3_test,True,35674,20127,15547,0.9489824522060885,0.9415629451126468,0.9990547516905403,0.8837717887695375,0.947300046493265,0.9994068906414167,0.9992726994147052,0.0006458985442440503,20114,13,1807,13740,0.001015108523304111,0.001026711956042345,6.458985442440503
phiusiil,iscx_url2016_binary,r03,rf,0.001,more_permissive_neighbor,0.9838888888888888,external_primary,True,41332,32774,8558,0.20410335817284428,0.49278582865398424,0.20467893025287578,0.9855106333255433,0.16954073561557054,0.4429696585878606,0.1889373695865339,0.9999389760175749,2,32772,124,8434,0.9999798055385557,0.9999891571060714,9999.389760175749
phiusiil,iscx_url2016_binary,r03,rf,0.01,safer_neighbor,0.8350671283694895,source_validation,True,35675,20127,15548,0.989292221443588,0.9891787068502966,0.9871514840035975,0.9882943143812709,0.9891142915664968,0.9991537816419633,0.9990055135169843,0.009936900680677697,19927,200,182,15366,0.011154567012271905,0.01116585249731659,99.36900680677697
phiusiil,iscx_url2016_binary,r03,rf,0.01,safer_neighbor,0.8350671283694895,source_s3_test,True,35674,20127,15547,0.992711778886584,0.9926847741898441,0.9908174404417903,0.9924744323663729,0.9925910421139351,0.9994068906414167,0.9992726994147052,0.007104883986684553,19984,143,117,15430,0.008147113193699988,0.008158353895033851,71.04883986684553
phiusiil,iscx_url2016_binary,r03,rf,0.01,safer_neighbor,0.8350671283694895,external_primary,True,41332,32774,8558,0.20676473434626924,0.49929890161252627,0.2068247821878025,0.9985978032250525,0.17133806487830305,0.4429696585878606,0.1889373695865339,1.0,0,32774,12,8546,1.0,1.0,10000.0
phiusiil,iscx_url2016_binary,r03,rf,0.01,selected,0.8348334279757016,source_validation,True,35675,20127,15548,0.9892641906096706,0.9891538645985949,0.9870880709192522,0.9882943143812709,0.9890858744647013,0.9991537816419633,0.9990055135169843,0.009986585184081085,19926,201,182,15366,0.011207082092529868,0.011218368513589174,99.86585184081085
phiusiil,iscx_url2016_binary,r03,rf,0.01,selected,0.8348334279757016,source_s3_test,True,35674,20127,15547,0.9926557156472501,0.9926350896864408,0.9906902086677367,0.9924744323663729,0.9925341587398335,0.9994068906414167,0.9992726994147052,0.00720425299349133,19982,145,117,15430,0.00825318910722516,0.008264431004991175,72.0425299349133
phiusiil,iscx_url2016_binary,r03,rf,0.01,selected,0.8348334279757016,external_primary,True,41332,32774,8558,0.20676473434626924,0.49929890161252627,0.2068247821878025,0.9985978032250525,0.17133806487830305,0.4429696585878606,0.1889373695865339,1.0,0,32774,12,8546,1.0,1.0,10000.0
phiusiil,iscx_url2016_binary,r03,rf,0.01,more_permissive_neighbor,0.8337504069419996,source_validation,False,35675,20127,15548,0.9892361597757533,0.9891290223468931,0.9870246659815005,0.9882943143812709,0.989057457759496,0.9991537816419633,0.9990055135169843,0.010036269687484474,19925,202,182,15366,0.011259589931342061,0.011270877292309339,100.36269687484474
phiusiil,iscx_url2016_binary,r03,rf,0.01,more_permissive_neighbor,0.8337504069419996,source_s3_test,True,35674,20127,15547,0.9925716207882491,0.9925605629313357,0.9904994222621646,0.9924744323663729,0.9924488366912694,0.9994068906414167,0.9992726994147052,0.007353306503701496,19979,148,117,15430,0.008412215173210167,0.008423458931609161,73.53306503701496
phiusiil,iscx_url2016_binary,r03,rf,0.01,more_permissive_neighbor,0.8337504069419996,external_primary,True,41332,32774,8558,0.20676473434626924,0.49929890161252627,0.2068247821878025,0.9985978032250525,0.17133806487830305,0.4429696585878606,0.1889373695865339,1.0,0,32774,12,8546,1.0,1.0,10000.0
phiusiil,iscx_url2016_binary,r03,xgb,0.001,safer_neighbor,0.9376581907272339,source_validation,True,35675,20127,15548,0.991927119831815,0.9908773669115192,0.9987580075826905,0.9826987393877026,0.9917764431151348,0.9995417780525617,0.9995632180438851,0.0009440055646643812,20108,19,269,15279,0.0013733782179399046,0.001384860614589746,9.440055646643811
phiusiil,iscx_url2016_binary,r03,xgb,0.001,safer_neighbor,0.9376581907272339,source_s3_test,True,35674,20127,15547,0.9934686326175927,0.9926017307304509,0.9991525423728813,0.9858493600051457,0.9933488707312964,0.9995437970623211,0.9995722276498012,0.0006458985442440503,20114,13,220,15327,0.001015108523304111,0.001026711956042345,6.458985442440503
phiusiil,iscx_url2016_binary,r03,xgb,0.001,safer_neighbor,0.9376581907272339,external_primary,True,41332,32774,8558,0.20678892867511856,0.4993573264781491,0.2068439776384889,0.9987146529562982,0.1713546783215381,0.06411879608111086,0.11481852599471082,1.0,0,32774,11,8547,1.0,1.0,10000.0
phiusiil,iscx_url2016_binary,r03,xgb,0.001,selected,0.936134934425354,source_validation,True,35675,20127,15548,0.9919551506657323,0.9909095253884936,0.9987580887639715,0.9827630563416516,0.9918050604740151,0.9995417780525617,0.9995632180438851,0.0009440055646643812,20108,19,268,15280,0.0013733782179399046,0.001384860614589746,9.440055646643811
phiusiil,iscx_url2016_binary,r03,xgb,0.001,selected,0.936134934425354,source_s3_test,True,35674,20127,15547,0.9934966642372596,0.992648527863376,0.9990224828934506,0.9860423232778028,0.9933776698837959,0.9995437970623211,0.9995722276498012,0.0007452675510508272,20112,15,217,15330,0.0011357834600629643,0.0011473385789933191,7.452675510508272
phiusiil,iscx_url2016_binary,r03,xgb,0.001,selected,0.936134934425354,external_primary,True,41332,32774,8558,0.20678892867511856,0.4993573264781491,0.2068439776384889,0.9987146529562982,0.1713546783215381,0.06411879608111086,0.11481852599471082,1.0,0,32774,11,8547,1.0,1.0,10000.0
phiusiil,iscx_url2016_binary,r03,xgb,0.001,more_permissive_neighbor,0.936007022857666,source_validation,False,35675,20127,15548,0.9918149964961458,0.9907853141299852,0.9984317825405122,0.9827630563416516,0.9916626135047801,0.9995417780525617,0.9995632180438851,0.0011924280816813235,20103,24,268,15280,0.0016651459302321247,0.0016765650654835347,11.924280816813235
phiusiil,iscx_url2016_binary,r03,xgb,0.001,more_permissive_neighbor,0.936007022857666,source_s3_test,True,35674,20127,15547,0.9934966642372596,0.992648527863376,0.9990224828934506,0.9860423232778028,0.9933776698837959,0.9995437970623211,0.9995722276498012,0.0007452675510508272,20112,15,217,15330,0.0011357834600629643,0.0011473385789933191,7.452675510508272
phiusiil,iscx_url2016_binary,r03,xgb,0.001,more_permissive_neighbor,0.936007022857666,external_primary,True,41332,32774,8558,0.20678892867511856,0.4993573264781491,0.2068439776384889,0.9987146529562982,0.1713546783215381,0.06411879608111086,0.11481852599471082,1.0,0,32774,11,8547,1.0,1.0,10000.0
phiusiil,iscx_url2016_binary,r03,xgb,0.01,safer_neighbor,0.5762268304824829,source_validation,True,35675,20127,15548,0.991843027330063,0.9921124444802517,0.9871639312855227,0.9942114741445846,0.991713042254879,0.9995417780525617,0.9995632180438851,0.009986585184081085,19926,201,90,15458,0.011207082092529868,0.011218368513589174,99.86585184081085
phiusiil,iscx_url2016_binary,r03,xgb,0.01,safer_neighbor,0.5762268304824829,source_s3_test,True,35674,20127,15547,0.9920109883949094,0.9924369508781008,0.9860509554140128,0.9957548080015437,0.9918860348545133,0.9995437970623211,0.9995722276498012,0.010880906245342077,19908,219,66,15481,0.012151164203749886,0.012162468094800588,108.80906245342078
phiusiil,iscx_url2016_binary,r03,xgb,0.01,safer_neighbor,0.5762268304824829,external_primary,True,41332,32774,8558,0.20703087196361172,0.4999415751343772,0.20703588105780166,0.9998831502687544,0.17152077612299305,0.06411879608111086,0.11481852599471082,1.0,0,32774,1,8557,1.0,1.0,10000.0
phiusiil,iscx_url2016_binary,r03,xgb,0.01,selected,0.5751360058784485,source_validation,True,35675,20127,15548,0.9918710581639804,0.9921446029572263,0.9871647509578544,0.9942757910985336,0.9917415786748633,0.9995417780525617,0.9995632180438851,0.009986585184081085,19926,201,89,15459,0.011207082092529868,0.011218368513589174,99.86585184081085
phiusiil,iscx_url2016_binary,r03,xgb,0.01,selected,0.5751360058784485,source_s3_test,True,35674,20127,15547,0.9920109883949094,0.9924369508781008,0.9860509554140128,0.9957548080015437,0.9918860348545133,0.9995437970623211,0.9995722276498012,0.010880906245342077,19908,219,66,15481,0.012151164203749886,0.012162468094800588,108.80906245342078
phiusiil,iscx_url2016_binary,r03,xgb,0.01,selected,0.5751360058784485,external_primary,True,41332,32774,8558,0.20703087196361172,0.4999415751343772,0.20703588105780166,0.9998831502687544,0.17152077612299305,0.06411879608111086,0.11481852599471082,1.0,0,32774,1,8557,1.0,1.0,10000.0
phiusiil,iscx_url2016_binary,r03,xgb,0.01,more_permissive_neighbor,0.5728827714920044,source_validation,False,35675,20127,15548,0.991843027330063,0.9921197607055245,0.9871017176425516,0.9942757910985336,0.9917131604509466,0.9995417780525617,0.9995632180438851,0.010036269687484474,19925,202,89,15459,0.011259589931342061,0.011270877292309339,100.36269687484474
phiusiil,iscx_url2016_binary,r03,xgb,0.01,more_permissive_neighbor,0.5728827714920044,source_s3_test,True,35674,20127,15547,0.9919268935359085,0.9923624241229958,0.9858625740304401,0.9957548080015437,0.9918007984438126,0.9995437970623211,0.9995722276498012,0.011029959755552243,19905,222,66,15481,0.012308303135657252,0.012319610043236218,110.29959755552242
phiusiil,iscx_url2016_binary,r03,xgb,0.01,more_permissive_neighbor,0.5728827714920044,external_primary,True,41332,32774,8558,0.20703087196361172,0.4999415751343772,0.20703588105780166,0.9998831502687544,0.17152077612299305,0.06411879608111086,0.11481852599471082,1.0,0,32774,1,8557,1.0,1.0,10000.0
phiusiil,iscx_url2016_binary,r04,lr,0.001,safer_neighbor,0.9993053005848768,source_validation,True,35674,20127,15547,0.9735381510343668,0.969786810976772,0.998634159666735,0.9405673120216119,0.9728976826407146,0.9948440175836036,0.9966540262084871,0.0009936900680677697,20107,20,924,14623,0.001432139113093784,0.0014436068885975365,9.936900680677697
phiusiil,iscx_url2016_binary,r04,lr,0.001,safer_neighbor,0.9993053005848768,source_s3_test,True,35675,20127,15548,0.9589628591450595,0.9531467926927453,0.9978085677930157,0.9078338049909956,0.9577760567040583,0.9936740119970628,0.9958062373070278,0.001540219605505043,20096,31,1433,14115,0.002066762510131609,0.002078122140789641,15.40219605505043
phiusiil,iscx_url2016_binary,r04,lr,0.001,safer_neighbor,0.9993053005848768,external_primary,True,41209,32745,8464,0.2514499259870417,0.5274921805115487,0.21481538108707285,0.9959829867674859,0.23236321757757097,0.5496971463629854,0.22318502251976655,0.9409986257443884,1932,30813,34,8430,0.9431042197340984,0.943126721276187,9409.986257443885
phiusiil,iscx_url2016_binary,r04,lr,0.001,selected,0.9993022019747216,source_validation,True,35674,20127,15547,0.9735942142737007,0.9698511320676577,0.99863434619324,0.9406959542033833,0.9729555801563743,0.9948440175836036,0.9966540262084871,0.0009936900680677697,20107,20,922,14625,0.001432139113093784,0.0014436068885975365,9.936900680677697
phiusiil,iscx_url2016_binary,r04,lr,0.001,selected,0.9993022019747216,source_s3_test,True,35675,20127,15548,0.9589628591450595,0.9531467926927453,0.9978085677930157,0.9078338049909956,0.9577760567040583,0.9936740119970628,0.9958062373070278,0.001540219605505043,20096,31,1433,14115,0.002066762510131609,0.002078122140789641,15.40219605505043
phiusiil,iscx_url2016_binary,r04,lr,0.001,selected,0.9993022019747216,external_primary,True,41209,32745,8464,0.2514499259870417,0.5274921805115487,0.21481538108707285,0.9959829867674859,0.23236321757757097,0.5496971463629854,0.22318502251976655,0.9409986257443884,1932,30813,34,8430,0.9431042197340984,0.943126721276187,9409.986257443885
phiusiil,iscx_url2016_binary,r04,lr,0.001,more_permissive_neighbor,0.9992992974072922,source_validation,False,35674,20127,15547,0.9735661826540337,0.969826289815956,0.9985661614092585,0.9406959542033833,0.9729271094387336,0.9948440175836036,0.9966540262084871,0.001043374571471158,20106,21,922,14625,0.0014906822272049613,0.001502136477159864,10.43374571471158
phiusiil,iscx_url2016_binary,r04,lr,0.001,more_permissive_neighbor,0.9992992974072922,source_s3_test,True,35675,20127,15548,0.9590469516468115,0.9532432681236689,0.9978090324404552,0.9080267558528428,0.9578638033299167,0.9936740119970628,0.9958062373070278,0.001540219605505043,20096,31,1430,14118,0.002066762510131609,0.002078122140789641,15.40219605505043
phiusiil,iscx_url2016_binary,r04,lr,0.001,more_permissive_neighbor,0.9992992974072922,external_primary,True,41209,32745,8464,0.2514256594433255,0.5274769110047538,0.2148099072469677,0.9959829867674859,0.2323323071396322,0.5496971463629854,0.22318502251976655,0.9410291647579783,1931,30814,34,8430,0.9431342367402472,0.9431567386524212,9410.291647579783
phiusiil,iscx_url2016_binary,r04,lr,0.01,safer_neighbor,0.8681875691595985,source_validation,True,35674,20127,15547,0.9886752256545384,0.9884707983893196,0.9871324712089043,0.9868784974593169,0.9884850977518582,0.9948440175836036,0.9966540262084871,0.009936900680677697,19927,200,204,15343,0.011154567012271905,0.01116585249731659,99.36900680677697
phiusiil,iscx_url2016_binary,r04,lr,0.01,safer_neighbor,0.8681875691595985,source_s3_test,True,35675,20127,15548,0.9874982480728801,0.9872376239282921,0.9860950173812283,0.985207100591716,0.9872875334128849,0.9936740119970628,0.9958062373070278,0.010731852735131912,19911,216,230,15318,0.011993967862086147,0.012005268764808575,107.31852735131912
phiusiil,iscx_url2016_binary,r04,lr,0.01,safer_neighbor,0.8681875691595985,external_primary,True,41209,32745,8464,0.2387585236234803,0.5201194874987769,0.21219279288334925,0.9976370510396976,0.21581340628819548,0.5496971463629854,0.22318502251976655,0.9573980760421439,1395,31350,20,8444,0.9591963587996704,0.9592190381410933,9573.980760421438
phiusiil,iscx_url2016_binary,r04,lr,0.01,selected,0.8652622065257374,source_validation,True,35674,20127,15547,0.9886471940348713,0.9884459561376179,0.9870689655172413,0.9868784974593169,0.9884566800630097,0.9948440175836036,0.9966540262084871,0.009986585184081085,19926,201,204,15343,0.011207082092529868,0.011218368513589174,99.86585184081085
phiusiil,iscx_url2016_binary,r04,lr,0.01,selected,0.8652622065257374,source_s3_test,True,35675,20127,15548,0.9875262789067975,0.9872844148558122,0.9859707831906815,0.9854000514535631,0.987316501890826,0.9936740119970628,0.9958062373070278,0.01083122174193869,19909,218,227,15321,0.012098771859656358,0.012110074751415678,108.3122174193869
phiusiil,iscx_url2016_binary,r04,lr,0.01,selected,0.8652622065257374,external_primary,True,41209,32745,8464,0.2387585236234803,0.5201632917159895,0.21220725701075485,0.9977551984877127,0.21579999134710212,0.5496971463629854,0.22318502251976655,0.9574286150557337,1394,31351,19,8445,0.9592262666730234,0.9592489462945335,9574.286150557336
phiusiil,iscx_url2016_binary,r04,lr,0.01,more_permissive_neighbor,0.863168392489392,source_validation,False,35674,20127,15547,0.9886191624152043,0.9884211138859162,0.9870054679961402,0.9868784974593169,0.9884282627719326,0.9948440175836036,0.9966540262084871,0.010036269687484474,19925,202,204,15343,0.011259589931342061,0.011270877292309339,100.36269687484474
phiusiil,iscx_url2016_binary,r04,lr,0.01,more_permissive_neighbor,0.863168392489392,source_s3_test,True,35675,20127,15548,0.9875262789067975,0.987291731081085,0.9859082427128242,0.9854643684075122,0.9873166878152606,0.9936740119970628,0.9958062373070278,0.010880906245342077,19908,219,226,15322,0.012151164203749886,0.012162468094800588,108.80906245342078
phiusiil,iscx_url2016_binary,r04,lr,0.01,more_permissive_neighbor,0.863168392489392,external_primary,True,41209,32745,8464,0.23866145744861558,0.5201022136888097,0.2121859296482412,0.9977551984877127,0.21567315162169348,0.5496971463629854,0.22318502251976655,0.9575507711100931,1390,31355,19,8445,0.9593458955902007,0.9593685763295697,9575.50771110093
phiusiil,iscx_url2016_binary,r04,rf,0.001,safer_neighbor,0.9756465735468264,source_validation,True,35674,20127,15547,0.9521219936087907,0.9452161542584341,0.9985589739894805,0.891425998584936,0.950606881127604,0.9992197660249453,0.9990712573786393,0.0009936900680677697,20107,20,1688,13859,0.001432139113093784,0.0014436068885975365,9.936900680677697
phiusiil,iscx_url2016_binary,r04,rf,0.001,safer_neighbor,0.9756465735468264,source_s3_test,True,35675,20127,15548,0.964260686755431,0.9590857365607477,0.9991606630761698,0.918767687162336,0.9632800429008497,0.9992065386723812,0.9990707052059292,0.0005962140408406618,20115,12,1263,14285,0.0009541839177778229,0.0009658157969375191,5.962140408406618
phiusiil,iscx_url2016_binary,r04,rf,0.001,safer_neighbor,0.9756465735468264,external_primary,True,41209,32745,8464,0.20374190104103473,0.4959391825502732,0.20406426991419335,0.9918478260869565,0.16927426960681863,0.4647807797464569,0.19411767946238778,0.9999694609864102,1,32744,69,8395,0.9999931869541548,0.9999984335546125,9999.694609864102
phiusiil,iscx_url2016_binary,r04,rf,0.001,selected,0.975625,source_validation,True,35674,20127,15547,0.9521500252284577,0.9452483148038769,0.9985590778097982,0.8914903196758217,0.9506362998163178,0.9992197660249453,0.9990712573786393,0.0009936900680677697,20107,20,1687,13860,0.001432139113093784,0.0014436068885975365,9.936900680677697
phiusiil,iscx_url2016_binary,r04,rf,0.001,selected,0.975625,source_s3_test,True,35675,20127,15548,0.9643167484232656,0.9591500535146967,0.999160780474159,0.9188963210702341,0.9633383329053138,0.9992065386723812,0.9990707052059292,0.0005962140408406618,20115,12,1261,14287,0.0009541839177778229,0.0009658157969375191,5.962140408406618
phiusiil,iscx_url2016_binary,r04,rf,0.001,selected,0.975625,external_primary,True,41209,32745,8464,0.2037661675847509,0.49599825627428074,0.20408361691784152,0.9919659735349716,0.1692910183018987,0.4647807797464569,0.19411767946238778,0.9999694609864102,1,32744,68,8396,0.9999931869541548,0.9999984335546125,9999.694609864102
phiusiil,iscx_url2016_binary,r04,rf,0.001,more_permissive_neighbor,0.9755954700495281,source_validation,False,35674,20127,15547,0.9521219936087907,0.9452234725521753,0.9984871406959153,0.8914903196758217,0.9506078816249155,0.9992197660249453,0.9990712573786393,0.001043374571471158,20106,21,1687,13860,0.0014906822272049613,0.001502136477159864,10.43374571471158
phiusiil,iscx_url2016_binary,r04,rf,0.001,more_permissive_neighbor,0.9755954700495281,source_s3_test,True,35675,20127,15548,0.9643167484232656,0.9591500535146967,0.999160780474159,0.9188963210702341,0.9633383329053138,0.9992065386723812,0.9990707052059292,0.0005962140408406618,20115,12,1261,14287,0.0009541839177778229,0.0009658157969375191,5.962140408406618
phiusiil,iscx_url2016_binary,r04,rf,0.001,more_permissive_neighbor,0.9755954700495281,external_primary,True,41209,32745,8464,0.2037661675847509,0.49599825627428074,0.20408361691784152,0.9919659735349716,0.1692910183018987,0.4647807797464569,0.19411767946238778,0.9999694609864102,1,32744,68,8396,0.9999931869541548,0.9999984335546125,9999.694609864102
phiusiil,iscx_url2016_binary,r04,rf,0.01,safer_neighbor,0.7805914653372515,source_validation,True,35674,20127,15547,0.9916465773392387,0.9918651796187794,0.9873441994247364,0.9935678909114298,0.9915126051998131,0.9992197660249453,0.9990712573786393,0.00983753167387092,19929,198,100,15447,0.011049514912161154,0.011060798537055197,98.37531673870919
phiusiil,iscx_url2016_binary,r04,rf,0.01,safer_neighbor,0.7805914653372515,source_s3_test,True,35675,20127,15548,0.9889278206026629,0.9891337741385424,0.9839667837751517,0.9907383586313352,0.9887510592751685,0.9992065386723812,0.9990707052059292,0.01247081035425051,19876,251,144,15404,0.013824566968539752,0.013835904315361929,124.7081035425051
phiusiil,iscx_url2016_binary,r04,rf,0.01,safer_neighbor,0.7805914653372515,external_primary,True,41209,32745,8464,0.2051250940328569,0.4993501890359168,0.2051798631001505,0.9987003780718336,0.17021062381700294,0.4647807797464569,0.19411767946238778,1.0,0,32745,11,8453,1.0,1.0,10000.0
phiusiil,iscx_url2016_binary,r04,rf,0.01,selected,0.7803998283814856,source_validation,True,35674,20127,15547,0.9916185457195716,0.9918403373670778,0.9872810942093826,0.9935678909114298,0.9914841849468932,0.9992197660249453,0.9990712573786393,0.009887216177274309,19928,199,100,15447,0.011102044636921595,0.011113329189894416,98.87216177274308
phiusiil,iscx_url2016_binary,r04,rf,0.01,selected,0.7803998283814856,source_s3_test,True,35675,20127,15548,0.9889558514365803,0.9891659326155169,0.9839678078691876,0.9908026755852842,0.9887796177077626,0.9992065386723812,0.9990707052059292,0.01247081035425051,19876,251,143,15405,0.013824566968539752,0.013835904315361929,124.7081035425051
phiusiil,iscx_url2016_binary,r04,rf,0.01,selected,0.7803998283814856,external_primary,True,41209,32745,8464,0.2051250940328569,0.4993501890359168,0.2051798631001505,0.9987003780718336,0.17021062381700294,0.4647807797464569,0.19411767946238778,1.0,0,32745,11,8453,1.0,1.0,10000.0
phiusiil,iscx_url2016_binary,r04,rf,0.01,more_permissive_neighbor,0.7802945107760868,source_validation,False,35674,20127,15547,0.9915064192409038,0.9917409683602709,0.9870287539936102,0.9935678909114298,0.9913705078646888,0.9992197660249453,0.9990712573786393,0.010085954190887862,19924,203,100,15447,0.011312090581695407,0.011323378886415453,100.85954190887863
phiusiil,iscx_url2016_binary,r04,rf,0.01,more_permissive_neighbor,0.7802945107760868,source_s3_test,True,35675,20127,15548,0.9889558514365803,0.9891659326155169,0.9839678078691876,0.9908026755852842,0.9887796177077626,0.9992065386723812,0.9990707052059292,0.01247081035425051,19876,251,143,15405,0.013824566968539752,0.013835904315361929,124.7081035425051
phiusiil,iscx_url2016_binary,r04,rf,0.01,more_permissive_neighbor,0.7802945107760868,external_primary,True,41209,32745,8464,0.2051250940328569,0.4993501890359168,0.2051798631001505,0.9987003780718336,0.17021062381700294,0.4647807797464569,0.19411767946238778,1.0,0,32745,11,8453,1.0,1.0,10000.0
phiusiil,iscx_url2016_binary,r04,xgb,0.001,safer_neighbor,0.9260188937187195,source_validation,True,35674,20127,15547,0.994645960643606,0.9940037016952386,0.9987009612886464,0.989001093458545,0.9945501111270043,0.9994583791521638,0.9995257254082508,0.0009936900680677697,20107,20,171,15376,0.001432139113093784,0.0014436068885975365,9.936900680677697
phiusiil,iscx_url2016_binary,r04,xgb,0.001,safer_neighbor,0.9260188937187195,source_s3_test,True,35675,20127,15548,0.9920672740014015,0.9911844838018484,0.9974581242260314,0.9843066632364291,0.9919220101067292,0.9995284781488333,0.9995574387710592,0.0019376956327321509,20088,39,244,15304,0.002518849590444538,0.0025301646456213473,19.37695632732151
phiusiil,iscx_url2016_binary,r04,xgb,0.001,safer_neighbor,0.9260188937187195,external_primary,True,41209,32745,8464,0.2051250940328569,0.4993501890359168,0.2051798631001505,0.9987003780718336,0.17021062381700294,0.07640572912472242,0.11492642232896949,1.0,0,32745,11,8453,1.0,1.0,10000.0
phiusiil,iscx_url2016_binary,r04,xgb,0.001,selected,0.9236022233963013,source_validation,True,35674,20127,15547,0.9947020238829399,0.9940680227861243,0.9987011300168853,0.9891297356403165,0.9946072596342695,0.9994583791521638,0.9995257254082508,0.0009936900680677697,20107,20,169,15378,0.001432139113093784,0.0014436068885975365,9.936900680677697
phiusiil,iscx_url2016_binary,r04,xgb,0.001,selected,0.9236022233963013,source_s3_test,True,35675,20127,15548,0.9921513665031535,0.991280959232772,0.997458621139059,0.9844996140982764,0.9920078260033456,0.9995284781488333,0.9995574387710592,0.0019376956327321509,20088,39,241,15307,0.002518849590444538,0.0025301646456213473,19.37695632732151
phiusiil,iscx_url2016_binary,r04,xgb,0.001,selected,0.9236022233963013,external_primary,True,41209,32745,8464,0.2051250940328569,0.4993501890359168,0.2051798631001505,0.9987003780718336,0.17021062381700294,0.07640572912472242,0.11492642232896949,1.0,0,32745,11,8453,1.0,1.0,10000.0
phiusiil,iscx_url2016_binary,r04,xgb,0.001,more_permissive_neighbor,0.9233957529067993,source_validation,False,35674,20127,15547,0.994673992263273,0.9940431805344226,0.9986362750827976,0.9891297356403165,0.9945787676224525,0.9994583791521638,0.9995257254082508,0.001043374571471158,20106,21,169,15378,0.0014906822272049613,0.001502136477159864,10.43374571471158
phiusiil,iscx_url2016_binary,r04,xgb,0.001,more_permissive_neighbor,0.9233957529067993,source_s3_test,True,35675,20127,15548,0.9921513665031535,0.991280959232772,0.997458621139059,0.9844996140982764,0.9920078260033456,0.9995284781488333,0.9995574387710592,0.0019376956327321509,20088,39,241,15307,0.002518849590444538,0.0025301646456213473,19.37695632732151
phiusiil,iscx_url2016_binary,r04,xgb,0.001,more_permissive_neighbor,0.9233957529067993,external_primary,True,41209,32745,8464,0.2051250940328569,0.4993501890359168,0.2051798631001505,0.9987003780718336,0.17021062381700294,0.07640572912472242,0.11492642232896949,1.0,0,32745,11,8453,1.0,1.0,10000.0
phiusiil,iscx_url2016_binary,r04,xgb,0.01,safer_neighbor,0.5831581950187683,source_validation,True,35674,20127,15547,0.9926276840275832,0.9929615255343147,0.9876212353241449,0.9955618447288866,0.992510889624307,0.9994583791521638,0.9995257254082508,0.009638793660257366,19933,194,69,15478,0.010839321408499952,0.01085060136204652,96.38793660257366
phiusiil,iscx_url2016_binary,r04,xgb,0.01,safer_neighbor,0.5831581950187683,source_s3_test,True,35675,20127,15548,0.9916748423265592,0.991992655871133,0.9865373572385632,0.9944687419603807,0.9915430203721565,0.9995284781488333,0.9995574387710592,0.01048343021811497,19916,211,86,15462,0.01173184314948789,0.011743139137080845,104.83430218114971
phiusiil,iscx_url2016_binary,r04,xgb,0.01,safer_neighbor,0.5831581950187683,external_primary,True,41209,32745,8464,0.20536775947001867,0.49994092627599246,0.20537274315666862,0.9998818525519849,0.17037767756482525,0.07640572912472242,0.11492642232896949,1.0,0,32745,1,8463,1.0,1.0,10000.0
phiusiil,iscx_url2016_binary,r04,xgb,0.01,selected,0.5830830335617065,source_validation,True,35674,20127,15547,0.9925996524079161,0.992936683282613,0.9875582211446436,0.9955618447288866,0.9924824673792103,0.9994583791521638,0.9995257254082508,0.009688478163660754,19932,195,69,15478,0.010891881087922722,0.010903161953054961,96.88478163660754
phiusiil,iscx_url2016_binary,r04,xgb,0.01,selected,0.5830830335617065,source_s3_test,True,35675,20127,15548,0.9916187806587246,0.9919429713677295,0.9864114832535885,0.9944687419603807,0.9914861920550828,0.9995284781488333,0.9995574387710592,0.010582799224921747,19914,213,86,15462,0.011836712927395146,0.011848010870993868,105.82799224921746
phiusiil,iscx_url2016_binary,r04,xgb,0.01,selected,0.5830830335617065,external_primary,True,41209,32745,8464,0.20536775947001867,0.49994092627599246,0.20537274315666862,0.9998818525519849,0.17037767756482525,0.07640572912472242,0.11492642232896949,1.0,0,32745,1,8463,1.0,1.0,10000.0
phiusiil,iscx_url2016_binary,r04,xgb,0.01,more_permissive_neighbor,0.5823501348495483,source_validation,False,35674,20127,15547,0.9923753994505803,0.9927452635627405,0.9869922846394185,0.9956261658197723,0.9922552134348086,0.9994583791521638,0.9995257254082508,0.01013563869429125,19923,204,68,15479,0.011364584095928509,0.011375873348198364,101.35638694291251
phiusiil,iscx_url2016_binary,r04,xgb,0.01,more_permissive_neighbor,0.5823501348495483,source_s3_test,True,35675,20127,15548,0.9915066573230553,0.9918436023609227,0.9861598316219147,0.9944687419603807,0.9913725401030318,0.9995284781488333,0.9995574387710592,0.010781537238535302,19910,217,86,15462,0.012046373093707383,0.012057674989344878,107.81537238535302
phiusiil,iscx_url2016_binary,r04,xgb,0.01,more_permissive_neighbor,0.5823501348495483,external_primary,True,41209,32745,8464,0.20536775947001867,0.49994092627599246,0.20537274315666862,0.9998818525519849,0.17037767756482525,0.07640572912472242,0.11492642232896949,1.0,0,32745,1,8463,1.0,1.0,10000.0
phiusiil,iscx_url2016_binary,r05,lr,0.001,safer_neighbor,0.9997509645379035,source_validation,True,35674,20127,15547,0.9686606492123115,0.964190876069716,0.998617734466791,0.9293754422074998,0.9678519693203529,0.9950182696729183,0.996739868327655,0.0009936900680677697,20107,20,1098,14449,0.001432139113093784,0.0014436068885975365,9.936900680677697
phiusiil,iscx_url2016_binary,r05,lr,0.001,safer_neighbor,0.9997509645379035,source_s3_test,True,35674,20127,15547,0.9451981835510456,0.9372432263590853,0.998825601879037,0.875281404772625,0.9433145541575851,0.9930981938709904,0.995469854426646,0.0007949520544542157,20111,16,1939,13608,0.0011956088525730474,0.0012071432436057557,7.949520544542157
phiusiil,iscx_url2016_binary,r05,lr,0.001,safer_neighbor,0.9997509645379035,external_primary,True,41352,32889,8463,0.263397175469143,0.5349527277301933,0.21677439291324388,0.9946827366182205,0.24785666885980062,0.5533758154656012,0.22383515999272832,0.924777281157834,2474,30415,45,8418,0.9271346837864074,0.9271568789255735,9247.77281157834
phiusiil,iscx_url2016_binary,r05,lr,0.001,selected,0.9997480304550767,source_validation,True,35674,20127,15547,0.9686886808319785,0.9642230366151588,0.9986178299930891,0.9294397632983855,0.9678810172062322,0.9950182696729183,0.996739868327655,0.0009936900680677697,20107,20,1097,14450,0.001432139113093784,0.0014436068885975365,9.936900680677697
phiusiil,iscx_url2016_binary,r05,lr,0.001,selected,0.9997480304550767,source_s3_test,True,35674,20127,15547,0.9453663732690475,0.9374361896317425,0.9988261188554659,0.8756673313179392,0.9434921072571036,0.9930981938709904,0.995469854426646,0.0007949520544542157,20111,16,1933,13614,0.0011956088525730474,0.0012071432436057557,7.949520544542157
phiusiil,iscx_url2016_binary,r05,lr,0.001,selected,0.9997480304550767,external_primary,True,41352,32889,8463,0.263397175469143,0.5349527277301933,0.21677439291324388,0.9946827366182205,0.24785666885980062,0.5533758154656012,0.22383515999272832,0.924777281157834,2474,30415,45,8418,0.9271346837864074,0.9271568789255735,9247.77281157834
phiusiil,iscx_url2016_binary,r05,lr,0.001,more_permissive_neighbor,0.999742399537754,source_validation,False,35674,20127,15547,0.9686606492123115,0.9641981943634572,0.9985488217814941,0.9294397632983855,0.9678525556655684,0.9950182696729183,0.996739868327655,0.001043374571471158,20106,21,1097,14450,0.0014906822272049613,0.001502136477159864,10.43374571471158
phiusiil,iscx_url2016_binary,r05,lr,0.001,more_permissive_neighbor,0.999742399537754,source_s3_test,True,35674,20127,15547,0.9455906262263833,0.9376934739952852,0.9988268074497727,0.8761819000450247,0.9437288045870065,0.9930981938709904,0.995469854426646,0.0007949520544542157,20111,16,1925,13622,0.0011956088525730474,0.0012071432436057557,7.949520544542157
phiusiil,iscx_url2016_binary,r05,lr,0.001,more_permissive_neighbor,0.999742399537754,external_primary,True,41352,32889,8463,0.2633729928419423,0.5349375250788508,0.21676881083586547,0.9946827366182205,0.24782663608527356,0.5533758154656012,0.22383515999272832,0.9248076864605187,2473,30416,45,8418,0.9271646424935778,0.9271868380439672,9248.076864605187
phiusiil,iscx_url2016_binary,r05,lr,0.01,safer_neighbor,0.8765453242981777,source_validation,True,35674,20127,15547,0.9882267197398665,0.987956229662234,0.9871192116957558,0.9858493600051457,0.98802765643103,0.9950182696729183,0.996739868327655,0.009936900680677697,19927,200,220,15327,0.011154567012271905,0.01116585249731659,99.36900680677697
phiusiil,iscx_url2016_binary,r05,lr,0.01,safer_neighbor,0.8765453242981777,source_s3_test,True,35674,20127,15547,0.9870213600941863,0.9867123737892733,0.9858909934286819,0.9843056538238889,0.9868014310953892,0.9930981938709904,0.995469854426646,0.010880906245342077,19908,219,244,15303,0.012151164203749886,0.012162468094800588,108.80906245342078
phiusiil,iscx_url2016_binary,r05,lr,0.01,safer_neighbor,0.8765453242981777,external_primary,True,41352,32889,8463,0.2544979686593151,0.5302357130941843,0.21503019800718637,0.9970459647879003,0.23648244172396443,0.5533758154656012,0.22383515999272832,0.9365745385995318,2086,30803,25,8438,0.9387494017083541,0.9387717511231031,9365.745385995318
phiusiil,iscx_url2016_binary,r05,lr,0.01,selected,0.8763106578977081,source_validation,True,35674,20127,15547,0.9881986881201996,0.9879313874105322,0.9870556414219475,0.9858493600051457,0.9879992390630647,0.9950182696729183,0.996739868327655,0.009986585184081085,19926,201,220,15327,0.011207082092529868,0.011218368513589174,99.86585184081085
phiusiil,iscx_url2016_binary,r05,lr,0.01,selected,0.8763106578977081,source_s3_test,True,35674,20127,15547,0.9870213600941863,0.9867123737892733,0.9858909934286819,0.9843056538238889,0.9868014310953892,0.9930981938709904,0.995469854426646,0.010880906245342077,19908,219,244,15303,0.012151164203749886,0.012162468094800588,108.80906245342078
phiusiil,iscx_url2016_binary,r05,lr,0.01,selected,0.8763106578977081,external_primary,True,41352,32889,8463,0.2544979686593151,0.5302357130941843,0.21503019800718637,0.9970459647879003,0.23648244172396443,0.5533758154656012,0.22383515999272832,0.9365745385995318,2086,30803,25,8438,0.9387494017083541,0.9387717511231031,9365.745385995318
phiusiil,iscx_url2016_binary,r05,lr,0.01,more_permissive_neighbor,0.8751424345312048,source_validation,False,35674,20127,15547,0.9881706565005326,0.9879065451588306,0.986992079335437,0.9858493600051457,0.9879708220936351,0.9950182696729183,0.996739868327655,0.010036269687484474,19925,202,220,15327,0.011259589931342061,0.011270877292309339,100.36269687484474
phiusiil,iscx_url2016_binary,r05,lr,0.01,more_permissive_neighbor,0.8751424345312048,source_s3_test,True,35674,20127,15547,0.9870213600941863,0.9867123737892733,0.9858909934286819,0.9843056538238889,0.9868014310953892,0.9930981938709904,0.995469854426646,0.010880906245342077,19908,219,244,15303,0.012151164203749886,0.012162468094800588,108.80906245342078
phiusiil,iscx_url2016_binary,r05,lr,0.01,more_permissive_neighbor,0.8751424345312048,external_primary,True,41352,32889,8463,0.2545221512865158,0.5302947937984263,0.2150502013149177,0.9971641261963843,0.23650139895442954,0.5533758154656012,0.22383515999272832,0.9365745385995318,2086,30803,24,8439,0.9387494017083541,0.9387717511231031,9365.745385995318
phiusiil,iscx_url2016_binary,r05,rf,0.001,safer_neighbor,0.9833333333333333,source_validation,True,35674,20127,15547,0.8943207938554689,0.8788937912615349,0.9983918747355057,0.758731588087734,0.8882542924454773,0.9991106515435693,0.9988358206183412,0.0009440055646643812,20108,19,3751,11796,0.0013733782179399046,0.001384860614589746,9.440055646643811
phiusiil,iscx_url2016_binary,r05,rf,0.001,safer_neighbor,0.9833333333333333,source_s3_test,True,35674,20127,15547,0.9235577731681337,0.9124152852772046,0.998755057578587,0.8256255226088635,0.9202407903557618,0.9988699324095491,0.9986837218184903,0.0007949520544542157,20111,16,2711,12836,0.0011956088525730474,0.0012071432436057557,7.949520544542157
phiusiil,iscx_url2016_binary,r05,rf,0.001,safer_neighbor,0.9833333333333333,external_primary,True,41352,32889,8463,0.2053588701876572,0.4946489739061821,0.20290313938478774,0.9844026940801134,0.17308029039456757,0.45201512589618625,0.18929598692390776,0.9951047462677491,161,32728,132,8331,0.9956983330271113,0.9957203245260033,9951.047462677492
phiusiil,iscx_url2016_binary,r05,rf,0.001,selected,0.9832924414856091,source_validation,True,35674,20127,15547,0.894292762235802,0.8788689490098331,0.9983073798239676,0.758731588087734,0.888226195460356,0.9991106515435693,0.9988358206183412,0.0009936900680677697,20107,20,3751,11796,0.001432139113093784,0.0014436068885975365,9.936900680677697
phiusiil,iscx_url2016_binary,r05,rf,0.001,selected,0.9832924414856091,source_s3_test,True,35674,20127,15547,0.9235858047878006,0.9124474458226475,0.9987551544386525,0.8256898436997492,0.9202709893523383,0.9988699324095491,0.9986837218184903,0.0007949520544542157,20111,16,2710,12837,0.0011956088525730474,0.0012071432436057557,7.949520544542157
phiusiil,iscx_url2016_binary,r05,rf,0.001,selected,0.9832924414856091,external_primary,True,41352,32889,8463,0.2053588701876572,0.4946489739061821,0.20290313938478774,0.9844026940801134,0.17308029039456757,0.45201512589618625,0.18929598692390776,0.9951047462677491,161,32728,132,8331,0.9956983330271113,0.9957203245260033,9951.047462677492
phiusiil,iscx_url2016_binary,r05,rf,0.001,more_permissive_neighbor,0.9832806211546399,source_validation,False,35674,20127,15547,0.894208667376801,0.878794422254728,0.9980539808782469,0.758731588087734,0.8881419080463155,0.9991106515435693,0.9988358206183412,0.0011427435782779352,20104,23,3751,11796,0.001607173061054705,0.001618603085706936,11.427435782779352
phiusiil,iscx_url2016_binary,r05,rf,0.001,more_permissive_neighbor,0.9832806211546399,source_s3_test,True,35674,20127,15547,0.9236138364074676,0.9124796063680903,0.9987552512836471,0.8257541647906349,0.9203011874978073,0.9988699324095491,0.9986837218184903,0.0007949520544542157,20111,16,2709,12838,0.0011956088525730474,0.0012071432436057557,7.949520544542157
phiusiil,iscx_url2016_binary,r05,rf,0.001,more_permissive_neighbor,0.9832806211546399,external_primary,True,41352,32889,8463,0.2053588701876572,0.4946489739061821,0.20290313938478774,0.9844026940801134,0.17308029039456757,0.45201512589618625,0.18929598692390776,0.9951047462677491,161,32728,132,8331,0.9956983330271113,0.9957203245260033,9951.047462677492
phiusiil,iscx_url2016_binary,r05,rf,0.01,safer_neighbor,0.7672956610500364,source_validation,True,35674,20127,15547,0.9921511464932444,0.9924660243179741,0.987172123300785,0.9949186338200295,0.9920266324614165,0.9991106515435693,0.9988358206183412,0.009986585184081085,19926,201,79,15468,0.011207082092529868,0.011218368513589174,99.86585184081085
phiusiil,iscx_url2016_binary,r05,rf,0.01,safer_neighbor,0.7672956610500364,source_s3_test,True,35674,20127,15547,0.9896843639625498,0.9899944927123201,0.9840551055552013,0.9924101112754873,0.9895214618790642,0.9988699324095491,0.9986837218184903,0.01242112585084712,19877,250,118,15429,0.013772359637663044,0.013783695900352373,124.2112585084712
phiusiil,iscx_url2016_binary,r05,rf,0.01,safer_neighbor,0.7672956610500364,external_primary,True,41352,32889,8463,0.2043673824724318,0.49929103154909604,0.2044267053701016,0.9985820630981921,0.16968857297753148,0.45201512589618625,0.18929598692390776,1.0,0,32889,12,8451,0.9999999999999998,1.0,10000.0
phiusiil,iscx_url2016_binary,r05,rf,0.01,selected,0.7661270343719967,source_validation,True,35674,20127,15547,0.9921791781129113,0.9924981848634171,0.9871729419272495,0.9949829549109153,0.9920551653117569,0.9991106515435693,0.9988358206183412,0.009986585184081085,19926,201,78,15469,0.011207082092529868,0.011218368513589174,99.86585184081085
phiusiil,iscx_url2016_binary,r05,rf,0.01,selected,0.7661270343719967,source_s3_test,True,35674,20127,15547,0.9896563323428827,0.9899769687543595,0.9839306210942482,0.9924744323663729,0.989493211329137,0.9988699324095491,0.9986837218184903,0.012520494857653898,19875,252,117,15430,0.013876769085313467,0.013888107518482268,125.20494857653898
phiusiil,iscx_url2016_binary,r05,rf,0.01,selected,0.7661270343719967,external_primary,True,41352,32889,8463,0.2043673824724318,0.49929103154909604,0.2044267053701016,0.9985820630981921,0.16968857297753148,0.45201512589618625,0.18929598692390776,1.0,0,32889,12,8451,0.9999999999999998,1.0,10000.0
phiusiil,iscx_url2016_binary,r05,rf,0.01,more_permissive_neighbor,0.765787938897919,source_validation,False,35674,20127,15547,0.9921511464932444,0.9924733426117154,0.987109948312169,0.9949829549109153,0.9920267459285734,0.9991106515435693,0.9988358206183412,0.010036269687484474,19925,202,78,15469,0.011259589931342061,0.011270877292309339,100.36269687484474
phiusiil,iscx_url2016_binary,r05,rf,0.01,more_permissive_neighbor,0.765787938897919,source_s3_test,True,35674,20127,15547,0.9896283007232158,0.9899521265026578,0.9838678824204553,0.9924744323663729,0.9894648123929382,0.9988699324095491,0.9986837218184903,0.012570179361057286,19874,253,117,15430,0.01392896601851582,0.013940305540222674,125.70179361057285
phiusiil,iscx_url2016_binary,r05,rf,0.01,more_permissive_neighbor,0.765787938897919,external_primary,True,41352,32889,8463,0.2043673824724318,0.49929103154909604,0.2044267053701016,0.9985820630981921,0.16968857297753148,0.45201512589618625,0.18929598692390776,1.0,0,32889,12,8451,0.9999999999999998,1.0,10000.0
phiusiil,iscx_url2016_binary,r05,xgb,0.001,safer_neighbor,0.9080504179000854,source_validation,True,35674,20127,15547,0.994617929023939,0.9939642228560547,0.9987656727083739,0.9888724512767737,0.9945214532518154,0.9992516517349026,0.9993841762659622,0.0009440055646643812,20108,19,173,15374,0.0013733782179399046,0.001384860614589746,9.440055646643811
phiusiil,iscx_url2016_binary,r05,xgb,0.001,safer_neighbor,0.9080504179000854,source_s3_test,True,35674,20127,15547,0.9936648539552615,0.9929366289546682,0.9981790986538337,0.9872644240046311,0.9935505111348102,0.9993950151918349,0.9994581751842544,0.0013911660952948776,20099,28,198,15349,0.0018954591189757086,0.0019068411838118581,13.911660952948775
phiusiil,iscx_url2016_binary,r05,xgb,0.001,safer_neighbor,0.9080504179000854,external_primary,True,41352,32889,8463,0.20441574772683305,0.4994091929575801,0.20446519278215858,0.9988183859151601,0.1697219154703343,0.07946695850583711,0.11468216576870821,1.0,0,32889,10,8453,0.9999999999999998,1.0,10000.0
phiusiil,iscx_url2016_binary,r05,xgb,0.001,selected,0.9046146273612976,source_validation,True,35674,20127,15547,0.994645960643606,0.9939963834014975,0.9987657528907367,0.9889367723676593,0.9945500286179859,0.9992516517349026,0.9993841762659622,0.0009440055646643812,20108,19,172,15375,0.0013733782179399046,0.001384860614589746,9.440055646643811
phiusiil,iscx_url2016_binary,r05,xgb,0.001,selected,0.9046146273612976,source_s3_test,True,35674,20127,15547,0.9935807590962605,0.9928767387870454,0.9978549141965679,0.9873930661864025,0.9934652458235724,0.9993950151918349,0.9994581751842544,0.00163958861231182,20094,33,196,15351,0.00218038011546704,0.002191726775719854,16.3958861231182
phiusiil,iscx_url2016_binary,r05,xgb,0.001,selected,0.9046146273612976,external_primary,True,41352,32889,8463,0.20441574772683305,0.4994091929575801,0.20446519278215858,0.9988183859151601,0.1697219154703343,0.07946695850583711,0.11468216576870821,1.0,0,32889,10,8453,0.9999999999999998,1.0,10000.0
phiusiil,iscx_url2016_binary,r05,xgb,0.001,more_permissive_neighbor,0.9040127992630005,source_validation,False,35674,20127,15547,0.9945898974042721,0.9939466988980941,0.9986360093530787,0.9889367723676593,0.9944930442278107,0.9992516517349026,0.9993841762659622,0.001043374571471158,20106,21,172,15375,0.0014906822272049613,0.001502136477159864,10.43374571471158
phiusiil,iscx_url2016_binary,r05,xgb,0.001,more_permissive_neighbor,0.9040127992630005,source_s3_test,True,35674,20127,15547,0.9935807590962605,0.9928767387870454,0.9978549141965679,0.9873930661864025,0.9934652458235724,0.9993950151918349,0.9994581751842544,0.00163958861231182,20094,33,196,15351,0.00218038011546704,0.002191726775719854,16.3958861231182
phiusiil,iscx_url2016_binary,r05,xgb,0.001,more_permissive_neighbor,0.9040127992630005,external_primary,True,41352,32889,8463,0.20441574772683305,0.4994091929575801,0.20446519278215858,0.9988183859151601,0.1697219154703343,0.07946695850583711,0.11468216576870821,1.0,0,32889,10,8453,0.9999999999999998,1.0,10000.0
phiusiil,iscx_url2016_binary,r05,xgb,0.01,safer_neighbor,0.5270217061042786,source_validation,True,35674,20127,15547,0.9923753994505803,0.9927159903877759,0.9872408293460925,0.9953688814562295,0.9922547734804478,0.9992516517349026,0.9993841762659622,0.009936900680677697,19927,200,72,15475,0.011154567012271905,0.01116585249731659,99.36900680677697
phiusiil,iscx_url2016_binary,r05,xgb,0.01,safer_neighbor,0.5270217061042786,source_s3_test,True,35674,20127,15547,0.9915344508605707,0.9919414496617605,0.9856023443970185,0.9951115970926867,0.9914018616250162,0.9993950151918349,0.9994581751842544,0.011228697769165798,19901,226,76,15471,0.012517734378633683,0.012529045350468197,112.28697769165798
phiusiil,iscx_url2016_binary,r05,xgb,0.01,safer_neighbor,0.5270217061042786,external_primary,True,41352,32889,8463,0.2046333913716386,0.499940919295758,0.20463834006432735,0.999881838591516,0.16987192355562694,0.07946695850583711,0.11468216576870821,1.0,0,32889,1,8462,0.9999999999999998,1.0,10000.0
phiusiil,iscx_url2016_binary,r05,xgb,0.01,selected,0.5249492526054382,source_validation,True,35674,20127,15547,0.9923473678309133,0.9926911481360742,0.9871778514927277,0.9953688814562295,0.9922263536256073,0.9992516517349026,0.9993841762659622,0.009986585184081085,19926,201,72,15475,0.011207082092529868,0.011218368513589174,99.86585184081085
phiusiil,iscx_url2016_binary,r05,xgb,0.01,selected,0.5249492526054382,source_s3_test,True,35674,20127,15547,0.9915344508605707,0.9919560862492428,0.9854786319342717,0.9952402392744581,0.9914021046972941,0.9993950151918349,0.9994581751842544,0.011328066775972574,19899,228,74,15473,0.012622413306918089,0.012633726328367173,113.28066775972574
phiusiil,iscx_url2016_binary,r05,xgb,0.01,selected,0.5249492526054382,external_primary,True,41352,32889,8463,0.2046333913716386,0.499940919295758,0.20463834006432735,0.999881838591516,0.16987192355562694,0.07946695850583711,0.11468216576870821,1.0,0,32889,1,8462,0.9999999999999998,1.0,10000.0
phiusiil,iscx_url2016_binary,r05,xgb,0.01,more_permissive_neighbor,0.5236008763313293,source_validation,False,35674,20127,15547,0.9923193362112462,0.9926663058843725,0.9871148816737896,0.9953688814562295,0.9921979341622318,0.9992516517349026,0.9993841762659622,0.010036269687484474,19925,202,72,15475,0.011259589931342061,0.011270877292309339,100.36269687484474
phiusiil,iscx_url2016_binary,r05,xgb,0.01,more_permissive_neighbor,0.5236008763313293,source_s3_test,True,35674,20127,15547,0.9915905140999047,0.9920204073401284,0.9854804814366681,0.9953688814562295,0.9914591650456381,0.9993950151918349,0.9994581751842544,0.011328066775972574,19899,228,72,15475,0.012622413306918089,0.012633726328367173,113.28066775972574
phiusiil,iscx_url2016_binary,r05,xgb,0.01,more_permissive_neighbor,0.5236008763313293,external_primary,True,41352,32889,8463,0.2046333913716386,0.499940919295758,0.20463834006432735,0.999881838591516,0.16987192355562694,0.07946695850583711,0.11468216576870821,1.0,0,32889,1,8462,0.9999999999999998,1.0,10000.0
phiusiil,iscx_url2016_binary,r06,lr,0.001,safer_neighbor,0.9996311804593502,source_validation,True,35674,20127,15547,0.9476089028424063,0.9400383064421352,0.9985420615250037,0.8810703029523381,0.9458615411273903,0.993153996659707,0.9954880540575515,0.0009936900680677697,20107,20,1849,13698,0.001432139113093784,0.0014436068885975365,9.936900680677697
phiusiil,iscx_url2016_binary,r06,lr,0.001,safer_neighbor,0.9996311804593502,source_s3_test,True,35674,20127,15547,0.9704266412513315,0.9662023538451333,0.9987610132158591,0.9332990287515276,0.9696797628281278,0.9946993454623538,0.996506774252341,0.0008943210612609927,20109,18,1037,14510,0.0013143827299275795,0.0013258809847501352,8.943210612609928
phiusiil,iscx_url2016_binary,r06,lr,0.001,safer_neighbor,0.9996311804593502,external_primary,True,41919,33363,8556,0.25938118752832845,0.5329425692620244,0.21546052631578946,0.9952080411407199,0.24305131024043314,0.5489368021367014,0.22149928518125928,0.9293229026166712,2358,31005,41,8515,0.9315961609529051,0.9316181032598454,9293.229026166711
phiusiil,iscx_url2016_binary,r06,lr,0.001,selected,0.9996301312805722,source_validation,True,35674,20127,15547,0.9476369344620732,0.9400704669875779,0.9985421677964866,0.8811346240432237,0.9458910707839423,0.993153996659707,0.9954880540575515,0.0009936900680677697,20107,20,1848,13699,0.001432139113093784,0.0014436068885975365,9.936900680677697
phiusiil,iscx_url2016_binary,r06,lr,0.001,selected,0.9996301312805722,source_s3_test,True,35674,20127,15547,0.9704266412513315,0.9662023538451333,0.9987610132158591,0.9332990287515276,0.9696797628281278,0.9946993454623538,0.996506774252341,0.0008943210612609927,20109,18,1037,14510,0.0013143827299275795,0.0013258809847501352,8.943210612609928
phiusiil,iscx_url2016_binary,r06,lr,0.001,selected,0.9996301312805722,external_primary,True,41919,33363,8556,0.25938118752832845,0.5329425692620244,0.21546052631578946,0.9952080411407199,0.24305131024043314,0.5489368021367014,0.22149928518125928,0.9293229026166712,2358,31005,41,8515,0.9315961609529051,0.9316181032598454,9293.229026166711
phiusiil,iscx_url2016_binary,r06,lr,0.001,more_permissive_neighbor,0.9996296577160853,source_validation,False,35674,20127,15547,0.9476089028424063,0.9400456247358763,0.9984693877551021,0.8811346240432237,0.9458626678684582,0.993153996659707,0.9954880540575515,0.001043374571471158,20106,21,1848,13699,0.0014906822272049613,0.001502136477159864,10.43374571471158
phiusiil,iscx_url2016_binary,r06,lr,0.001,more_permissive_neighbor,0.9996296577160853,source_s3_test,True,35674,20127,15547,0.9704266412513315,0.9662023538451333,0.9987610132158591,0.9332990287515276,0.9696797628281278,0.9946993454623538,0.996506774252341,0.0008943210612609927,20109,18,1037,14510,0.0013143827299275795,0.0013258809847501352,8.943210612609928
phiusiil,iscx_url2016_binary,r06,lr,0.001,more_permissive_neighbor,0.9996296577160853,external_primary,True,41919,33363,8556,0.25938118752832845,0.5329425692620244,0.21546052631578946,0.9952080411407199,0.24305131024043314,0.5489368021367014,0.22149928518125928,0.9293229026166712,2358,31005,41,8515,0.9315961609529051,0.9316181032598454,9293.229026166711
phiusiil,iscx_url2016_binary,r06,lr,0.01,safer_neighbor,0.9007215182357035,source_validation,True,35674,20127,15547,0.987469866008858,0.987087894935277,0.9870967741935484,0.9841126905512317,0.9872554687393922,0.993153996659707,0.9954880540575515,0.009936900680677697,19927,200,247,15300,0.011154567012271905,0.01116585249731659,99.36900680677697
phiusiil,iscx_url2016_binary,r06,lr,0.01,safer_neighbor,0.9007215182357035,source_s3_test,True,35674,20127,15547,0.9863766328418456,0.9856726312007004,0.9884543036907311,0.9801891040072039,0.9861349421730179,0.9946993454623538,0.996506774252341,0.00884384160580315,19949,178,308,15239,0.009997286905981229,0.010008552893891473,88.4384160580315
phiusiil,iscx_url2016_binary,r06,lr,0.01,safer_neighbor,0.9007215182357035,external_primary,True,41919,33363,8556,0.25167585104606505,0.5288840109721703,0.21397226610496753,0.9973118279569892,0.23314682710084872,0.5489368021367014,0.22149928518125928,0.9395438060126488,2017,31346,23,8533,0.941654590382319,0.9416766615187413,9395.438060126487
phiusiil,iscx_url2016_binary,r06,lr,0.01,selected,0.9001919652903448,source_validation,True,35674,20127,15547,0.987441834389191,0.9870630526835753,0.9870330946390555,0.9841126905512317,0.9872270519416666,0.993153996659707,0.9954880540575515,0.009986585184081085,19926,201,247,15300,0.011207082092529868,0.011218368513589174,99.86585184081085
phiusiil,iscx_url2016_binary,r06,lr,0.01,selected,0.9001919652903448,source_s3_test,True,35674,20127,15547,0.9865167909401805,0.9858334339279147,0.9884580469459214,0.9805107094616324,0.9862781033814524,0.9946993454623538,0.996506774252341,0.00884384160580315,19949,178,303,15244,0.009997286905981229,0.010008552893891473,88.4384160580315
phiusiil,iscx_url2016_binary,r06,lr,0.01,selected,0.9001919652903448,external_primary,True,41919,33363,8556,0.25167585104606505,0.5288840109721703,0.21397226610496753,0.9973118279569892,0.23314682710084872,0.5489368021367014,0.22149928518125928,0.9395438060126488,2017,31346,23,8533,0.941654590382319,0.9416766615187413,9395.438060126487
phiusiil,iscx_url2016_binary,r06,lr,0.01,more_permissive_neighbor,0.9000290010679239,source_validation,False,35674,20127,15547,0.9874138027695241,0.9870382104318736,0.9869694233002193,0.9841126905512317,0.9871986355437659,0.993153996659707,0.9954880540575515,0.010036269687484474,19925,202,247,15300,0.011259589931342061,0.011270877292309339,100.36269687484474
phiusiil,iscx_url2016_binary,r06,lr,0.01,more_permissive_neighbor,0.9000290010679239,source_s3_test,True,35674,20127,15547,0.9865167909401805,0.9858334339279147,0.9884580469459214,0.9805107094616324,0.9862781033814524,0.9946993454623538,0.996506774252341,0.00884384160580315,19949,178,303,15244,0.009997286905981229,0.010008552893891473,88.4384160580315
phiusiil,iscx_url2016_binary,r06,lr,0.01,more_permissive_neighbor,0.9000290010679239,external_primary,True,41919,33363,8556,0.25167585104606505,0.5288840109721703,0.21397226610496753,0.9973118279569892,0.23314682710084872,0.5489368021367014,0.22149928518125928,0.9395438060126488,2017,31346,23,8533,0.941654590382319,0.9416766615187413,9395.438060126487
phiusiil,iscx_url2016_binary,r06,rf,0.001,safer_neighbor,0.9856,source_validation,True,35674,20127,15547,0.9417502943320065,0.9333167524445793,0.9985195055148419,0.8676271949572265,0.939674170706825,0.9989878975522861,0.9988231889322641,0.0009936900680677697,20107,20,2058,13489,0.001432139113093784,0.0014436068885975365,9.936900680677697
phiusiil,iscx_url2016_binary,r06,rf,0.001,safer_neighbor,0.9856,source_s3_test,True,35674,20127,15547,0.9376016146212928,0.9284618539004024,0.9994750656167979,0.8572714993246285,0.9352546848861714,0.9992495265535325,0.9990911086148405,0.0003477915238237194,20120,7,2219,13328,0.0006413073642902192,0.0006531577334168676,3.477915238237194
phiusiil,iscx_url2016_binary,r06,rf,0.001,safer_neighbor,0.9856,external_primary,True,41919,33363,8556,0.20143610296047137,0.49341143359969236,0.2019614878603038,0.9867928938756428,0.16767944135874163,0.4731403707082184,0.1952901215161297,0.9999700266762581,1,33362,113,8443,0.9999933131562413,0.9999984625706634,9999.700266762582
phiusiil,iscx_url2016_binary,r06,rf,0.001,selected,0.9855833333333333,source_validation,True,35674,20127,15547,0.9418063575713405,0.9333810735354651,0.9985197246687884,0.8677558371389978,0.9397335302243093,0.9989878975522861,0.9988231889322641,0.0009936900680677697,20107,20,2056,13491,0.001432139113093784,0.0014436068885975365,9.936900680677697
phiusiil,iscx_url2016_binary,r06,rf,0.001,selected,0.9855833333333333,source_s3_test,True,35674,20127,15547,0.9376576778606268,0.9285261749912881,0.9994751443353078,0.8574001415064,0.9353142894056281,0.9992495265535325,0.9990911086148405,0.0003477915238237194,20120,7,2217,13330,0.0006413073642902192,0.0006531577334168676,3.477915238237194
phiusiil,iscx_url2016_binary,r06,rf,0.001,selected,0.9855833333333333,external_primary,True,41919,33363,8556,0.20143610296047137,0.49341143359969236,0.2019614878603038,0.9867928938756428,0.16767944135874163,0.4731403707082184,0.1952901215161297,0.9999700266762581,1,33362,113,8443,0.9999933131562413,0.9999984625706634,9999.700266762582
phiusiil,iscx_url2016_binary,r06,rf,0.001,more_permissive_neighbor,0.9855786749482403,source_validation,False,35674,20127,15547,0.9417783259516734,0.9333562312837633,0.9984458259325044,0.8677558371389978,0.9397051493194084,0.9989878975522861,0.9988231889322641,0.001043374571471158,20106,21,2056,13491,0.0014906822272049613,0.001502136477159864,10.43374571471158
phiusiil,iscx_url2016_binary,r06,rf,0.001,more_permissive_neighbor,0.9855786749482403,source_s3_test,True,35674,20127,15547,0.9376576778606268,0.9285261749912881,0.9994751443353078,0.8574001415064,0.9353142894056281,0.9992495265535325,0.9990911086148405,0.0003477915238237194,20120,7,2217,13330,0.0006413073642902192,0.0006531577334168676,3.477915238237194
phiusiil,iscx_url2016_binary,r06,rf,0.001,more_permissive_neighbor,0.9855786749482403,external_primary,True,41919,33363,8556,0.20143610296047137,0.49341143359969236,0.2019614878603038,0.9867928938756428,0.16767944135874163,0.4731403707082184,0.1952901215161297,0.9999700266762581,1,33362,113,8443,0.9999933131562413,0.9999984625706634,9999.700266762582
phiusiil,iscx_url2016_binary,r06,rf,0.01,safer_neighbor,0.7862539825234819,source_validation,True,35674,20127,15547,0.9903851544542244,0.9904325916613335,0.9871827736477826,0.9908020840033447,0.9902280712133364,0.9989878975522861,0.9988231889322641,0.009936900680677697,19927,200,143,15404,0.011154567012271905,0.01116585249731659,99.36900680677697
phiusiil,iscx_url2016_binary,r06,rf,0.01,safer_neighbor,0.7862539825234819,source_s3_test,True,35674,20127,15547,0.991085944945899,0.9912731967661106,0.9868917449964831,0.9927317167299158,0.9909425922046431,0.9992495265535325,0.9990911086148405,0.01018532319769464,19922,205,113,15434,0.011417070525742699,0.011428360729312501,101.8532319769464
phiusiil,iscx_url2016_binary,r06,rf,0.01,safer_neighbor,0.7862539825234819,external_primary,True,41919,33363,8556,0.20382165605095542,0.4992987377279102,0.203880020044384,0.9985974754558204,0.1693121693121693,0.4731403707082184,0.1952901215161297,1.0,0,33363,12,8544,1.0,1.0,10000.0
phiusiil,iscx_url2016_binary,r06,rf,0.01,selected,0.7858070807710178,source_validation,True,35674,20127,15547,0.9903571228345573,0.9904077494096317,0.98711951297661,0.9908020840033447,0.9901996524170752,0.9989878975522861,0.9988231889322641,0.009986585184081085,19926,201,143,15404,0.011207082092529868,0.011218368513589174,99.86585184081085
phiusiil,iscx_url2016_binary,r06,rf,0.01,selected,0.7858070807710178,source_s3_test,True,35674,20127,15547,0.991085944945899,0.9912731967661106,0.9868917449964831,0.9927317167299158,0.9909425922046431,0.9992495265535325,0.9990911086148405,0.01018532319769464,19922,205,113,15434,0.011417070525742699,0.011428360729312501,101.8532319769464
phiusiil,iscx_url2016_binary,r06,rf,0.01,selected,0.7858070807710178,external_primary,True,41919,33363,8556,0.20382165605095542,0.4992987377279102,0.203880020044384,0.9985974754558204,0.1693121693121693,0.4731403707082184,0.1952901215161297,1.0,0,33363,12,8544,1.0,1.0,10000.0
phiusiil,iscx_url2016_binary,r06,rf,0.01,more_permissive_neighbor,0.7851793406465698,source_validation,False,35674,20127,15547,0.9903290912148904,0.9903829071579301,0.9870562604126618,0.9908020840033447,0.9901712340156714,0.9989878975522861,0.9988231889322641,0.010036269687484474,19925,202,143,15404,0.011259589931342061,0.011270877292309339,100.36269687484474
phiusiil,iscx_url2016_binary,r06,rf,0.01,more_permissive_neighbor,0.7851793406465698,source_s3_test,True,35674,20127,15547,0.9910579133262319,0.9912483545144088,0.9868286445012787,0.9927317167299158,0.9909141748966135,0.9992495265535325,0.9990911086148405,0.010235007701098028,19921,206,113,15434,0.011469549922212857,0.011480841080786624,102.35007701098027
phiusiil,iscx_url2016_binary,r06,rf,0.01,more_permissive_neighbor,0.7851793406465698,external_primary,True,41919,33363,8556,0.20382165605095542,0.4992987377279102,0.203880020044384,0.9985974754558204,0.1693121693121693,0.4731403707082184,0.1952901215161297,1.0,0,33363,12,8544,1.0,1.0,10000.0
phiusiil,iscx_url2016_binary,r06,xgb,0.001,safer_neighbor,0.9209250807762146,source_validation,True,35674,20127,15547,0.9926276840275832,0.9916808241296122,0.9987599530087456,0.9843056538238889,0.9924914648077321,0.9994813103385128,0.9995550355359867,0.0009440055646643812,20108,19,244,15303,0.0013733782179399046,0.001384860614589746,9.440055646643811
phiusiil,iscx_url2016_binary,r06,xgb,0.001,safer_neighbor,0.9209250807762146,source_s3_test,True,35674,20127,15547,0.9943095812076022,0.9935811836812186,0.999024326785482,0.9879076349134881,0.9942067429254831,0.9995048583068237,0.9995081807834978,0.0007452675510508272,20112,15,188,15359,0.0011357834600629643,0.0011473385789933191,7.452675510508272
phiusiil,iscx_url2016_binary,r06,xgb,0.001,safer_neighbor,0.9209250807762146,external_primary,True,41919,33363,8556,0.20384551158186026,0.4993571762505844,0.20389901689414908,0.9987143525011688,0.16932863031071654,0.0983882023820679,0.11613499079383016,1.0,0,33363,11,8545,1.0,1.0,10000.0
phiusiil,iscx_url2016_binary,r06,xgb,0.001,selected,0.9205304384231567,source_validation,True,35674,20127,15547,0.9926557156472501,0.9917129846750551,0.9987600339359133,0.9843699749147745,0.992520071891784,0.9994813103385128,0.9995550355359867,0.0009440055646643812,20108,19,243,15304,0.0013733782179399046,0.001384860614589746,9.440055646643811
phiusiil,iscx_url2016_binary,r06,xgb,0.001,selected,0.9205304384231567,source_s3_test,True,35674,20127,15547,0.9943095812076022,0.9935811836812186,0.999024326785482,0.9879076349134881,0.9942067429254831,0.9995048583068237,0.9995081807834978,0.0007452675510508272,20112,15,188,15359,0.0011357834600629643,0.0011473385789933191,7.452675510508272
phiusiil,iscx_url2016_binary,r06,xgb,0.001,selected,0.9205304384231567,external_primary,True,41919,33363,8556,0.20384551158186026,0.4993571762505844,0.20389901689414908,0.9987143525011688,0.16932863031071654,0.0983882023820679,0.11613499079383016,1.0,0,33363,11,8545,1.0,1.0,10000.0
phiusiil,iscx_url2016_binary,r06,xgb,0.001,more_permissive_neighbor,0.9175208806991577,source_validation,False,35674,20127,15547,0.9925996524079161,0.9916633001716517,0.9986296900489396,0.9843699749147745,0.9924630890844148,0.9994813103385128,0.9995550355359867,0.001043374571471158,20106,21,243,15304,0.0014906822272049613,0.001502136477159864,10.43374571471158
phiusiil,iscx_url2016_binary,r06,xgb,0.001,more_permissive_neighbor,0.9175208806991577,source_s3_test,True,35674,20127,15547,0.9943656444469361,0.9936528230658455,0.9989595526076213,0.9881005981861453,0.9942639937551261,0.9995048583068237,0.9995081807834978,0.0007949520544542157,20111,16,185,15362,0.0011956088525730474,0.0012071432436057557,7.949520544542157
phiusiil,iscx_url2016_binary,r06,xgb,0.001,more_permissive_neighbor,0.9175208806991577,external_primary,True,41919,33363,8556,0.20384551158186026,0.4993571762505844,0.20389901689414908,0.9987143525011688,0.16932863031071654,0.0983882023820679,0.11613499079383016,1.0,0,33363,11,8545,1.0,1.0,10000.0
phiusiil,iscx_url2016_binary,r06,xgb,0.01,safer_neighbor,0.5115010142326355,source_validation,True,35674,20127,15547,0.9924314626899142,0.9927803114786616,0.987242457102762,0.9954975236380009,0.9923118329335862,0.9994813103385128,0.9995550355359867,0.009936900680677697,19927,200,70,15477,0.011154567012271905,0.01116585249731659,99.36900680677697
phiusiil,iscx_url2016_binary,r06,xgb,0.01,safer_neighbor,0.5115010142326355,source_s3_test,True,35674,20127,15547,0.9918427986769075,0.9922659424866672,0.985859872611465,0.9955618447288866,0.9917152145356609,0.9995048583068237,0.9995081807834978,0.011029959755552243,19905,222,69,15478,0.012308303135657252,0.012319610043236218,110.29959755552242
phiusiil,iscx_url2016_binary,r06,xgb,0.01,safer_neighbor,0.5115010142326355,external_primary,True,41919,33363,8556,0.2041079224218135,0.5,0.2041079224218135,1.0,0.16950965824665676,0.0983882023820679,0.11613499079383016,1.0,0,33363,0,8556,1.0,1.0,10000.0
phiusiil,iscx_url2016_binary,r06,xgb,0.01,selected,0.5110791325569153,source_validation,True,35674,20127,15547,0.9924034310702472,0.9927554692269599,0.9871794871794872,0.9954975236380009,0.9922834130525016,0.9994813103385128,0.9995550355359867,0.009986585184081085,19926,201,70,15477,0.011207082092529868,0.011218368513589174,99.86585184081085
phiusiil,iscx_url2016_binary,r06,xgb,0.01,selected,0.5110791325569153,source_s3_test,True,35674,20127,15547,0.9918427986769075,0.9922659424866672,0.985859872611465,0.9955618447288866,0.9917152145356609,0.9995048583068237,0.9995081807834978,0.011029959755552243,19905,222,69,15478,0.012308303135657252,0.012319610043236218,110.29959755552242
phiusiil,iscx_url2016_binary,r06,xgb,0.01,selected,0.5110791325569153,external_primary,True,41919,33363,8556,0.2041079224218135,0.5,0.2041079224218135,1.0,0.16950965824665676,0.0983882023820679,0.11613499079383016,1.0,0,33363,0,8556,1.0,1.0,10000.0
phiusiil,iscx_url2016_binary,r06,xgb,0.01,more_permissive_neighbor,0.509382963180542,source_validation,False,35674,20127,15547,0.9923753994505803,0.9927306269752583,0.9871165252886026,0.9954975236380009,0.9922549935627867,0.9994813103385128,0.9995550355359867,0.010036269687484474,19925,202,70,15477,0.011259589931342061,0.011270877292309339,100.36269687484474
phiusiil,iscx_url2016_binary,r06,xgb,0.01,more_permissive_neighbor,0.509382963180542,source_s3_test,True,35674,20127,15547,0.9917026405785726,0.9921417312281587,0.9855460044571792,0.9955618447288866,0.991573161823629,0.9995048583068237,0.9995081807834978,0.011278382272569186,19900,227,69,15478,0.01257007686725578,0.012581388862467575,112.78382272569186
phiusiil,iscx_url2016_binary,r06,xgb,0.01,more_permissive_neighbor,0.509382963180542,external_primary,True,41919,33363,8556,0.2041079224218135,0.5,0.2041079224218135,1.0,0.16950965824665676,0.0983882023820679,0.11613499079383016,1.0,0,33363,0,8556,1.0,1.0,10000.0
phiusiil,iscx_url2016_binary,r07,lr,0.001,safer_neighbor,0.9996729478599841,source_validation,True,35675,20127,15548,0.9706236860546601,0.9664442406361488,0.9986244841815681,0.9338821713403653,0.9698850830867363,0.9949278378923626,0.9965874933154567,0.0009936900680677697,20107,20,1028,14520,0.001432139113093784,0.0014436068885975365,9.936900680677697
phiusiil,iscx_url2016_binary,r07,lr,0.001,safer_neighbor,0.9996729478599841,source_s3_test,True,35674,20127,15547,0.9495430845994282,0.942264702371433,0.9984770469214591,0.8855727793143372,0.9478985200924711,0.9935198298548478,0.9956821831457257,0.001043374571471158,20106,21,1779,13768,0.0014906822272049613,0.001502136477159864,10.43374571471158
phiusiil,iscx_url2016_binary,r07,lr,0.001,safer_neighbor,0.9996729478599841,external_primary,True,41233,32773,8460,0.2609802827832076,0.5332197736864493,0.21667610564794315,0.9949172576832152,0.24459335672712412,0.5505019556042031,0.22324915647009475,0.9284777103103165,2344,30429,43,8417,0.9307839111154202,0.9308062339164359,9284.777103103164
phiusiil,iscx_url2016_binary,r07,lr,0.001,selected,0.9996728318445892,source_validation,True,35675,20127,15548,0.9706517168885774,0.9664763991131233,0.9986245787772505,0.9339464882943144,0.9699140894575067,0.9949278378923626,0.9965874933154567,0.0009936900680677697,20107,20,1027,14521,0.001432139113093784,0.0014436068885975365,9.936900680677697
phiusiil,iscx_url2016_binary,r07,lr,0.001,selected,0.9996728318445892,source_s3_test,True,35674,20127,15547,0.9495430845994282,0.942264702371433,0.9984770469214591,0.8855727793143372,0.9478985200924711,0.9935198298548478,0.9956821831457257,0.001043374571471158,20106,21,1779,13768,0.0014906822272049613,0.001502136477159864,10.43374571471158
phiusiil,iscx_url2016_binary,r07,lr,0.001,selected,0.9996728318445892,external_primary,True,41233,32773,8460,0.2609802827832076,0.5332197736864493,0.21667610564794315,0.9949172576832152,0.24459335672712412,0.5505019556042031,0.22324915647009475,0.9284777103103165,2344,30429,43,8417,0.9307839111154202,0.9308062339164359,9284.777103103164
phiusiil,iscx_url2016_binary,r07,lr,0.001,more_permissive_neighbor,0.9996569942473003,source_validation,False,35675,20127,15548,0.9706236860546601,0.9664515568614216,0.9985559070279191,0.9339464882943144,0.9698856250766201,0.9949278378923626,0.9965874933154567,0.001043374571471158,20106,21,1027,14521,0.0014906822272049613,0.001502136477159864,10.43374571471158
phiusiil,iscx_url2016_binary,r07,lr,0.001,more_permissive_neighbor,0.9996569942473003,source_s3_test,True,35674,20127,15547,0.9501878118517688,0.9430117132103597,0.998407412769654,0.887116485495594,0.9485774572808778,0.9935198298548478,0.9956821831457257,0.0010930590748745466,20105,22,1755,13792,0.0015490224537526582,0.0015604641541001004,10.930590748745466
phiusiil,iscx_url2016_binary,r07,lr,0.001,more_permissive_neighbor,0.9996569942473003,external_primary,True,41233,32773,8460,0.26093177794485,0.5331892607642268,0.21666495057660626,0.9949172576832152,0.2445327410186658,0.5505019556042031,0.22324915647009475,0.9285387361547616,2342,30431,43,8417,0.9308440099500991,0.9308663335628966,9285.387361547615
phiusiil,iscx_url2016_binary,r07,lr,0.01,safer_neighbor,0.8979009274531187,source_validation,True,35675,20127,15548,0.9863489838822705,0.985802066767971,0.9870642261173275,0.9815410342166195,0.9861113983298189,0.9949278378923626,0.9965874933154567,0.009936900680677697,19927,200,287,15261,0.011154567012271905,0.01116585249731659,99.36900680677697
phiusiil,iscx_url2016_binary,r07,lr,0.01,safer_neighbor,0.8979009274531187,source_s3_test,True,35674,20127,15547,0.9870213600941863,0.9867489652579792,0.985578161215555,0.9846272592783174,0.9868024013300605,0.9935198298548478,0.9956821831457257,0.01112932876235902,19903,224,239,15308,0.012413031095617037,0.012424340029406726,111.2932876235902
phiusiil,iscx_url2016_binary,r07,lr,0.01,safer_neighbor,0.8979009274531187,external_primary,True,41233,32773,8460,0.25246768365144423,0.5286978145173559,0.21501210653753028,0.9971631205673759,0.23364533362218154,0.5505019556042031,0.22324915647009475,0.939767491532664,1974,30799,24,8436,0.9418931026336456,0.9419155701323744,9397.674915326641
phiusiil,iscx_url2016_binary,r07,lr,0.01,selected,0.8970766168470069,source_validation,True,35675,20127,15548,0.9863209530483532,0.9857772245162693,0.987000388048118,0.9815410342166195,0.9860829834507301,0.9949278378923626,0.9965874933154567,0.009986585184081085,19926,201,287,15261,0.011207082092529868,0.011218368513589174,99.86585184081085
phiusiil,iscx_url2016_binary,r07,lr,0.01,selected,0.8970766168470069,source_s3_test,True,35674,20127,15547,0.9870213600941863,0.9867562835517203,0.9855156431054461,0.984691580369203,0.9868025951067989,0.9935198298548478,0.9956821831457257,0.011179013265762408,19902,225,238,15309,0.012465385801438114,0.01247669575278768,111.79013265762408
phiusiil,iscx_url2016_binary,r07,lr,0.01,selected,0.8970766168470069,external_primary,True,41233,32773,8460,0.25246768365144423,0.5286978145173559,0.21501210653753028,0.9971631205673759,0.23364533362218154,0.5505019556042031,0.22324915647009475,0.939767491532664,1974,30799,24,8436,0.9418931026336456,0.9419155701323744,9397.674915326641
phiusiil,iscx_url2016_binary,r07,lr,0.01,more_permissive_neighbor,0.8968156194270229,source_validation,False,35675,20127,15548,0.9862929222144359,0.9857523822645675,0.9869365582357886,0.9815410342166195,0.9860545689732454,0.9949278378923626,0.9965874933154567,0.010036269687484474,19925,202,287,15261,0.011259589931342061,0.011270877292309339,100.36269687484474
phiusiil,iscx_url2016_binary,r07,lr,0.01,more_permissive_neighbor,0.8968156194270229,source_s3_test,True,35674,20127,15547,0.9870493917138532,0.9867884440971632,0.9855165754747345,0.9847559014600887,0.9868311958664508,0.9935198298548478,0.9956821831457257,0.011179013265762408,19902,225,237,15310,0.012465385801438114,0.01247669575278768,111.79013265762408
phiusiil,iscx_url2016_binary,r07,lr,0.01,more_permissive_neighbor,0.8968156194270229,external_primary,True,41233,32773,8460,0.25246768365144423,0.5286978145173559,0.21501210653753028,0.9971631205673759,0.23364533362218154,0.5505019556042031,0.22324915647009475,0.939767491532664,1974,30799,24,8436,0.9418931026336456,0.9419155701323744,9397.674915326641
phiusiil,iscx_url2016_binary,r07,rf,0.001,safer_neighbor,0.9819406148558335,source_validation,True,35675,20127,15548,0.9393973370707779,0.9305977486107033,0.9987332339791356,0.8620401337792643,0.9371768494232524,0.9992465182724635,0.9990503768569837,0.0008446365578576042,20110,17,2145,13403,0.001255133554005273,0.0012666490726384563,8.446365578576042
phiusiil,iscx_url2016_binary,r07,rf,0.001,safer_neighbor,0.9819406148558335,source_s3_test,True,35674,20127,15547,0.9458148791837192,0.9381703071710628,0.9966438056325697,0.8786261014986814,0.9440006821151254,0.9987853677677013,0.9983381906911174,0.0022854871565558704,20081,46,1887,13660,0.0029100161578034483,0.002921304415332428,22.854871565558703
phiusiil,iscx_url2016_binary,r07,rf,0.001,safer_neighbor,0.9819406148558335,external_primary,True,41233,32773,8460,0.2031382630417384,0.4947723898304975,0.20346646571213264,0.9893617021276596,0.16894275009210458,0.4560736133986786,0.19107410940187974,0.9998169224666646,6,32767,90,8370,0.9999053252143496,0.9999202663805824,9998.169224666646
phiusiil,iscx_url2016_binary,r07,rf,0.001,selected,0.9819117647058824,source_validation,True,35675,20127,15548,0.9394533987386124,0.9306620655646524,0.9987334227387871,0.8621687676871623,0.9372363364942953,0.9992465182724635,0.9990503768569837,0.0008446365578576042,20110,17,2143,13405,0.001255133554005273,0.0012666490726384563,8.446365578576042
phiusiil,iscx_url2016_binary,r07,rf,0.001,selected,0.9819117647058824,source_s3_test,True,35674,20127,15547,0.9459270056623872,0.9382989493528342,0.9966447848285923,0.8788833858622243,0.9441188931037636,0.9987853677677013,0.9983381906911174,0.0022854871565558704,20081,46,1883,13664,0.0029100161578034483,0.002921304415332428,22.854871565558703
phiusiil,iscx_url2016_binary,r07,rf,0.001,selected,0.9819117647058824,external_primary,True,41233,32773,8460,0.2031382630417384,0.4947723898304975,0.20346646571213264,0.9893617021276596,0.16894275009210458,0.4560736133986786,0.19107410940187974,0.9998169224666646,6,32767,90,8370,0.9999053252143496,0.9999202663805824,9998.169224666646
phiusiil,iscx_url2016_binary,r07,rf,0.001,more_permissive_neighbor,0.9819049255215421,source_validation,False,35675,20127,15548,0.9393412754029432,0.9305626965578455,0.9984358706986444,0.8621687676871623,0.937122853753684,0.9992465182724635,0.9990503768569837,0.001043374571471158,20106,21,2143,13405,0.0014906822272049613,0.001502136477159864,10.43374571471158
phiusiil,iscx_url2016_binary,r07,rf,0.001,more_permissive_neighbor,0.9819049255215421,source_s3_test,True,35674,20127,15547,0.9459550372820542,0.9383311098982771,0.9966450295383269,0.87894770695311,0.9441484440837262,0.9987853677677013,0.9983381906911174,0.0022854871565558704,20081,46,1882,13665,0.0029100161578034483,0.002921304415332428,22.854871565558703
phiusiil,iscx_url2016_binary,r07,rf,0.001,more_permissive_neighbor,0.9819049255215421,external_primary,True,41233,32773,8460,0.2031382630417384,0.4947723898304975,0.20346646571213264,0.9893617021276596,0.16894275009210458,0.4560736133986786,0.19107410940187974,0.9998169224666646,6,32767,90,8370,0.9999053252143496,0.9999202663805824,9998.169224666646
phiusiil,iscx_url2016_binary,r07,rf,0.01,safer_neighbor,0.7917272185763963,source_validation,True,35675,20127,15548,0.991198318149965,0.9913654832845646,0.9872073685557119,0.992667867249807,0.991056459988183,0.9992465182724635,0.9990503768569837,0.009936900680677697,19927,200,114,15434,0.011154567012271905,0.01116585249731659,99.36900680677697
phiusiil,iscx_url2016_binary,r07,rf,0.01,safer_neighbor,0.7917272185763963,source_s3_test,True,35674,20127,15547,0.9888153837528733,0.9890999719159679,0.9831589691247767,0.9913166527304303,0.9886385168374261,0.9987853677677013,0.9983381906911174,0.01311670889849456,19863,264,135,15412,0.014502798607924028,0.014514150242082094,131.1670889849456
phiusiil,iscx_url2016_binary,r07,rf,0.01,safer_neighbor,0.7917272185763963,external_primary,True,41233,32773,8460,0.20488443722261296,0.49929078014184397,0.20494408190000243,0.9985815602836879,0.17004488637507298,0.4560736133986786,0.19107410940187974,1.0,0,32773,12,8448,1.0,1.0,10000.0
phiusiil,iscx_url2016_binary,r07,rf,0.01,selected,0.7909647576379867,source_validation,True,35675,20127,15548,0.9911702873160476,0.9913406410328629,0.9871442276942757,0.992667867249807,0.9910280417374384,0.9992465182724635,0.9990503768569837,0.009986585184081085,19926,201,114,15434,0.011207082092529868,0.011218368513589174,99.86585184081085
phiusiil,iscx_url2016_binary,r07,rf,0.01,selected,0.7909647576379867,source_s3_test,True,35674,20127,15547,0.9888153837528733,0.9891146085034501,0.9830357142857142,0.9914452949122017,0.9886388396016643,0.9987853677677013,0.9983381906911174,0.013216077905301337,19861,266,133,15414,0.014607067808672825,0.014618421671151656,132.16077905301336
phiusiil,iscx_url2016_binary,r07,rf,0.01,selected,0.7909647576379867,external_primary,True,41233,32773,8460,0.20488443722261296,0.49929078014184397,0.20494408190000243,0.9985815602836879,0.17004488637507298,0.4560736133986786,0.19107410940187974,1.0,0,32773,12,8448,1.0,1.0,10000.0
phiusiil,iscx_url2016_binary,r07,rf,0.01,more_permissive_neighbor,0.7906787540820936,source_validation,False,35675,20127,15548,0.9911422564821304,0.9913157987811613,0.9870810949091839,0.992667867249807,0.9909996238800358,0.9992465182724635,0.9990503768569837,0.010036269687484474,19925,202,114,15434,0.011259589931342061,0.011270877292309339,100.36269687484474
phiusiil,iscx_url2016_binary,r07,rf,0.01,more_permissive_neighbor,0.7906787540820936,source_s3_test,True,35674,20127,15547,0.9887873521332062,0.9890897662517485,0.9829730246795485,0.9914452949122017,0.9886104463604192,0.9987853677677013,0.9983381906911174,0.013265762408704725,19860,267,133,15414,0.014659195216948228,0.014670550196459058,132.65762408704725
phiusiil,iscx_url2016_binary,r07,rf,0.01,more_permissive_neighbor,0.7906787540820936,external_primary,True,41233,32773,8460,0.20488443722261296,0.49929078014184397,0.20494408190000243,0.9985815602836879,0.17004488637507298,0.4560736133986786,0.19107410940187974,1.0,0,32773,12,8448,1.0,1.0,10000.0
phiusiil,iscx_url2016_binary,r07,xgb,0.001,safer_neighbor,0.9229110479354858,source_validation,True,35675,20127,15548,0.9946180798878766,0.9939645807010741,0.9987657528907367,0.9888731669668125,0.9945216538063737,0.9994988569432572,0.9995575591969017,0.0009440055646643812,20108,19,173,15375,0.0013733782179399046,0.001384860614589746,9.440055646643811
phiusiil,iscx_url2016_binary,r07,xgb,0.001,safer_neighbor,0.9229110479354858,source_s3_test,True,35674,20127,15547,0.9928799686045859,0.9919995422135626,0.9985005541430341,0.985141828005403,0.9927493571761213,0.9995287961580326,0.9995312007448488,0.0011427435782779352,20104,23,231,15316,0.001607173061054705,0.001618603085706936,11.427435782779352
phiusiil,iscx_url2016_binary,r07,xgb,0.001,safer_neighbor,0.9229110479354858,external_primary,True,41233,32773,8460,0.20486018480343415,0.4992316784869976,0.2049247937894226,0.9984633569739952,0.1700281803542673,0.05919541175096636,0.1140840515406379,1.0,0,32773,13,8447,1.0,1.0,10000.0
phiusiil,iscx_url2016_binary,r07,xgb,0.001,selected,0.9224066734313965,source_validation,True,35675,20127,15548,0.9945900490539593,0.9939397384493723,0.9987008769080871,0.9888731669668125,0.9944931624409064,0.9994988569432572,0.9995575591969017,0.0009936900680677697,20107,20,173,15375,0.001432139113093784,0.0014436068885975365,9.936900680677697
phiusiil,iscx_url2016_binary,r07,xgb,0.001,selected,0.9224066734313965,source_s3_test,True,35674,20127,15547,0.992851936984919,0.9919746999618608,0.9984354628422425,0.985141828005403,0.9927208671093587,0.9995287961580326,0.9995312007448488,0.0011924280816813235,20103,24,231,15316,0.0016651459302321247,0.0016765650654835347,11.924280816813235
phiusiil,iscx_url2016_binary,r07,xgb,0.001,selected,0.9224066734313965,external_primary,True,41233,32773,8460,0.20486018480343415,0.4992316784869976,0.2049247937894226,0.9984633569739952,0.1700281803542673,0.05919541175096636,0.1140840515406379,1.0,0,32773,13,8447,1.0,1.0,10000.0
phiusiil,iscx_url2016_binary,r07,xgb,0.001,more_permissive_neighbor,0.9205554723739624,source_validation,False,35675,20127,15548,0.9945620182200421,0.9939148961976707,0.9986360093530787,0.9888731669668125,0.9944646714979464,0.9994988569432572,0.9995575591969017,0.001043374571471158,20106,21,173,15375,0.0014906822272049613,0.001502136477159864,10.43374571471158
phiusiil,iscx_url2016_binary,r07,xgb,0.001,more_permissive_neighbor,0.9205554723739624,source_s3_test,True,35674,20127,15547,0.9931042215619218,0.9922787814583287,0.9983065198983911,0.9858493600051457,0.992978476020032,0.9995287961580326,0.9995312007448488,0.0012917970884881007,20101,26,220,15327,0.001780600178562502,0.0017919996008436843,12.917970884881006
phiusiil,iscx_url2016_binary,r07,xgb,0.001,more_permissive_neighbor,0.9205554723739624,external_primary,True,41233,32773,8460,0.20486018480343415,0.4992316784869976,0.2049247937894226,0.9984633569739952,0.1700281803542673,0.05919541175096636,0.1140840515406379,1.0,0,32773,13,8447,1.0,1.0,10000.0
phiusiil,iscx_url2016_binary,r07,xgb,0.01,safer_neighbor,0.5793017745018005,source_validation,True,35675,20127,15548,0.9925437981779958,0.9929017739540693,0.9873086734693878,0.9956907640854129,0.9924261120784119,0.9994988569432572,0.9995575591969017,0.009887216177274309,19928,199,67,15481,0.011102044636921595,0.011113329189894416,98.87216177274308
phiusiil,iscx_url2016_binary,r07,xgb,0.01,safer_neighbor,0.5793017745018005,source_s3_test,True,35674,20127,15547,0.9908336603688961,0.9912472104318065,0.984651636734174,0.9944683861838297,0.9906904241564674,0.9995287961580326,0.9995312007448488,0.011973965320216624,19886,241,86,15461,0.013302253833459964,0.01331358044242652,119.73965320216624
phiusiil,iscx_url2016_binary,r07,xgb,0.01,safer_neighbor,0.5793017745018005,external_primary,True,41233,32773,8460,0.2051512138335799,0.49994089834515365,0.20515618936748156,0.9998817966903073,0.17022860822667632,0.05919541175096636,0.1140840515406379,1.0,0,32773,1,8459,1.0,1.0,10000.0
phiusiil,iscx_url2016_binary,r07,xgb,0.01,selected,0.5790005922317505,source_validation,True,35675,20127,15548,0.9924877365101612,0.9928520894506658,0.9871827573013646,0.9956907640854129,0.9923692738626899,0.9994988569432572,0.9995575591969017,0.009986585184081085,19926,201,67,15481,0.011207082092529868,0.011218368513589174,99.86585184081085
phiusiil,iscx_url2016_binary,r07,xgb,0.01,selected,0.5790005922317505,source_s3_test,True,35674,20127,15547,0.9908336603688961,0.9912472104318065,0.984651636734174,0.9944683861838297,0.9906904241564674,0.9995287961580326,0.9995312007448488,0.011973965320216624,19886,241,86,15461,0.013302253833459964,0.01331358044242652,119.73965320216624
phiusiil,iscx_url2016_binary,r07,xgb,0.01,selected,0.5790005922317505,external_primary,True,41233,32773,8460,0.2051512138335799,0.49994089834515365,0.20515618936748156,0.9998817966903073,0.17022860822667632,0.05919541175096636,0.1140840515406379,1.0,0,32773,1,8459,1.0,1.0,10000.0
phiusiil,iscx_url2016_binary,r07,xgb,0.01,more_permissive_neighbor,0.5784713625907898,source_validation,False,35675,20127,15548,0.9924597056762439,0.9928272471989642,0.9871198112606007,0.9956907640854129,0.9923408553415457,0.9994988569432572,0.9995575591969017,0.010036269687484474,19925,202,67,15481,0.011259589931342061,0.011270877292309339,100.36269687484474
phiusiil,iscx_url2016_binary,r07,xgb,0.01,more_permissive_neighbor,0.5784713625907898,source_s3_test,True,35674,20127,15547,0.9908336603688961,0.9912472104318065,0.984651636734174,0.9944683861838297,0.9906904241564674,0.9995287961580326,0.9995312007448488,0.011973965320216624,19886,241,86,15461,0.013302253833459964,0.01331358044242652,119.73965320216624
phiusiil,iscx_url2016_binary,r07,xgb,0.01,more_permissive_neighbor,0.5784713625907898,external_primary,True,41233,32773,8460,0.2051512138335799,0.49994089834515365,0.20515618936748156,0.9998817966903073,0.17022860822667632,0.05919541175096636,0.1140840515406379,1.0,0,32773,1,8459,1.0,1.0,10000.0
phiusiil,iscx_url2016_binary,r08,lr,0.001,safer_neighbor,0.9998326619790054,source_validation,True,35675,20127,15548,0.943041345480028,0.9348002992932107,0.9985246385364415,0.8705942886544893,0.941041095016214,0.9941900719088279,0.9960098324040705,0.0009936900680677697,20107,20,2012,13536,0.001432139113093784,0.0014436068885975365,9.936900680677697
phiusiil,iscx_url2016_binary,r08,lr,0.001,safer_neighbor,0.9998326619790054,source_s3_test,True,35674,20127,15547,0.9658014240062791,0.9608885455533218,0.9988162384235081,0.9226217276645012,0.9648840420791069,0.9953518927883133,0.9968199348738208,0.0008446365578576042,20110,17,1203,14344,0.001255133554005273,0.0012666490726384563,8.446365578576042
phiusiil,iscx_url2016_binary,r08,lr,0.001,safer_neighbor,0.9998326619790054,external_primary,True,41850,33231,8619,0.2546714456391876,0.5289176127830435,0.21591280928289158,0.9952430676412577,0.23625886457601938,0.5429465395764651,0.22114894007874233,0.9374078420751708,2080,31151,41,8578,0.9395580798823232,0.9395802116859173,9374.078420751708
phiusiil,iscx_url2016_binary,r08,lr,0.001,selected,0.999832465710409,source_validation,True,35675,20127,15548,0.9430693763139454,0.9348324577701852,0.9985247473629859,0.8706586056084383,0.9410707400521443,0.9941900719088279,0.9960098324040705,0.0009936900680677697,20107,20,2011,13537,0.001432139113093784,0.0014436068885975365,9.936900680677697
phiusiil,iscx_url2016_binary,r08,lr,0.001,selected,0.999832465710409,source_s3_test,True,35674,20127,15547,0.9658014240062791,0.9608885455533218,0.9988162384235081,0.9226217276645012,0.9648840420791069,0.9953518927883133,0.9968199348738208,0.0008446365578576042,20110,17,1203,14344,0.001255133554005273,0.0012666490726384563,8.446365578576042
phiusiil,iscx_url2016_binary,r08,lr,0.001,selected,0.999832465710409,external_primary,True,41850,33231,8619,0.2546714456391876,0.5289176127830435,0.21591280928289158,0.9952430676412577,0.23625886457601938,0.5429465395764651,0.22114894007874233,0.9374078420751708,2080,31151,41,8578,0.9395580798823232,0.9395802116859173,9374.078420751708
phiusiil,iscx_url2016_binary,r08,lr,0.001,more_permissive_neighbor,0.999832438027728,source_validation,False,35675,20127,15548,0.943041345480028,0.9348076155184836,0.9984510989821508,0.8706586056084383,0.9410423551806267,0.9941900719088279,0.9960098324040705,0.001043374571471158,20106,21,2011,13537,0.0014906822272049613,0.001502136477159864,10.43374571471158
phiusiil,iscx_url2016_binary,r08,lr,0.001,more_permissive_neighbor,0.999832438027728,source_s3_test,True,35674,20127,15547,0.9658014240062791,0.9608885455533218,0.9988162384235081,0.9226217276645012,0.9648840420791069,0.9953518927883133,0.9968199348738208,0.0008446365578576042,20110,17,1203,14344,0.001255133554005273,0.0012666490726384563,8.446365578576042
phiusiil,iscx_url2016_binary,r08,lr,0.001,more_permissive_neighbor,0.999832438027728,external_primary,True,41850,33231,8619,0.2546714456391876,0.5289176127830435,0.21591280928289158,0.9952430676412577,0.23625886457601938,0.5429465395764651,0.22114894007874233,0.9374078420751708,2080,31151,41,8578,0.9395580798823232,0.9395802116859173,9374.078420751708
phiusiil,iscx_url2016_binary,r08,lr,0.01,safer_neighbor,0.9425074906140221,source_validation,True,35675,20127,15548,0.9869096005606167,0.9864452363074616,0.9870809379239067,0.9828273732956008,0.9866837546476116,0.9941900719088279,0.9960098324040705,0.009936900680677697,19927,200,267,15281,0.011154567012271905,0.01116585249731659,99.36900680677697
phiusiil,iscx_url2016_binary,r08,lr,0.01,safer_neighbor,0.9425074906140221,source_s3_test,True,35674,20127,15547,0.9853394629141672,0.9843582800257152,0.9895086667535514,0.9767157650993761,0.9850713269438139,0.9953518927883133,0.9968199348738208,0.007999205047945546,19966,161,362,15185,0.009100180434201608,0.009111433083973925,79.99205047945546
phiusiil,iscx_url2016_binary,r08,lr,0.01,safer_neighbor,0.9425074906140221,external_primary,True,41850,33231,8619,0.2475746714456392,0.5252652322057886,0.2145816693290735,0.9974474997099432,0.22696694983328386,0.5429465395764651,0.22114894007874233,0.946917035298366,1764,31467,22,8597,0.9489038651837618,0.9489261093959993,9469.17035298366
phiusiil,iscx_url2016_binary,r08,lr,0.01,selected,0.9424757440058688,source_validation,True,35675,20127,15548,0.9868815697266994,0.9864203940557599,0.9870171812427335,0.9828273732956008,0.9866553393029787,0.9941900719088279,0.9960098324040705,0.009986585184081085,19926,201,267,15281,0.011207082092529868,0.011218368513589174,99.86585184081085
phiusiil,iscx_url2016_binary,r08,lr,0.01,selected,0.9424757440058688,source_s3_test,True,35674,20127,15547,0.9853394629141672,0.9843582800257152,0.9895086667535514,0.9767157650993761,0.9850713269438139,0.9953518927883133,0.9968199348738208,0.007999205047945546,19966,161,362,15185,0.009100180434201608,0.009111433083973925,79.99205047945546
phiusiil,iscx_url2016_binary,r08,lr,0.01,selected,0.9424757440058688,external_primary,True,41850,33231,8619,0.2475746714456392,0.5252652322057886,0.2145816693290735,0.9974474997099432,0.22696694983328386,0.5429465395764651,0.22114894007874233,0.946917035298366,1764,31467,22,8597,0.9489038651837618,0.9489261093959993,9469.17035298366
phiusiil,iscx_url2016_binary,r08,lr,0.01,more_permissive_neighbor,0.9422736186331889,source_validation,False,35675,20127,15548,0.986853538892782,0.9863955518040581,0.9869534327972616,0.9828273732956008,0.9866269243589949,0.9941900719088279,0.9960098324040705,0.010036269687484474,19925,202,267,15281,0.011259589931342061,0.011270877292309339,100.36269687484474
phiusiil,iscx_url2016_binary,r08,lr,0.01,more_permissive_neighbor,0.9422736186331889,source_s3_test,True,35674,20127,15547,0.9853394629141672,0.9843582800257152,0.9895086667535514,0.9767157650993761,0.9850713269438139,0.9953518927883133,0.9968199348738208,0.007999205047945546,19966,161,362,15185,0.009100180434201608,0.009111433083973925,79.99205047945546
phiusiil,iscx_url2016_binary,r08,lr,0.01,more_permissive_neighbor,0.9422736186331889,external_primary,True,41850,33231,8619,0.2475746714456392,0.5252652322057886,0.2145816693290735,0.9974474997099432,0.22696694983328386,0.5429465395764651,0.22114894007874233,0.946917035298366,1764,31467,22,8597,0.9489038651837618,0.9489261093959993,9469.17035298366
phiusiil,iscx_url2016_binary,r08,rf,0.001,safer_neighbor,0.9862045454545455,source_validation,True,35675,20127,15548,0.9456201822004204,0.9377588791748676,0.9985345838218054,0.8765114484178029,0.9437654057981661,0.9991127251395369,0.9989020932957503,0.0009936900680677697,20107,20,1920,13628,0.001432139113093784,0.0014436068885975365,9.936900680677697
phiusiil,iscx_url2016_binary,r08,rf,0.001,safer_neighbor,0.9862045454545455,source_s3_test,True,35674,20127,15547,0.9312104053372204,0.921107294658209,0.9996946797954355,0.8424133273300315,0.9284344219786056,0.9993973401082964,0.9993267201014927,0.00019873801361355392,20123,4,2450,13097,0.00044260248013843,0.0004547298254352576,1.9873801361355392
phiusiil,iscx_url2016_binary,r08,rf,0.001,safer_neighbor,0.9862045454545455,external_primary,True,41850,33231,8619,0.20408602150537633,0.493240923844347,0.203729480656619,0.9849170437405732,0.1703673052077478,0.42897894761770705,0.1836346089384295,0.9984351960518792,52,33179,130,8489,0.9987535577431996,0.998774030916997,9984.351960518792
phiusiil,iscx_url2016_binary,r08,rf,0.001,selected,0.9862004494003662,source_validation,True,35675,20127,15548,0.9456482130343378,0.9377910376518421,0.9985346911861674,0.876575765371752,0.9437949844239424,0.9991127251395369,0.9989020932957503,0.0009936900680677697,20107,20,1919,13629,0.001432139113093784,0.0014436068885975365,9.936900680677697
phiusiil,iscx_url2016_binary,r08,rf,0.001,selected,0.9862004494003662,source_s3_test,True,35674,20127,15547,0.9312104053372204,0.921107294658209,0.9996946797954355,0.8424133273300315,0.9284344219786056,0.9993973401082964,0.9993267201014927,0.00019873801361355392,20123,4,2450,13097,0.00044260248013843,0.0004547298254352576,1.9873801361355392
phiusiil,iscx_url2016_binary,r08,rf,0.001,selected,0.9862004494003662,external_primary,True,41850,33231,8619,0.20408602150537633,0.493240923844347,0.203729480656619,0.9849170437405732,0.1703673052077478,0.42897894761770705,0.1836346089384295,0.9984351960518792,52,33179,130,8489,0.9987535577431996,0.998774030916997,9984.351960518792
phiusiil,iscx_url2016_binary,r08,rf,0.001,more_permissive_neighbor,0.9861366774251391,source_validation,False,35675,20127,15548,0.9456201822004204,0.9377661954001404,0.9984615384615385,0.876575765371752,0.9437665897477542,0.9991127251395369,0.9989020932957503,0.001043374571471158,20106,21,1919,13629,0.0014906822272049613,0.001502136477159864,10.43374571471158
phiusiil,iscx_url2016_binary,r08,rf,0.001,more_permissive_neighbor,0.9861366774251391,source_s3_test,True,35674,20127,15547,0.9316308796322251,0.9215897028398516,0.9996950289722476,0.843378143693317,0.9288841051941705,0.9993973401082964,0.9993267201014927,0.00019873801361355392,20123,4,2435,13112,0.00044260248013843,0.0004547298254352576,1.9873801361355392
phiusiil,iscx_url2016_binary,r08,rf,0.001,more_permissive_neighbor,0.9861366774251391,external_primary,True,41850,33231,8619,0.20408602150537633,0.493240923844347,0.203729480656619,0.9849170437405732,0.1703673052077478,0.42897894761770705,0.1836346089384295,0.9984351960518792,52,33179,130,8489,0.9987535577431996,0.998774030916997,9984.351960518792
phiusiil,iscx_url2016_binary,r08,rf,0.01,safer_neighbor,0.7958392901676123,source_validation,True,35675,20127,15548,0.9902172389628592,0.9902399365904562,0.9871786652990576,0.9904167738615899,0.9900570621688918,0.9991127251395369,0.9989020932957503,0.009936900680677697,19927,200,149,15399,0.011154567012271905,0.01116585249731659,99.36900680677697
phiusiil,iscx_url2016_binary,r08,rf,0.01,safer_neighbor,0.7958392901676123,source_s3_test,True,35674,20127,15547,0.991198071424567,0.9914384304165877,0.9865840413978151,0.993310606547887,0.9910574176827789,0.9993973401082964,0.9993267201014927,0.010433745714711581,19917,210,104,15443,0.011679398174811785,0.011690693189545917,104.33745714711581
phiusiil,iscx_url2016_binary,r08,rf,0.01,safer_neighbor,0.7958392901676123,external_primary,True,41850,33231,8619,0.20571087216248507,0.49941988629771433,0.2057600382409178,0.9988397725954287,0.1706137656315028,0.42897894761770705,0.1836346089384295,1.0,0,33231,10,8609,0.9999999999999998,1.0,10000.0
phiusiil,iscx_url2016_binary,r08,rf,0.01,selected,0.7931427402040021,source_validation,True,35675,20127,15548,0.9901892081289418,0.9902150943387544,0.9871153846153846,0.9904167738615899,0.9900286444811095,0.9991127251395369,0.9989020932957503,0.009986585184081085,19926,201,149,15399,0.011207082092529868,0.011218368513589174,99.86585184081085
phiusiil,iscx_url2016_binary,r08,rf,0.01,selected,0.7931427402040021,source_s3_test,True,35674,20127,15547,0.9911700398048999,0.991413588164886,0.986521016992462,0.993310606547887,0.9910290021978914,0.9993973401082964,0.9993267201014927,0.01048343021811497,19916,211,104,15443,0.01173184314948789,0.011743139137080845,104.83430218114971
phiusiil,iscx_url2016_binary,r08,rf,0.01,selected,0.7931427402040021,external_primary,True,41850,33231,8619,0.20571087216248507,0.49941988629771433,0.2057600382409178,0.9988397725954287,0.1706137656315028,0.42897894761770705,0.1836346089384295,1.0,0,33231,10,8609,0.9999999999999998,1.0,10000.0
phiusiil,iscx_url2016_binary,r08,rf,0.01,more_permissive_neighbor,0.7927401933988514,source_validation,False,35675,20127,15548,0.9901611772950245,0.9901902520870527,0.9870521120440997,0.9904167738615899,0.990000227188341,0.9991127251395369,0.9989020932957503,0.010036269687484474,19925,202,149,15399,0.011259589931342061,0.011270877292309339,100.36269687484474
phiusiil,iscx_url2016_binary,r08,rf,0.01,more_permissive_neighbor,0.7927401933988514,source_s3_test,True,35674,20127,15547,0.9911420081852329,0.9913887459131843,0.9864580006387735,0.993310606547887,0.9910005871045525,0.9993973401082964,0.9993267201014927,0.010533114721518359,19915,212,104,15443,0.011784281384691082,0.011795578348585908,105.33114721518359
phiusiil,iscx_url2016_binary,r08,rf,0.01,more_permissive_neighbor,0.7927401933988514,external_primary,True,41850,33231,8619,0.20571087216248507,0.49941988629771433,0.2057600382409178,0.9988397725954287,0.1706137656315028,0.42897894761770705,0.1836346089384295,1.0,0,33231,10,8609,0.9999999999999998,1.0,10000.0
phiusiil,iscx_url2016_binary,r08,xgb,0.001,safer_neighbor,0.9623451828956604,source_validation,True,35675,20127,15548,0.9914225648213034,0.9902911981007048,0.998821835318759,0.9814767172626705,0.9912611169466661,0.9995317679736504,0.9995181507911153,0.0008943210612609927,20109,18,288,15260,0.0013143827299275795,0.0013258809847501352,8.943210612609928
phiusiil,iscx_url2016_binary,r08,xgb,0.001,safer_neighbor,0.9623451828956604,source_s3_test,True,35674,20127,15547,0.9936368223355946,0.9927800574156256,0.9992830139486377,0.9861066443686884,0.9935202437074551,0.9996164622863765,0.999630761342911,0.0005465295374372733,20116,11,216,15331,0.0008928053615254173,0.0009044693279802573,5.465295374372733
phiusiil,iscx_url2016_binary,r08,xgb,0.001,safer_neighbor,0.9623451828956604,external_primary,True,41850,33231,8619,0.20559139784946237,0.4991298294465715,0.20566511294370743,0.998259658893143,0.1705315733143061,0.07731450135975922,0.11515673758913711,1.0,0,33231,15,8604,0.9999999999999998,1.0,10000.0
phiusiil,iscx_url2016_binary,r08,xgb,0.001,selected,0.9620738625526428,source_validation,True,35675,20127,15548,0.9914505956552208,0.9903233565776792,0.9988219124288239,0.9815410342166195,0.9912897430023678,0.9995317679736504,0.9995181507911153,0.0008943210612609927,20109,18,287,15261,0.0013143827299275795,0.0013258809847501352,8.943210612609928
phiusiil,iscx_url2016_binary,r08,xgb,0.001,selected,0.9620738625526428,source_s3_test,True,35674,20127,15547,0.9936368223355946,0.9927800574156256,0.9992830139486377,0.9861066443686884,0.9935202437074551,0.9996164622863765,0.999630761342911,0.0005465295374372733,20116,11,216,15331,0.0008928053615254173,0.0009044693279802573,5.465295374372733
phiusiil,iscx_url2016_binary,r08,xgb,0.001,selected,0.9620738625526428,external_primary,True,41850,33231,8619,0.20559139784946237,0.4991298294465715,0.20566511294370743,0.998259658893143,0.1705315733143061,0.07731450135975922,0.11515673758913711,1.0,0,33231,15,8604,0.9999999999999998,1.0,10000.0
phiusiil,iscx_url2016_binary,r08,xgb,0.001,more_permissive_neighbor,0.960793673992157,source_validation,False,35675,20127,15548,0.9913665031534689,0.9902488298225742,0.9986258343148803,0.9815410342166195,0.9912042730907544,0.9995317679736504,0.9995181507911153,0.001043374571471158,20106,21,287,15261,0.0014906822272049613,0.001502136477159864,10.43374571471158
phiusiil,iscx_url2016_binary,r08,xgb,0.001,more_permissive_neighbor,0.960793673992157,source_s3_test,True,35674,20127,15547,0.9936087907159276,0.9927625334576651,0.9991528185076572,0.9861709654595742,0.9934918479892478,0.9996164622863765,0.999630761342911,0.0006458985442440503,20114,13,215,15332,0.001015108523304111,0.001026711956042345,6.458985442440503
phiusiil,iscx_url2016_binary,r08,xgb,0.001,more_permissive_neighbor,0.960793673992157,external_primary,True,41850,33231,8619,0.20559139784946237,0.4991298294465715,0.20566511294370743,0.998259658893143,0.1705315733143061,0.07731450135975922,0.11515673758913711,1.0,0,33231,15,8604,0.9999999999999998,1.0,10000.0
phiusiil,iscx_url2016_binary,r08,xgb,0.01,safer_neighbor,0.5811052322387695,source_validation,True,35675,20127,15548,0.9918990889978977,0.9921474965331094,0.9874145531208075,0.9940828402366864,0.9917696448042985,0.9995317679736504,0.9995181507911153,0.009787847170467531,19930,197,92,15456,0.010996977782989756,0.011008260483849215,97.8784717046753
phiusiil,iscx_url2016_binary,r08,xgb,0.01,safer_neighbor,0.5811052322387695,source_s3_test,True,35674,20127,15547,0.9934125693782587,0.993752246400597,0.9885768985322272,0.9963980189104007,0.9933081141514799,0.9996164622863765,0.999630761342911,0.008893526109206538,19948,179,56,15491,0.010049976173990494,0.010061242998025549,88.93526109206539
phiusiil,iscx_url2016_binary,r08,xgb,0.01,safer_neighbor,0.5811052322387695,external_primary,True,41850,33231,8619,0.20592592592592593,0.49994198862977146,0.20593084661521183,0.9998839772595429,0.17076167076167076,0.07731450135975922,0.11515673758913711,1.0,0,33231,1,8618,0.9999999999999998,1.0,10000.0
phiusiil,iscx_url2016_binary,r08,xgb,0.01,selected,0.5804983973503113,source_validation,True,35675,20127,15548,0.9917869656622285,0.9920481275263027,0.9871622916267484,0.9940828402366864,0.9916559681537378,0.9995317679736504,0.9995181507911153,0.009986585184081085,19926,201,92,15456,0.011207082092529868,0.011218368513589174,99.86585184081085
phiusiil,iscx_url2016_binary,r08,xgb,0.01,selected,0.5804983973503113,source_s3_test,True,35674,20127,15547,0.9934406009979256,0.99378440694604,0.9885776274647438,0.9964623400012864,0.9933366376688793,0.9996164622863765,0.999630761342911,0.008893526109206538,19948,179,55,15492,0.010049976173990494,0.010061242998025549,88.93526109206539
phiusiil,iscx_url2016_binary,r08,xgb,0.01,selected,0.5804983973503113,external_primary,True,41850,33231,8619,0.20592592592592593,0.49994198862977146,0.20593084661521183,0.9998839772595429,0.17076167076167076,0.07731450135975922,0.11515673758913711,1.0,0,33231,1,8618,0.9999999999999998,1.0,10000.0
phiusiil,iscx_url2016_binary,r08,xgb,0.01,more_permissive_neighbor,0.5799542665481567,source_validation,False,35675,20127,15548,0.9917589348283111,0.9920232852746009,0.9870992463916209,0.9940828402366864,0.9916275499721863,0.9995317679736504,0.9995181507911153,0.010036269687484474,19925,202,92,15456,0.011259589931342061,0.011270877292309339,100.36269687484474
phiusiil,iscx_url2016_binary,r08,xgb,0.01,more_permissive_neighbor,0.5799542665481567,source_s3_test,True,35674,20127,15547,0.9933845377585917,0.9937347224426365,0.9884514770624641,0.9964623400012864,0.9932797814450517,0.9996164622863765,0.999630761342911,0.008992895116013316,19946,181,55,15492,0.010155328989260182,0.010166597501120563,89.92895116013317
phiusiil,iscx_url2016_binary,r08,xgb,0.01,more_permissive_neighbor,0.5799542665481567,external_primary,True,41850,33231,8619,0.20592592592592593,0.49994198862977146,0.20593084661521183,0.9998839772595429,0.17076167076167076,0.07731450135975922,0.11515673758913711,1.0,0,33231,1,8618,0.9999999999999998,1.0,10000.0
phiusiil,iscx_url2016_binary,r09,lr,0.001,safer_neighbor,0.9998270011143482,source_validation,True,35674,20128,15546,0.9435443179906935,0.9353709269807415,0.9985263778367227,0.8717354946610061,0.9415709734210088,0.9932054064715271,0.9954629510365931,0.0009936406995230524,20108,20,1994,13552,0.0014320679799464107,0.00144353518342094,9.936406995230524
phiusiil,iscx_url2016_binary,r09,lr,0.001,safer_neighbor,0.9998270011143482,source_s3_test,True,35675,20127,15548,0.9640084092501752,0.9588255751690682,0.9988808058198098,0.9184461023925907,0.9630204950869563,0.9949132389951542,0.9966116622328227,0.0007949520544542157,20111,16,1268,14280,0.0011956088525730474,0.0012071432436057557,7.949520544542157
phiusiil,iscx_url2016_binary,r09,lr,0.001,safer_neighbor,0.9998270011143482,external_primary,True,41501,32938,8563,0.25943953157755234,0.5316851582765881,0.21731480300905265,0.9952119584257854,0.24210156568915092,0.5503481384986775,0.2244200260345227,0.9318416418726091,2245,30693,41,8522,0.9340904239084528,0.9341126799315601,9318.41641872609
phiusiil,iscx_url2016_binary,r09,lr,0.001,selected,0.9998268692019678,source_validation,True,35674,20128,15546,0.9435723496103605,0.9354030895949188,0.998526486406837,0.8717998198893606,0.9416006075294003,0.9932054064715271,0.9954629510365931,0.0009936406995230524,20108,20,1993,13553,0.0014320679799464107,0.00144353518342094,9.936406995230524
phiusiil,iscx_url2016_binary,r09,lr,0.001,selected,0.9998268692019678,source_s3_test,True,35675,20127,15548,0.9640084092501752,0.9588255751690682,0.9988808058198098,0.9184461023925907,0.9630204950869563,0.9949132389951542,0.9966116622328227,0.0007949520544542157,20111,16,1268,14280,0.0011956088525730474,0.0012071432436057557,7.949520544542157
phiusiil,iscx_url2016_binary,r09,lr,0.001,selected,0.9998268692019678,external_primary,True,41501,32938,8563,0.25943953157755234,0.5316851582765881,0.21731480300905265,0.9952119584257854,0.24210156568915092,0.5503481384986775,0.2244200260345227,0.9318416418726091,2245,30693,41,8522,0.9340904239084528,0.9341126799315601,9318.41641872609
phiusiil,iscx_url2016_binary,r09,lr,0.001,more_permissive_neighbor,0.9998262398618879,source_validation,False,35674,20128,15546,0.9435443179906935,0.9353782485774307,0.9984529247090025,0.8717998198893606,0.9415722192816183,0.9932054064715271,0.9954629510365931,0.0010433227344992051,20107,21,1993,13553,0.0014906081865890448,0.001502061865100484,10.433227344992051
phiusiil,iscx_url2016_binary,r09,lr,0.001,more_permissive_neighbor,0.9998262398618879,source_s3_test,True,35675,20127,15548,0.9640084092501752,0.9588255751690682,0.9988808058198098,0.9184461023925907,0.9630204950869563,0.9949132389951542,0.9966116622328227,0.0007949520544542157,20111,16,1268,14280,0.0011956088525730474,0.0012071432436057557,7.949520544542157
phiusiil,iscx_url2016_binary,r09,lr,0.001,more_permissive_neighbor,0.9998262398618879,external_primary,True,41501,32938,8563,0.25943953157755234,0.5316851582765881,0.21731480300905265,0.9952119584257854,0.24210156568915092,0.5503481384986775,0.2244200260345227,0.9318416418726091,2245,30693,41,8522,0.9340904239084528,0.9341126799315601,9318.41641872609
phiusiil,iscx_url2016_binary,r09,lr,0.01,safer_neighbor,0.9353442516563025,source_validation,True,35674,20128,15546,0.9862645063631776,0.9857046383909734,0.9870600414078675,0.9813456837771775,0.9860248109385714,0.9932054064715271,0.9954629510365931,0.009936406995230525,19928,200,290,15256,0.011154013191339771,0.011165298099418608,99.36406995230524
phiusiil,iscx_url2016_binary,r09,lr,0.01,safer_neighbor,0.9353442516563025,source_s3_test,True,35675,20127,15548,0.9851716888577435,0.9838953776143051,0.9918779065959259,0.9739516336506303,0.9848912928154808,0.9949132389951542,0.9966116622328227,0.006160878422020172,20003,124,405,15143,0.007136846488905257,0.0071480778561343,61.60878422020172
phiusiil,iscx_url2016_binary,r09,lr,0.01,safer_neighbor,0.9353442516563025,external_primary,True,41501,32938,8563,0.24792173682561866,0.5252068943249091,0.21495632912985477,0.9973140254583674,0.22722982152436122,0.5503481384986775,0.2244200260345227,0.9469002368085494,1749,31189,23,8540,0.9488960288360586,0.9489184687170588,9469.002368085494
phiusiil,iscx_url2016_binary,r09,lr,0.01,selected,0.9350858608384969,source_validation,True,35674,20128,15546,0.9862364747435107,0.9856797973734854,0.9869961829591771,0.9813456837771775,0.985996394745611,0.9932054064715271,0.9954629510365931,0.009986089030206678,19927,201,290,15256,0.011206525665050978,0.011217811509023125,99.86089030206678
phiusiil,iscx_url2016_binary,r09,lr,0.01,selected,0.9350858608384969,source_s3_test,True,35675,20127,15548,0.9851716888577435,0.9838953776143051,0.9918779065959259,0.9739516336506303,0.9848912928154808,0.9949132389951542,0.9966116622328227,0.006160878422020172,20003,124,405,15143,0.007136846488905257,0.0071480778561343,61.60878422020172
phiusiil,iscx_url2016_binary,r09,lr,0.01,selected,0.9350858608384969,external_primary,True,41501,32938,8563,0.2478976410206983,0.5251917142896914,0.2149509187012333,0.9973140254583674,0.22719880047469487,0.5503481384986775,0.2244200260345227,0.9469305968789847,1748,31190,23,8540,0.9489258380821629,0.9489482783050937,9469.305968789848
phiusiil,iscx_url2016_binary,r09,lr,0.01,more_permissive_neighbor,0.9341807501966893,source_validation,False,35674,20128,15546,0.9862084431238437,0.9856549563559973,0.9869323327726743,0.9813456837771775,0.9859679789547218,0.9932054064715271,0.9954629510365931,0.01003577106518283,19926,202,290,15256,0.011259030897681608,0.011270317681440236,100.3577106518283
phiusiil,iscx_url2016_binary,r09,lr,0.01,more_permissive_neighbor,0.9341807501966893,source_s3_test,True,35675,20127,15548,0.9851997196916609,0.9839421685418253,0.9917496071241487,0.9741445845124775,0.9849204401191033,0.9949132389951542,0.9966116622328227,0.006260247428826949,20001,126,402,15146,0.007243422914315721,0.007254655069464874,62.60247428826949
phiusiil,iscx_url2016_binary,r09,lr,0.01,more_permissive_neighbor,0.9341807501966893,external_primary,True,41501,32938,8563,0.2478976410206983,0.5251917142896914,0.2149509187012333,0.9973140254583674,0.22719880047469487,0.5503481384986775,0.2244200260345227,0.9469305968789847,1748,31190,23,8540,0.9489258380821629,0.9489482783050937,9469.305968789848
phiusiil,iscx_url2016_binary,r09,rf,0.001,safer_neighbor,0.9864789933568737,source_validation,True,35674,20128,15546,0.924679037954813,0.9137254876394318,0.9984494922086984,0.8284446159783867,0.9214536741462108,0.9989417704179422,0.9986490618917709,0.0009936406995230524,20108,20,2667,12879,0.0014320679799464107,0.00144353518342094,9.936406995230524
phiusiil,iscx_url2016_binary,r09,rf,0.001,safer_neighbor,0.9864789933568737,source_s3_test,True,35675,20127,15548,0.931436580238262,0.9213842626719355,0.9995424736922373,0.8430666323642912,0.9286805254348962,0.9992622627764685,0.9991529068511681,0.0002981070204203309,20121,6,2440,13108,0.0005763765808803915,0.0005882981527551164,2.981070204203309
phiusiil,iscx_url2016_binary,r09,rf,0.001,safer_neighbor,0.9864789933568737,external_primary,True,41501,32938,8563,0.20281439001469845,0.4911724753580501,0.20343000894995283,0.9821324302230526,0.1687350583868505,0.4404184131802713,0.1874959963667113,0.9997874795069525,7,32931,153,8410,0.9998847646437778,0.99990025347356,9997.874795069525
phiusiil,iscx_url2016_binary,r09,rf,0.001,selected,0.9864523809523809,source_validation,True,35674,20128,15546,0.92470706957448,0.9137576502536091,0.9984496124031008,0.8285089412067412,0.9214838362545742,0.9989417704179422,0.9986490618917709,0.0009936406995230524,20108,20,2666,12880,0.0014320679799464107,0.00144353518342094,9.936406995230524
phiusiil,iscx_url2016_binary,r09,rf,0.001,selected,0.9864523809523809,source_s3_test,True,35675,20127,15548,0.9314926419060967,0.9214485796258844,0.9995425434583715,0.8431952662721893,0.9287404741729613,0.9992622627764685,0.9991529068511681,0.0002981070204203309,20121,6,2438,13110,0.0005763765808803915,0.0005882981527551164,2.981070204203309
phiusiil,iscx_url2016_binary,r09,rf,0.001,selected,0.9864523809523809,external_primary,True,41501,32938,8563,0.20281439001469845,0.4911724753580501,0.20343000894995283,0.9821324302230526,0.1687350583868505,0.4404184131802713,0.1874959963667113,0.9997874795069525,7,32931,153,8410,0.9998847646437778,0.99990025347356,9997.874795069525
phiusiil,iscx_url2016_binary,r09,rf,0.001,more_permissive_neighbor,0.9864441716009752,source_validation,False,35674,20128,15546,0.924679037954813,0.913732809236121,0.9983722192078134,0.8285089412067412,0.9214555349480298,0.9989417704179422,0.9986490618917709,0.0010433227344992051,20107,21,2666,12880,0.0014906081865890448,0.001502061865100484,10.433227344992051
phiusiil,iscx_url2016_binary,r09,rf,0.001,more_permissive_neighbor,0.9864441716009752,source_s3_test,True,35675,20127,15548,0.9315487035739313,0.9215128965798336,0.9995426132032322,0.8433239001800875,0.9288004196971112,0.9992622627764685,0.9991529068511681,0.0002981070204203309,20121,6,2436,13112,0.0005763765808803915,0.0005882981527551164,2.981070204203309
phiusiil,iscx_url2016_binary,r09,rf,0.001,more_permissive_neighbor,0.9864441716009752,external_primary,True,41501,32938,8563,0.20281439001469845,0.4911724753580501,0.20343000894995283,0.9821324302230526,0.1687350583868505,0.4404184131802713,0.1874959963667113,0.9997874795069525,7,32931,153,8410,0.9998847646437778,0.99990025347356,9997.874795069525
phiusiil,iscx_url2016_binary,r09,rf,0.01,safer_neighbor,0.8380101532423736,source_validation,True,35674,20128,15546,0.9890676683298761,0.9889282214053907,0.9870806016197454,0.987842531840988,0.9888852670776167,0.9989417704179422,0.9986490618917709,0.009986089030206678,19927,201,189,15357,0.011206525665050978,0.011217811509023125,99.86089030206678
phiusiil,iscx_url2016_binary,r09,rf,0.01,safer_neighbor,0.8380101532423736,source_s3_test,True,35675,20127,15548,0.9916468114926419,0.9915946861305165,0.989660929874133,0.9911885773089787,0.991508378558507,0.9992622627764685,0.9991529068511681,0.007999205047945546,19966,161,137,15411,0.009100180434201608,0.009111433083973925,79.99205047945546
phiusiil,iscx_url2016_binary,r09,rf,0.01,safer_neighbor,0.8380101532423736,external_primary,True,41501,32938,8563,0.20604322787402712,0.4992993109891393,0.20610282243486225,0.9985986219782786,0.17084232398305763,0.4404184131802713,0.1874959963667113,1.0,0,32938,12,8551,0.9999999999999998,1.0,10000.0
phiusiil,iscx_url2016_binary,r09,rf,0.01,selected,0.8374079540298223,source_validation,True,35674,20128,15546,0.989095699949543,0.988960384019568,0.9870814319686355,0.9879068570693426,0.9889138473326063,0.9989417704179422,0.9986490618917709,0.009986089030206678,19927,201,188,15358,0.011206525665050978,0.011217811509023125,99.86089030206678
phiusiil,iscx_url2016_binary,r09,rf,0.01,selected,0.8374079540298223,source_s3_test,True,35675,20127,15548,0.9916748423265592,0.9916268446074911,0.9896615937841136,0.9912528942629277,0.991536935508083,0.9992622627764685,0.9991529068511681,0.007999205047945546,19966,161,136,15412,0.009100180434201608,0.009111433083973925,79.99205047945546
phiusiil,iscx_url2016_binary,r09,rf,0.01,selected,0.8374079540298223,external_primary,True,41501,32938,8563,0.2060673236789475,0.4993577017400444,0.20612195709809591,0.9987154034800888,0.17085888957704834,0.4404184131802713,0.1874959963667113,1.0,0,32938,11,8552,0.9999999999999998,1.0,10000.0
phiusiil,iscx_url2016_binary,r09,rf,0.01,more_permissive_neighbor,0.837351286376398,source_validation,False,35674,20128,15546,0.9890676683298761,0.9889355430020799,0.9870179948586119,0.9879068570693426,0.9888854293544246,0.9989417704179422,0.9986490618917709,0.01003577106518283,19926,202,188,15358,0.011259030897681608,0.011270317681440236,100.3577106518283
phiusiil,iscx_url2016_binary,r09,rf,0.01,more_permissive_neighbor,0.837351286376398,source_s3_test,True,35675,20127,15548,0.9916748423265592,0.9916268446074911,0.9896615937841136,0.9912528942629277,0.991536935508083,0.9992622627764685,0.9991529068511681,0.007999205047945546,19966,161,136,15412,0.009100180434201608,0.009111433083973925,79.99205047945546
phiusiil,iscx_url2016_binary,r09,rf,0.01,more_permissive_neighbor,0.837351286376398,external_primary,True,41501,32938,8563,0.2060673236789475,0.4993577017400444,0.20612195709809591,0.9987154034800888,0.17085888957704834,0.4404184131802713,0.1874959963667113,1.0,0,32938,11,8552,0.9999999999999998,1.0,10000.0
phiusiil,iscx_url2016_binary,r09,xgb,0.001,safer_neighbor,0.9213111400604248,source_validation,True,35674,20128,15546,0.9923753994505803,0.9913982008775639,0.998694005485177,0.9837900424546507,0.9922339806915579,0.9995635117161911,0.9995386597025844,0.0009936406995230524,20108,20,252,15294,0.0014320679799464107,0.00144353518342094,9.936406995230524
phiusiil,iscx_url2016_binary,r09,xgb,0.001,safer_neighbor,0.9213111400604248,source_s3_test,True,35675,20127,15548,0.9942536790469516,0.9935318880498595,0.9988944527541133,0.9879084126575766,0.9941499698284546,0.9993814681966324,0.9994580340850425,0.0008446365578576042,20110,17,188,15360,0.001255133554005273,0.0012666490726384563,8.446365578576042
phiusiil,iscx_url2016_binary,r09,xgb,0.001,safer_neighbor,0.9213111400604248,external_primary,True,41501,32938,8563,0.2060673236789475,0.4993577017400444,0.20612195709809591,0.9987154034800888,0.17085888957704834,0.06554857449240553,0.11492715756052391,1.0,0,32938,11,8552,0.9999999999999998,1.0,10000.0
phiusiil,iscx_url2016_binary,r09,xgb,0.001,selected,0.9200214147567749,source_validation,True,35674,20128,15546,0.9924034310702472,0.9914303634917412,0.9986940907606922,0.9838543676830053,0.9922625918493251,0.9995635117161911,0.9995386597025844,0.0009936406995230524,20108,20,251,15295,0.0014320679799464107,0.00144353518342094,9.936406995230524
phiusiil,iscx_url2016_binary,r09,xgb,0.001,selected,0.9200214147567749,source_s3_test,True,35675,20127,15548,0.994281709880869,0.993564046526834,0.9988945246455976,0.9879727296115256,0.9941785507942908,0.9993814681966324,0.9994580340850425,0.0008446365578576042,20110,17,187,15361,0.001255133554005273,0.0012666490726384563,8.446365578576042
phiusiil,iscx_url2016_binary,r09,xgb,0.001,selected,0.9200214147567749,external_primary,True,41501,32938,8563,0.20609141948386786,0.4994160924909494,0.20614109083897714,0.9988321849818989,0.17087545450913014,0.06554857449240553,0.11492715756052391,1.0,0,32938,10,8553,0.9999999999999998,1.0,10000.0
phiusiil,iscx_url2016_binary,r09,xgb,0.001,more_permissive_neighbor,0.9189687967300415,source_validation,False,35674,20128,15546,0.9923753994505803,0.9914055224742531,0.9986288848263254,0.9838543676830053,0.9922341003505611,0.9995635117161911,0.9995386597025844,0.0010433227344992051,20107,21,251,15295,0.0014906081865890448,0.001502061865100484,10.433227344992051
phiusiil,iscx_url2016_binary,r09,xgb,0.001,more_permissive_neighbor,0.9189687967300415,source_s3_test,True,35675,20127,15548,0.994281709880869,0.993564046526834,0.9988945246455976,0.9879727296115256,0.9941785507942908,0.9993814681966324,0.9994580340850425,0.0008446365578576042,20110,17,187,15361,0.001255133554005273,0.0012666490726384563,8.446365578576042
phiusiil,iscx_url2016_binary,r09,xgb,0.001,more_permissive_neighbor,0.9189687967300415,external_primary,True,41501,32938,8563,0.20609141948386786,0.4994160924909494,0.20614109083897714,0.9988321849818989,0.17087545450913014,0.06554857449240553,0.11492715756052391,1.0,0,32938,10,8553,0.9999999999999998,1.0,10000.0
phiusiil,iscx_url2016_binary,r09,xgb,0.01,safer_neighbor,0.6060690879821777,source_validation,True,35674,20128,15546,0.9914503560015697,0.9916547220137703,0.987213093791957,0.9932458510227711,0.9913129258415897,0.9995635117161911,0.9995386597025844,0.009936406995230525,19928,200,105,15441,0.011154013191339771,0.011165298099418608,99.36406995230524
phiusiil,iscx_url2016_binary,r09,xgb,0.01,safer_neighbor,0.6060690879821777,source_s3_test,True,35675,20127,15548,0.9922074281709881,0.9924207613018281,0.9881089374760261,0.9940828402366864,0.9920822880328637,0.9993814681966324,0.9994580340850425,0.009241317633030257,19941,186,92,15456,0.010418564219250278,0.010429837038237168,92.41317633030258
phiusiil,iscx_url2016_binary,r09,xgb,0.01,safer_neighbor,0.6060690879821777,external_primary,True,41501,32938,8563,0.2063323775330715,0.5,0.2063323775330715,1.0,0.17104106743368488,0.06554857449240553,0.11492715756052391,1.0,0,32938,0,8563,0.9999999999999998,1.0,10000.0
phiusiil,iscx_url2016_binary,r09,xgb,0.01,selected,0.6047258377075195,source_validation,True,35674,20128,15546,0.9914223243819028,0.9916298809962822,0.9871499808208669,0.9932458510227711,0.9912845060696038,0.9995635117161911,0.9995386597025844,0.009986089030206678,19927,201,105,15441,0.011206525665050978,0.011217811509023125,99.86089030206678
phiusiil,iscx_url2016_binary,r09,xgb,0.01,selected,0.6047258377075195,source_s3_test,True,35675,20127,15548,0.9920672740014015,0.9922965500433196,0.987793187192433,0.9940828402366864,0.9919401715691014,0.9993814681966324,0.9994580340850425,0.0094897401500472,19936,191,92,15456,0.010681596346113958,0.01069287359067758,94.897401500472
phiusiil,iscx_url2016_binary,r09,xgb,0.01,selected,0.6047258377075195,external_primary,True,41501,32938,8563,0.2063323775330715,0.5,0.2063323775330715,1.0,0.17104106743368488,0.06554857449240553,0.11492715756052391,1.0,0,32938,0,8563,0.9999999999999998,1.0,10000.0
phiusiil,iscx_url2016_binary,r09,xgb,0.01,more_permissive_neighbor,0.6010698080062866,source_validation,False,35674,20128,15546,0.9913942927622358,0.9916050399787941,0.9870868759189414,0.9932458510227711,0.9912560866908522,0.9995635117161911,0.9995386597025844,0.01003577106518283,19926,202,105,15441,0.011259030897681608,0.011270317681440236,100.3577106518283
phiusiil,iscx_url2016_binary,r09,xgb,0.01,more_permissive_neighbor,0.6010698080062866,source_s3_test,True,35675,20127,15548,0.9920112123335669,0.9922468655399161,0.9876669435746693,0.9940828402366864,0.9918833277407636,0.9993814681966324,0.9994580340850425,0.009589109156853978,19934,193,92,15456,0.010786754097586341,0.010798033143805457,95.89109156853978
phiusiil,iscx_url2016_binary,r09,xgb,0.01,more_permissive_neighbor,0.6010698080062866,external_primary,True,41501,32938,8563,0.2063323775330715,0.5,0.2063323775330715,1.0,0.17104106743368488,0.06554857449240553,0.11492715756052391,1.0,0,32938,0,8563,0.9999999999999998,1.0,10000.0
iscx_url2016_binary,phiusiil,r00,lr,0.001,safer_neighbor,0.9999986810628548,source_validation,True,6798,5303,1495,0.8055310385407473,0.5590603413099293,0.9726775956284153,0.11906354515050167,0.5506163391838669,0.807189342563085,0.5189326796973293,0.0009428625306430323,5298,5,1317,178,0.0019356587371852768,0.0019814389889635502,9.428625306430323
iscx_url2016_binary,phiusiil,r00,lr,0.001,safer_neighbor,0.9999986810628548,source_s3_test,True,6879,5388,1491,0.8687309201918884,0.6971830985915493,1.0,0.39436619718309857,0.7441691510533021,0.9949268737891342,0.9905646626289779,0.0,5388,0,903,588,0.0005018904171793875,0.0005558462533632138,0.0
iscx_url2016_binary,phiusiil,r00,lr,0.001,safer_neighbor,0.9999986810628548,external_primary,True,234382,134739,99643,0.6123763770255395,0.5536669138773692,0.6877536200931186,0.16158686510843712,0.499445845304062,0.3610150673800047,0.45585896343103943,0.05425303735369863,127429,7310,83542,16101,0.05527704985379704,0.05527889171414219,542.5303735369863
iscx_url2016_binary,phiusiil,r00,lr,0.001,selected,0.9999986074041951,source_validation,True,6798,5303,1495,0.805678140629597,0.5593947894704644,0.9728260869565217,0.1197324414715719,0.5511860549463549,0.807189342563085,0.5189326796973293,0.0009428625306430323,5298,5,1316,179,0.0019356587371852768,0.0019814389889635502,9.428625306430323
iscx_url2016_binary,phiusiil,r00,lr,0.001,selected,0.9999986074041951,source_s3_test,True,6879,5388,1491,0.8688762901584532,0.6975184439973172,1.0,0.3950368879946345,0.7445534502746782,0.9949268737891342,0.9905646626289779,0.0,5388,0,902,589,0.0005018904171793875,0.0005558462533632138,0.0
iscx_url2016_binary,phiusiil,r00,lr,0.001,selected,0.9999986074041951,external_primary,True,234382,134739,99643,0.6120265208079119,0.5536070375862615,0.682448569154062,0.16346356492678862,0.5001845111081163,0.3610150673800047,0.45585896343103943,0.05624948975426566,127160,7579,83355,16288,0.057290876837172655,0.057292727102042335,562.4948975426565
iscx_url2016_binary,phiusiil,r00,lr,0.001,more_permissive_neighbor,0.9999984030767546,source_validation,False,6798,5303,1495,0.8055310385407473,0.5593005032174001,0.9675675675675676,0.1197324414715719,0.5510759842708483,0.807189342563085,0.5189326796973293,0.0011314350367716388,5297,6,1316,179,0.0021864573516143637,0.002231920222397678,11.314350367716388
iscx_url2016_binary,phiusiil,r00,lr,0.001,more_permissive_neighbor,0.9999984030767546,source_s3_test,True,6879,5388,1491,0.8690216601250181,0.6978537894030852,1.0,0.39570757880617036,0.7449374248888995,0.9949268737891342,0.9905646626289779,0.0,5388,0,901,590,0.0005018904171793875,0.0005558462533632138,0.0
iscx_url2016_binary,phiusiil,r00,lr,0.001,more_permissive_neighbor,0.9999984030767546,external_primary,True,234382,134739,99643,0.6112286779701513,0.5536175957294818,0.6695448034378482,0.16887287616791946,0.5024111965474491,0.3610150673800047,0.45585896343103943,0.06163768470895583,126434,8305,82816,16827,0.06272418996575103,0.06272606292857198,616.3768470895583
iscx_url2016_binary,phiusiil,r00,lr,0.01,safer_neighbor,0.99995518996249,source_validation,True,6798,5303,1495,0.8078846719623418,0.5759392834370902,0.8203389830508474,0.16187290969899665,0.5798846718409444,0.807189342563085,0.5189326796973293,0.009994342824816142,5250,53,1253,242,0.012504283516602712,0.012548120729920856,99.94342824816142
iscx_url2016_binary,phiusiil,r00,lr,0.01,safer_neighbor,0.99995518996249,source_s3_test,True,6879,5388,1491,0.8770170082860881,0.716297786720322,1.0,0.43259557344064387,0.7655698027182078,0.9949268737891342,0.9905646626289779,0.0,5388,0,846,645,0.0005018904171793875,0.0005558462533632138,0.0
iscx_url2016_binary,phiusiil,r00,lr,0.01,safer_neighbor,0.99995518996249,external_primary,True,234382,134739,99643,0.34274816325485746,0.35959918191462026,0.31681201387252095,0.47213552382003754,0.3404763837662769,0.3610150673800047,0.45585896343103943,0.752937159990797,33289,101450,52598,47045,0.754864764989927,0.754869535252399,7529.37159990797
iscx_url2016_binary,phiusiil,r00,lr,0.01,selected,0.9999528191393294,source_validation,True,6798,5303,1495,0.8080317740511915,0.5762737315976254,0.8209459459459459,0.1625418060200669,0.5804052026332425,0.807189342563085,0.5189326796973293,0.009994342824816142,5250,53,1252,243,0.012504283516602712,0.012548120729920856,99.94342824816142
iscx_url2016_binary,phiusiil,r00,lr,0.01,selected,0.9999528191393294,source_s3_test,True,6879,5388,1491,0.8774531181857829,0.7173038229376257,1.0,0.4346076458752515,0.7666685135231539,0.9949268737891342,0.9905646626289779,0.0,5388,0,843,648,0.0005018904171793875,0.0005558462533632138,0.0
iscx_url2016_binary,phiusiil,r00,lr,0.01,selected,0.9999528191393294,external_primary,True,234382,134739,99643,0.331527165055337,0.3505466790095634,0.3126400231264002,0.4775649067169796,0.3277934549809891,0.3610150673800047,0.45585896343103943,0.7764715486978528,30118,104621,52057,47586,0.7783328383123204,0.778337705408181,7764.715486978528
iscx_url2016_binary,phiusiil,r00,lr,0.01,more_permissive_neighbor,0.9999522228411408,source_validation,False,6798,5303,1495,0.8078846719623418,0.5761794453445611,0.8181818181818182,0.1625418060200669,0.580282448141066,0.807189342563085,0.5189326796973293,0.010182915330944748,5249,54,1252,243,0.012713498278419146,0.012757343772344222,101.82915330944748
iscx_url2016_binary,phiusiil,r00,lr,0.01,more_permissive_neighbor,0.9999522228411408,source_s3_test,True,6879,5388,1491,0.8774531181857829,0.7173038229376257,1.0,0.4346076458752515,0.7666685135231539,0.9949268737891342,0.9905646626289779,0.0,5388,0,843,648,0.0005018904171793875,0.0005558462533632138,0.0
iscx_url2016_binary,phiusiil,r00,lr,0.01,more_permissive_neighbor,0.9999522228411408,external_primary,True,234382,134739,99643,0.3303922656176669,0.3497268860367437,0.3124095620347151,0.47884949268889937,0.3264240028910258,0.3610150673800047,0.45585896343103943,0.7793957206154121,29724,105015,51929,47714,0.7812481895634884,0.7812530686677452,7793.95720615412
iscx_url2016_binary,phiusiil,r00,rf,0.001,safer_neighbor,0.7003152874087114,source_validation,True,6798,5303,1495,0.9983818770226537,0.997281717863997,0.9973190348525469,0.9953177257525083,0.9976402598964444,0.9991497208937706,0.9984217403508147,0.0007542900245144258,5299,4,7,1488,0.0016790627026572688,0.0017252634333790899,7.542900245144257
iscx_url2016_binary,phiusiil,r00,rf,0.001,safer_neighbor,0.7003152874087114,source_s3_test,True,6879,5388,1491,0.9994185201337403,0.9986586183769282,1.0,0.9973172367538564,0.9991428795707794,0.9999941495047991,0.9999791813144294,0.0,5388,0,4,1487,0.0005018904171793875,0.0005558462533632138,0.0
iscx_url2016_binary,phiusiil,r00,rf,0.001,safer_neighbor,0.7003152874087114,external_primary,True,234382,134739,99643,0.4129028679676767,0.48561865861124215,0.41801430570673304,0.9712373172224843,0.29223726367092545,0.35614715128754004,0.35326484523464863,1.0,0,134739,2866,96777,0.9999999999999998,1.0,10000.0
iscx_url2016_binary,phiusiil,r00,rf,0.001,selected,0.6994381997733801,source_validation,True,6798,5303,1495,0.9982347749338041,0.9971874316109326,0.9966510381781648,0.9953177257525083,0.9974263570117574,0.9991497208937706,0.9984217403508147,0.0009428625306430323,5298,5,7,1488,0.0019356587371852768,0.0019814389889635502,9.428625306430323
iscx_url2016_binary,phiusiil,r00,rf,0.001,selected,0.6994381997733801,source_s3_test,True,6879,5388,1491,0.9994185201337403,0.9986586183769282,1.0,0.9973172367538564,0.9991428795707794,0.9999941495047991,0.9999791813144294,0.0,5388,0,4,1487,0.0005018904171793875,0.0005558462533632138,0.0
iscx_url2016_binary,phiusiil,r00,rf,0.001,selected,0.6994381997733801,external_primary,True,234382,134739,99643,0.4129284672031129,0.485648766094959,0.4180293881359007,0.971297532189918,0.2922500868147298,0.35614715128754004,0.35326484523464863,1.0,0,134739,2860,96783,0.9999999999999998,1.0,10000.0
iscx_url2016_binary,phiusiil,r00,rf,0.001,more_permissive_neighbor,0.6991670189830387,source_validation,False,6798,5303,1495,0.9980876728449544,0.9970931453578684,0.9959839357429718,0.9953177257525083,0.9972125567860257,0.9991497208937706,0.9984217403508147,0.0011314350367716388,5297,6,7,1488,0.0021864573516143637,0.002231920222397678,11.314350367716388
iscx_url2016_binary,phiusiil,r00,rf,0.001,more_permissive_neighbor,0.6991670189830387,source_s3_test,True,6879,5388,1491,0.9994185201337403,0.9986586183769282,1.0,0.9973172367538564,0.9991428795707794,0.9999941495047991,0.9999791813144294,0.0,5388,0,4,1487,0.0005018904171793875,0.0005558462533632138,0.0
iscx_url2016_binary,phiusiil,r00,rf,0.001,more_permissive_neighbor,0.6991670189830387,external_primary,True,234382,134739,99643,0.41294126682083093,0.48566381983681745,0.41803692905733725,0.9713276396736349,0.2922564982123877,0.35614715128754004,0.35326484523464863,1.0,0,134739,2857,96786,0.9999999999999998,1.0,10000.0
iscx_url2016_binary,phiusiil,r00,rf,0.01,safer_neighbor,0.6252034887720953,source_validation,True,6798,5303,1495,0.9916151809355693,0.9934248740379806,0.9662775616083009,0.9966555183946488,0.9879166199815559,0.9991497208937706,0.9984217403508147,0.009805770318687535,5251,52,5,1490,0.012294868594507628,0.012338697906062448,98.05770318687534
iscx_url2016_binary,phiusiil,r00,rf,0.01,safer_neighbor,0.6252034887720953,source_s3_test,True,6879,5388,1491,0.9994185201337403,0.998901164970521,0.9993284083277367,0.9979879275653923,0.9991432958761385,0.9999941495047991,0.9999791813144294,0.0001855976243504083,5387,1,3,1488,0.0008314928913130059,0.000880144152653755,1.855976243504083
iscx_url2016_binary,phiusiil,r00,rf,0.01,safer_neighbor,0.6252034887720953,external_primary,True,234382,134739,99643,0.4161198385541552,0.489402165731662,0.4199035605114737,0.978804331463324,0.29384507385971625,0.35614715128754004,0.35326484523464863,1.0,0,134739,2112,97531,0.9999999999999998,1.0,10000.0
iscx_url2016_binary,phiusiil,r00,rf,0.01,selected,0.6250658413718605,source_validation,True,6798,5303,1495,0.9914680788467196,0.9933305877849163,0.9656513285806869,0.9966555183946488,0.9877075138789453,0.9991497208937706,0.9984217403508147,0.009994342824816142,5250,53,5,1490,0.012504283516602712,0.012548120729920856,99.94342824816142
iscx_url2016_binary,phiusiil,r00,rf,0.01,selected,0.6250658413718605,source_s3_test,True,6879,5388,1491,0.9994185201337403,0.998901164970521,0.9993284083277367,0.9979879275653923,0.9991432958761385,0.9999941495047991,0.9999791813144294,0.0001855976243504083,5387,1,3,1488,0.0008314928913130059,0.000880144152653755,1.855976243504083
iscx_url2016_binary,phiusiil,r00,rf,0.01,selected,0.6250658413718605,external_primary,True,234382,134739,99643,0.4161326381718733,0.48941721947352046,0.4199110529420122,0.9788344389470409,0.29385145639258126,0.35614715128754004,0.35326484523464863,1.0,0,134739,2109,97534,0.9999999999999998,1.0,10000.0
iscx_url2016_binary,phiusiil,r00,rf,0.01,more_permissive_neighbor,0.6245263322263629,source_validation,False,6798,5303,1495,0.99132097675787,0.993236301531852,0.9650259067357513,0.9966555183946488,0.9874985050364957,0.9991497208937706,0.9984217403508147,0.010182915330944748,5249,54,5,1490,0.012713498278419146,0.012757343772344222,101.82915330944748
iscx_url2016_binary,phiusiil,r00,rf,0.01,more_permissive_neighbor,0.6245263322263629,source_s3_test,True,6879,5388,1491,0.9994185201337403,0.998901164970521,0.9993284083277367,0.9979879275653923,0.9991432958761385,0.9999941495047991,0.9999791813144294,0.0001855976243504083,5387,1,3,1488,0.0008314928913130059,0.000880144152653755,1.855976243504083
iscx_url2016_binary,phiusiil,r00,rf,0.01,more_permissive_neighbor,0.6245263322263629,external_primary,True,234382,134739,99643,0.4161539708680701,0.4894423090432845,0.41992353989615894,0.978884618086569,0.2938620936909686,0.35614715128754004,0.35326484523464863,1.0,0,134739,2104,97539,0.9999999999999998,1.0,10000.0
iscx_url2016_binary,phiusiil,r00,xgb,0.001,safer_neighbor,0.9014869928359985,source_validation,True,6798,5303,1495,0.9988231832892027,0.9980449004381315,0.9979906229068989,0.9966555183946488,0.9982842380078383,0.9991869308531739,0.9985061805934137,0.0005657175183858194,5300,3,5,1490,0.0014146789978716247,0.0014614712276437166,5.657175183858194
iscx_url2016_binary,phiusiil,r00,xgb,0.001,safer_neighbor,0.9014869928359985,source_s3_test,True,6879,5388,1491,0.9997092600668702,0.9993293091884641,1.0,0.9986586183769283,0.9995716479380692,0.9999997510427574,0.9999991006491626,0.0,5388,0,2,1489,0.0005018904171793875,0.0005558462533632138,0.0
iscx_url2016_binary,phiusiil,r00,xgb,0.001,safer_neighbor,0.9014869928359985,external_primary,True,234382,134739,99643,0.4183043066447082,0.49197133767550155,0.42117947263963706,0.9839426753510031,0.294932691584568,0.3849590340076806,0.39722834662163,1.0,0,134739,1600,98043,0.9999999999999998,1.0,10000.0
iscx_url2016_binary,phiusiil,r00,xgb,0.001,selected,0.8989022374153137,source_validation,True,6798,5303,1495,0.9985289791115034,0.997856327932003,0.9966555183946488,0.9966555183946488,0.997856327932003,0.9991869308531739,0.9985061805934137,0.0009428625306430323,5298,5,5,1490,0.0019356587371852768,0.0019814389889635502,9.428625306430323
iscx_url2016_binary,phiusiil,r00,xgb,0.001,selected,0.8989022374153137,source_s3_test,True,6879,5388,1491,0.9997092600668702,0.9993293091884641,1.0,0.9986586183769283,0.9995716479380692,0.9999997510427574,0.9999991006491626,0.0,5388,0,2,1489,0.0005018904171793875,0.0005558462533632138,0.0
iscx_url2016_binary,phiusiil,r00,xgb,0.001,selected,0.8989022374153137,external_primary,True,234382,134739,99643,0.4183597716548199,0.4920365705568881,0.421211795785992,0.9840731411137762,0.29496026326713554,0.3849590340076806,0.39722834662163,1.0,0,134739,1587,98056,0.9999999999999998,1.0,10000.0
iscx_url2016_binary,phiusiil,r00,xgb,0.001,more_permissive_neighbor,0.8949545621871948,source_validation,False,6798,5303,1495,0.9983818770226537,0.9977620416789386,0.9959893048128342,0.9966555183946488,0.9976425268261172,0.9991869308531739,0.9985061805934137,0.0011314350367716388,5297,6,5,1490,0.0021864573516143637,0.002231920222397678,11.314350367716388
iscx_url2016_binary,phiusiil,r00,xgb,0.001,more_permissive_neighbor,0.8949545621871948,source_s3_test,True,6879,5388,1491,0.9997092600668702,0.9993293091884641,1.0,0.9986586183769283,0.9995716479380692,0.9999997510427574,0.9999991006491626,0.0,5388,0,2,1489,0.0005018904171793875,0.0005558462533632138,0.0
iscx_url2016_binary,phiusiil,r00,xgb,0.001,more_permissive_neighbor,0.8949545621871948,external_primary,True,234382,134739,99643,0.4184280362826497,0.4921168571801331,0.42125157316449824,0.9842337143602662,0.2949941946855806,0.3849590340076806,0.39722834662163,1.0,0,134739,1571,98072,0.9999999999999998,1.0,10000.0
iscx_url2016_binary,phiusiil,r00,xgb,0.01,safer_neighbor,0.836277186870575,source_validation,True,6798,5303,1495,0.9916151809355693,0.9934248740379806,0.9662775616083009,0.9966555183946488,0.9879166199815559,0.9991869308531739,0.9985061805934137,0.009805770318687535,5251,52,5,1490,0.012294868594507628,0.012338697906062448,98.05770318687534
iscx_url2016_binary,phiusiil,r00,xgb,0.01,safer_neighbor,0.836277186870575,source_s3_test,True,6879,5388,1491,0.9997092600668702,0.9993293091884641,1.0,0.9986586183769283,0.9995716479380692,0.9999997510427574,0.9999991006491626,0.0,5388,0,2,1489,0.0005018904171793875,0.0005558462533632138,0.0
iscx_url2016_binary,phiusiil,r00,xgb,0.01,safer_neighbor,0.836277186870575,external_primary,True,234382,134739,99643,0.4192088129634528,0.4930351354334976,0.42170613835549414,0.9860702708669952,0.2953820531089446,0.3849590340076806,0.39722834662163,1.0,0,134739,1388,98255,0.9999999999999998,1.0,10000.0
iscx_url2016_binary,phiusiil,r00,xgb,0.01,selected,0.8357203006744385,source_validation,True,6798,5303,1495,0.9914680788467196,0.9933305877849163,0.9656513285806869,0.9966555183946488,0.9877075138789453,0.9991869308531739,0.9985061805934137,0.009994342824816142,5250,53,5,1490,0.012504283516602712,0.012548120729920856,99.94342824816142
iscx_url2016_binary,phiusiil,r00,xgb,0.01,selected,0.8357203006744385,source_s3_test,True,6879,5388,1491,0.9997092600668702,0.9993293091884641,1.0,0.9986586183769283,0.9995716479380692,0.9999997510427574,0.9999991006491626,0.0,5388,0,2,1489,0.0005018904171793875,0.0005558462533632138,0.0
iscx_url2016_binary,phiusiil,r00,xgb,0.01,selected,0.8357203006744385,external_primary,True,234382,134739,99643,0.4192088129634528,0.4930351354334976,0.42170613835549414,0.9860702708669952,0.2953820531089446,0.3849590340076806,0.39722834662163,1.0,0,134739,1388,98255,0.9999999999999998,1.0,10000.0
iscx_url2016_binary,phiusiil,r00,xgb,0.01,more_permissive_neighbor,0.8356402516365051,source_validation,False,6798,5303,1495,0.99132097675787,0.993236301531852,0.9650259067357513,0.9966555183946488,0.9874985050364957,0.9991869308531739,0.9985061805934137,0.010182915330944748,5249,54,5,1490,0.012713498278419146,0.012757343772344222,101.82915330944748
iscx_url2016_binary,phiusiil,r00,xgb,0.01,more_permissive_neighbor,0.8356402516365051,source_s3_test,True,6879,5388,1491,0.9997092600668702,0.9993293091884641,1.0,0.9986586183769283,0.9995716479380692,0.9999997510427574,0.9999991006491626,0.0,5388,0,2,1489,0.0005018904171793875,0.0005558462533632138,0.0
iscx_url2016_binary,phiusiil,r00,xgb,0.01,more_permissive_neighbor,0.8356402516365051,external_primary,True,234382,134739,99643,0.4192088129634528,0.4930351354334976,0.42170613835549414,0.9860702708669952,0.2953820531089446,0.3849590340076806,0.39722834662163,1.0,0,134739,1388,98255,0.9999999999999998,1.0,10000.0
iscx_url2016_binary,phiusiil,r01,lr,0.001,safer_neighbor,0.6654403452202051,source_validation,True,6879,5388,1491,0.9901148422735863,0.9781666987821509,0.9972047519217331,0.9570757880617036,0.9852264449704877,0.9930059197053143,0.9866647412768903,0.0007423904974016332,5384,4,64,1427,0.0016525908019827933,0.0016980590445022546,7.423904974016332
iscx_url2016_binary,phiusiil,r01,lr,0.001,safer_neighbor,0.6654403452202051,source_s3_test,True,6798,5303,1495,0.7766990291262136,0.8513497439765589,0.49612403100775193,0.9846153846153847,0.7468007828460109,0.7957819042291326,0.49369154086124045,0.28191589666226663,3808,1495,23,1472,0.29218793336853377,0.29226031215362597,2819.1589666226664
iscx_url2016_binary,phiusiil,r01,lr,0.001,safer_neighbor,0.6654403452202051,external_primary,True,233296,134740,98556,0.4062950072011522,0.4808707167448679,0.41296211576585407,0.9616969032834125,0.2889472410163117,0.43213492798154673,0.5052404781822695,0.9999554697936767,6,134734,3775,94781,0.999976972643682,0.9999806068139377,9999.554697936766
iscx_url2016_binary,phiusiil,r01,lr,0.001,selected,0.6628052863389015,source_validation,True,6879,5388,1491,0.9899694723070214,0.9780738999699758,0.9965083798882681,0.9570757880617036,0.98501293229816,0.9930059197053143,0.9866647412768903,0.0009279881217520415,5383,5,64,1427,0.0019051422661812134,0.001950196203570416,9.279881217520416
iscx_url2016_binary,phiusiil,r01,lr,0.001,selected,0.6628052863389015,source_s3_test,True,6798,5303,1495,0.7766990291262136,0.8513497439765589,0.49612403100775193,0.9846153846153847,0.7468007828460109,0.7957819042291326,0.49369154086124045,0.28191589666226663,3808,1495,23,1472,0.29218793336853377,0.29226031215362597,2819.1589666226664
iscx_url2016_binary,phiusiil,r01,lr,0.001,selected,0.6628052863389015,external_primary,True,233296,134740,98556,0.40642359920444415,0.4810229144801656,0.41303883770066874,0.9620012987540079,0.28901226965303617,0.43213492798154673,0.5052404781822695,0.9999554697936767,6,134734,3745,94811,0.999976972643682,0.9999806068139377,9999.554697936766
iscx_url2016_binary,phiusiil,r01,lr,0.001,more_permissive_neighbor,0.6575379099385931,source_validation,False,6879,5388,1491,0.9896787323738916,0.9778883023456253,0.995118549511855,0.9570757880617036,0.98458622395482,0.9930059197053143,0.9866647412768903,0.0012991833704528583,5381,7,64,1427,0.002394371329944868,0.002438866553210992,12.991833704528583
iscx_url2016_binary,phiusiil,r01,lr,0.001,more_permissive_neighbor,0.6575379099385931,source_s3_test,True,6798,5303,1495,0.7762577228596647,0.8510668852173662,0.49562289562289563,0.9846153846153847,0.746387550722144,0.7957819042291326,0.49369154086124045,0.2824816141806525,3805,1498,23,1472,0.292759540990106,0.29283197968830116,2824.8161418065247
iscx_url2016_binary,phiusiil,r01,lr,0.001,more_permissive_neighbor,0.6575379099385931,external_primary,True,233296,134740,98556,0.40662934640971127,0.48126643085664195,0.41316155109258557,0.9624883315069606,0.2891162907524534,0.43213492798154673,0.5052404781822695,0.9999554697936767,6,134734,3697,94859,0.999976972643682,0.9999806068139377,9999.554697936766
iscx_url2016_binary,phiusiil,r01,lr,0.01,safer_neighbor,0.6110918476731569,source_validation,True,6879,5388,1491,0.9848815234772496,0.9777365006669565,0.9651240778001341,0.9651240778001341,0.9777365006669565,0.9930059197053143,0.9866647412768903,0.009651076466221232,5336,52,52,1439,0.012101174486277443,0.012144290277718961,96.51076466221231
iscx_url2016_binary,phiusiil,r01,lr,0.01,safer_neighbor,0.6110918476731569,source_s3_test,True,6798,5303,1495,0.7756693145042659,0.8511700640200505,0.4949630624580255,0.9859531772575251,0.7459527893364057,0.7957819042291326,0.49369154086124045,0.2836130492174241,3799,1504,21,1474,0.2939026969106957,0.29397525542317743,2836.1304921742408
iscx_url2016_binary,phiusiil,r01,lr,0.01,safer_neighbor,0.6110918476731569,external_primary,True,233296,134740,98556,0.4080309992455936,0.48292811098601945,0.4139976687949061,0.9658265351678234,0.28981220603497587,0.43213492798154673,0.5052404781822695,0.9999703131957844,4,134736,3368,95188,0.9999866721640606,0.9999898595318395,9999.703131957844
iscx_url2016_binary,phiusiil,r01,lr,0.01,selected,0.6108290373528636,source_validation,True,6879,5388,1491,0.9847361535106847,0.9776437018547812,0.9644772117962467,0.9651240778001341,0.9775278783952062,0.9930059197053143,0.9866647412768903,0.00983667409057164,5335,53,52,1439,0.012307292341334828,0.012350415552132126,98.36674090571641
iscx_url2016_binary,phiusiil,r01,lr,0.01,selected,0.6108290373528636,source_s3_test,True,6798,5303,1495,0.7756693145042659,0.8511700640200505,0.4949630624580255,0.9859531772575251,0.7459527893364057,0.7957819042291326,0.49369154086124045,0.2836130492174241,3799,1504,21,1474,0.2939026969106957,0.29397525542317743,2836.1304921742408
iscx_url2016_binary,phiusiil,r01,lr,0.01,selected,0.6108290373528636,external_primary,True,233296,134740,98556,0.40805243124614227,0.48295347727523574,0.41401041190976345,0.9658772677462559,0.28982301757342604,0.43213492798154673,0.5052404781822695,0.9999703131957844,4,134736,3363,95193,0.9999866721640606,0.9999898595318395,9999.703131957844
iscx_url2016_binary,phiusiil,r01,lr,0.01,more_permissive_neighbor,0.6104386962793819,source_validation,False,6879,5388,1491,0.9845907835441198,0.977550903042606,0.9638312123241795,0.9651240778001341,0.9773193558517153,0.9930059197053143,0.9866647412768903,0.01002227171492205,5334,54,52,1439,0.012513213240251593,0.012556344243744272,100.2227171492205
iscx_url2016_binary,phiusiil,r01,lr,0.01,more_permissive_neighbor,0.6104386962793819,source_s3_test,True,6798,5303,1495,0.7756693145042659,0.8511700640200505,0.4949630624580255,0.9859531772575251,0.7459527893364057,0.7957819042291326,0.49369154086124045,0.2836130492174241,3799,1504,21,1474,0.2939026969106957,0.29397525542317743,2836.1304921742408
iscx_url2016_binary,phiusiil,r01,lr,0.01,more_permissive_neighbor,0.6104386962793819,external_primary,True,233296,134740,98556,0.4080610040463617,0.4829636237909223,0.41401550900052625,0.965897560777629,0.28982734209667954,0.43213492798154673,0.5052404781822695,0.9999703131957844,4,134736,3361,95195,0.9999866721640606,0.9999898595318395,9999.703131957844
iscx_url2016_binary,phiusiil,r01,rf,0.001,safer_neighbor,0.5350107956837167,source_validation,True,6879,5388,1491,0.9988370402674808,0.9980448765346347,0.9979852249832102,0.9966465459423206,0.998286591752277,0.9999764735405754,0.9999171342448795,0.0005567928730512249,5385,3,5,1486,0.0013923746395521134,0.0014384255243774981,5.567928730512249
iscx_url2016_binary,phiusiil,r01,rf,0.001,safer_neighbor,0.5350107956837167,source_s3_test,True,6798,5303,1495,0.8989408649602825,0.9345048584224113,0.6856617647058824,0.9979933110367893,0.8718191942154006,0.9992216181034652,0.9983479128726319,0.1289835941919668,4619,684,3,1492,0.13674410899195205,0.1368001535713231,1289.8359419196681
iscx_url2016_binary,phiusiil,r01,rf,0.001,safer_neighbor,0.5350107956837167,external_primary,True,233296,134740,98556,0.41608514505177974,0.4924662121027639,0.41875062011725067,0.9849324242055278,0.2938277733550869,0.32937547241842685,0.34044919180953853,1.0,0,134740,1485,97071,1.0,1.0,10000.0
iscx_url2016_binary,phiusiil,r01,rf,0.001,selected,0.5118522664259408,source_validation,True,6879,5388,1491,0.9985463003343509,0.9978592789102843,0.9966465459423206,0.9966465459423206,0.9978592789102843,0.9999764735405754,0.9999171342448795,0.0009279881217520415,5383,5,5,1486,0.0019051422661812134,0.001950196203570416,9.279881217520416
iscx_url2016_binary,phiusiil,r01,rf,0.001,selected,0.5118522664259408,source_s3_test,True,6798,5303,1495,0.8759929390997352,0.9200363648518508,0.6396743787489289,0.9986622073578595,0.8467635152112918,0.9992216181034652,0.9983479128726319,0.158589477654158,4462,841,2,1493,0.1670143256052074,0.16707355192045378,1585.89477654158
iscx_url2016_binary,phiusiil,r01,rf,0.001,selected,0.5118522664259408,external_primary,True,233296,134740,98556,0.41673667786845897,0.4932373472949389,0.41913149942016614,0.9864746945898778,0.2941525298091789,0.32937547241842685,0.34044919180953853,1.0,0,134740,1333,97223,1.0,1.0,10000.0
iscx_url2016_binary,phiusiil,r01,rf,0.001,more_permissive_neighbor,0.5086382528892642,source_validation,False,6879,5388,1491,0.9982555604012211,0.9976736812859339,0.9953114534494307,0.9966465459423206,0.9974323799077414,0.9999764735405754,0.9999171342448795,0.0012991833704528583,5381,7,5,1486,0.002394371329944868,0.002438866553210992,12.991833704528583
iscx_url2016_binary,phiusiil,r01,rf,0.001,more_permissive_neighbor,0.5086382528892642,source_s3_test,True,6798,5303,1495,0.8723153868784936,0.9176792085252432,0.6328952946163628,0.9986622073578595,0.8428403511158731,0.9992216181034652,0.9983479128726319,0.1633037903073732,4437,866,2,1493,0.17182438809105827,0.1718841203275047,1633.037903073732
iscx_url2016_binary,phiusiil,r01,rf,0.001,more_permissive_neighbor,0.5086382528892642,external_primary,True,233296,134740,98556,0.41680097387010495,0.49331344616258777,0.419169059134918,0.9866268923251755,0.29418456195126674,0.32937547241842685,0.34044919180953853,1.0,0,134740,1318,97238,1.0,1.0,10000.0
iscx_url2016_binary,phiusiil,r01,rf,0.01,safer_neighbor,0.3711821306969461,source_validation,True,6879,5388,1491,0.9936037214711441,0.9959168522642909,0.9713355048859935,1.0,0.9906797320476851,0.9999764735405754,0.9999171342448795,0.008166295471417966,5344,44,0,1491,0.010444409786574403,0.010487482127161302,81.66295471417966
iscx_url2016_binary,phiusiil,r01,rf,0.01,safer_neighbor,0.3711821306969461,source_s3_test,True,6798,5303,1495,0.7817005001471021,0.8595988766376323,0.5018487394957983,0.9986622073578595,0.7526983160436955,0.9992216181034652,0.9983479128726319,0.27946445408259474,3821,1482,2,1493,0.28971073748312837,0.2897828565989097,2794.6445408259474
iscx_url2016_binary,phiusiil,r01,rf,0.01,safer_neighbor,0.3711821306969461,external_primary,True,233296,134740,98556,0.41959142034154034,0.49661613701854784,0.42079448392074936,0.9932322740370957,0.2955719612905174,0.32937547241842685,0.34044919180953853,1.0,0,134740,667,97889,1.0,1.0,10000.0
iscx_url2016_binary,phiusiil,r01,rf,0.01,selected,0.36814710376916465,source_validation,True,6879,5388,1491,0.9922953917720599,0.9950816629547141,0.9656735751295337,1.0,0.9887972104489557,0.9999764735405754,0.9999171342448795,0.00983667409057164,5335,53,0,1491,0.012307292341334828,0.012350415552132126,98.36674090571641
iscx_url2016_binary,phiusiil,r01,rf,0.01,selected,0.36814710376916465,source_s3_test,True,6798,5303,1495,0.7809649897028538,0.8591274453723108,0.501006711409396,0.9986622073578595,0.7520064630764907,0.9992216181034652,0.9983479128726319,0.2804073166132378,3816,1487,2,1493,0.290663549370043,0.2907357683674526,2804.073166132378
iscx_url2016_binary,phiusiil,r01,rf,0.01,selected,0.36814710376916465,external_primary,True,233296,134740,98556,0.41964285714285715,0.4966770161126669,0.4208243602804321,0.9933540322253338,0.29559748427672955,0.32937547241842685,0.34044919180953853,1.0,0,134740,655,97901,1.0,1.0,10000.0
iscx_url2016_binary,phiusiil,r01,rf,0.01,more_permissive_neighbor,0.3659081528550271,source_validation,False,6879,5388,1491,0.9914231719726705,0.9945248700816629,0.9619354838709677,1.0,0.9875466076709651,0.9999764735405754,0.9999171342448795,0.01095025983667409,5329,59,0,1491,0.013540041764386987,0.013583216772392857,109.5025983667409
iscx_url2016_binary,phiusiil,r01,rf,0.01,more_permissive_neighbor,0.3659081528550271,source_s3_test,True,6798,5303,1495,0.7802294792586054,0.8586560141069893,0.5001675041876047,0.9986622073578595,0.751315093556071,0.9992216181034652,0.9983479128726319,0.28135017914388083,3811,1492,2,1493,0.29161630592468873,0.2916886247927078,2813.501791438808
iscx_url2016_binary,phiusiil,r01,rf,0.01,more_permissive_neighbor,0.3659081528550271,external_primary,True,233296,134740,98556,0.4196642891434058,0.4967023824018832,0.42083680785399274,0.9934047648037664,0.29560811830846434,0.32937547241842685,0.34044919180953853,1.0,0,134740,650,97906,1.0,1.0,10000.0
iscx_url2016_binary,phiusiil,r01,xgb,0.001,safer_neighbor,0.12219125032424927,source_validation,True,6879,5388,1491,0.9991277802006105,0.9989581139397633,0.9973208305425318,0.9986586183769283,0.9987161899538707,0.9999982572993018,0.9999937297680078,0.0007423904974016332,5384,4,2,1489,0.0016525908019827933,0.0016980590445022546,7.423904974016332
iscx_url2016_binary,phiusiil,r01,xgb,0.001,safer_neighbor,0.12219125032424927,source_s3_test,True,6798,5303,1495,0.7694910267725802,0.852013279540766,0.48823529411764705,0.9993311036789297,0.7413304508270713,0.9988365265575049,0.9977912168998239,0.2953045445973977,3737,1566,1,1494,0.3057107409280743,0.305784536587848,2953.0454459739767
iscx_url2016_binary,phiusiil,r01,xgb,0.001,safer_neighbor,0.12219125032424927,external_primary,True,233296,134740,98556,0.4192442219326521,0.49620520313324407,0.42059273784337,0.9924104062664881,0.2953996327437905,0.41450261883271755,0.4190261420565107,1.0,0,134740,748,97808,1.0,1.0,10000.0
iscx_url2016_binary,phiusiil,r01,xgb,0.001,selected,0.0884474441409111,source_validation,True,6879,5388,1491,0.9989824102340457,0.9988653151275881,0.9966532797858099,0.9986586183769283,0.9985025843969686,0.9999982572993018,0.9999937297680078,0.0009279881217520415,5383,5,2,1489,0.0019051422661812134,0.001950196203570416,9.279881217520416
iscx_url2016_binary,phiusiil,r01,xgb,0.001,selected,0.0884474441409111,source_s3_test,True,6798,5303,1495,0.7608120035304501,0.8464503906099721,0.47899967938441806,0.9993311036789297,0.7332827770842942,0.9988365265575049,0.9977912168998239,0.3064303224589855,3678,1625,1,1494,0.3169398780592504,0.31701484941365193,3064.303224589855
iscx_url2016_binary,phiusiil,r01,xgb,0.001,selected,0.0884474441409111,external_primary,True,233296,134740,98556,0.41955284274055277,0.49657047769795853,0.4207720746281489,0.9931409553959171,0.29555281783704135,0.41450261883271755,0.4190261420565107,1.0,0,134740,676,97880,1.0,1.0,10000.0
iscx_url2016_binary,phiusiil,r01,xgb,0.001,more_permissive_neighbor,0.08303340524435043,source_validation,False,6879,5388,1491,0.9988370402674808,0.9987725163154129,0.9959866220735786,0.9986586183769283,0.998289082185488,0.9999982572993018,0.9999937297680078,0.0011135857461024498,5382,6,2,1489,0.0021519878803365343,0.0021967289956526374,11.135857461024498
iscx_url2016_binary,phiusiil,r01,xgb,0.001,more_permissive_neighbor,0.08303340524435043,source_s3_test,True,6798,5303,1495,0.7586054721977052,0.8450360968140076,0.4767070835992342,0.9993311036789297,0.7312457190731971,0.9988365265575049,0.9977912168998239,0.3092589100509146,3663,1640,1,1494,0.31979359818755154,0.3198688681983457,3092.589100509146
iscx_url2016_binary,phiusiil,r01,xgb,0.001,more_permissive_neighbor,0.08303340524435043,external_primary,True,233296,134740,98556,0.4195828475413209,0.4966059905028613,0.42078950422779815,0.9932119810057226,0.2955677072796611,0.41450261883271755,0.4190261420565107,1.0,0,134740,669,97887,1.0,1.0,10000.0
iscx_url2016_binary,phiusiil,r01,xgb,0.01,safer_neighbor,0.030538292601704597,source_validation,True,6879,5388,1491,0.9924407617386248,0.9951744617668894,0.966299416720674,1.0,0.9890059863631793,0.9999982572993018,0.9999937297680078,0.009651076466221232,5336,52,0,1491,0.012101174486277443,0.012144290277718961,96.51076466221231
iscx_url2016_binary,phiusiil,r01,xgb,0.01,safer_neighbor,0.030538292601704597,source_s3_test,True,6798,5303,1495,0.7265372168284789,0.8244816936459896,0.4457040572792363,0.9993311036789297,0.701991182793787,0.9988365265575049,0.9977912168998239,0.3503677163869508,3445,1858,1,1494,0.3612176574853334,0.3612972563827326,3503.677163869508
iscx_url2016_binary,phiusiil,r01,xgb,0.01,safer_neighbor,0.030538292601704597,external_primary,True,233296,134740,98556,0.42039726356216994,0.49756990949308005,0.4212621930529128,0.9951398189861601,0.29597160903272146,0.41450261883271755,0.4190261420565107,1.0,0,134740,479,98077,1.0,1.0,10000.0
iscx_url2016_binary,phiusiil,r01,xgb,0.01,selected,0.03031863272190094,source_validation,True,6879,5388,1491,0.9922953917720599,0.9950816629547141,0.9656735751295337,1.0,0.9887972104489557,0.9999982572993018,0.9999937297680078,0.00983667409057164,5335,53,0,1491,0.012307292341334828,0.012350415552132126,98.36674090571641
iscx_url2016_binary,phiusiil,r01,xgb,0.01,selected,0.03031863272190094,source_s3_test,True,6798,5303,1495,0.7262430126507796,0.8242931211398609,0.44543828264758495,0.9993311036789297,0.7017254338128198,0.9988365265575049,0.9977912168998239,0.350744861399208,3443,1860,1,1494,0.3615972761770468,0.3616769146871331,3507.44861399208
iscx_url2016_binary,phiusiil,r01,xgb,0.01,selected,0.03031863272190094,external_primary,True,233296,134740,98556,0.4204015499622797,0.4975749827509233,0.4212646788478554,0.9951499655018466,0.2959737336061369,0.41450261883271755,0.4190261420565107,1.0,0,134740,478,98078,1.0,1.0,10000.0
iscx_url2016_binary,phiusiil,r01,xgb,0.01,more_permissive_neighbor,0.030004926025867462,source_validation,False,6879,5388,1491,0.9921500218054949,0.994988864142539,0.9650485436893204,1.0,0.9885885324621608,0.9999982572993018,0.9999937297680078,0.01002227171492205,5334,54,0,1491,0.012513213240251593,0.012556344243744272,100.2227171492205
iscx_url2016_binary,phiusiil,r01,xgb,0.01,more_permissive_neighbor,0.030004926025867462,source_s3_test,True,6798,5303,1495,0.725654604295381,0.8239159761276036,0.444907683144729,0.9993311036789297,0.7011940599549198,0.9988365265575049,0.9977912168998239,0.3514991514237224,3439,1864,1,1494,0.36235649141104104,0.36243620914086067,3514.991514237224
iscx_url2016_binary,phiusiil,r01,xgb,0.01,more_permissive_neighbor,0.030004926025867462,external_primary,True,233296,134740,98556,0.42040583636238943,0.4975800560087666,0.42126716462144415,0.9951601120175332,0.29597585816672956,0.41450261883271755,0.4190261420565107,1.0,0,134740,477,98079,1.0,1.0,10000.0
iscx_url2016_binary,phiusiil,r02,lr,0.001,safer_neighbor,0.667833904824535,source_validation,True,6879,5388,1491,0.9940398313708387,0.9872210247378854,0.9972565157750343,0.9751844399731724,0.9911519233388175,0.9941434053467053,0.9909091984148667,0.0007423904974016332,5384,4,37,1454,0.0016525908019827933,0.0016980590445022546,7.423904974016332
iscx_url2016_binary,phiusiil,r02,lr,0.001,safer_neighbor,0.667833904824535,source_s3_test,True,6798,5303,1495,0.776551927037364,0.8495743243711991,0.495937711577522,0.979933110367893,0.7462547920195509,0.8027061100645372,0.5146871482940398,0.28078446162549503,3814,1489,30,1465,0.2910446586222501,0.2911169175692261,2807.8446162549503
iscx_url2016_binary,phiusiil,r02,lr,0.001,safer_neighbor,0.667833904824535,external_primary,True,233305,134739,98566,0.4065193630655151,0.481107367977175,0.4131078702977715,0.9621776271736704,0.28905475297757444,0.43273881691105404,0.5048453364403976,0.9999628912193204,5,134734,3728,94838,0.9999819362199861,0.9999853779202125,9999.628912193204
iscx_url2016_binary,phiusiil,r02,lr,0.001,selected,0.6654031332055522,source_validation,True,6879,5388,1491,0.9938944614042738,0.9871282259257101,0.9965729952021933,0.9751844399731724,0.9909383507508562,0.9941434053467053,0.9909091984148667,0.0009279881217520415,5383,5,37,1454,0.0019051422661812134,0.001950196203570416,9.279881217520416
iscx_url2016_binary,phiusiil,r02,lr,0.001,selected,0.6654031332055522,source_s3_test,True,6798,5303,1495,0.776551927037364,0.8495743243711991,0.495937711577522,0.979933110367893,0.7462547920195509,0.8027061100645372,0.5146871482940398,0.28078446162549503,3814,1489,30,1465,0.2910446586222501,0.2911169175692261,2807.8446162549503
iscx_url2016_binary,phiusiil,r02,lr,0.001,selected,0.6654031332055522,external_primary,True,233305,134739,98566,0.4065750841173571,0.4811733136379506,0.41314110242393887,0.9623095184952215,0.2890829225401547,0.43273881691105404,0.5048453364403976,0.9999628912193204,5,134734,3715,94851,0.9999819362199861,0.9999853779202125,9999.628912193204
iscx_url2016_binary,phiusiil,r02,lr,0.001,more_permissive_neighbor,0.6605457533743337,source_validation,False,6879,5388,1491,0.9936037214711441,0.9869426283013598,0.9952087611225188,0.9751844399731724,0.9905115194960945,0.9941434053467053,0.9909091984148667,0.0012991833704528583,5381,7,37,1454,0.002394371329944868,0.002438866553210992,12.991833704528583
iscx_url2016_binary,phiusiil,r02,lr,0.001,more_permissive_neighbor,0.6605457533743337,source_s3_test,True,6798,5303,1495,0.776551927037364,0.8495743243711991,0.495937711577522,0.979933110367893,0.7462547920195509,0.8027061100645372,0.5146871482940398,0.28078446162549503,3814,1489,30,1465,0.2910446586222501,0.2911169175692261,2807.8446162549503
iscx_url2016_binary,phiusiil,r02,lr,0.001,more_permissive_neighbor,0.6605457533743337,external_primary,True,233305,134739,98566,0.40670367116006945,0.48132549593204793,0.41321777758421707,0.9626138830834162,0.2891479207089704,0.43273881691105404,0.5048453364403976,0.9999628912193204,5,134734,3685,94881,0.9999819362199861,0.9999853779202125,9999.628912193204
iscx_url2016_binary,phiusiil,r02,lr,0.01,safer_neighbor,0.6155996775485721,source_validation,True,6879,5388,1491,0.9879342927751127,0.9845362075944905,0.9662251655629139,0.9785378940308518,0.9823133232803902,0.9941434053467053,0.9909091984148667,0.009465478841870824,5337,51,32,1459,0.0118948540961642,0.011937962859700184,94.65478841870824
iscx_url2016_binary,phiusiil,r02,lr,0.01,safer_neighbor,0.6155996775485721,source_s3_test,True,6798,5303,1495,0.7758164165931156,0.8498233788282898,0.4951096121416526,0.9819397993311036,0.7457416773342338,0.8027061100645372,0.5146871482940398,0.28229304167452385,3806,1497,27,1468,0.29256900731648977,0.29264142604409255,2822.9304167452383
iscx_url2016_binary,phiusiil,r02,lr,0.01,safer_neighbor,0.6155996775485721,external_primary,True,233305,134739,98566,0.40812241486466216,0.48300729764039263,0.41406392694063926,0.9659923300123775,0.2898523566306712,0.43273881691105404,0.5048453364403976,0.9999777347315922,3,134736,3352,95214,0.9999911016870779,0.9999939312668586,9999.777347315923
iscx_url2016_binary,phiusiil,r02,lr,0.01,selected,0.615133403718725,source_validation,True,6879,5388,1491,0.9877889228085478,0.9844434087823153,0.9655857048312376,0.9785378940308518,0.9821045297928318,0.9941434053467053,0.9909091984148667,0.009651076466221232,5336,52,32,1459,0.012101174486277443,0.012144290277718961,96.51076466221231
iscx_url2016_binary,phiusiil,r02,lr,0.01,selected,0.615133403718725,source_s3_test,True,6798,5303,1495,0.7756693145042659,0.8497290925752257,0.4949426837491571,0.9819397993311036,0.745604028933111,0.8027061100645372,0.5146871482940398,0.2824816141806525,3805,1498,27,1468,0.292759540990106,0.29283197968830116,2824.8161418065247
iscx_url2016_binary,phiusiil,r02,lr,0.01,selected,0.615133403718725,external_primary,True,233305,134739,98566,0.4081309873341763,0.4830174431266658,0.41406902310047317,0.9660126209849238,0.28985668041840545,0.43273881691105404,0.5048453364403976,0.9999777347315922,3,134736,3350,95216,0.9999911016870779,0.9999939312668586,9999.777347315923
iscx_url2016_binary,phiusiil,r02,lr,0.01,more_permissive_neighbor,0.6148856640063091,source_validation,False,6879,5388,1491,0.9874981828754179,0.9842578111579648,0.9643093192333113,0.9785378940308518,0.9816872401487124,0.9941434053467053,0.9909091984148667,0.01002227171492205,5334,54,32,1459,0.012513213240251593,0.012556344243744272,100.2227171492205
iscx_url2016_binary,phiusiil,r02,lr,0.01,more_permissive_neighbor,0.6148856640063091,source_s3_test,True,6798,5303,1495,0.7756693145042659,0.8497290925752257,0.4949426837491571,0.9819397993311036,0.745604028933111,0.8027061100645372,0.5146871482940398,0.2824816141806525,3805,1498,27,1468,0.292759540990106,0.29283197968830116,2824.8161418065247
iscx_url2016_binary,phiusiil,r02,lr,0.01,more_permissive_neighbor,0.6148856640063091,external_primary,True,233305,134739,98566,0.4081438460384475,0.48303266135607553,0.4140766671740123,0.9660430574437433,0.2898631660013207,0.43273881691105404,0.5048453364403976,0.9999777347315922,3,134736,3347,95219,0.9999911016870779,0.9999939312668586,9999.777347315923
iscx_url2016_binary,phiusiil,r02,rf,0.001,safer_neighbor,0.37534920634920643,source_validation,True,6879,5388,1491,0.9989824102340457,0.9986227685339953,0.9973190348525469,0.9979879275653923,0.9985018585596803,0.9999924068041011,0.9999729298390192,0.0007423904974016332,5384,4,3,1488,0.0016525908019827933,0.0016980590445022546,7.423904974016332
iscx_url2016_binary,phiusiil,r02,rf,0.001,safer_neighbor,0.37534920634920643,source_s3_test,True,6798,5303,1495,0.8062665489849956,0.8746241951769587,0.5317630264097074,0.9966555183946488,0.7759394829590606,0.99879792910809,0.9978094564530846,0.24740712804073167,3991,1312,5,1490,0.25728088664445903,0.257349603281687,2474.071280407317
iscx_url2016_binary,phiusiil,r02,rf,0.001,safer_neighbor,0.37534920634920643,external_primary,True,233305,134739,98566,0.418490816742033,0.49528234888298195,0.42016568047337277,0.9905646977659639,0.29502539727625166,0.41258093893754444,0.37741955299619956,1.0,0,134739,930,97636,0.9999999999999998,1.0,10000.0
iscx_url2016_binary,phiusiil,r02,rf,0.001,selected,0.3718928571428572,source_validation,True,6879,5388,1491,0.9988370402674808,0.9985299697218202,0.9966510381781648,0.9979879275653923,0.9982882532718276,0.9999924068041011,0.9999729298390192,0.0009279881217520415,5383,5,3,1488,0.0019051422661812134,0.001950196203570416,9.279881217520416
iscx_url2016_binary,phiusiil,r02,rf,0.001,selected,0.3718928571428572,source_s3_test,True,6798,5303,1495,0.80435422182995,0.8733984738871227,0.5293072824156305,0.9966555183946488,0.7740944754796408,0.99879792910809,0.9978094564530846,0.24985857062040354,3978,1325,5,1490,0.2597632545570989,0.2598322318267778,2498.5857062040354
iscx_url2016_binary,phiusiil,r02,rf,0.001,selected,0.3718928571428572,external_primary,True,233305,134739,98566,0.4185208203853325,0.495317858084938,0.4201831467153222,0.990635716169876,0.2950403084472485,0.41258093893754444,0.37741955299619956,1.0,0,134739,923,97643,0.9999999999999998,1.0,10000.0
iscx_url2016_binary,phiusiil,r02,rf,0.001,more_permissive_neighbor,0.3715833333333333,source_validation,False,6879,5388,1491,0.9985463003343509,0.9983443720974697,0.9953177257525083,0.9979879275653923,0.99786135273186,0.9999924068041011,0.9999729298390192,0.0012991833704528583,5381,7,3,1488,0.002394371329944868,0.002438866553210992,12.991833704528583
iscx_url2016_binary,phiusiil,r02,rf,0.001,more_permissive_neighbor,0.3715833333333333,source_s3_test,True,6798,5303,1495,0.8042071197411004,0.8733041876340584,0.5291193181818182,0.9966555183946488,0.7739527204142838,0.99879792910809,0.9978094564530846,0.25004714312653215,3977,1326,5,1490,0.25995418857780783,0.26002318589312096,2500.4714312653214
iscx_url2016_binary,phiusiil,r02,rf,0.001,more_permissive_neighbor,0.3715833333333333,external_primary,True,233305,134739,98566,0.4185208203853325,0.495317858084938,0.4201831467153222,0.990635716169876,0.2950403084472485,0.41258093893754444,0.37741955299619956,1.0,0,134739,923,97643,0.9999999999999998,1.0,10000.0
iscx_url2016_binary,phiusiil,r02,rf,0.01,safer_neighbor,0.299922619047619,source_validation,True,6879,5388,1491,0.9928768716383195,0.995452858203415,0.9681818181818181,1.0,0.9896329027506297,0.9999924068041011,0.9999729298390192,0.009094283593170008,5339,49,0,1491,0.011481582022696852,0.011524677983511969,90.94283593170007
iscx_url2016_binary,phiusiil,r02,rf,0.01,safer_neighbor,0.299922619047619,source_s3_test,True,6798,5303,1495,0.7855251544571933,0.8615699954023627,0.5062818336162989,0.9973244147157191,0.7561908894477702,0.99879792910809,0.9978094564530846,0.2741844239109938,3849,1454,4,1491,0.28437396028125617,0.28444551985665556,2741.844239109938
iscx_url2016_binary,phiusiil,r02,rf,0.01,safer_neighbor,0.299922619047619,external_primary,True,233305,134739,98566,0.4192280491202503,0.49615486070247344,0.4205945464787763,0.9923097214049469,0.29539160347071847,0.41258093893754444,0.37741955299619956,1.0,0,134739,758,97808,0.9999999999999998,1.0,10000.0
iscx_url2016_binary,phiusiil,r02,rf,0.01,selected,0.2985749299719888,source_validation,True,6879,5388,1491,0.9927315016717546,0.9953600593912397,0.9675535366645036,1.0,0.9894238324058572,0.9999924068041011,0.9999729298390192,0.009279881217520415,5338,50,0,1491,0.011688325321353134,0.011731427467781759,92.79881217520415
iscx_url2016_binary,phiusiil,r02,rf,0.01,selected,0.2985749299719888,source_s3_test,True,6798,5303,1495,0.7855251544571933,0.8615699954023627,0.5062818336162989,0.9973244147157191,0.7561908894477702,0.99879792910809,0.9978094564530846,0.2741844239109938,3849,1454,4,1491,0.28437396028125617,0.28444551985665556,2741.844239109938
iscx_url2016_binary,phiusiil,r02,rf,0.01,selected,0.2985749299719888,external_primary,True,233305,134739,98566,0.41925376652879276,0.49618529716129295,0.4206094954698499,0.9923705943225859,0.29540437123813496,0.41258093893754444,0.37741955299619956,1.0,0,134739,752,97814,0.9999999999999998,1.0,10000.0
iscx_url2016_binary,phiusiil,r02,rf,0.01,more_permissive_neighbor,0.2970892857142858,source_validation,False,6879,5388,1491,0.9912778020061055,0.9944320712694877,0.9613152804642167,1.0,0.9873385149894754,0.9999924068041011,0.9999729298390192,0.011135857461024499,5328,60,0,1491,0.013744884931271725,0.013788069649538026,111.35857461024499
iscx_url2016_binary,phiusiil,r02,rf,0.01,more_permissive_neighbor,0.2970892857142858,source_s3_test,True,6798,5303,1495,0.7853780523683437,0.8614757091492984,0.5061099796334012,0.9973244147157191,0.7560519615700529,0.99879792910809,0.9978094564530846,0.2743729964171224,3848,1455,4,1491,0.28456458978570576,0.28463616935062064,2743.729964171224
iscx_url2016_binary,phiusiil,r02,rf,0.01,more_permissive_neighbor,0.2970892857142858,external_primary,True,233305,134739,98566,0.41925376652879276,0.49618529716129295,0.4206094954698499,0.9923705943225859,0.29540437123813496,0.41258093893754444,0.37741955299619956,1.0,0,134739,752,97814,0.9999999999999998,1.0,10000.0
iscx_url2016_binary,phiusiil,r02,xgb,0.001,safer_neighbor,0.12459022551774979,source_validation,True,6879,5388,1491,0.9992731501671754,0.9992934593455312,0.9973226238286479,0.9993293091884641,0.9989304174264061,0.9999935271116928,0.9999773677929089,0.0007423904974016332,5384,4,1,1490,0.0016525908019827933,0.0016980590445022546,7.423904974016332
iscx_url2016_binary,phiusiil,r02,xgb,0.001,safer_neighbor,0.12459022551774979,source_s3_test,True,6798,5303,1495,0.7689026184171815,0.851395972621038,0.4875898105813194,0.9986622073578595,0.740726619438071,0.9981395020298348,0.9965491984629335,0.29587026211578354,3734,1569,2,1493,0.30628188953212765,0.30635574501053703,2958.7026211578354
iscx_url2016_binary,phiusiil,r02,xgb,0.001,safer_neighbor,0.12459022551774979,external_primary,True,233305,134739,98566,0.41918947300743664,0.49610920601424424,0.4205721215457259,0.9922184120284885,0.29537245095196674,0.3904984706739065,0.4025399461843926,1.0,0,134739,767,97799,0.9999999999999998,1.0,10000.0
iscx_url2016_binary,phiusiil,r02,xgb,0.001,selected,0.12400452047586441,source_validation,True,6879,5388,1491,0.9991277802006105,0.9992006605333561,0.9966555183946488,0.9993293091884641,0.998716811639116,0.9999935271116928,0.9999773677929089,0.0009279881217520415,5383,5,1,1490,0.0019051422661812134,0.001950196203570416,9.279881217520416
iscx_url2016_binary,phiusiil,r02,xgb,0.001,selected,0.12400452047586441,source_s3_test,True,6798,5303,1495,0.7689026184171815,0.851395972621038,0.4875898105813194,0.9986622073578595,0.740726619438071,0.9981395020298348,0.9965491984629335,0.29587026211578354,3734,1569,2,1493,0.30628188953212765,0.30635574501053703,2958.7026211578354
iscx_url2016_binary,phiusiil,r02,xgb,0.001,selected,0.12400452047586441,external_primary,True,233305,134739,98566,0.41918947300743664,0.49610920601424424,0.4205721215457259,0.9922184120284885,0.29537245095196674,0.3904984706739065,0.4025399461843926,1.0,0,134739,767,97799,0.9999999999999998,1.0,10000.0
iscx_url2016_binary,phiusiil,r02,xgb,0.001,more_permissive_neighbor,0.12269721180200577,source_validation,False,6879,5388,1491,0.9989824102340457,0.9991078617211808,0.9959893048128342,0.9993293091884641,0.998503309159112,0.9999935271116928,0.9999773677929089,0.0011135857461024498,5382,6,1,1490,0.0021519878803365343,0.0021967289956526374,11.135857461024498
iscx_url2016_binary,phiusiil,r02,xgb,0.001,more_permissive_neighbor,0.12269721180200577,source_s3_test,True,6798,5303,1495,0.7689026184171815,0.851395972621038,0.4875898105813194,0.9986622073578595,0.740726619438071,0.9981395020298348,0.9965491984629335,0.29587026211578354,3734,1569,2,1493,0.30628188953212765,0.30635574501053703,2958.7026211578354
iscx_url2016_binary,phiusiil,r02,xgb,0.001,more_permissive_neighbor,0.12269721180200577,external_primary,True,233305,134739,98566,0.41918947300743664,0.49610920601424424,0.4205721215457259,0.9922184120284885,0.29537245095196674,0.3904984706739065,0.4025399461843926,1.0,0,134739,767,97799,0.9999999999999998,1.0,10000.0
iscx_url2016_binary,phiusiil,r02,xgb,0.01,safer_neighbor,0.034877974539995193,source_validation,True,6879,5388,1491,0.9924407617386248,0.9951744617668894,0.966299416720674,1.0,0.9890059863631793,0.9999935271116928,0.9999773677929089,0.009651076466221232,5336,52,0,1491,0.012101174486277443,0.012144290277718961,96.51076466221231
iscx_url2016_binary,phiusiil,r02,xgb,0.01,safer_neighbor,0.034877974539995193,source_s3_test,True,6798,5303,1495,0.7296263606943219,0.826221543052869,0.4484830279363172,0.9986622073578595,0.7047290338095206,0.9981395020298348,0.9965491984629335,0.34621912125212145,3467,1836,2,1493,0.3570413628855946,0.35712052591954346,3462.1912125212143
iscx_url2016_binary,phiusiil,r02,xgb,0.01,safer_neighbor,0.034877974539995193,external_primary,True,233305,134739,98566,0.42027389040097723,0.4973926100277986,0.4212018505870072,0.9947852200555972,0.2959104530762893,0.3904984706739065,0.4025399461843926,1.0,0,134739,514,98052,0.9999999999999998,1.0,10000.0
iscx_url2016_binary,phiusiil,r02,xgb,0.01,selected,0.03449174389243126,source_validation,True,6879,5388,1491,0.9922953917720599,0.9950816629547141,0.9656735751295337,1.0,0.9887972104489557,0.9999935271116928,0.9999773677929089,0.00983667409057164,5335,53,0,1491,0.012307292341334828,0.012350415552132126,98.36674090571641
iscx_url2016_binary,phiusiil,r02,xgb,0.01,selected,0.03449174389243126,source_s3_test,True,6798,5303,1495,0.7296263606943219,0.826221543052869,0.4484830279363172,0.9986622073578595,0.7047290338095206,0.9981395020298348,0.9965491984629335,0.34621912125212145,3467,1836,2,1493,0.3570413628855946,0.35712052591954346,3462.1912125212143
iscx_url2016_binary,phiusiil,r02,xgb,0.01,selected,0.03449174389243126,external_primary,True,233305,134739,98566,0.4202824628704914,0.4974027555140718,0.4212068232292208,0.9948055110281436,0.29591470278459314,0.3904984706739065,0.4025399461843926,1.0,0,134739,512,98054,0.9999999999999998,1.0,10000.0
iscx_url2016_binary,phiusiil,r02,xgb,0.01,more_permissive_neighbor,0.0338987298309803,source_validation,False,6879,5388,1491,0.9921500218054949,0.994988864142539,0.9650485436893204,1.0,0.9885885324621608,0.9999935271116928,0.9999773677929089,0.01002227171492205,5334,54,0,1491,0.012513213240251593,0.012556344243744272,100.2227171492205
iscx_url2016_binary,phiusiil,r02,xgb,0.01,more_permissive_neighbor,0.0338987298309803,source_s3_test,True,6798,5303,1495,0.7291850544277729,0.826178846201147,0.4481103779244151,0.9993311036789297,0.7043848164308433,0.9981395020298348,0.9965491984629335,0.3469734112766359,3463,1840,1,1494,0.3578007560248236,0.3578799983235405,3469.734112766359
iscx_url2016_binary,phiusiil,r02,xgb,0.01,more_permissive_neighbor,0.0338987298309803,external_primary,True,233305,134739,98566,0.42029103534000556,0.49741290100034496,0.421211795785992,0.9948258020006899,0.29591895244159694,0.3904984706739065,0.4025399461843926,1.0,0,134739,510,98056,0.9999999999999998,1.0,10000.0
iscx_url2016_binary,phiusiil,r03,lr,0.001,safer_neighbor,0.9999990015571459,source_validation,True,6798,5303,1495,0.803912915563401,0.5553814115440431,0.9709302325581395,0.1117056856187291,0.5443077198962085,0.8056343446663938,0.5118942082301914,0.0009428625306430323,5298,5,1328,167,0.0019356587371852768,0.0019814389889635502,9.428625306430323
iscx_url2016_binary,phiusiil,r03,lr,0.001,safer_neighbor,0.9999990015571459,source_s3_test,True,6879,5388,1491,0.8678587003924989,0.6951710261569417,1.0,0.3903420523138833,0.7418565120223524,0.9953681505016241,0.9916237739629098,0.0,5388,0,909,582,0.0005018904171793875,0.0005558462533632138,0.0
iscx_url2016_binary,phiusiil,r03,lr,0.001,safer_neighbor,0.9999990015571459,external_primary,True,234331,134744,99587,0.610478340467117,0.5526280237866268,0.6664663461538461,0.16703987468243847,0.5009383150141506,0.3629940009494452,0.4569441178421475,0.06178382710918483,126419,8325,82952,16635,0.06287150181429818,0.06287337532327215,617.8382710918482
iscx_url2016_binary,phiusiil,r03,lr,0.001,selected,0.9999989688077409,source_validation,True,6798,5303,1495,0.8040600176522507,0.5557158597045782,0.9710982658959537,0.11237458193979934,0.5448844144000695,0.8056343446663938,0.5118942082301914,0.0009428625306430323,5298,5,1327,168,0.0019356587371852768,0.0019814389889635502,9.428625306430323
iscx_url2016_binary,phiusiil,r03,lr,0.001,selected,0.9999989688077409,source_s3_test,True,6879,5388,1491,0.8678587003924989,0.6951710261569417,1.0,0.3903420523138833,0.7418565120223524,0.9953681505016241,0.9916237739629098,0.0,5388,0,909,582,0.0005018904171793875,0.0005558462533632138,0.0
iscx_url2016_binary,phiusiil,r03,lr,0.001,selected,0.9999989688077409,external_primary,True,234331,134744,99587,0.6101582803811703,0.5524846477720485,0.6631274513688047,0.16807414622390474,0.5012453314614659,0.3629940009494452,0.4569441178421475,0.06310485067980763,126241,8503,82849,16738,0.06420320297916753,0.06420508205573712,631.0485067980763
iscx_url2016_binary,phiusiil,r03,lr,0.001,more_permissive_neighbor,0.9999985889004984,source_validation,False,6798,5303,1495,0.803912915563401,0.5556215734515139,0.9655172413793104,0.11237458193979934,0.5447774641451494,0.8056343446663938,0.5118942082301914,0.0011314350367716388,5297,6,1327,168,0.0021864573516143637,0.002231920222397678,11.314350367716388
iscx_url2016_binary,phiusiil,r03,lr,0.001,more_permissive_neighbor,0.9999985889004984,source_s3_test,True,6879,5388,1491,0.8684401802587586,0.6965124077800134,1.0,0.39302481556002683,0.7433995768676027,0.9953681505016241,0.9916237739629098,0.0,5388,0,905,586,0.0005018904171793875,0.0005558462533632138,0.0
iscx_url2016_binary,phiusiil,r03,lr,0.001,more_permissive_neighbor,0.9999985889004984,external_primary,True,234331,134744,99587,0.6064327809807495,0.5510005650952279,0.6278391331527402,0.18152971773424242,0.5053022271788222,0.3629940009494452,0.4569441178421475,0.07952858754378674,124028,10716,81509,18078,0.08074942887232447,0.08075137722923122,795.2858754378674
iscx_url2016_binary,phiusiil,r03,lr,0.01,safer_neighbor,0.9999596904140653,source_validation,True,6798,5303,1495,0.8065607531626949,0.5729292499922742,0.8146853146853147,0.15585284280936454,0.5751757810318776,0.8056343446663938,0.5118942082301914,0.009994342824816142,5250,53,1262,233,0.012504283516602712,0.012548120729920856,99.94342824816142
iscx_url2016_binary,phiusiil,r03,lr,0.01,safer_neighbor,0.9999596904140653,source_s3_test,True,6879,5388,1491,0.8764355284198284,0.7149564050972501,1.0,0.42991281019450034,0.7641006652295479,0.9953681505016241,0.9916237739629098,0.0,5388,0,850,641,0.0005018904171793875,0.0005558462533632138,0.0
iscx_url2016_binary,phiusiil,r03,lr,0.01,safer_neighbor,0.9999596904140653,external_primary,True,234331,134744,99587,0.3131937302362897,0.33770502030000893,0.309645992988117,0.5010794581622099,0.30435689652535075,0.3629940009494452,0.4569441178421475,0.825669417562192,23490,111254,49686,49901,0.8273629269151924,0.8273679949782934,8256.69417562192
iscx_url2016_binary,phiusiil,r03,lr,0.01,selected,0.9999580939980798,source_validation,True,6798,5303,1495,0.8067078552515445,0.5732636981528093,0.8153310104529616,0.1565217391304348,0.5757011455335478,0.8056343446663938,0.5118942082301914,0.009994342824816142,5250,53,1261,234,0.012504283516602712,0.012548120729920856,99.94342824816142
iscx_url2016_binary,phiusiil,r03,lr,0.01,selected,0.9999580939980798,source_s3_test,True,6879,5388,1491,0.8764355284198284,0.7149564050972501,1.0,0.42991281019450034,0.7641006652295479,0.9953681505016241,0.9916237739629098,0.0,5388,0,850,641,0.0005018904171793875,0.0005558462533632138,0.0
iscx_url2016_binary,phiusiil,r03,lr,0.01,selected,0.9999580939980798,external_primary,True,234331,134744,99587,0.30554216044825483,0.3316699805901633,0.3073548434334806,0.5058190326046572,0.2946283595969992,0.3629940009494452,0.4569441178421475,0.8424790714243305,21225,113519,49214,50373,0.8441045728458918,0.8441097090853296,8424.790714243305
iscx_url2016_binary,phiusiil,r03,lr,0.01,more_permissive_neighbor,0.9999575863390064,source_validation,False,6798,5303,1495,0.8065607531626949,0.573169411899745,0.8125,0.1565217391304348,0.575580464291671,0.8056343446663938,0.5118942082301914,0.010182915330944748,5249,54,1261,234,0.012713498278419146,0.012757343772344222,101.82915330944748
iscx_url2016_binary,phiusiil,r03,lr,0.01,more_permissive_neighbor,0.9999575863390064,source_s3_test,True,6879,5388,1491,0.8767262683529583,0.715627095908786,1.0,0.4312541918175721,0.7648358339498604,0.9953681505016241,0.9916237739629098,0.0,5388,0,848,643,0.0005018904171793875,0.0005558462533632138,0.0
iscx_url2016_binary,phiusiil,r03,lr,0.01,more_permissive_neighbor,0.9999575863390064,external_primary,True,234331,134744,99587,0.3060371867145192,0.33239124542294723,0.30809280233832664,0.5080482392280117,0.29488036710921184,0.3629940009494452,0.4569441178421475,0.8432657483821172,21119,113625,48992,50595,0.8448879129392446,0.8448930523602622,8432.657483821173
iscx_url2016_binary,phiusiil,r03,rf,0.001,safer_neighbor,0.5986147103930086,source_validation,True,6798,5303,1495,0.998676081200353,0.9979506141850671,0.9973226238286479,0.9966555183946488,0.9980702316210948,0.9992415475054506,0.9986540645041543,0.0007542900245144258,5299,4,5,1490,0.0016790627026572688,0.0017252634333790899,7.542900245144257
iscx_url2016_binary,phiusiil,r03,rf,0.001,safer_neighbor,0.5986147103930086,source_s3_test,True,6879,5388,1491,0.9997092600668702,0.9993293091884641,1.0,0.9986586183769283,0.9995716479380692,0.9999966390772251,0.9999880551434465,0.0,5388,0,2,1489,0.0005018904171793875,0.0005558462533632138,0.0
iscx_url2016_binary,phiusiil,r03,rf,0.001,safer_neighbor,0.5986147103930086,external_primary,True,234331,134744,99587,0.41765280735370053,0.49137437617359697,0.4207374480360083,0.9827487523471939,0.29460866947621916,0.39850765662870435,0.3767816765859982,1.0,0,134744,1718,97869,1.0,1.0,10000.0
iscx_url2016_binary,phiusiil,r03,rf,0.001,selected,0.5922716538680154,source_validation,True,6798,5303,1495,0.9985289791115034,0.997856327932003,0.9966555183946488,0.9966555183946488,0.997856327932003,0.9992415475054506,0.9986540645041543,0.0009428625306430323,5298,5,5,1490,0.0019356587371852768,0.0019814389889635502,9.428625306430323
iscx_url2016_binary,phiusiil,r03,rf,0.001,selected,0.5922716538680154,source_s3_test,True,6879,5388,1491,0.9997092600668702,0.9993293091884641,1.0,0.9986586183769283,0.9995716479380692,0.9999966390772251,0.9999880551434465,0.0,5388,0,2,1489,0.0005018904171793875,0.0005558462533632138,0.0
iscx_url2016_binary,phiusiil,r03,rf,0.001,selected,0.5922716538680154,external_primary,True,234331,134744,99587,0.417840575937456,0.4915952885416771,0.4208469979411752,0.9831905770833542,0.2947020864184154,0.39850765662870435,0.3767816765859982,1.0,0,134744,1674,97913,1.0,1.0,10000.0
iscx_url2016_binary,phiusiil,r03,rf,0.001,more_permissive_neighbor,0.5786262046458821,source_validation,False,6798,5303,1495,0.9983818770226537,0.9977620416789386,0.9959893048128342,0.9966555183946488,0.9976425268261172,0.9992415475054506,0.9986540645041543,0.0011314350367716388,5297,6,5,1490,0.0021864573516143637,0.002231920222397678,11.314350367716388
iscx_url2016_binary,phiusiil,r03,rf,0.001,more_permissive_neighbor,0.5786262046458821,source_s3_test,True,6879,5388,1491,0.9997092600668702,0.9993293091884641,1.0,0.9986586183769283,0.9995716479380692,0.9999966390772251,0.9999880551434465,0.0,5388,0,2,1489,0.0005018904171793875,0.0005558462533632138,0.0
iscx_url2016_binary,phiusiil,r03,rf,0.001,more_permissive_neighbor,0.5786262046458821,external_primary,True,234331,134744,99587,0.4183910792852845,0.4922429634390031,0.42116793965272825,0.9844859268780062,0.29497582535284156,0.39850765662870435,0.3767816765859982,1.0,0,134744,1545,98042,1.0,1.0,10000.0
iscx_url2016_binary,phiusiil,r03,rf,0.01,safer_neighbor,0.49355020852567627,source_validation,True,6798,5303,1495,0.9917622830244189,0.9937593221985157,0.966299416720674,0.9973244147157191,0.9881313927107057,0.9992415475054506,0.9986540645041543,0.009805770318687535,5251,52,4,1491,0.012294868594507628,0.012338697906062448,98.05770318687534
iscx_url2016_binary,phiusiil,r03,rf,0.01,safer_neighbor,0.49355020852567627,source_s3_test,True,6879,5388,1491,0.9994185201337403,0.9993862581577064,0.9979906229068989,0.9993293091884641,0.9991441266359138,0.9999966390772251,0.9999880551434465,0.0005567928730512249,5385,3,1,1490,0.0013923746395521134,0.0014384255243774981,5.567928730512249
iscx_url2016_binary,phiusiil,r03,rf,0.01,safer_neighbor,0.49355020852567627,external_primary,True,234331,134744,99587,0.4201706133631487,0.49433661020012654,0.42220297337512813,0.9886732204002531,0.29585925057844287,0.39850765662870435,0.3767816765859982,1.0,0,134744,1128,98459,1.0,1.0,10000.0
iscx_url2016_binary,phiusiil,r03,rf,0.01,selected,0.4925983864118445,source_validation,True,6798,5303,1495,0.9916151809355693,0.9936650359454515,0.9656735751295337,0.9973244147157191,0.9879222845267841,0.9992415475054506,0.9986540645041543,0.009994342824816142,5250,53,4,1491,0.012504283516602712,0.012548120729920856,99.94342824816142
iscx_url2016_binary,phiusiil,r03,rf,0.01,selected,0.4925983864118445,source_s3_test,True,6879,5388,1491,0.9994185201337403,0.9993862581577064,0.9979906229068989,0.9993293091884641,0.9991441266359138,0.9999966390772251,0.9999880551434465,0.0005567928730512249,5385,3,1,1490,0.0013923746395521134,0.0014384255243774981,5.567928730512249
iscx_url2016_binary,phiusiil,r03,rf,0.01,selected,0.4925983864118445,external_primary,True,234331,134744,99587,0.4201706133631487,0.49433661020012654,0.42220297337512813,0.9886732204002531,0.29585925057844287,0.39850765662870435,0.3767816765859982,1.0,0,134744,1128,98459,1.0,1.0,10000.0
iscx_url2016_binary,phiusiil,r03,rf,0.01,more_permissive_neighbor,0.49200001955504535,source_validation,False,6798,5303,1495,0.9911738746690203,0.9933821771862585,0.9638009049773756,0.9973244147157191,0.9872955428996886,0.9992415475054506,0.9986540645041543,0.010560060343201961,5247,56,4,1491,0.013131348724477354,0.013175211848279586,105.60060343201961
iscx_url2016_binary,phiusiil,r03,rf,0.01,more_permissive_neighbor,0.49200001955504535,source_s3_test,True,6879,5388,1491,0.9994185201337403,0.9993862581577064,0.9979906229068989,0.9993293091884641,0.9991441266359138,0.9999966390772251,0.9999880551434465,0.0005567928730512249,5385,3,1,1490,0.0013923746395521134,0.0014384255243774981,5.567928730512249
iscx_url2016_binary,phiusiil,r03,rf,0.01,more_permissive_neighbor,0.49200001955504535,external_primary,True,234331,134744,99587,0.4201706133631487,0.49433661020012654,0.42220297337512813,0.9886732204002531,0.29585925057844287,0.39850765662870435,0.3767816765859982,1.0,0,134744,1128,98459,1.0,1.0,10000.0
iscx_url2016_binary,phiusiil,r03,xgb,0.001,safer_neighbor,0.6115314960479736,source_validation,True,6798,5303,1495,0.9989702853780523,0.9986195105061375,0.9973262032085561,0.9979933110367893,0.9984997897984382,0.9994415983380392,0.9990043743439888,0.0007542900245144258,5299,4,3,1492,0.0016790627026572688,0.0017252634333790899,7.542900245144257
iscx_url2016_binary,phiusiil,r03,xgb,0.001,safer_neighbor,0.6115314960479736,source_s3_test,True,6879,5388,1491,0.9998546300334351,0.999664654594232,1.0,0.9993293091884641,0.9997858759493059,0.9999998755213786,0.9999995504753274,0.0,5388,0,1,1490,0.0005018904171793875,0.0005558462533632138,0.0
iscx_url2016_binary,phiusiil,r03,xgb,0.001,safer_neighbor,0.6115314960479736,external_primary,True,234331,134744,99587,0.4189629199721761,0.49291574201452,0.42150094453031084,0.98583148402904,0.29525994941459877,0.4847384126398089,0.5109035492576252,1.0,0,134744,1411,98176,1.0,1.0,10000.0
iscx_url2016_binary,phiusiil,r03,xgb,0.001,selected,0.6079967617988586,source_validation,True,6798,5303,1495,0.9988231832892027,0.9985252242530731,0.9966599866399466,0.9979933110367893,0.9982858854594271,0.9994415983380392,0.9990043743439888,0.0009428625306430323,5298,5,3,1492,0.0019356587371852768,0.0019814389889635502,9.428625306430323
iscx_url2016_binary,phiusiil,r03,xgb,0.001,selected,0.6079967617988586,source_s3_test,True,6879,5388,1491,0.9998546300334351,0.999664654594232,1.0,0.9993293091884641,0.9997858759493059,0.9999998755213786,0.9999995504753274,0.0,5388,0,1,1490,0.0005018904171793875,0.0005558462533632138,0.0
iscx_url2016_binary,phiusiil,r03,xgb,0.001,selected,0.6079967617988586,external_primary,True,234331,134744,99587,0.4189842573112392,0.4929408456927109,0.42151336267038747,0.9858816913854218,0.2952705466268887,0.4847384126398089,0.5109035492576252,1.0,0,134744,1406,98181,1.0,1.0,10000.0
iscx_url2016_binary,phiusiil,r03,xgb,0.001,more_permissive_neighbor,0.6017810106277466,source_validation,False,6798,5303,1495,0.998676081200353,0.9984309380000089,0.9959946595460614,0.9979933110367893,0.9980720836278709,0.9994415983380392,0.9990043743439888,0.0011314350367716388,5297,6,3,1492,0.0021864573516143637,0.002231920222397678,11.314350367716388
iscx_url2016_binary,phiusiil,r03,xgb,0.001,more_permissive_neighbor,0.6017810106277466,source_s3_test,True,6879,5388,1491,0.9998546300334351,0.999664654594232,1.0,0.9993293091884641,0.9997858759493059,0.9999998755213786,0.9999995504753274,0.0,5388,0,1,1490,0.0005018904171793875,0.0005558462533632138,0.0
iscx_url2016_binary,phiusiil,r03,xgb,0.001,more_permissive_neighbor,0.6017810106277466,external_primary,True,234331,134744,99587,0.4190354669249907,0.4930010945203691,0.42154316403147635,0.9860021890407382,0.2952959786361285,0.4847384126398089,0.5109035492576252,1.0,0,134744,1394,98193,1.0,1.0,10000.0
iscx_url2016_binary,phiusiil,r03,xgb,0.01,safer_neighbor,0.5124674439430237,source_validation,True,6798,5303,1495,0.9919093851132686,0.9940937703590509,0.966321243523316,0.9979933110367893,0.9883460640170724,0.9994415983380392,0.9990043743439888,0.009805770318687535,5251,52,3,1492,0.012294868594507628,0.012338697906062448,98.05770318687534
iscx_url2016_binary,phiusiil,r03,xgb,0.01,safer_neighbor,0.5124674439430237,source_s3_test,True,6879,5388,1491,0.9998546300334351,0.999664654594232,1.0,0.9993293091884641,0.9997858759493059,0.9999998755213786,0.9999995504753274,0.0,5388,0,1,1490,0.0005018904171793875,0.0005558462533632138,0.0
iscx_url2016_binary,phiusiil,r03,xgb,0.01,safer_neighbor,0.5124674439430237,external_primary,True,234331,134744,99587,0.41957316786938137,0.49363370721078054,0.42185589304179555,0.9872674144215611,0.29556290395310386,0.4847384126398089,0.5109035492576252,1.0,0,134744,1268,98319,1.0,1.0,10000.0
iscx_url2016_binary,phiusiil,r03,xgb,0.01,selected,0.5102406740188599,source_validation,True,6798,5303,1495,0.9917622830244189,0.9939994841059866,0.9656957928802589,0.9979933110367893,0.9881369537903113,0.9994415983380392,0.9990043743439888,0.009994342824816142,5250,53,3,1492,0.012504283516602712,0.012548120729920856,99.94342824816142
iscx_url2016_binary,phiusiil,r03,xgb,0.01,selected,0.5102406740188599,source_s3_test,True,6879,5388,1491,0.9998546300334351,0.999664654594232,1.0,0.9993293091884641,0.9997858759493059,0.9999998755213786,0.9999995504753274,0.0,5388,0,1,1490,0.0005018904171793875,0.0005558462533632138,0.0
iscx_url2016_binary,phiusiil,r03,xgb,0.01,selected,0.5102406740188599,external_primary,True,234331,134744,99587,0.41957316786938137,0.49363370721078054,0.42185589304179555,0.9872674144215611,0.29556290395310386,0.4847384126398089,0.5109035492576252,1.0,0,134744,1268,98319,1.0,1.0,10000.0
iscx_url2016_binary,phiusiil,r03,xgb,0.01,more_permissive_neighbor,0.5097141861915588,source_validation,False,6798,5303,1495,0.9916151809355693,0.9939051978529223,0.9650711513583441,0.9979933110367893,0.987927940754735,0.9994415983380392,0.9990043743439888,0.010182915330944748,5249,54,3,1492,0.012713498278419146,0.012757343772344222,101.82915330944748
iscx_url2016_binary,phiusiil,r03,xgb,0.01,more_permissive_neighbor,0.5097141861915588,source_s3_test,True,6879,5388,1491,0.9998546300334351,0.999664654594232,1.0,0.9993293091884641,0.9997858759493059,0.9999998755213786,0.9999995504753274,0.0,5388,0,1,1490,0.0005018904171793875,0.0005558462533632138,0.0
iscx_url2016_binary,phiusiil,r03,xgb,0.01,more_permissive_neighbor,0.5097141861915588,external_primary,True,234331,134744,99587,0.419577435337194,0.4936387279464187,0.4218583736656026,0.9872774558928374,0.2955650215992136,0.4847384126398089,0.5109035492576252,1.0,0,134744,1267,98320,1.0,1.0,10000.0
iscx_url2016_binary,phiusiil,r04,lr,0.001,safer_neighbor,0.6602524920924762,source_validation,True,6879,5388,1491,0.9957842709696176,0.9912451696071006,0.9972789115646259,0.9832327297116029,0.9937600401027002,0.9959568099017266,0.9934108521711261,0.0007423904974016332,5384,4,25,1466,0.0016525908019827933,0.0016980590445022546,7.423904974016332
iscx_url2016_binary,phiusiil,r04,lr,0.001,safer_neighbor,0.6602524920924762,source_s3_test,True,6798,5303,1495,0.7764048249485143,0.8506808476554888,0.4957841483979764,0.9832775919732442,0.7464090220131466,0.7943971891975072,0.4878883614382716,0.28191589666226663,3808,1495,25,1470,0.29218793336853377,0.29226031215362597,2819.1589666226664
iscx_url2016_binary,phiusiil,r04,lr,0.001,safer_neighbor,0.6602524920924762,external_primary,True,233299,134739,98560,0.40665412196366035,0.48128377354618396,0.4131819983362442,0.9625304383116883,0.2891228767551132,0.4343479276459862,0.5067825173579129,0.9999628912193204,5,134734,3693,94867,0.9999819362199861,0.9999853779202125,9999.628912193204
iscx_url2016_binary,phiusiil,r04,lr,0.001,selected,0.6579296489532488,source_validation,True,6879,5388,1491,0.9956389010030527,0.9911523707949255,0.9966009517335146,0.9832327297116029,0.9935464506698282,0.9959568099017266,0.9934108521711261,0.0009279881217520415,5383,5,25,1466,0.0019051422661812134,0.001950196203570416,9.279881217520416
iscx_url2016_binary,phiusiil,r04,lr,0.001,selected,0.6579296489532488,source_s3_test,True,6798,5303,1495,0.7764048249485143,0.8506808476554888,0.4957841483979764,0.9832775919732442,0.7464090220131466,0.7943971891975072,0.4878883614382716,0.28191589666226663,3808,1495,25,1470,0.29218793336853377,0.29226031215362597,2819.1589666226664
iscx_url2016_binary,phiusiil,r04,lr,0.001,selected,0.6579296489532488,external_primary,True,233299,134739,98560,0.40669269906857725,0.48132943101371645,0.41320499978223946,0.9626217532467533,0.2891423757640961,0.4343479276459862,0.5067825173579129,0.9999628912193204,5,134734,3684,94876,0.9999819362199861,0.9999853779202125,9999.628912193204
iscx_url2016_binary,phiusiil,r04,lr,0.001,more_permissive_neighbor,0.6532903762922442,source_validation,False,6879,5388,1491,0.995348161069923,0.990966773170575,0.9952477936184657,0.9832327297116029,0.9931195843544809,0.9959568099017266,0.9934108521711261,0.0012991833704528583,5381,7,25,1466,0.002394371329944868,0.002438866553210992,12.991833704528583
iscx_url2016_binary,phiusiil,r04,lr,0.001,more_permissive_neighbor,0.6532903762922442,source_s3_test,True,6798,5303,1495,0.7762577228596647,0.8505865614024244,0.49561699258260283,0.9832775919732442,0.746271297053942,0.7943971891975072,0.4878883614382716,0.28210446916839527,3807,1496,25,1470,0.29237847144307827,0.29245087019964605,2821.044691683953
iscx_url2016_binary,phiusiil,r04,lr,0.001,more_permissive_neighbor,0.6532903762922442,external_primary,True,233299,134739,98560,0.406859866523217,0.4815272800396905,0.41330465188178483,0.9630174512987013,0.28922685911735513,0.4343479276459862,0.5067825173579129,0.9999628912193204,5,134734,3645,94915,0.9999819362199861,0.9999853779202125,9999.628912193204
iscx_url2016_binary,phiusiil,r04,lr,0.01,safer_neighbor,0.6084318412339728,source_validation,True,6879,5388,1491,0.9892426224741968,0.987554316246402,0.9664252797893351,0.9845741113346748,0.9842651402656076,0.9959568099017266,0.9934108521711261,0.009465478841870824,5337,51,23,1468,0.0118948540961642,0.011937962859700184,94.65478841870824
iscx_url2016_binary,phiusiil,r04,lr,0.01,safer_neighbor,0.6084318412339728,source_s3_test,True,6798,5303,1495,0.7756693145042659,0.8509299021125797,0.4949596774193548,0.9852842809364548,0.745894853592252,0.7943971891975072,0.4878883614382716,0.2834244767112955,3800,1503,22,1473,0.29371217640790065,0.2937847149524387,2834.244767112955
iscx_url2016_binary,phiusiil,r04,lr,0.01,safer_neighbor,0.6084318412339728,external_primary,True,233299,134739,98560,0.40812433829549205,0.48302655471212597,0.4140588306921565,0.9660308441558442,0.28985332723650736,0.4343479276459862,0.5067825173579129,0.9999777347315922,3,134736,3348,95212,0.9999911016870779,0.9999939312668586,9999.777347315923
iscx_url2016_binary,phiusiil,r04,lr,0.01,selected,0.6082627802737893,source_validation,True,6879,5388,1491,0.9890972525076319,0.9874615174342267,0.9657894736842105,0.9845741113346748,0.9840563200277683,0.9959568099017266,0.9934108521711261,0.009651076466221232,5336,52,23,1468,0.012101174486277443,0.012144290277718961,96.51076466221231
iscx_url2016_binary,phiusiil,r04,lr,0.01,selected,0.6082627802737893,source_s3_test,True,6798,5303,1495,0.7756693145042659,0.8509299021125797,0.4949596774193548,0.9852842809364548,0.745894853592252,0.7943971891975072,0.4878883614382716,0.2834244767112955,3800,1503,22,1473,0.29371217640790065,0.2937847149524387,2834.244767112955
iscx_url2016_binary,phiusiil,r04,lr,0.01,selected,0.6082627802737893,external_primary,True,233299,134739,98560,0.40812433829549205,0.48302655471212597,0.4140588306921565,0.9660308441558442,0.28985332723650736,0.4343479276459862,0.5067825173579129,0.9999777347315922,3,134736,3348,95212,0.9999911016870779,0.9999939312668586,9999.777347315923
iscx_url2016_binary,phiusiil,r04,lr,0.01,more_permissive_neighbor,0.6081244342697509,source_validation,False,6879,5388,1491,0.9888065125745021,0.9872759198098764,0.9645203679369251,0.9845741113346748,0.983638975946793,0.9959568099017266,0.9934108521711261,0.01002227171492205,5334,54,23,1468,0.012513213240251593,0.012556344243744272,100.2227171492205
iscx_url2016_binary,phiusiil,r04,lr,0.01,more_permissive_neighbor,0.6081244342697509,source_s3_test,True,6798,5303,1495,0.7756693145042659,0.8509299021125797,0.4949596774193548,0.9852842809364548,0.745894853592252,0.7943971891975072,0.4878883614382716,0.2834244767112955,3800,1503,22,1473,0.29371217640790065,0.2937847149524387,2834.244767112955
iscx_url2016_binary,phiusiil,r04,lr,0.01,more_permissive_neighbor,0.6081244342697509,external_primary,True,233299,134739,98560,0.40812862464048283,0.483031627764074,0.4140613788274791,0.9660409902597402,0.2898554891866538,0.4343479276459862,0.5067825173579129,0.9999777347315922,3,134736,3347,95213,0.9999911016870779,0.9999939312668586,9999.777347315923
iscx_url2016_binary,phiusiil,r04,rf,0.001,safer_neighbor,0.4090833333333334,source_validation,True,6879,5388,1491,0.9988370402674808,0.9982874231282274,0.9973172367538564,0.9973172367538564,0.9982874231282274,0.9994700945091484,0.9988814063931345,0.0007423904974016332,5384,4,4,1487,0.0016525908019827933,0.0016980590445022546,7.423904974016332
iscx_url2016_binary,phiusiil,r04,rf,0.001,safer_neighbor,0.4090833333333334,source_s3_test,True,6798,5303,1495,0.8624595469255664,0.9101612200325808,0.6158940397350994,0.9953177257525083,0.8321948327044948,0.9984230545340336,0.9975554196842292,0.1749952856873468,4375,928,7,1488,0.18374280942140261,0.18380379536551142,1749.952856873468
iscx_url2016_binary,phiusiil,r04,rf,0.001,safer_neighbor,0.4090833333333334,external_primary,True,233299,134739,98560,0.4182701168886279,0.4950385551948052,0.42003090551435296,0.9900771103896104,0.2949156947663964,0.46222824211284197,0.40920535580468037,1.0,0,134739,978,97582,0.9999999999999998,1.0,10000.0
iscx_url2016_binary,phiusiil,r04,rf,0.001,selected,0.40263095238095237,source_validation,True,6879,5388,1491,0.9986916703009159,0.9981946243160522,0.9966487935656837,0.9973172367538564,0.9980738181481605,0.9994700945091484,0.9988814063931345,0.0009279881217520415,5383,5,4,1487,0.0019051422661812134,0.001950196203570416,9.279881217520416
iscx_url2016_binary,phiusiil,r04,rf,0.001,selected,0.40263095238095237,source_s3_test,True,6798,5303,1495,0.8502500735510444,0.9023354610282436,0.595438175270108,0.9953177257525083,0.819549048630225,0.9984230545340336,0.9975554196842292,0.19064680369602113,4292,1011,7,1488,0.19967627922847936,0.19973894123188193,1906.4680369602113
iscx_url2016_binary,phiusiil,r04,rf,0.001,selected,0.40263095238095237,external_primary,True,233299,134739,98560,0.41831298033853553,0.49508928571428573,0.42005586856682925,0.9901785714285715,0.2949370034240883,0.46222824211284197,0.40920535580468037,1.0,0,134739,968,97592,0.9999999999999998,1.0,10000.0
iscx_url2016_binary,phiusiil,r04,rf,0.001,more_permissive_neighbor,0.39725473484848495,source_validation,False,6879,5388,1491,0.9985463003343509,0.9981018255038769,0.9959812458137978,0.9973172367538564,0.9978603165897845,0.9994700945091484,0.9988814063931345,0.0011135857461024498,5382,6,4,1487,0.0021519878803365343,0.0021967289956526374,11.135857461024498
iscx_url2016_binary,phiusiil,r04,rf,0.001,more_permissive_neighbor,0.39725473484848495,source_s3_test,True,6798,5303,1495,0.8374521918211238,0.8943727189191201,0.5753477588871716,0.9959866220735786,0.8066044122459595,0.9984230545340336,0.9975554196842292,0.2072411842353385,4204,1099,6,1489,0.21654470513859442,0.216609141168454,2072.411842353385
iscx_url2016_binary,phiusiil,r04,rf,0.001,more_permissive_neighbor,0.39725473484848495,external_primary,True,233299,134739,98560,0.41834727109846165,0.49512987012987014,0.4200758374616401,0.9902597402597403,0.2949540494229357,0.46222824211284197,0.40920535580468037,1.0,0,134739,960,97600,0.9999999999999998,1.0,10000.0
iscx_url2016_binary,phiusiil,r04,rf,0.01,safer_neighbor,0.322542328042328,source_validation,True,6879,5388,1491,0.9924407617386248,0.9942042753925184,0.968729641693811,0.9973172367538564,0.9889851378745369,0.9994700945091484,0.9988814063931345,0.008908685968819599,5340,48,4,1487,0.011274617751054417,0.011317707979916334,89.08685968819599
iscx_url2016_binary,phiusiil,r04,rf,0.01,safer_neighbor,0.322542328042328,source_s3_test,True,6798,5303,1495,0.7887614004118858,0.8636442929697774,0.5100923708518645,0.9973244147157191,0.7592524726743869,0.9984230545340336,0.9975554196842292,0.27003582877616444,3871,1432,4,1491,0.2801795368960891,0.28025065659122983,2700.3582877616445
iscx_url2016_binary,phiusiil,r04,rf,0.01,safer_neighbor,0.322542328042328,external_primary,True,233299,134739,98560,0.41911881319679894,0.4960430194805195,0.42052477431951796,0.992086038961039,0.29533736661038607,0.46222824211284197,0.40920535580468037,1.0,0,134739,780,97780,0.9999999999999998,1.0,10000.0
iscx_url2016_binary,phiusiil,r04,rf,0.01,selected,0.3223928571428571,source_validation,True,6879,5388,1491,0.9922953917720599,0.9941114765803432,0.9680989583333334,0.9973172367538564,0.988775976605666,0.9994700945091484,0.9988814063931345,0.009094283593170008,5339,49,4,1487,0.011481582022696852,0.011524677983511969,90.94283593170007
iscx_url2016_binary,phiusiil,r04,rf,0.01,selected,0.3223928571428571,source_s3_test,True,6798,5303,1495,0.7887614004118858,0.8636442929697774,0.5100923708518645,0.9973244147157191,0.7592524726743869,0.9984230545340336,0.9975554196842292,0.27003582877616444,3871,1432,4,1491,0.2801795368960891,0.28025065659122983,2700.3582877616445
iscx_url2016_binary,phiusiil,r04,rf,0.01,selected,0.3223928571428571,external_primary,True,233299,134739,98560,0.41911881319679894,0.4960430194805195,0.42052477431951796,0.992086038961039,0.29533736661038607,0.46222824211284197,0.40920535580468037,1.0,0,134739,780,97780,0.9999999999999998,1.0,10000.0
iscx_url2016_binary,phiusiil,r04,rf,0.01,more_permissive_neighbor,0.32087566137566137,source_validation,False,6879,5388,1491,0.9892426224741968,0.9921627015246639,0.9550417469492614,0.9973172367538564,0.9844061771690303,0.9994700945091484,0.9988814063931345,0.012991833704528583,5318,70,4,1487,0.01578488695700107,0.015828182193690882,129.91833704528582
iscx_url2016_binary,phiusiil,r04,rf,0.01,more_permissive_neighbor,0.32087566137566137,source_s3_test,True,6798,5303,1495,0.7881729920564872,0.8632671479575201,0.5093952852750256,0.9973244147157191,0.7586950792147829,0.9984230545340336,0.9975554196842292,0.2707901188006789,3867,1436,4,1491,0.28094224138325125,0.2810134410723883,2707.9011880067887
iscx_url2016_binary,phiusiil,r04,rf,0.01,more_permissive_neighbor,0.32087566137566137,external_primary,True,233299,134739,98560,0.41914453126674356,0.4960734577922078,0.4205397269110848,0.9921469155844156,0.2953501366718516,0.46222824211284197,0.40920535580468037,1.0,0,134739,774,97786,0.9999999999999998,1.0,10000.0
iscx_url2016_binary,phiusiil,r04,xgb,0.001,safer_neighbor,0.2494726926088333,source_validation,True,6879,5388,1491,0.9989824102340457,0.9983802219404025,0.9979865771812081,0.9973172367538564,0.998501131645141,0.9998867244546218,0.9996450139614886,0.0005567928730512249,5385,3,4,1487,0.0013923746395521134,0.0014384255243774981,5.567928730512249
iscx_url2016_binary,phiusiil,r04,xgb,0.001,safer_neighbor,0.2494726926088333,source_s3_test,True,6798,5303,1495,0.7828773168578994,0.8605933285696177,0.5031997305490064,0.9993311036789297,0.7538627018778348,0.9985416218623018,0.9974520704310145,0.2781444465396945,3828,1475,1,1494,0.2883767075572913,0.28844868682029745,2781.444465396945
iscx_url2016_binary,phiusiil,r04,xgb,0.001,safer_neighbor,0.2494726926088333,external_primary,True,233299,134739,98560,0.4183172666835263,0.49509435876623376,0.4200583647538867,0.9901887175324675,0.2949391342190201,0.40850589917864766,0.4141553433984014,1.0,0,134739,967,97593,0.9999999999999998,1.0,10000.0
iscx_url2016_binary,phiusiil,r04,xgb,0.001,selected,0.2434871643781662,source_validation,True,6879,5388,1491,0.9988370402674808,0.9982874231282274,0.9973172367538564,0.9973172367538564,0.9982874231282274,0.9998867244546218,0.9996450139614886,0.0007423904974016332,5384,4,4,1487,0.0016525908019827933,0.0016980590445022546,7.423904974016332
iscx_url2016_binary,phiusiil,r04,xgb,0.001,selected,0.2434871643781662,source_s3_test,True,6798,5303,1495,0.7822889085025008,0.8602161835573604,0.5025227043390514,0.9993311036789297,0.7533085601613814,0.9985416218623018,0.9974520704310145,0.27889873656420894,3824,1479,1,1494,0.28913902372041034,0.2892110829019286,2788.9873656420896
iscx_url2016_binary,phiusiil,r04,xgb,0.001,selected,0.2434871643781662,external_primary,True,233299,134739,98560,0.41835584378844315,0.49514001623376624,0.4200808294704766,0.9902800324675325,0.2949583107938628,0.40850589917864766,0.4141553433984014,1.0,0,134739,958,97602,0.9999999999999998,1.0,10000.0
iscx_url2016_binary,phiusiil,r04,xgb,0.001,more_permissive_neighbor,0.22640082240104675,source_validation,False,6879,5388,1491,0.9985463003343509,0.9981018255038769,0.9959812458137978,0.9973172367538564,0.9978603165897845,0.9998867244546218,0.9996450139614886,0.0011135857461024498,5382,6,4,1487,0.0021519878803365343,0.0021967289956526374,11.135857461024498
iscx_url2016_binary,phiusiil,r04,xgb,0.001,more_permissive_neighbor,0.22640082240104675,source_s3_test,True,6798,5303,1495,0.7812591938805531,0.8595561797859103,0.5013422818791946,0.9993311036789297,0.7523395638648365,0.9985416218623018,0.9974520704310145,0.2802187441071092,3817,1486,1,1494,0.29047299142469124,0.29054519044665655,2802.1874410710916
iscx_url2016_binary,phiusiil,r04,xgb,0.001,more_permissive_neighbor,0.22640082240104675,external_primary,True,233299,134739,98560,0.4184544297232307,0.49525669642857145,0.420138231395569,0.9905133928571429,0.2950073128573328,0.40850589917864766,0.4141553433984014,1.0,0,134739,935,97625,0.9999999999999998,1.0,10000.0
iscx_url2016_binary,phiusiil,r04,xgb,0.01,safer_neighbor,0.038956545293331146,source_validation,True,6879,5388,1491,0.99200465183893,0.9939258789559928,0.9668400520156046,0.9973172367538564,0.9883579494593244,0.9998867244546218,0.9996450139614886,0.009465478841870824,5337,51,4,1487,0.0118948540961642,0.011937962859700184,94.65478841870824
iscx_url2016_binary,phiusiil,r04,xgb,0.01,safer_neighbor,0.038956545293331146,source_s3_test,True,6798,5303,1495,0.7477199176228303,0.8380589140872492,0.46571072319201995,0.9993311036789297,0.7212454187843714,0.9985416218623018,0.9974520704310145,0.32321327550443146,3589,1714,1,1494,0.3338653236634999,0.33394206555649186,3232.1327550443148
iscx_url2016_binary,phiusiil,r04,xgb,0.01,safer_neighbor,0.038956545293331146,external_primary,True,233299,134739,98560,0.41995036412500697,0.49702719155844155,0.42100785087210424,0.9940543831168831,0.29575003094124785,0.40850589917864766,0.4141553433984014,1.0,0,134739,586,97974,0.9999999999999998,1.0,10000.0
iscx_url2016_binary,phiusiil,r04,xgb,0.01,selected,0.03630194067955017,source_validation,True,6879,5388,1491,0.9917139119058003,0.9937402813316424,0.9655844155844155,0.9973172367538564,0.98794031544461,0.9998867244546218,0.9996450139614886,0.00983667409057164,5335,53,4,1487,0.012307292341334828,0.012350415552132126,98.36674090571641
iscx_url2016_binary,phiusiil,r04,xgb,0.01,selected,0.03630194067955017,source_s3_test,True,6798,5303,1495,0.7444836716681377,0.8359846165198345,0.46253869969040246,0.9993311036789297,0.7182871958387684,0.9985416218623018,0.9974520704310145,0.3273618706392608,3567,1736,1,1494,0.3380467217847785,0.3381239007837293,3273.618706392608
iscx_url2016_binary,phiusiil,r04,xgb,0.01,selected,0.03630194067955017,external_primary,True,233299,134739,98560,0.4200232319898499,0.49711343344155845,0.42105014394362567,0.9942268668831169,0.29578616921730205,0.40850589917864766,0.4141553433984014,1.0,0,134739,569,97991,0.9999999999999998,1.0,10000.0
iscx_url2016_binary,phiusiil,r04,xgb,0.01,more_permissive_neighbor,0.035439953207969666,source_validation,False,6879,5388,1491,0.9914231719726705,0.9935546837072919,0.9643320363164721,0.9973172367538564,0.9875230736951806,0.9998867244546218,0.9996450139614886,0.010207869339272457,5333,55,4,1487,0.012718942508456812,0.012762081661011287,102.07869339272457
iscx_url2016_binary,phiusiil,r04,xgb,0.01,more_permissive_neighbor,0.035439953207969666,source_s3_test,True,6798,5303,1495,0.7441894674904383,0.8357960440137059,0.4622524752475248,0.9993311036789297,0.7180185853068581,0.9985416218623018,0.9974520704310145,0.32773901565151803,3565,1738,1,1494,0.33842680214792237,0.338504020872791,3277.3901565151805
iscx_url2016_binary,phiusiil,r04,xgb,0.01,more_permissive_neighbor,0.035439953207969666,external_primary,True,233299,134739,98560,0.42005323640478526,0.4971489448051948,0.42106755694195597,0.9942978896103896,0.29580104860593365,0.40850589917864766,0.4141553433984014,1.0,0,134739,562,97998,0.9999999999999998,1.0,10000.0
iscx_url2016_binary,phiusiil,r05,lr,0.001,safer_neighbor,0.999999009794901,source_validation,True,6798,5303,1495,0.8050897322741983,0.558056996828324,0.9722222222222222,0.11705685618729098,0.5489034151447276,0.8098646755764548,0.5184016748146879,0.0009428625306430323,5298,5,1320,175,0.0019356587371852768,0.0019814389889635502,9.428625306430323
iscx_url2016_binary,phiusiil,r05,lr,0.001,safer_neighbor,0.999999009794901,source_s3_test,True,6879,5388,1491,0.8674225904928042,0.6941649899396378,1.0,0.38832997987927564,0.7406957712109037,0.9946706967865097,0.9901725503944493,0.0,5388,0,912,579,0.0005018904171793875,0.0005558462533632138,0.0
iscx_url2016_binary,phiusiil,r05,lr,0.001,safer_neighbor,0.999999009794901,external_primary,True,234478,134740,99738,0.6115499108658382,0.5537092781276048,0.6765966129361355,0.16623553710722092,0.5013339105036976,0.36646838101606233,0.45983765847633973,0.05881698085201128,126815,7925,83158,16580,0.05988017387372486,0.059882034937872156,588.1698085201128
iscx_url2016_binary,phiusiil,r05,lr,0.001,selected,0.9999989763583577,source_validation,True,6798,5303,1495,0.8052368343630479,0.5583914449888591,0.9723756906077348,0.1177257525083612,0.5494750204225465,0.8098646755764548,0.5184016748146879,0.0009428625306430323,5298,5,1319,176,0.0019356587371852768,0.0019814389889635502,9.428625306430323
iscx_url2016_binary,phiusiil,r05,lr,0.001,selected,0.9999989763583577,source_s3_test,True,6879,5388,1491,0.8674225904928042,0.6941649899396378,1.0,0.38832997987927564,0.7406957712109037,0.9946706967865097,0.9901725503944493,0.0,5388,0,912,579,0.0005018904171793875,0.0005558462533632138,0.0
iscx_url2016_binary,phiusiil,r05,lr,0.001,selected,0.9999989763583577,external_primary,True,234478,134740,99738,0.611170344339341,0.5535053339675733,0.6727852186541875,0.16720808518317992,0.5015718373400972,0.36646838101606233,0.45983765847633973,0.06019741724803325,126629,8111,83061,16677,0.06127209988038972,0.061273966760219234,601.9741724803325
iscx_url2016_binary,phiusiil,r05,lr,0.001,more_permissive_neighbor,0.999998817694295,source_validation,False,6798,5303,1495,0.8050897322741983,0.5582971587357948,0.967032967032967,0.1177257525083612,0.5493657921440804,0.8098646755764548,0.5184016748146879,0.0011314350367716388,5297,6,1319,176,0.0021864573516143637,0.002231920222397678,11.314350367716388
iscx_url2016_binary,phiusiil,r05,lr,0.001,more_permissive_neighbor,0.999998817694295,source_s3_test,True,6879,5388,1491,0.8675679604593691,0.6945003353454058,1.0,0.3890006706908115,0.7410830136139497,0.9946706967865097,0.9901725503944493,0.0,5388,0,911,580,0.0005018904171793875,0.0005558462533632138,0.0
iscx_url2016_binary,phiusiil,r05,lr,0.001,more_permissive_neighbor,0.999998817694295,external_primary,True,234478,134740,99738,0.610151058947961,0.553281303189211,0.6598579381839125,0.17231145601475867,0.5034471246568692,0.36646838101606233,0.45983765847633973,0.06574884963633665,125881,8859,82552,17186,0.06686818506897936,0.06687007534802773,657.4884963633665
iscx_url2016_binary,phiusiil,r05,lr,0.01,safer_neighbor,0.9999529700111621,source_validation,True,6798,5303,1495,0.8067078552515445,0.5730235362453385,0.8175438596491228,0.15585284280936454,0.5752963036218268,0.8098646755764548,0.5184016748146879,0.009805770318687535,5251,52,1262,233,0.012294868594507628,0.012338697906062448,98.05770318687534
iscx_url2016_binary,phiusiil,r05,lr,0.01,safer_neighbor,0.9999529700111621,source_s3_test,True,6879,5388,1491,0.8765808983863934,0.7152917505030181,1.0,0.4305835010060362,0.7644683998003721,0.9946706967865097,0.9901725503944493,0.0,5388,0,849,642,0.0005018904171793875,0.0005558462533632138,0.0
iscx_url2016_binary,phiusiil,r05,lr,0.01,safer_neighbor,0.9999529700111621,external_primary,True,234478,134740,99738,0.3186269074284155,0.3429663191213942,0.3135363148968422,0.5060157612945918,0.3099942251785604,0.36646838101606233,0.45983765847633973,0.8200831230518034,24242,110498,49269,50469,0.8217979404025503,0.8218029858850362,8200.831230518033
iscx_url2016_binary,phiusiil,r05,lr,0.01,selected,0.9999528307893714,source_validation,True,6798,5303,1495,0.8065607531626949,0.5729292499922742,0.8146853146853147,0.15585284280936454,0.5751757810318776,0.8098646755764548,0.5184016748146879,0.009994342824816142,5250,53,1262,233,0.012504283516602712,0.012548120729920856,99.94342824816142
iscx_url2016_binary,phiusiil,r05,lr,0.01,selected,0.9999528307893714,source_s3_test,True,6879,5388,1491,0.8765808983863934,0.7152917505030181,1.0,0.4305835010060362,0.7644683998003721,0.9946706967865097,0.9901725503944493,0.0,5388,0,849,642,0.0005018904171793875,0.0005558462533632138,0.0
iscx_url2016_binary,phiusiil,r05,lr,0.01,selected,0.9999528307893714,external_primary,True,234478,134740,99738,0.3178208616586631,0.3422753866428841,0.313187154096245,0.5060959714451864,0.30904058115771255,0.36646838101606233,0.45983765847633973,0.8215451981594182,24045,110695,49261,50477,0.8232545057414828,0.8232595571764193,8215.451981594182
iscx_url2016_binary,phiusiil,r05,lr,0.01,more_permissive_neighbor,0.9999523567138093,source_validation,False,6798,5303,1495,0.8064136510738452,0.57283496373921,0.8118466898954704,0.15585284280936454,0.5750553329696719,0.8098646755764548,0.5184016748146879,0.010182915330944748,5249,54,1262,233,0.012713498278419146,0.012757343772344222,101.82915330944748
iscx_url2016_binary,phiusiil,r05,lr,0.01,more_permissive_neighbor,0.9999523567138093,source_s3_test,True,6879,5388,1491,0.8767262683529583,0.715627095908786,1.0,0.4312541918175721,0.7648358339498604,0.9946706967865097,0.9901725503944493,0.0,5388,0,848,643,0.0005018904171793875,0.0005558462533632138,0.0
iscx_url2016_binary,phiusiil,r05,lr,0.01,more_permissive_neighbor,0.9999523567138093,external_primary,True,234478,134740,99738,0.3180682196197511,0.34262475121362423,0.313538308951153,0.5071286771340913,0.3091912738678998,0.36646838101606233,0.45983765847633973,0.8218791747068428,24000,110740,49158,50580,0.823587217742062,0.8235922705363805,8218.791747068428
iscx_url2016_binary,phiusiil,r05,rf,0.001,safer_neighbor,0.5569999999999999,source_validation,True,6798,5303,1495,0.999117387466902,0.9989539586666725,0.9973279893119572,0.9986622073578595,0.9987144140945703,0.9998451056605178,0.9996746864881876,0.0007542900245144258,5299,4,2,1493,0.0016790627026572688,0.0017252634333790899,7.542900245144257
iscx_url2016_binary,phiusiil,r05,rf,0.001,safer_neighbor,0.5569999999999999,source_s3_test,True,6879,5388,1491,0.9981101904346562,0.9956405097250167,1.0,0.9912810194500336,0.9972082452029016,0.9993608022796517,0.9986189075498245,0.0,5388,0,13,1478,0.0005018904171793875,0.0005558462533632138,0.0
iscx_url2016_binary,phiusiil,r05,rf,0.001,safer_neighbor,0.5569999999999999,external_primary,True,234478,134740,99738,0.41916085944097103,0.49271090256471956,0.4217762977204065,0.9854218051294391,0.2953582440302679,0.39379435829606985,0.37350402663379817,1.0,0,134740,1454,98284,1.0,1.0,10000.0
iscx_url2016_binary,phiusiil,r05,rf,0.001,selected,0.5553333333333333,source_validation,True,6798,5303,1495,0.9989702853780523,0.9988596724136083,0.9966622162883845,0.9986622073578595,0.998500509488344,0.9998451056605178,0.9996746864881876,0.0009428625306430323,5298,5,2,1493,0.0019356587371852768,0.0019814389889635502,9.428625306430323
iscx_url2016_binary,phiusiil,r05,rf,0.001,selected,0.5553333333333333,source_s3_test,True,6879,5388,1491,0.9981101904346562,0.9956405097250167,1.0,0.9912810194500336,0.9972082452029016,0.9993608022796517,0.9986189075498245,0.0,5388,0,13,1478,0.0005018904171793875,0.0005558462533632138,0.0
iscx_url2016_binary,phiusiil,r05,rf,0.001,selected,0.5553333333333333,external_primary,True,234478,134740,99738,0.4191949777804314,0.49275100764001684,0.42179614816849187,0.9855020152800337,0.2953751840610632,0.39379435829606985,0.37350402663379817,1.0,0,134740,1446,98292,1.0,1.0,10000.0
iscx_url2016_binary,phiusiil,r05,rf,0.001,more_permissive_neighbor,0.5536666666666666,source_validation,False,6798,5303,1495,0.9988231832892027,0.9987653861605439,0.9959973315543695,0.9986622073578595,0.9982867073516963,0.9998451056605178,0.9996746864881876,0.0011314350367716388,5297,6,2,1493,0.0021864573516143637,0.002231920222397678,11.314350367716388
iscx_url2016_binary,phiusiil,r05,rf,0.001,more_permissive_neighbor,0.5536666666666666,source_s3_test,True,6879,5388,1491,0.9981101904346562,0.9956405097250167,1.0,0.9912810194500336,0.9972082452029016,0.9993608022796517,0.9986189075498245,0.0,5388,0,13,1478,0.0005018904171793875,0.0005558462533632138,0.0
iscx_url2016_binary,phiusiil,r05,rf,0.001,more_permissive_neighbor,0.5536666666666666,external_primary,True,234478,134740,99738,0.4192418904971895,0.4928061521185506,0.42182344030929914,0.9856123042371012,0.29539847527352825,0.39379435829606985,0.37350402663379817,1.0,0,134740,1435,98303,1.0,1.0,10000.0
iscx_url2016_binary,phiusiil,r05,rf,0.01,safer_neighbor,0.4784166666666667,source_validation,True,6798,5303,1495,0.9920564872021183,0.994428218519586,0.9663430420711974,0.9986622073578595,0.9885606340120859,0.9998451056605178,0.9996746864881876,0.009805770318687535,5251,52,2,1493,0.012294868594507628,0.012338697906062448,98.05770318687534
iscx_url2016_binary,phiusiil,r05,rf,0.01,safer_neighbor,0.4784166666666667,source_s3_test,True,6879,5388,1491,0.9982555604012211,0.9962184017243774,0.9993247805536799,0.9926224010731053,0.9974248808147943,0.9993608022796517,0.9986189075498245,0.0001855976243504083,5387,1,11,1480,0.0008314928913130059,0.000880144152653755,1.855976243504083
iscx_url2016_binary,phiusiil,r05,rf,0.01,safer_neighbor,0.4784166666666667,external_primary,True,234478,134740,99738,0.4207004495091224,0.4945206440875093,0.4226706943462519,0.9890412881750186,0.2961218528891731,0.39379435829606985,0.37350402663379817,1.0,0,134740,1093,98645,1.0,1.0,10000.0
iscx_url2016_binary,phiusiil,r05,rf,0.01,selected,0.47833333333333333,source_validation,True,6798,5303,1495,0.9919093851132686,0.9943339322665217,0.9657179818887451,0.9986622073578595,0.9883515217808847,0.9998451056605178,0.9996746864881876,0.009994342824816142,5250,53,2,1493,0.012504283516602712,0.012548120729920856,99.94342824816142
iscx_url2016_binary,phiusiil,r05,rf,0.01,selected,0.47833333333333333,source_s3_test,True,6879,5388,1491,0.9982555604012211,0.9962184017243774,0.9993247805536799,0.9926224010731053,0.9974248808147943,0.9993608022796517,0.9986189075498245,0.0001855976243504083,5387,1,11,1480,0.0008314928913130059,0.000880144152653755,1.855976243504083
iscx_url2016_binary,phiusiil,r05,rf,0.01,selected,0.47833333333333333,external_primary,True,234478,134740,99738,0.4207004495091224,0.4945206440875093,0.4226706943462519,0.9890412881750186,0.2961218528891731,0.39379435829606985,0.37350402663379817,1.0,0,134740,1093,98645,1.0,1.0,10000.0
iscx_url2016_binary,phiusiil,r05,rf,0.01,more_permissive_neighbor,0.4781666666666666,source_validation,False,6798,5303,1495,0.9917622830244189,0.9942396460134574,0.9650937297996122,0.9986622073578595,0.988142506706376,0.9998451056605178,0.9996746864881876,0.010182915330944748,5249,54,2,1493,0.012713498278419146,0.012757343772344222,101.82915330944748
iscx_url2016_binary,phiusiil,r05,rf,0.01,more_permissive_neighbor,0.4781666666666666,source_s3_test,True,6879,5388,1491,0.9982555604012211,0.9962184017243774,0.9993247805536799,0.9926224010731053,0.9974248808147943,0.9993608022796517,0.9986189075498245,0.0001855976243504083,5387,1,11,1480,0.0008314928913130059,0.000880144152653755,1.855976243504083
iscx_url2016_binary,phiusiil,r05,rf,0.01,more_permissive_neighbor,0.4781666666666666,external_primary,True,234478,134740,99738,0.4207004495091224,0.4945206440875093,0.4226706943462519,0.9890412881750186,0.2961218528891731,0.39379435829606985,0.37350402663379817,1.0,0,134740,1093,98645,1.0,1.0,10000.0
iscx_url2016_binary,phiusiil,r05,xgb,0.001,safer_neighbor,0.6305750608444214,source_validation,True,6798,5303,1495,0.999117387466902,0.9989539586666725,0.9973279893119572,0.9986622073578595,0.9987144140945703,0.9998177342666515,0.9996459161102748,0.0007542900245144258,5299,4,2,1493,0.0016790627026572688,0.0017252634333790899,7.542900245144257
iscx_url2016_binary,phiusiil,r05,xgb,0.001,safer_neighbor,0.6305750608444214,source_s3_test,True,6879,5388,1491,0.9981101904346562,0.9956405097250167,1.0,0.9912810194500336,0.9972082452029016,0.9998583433289666,0.9995791137082864,0.0,5388,0,13,1478,0.0005018904171793875,0.0005558462533632138,0.0
iscx_url2016_binary,phiusiil,r05,xgb,0.001,safer_neighbor,0.6305750608444214,external_primary,True,234478,134740,99738,0.41872585061285067,0.49219956285467925,0.42152308498123836,0.9843991257093585,0.29514218721818075,0.4989371224152478,0.5134069665299795,1.0,0,134740,1556,98182,1.0,1.0,10000.0
iscx_url2016_binary,phiusiil,r05,xgb,0.001,selected,0.6228969693183899,source_validation,True,6798,5303,1495,0.9989702853780523,0.9988596724136083,0.9966622162883845,0.9986622073578595,0.998500509488344,0.9998177342666515,0.9996459161102748,0.0009428625306430323,5298,5,2,1493,0.0019356587371852768,0.0019814389889635502,9.428625306430323
iscx_url2016_binary,phiusiil,r05,xgb,0.001,selected,0.6228969693183899,source_s3_test,True,6879,5388,1491,0.9981101904346562,0.9956405097250167,1.0,0.9912810194500336,0.9972082452029016,0.9998583433289666,0.9995791137082864,0.0,5388,0,13,1478,0.0005018904171793875,0.0005558462533632138,0.0
iscx_url2016_binary,phiusiil,r05,xgb,0.001,selected,0.6228969693183899,external_primary,True,234478,134740,99738,0.41876423374474364,0.4922446810643887,0.42154543620213714,0.9844893621287774,0.2951612563839733,0.4989371224152478,0.5134069665299795,1.0,0,134740,1547,98191,1.0,1.0,10000.0
iscx_url2016_binary,phiusiil,r05,xgb,0.001,more_permissive_neighbor,0.6172925233840942,source_validation,False,6798,5303,1495,0.9988231832892027,0.9987653861605439,0.9959973315543695,0.9986622073578595,0.9982867073516963,0.9998177342666515,0.9996459161102748,0.0011314350367716388,5297,6,2,1493,0.0021864573516143637,0.002231920222397678,11.314350367716388
iscx_url2016_binary,phiusiil,r05,xgb,0.001,more_permissive_neighbor,0.6172925233840942,source_s3_test,True,6879,5388,1491,0.9981101904346562,0.9956405097250167,1.0,0.9912810194500336,0.9972082452029016,0.9998583433289666,0.9995791137082864,0.0,5388,0,13,1478,0.0005018904171793875,0.0005558462533632138,0.0
iscx_url2016_binary,phiusiil,r05,xgb,0.001,more_permissive_neighbor,0.6172925233840942,external_primary,True,234478,134740,99738,0.4188154112539343,0.4923048386773346,0.42157523514336126,0.9846096773546692,0.2951866803334125,0.4989371224152478,0.5134069665299795,1.0,0,134740,1535,98203,1.0,1.0,10000.0
iscx_url2016_binary,phiusiil,r05,xgb,0.01,safer_neighbor,0.5251926183700562,source_validation,True,6798,5303,1495,0.9920564872021183,0.994428218519586,0.9663430420711974,0.9986622073578595,0.9885606340120859,0.9998177342666515,0.9996459161102748,0.009805770318687535,5251,52,2,1493,0.012294868594507628,0.012338697906062448,98.05770318687534
iscx_url2016_binary,phiusiil,r05,xgb,0.01,safer_neighbor,0.5251926183700562,source_s3_test,True,6879,5388,1491,0.998400930367786,0.9963112005365526,1.0,0.9926224010731053,0.9976388984621496,0.9998583433289666,0.9995791137082864,0.0,5388,0,11,1480,0.0005018904171793875,0.0005558462533632138,0.0
iscx_url2016_binary,phiusiil,r05,xgb,0.01,safer_neighbor,0.5251926183700562,external_primary,True,234478,134740,99738,0.4193101271761103,0.4928863622691452,0.42186313336966175,0.9857727245382903,0.2954323506521994,0.4989371224152478,0.5134069665299795,1.0,0,134740,1419,98319,1.0,1.0,10000.0
iscx_url2016_binary,phiusiil,r05,xgb,0.01,selected,0.5225416421890259,source_validation,True,6798,5303,1495,0.9919093851132686,0.9943339322665217,0.9657179818887451,0.9986622073578595,0.9883515217808847,0.9998177342666515,0.9996459161102748,0.009994342824816142,5250,53,2,1493,0.012504283516602712,0.012548120729920856,99.94342824816142
iscx_url2016_binary,phiusiil,r05,xgb,0.01,selected,0.5225416421890259,source_s3_test,True,6879,5388,1491,0.998400930367786,0.9963112005365526,1.0,0.9926224010731053,0.9976388984621496,0.9998583433289666,0.9995791137082864,0.0,5388,0,11,1480,0.0005018904171793875,0.0005558462533632138,0.0
iscx_url2016_binary,phiusiil,r05,xgb,0.01,selected,0.5225416421890259,external_primary,True,234478,134740,99738,0.419322921553408,0.49290140167238167,0.42187057521174626,0.9858028033447633,0.2954387019230769,0.4989371224152478,0.5134069665299795,1.0,0,134740,1416,98322,1.0,1.0,10000.0
iscx_url2016_binary,phiusiil,r05,xgb,0.01,more_permissive_neighbor,0.522498369216919,source_validation,False,6798,5303,1495,0.9917622830244189,0.9942396460134574,0.9650937297996122,0.9986622073578595,0.988142506706376,0.9998177342666515,0.9996459161102748,0.010182915330944748,5249,54,2,1493,0.012713498278419146,0.012757343772344222,101.82915330944748
iscx_url2016_binary,phiusiil,r05,xgb,0.01,more_permissive_neighbor,0.522498369216919,source_s3_test,True,6879,5388,1491,0.998400930367786,0.9963112005365526,1.0,0.9926224010731053,0.9976388984621496,0.9998583433289666,0.9995791137082864,0.0,5388,0,11,1480,0.0005018904171793875,0.0005558462533632138,0.0
iscx_url2016_binary,phiusiil,r05,xgb,0.01,more_permissive_neighbor,0.522498369216919,external_primary,True,234478,134740,99738,0.419322921553408,0.49290140167238167,0.42187057521174626,0.9858028033447633,0.2954387019230769,0.4989371224152478,0.5134069665299795,1.0,0,134740,1416,98322,1.0,1.0,10000.0
iscx_url2016_binary,phiusiil,r06,lr,0.001,safer_neighbor,0.6665901051531621,source_validation,True,6879,5388,1491,0.9941852013374037,0.9875563701436533,0.9972583961617546,0.9758551307847082,0.9913698578579584,0.9952749160142742,0.9916692156688846,0.0007423904974016332,5384,4,36,1455,0.0016525908019827933,0.0016980590445022546,7.423904974016332
iscx_url2016_binary,phiusiil,r06,lr,0.001,safer_neighbor,0.6665901051531621,source_s3_test,True,6798,5303,1495,0.7786113562812592,0.8559377319709863,0.4983232729711603,0.9939799331103679,0.7493986823957215,0.8000378406366812,0.5063441750119412,0.28210446916839527,3807,1496,9,1486,0.29237847144307827,0.29245087019964605,2821.044691683953
iscx_url2016_binary,phiusiil,r06,lr,0.001,safer_neighbor,0.6665901051531621,external_primary,True,233448,134739,98709,0.40553784997087144,0.4795401673252256,0.41266810523333114,0.9590209606013637,0.2885759149032003,0.4320182251536617,0.5027493773860073,0.9999406259509125,8,134731,4045,94664,0.9999665443454929,0.9999704549730399,9999.406259509125
iscx_url2016_binary,phiusiil,r06,lr,0.001,selected,0.6644691399652358,source_validation,True,6879,5388,1491,0.9940398313708387,0.9874635713314781,0.9965753424657534,0.9758551307847082,0.9911562836404746,0.9952749160142742,0.9916692156688846,0.0009279881217520415,5383,5,36,1455,0.0019051422661812134,0.001950196203570416,9.279881217520416
iscx_url2016_binary,phiusiil,r06,lr,0.001,selected,0.6644691399652358,source_s3_test,True,6798,5303,1495,0.7783171521035599,0.8557491594648577,0.4979892761394102,0.9939799331103679,0.749122683671473,0.8000378406366812,0.5063441750119412,0.2824816141806525,3805,1498,9,1486,0.292759540990106,0.29283197968830116,2824.8161418065247
iscx_url2016_binary,phiusiil,r06,lr,0.001,selected,0.6644691399652358,external_primary,True,233448,134739,98709,0.4056106713272335,0.4796262790272993,0.41271162798807387,0.9591931840055111,0.2886127839429043,0.4320182251536617,0.5027493773860073,0.9999406259509125,8,134731,4028,94681,0.9999665443454929,0.9999704549730399,9999.406259509125
iscx_url2016_binary,phiusiil,r06,lr,0.001,more_permissive_neighbor,0.6602338807834135,source_validation,False,6879,5388,1491,0.993749091437709,0.9872779737071277,0.9952120383036935,0.9758551307847082,0.990729449012471,0.9952749160142742,0.9916692156688846,0.0012991833704528583,5381,7,36,1455,0.002394371329944868,0.002438866553210992,12.991833704528583
iscx_url2016_binary,phiusiil,r06,lr,0.001,more_permissive_neighbor,0.6602338807834135,source_s3_test,True,6798,5303,1495,0.7783171521035599,0.8557491594648577,0.4979892761394102,0.9939799331103679,0.749122683671473,0.8000378406366812,0.5063441750119412,0.2824816141806525,3805,1498,9,1486,0.292759540990106,0.29283197968830116,2824.8161418065247
iscx_url2016_binary,phiusiil,r06,lr,0.001,more_permissive_neighbor,0.6602338807834135,external_primary,True,233448,134739,98709,0.40578629930434185,0.4798339601911243,0.4128165680989135,0.9596085463331611,0.2887016876859325,0.4320182251536617,0.5027493773860073,0.9999406259509125,8,134731,3987,94722,0.9999665443454929,0.9999704549730399,9999.406259509125
iscx_url2016_binary,phiusiil,r06,lr,0.01,safer_neighbor,0.6149670381056931,source_validation,True,6879,5388,1491,0.9880796627416776,0.9851140995938512,0.9656311962987442,0.9798792756539235,0.9825389964208654,0.9952749160142742,0.9916692156688846,0.009651076466221232,5336,52,30,1461,0.012101174486277443,0.012144290277718961,96.51076466221231
iscx_url2016_binary,phiusiil,r06,lr,0.01,safer_neighbor,0.6149670381056931,source_s3_test,True,6798,5303,1495,0.7775816416593115,0.8559982139219486,0.4971619365609349,0.9959866220735786,0.7486036520133816,0.8000378406366812,0.5063441750119412,0.2839901942296813,3797,1506,6,1489,0.2942837313460984,0.29435632979314164,2839.901942296813
iscx_url2016_binary,phiusiil,r06,lr,0.01,safer_neighbor,0.6149670381056931,external_primary,True,233448,134739,98709,0.4073155477879442,0.48164366045084517,0.41372948322977043,0.9632353686087388,0.2894689196383473,0.4320182251536617,0.5027493773860073,0.9999480477070485,7,134732,3629,95080,0.9999718305459815,0.9999756169424711,9999.480477070485
iscx_url2016_binary,phiusiil,r06,lr,0.01,selected,0.6142239571943209,source_validation,True,6879,5388,1491,0.9879342927751127,0.9850213007816759,0.964993394980185,0.9798792756539235,0.9823302957824872,0.9952749160142742,0.9916692156688846,0.00983667409057164,5335,53,30,1461,0.012307292341334828,0.012350415552132126,98.36674090571641
iscx_url2016_binary,phiusiil,r06,lr,0.01,selected,0.6142239571943209,source_s3_test,True,6798,5303,1495,0.7775816416593115,0.8559982139219486,0.4971619365609349,0.9959866220735786,0.7486036520133816,0.8000378406366812,0.5063441750119412,0.2839901942296813,3797,1506,6,1489,0.2942837313460984,0.29435632979314164,2839.901942296813
iscx_url2016_binary,phiusiil,r06,lr,0.01,selected,0.6142239571943209,external_primary,True,233448,134739,98709,0.40733696583393303,0.481670341938215,0.4137429890479029,0.9632961533396144,0.28947379169260395,0.4320182251536617,0.5027493773860073,0.9999554694631844,6,134733,3623,95086,0.9999769724727773,0.999980606670005,9999.554694631845
iscx_url2016_binary,phiusiil,r06,lr,0.01,more_permissive_neighbor,0.6139401411921672,source_validation,False,6879,5388,1491,0.9876435528419828,0.9848357031573256,0.9637203166226913,0.9798792756539235,0.981913191298869,0.9952749160142742,0.9916692156688846,0.010207869339272457,5333,55,30,1461,0.012718942508456812,0.012762081661011287,102.07869339272457
iscx_url2016_binary,phiusiil,r06,lr,0.01,more_permissive_neighbor,0.6139401411921672,source_s3_test,True,6798,5303,1495,0.7775816416593115,0.8559982139219486,0.4971619365609349,0.9959866220735786,0.7486036520133816,0.8000378406366812,0.5063441750119412,0.2839901942296813,3797,1506,6,1489,0.2942837313460984,0.29435632979314164,2839.901942296813
iscx_url2016_binary,phiusiil,r06,lr,0.01,more_permissive_neighbor,0.6139401411921672,external_primary,True,233448,134739,98709,0.4073541002707241,0.48169060351517357,0.41375319267436245,0.9633366764935315,0.2894824443965271,0.4320182251536617,0.5027493773860073,0.9999554694631844,6,134733,3619,95090,0.9999769724727773,0.999980606670005,9999.554694631845
iscx_url2016_binary,phiusiil,r06,rf,0.001,safer_neighbor,0.49477272727272725,source_validation,True,6879,5388,1491,0.9989824102340457,0.9983802219404025,0.9979865771812081,0.9973172367538564,0.998501131645141,0.9997202965379508,0.9993444916050371,0.0005567928730512249,5385,3,4,1487,0.0013923746395521134,0.0014384255243774981,5.567928730512249
iscx_url2016_binary,phiusiil,r06,rf,0.001,safer_neighbor,0.49477272727272725,source_s3_test,True,6798,5303,1495,0.9713150926743159,0.9806535330225776,0.8864447086801427,0.9973244147157191,0.9599527666142728,0.9992392770672498,0.9986570125719169,0.03601734867056383,5112,191,4,1491,0.040468308025636016,0.04051442479947239,360.1734867056383
iscx_url2016_binary,phiusiil,r06,rf,0.001,safer_neighbor,0.49477272727272725,external_primary,True,233448,134739,98709,0.4178360919776567,0.49409375031658714,0.4199335290724206,0.9881875006331743,0.2946998558873202,0.3609310861186283,0.35724486948234463,1.0,0,134739,1166,97543,0.9999999999999998,1.0,10000.0
iscx_url2016_binary,phiusiil,r06,rf,0.001,selected,0.49291666666666667,source_validation,True,6879,5388,1491,0.9986916703009159,0.9981946243160522,0.9966487935656837,0.9973172367538564,0.9980738181481605,0.9997202965379508,0.9993444916050371,0.0009279881217520415,5383,5,4,1487,0.0019051422661812134,0.001950196203570416,9.279881217520416
iscx_url2016_binary,phiusiil,r06,rf,0.001,selected,0.49291666666666667,source_s3_test,True,6798,5303,1495,0.9705795822300677,0.9801821017572561,0.8838174273858921,0.9973244147157191,0.9589707661578711,0.9992392770672498,0.9986570125719169,0.03696021120120686,5107,196,4,1491,0.04146321509595886,0.04150942843024063,369.60211201206863
iscx_url2016_binary,phiusiil,r06,rf,0.001,selected,0.49291666666666667,external_primary,True,233448,134739,98709,0.4178532264144478,0.4941140118935457,0.419943517904652,0.9882280237870914,0.2947083792806538,0.3609310861186283,0.35724486948234463,1.0,0,134739,1162,97547,0.9999999999999998,1.0,10000.0
iscx_url2016_binary,phiusiil,r06,rf,0.001,more_permissive_neighbor,0.4684999999999999,source_validation,False,6879,5388,1491,0.9985463003343509,0.9981018255038769,0.9959812458137978,0.9973172367538564,0.9978603165897845,0.9997202965379508,0.9993444916050371,0.0011135857461024498,5382,6,4,1487,0.0021519878803365343,0.0021967289956526374,11.135857461024498
iscx_url2016_binary,phiusiil,r06,rf,0.001,more_permissive_neighbor,0.4684999999999999,source_s3_test,True,6798,5303,1495,0.9477787584583701,0.9655677325322891,0.8094462540716613,0.9973244147157191,0.9295066293633198,0.9992392770672498,0.9986570125719169,0.06618894965114086,4952,351,4,1491,0.07202859135947257,0.07207788496602893,661.8894965114087
iscx_url2016_binary,phiusiil,r06,rf,0.001,more_permissive_neighbor,0.4684999999999999,external_primary,True,233448,134739,98709,0.4181016757479182,0.4944078047594444,0.42008831732259067,0.9888156095188888,0.2948319453380577,0.3609310861186283,0.35724486948234463,1.0,0,134739,1104,97605,0.9999999999999998,1.0,10000.0
iscx_url2016_binary,phiusiil,r06,rf,0.01,safer_neighbor,0.3275416666666666,source_validation,True,6879,5388,1491,0.9938944614042738,0.9953748101078632,0.9744597249508841,0.9979879275653923,0.9910864422404123,0.9997202965379508,0.9993444916050371,0.007238307349665924,5349,39,3,1488,0.009400745020727547,0.009443808670064401,72.38307349665924
iscx_url2016_binary,phiusiil,r06,rf,0.01,safer_neighbor,0.3275416666666666,source_s3_test,True,6798,5303,1495,0.7861135628125919,0.8621873023220907,0.5069656812776079,0.9979933110367893,0.756803326824332,0.9992392770672498,0.9986570125719169,0.27361870639260794,3852,1451,3,1492,0.28380205820416676,0.28387355780838613,2736.187063926079
iscx_url2016_binary,phiusiil,r06,rf,0.01,safer_neighbor,0.3275416666666666,external_primary,True,233448,134739,98709,0.4194338782084233,0.4959831423679705,0.42086351034794006,0.991966284735941,0.29549377723590975,0.3609310861186283,0.35724486948234463,1.0,0,134739,793,97916,0.9999999999999998,1.0,10000.0
iscx_url2016_binary,phiusiil,r06,rf,0.01,selected,0.3274166666666667,source_validation,True,6879,5388,1491,0.993749091437709,0.9952820112956879,0.9738219895287958,0.9979879275653923,0.9908763879605222,0.9997202965379508,0.9993444916050371,0.007423904974016332,5348,40,3,1488,0.009610052440123617,0.009653116415544515,74.23904974016332
iscx_url2016_binary,phiusiil,r06,rf,0.01,selected,0.3274166666666667,source_s3_test,True,6798,5303,1495,0.7861135628125919,0.8621873023220907,0.5069656812776079,0.9979933110367893,0.756803326824332,0.9992392770672498,0.9986570125719169,0.27361870639260794,3852,1451,3,1492,0.28380205820416676,0.28387355780838613,2736.187063926079
iscx_url2016_binary,phiusiil,r06,rf,0.01,selected,0.3274166666666667,external_primary,True,233448,134739,98709,0.4194424454268188,0.49599327315644975,0.42086848880540884,0.9919865463128995,0.29549802936933783,0.3609310861186283,0.35724486948234463,1.0,0,134739,791,97918,0.9999999999999998,1.0,10000.0
iscx_url2016_binary,phiusiil,r06,rf,0.01,more_permissive_neighbor,0.3225416666666666,source_validation,False,6879,5388,1491,0.9915685419392354,0.9938900291130599,0.9643551523007129,0.9979879275653923,0.9877374463281615,0.9997202965379508,0.9993444916050371,0.010207869339272457,5333,55,3,1488,0.012718942508456812,0.012762081661011287,102.07869339272457
iscx_url2016_binary,phiusiil,r06,rf,0.01,more_permissive_neighbor,0.3225416666666666,source_s3_test,True,6798,5303,1495,0.7862606649014416,0.8625217504826257,0.5071331521739131,0.9986622073578595,0.7569988016361869,0.9992392770672498,0.9986570125719169,0.27361870639260794,3852,1451,2,1493,0.28380205820416676,0.28387355780838613,2736.187063926079
iscx_url2016_binary,phiusiil,r06,rf,0.01,more_permissive_neighbor,0.3225416666666666,external_primary,True,233448,134739,98709,0.41949384873719203,0.4960540578873254,0.4208983577528592,0.9921081157746507,0.2955235410920459,0.3609310861186283,0.35724486948234463,1.0,0,134739,779,97930,0.9999999999999998,1.0,10000.0
iscx_url2016_binary,phiusiil,r06,xgb,0.001,safer_neighbor,0.30068764090538025,source_validation,True,6879,5388,1491,0.9989824102340457,0.9986227685339953,0.9973190348525469,0.9979879275653923,0.9985018585596803,0.9999692537805402,0.9998969225547513,0.0007423904974016332,5384,4,3,1488,0.0016525908019827933,0.0016980590445022546,7.423904974016332
iscx_url2016_binary,phiusiil,r06,xgb,0.001,safer_neighbor,0.30068764090538025,source_s3_test,True,6798,5303,1495,0.8364224771991762,0.8944332008700824,0.5736255286428297,0.9979933110367893,0.8057314967105262,0.9993097867869327,0.9989076517431469,0.20912690929662456,4194,1109,3,1492,0.2184600551469845,0.21852469257041815,2091.2690929662454
iscx_url2016_binary,phiusiil,r06,xgb,0.001,safer_neighbor,0.30068764090538025,external_primary,True,233448,134739,98709,0.4187827696103629,0.49521320244354616,0.4204848969690714,0.9904264048870923,0.2951704648382305,0.44276625774255024,0.4106347348113025,1.0,0,134739,945,97764,0.9999999999999998,1.0,10000.0
iscx_url2016_binary,phiusiil,r06,xgb,0.001,selected,0.2535422146320343,source_validation,True,6879,5388,1491,0.9988370402674808,0.9985299697218202,0.9966510381781648,0.9979879275653923,0.9982882532718276,0.9999692537805402,0.9998969225547513,0.0009279881217520415,5383,5,3,1488,0.0019051422661812134,0.001950196203570416,9.279881217520416
iscx_url2016_binary,phiusiil,r06,xgb,0.001,selected,0.2535422146320343,source_s3_test,True,6798,5303,1495,0.8070020594292439,0.8755759502572218,0.5326669046769011,0.9979933110367893,0.7767621793716586,0.9993097867869327,0.9989076517431469,0.24684141052234584,3994,1309,3,1492,0.2567079727431466,0.25677662922409106,2468.4141052234586
iscx_url2016_binary,phiusiil,r06,xgb,0.001,selected,0.2535422146320343,external_primary,True,233448,134739,98709,0.41897981563346015,0.49544621057856936,0.42059952956151175,0.9908924211571387,0.29526834068913055,0.44276625774255024,0.4106347348113025,1.0,0,134739,899,97810,0.9999999999999998,1.0,10000.0
iscx_url2016_binary,phiusiil,r06,xgb,0.001,more_permissive_neighbor,0.2369024008512497,source_validation,False,6879,5388,1491,0.9986916703009159,0.9984371709096449,0.9959839357429718,0.9979879275653923,0.998074751367531,0.9999692537805402,0.9998969225547513,0.0011135857461024498,5382,6,3,1488,0.0021519878803365343,0.0021967289956526374,11.135857461024498
iscx_url2016_binary,phiusiil,r06,xgb,0.001,more_permissive_neighbor,0.2369024008512497,source_s3_test,True,6798,5303,1495,0.7997940570756105,0.8709559238570709,0.5235087719298246,0.9979933110367893,0.7698235839026639,0.9993097867869327,0.9989076517431469,0.2560814633226476,3945,1358,3,1492,0.26606278295679103,0.2661324215043641,2560.814633226476
iscx_url2016_binary,phiusiil,r06,xgb,0.001,more_permissive_neighbor,0.2369024008512497,external_primary,True,233448,134739,98709,0.41907833864500876,0.4955627146460809,0.4206568288530004,0.9911254292921619,0.2953172684216722,0.44276625774255024,0.4106347348113025,1.0,0,134739,876,97833,0.9999999999999998,1.0,10000.0
iscx_url2016_binary,phiusiil,r06,xgb,0.01,safer_neighbor,0.0662333145737648,source_validation,True,6879,5388,1491,0.9921500218054949,0.9945037709553535,0.9662556781310837,0.9986586183769283,0.9885777389983258,0.9999692537805402,0.9998969225547513,0.009651076466221232,5336,52,2,1489,0.012101174486277443,0.012144290277718961,96.51076466221231
iscx_url2016_binary,phiusiil,r06,xgb,0.01,safer_neighbor,0.0662333145737648,source_s3_test,True,6798,5303,1495,0.7631656369520448,0.8477188087515302,0.4814575943244115,0.9986622073578595,0.7354032492022049,0.9993097867869327,0.9989076517431469,0.30322458985479916,3695,1608,2,1493,0.3137051047711614,0.31377973752600946,3032.2458985479916
iscx_url2016_binary,phiusiil,r06,xgb,0.01,safer_neighbor,0.0662333145737648,external_primary,True,233448,134739,98709,0.42037198862273395,0.49709246370645027,0.42140814345955324,0.9941849274129005,0.2959590811350401,0.44276625774255024,0.4106347348113025,1.0,0,134739,574,98135,0.9999999999999998,1.0,10000.0
iscx_url2016_binary,phiusiil,r06,xgb,0.01,selected,0.06561528891324997,source_validation,True,6879,5388,1491,0.99200465183893,0.9944109721431783,0.9656290531776913,0.9986586183769283,0.9883689670039819,0.9999692537805402,0.9998969225547513,0.00983667409057164,5335,53,2,1489,0.012307292341334828,0.012350415552132126,98.36674090571641
iscx_url2016_binary,phiusiil,r06,xgb,0.01,selected,0.06561528891324997,source_s3_test,True,6798,5303,1495,0.763018534863195,0.8476245224984659,0.4813023855577047,0.9986622073578595,0.7352670829473402,0.9993097867869327,0.9989076517431469,0.3034131623609278,3694,1609,2,1493,0.31389540202725186,0.31397005470331213,3034.131623609278
iscx_url2016_binary,phiusiil,r06,xgb,0.01,selected,0.06561528891324997,external_primary,True,233448,134739,98709,0.42037627223193175,0.4970975291006899,0.42141062801932366,0.9941950582013798,0.29596120440069484,0.44276625774255024,0.4106347348113025,1.0,0,134739,573,98136,0.9999999999999998,1.0,10000.0
iscx_url2016_binary,phiusiil,r06,xgb,0.01,more_permissive_neighbor,0.06462640315294266,source_validation,False,6879,5388,1491,0.9918592818723652,0.9943181733310031,0.9650032404407,0.9986586183769283,0.9881602930065008,0.9999692537805402,0.9998969225547513,0.01002227171492205,5334,54,2,1489,0.012513213240251593,0.012556344243744272,100.2227171492205
iscx_url2016_binary,phiusiil,r06,xgb,0.01,more_permissive_neighbor,0.06462640315294266,source_s3_test,True,6798,5303,1495,0.7627243306854957,0.8474359499923372,0.4809922680412371,0.9986622073578595,0.7349947989476233,0.9993097867869327,0.9989076517431469,0.30379030737318496,3692,1611,2,1493,0.31427599034643544,0.3143506828635745,3037.90307373185
iscx_url2016_binary,phiusiil,r06,xgb,0.01,more_permissive_neighbor,0.06462640315294266,external_primary,True,233448,134739,98709,0.4203934066687228,0.49711779067764844,0.4214205660450277,0.9942355813552969,0.29596969733524736,0.44276625774255024,0.4106347348113025,1.0,0,134739,569,98140,0.9999999999999998,1.0,10000.0
iscx_url2016_binary,phiusiil,r07,lr,0.001,safer_neighbor,0.6725112936129507,source_validation,True,6879,5388,1491,0.9934583515045792,0.9858796431148136,0.9972489683631361,0.9725016767270288,0.9902791034560832,0.9951640055627006,0.9918030877952546,0.0007423904974016332,5384,4,41,1450,0.0016525908019827933,0.0016980590445022546,7.423904974016332
iscx_url2016_binary,phiusiil,r07,lr,0.001,safer_neighbor,0.6725112936129507,source_s3_test,True,6798,5303,1495,0.776551927037364,0.8495743243711991,0.495937711577522,0.979933110367893,0.7462547920195509,0.8007387753634752,0.5040205056727303,0.28078446162549503,3814,1489,30,1465,0.2910446586222501,0.2911169175692261,2807.8446162549503
iscx_url2016_binary,phiusiil,r07,lr,0.001,safer_neighbor,0.6725112936129507,external_primary,True,233297,134739,98558,0.4056117309695367,0.4800502407768583,0.4125546655969723,0.9600336857484932,0.28861927102866985,0.4412588495294436,0.5090540413489386,0.9999332041947766,9,134730,3939,94619,0.9999611382191232,0.9999651527388338,9999.332041947766
iscx_url2016_binary,phiusiil,r07,lr,0.001,selected,0.6705621814925132,source_validation,True,6879,5388,1491,0.9933129815380143,0.9857868443026384,0.9965635738831615,0.9725016767270288,0.9900655378010252,0.9951640055627006,0.9918030877952546,0.0009279881217520415,5383,5,41,1450,0.0019051422661812134,0.001950196203570416,9.279881217520416
iscx_url2016_binary,phiusiil,r07,lr,0.001,selected,0.6705621814925132,source_s3_test,True,6798,5303,1495,0.7764048249485143,0.8497202000256054,0.4957727426445722,0.9806020066889632,0.7461755959750315,0.8007387753634752,0.5040205056727303,0.2811616066377522,3812,1491,29,1466,0.29142575903218576,0.2914980579269641,2811.6160663775217
iscx_url2016_binary,phiusiil,r07,lr,0.001,selected,0.6705621814925132,external_primary,True,233297,134739,98558,0.40568031307732205,0.4801314112551554,0.4125956444967628,0.9601960267050874,0.28865399132983915,0.4412588495294436,0.5090540413489386,0.9999332041947766,9,134730,3923,94635,0.9999611382191232,0.9999651527388338,9999.332041947766
iscx_url2016_binary,phiusiil,r07,lr,0.001,more_permissive_neighbor,0.6666707729897254,source_validation,False,6879,5388,1491,0.9930222416048844,0.985601246678288,0.9951956074124915,0.9725016767270288,0.9896387208687869,0.9951640055627006,0.9918030877952546,0.0012991833704528583,5381,7,41,1450,0.002394371329944868,0.002438866553210992,12.991833704528583
iscx_url2016_binary,phiusiil,r07,lr,0.001,more_permissive_neighbor,0.6666707729897254,source_s3_test,True,6798,5303,1495,0.776551927037364,0.8500546481861406,0.49594320486815413,0.9812709030100334,0.7463718118625147,0.8007387753634752,0.5040205056727303,0.2811616066377522,3812,1491,28,1467,0.29142575903218576,0.2914980579269641,2811.6160663775217
iscx_url2016_binary,phiusiil,r07,lr,0.001,more_permissive_neighbor,0.6666707729897254,external_primary,True,233297,134739,98558,0.4058303364381025,0.48030897167643016,0.41268526591107235,0.9605511475476369,0.2887299301863059,0.4412588495294436,0.5090540413489386,0.9999332041947766,9,134730,3888,94670,0.9999611382191232,0.9999651527388338,9999.332041947766
iscx_url2016_binary,phiusiil,r07,lr,0.01,safer_neighbor,0.624225295067377,source_validation,True,6879,5388,1491,0.9885157726413722,0.9853924960303768,0.9675496688741722,0.9798792756539235,0.983165693242781,0.9951640055627006,0.9918030877952546,0.009094283593170008,5339,49,30,1461,0.011481582022696852,0.011524677983511969,90.94283593170007
iscx_url2016_binary,phiusiil,r07,lr,0.01,safer_neighbor,0.624225295067377,source_s3_test,True,6798,5303,1495,0.7756693145042659,0.8502094163901672,0.494949494949495,0.9832775919732442,0.7457205883308807,0.8007387753634752,0.5040205056727303,0.28285875919290965,3803,1500,25,1470,0.2931406017432908,0.2932130803813484,2828.5875919290966
iscx_url2016_binary,phiusiil,r07,lr,0.01,safer_neighbor,0.624225295067377,external_primary,True,233297,134739,98558,0.4071205373408145,0.48183735357621893,0.41345563619108155,0.9636153331033503,0.28937639200032544,0.4412588495294436,0.5090540413489386,0.9999406259509125,8,134731,3586,94972,0.9999665443454929,0.9999704549730399,9999.406259509125
iscx_url2016_binary,phiusiil,r07,lr,0.01,selected,0.6232896279352387,source_validation,True,6879,5388,1491,0.9880796627416776,0.9851140995938512,0.9656311962987442,0.9798792756539235,0.9825389964208654,0.9951640055627006,0.9918030877952546,0.009651076466221232,5336,52,30,1461,0.012101174486277443,0.012144290277718961,96.51076466221231
iscx_url2016_binary,phiusiil,r07,lr,0.01,selected,0.6232896279352387,source_s3_test,True,6798,5303,1495,0.7756693145042659,0.8502094163901672,0.494949494949495,0.9832775919732442,0.7457205883308807,0.8007387753634752,0.5040205056727303,0.28285875919290965,3803,1500,25,1470,0.2931406017432908,0.2932130803813484,2828.5875919290966
iscx_url2016_binary,phiusiil,r07,lr,0.01,selected,0.6232896279352387,external_primary,True,233297,134739,98558,0.4071548283947072,0.48187793881536745,0.41347606340140436,0.9636965035816474,0.28939371483454907,0.4412588495294436,0.5090540413489386,0.9999406259509125,8,134731,3578,94980,0.9999665443454929,0.9999704549730399,9999.406259509125
iscx_url2016_binary,phiusiil,r07,lr,0.01,more_permissive_neighbor,0.6232818465387483,source_validation,False,6879,5388,1491,0.9877889228085478,0.9849285019695007,0.9643564356435643,0.9798792756539235,0.9821216941117765,0.9951640055627006,0.9918030877952546,0.01002227171492205,5334,54,30,1461,0.012513213240251593,0.012556344243744272,100.2227171492205
iscx_url2016_binary,phiusiil,r07,lr,0.01,more_permissive_neighbor,0.6232818465387483,source_s3_test,True,6798,5303,1495,0.7756693145042659,0.8502094163901672,0.494949494949495,0.9832775919732442,0.7457205883308807,0.8007387753634752,0.5040205056727303,0.28285875919290965,3803,1500,25,1470,0.2931406017432908,0.2932130803813484,2828.5875919290966
iscx_url2016_binary,phiusiil,r07,lr,0.01,more_permissive_neighbor,0.6232818465387483,external_primary,True,233297,134739,98558,0.4071548283947072,0.48187793881536745,0.41347606340140436,0.9636965035816474,0.28939371483454907,0.4412588495294436,0.5090540413489386,0.9999406259509125,8,134731,3578,94980,0.9999665443454929,0.9999704549730399,9999.406259509125
iscx_url2016_binary,phiusiil,r07,rf,0.001,safer_neighbor,0.4040051320388964,source_validation,True,6879,5388,1491,0.9991277802006105,0.9989581139397633,0.9973208305425318,0.9986586183769283,0.9987161899538707,0.9999584241404875,0.9998745375241332,0.0007423904974016332,5384,4,2,1489,0.0016525908019827933,0.0016980590445022546,7.423904974016332
iscx_url2016_binary,phiusiil,r07,rf,0.001,safer_neighbor,0.4040051320388964,source_s3_test,True,6798,5303,1495,0.8859958811415122,0.9262076681527526,0.6590106007067138,0.9979933110367893,0.8575219818070463,0.9994450039953405,0.9989929136741569,0.14557797473128417,4531,772,3,1492,0.15372491153673462,0.15378274041254728,1455.7797473128417
iscx_url2016_binary,phiusiil,r07,rf,0.001,safer_neighbor,0.4040051320388964,external_primary,True,233297,134739,98558,0.4180636699143152,0.49480001623409564,0.4199085554866708,0.9896000324681913,0.2948130459752743,0.409284405074898,0.3792577272772168,1.0,0,134739,1025,97533,0.9999999999999998,1.0,10000.0
iscx_url2016_binary,phiusiil,r07,rf,0.001,selected,0.403010686963748,source_validation,True,6879,5388,1491,0.9989824102340457,0.9988653151275881,0.9966532797858099,0.9986586183769283,0.9985025843969686,0.9999584241404875,0.9998745375241332,0.0009279881217520415,5383,5,2,1489,0.0019051422661812134,0.001950196203570416,9.279881217520416
iscx_url2016_binary,phiusiil,r07,rf,0.001,selected,0.403010686963748,source_s3_test,True,6798,5303,1495,0.8833480435422183,0.9245105155975951,0.6538124452234881,0.9979933110367893,0.854641610448563,0.9994450039953405,0.9989929136741569,0.14897227984159908,4513,790,3,1492,0.15719372039741447,0.15725191397135116,1489.7227984159908
iscx_url2016_binary,phiusiil,r07,rf,0.001,selected,0.403010686963748,external_primary,True,233297,134739,98558,0.4180636699143152,0.49480001623409564,0.4199085554866708,0.9896000324681913,0.2948130459752743,0.409284405074898,0.3792577272772168,1.0,0,134739,1025,97533,0.9999999999999998,1.0,10000.0
iscx_url2016_binary,phiusiil,r07,rf,0.001,more_permissive_neighbor,0.395,source_validation,False,6879,5388,1491,0.9986916703009159,0.9986797175032377,0.9953208556149733,0.9986586183769283,0.9980756832045726,0.9999584241404875,0.9998745375241332,0.0012991833704528583,5381,7,2,1489,0.002394371329944868,0.002438866553210992,12.991833704528583
iscx_url2016_binary,phiusiil,r07,rf,0.001,more_permissive_neighbor,0.395,source_s3_test,True,6798,5303,1495,0.8609885260370698,0.910179005131821,0.6129827444535744,0.9979933110367893,0.8308627670477551,0.9994450039953405,0.9989929136741569,0.17763530077314726,4361,942,3,1492,0.1864320796051052,0.18649334844537777,1776.3530077314726
iscx_url2016_binary,phiusiil,r07,rf,0.001,more_permissive_neighbor,0.395,external_primary,True,233297,134739,98558,0.4181836886029396,0.4949420645711155,0.41997847610848044,0.989884129142231,0.2948727248547715,0.409284405074898,0.3792577272772168,1.0,0,134739,997,97561,0.9999999999999998,1.0,10000.0
iscx_url2016_binary,phiusiil,r07,rf,0.01,safer_neighbor,0.31446694305493034,source_validation,True,6879,5388,1491,0.9930222416048844,0.9953031104219974,0.9694209499024072,0.9993293091884641,0.9898372567438298,0.9999584241404875,0.9998745375241332,0.008723088344469191,5341,47,1,1490,0.01106742572489981,0.011110510699242898,87.23088344469191
iscx_url2016_binary,phiusiil,r07,rf,0.01,safer_neighbor,0.31446694305493034,source_s3_test,True,6798,5303,1495,0.7897911150338335,0.8650247824636399,0.5112936344969199,0.9993311036789297,0.7603979001097656,0.9994450039953405,0.9989929136741569,0.26928153875165,3875,1428,1,1494,0.2794167957332516,0.27948783542739647,2692.8153875165
iscx_url2016_binary,phiusiil,r07,rf,0.01,safer_neighbor,0.31446694305493034,external_primary,True,233297,134739,98558,0.4190795423858858,0.4960023539438706,0.420499851618647,0.9920047078877412,0.29531786617210415,0.409284405074898,0.3792577272772168,1.0,0,134739,788,97770,0.9999999999999998,1.0,10000.0
iscx_url2016_binary,phiusiil,r07,rf,0.01,selected,0.31103172964029613,source_validation,True,6879,5388,1491,0.9925861317051897,0.9950247139854718,0.9675324675324676,0.9993293091884641,0.9892097559241249,0.9999584241404875,0.9998745375241332,0.009279881217520415,5338,50,1,1490,0.011688325321353134,0.011731427467781759,92.79881217520415
iscx_url2016_binary,phiusiil,r07,rf,0.01,selected,0.31103172964029613,source_s3_test,True,6798,5303,1495,0.7883200941453369,0.8640819199329968,0.509549795361528,0.9993311036789297,0.7590036530857713,0.9994450039953405,0.9989929136741569,0.2711672638129361,3865,1438,1,1494,0.2813235799036046,0.28139481958711315,2711.672638129361
iscx_url2016_binary,phiusiil,r07,rf,0.01,selected,0.31103172964029613,external_primary,True,233297,134739,98558,0.4191309789667248,0.4960632318025934,0.4205297586024488,0.9921264636051867,0.2953434074646837,0.409284405074898,0.3792577272772168,1.0,0,134739,776,97782,0.9999999999999998,1.0,10000.0
iscx_url2016_binary,phiusiil,r07,rf,0.01,more_permissive_neighbor,0.30946694305493033,source_validation,False,6879,5388,1491,0.9906963221398459,0.9938183294271942,0.9594333547971667,0.9993293091884641,0.9865007701125206,0.9999584241404875,0.9998745375241332,0.011692650334075724,5325,63,1,1490,0.01435844483596705,0.014401660284709331,116.92650334075724
iscx_url2016_binary,phiusiil,r07,rf,0.01,more_permissive_neighbor,0.30946694305493033,source_s3_test,True,6798,5303,1495,0.7881729920564872,0.8639876336799326,0.5093760654619843,0.9993311036789297,0.7588643425701272,0.9994450039953405,0.9989929136741569,0.2713558363190647,3864,1439,1,1494,0.28151424573822303,0.2815855054182609,2713.558363190647
iscx_url2016_binary,phiusiil,r07,rf,0.01,more_permissive_neighbor,0.30946694305493033,external_primary,True,233297,134739,98558,0.4191524108754077,0.4960885975770612,0.42054221893465676,0.9921771951541224,0.2953540491234853,0.409284405074898,0.3792577272772168,1.0,0,134739,771,97787,0.9999999999999998,1.0,10000.0
iscx_url2016_binary,phiusiil,r07,xgb,0.001,safer_neighbor,0.20105649530887604,source_validation,True,6879,5388,1491,0.9994185201337403,0.9996288047512991,0.9973244147157191,1.0,0.999144541092744,1.0,1.0,0.0007423904974016332,5384,4,0,1491,0.0016525908019827933,0.0016980590445022546,7.423904974016332
iscx_url2016_binary,phiusiil,r07,xgb,0.001,safer_neighbor,0.20105649530887604,source_s3_test,True,6798,5303,1495,0.7846425419240953,0.8612444397914476,0.5052488994243143,0.9979933110367893,0.755414164514475,0.9990875361141576,0.9983171877379253,0.275504431453894,3842,1461,3,1492,0.2857083194405432,0.2857800189333381,2755.0443145389404
iscx_url2016_binary,phiusiil,r07,xgb,0.001,safer_neighbor,0.20105649530887604,external_primary,True,233297,134739,98558,0.4186594769757005,0.4955051847643012,0.4202554956520991,0.9910103695286024,0.29510920962386206,0.3509893412080041,0.3714746215076259,1.0,0,134739,886,97672,0.9999999999999998,1.0,10000.0
iscx_url2016_binary,phiusiil,r07,xgb,0.001,selected,0.15224608778953552,source_validation,True,6879,5388,1491,0.9992731501671754,0.9995360059391241,0.9966577540106952,1.0,0.9989309351136515,1.0,1.0,0.0009279881217520415,5383,5,0,1491,0.0019051422661812134,0.001950196203570416,9.279881217520416
iscx_url2016_binary,phiusiil,r07,xgb,0.001,selected,0.15224608778953552,source_s3_test,True,6798,5303,1495,0.7781700500147102,0.8570958446566184,0.49783116449783116,0.9979933110367893,0.7493252992627393,0.9990875361141576,0.9983171877379253,0.2838016217235527,3798,1505,3,1492,0.2940932152229891,0.29416579370297347,2838.016217235527
iscx_url2016_binary,phiusiil,r07,xgb,0.001,selected,0.15224608778953552,external_primary,True,233297,134739,98558,0.41892951902510533,0.49582479352259584,0.4204126052805905,0.9916495870451917,0.29524336015853453,0.3509893412080041,0.3714746215076259,1.0,0,134739,823,97735,0.9999999999999998,1.0,10000.0
iscx_url2016_binary,phiusiil,r07,xgb,0.001,more_permissive_neighbor,0.14774666726589203,source_validation,False,6879,5388,1491,0.9991277802006105,0.9994432071269488,0.9959919839679359,1.0,0.9987174324037096,1.0,1.0,0.0011135857461024498,5382,6,0,1491,0.0021519878803365343,0.0021967289956526374,11.135857461024498
iscx_url2016_binary,phiusiil,r07,xgb,0.001,more_permissive_neighbor,0.14774666726589203,source_s3_test,True,6798,5303,1495,0.7771403353927626,0.8564358408851682,0.4966711051930759,0.9979933110367893,0.7483600413151061,0.9990875361141576,0.9983171877379253,0.28512162926645296,3791,1512,3,1492,0.295426782185372,0.295499500425495,2851.2162926645296
iscx_url2016_binary,phiusiil,r07,xgb,0.001,more_permissive_neighbor,0.14774666726589203,external_primary,True,233297,134739,98558,0.41895523731552486,0.49585523245195723,0.4204275636613902,0.9917104649039145,0.2952561337369124,0.3509893412080041,0.3714746215076259,1.0,0,134739,817,97741,0.9999999999999998,1.0,10000.0
iscx_url2016_binary,phiusiil,r07,xgb,0.01,safer_neighbor,0.03180108591914177,source_validation,True,6879,5388,1491,0.9925861317051897,0.9952672605790646,0.9669260700389105,1.0,0.9892148603127832,1.0,1.0,0.009465478841870824,5337,51,0,1491,0.0118948540961642,0.011937962859700184,94.65478841870824
iscx_url2016_binary,phiusiil,r07,xgb,0.01,safer_neighbor,0.03180108591914177,source_s3_test,True,6798,5303,1495,0.7328626066490144,0.8285360025277545,0.4514959202175884,0.9993311036789297,0.7077151357793285,0.9990875361141576,0.9983171877379253,0.3422590986234207,3488,1815,1,1494,0.35305405878212265,0.3531328055534224,3422.590986234207
iscx_url2016_binary,phiusiil,r07,xgb,0.01,safer_neighbor,0.03180108591914177,external_primary,True,233297,134739,98558,0.41993253235146616,0.4970119117676901,0.4209954105574368,0.9940238235353802,0.29574118684078654,0.3509893412080041,0.3714746215076259,1.0,0,134739,589,97969,0.9999999999999998,1.0,10000.0
iscx_url2016_binary,phiusiil,r07,xgb,0.01,selected,0.030525032430887222,source_validation,True,6879,5388,1491,0.9924407617386248,0.9951744617668894,0.966299416720674,1.0,0.9890059863631793,1.0,1.0,0.009651076466221232,5336,52,0,1491,0.012101174486277443,0.012144290277718961,96.51076466221231
iscx_url2016_binary,phiusiil,r07,xgb,0.01,selected,0.030525032430887222,source_s3_test,True,6798,5303,1495,0.7312444836716682,0.8274988537440472,0.45,0.9993311036789297,0.7062489423319465,0.9990875361141576,0.9983171877379253,0.34433339619083536,3477,1826,1,1494,0.35514274952419644,0.3552217143635016,3443.3339619083536
iscx_url2016_binary,phiusiil,r07,xgb,0.01,selected,0.030525032430887222,external_primary,True,233297,134739,98558,0.4199582506418857,0.4970423506970515,0.42101033887088873,0.994084701394103,0.2957539423796759,0.3509893412080041,0.3714746215076259,1.0,0,134739,583,97975,0.9999999999999998,1.0,10000.0
iscx_url2016_binary,phiusiil,r07,xgb,0.01,more_permissive_neighbor,0.02999383583664894,source_validation,False,6879,5388,1491,0.9921500218054949,0.994988864142539,0.9650485436893204,1.0,0.9885885324621608,1.0,1.0,0.01002227171492205,5334,54,0,1491,0.012513213240251593,0.012556344243744272,100.2227171492205
iscx_url2016_binary,phiusiil,r07,xgb,0.01,more_permissive_neighbor,0.02999383583664894,source_s3_test,True,6798,5303,1495,0.7302147690497205,0.826838849972597,0.44905320108205593,0.9993311036789297,0.7053166112274898,0.9990875361141576,0.9983171877379253,0.3456534037337356,3470,1833,1,1494,0.3564717984717811,0.3565509020522429,3456.534037337356
iscx_url2016_binary,phiusiil,r07,xgb,0.01,more_permissive_neighbor,0.02999383583664894,external_primary,True,233297,134739,98558,0.41996682340535885,0.4970524970068386,0.4210153148043108,0.9941049940136772,0.2957581941232937,0.3509893412080041,0.3714746215076259,1.0,0,134739,581,97977,0.9999999999999998,1.0,10000.0
iscx_url2016_binary,phiusiil,r08,lr,0.001,safer_neighbor,0.9999992345553604,source_validation,True,6798,5303,1495,0.8061194468961459,0.5603981339520698,0.9732620320855615,0.12173913043478261,0.5528914413782324,0.8068640392230813,0.5213809453612359,0.0009428625306430323,5298,5,1313,182,0.0019356587371852768,0.0019814389889635502,9.428625306430323
iscx_url2016_binary,phiusiil,r08,lr,0.001,safer_neighbor,0.9999992345553604,source_s3_test,True,6879,5388,1491,0.8632068614624219,0.6844399731723676,1.0,0.3688799463447351,0.7293204173201608,0.995342383427016,0.9908453209962396,0.0,5388,0,941,550,0.0005018904171793875,0.0005558462533632138,0.0
iscx_url2016_binary,phiusiil,r08,lr,0.001,safer_neighbor,0.9999992345553604,external_primary,True,234378,134739,99639,0.6142044048502846,0.5546261319373894,0.7092015071042717,0.15679603368159054,0.49814877943508207,0.3664115569035239,0.45976656262752796,0.047543769806811687,128333,6406,84016,15623,0.04850645275349282,0.04850826639916091,475.43769806811684
iscx_url2016_binary,phiusiil,r08,lr,0.001,selected,0.9999991878693192,source_validation,True,6798,5303,1495,0.8062665489849956,0.5607325821126049,0.973404255319149,0.12240802675585284,0.5534586536704835,0.8068640392230813,0.5213809453612359,0.0009428625306430323,5298,5,1312,183,0.0019356587371852768,0.0019814389889635502,9.428625306430323
iscx_url2016_binary,phiusiil,r08,lr,0.001,selected,0.9999991878693192,source_s3_test,True,6879,5388,1491,0.8634976013955517,0.6851106639839034,1.0,0.3702213279678068,0.7301140711576897,0.995342383427016,0.9908453209962396,0.0,5388,0,939,552,0.0005018904171793875,0.0005558462533632138,0.0
iscx_url2016_binary,phiusiil,r08,lr,0.001,selected,0.9999991878693192,external_primary,True,234378,134739,99639,0.6139228084547185,0.554599522618782,0.703999286637835,0.15847208422404882,0.4988506230081849,0.3664115569035239,0.45976656262752796,0.04927303898648498,128100,6639,83849,15790,0.050251991057943576,0.05025381197074248,492.7303898648498
iscx_url2016_binary,phiusiil,r08,lr,0.001,more_permissive_neighbor,0.9999990479289218,source_validation,False,6798,5303,1495,0.8061194468961459,0.5606382958595406,0.9682539682539683,0.12240802675585284,0.5533474697265298,0.8068640392230813,0.5213809453612359,0.0011314350367716388,5297,6,1312,183,0.0021864573516143637,0.002231920222397678,11.314350367716388
iscx_url2016_binary,phiusiil,r08,lr,0.001,more_permissive_neighbor,0.9999990479289218,source_s3_test,True,6879,5388,1491,0.8637883413286815,0.6857813547954393,1.0,0.3715627095908786,0.7309063529812548,0.995342383427016,0.9908453209962396,0.0,5388,0,937,554,0.0005018904171793875,0.0005558462533632138,0.0
iscx_url2016_binary,phiusiil,r08,lr,0.001,more_permissive_neighbor,0.9999990479289218,external_primary,True,234378,134739,99639,0.613338282603316,0.5547107628172329,0.6916730458450285,0.16322925762000823,0.5009519485800435,0.3664115569035239,0.45976656262752796,0.053807731985542416,127489,7250,83375,16264,0.054827817408399024,0.05482965739460954,538.0773198554242
iscx_url2016_binary,phiusiil,r08,lr,0.01,safer_neighbor,0.9999650403010142,source_validation,True,6798,5303,1495,0.811268020005884,0.5833914292219271,0.8354430379746836,0.1765886287625418,0.5913422124306582,0.8068640392230813,0.5213809453612359,0.009805770318687535,5251,52,1231,264,0.012294868594507628,0.012338697906062448,98.05770318687534
iscx_url2016_binary,phiusiil,r08,lr,0.01,safer_neighbor,0.9999650403010142,source_s3_test,True,6879,5388,1491,0.8713475795900567,0.7032193158953722,1.0,0.40643863179074446,0.7510372604032443,0.995342383427016,0.9908453209962396,0.0,5388,0,885,606,0.0005018904171793875,0.0005558462533632138,0.0
iscx_url2016_binary,phiusiil,r08,lr,0.01,safer_neighbor,0.9999650403010142,external_primary,True,234378,134739,99639,0.368345151848723,0.3789592096696246,0.3246745720722352,0.44983390038037313,0.3682191465640908,0.3664115569035239,0.45976656262752796,0.691915481041124,41511,93228,54818,44821,0.6939805224863117,0.6939850404534279,6919.15481041124
iscx_url2016_binary,phiusiil,r08,lr,0.01,selected,0.9999645053061833,source_validation,True,6798,5303,1495,0.8111209179170344,0.5832971429688628,0.832807570977918,0.1765886287625418,0.5912147125072497,0.8068640392230813,0.5213809453612359,0.009994342824816142,5250,53,1231,264,0.012504283516602712,0.012548120729920856,99.94342824816142
iscx_url2016_binary,phiusiil,r08,lr,0.01,selected,0.9999645053061833,source_s3_test,True,6879,5388,1491,0.8713475795900567,0.7032193158953722,1.0,0.40643863179074446,0.7510372604032443,0.995342383427016,0.9908453209962396,0.0,5388,0,885,606,0.0005018904171793875,0.0005558462533632138,0.0
iscx_url2016_binary,phiusiil,r08,lr,0.01,selected,0.9999645053061833,external_primary,True,234378,134739,99639,0.3676582273080238,0.37872647751536476,0.3250028825089358,0.4526340087716657,0.3674713136344496,0.3664115569035239,0.45976656262752796,0.6951810537409362,41071,93668,54539,45100,0.6972398863506828,0.697244417855327,6951.810537409362
iscx_url2016_binary,phiusiil,r08,lr,0.01,more_permissive_neighbor,0.9999641839151934,source_validation,False,6798,5303,1495,0.8109738158281847,0.5832028567157985,0.8301886792452831,0.1765886287625418,0.5910872933459953,0.8068640392230813,0.5213809453612359,0.010182915330944748,5249,54,1231,264,0.012713498278419146,0.012757343772344222,101.82915330944748
iscx_url2016_binary,phiusiil,r08,lr,0.01,more_permissive_neighbor,0.9999641839151934,source_s3_test,True,6879,5388,1491,0.8713475795900567,0.7032193158953722,1.0,0.40643863179074446,0.7510372604032443,0.995342383427016,0.9908453209962396,0.0,5388,0,885,606,0.0005018904171793875,0.0005558462533632138,0.0
iscx_url2016_binary,phiusiil,r08,lr,0.01,more_permissive_neighbor,0.9999641839151934,external_primary,True,234378,134739,99639,0.36334468252139707,0.37518785947321265,0.32306484422397486,0.4542699143909513,0.3630107953592735,0.3664115569035239,0.45976656262752796,0.7038941954445261,39897,94842,54376,45263,0.7059358593576439,0.7059404269652567,7038.941954445261
iscx_url2016_binary,phiusiil,r08,rf,0.001,safer_neighbor,0.5874999999999999,source_validation,True,6798,5303,1495,0.9988231832892027,0.9982850623456023,0.9973244147157191,0.9973244147157191,0.9982850623456023,0.9997228804040372,0.9994090520387381,0.0007542900245144258,5299,4,4,1491,0.0016790627026572688,0.0017252634333790899,7.542900245144257
iscx_url2016_binary,phiusiil,r08,rf,0.001,safer_neighbor,0.5874999999999999,source_s3_test,True,6879,5388,1491,0.9997092600668702,0.9993293091884641,1.0,0.9986586183769283,0.9995716479380692,0.9999976349061954,0.999991509020362,0.0,5388,0,2,1489,0.0005018904171793875,0.0005558462533632138,0.0
iscx_url2016_binary,phiusiil,r08,rf,0.001,safer_neighbor,0.5874999999999999,external_primary,True,234378,134739,99639,0.4183199788376042,0.49200112405784885,0.4211844456663688,0.9840022481156977,0.2949404824575917,0.3663880830178571,0.3618941629829404,1.0,0,134739,1594,98045,0.9999999999999998,1.0,10000.0
iscx_url2016_binary,phiusiil,r08,rf,0.001,selected,0.5858333333333333,source_validation,True,6798,5303,1495,0.998676081200353,0.998190776092538,0.9966577540106952,0.9973244147157191,0.9980711583122777,0.9997228804040372,0.9994090520387381,0.0009428625306430323,5298,5,4,1491,0.0019356587371852768,0.0019814389889635502,9.428625306430323
iscx_url2016_binary,phiusiil,r08,rf,0.001,selected,0.5858333333333333,source_s3_test,True,6879,5388,1491,0.9997092600668702,0.9993293091884641,1.0,0.9986586183769283,0.9995716479380692,0.9999976349061954,0.999991509020362,0.0,5388,0,2,1489,0.0005018904171793875,0.0005558462533632138,0.0
iscx_url2016_binary,phiusiil,r08,rf,0.001,selected,0.5858333333333333,external_primary,True,234378,134739,99639,0.41839251124252275,0.49208643201959074,0.4212267129436729,0.9841728640391815,0.2949765371194802,0.3663880830178571,0.3618941629829404,1.0,0,134739,1577,98062,0.9999999999999998,1.0,10000.0
iscx_url2016_binary,phiusiil,r08,rf,0.001,more_permissive_neighbor,0.5824999999999999,source_validation,False,6798,5303,1495,0.9985289791115034,0.9980964898394737,0.9959919839679359,0.9973244147157191,0.9978573568242839,0.9997228804040372,0.9994090520387381,0.0011314350367716388,5297,6,4,1491,0.0021864573516143637,0.002231920222397678,11.314350367716388
iscx_url2016_binary,phiusiil,r08,rf,0.001,more_permissive_neighbor,0.5824999999999999,source_s3_test,True,6879,5388,1491,0.9997092600668702,0.9993293091884641,1.0,0.9986586183769283,0.9995716479380692,0.9999976349061954,0.999991509020362,0.0,5388,0,2,1489,0.0005018904171793875,0.0005558462533632138,0.0
iscx_url2016_binary,phiusiil,r08,rf,0.001,more_permissive_neighbor,0.5824999999999999,external_primary,True,234378,134739,99639,0.41845651042333326,0.49216170375053947,0.42126400247405676,0.9843234075010789,0.29500834699433004,0.3663880830178571,0.3618941629829404,1.0,0,134739,1562,98077,0.9999999999999998,1.0,10000.0
iscx_url2016_binary,phiusiil,r08,rf,0.01,safer_neighbor,0.5111913531870428,source_validation,True,6798,5303,1495,0.9919093851132686,0.9940937703590509,0.966321243523316,0.9979933110367893,0.9883460640170724,0.9997228804040372,0.9994090520387381,0.009805770318687535,5251,52,3,1492,0.012294868594507628,0.012338697906062448,98.05770318687534
iscx_url2016_binary,phiusiil,r08,rf,0.01,safer_neighbor,0.5111913531870428,source_s3_test,True,6879,5388,1491,0.9995638901003053,0.9992365103762889,0.9993288590604027,0.9986586183769283,0.9993576278479176,0.9999976349061954,0.999991509020362,0.0001855976243504083,5387,1,2,1489,0.0008314928913130059,0.000880144152653755,1.855976243504083
iscx_url2016_binary,phiusiil,r08,rf,0.01,safer_neighbor,0.5111913531870428,external_primary,True,234378,134739,99639,0.4197535604877591,0.4936872108311003,0.4220187028140014,0.9873744216622006,0.2956524091008808,0.3663880830178571,0.3618941629829404,1.0,0,134739,1258,98381,0.9999999999999998,1.0,10000.0
iscx_url2016_binary,phiusiil,r08,rf,0.01,selected,0.5104166666666667,source_validation,True,6798,5303,1495,0.9917622830244189,0.9939994841059866,0.9656957928802589,0.9979933110367893,0.9881369537903113,0.9997228804040372,0.9994090520387381,0.009994342824816142,5250,53,3,1492,0.012504283516602712,0.012548120729920856,99.94342824816142
iscx_url2016_binary,phiusiil,r08,rf,0.01,selected,0.5104166666666667,source_s3_test,True,6879,5388,1491,0.9995638901003053,0.9992365103762889,0.9993288590604027,0.9986586183769283,0.9993576278479176,0.9999976349061954,0.999991509020362,0.0001855976243504083,5387,1,2,1489,0.0008314928913130059,0.000880144152653755,1.855976243504083
iscx_url2016_binary,phiusiil,r08,rf,0.01,selected,0.5104166666666667,external_primary,True,234378,134739,99639,0.41975782709981313,0.49369222894649684,0.42202118213288375,0.9873844578929937,0.2956545257843491,0.3663880830178571,0.3618941629829404,1.0,0,134739,1257,98382,0.9999999999999998,1.0,10000.0
iscx_url2016_binary,phiusiil,r08,rf,0.01,more_permissive_neighbor,0.5099166666666666,source_validation,False,6798,5303,1495,0.9916151809355693,0.9939051978529223,0.9650711513583441,0.9979933110367893,0.987927940754735,0.9997228804040372,0.9994090520387381,0.010182915330944748,5249,54,3,1492,0.012713498278419146,0.012757343772344222,101.82915330944748
iscx_url2016_binary,phiusiil,r08,rf,0.01,more_permissive_neighbor,0.5099166666666666,source_s3_test,True,6879,5388,1491,0.9995638901003053,0.9992365103762889,0.9993288590604027,0.9986586183769283,0.9993576278479176,0.9999976349061954,0.999991509020362,0.0001855976243504083,5387,1,2,1489,0.0008314928913130059,0.000880144152653755,1.855976243504083
iscx_url2016_binary,phiusiil,r08,rf,0.01,more_permissive_neighbor,0.5099166666666666,external_primary,True,234378,134739,99639,0.4197620937118672,0.49369724706189344,0.42202366143049563,0.9873944941237869,0.2956566424550954,0.3663880830178571,0.3618941629829404,1.0,0,134739,1256,98383,0.9999999999999998,1.0,10000.0
iscx_url2016_binary,phiusiil,r08,xgb,0.001,safer_neighbor,0.6785005331039429,source_validation,True,6798,5303,1495,0.999558693733451,0.9994769793333362,0.9986631016042781,0.9993311036789297,0.9993570527707591,0.9998043639083575,0.9996587245442063,0.0003771450122572129,5301,2,1,1494,0.0011390224398755728,0.0011867328106678857,3.7714501225721286
iscx_url2016_binary,phiusiil,r08,xgb,0.001,safer_neighbor,0.6785005331039429,source_s3_test,True,6879,5388,1491,0.9994185201337403,0.9986586183769282,1.0,0.9973172367538564,0.9991428795707794,1.0,1.0,0.0,5388,0,4,1487,0.0005018904171793875,0.0005558462533632138,0.0
iscx_url2016_binary,phiusiil,r08,xgb,0.001,safer_neighbor,0.6785005331039429,external_primary,True,234378,134739,99639,0.41863997474165665,0.49237748271259246,0.42137087250224387,0.9847549654251849,0.2950995193956054,0.34944627509773724,0.37758902613375545,1.0,0,134739,1519,98120,0.9999999999999998,1.0,10000.0
iscx_url2016_binary,phiusiil,r08,xgb,0.001,selected,0.6701511740684509,source_validation,True,6798,5303,1495,0.999117387466902,0.9991941205741434,0.9966644429619747,0.9993311036789297,0.9987150305137723,0.9998043639083575,0.9996587245442063,0.0009428625306430323,5298,5,1,1494,0.0019356587371852768,0.0019814389889635502,9.428625306430323
iscx_url2016_binary,phiusiil,r08,xgb,0.001,selected,0.6701511740684509,source_s3_test,True,6879,5388,1491,0.9994185201337403,0.9986586183769282,1.0,0.9973172367538564,0.9991428795707794,1.0,1.0,0.0,5388,0,4,1487,0.0005018904171793875,0.0005558462533632138,0.0
iscx_url2016_binary,phiusiil,r08,xgb,0.001,selected,0.6701511740684509,external_primary,True,234378,134739,99639,0.4186997073104131,0.4924477363281446,0.4214056588784445,0.9848954726562892,0.2951291983447214,0.34944627509773724,0.37758902613375545,1.0,0,134739,1505,98134,0.9999999999999998,1.0,10000.0
iscx_url2016_binary,phiusiil,r08,xgb,0.001,more_permissive_neighbor,0.661057710647583,source_validation,False,6798,5303,1495,0.9989702853780523,0.9990998343210791,0.996,0.9993311036789297,0.9985012281104296,0.9998043639083575,0.9996587245442063,0.0011314350367716388,5297,6,1,1494,0.0021864573516143637,0.002231920222397678,11.314350367716388
iscx_url2016_binary,phiusiil,r08,xgb,0.001,more_permissive_neighbor,0.661057710647583,source_s3_test,True,6879,5388,1491,0.9997092600668702,0.9993293091884641,1.0,0.9986586183769283,0.9995716479380692,1.0,1.0,0.0,5388,0,2,1489,0.0005018904171793875,0.0005558462533632138,0.0
iscx_url2016_binary,phiusiil,r08,xgb,0.001,more_permissive_neighbor,0.661057710647583,external_primary,True,234378,134739,99639,0.4188063726117639,0.49257318921305915,0.4214677670052985,0.9851463784261183,0.29518219025251324,0.34944627509773724,0.37758902613375545,1.0,0,134739,1480,98159,0.9999999999999998,1.0,10000.0
iscx_url2016_binary,phiusiil,r08,xgb,0.01,safer_neighbor,0.5426710247993469,source_validation,True,6798,5303,1495,0.992203589290968,0.994762666680121,0.9663648124191462,0.9993311036789297,0.9887751028070344,0.9998043639083575,0.9996587245442063,0.009805770318687535,5251,52,1,1494,0.012294868594507628,0.012338697906062448,98.05770318687534
iscx_url2016_binary,phiusiil,r08,xgb,0.01,safer_neighbor,0.5426710247993469,source_s3_test,True,6879,5388,1491,0.9998546300334351,0.999664654594232,1.0,0.9993293091884641,0.9997858759493059,1.0,1.0,0.0,5388,0,1,1490,0.0005018904171793875,0.0005558462533632138,0.0
iscx_url2016_binary,phiusiil,r08,xgb,0.01,safer_neighbor,0.5426710247993469,external_primary,True,234378,134739,99639,0.4195572963332736,0.49345637752285754,0.4219046311471893,0.9869127550457151,0.29555502790693483,0.34944627509773724,0.37758902613375545,1.0,0,134739,1304,98335,0.9999999999999998,1.0,10000.0
iscx_url2016_binary,phiusiil,r08,xgb,0.01,selected,0.541021466255188,source_validation,True,6798,5303,1495,0.9920564872021183,0.9946683804270569,0.9657401422107305,0.9993311036789297,0.9885659886097198,0.9998043639083575,0.9996587245442063,0.009994342824816142,5250,53,1,1494,0.012504283516602712,0.012548120729920856,99.94342824816142
iscx_url2016_binary,phiusiil,r08,xgb,0.01,selected,0.541021466255188,source_s3_test,True,6879,5388,1491,0.9998546300334351,0.999664654594232,1.0,0.9993293091884641,0.9997858759493059,1.0,1.0,0.0,5388,0,1,1490,0.0005018904171793875,0.0005558462533632138,0.0
iscx_url2016_binary,phiusiil,r08,xgb,0.01,selected,0.541021466255188,external_primary,True,234378,134739,99639,0.41956156294532765,0.4934613956382541,0.4219071114448139,0.9869227912765082,0.2955571451757365,0.34944627509773724,0.37758902613375545,1.0,0,134739,1303,98336,0.9999999999999998,1.0,10000.0
iscx_url2016_binary,phiusiil,r08,xgb,0.01,more_permissive_neighbor,0.5396761298179626,source_validation,False,6798,5303,1495,0.9919093851132686,0.9945740941739925,0.9651162790697675,0.9993311036789297,0.9883569715346031,0.9998043639083575,0.9996587245442063,0.010182915330944748,5249,54,1,1494,0.012713498278419146,0.012757343772344222,101.82915330944748
iscx_url2016_binary,phiusiil,r08,xgb,0.01,more_permissive_neighbor,0.5396761298179626,source_s3_test,True,6879,5388,1491,0.9998546300334351,0.999664654594232,1.0,0.9993293091884641,0.9997858759493059,1.0,1.0,0.0,5388,0,1,1490,0.0005018904171793875,0.0005558462533632138,0.0
iscx_url2016_binary,phiusiil,r08,xgb,0.01,more_permissive_neighbor,0.5396761298179626,external_primary,True,234378,134739,99639,0.41956156294532765,0.4934613956382541,0.4219071114448139,0.9869227912765082,0.2955571451757365,0.34944627509773724,0.37758902613375545,1.0,0,134739,1303,98336,0.9999999999999998,1.0,10000.0
iscx_url2016_binary,phiusiil,r09,lr,0.001,safer_neighbor,0.9999981344722942,source_validation,True,6798,5303,1495,0.8097969991173875,0.5687593379654478,0.9764150943396226,0.13846153846153847,0.5668873813885648,0.8093989834743633,0.5267425327903146,0.0009428625306430323,5298,5,1288,207,0.0019356587371852768,0.0019814389889635502,9.428625306430323
iscx_url2016_binary,phiusiil,r09,lr,0.001,safer_neighbor,0.9999981344722942,source_s3_test,True,6879,5388,1491,0.864515191161506,0.687458081824279,1.0,0.374916163648558,0.7328810819368871,0.9944839788545675,0.9904571269098315,0.0,5388,0,932,559,0.0005018904171793875,0.0005558462533632138,0.0
iscx_url2016_binary,phiusiil,r09,lr,0.001,safer_neighbor,0.9999981344722942,external_primary,True,234325,134740,99585,0.6088893630641203,0.5529657392413337,0.6419832582099163,0.18020786262991415,0.5063738632580144,0.36239569834525326,0.45701829321367143,0.07427638414724655,124732,10008,81639,17946,0.075459971080884,0.07546189733016949,742.7638414724655
iscx_url2016_binary,phiusiil,r09,lr,0.001,selected,0.9999977239517109,source_validation,True,6798,5303,1495,0.8099441012062372,0.5690937861259828,0.9765258215962441,0.1391304347826087,0.5674393480446699,0.8093989834743633,0.5267425327903146,0.0009428625306430323,5298,5,1287,208,0.0019356587371852768,0.0019814389889635502,9.428625306430323
iscx_url2016_binary,phiusiil,r09,lr,0.001,selected,0.9999977239517109,source_s3_test,True,6879,5388,1491,0.864660561128071,0.687793427230047,1.0,0.3755868544600939,0.7332750074267868,0.9944839788545675,0.9904571269098315,0.0,5388,0,931,560,0.0005018904171793875,0.0005558462533632138,0.0
iscx_url2016_binary,phiusiil,r09,lr,0.001,selected,0.9999977239517109,external_primary,True,234325,134740,99585,0.6042761122372773,0.5502970454147366,0.6102943541901239,0.1905005773961942,0.5080028060780376,0.36239569834525326,0.45701829321367143,0.0899064865667211,122626,12114,80614,18971,0.09119652640701852,0.09119851863491774,899.0648656672109
iscx_url2016_binary,phiusiil,r09,lr,0.001,more_permissive_neighbor,0.9999974084066541,source_validation,False,6798,5303,1495,0.8097969991173875,0.5689994998729185,0.9719626168224299,0.1391304347826087,0.5673214559000905,0.8093989834743633,0.5267425327903146,0.0011314350367716388,5297,6,1287,208,0.0021864573516143637,0.002231920222397678,11.314350367716388
iscx_url2016_binary,phiusiil,r09,lr,0.001,more_permissive_neighbor,0.9999974084066541,source_s3_test,True,6879,5388,1491,0.8652420409943306,0.6891348088531187,1.0,0.3782696177062374,0.7348473253161738,0.9944839788545675,0.9904571269098315,0.0,5388,0,927,564,0.0005018904171793875,0.0005558462533632138,0.0
iscx_url2016_binary,phiusiil,r09,lr,0.001,more_permissive_neighbor,0.9999974084066541,external_primary,True,234325,134740,99585,0.5998164941854263,0.5471973382650661,0.5872201212557776,0.19646533112416528,0.5075643221474969,0.36239569834525326,0.45701829321367143,0.10207065459403296,120987,13753,80020,19565,0.10343525061495833,0.1034372942115765,1020.7065459403295
iscx_url2016_binary,phiusiil,r09,lr,0.01,safer_neighbor,0.9999315893641652,source_validation,True,6798,5303,1495,0.8111209179170344,0.583056981061392,0.834920634920635,0.17591973244147158,0.5908324606495392,0.8093989834743633,0.5267425327903146,0.009805770318687535,5251,52,1232,263,0.012294868594507628,0.012338697906062448,98.05770318687534
iscx_url2016_binary,phiusiil,r09,lr,0.01,safer_neighbor,0.9999315893641652,source_s3_test,True,6879,5388,1491,0.8768716383195232,0.715962441314554,1.0,0.431924882629108,0.7652029681115595,0.9944839788545675,0.9904571269098315,0.0,5388,0,847,644,0.0005018904171793875,0.0005558462533632138,0.0
iscx_url2016_binary,phiusiil,r09,lr,0.01,safer_neighbor,0.9999315893641652,external_primary,True,234325,134740,99585,0.26289555105089085,0.2974392863901594,0.29483216167238,0.5276899131395291,0.23659051449956828,0.36239569834525326,0.45701829321367143,0.9328113403592103,9053,125687,47035,52550,0.9339244940149561,0.9339299850442315,9328.113403592104
iscx_url2016_binary,phiusiil,r09,lr,0.01,selected,0.9999313001136478,source_validation,True,6798,5303,1495,0.8109738158281847,0.5829626948083277,0.8322784810126582,0.17591973244147158,0.5907051776877598,0.8093989834743633,0.5267425327903146,0.009994342824816142,5250,53,1232,263,0.012504283516602712,0.012548120729920856,99.94342824816142
iscx_url2016_binary,phiusiil,r09,lr,0.01,selected,0.9999313001136478,source_s3_test,True,6879,5388,1491,0.8770170082860881,0.716297786720322,1.0,0.43259557344064387,0.7655698027182078,0.9944839788545675,0.9904571269098315,0.0,5388,0,846,645,0.0005018904171793875,0.0005558462533632138,0.0
iscx_url2016_binary,phiusiil,r09,lr,0.01,selected,0.9999313001136478,external_primary,True,234325,134740,99585,0.2629510295529713,0.2975255170393976,0.2949204069956586,0.5279811216548677,0.23659157344401638,0.36239569834525326,0.45701829321367143,0.9329300875760724,9037,125703,47006,52579,0.9340423184661076,0.9340478099337196,9329.300875760724
iscx_url2016_binary,phiusiil,r09,lr,0.01,more_permissive_neighbor,0.9999275650071027,source_validation,False,6798,5303,1495,0.8108267137393351,0.5828684085552635,0.8296529968454258,0.17591973244147158,0.5905779752993171,0.8093989834743633,0.5267425327903146,0.010182915330944748,5249,54,1232,263,0.012713498278419146,0.012757343772344222,101.82915330944748
iscx_url2016_binary,phiusiil,r09,lr,0.01,more_permissive_neighbor,0.9999275650071027,source_s3_test,True,6879,5388,1491,0.8774531181857829,0.7173038229376257,1.0,0.4346076458752515,0.7666685135231539,0.9944839788545675,0.9904571269098315,0.0,5388,0,843,648,0.0005018904171793875,0.0005558462533632138,0.0
iscx_url2016_binary,phiusiil,r09,lr,0.01,more_permissive_neighbor,0.9999275650071027,external_primary,True,234325,134740,99585,0.25812866744905577,0.2937881310526111,0.29386257134608124,0.5314756238389315,0.22923629028832582,0.36239569834525326,0.45701829321367143,0.9438993617337094,7559,127181,46658,52927,0.9449216359285579,0.9449271671468785,9438.993617337093
iscx_url2016_binary,phiusiil,r09,rf,0.001,safer_neighbor,0.5113511904761906,source_validation,True,6798,5303,1495,0.9982347749338041,0.9971874316109326,0.9966510381781648,0.9953177257525083,0.9974263570117574,0.9993647818455762,0.9989128804125409,0.0009428625306430323,5298,5,7,1488,0.0019356587371852768,0.0019814389889635502,9.428625306430323
iscx_url2016_binary,phiusiil,r09,rf,0.001,safer_neighbor,0.5113511904761906,source_s3_test,True,6879,5388,1491,0.9992731501671754,0.998565819564753,0.9993279569892473,0.9973172367538564,0.9989288597508844,0.9995051974803535,0.9992651169831176,0.0001855976243504083,5387,1,4,1487,0.0008314928913130059,0.000880144152653755,1.855976243504083
iscx_url2016_binary,phiusiil,r09,rf,0.001,safer_neighbor,0.5113511904761906,external_primary,True,234325,134740,99585,0.4194942921156513,0.4935381834613647,0.4218110351101537,0.9870763669227294,0.29552376113497864,0.392442316554774,0.3734493808009796,1.0,0,134740,1287,98298,1.0,1.0,10000.0
iscx_url2016_binary,phiusiil,r09,rf,0.001,selected,0.5094227129182544,source_validation,True,6798,5303,1495,0.9983818770226537,0.9975218797714678,0.9966532797858099,0.9959866220735786,0.9976413942035602,0.9993647818455762,0.9989128804125409,0.0009428625306430323,5298,5,6,1489,0.0019356587371852768,0.0019814389889635502,9.428625306430323
iscx_url2016_binary,phiusiil,r09,rf,0.001,selected,0.5094227129182544,source_s3_test,True,6879,5388,1491,0.9992731501671754,0.998565819564753,0.9993279569892473,0.9973172367538564,0.9989288597508844,0.9995051974803535,0.9992651169831176,0.0001855976243504083,5387,1,4,1487,0.0008314928913130059,0.000880144152653755,1.855976243504083
iscx_url2016_binary,phiusiil,r09,rf,0.001,selected,0.5094227129182544,external_primary,True,234325,134740,99585,0.4195540381948149,0.49360847517196366,0.4218457683263821,0.9872169503439273,0.29555341107573724,0.392442316554774,0.3734493808009796,1.0,0,134740,1273,98312,1.0,1.0,10000.0
iscx_url2016_binary,phiusiil,r09,rf,0.001,more_permissive_neighbor,0.5081011904761905,source_validation,False,6798,5303,1495,0.9982347749338041,0.9974275935184035,0.9959866220735786,0.9959866220735786,0.9974275935184035,0.9993647818455762,0.9989128804125409,0.0011314350367716388,5297,6,6,1489,0.0021864573516143637,0.002231920222397678,11.314350367716388
iscx_url2016_binary,phiusiil,r09,rf,0.001,more_permissive_neighbor,0.5081011904761905,source_s3_test,True,6879,5388,1491,0.9992731501671754,0.998565819564753,0.9993279569892473,0.9973172367538564,0.9989288597508844,0.9995051974803535,0.9992651169831176,0.0001855976243504083,5387,1,4,1487,0.0008314928913130059,0.000880144152653755,1.855976243504083
iscx_url2016_binary,phiusiil,r09,rf,0.001,more_permissive_neighbor,0.5081011904761905,external_primary,True,234325,134740,99585,0.4195881788114798,0.49364864186373447,0.42186561400497724,0.9872972837274689,0.2955703527784876,0.392442316554774,0.3734493808009796,1.0,0,134740,1265,98320,1.0,1.0,10000.0
iscx_url2016_binary,phiusiil,r09,rf,0.01,safer_neighbor,0.4486904761904762,source_validation,True,6798,5303,1495,0.9919093851132686,0.9940937703590509,0.966321243523316,0.9979933110367893,0.9883460640170724,0.9993647818455762,0.9989128804125409,0.009805770318687535,5251,52,3,1492,0.012294868594507628,0.012338697906062448,98.05770318687534
iscx_url2016_binary,phiusiil,r09,rf,0.01,safer_neighbor,0.4486904761904762,source_s3_test,True,6879,5388,1491,0.9989824102340457,0.9983802219404025,0.9979865771812081,0.9973172367538564,0.998501131645141,0.9995051974803535,0.9992651169831176,0.0005567928730512249,5385,3,4,1487,0.0013923746395521134,0.0014384255243774981,5.567928730512249
iscx_url2016_binary,phiusiil,r09,rf,0.01,safer_neighbor,0.4486904761904762,external_primary,True,234325,134740,99585,0.42028806145311,0.4944720590450369,0.42227215037903476,0.9889441180900738,0.2959174781931979,0.392442316554774,0.3734493808009796,1.0,0,134740,1101,98484,1.0,1.0,10000.0
iscx_url2016_binary,phiusiil,r09,rf,0.01,selected,0.4485714285714286,source_validation,True,6798,5303,1495,0.9917622830244189,0.9939994841059866,0.9656957928802589,0.9979933110367893,0.9881369537903113,0.9993647818455762,0.9989128804125409,0.009994342824816142,5250,53,3,1492,0.012504283516602712,0.012548120729920856,99.94342824816142
iscx_url2016_binary,phiusiil,r09,rf,0.01,selected,0.4485714285714286,source_s3_test,True,6879,5388,1491,0.9989824102340457,0.9983802219404025,0.9979865771812081,0.9973172367538564,0.998501131645141,0.9995051974803535,0.9992651169831176,0.0005567928730512249,5385,3,4,1487,0.0013923746395521134,0.0014384255243774981,5.567928730512249
iscx_url2016_binary,phiusiil,r09,rf,0.01,selected,0.4485714285714286,external_primary,True,234325,134740,99585,0.42028806145311,0.4944720590450369,0.42227215037903476,0.9889441180900738,0.2959174781931979,0.392442316554774,0.3734493808009796,1.0,0,134740,1101,98484,1.0,1.0,10000.0
iscx_url2016_binary,phiusiil,r09,rf,0.01,more_permissive_neighbor,0.44823809523809516,source_validation,False,6798,5303,1495,0.9916151809355693,0.9939051978529223,0.9650711513583441,0.9979933110367893,0.987927940754735,0.9993647818455762,0.9989128804125409,0.010182915330944748,5249,54,3,1492,0.012713498278419146,0.012757343772344222,101.82915330944748
iscx_url2016_binary,phiusiil,r09,rf,0.01,more_permissive_neighbor,0.44823809523809516,source_s3_test,True,6879,5388,1491,0.9988370402674808,0.9982874231282274,0.9973172367538564,0.9973172367538564,0.9982874231282274,0.9995051974803535,0.9992651169831176,0.0007423904974016332,5384,4,4,1487,0.0016525908019827933,0.0016980590445022546,7.423904974016332
iscx_url2016_binary,phiusiil,r09,rf,0.01,more_permissive_neighbor,0.44823809523809516,external_primary,True,234325,134740,99585,0.4202923290301931,0.49447707988150824,0.4222746275056276,0.9889541597630165,0.29591959376220667,0.392442316554774,0.3734493808009796,1.0,0,134740,1100,98485,1.0,1.0,10000.0
iscx_url2016_binary,phiusiil,r09,xgb,0.001,safer_neighbor,0.7281007170677185,source_validation,True,6798,5303,1495,0.9985289791115034,0.9976161660245321,0.9973208305425318,0.9959866220735786,0.9978552975097978,0.9987836758016067,0.9981533452710458,0.0007542900245144258,5299,4,6,1489,0.0016790627026572688,0.0017252634333790899,7.542900245144257
iscx_url2016_binary,phiusiil,r09,xgb,0.001,safer_neighbor,0.7281007170677185,source_s3_test,True,6879,5388,1491,0.9994185201337403,0.9986586183769282,1.0,0.9973172367538564,0.9991428795707794,0.9997891332155268,0.9996101201342911,0.0,5388,0,4,1487,0.0005018904171793875,0.0005558462533632138,0.0
iscx_url2016_binary,phiusiil,r09,xgb,0.001,safer_neighbor,0.7281007170677185,external_primary,True,234325,134740,99585,0.41795369678864824,0.4917256614952051,0.4209139708694886,0.9834513229904102,0.2947583533476594,0.3959143511477336,0.4098260000665854,1.0,0,134740,1648,97937,1.0,1.0,10000.0
iscx_url2016_binary,phiusiil,r09,xgb,0.001,selected,0.7256720662117004,source_validation,True,6798,5303,1495,0.9983818770226537,0.9975218797714678,0.9966532797858099,0.9959866220735786,0.9976413942035602,0.9987836758016067,0.9981533452710458,0.0009428625306430323,5298,5,6,1489,0.0019356587371852768,0.0019814389889635502,9.428625306430323
iscx_url2016_binary,phiusiil,r09,xgb,0.001,selected,0.7256720662117004,source_s3_test,True,6879,5388,1491,0.9994185201337403,0.9986586183769282,1.0,0.9973172367538564,0.9991428795707794,0.9997891332155268,0.9996101201342911,0.0,5388,0,4,1487,0.0005018904171793875,0.0005558462533632138,0.0
iscx_url2016_binary,phiusiil,r09,xgb,0.001,selected,0.7256720662117004,external_primary,True,234325,134740,99585,0.41796223194281446,0.4917357031681478,0.4209189484225048,0.9834714063362956,0.2947625984157176,0.3959143511477336,0.4098260000665854,1.0,0,134740,1646,97939,1.0,1.0,10000.0
iscx_url2016_binary,phiusiil,r09,xgb,0.001,more_permissive_neighbor,0.7246218919754028,source_validation,False,6798,5303,1495,0.9982347749338041,0.9974275935184035,0.9959866220735786,0.9959866220735786,0.9974275935184035,0.9987836758016067,0.9981533452710458,0.0011314350367716388,5297,6,6,1489,0.0021864573516143637,0.002231920222397678,11.314350367716388
iscx_url2016_binary,phiusiil,r09,xgb,0.001,more_permissive_neighbor,0.7246218919754028,source_s3_test,True,6879,5388,1491,0.9994185201337403,0.9986586183769282,1.0,0.9973172367538564,0.9991428795707794,0.9997891332155268,0.9996101201342911,0.0,5388,0,4,1487,0.0005018904171793875,0.0005558462533632138,0.0
iscx_url2016_binary,phiusiil,r09,xgb,0.001,more_permissive_neighbor,0.7246218919754028,external_primary,True,234325,134740,99585,0.41796223194281446,0.4917357031681478,0.4209189484225048,0.9834714063362956,0.2947625984157176,0.3959143511477336,0.4098260000665854,1.0,0,134740,1646,97939,1.0,1.0,10000.0
iscx_url2016_binary,phiusiil,r09,xgb,0.01,safer_neighbor,0.6544897556304932,source_validation,True,6798,5303,1495,0.9916151809355693,0.9931847121305099,0.9668831168831169,0.9959866220735786,0.9879109471031009,0.9987836758016067,0.9981533452710458,0.009617197812558929,5252,51,6,1489,0.012085247843395767,0.012129069650418796,96.17197812558929
iscx_url2016_binary,phiusiil,r09,xgb,0.01,safer_neighbor,0.6544897556304932,source_s3_test,True,6879,5388,1491,0.9995638901003053,0.9989939637826961,1.0,0.9979879275653923,0.9993573158505307,0.9997891332155268,0.9996101201342911,0.0,5388,0,3,1488,0.0005018904171793875,0.0005558462533632138,0.0
iscx_url2016_binary,phiusiil,r09,xgb,0.01,safer_neighbor,0.6544897556304932,external_primary,True,234325,134740,99585,0.41826522991571535,0.4920921825576141,0.42109559613319014,0.9841843651152282,0.29491326522936195,0.3959143511477336,0.4098260000665854,1.0,0,134740,1575,98010,1.0,1.0,10000.0
iscx_url2016_binary,phiusiil,r09,xgb,0.01,selected,0.6543342471122742,source_validation,True,6798,5303,1495,0.99132097675787,0.9929961396243812,0.9656290531776913,0.9959866220735786,0.9874926417352947,0.9987836758016067,0.9981533452710458,0.009994342824816142,5250,53,6,1489,0.012504283516602712,0.012548120729920856,99.94342824816142
iscx_url2016_binary,phiusiil,r09,xgb,0.01,selected,0.6543342471122742,source_s3_test,True,6879,5388,1491,0.9995638901003053,0.9989939637826961,1.0,0.9979879275653923,0.9993573158505307,0.9997891332155268,0.9996101201342911,0.0,5388,0,3,1488,0.0005018904171793875,0.0005558462533632138,0.0
iscx_url2016_binary,phiusiil,r09,xgb,0.01,selected,0.6543342471122742,external_primary,True,234325,134740,99585,0.41826522991571535,0.4920921825576141,0.42109559613319014,0.9841843651152282,0.29491326522936195,0.3959143511477336,0.4098260000665854,1.0,0,134740,1575,98010,1.0,1.0,10000.0
iscx_url2016_binary,phiusiil,r09,xgb,0.01,more_permissive_neighbor,0.6537508368492126,source_validation,False,6798,5303,1495,0.9911738746690203,0.992901853371317,0.9650032404407,0.9959866220735786,0.9872836350471847,0.9987836758016067,0.9981533452710458,0.010182915330944748,5249,54,6,1489,0.012713498278419146,0.012757343772344222,101.82915330944748
iscx_url2016_binary,phiusiil,r09,xgb,0.01,more_permissive_neighbor,0.6537508368492126,source_s3_test,True,6879,5388,1491,0.9995638901003053,0.9989939637826961,1.0,0.9979879275653923,0.9993573158505307,0.9997891332155268,0.9996101201342911,0.0,5388,0,3,1488,0.0005018904171793875,0.0005558462533632138,0.0
iscx_url2016_binary,phiusiil,r09,xgb,0.01,more_permissive_neighbor,0.6537508368492126,external_primary,True,234325,134740,99585,0.41826949749279846,0.49209720339408547,0.42109808335946997,0.9841944067881709,0.2949153868374175,0.3959143511477336,0.4098260000665854,1.0,0,134740,1574,98011,1.0,1.0,10000.0
