accuracy,balanced_accuracy,corpus_version,dataset,dataset_display,fn,fp,fpr,inference_seconds,inference_seconds_per_sample,macro_f1,model,model_seed,n_benign,n_phishing,n_samples,partition_seed,pr_auc,precision,recall,repetition,roc_auc,scenario,scenario_key,selected_candidate,selected_params_json,threshold,tn,total_run_seconds,tp,tuning_seconds,validation_macro_f1,validation_roc_auc,feature_set,n_features,feature_names_json,shap_setup_seconds,shap_explain_seconds,shap_cohort_size,shap_background_size,shap_seconds_per_sample,model_output_scale
0.9909870620729756,0.979936224623166,master,iscx_url2016_binary,ISCX-URL2016-binary,59,3,0.0005567928730512,0.007662099999834,1.1138392207928516e-06,0.9865434408163554,lr,20261001,5388,1491,6879,20260902,0.990564662628978,0.9979094076655052,0.960429242119383,r00,0.9949268737891342,S3-domain,s3,lr_c1,"{""C"": 1.0, ""class_weight"": null}",0.86,5385,5.062369100000069,1432,5.027677399999902,0.7506881356534181,0.807189342563085,f_all,35,"[""url_length"", ""hostname_length"", ""path_length"", ""query_length"", ""fragment_length"", ""digit_count"", ""letter_count"", ""special_char_count"", ""digit_ratio"", ""letter_ratio"", ""special_char_ratio"", ""dot_count"", ""hyphen_count"", ""underscore_count"", ""slash_count"", ""question_mark_count"", ""equals_sign_count"", ""percent_sign_count"", ""at_sign_count"", ""subdomain_depth"", ""path_segment_count"", ""query_parameter_count"", ""has_port"", ""has_userinfo"", ""host_is_ip"", ""tld_length"", ""registrable_domain_length"", ""domain_digit_ratio"", ""domain_hyphen_ratio"", ""url_char_entropy"", ""longest_repeated_char_run"", ""char_type_transition_count"", ""token_count"", ""token_mean_length"", ""token_max_length""]",0.0011488000000099,0.0050593999999364,200,200,2.5296999999682002e-05,raw_log_odds
0.9944759412705335,0.9879845143615964,,iscx_url2016_binary,,35,3,0.0005567928730512249,0.001254799999998113,1.8241023404537185e-07,0.9918013649650603,lr,20261001,5388,1491,6879,20260902,0.992147640044904,0.997943797121316,0.9765258215962441,r00,0.9954353689571229,S3-domain,s3,lr_c1,"{""C"": 1.0, ""class_weight"": null}",0.76,5385,4.0293782,1456,3.826732100000001,0.7494576127096759,0.8025847677562459,f_single,15,"[""subdomain_depth"", ""token_count"", ""dot_count"", ""registrable_domain_length"", ""hyphen_count"", ""char_type_transition_count"", ""special_char_count"", ""slash_count"", ""question_mark_count"", ""equals_sign_count"", ""special_char_ratio"", ""query_length"", ""letter_count"", ""domain_hyphen_ratio"", ""path_length""]",0.001612099999999117,0.006240999999999275,200,200,3.120499999999637e-05,raw_log_odds
0.9934583515045792,0.9892752954251118,,iscx_url2016_binary,,27,18,0.0033407572383073497,0.0012321000000028448,1.791103358050363e-07,0.9903456561066286,lr,20261001,5388,1491,6879,20260902,0.992853378661097,0.9878542510121457,0.9818913480885312,r00,0.9957211718716157,S3-domain,s3,lr_c1,"{""C"": 1.0, ""class_weight"": null}",0.67,5370,4.5006588,1464,4.320436300000001,0.7483884378959338,0.7966220924989137,f_stable,11,"[""subdomain_depth"", ""token_count"", ""dot_count"", ""registrable_domain_length"", ""char_type_transition_count"", ""special_char_count"", ""hyphen_count"", ""slash_count"", ""equals_sign_count"", ""special_char_ratio"", ""question_mark_count""]",0.0008076999999957479,0.0053454999999971164,200,200,2.672749999998558e-05,raw_log_odds
0.998691670300916,0.9969818913480886,master,iscx_url2016_binary,ISCX-URL2016-binary,9,0,0.0,0.0480974000001879,6.9919174298863085e-06,0.9980691312213256,rf,20261001,5388,1491,6879,20260902,0.9999791813144294,1.0,0.993963782696177,r00,0.9999941495047991,S3-domain,s3,rf_unlimited_leaf5_balanced,"{""class_weight"": ""balanced_subsample"", ""max_depth"": null, ""max_features"": ""sqrt"", ""min_samples_leaf"": 5, ""n_estimators"": 200}",0.73,5388,8.816732299999785,1482,8.749395999999706,0.998066511046646,0.9991497208937706,f_all,35,"[""url_length"", ""hostname_length"", ""path_length"", ""query_length"", ""fragment_length"", ""digit_count"", ""letter_count"", ""special_char_count"", ""digit_ratio"", ""letter_ratio"", ""special_char_ratio"", ""dot_count"", ""hyphen_count"", ""underscore_count"", ""slash_count"", ""question_mark_count"", ""equals_sign_count"", ""percent_sign_count"", ""at_sign_count"", ""subdomain_depth"", ""path_segment_count"", ""query_parameter_count"", ""has_port"", ""has_userinfo"", ""host_is_ip"", ""tld_length"", ""registrable_domain_length"", ""domain_digit_ratio"", ""domain_hyphen_ratio"", ""url_char_entropy"", ""longest_repeated_char_run"", ""char_type_transition_count"", ""token_count"", ""token_mean_length"", ""token_max_length""]",0.0118328999997174,3.1985829000000194,200,200,0.015992914500000097,positive_class_probability
0.9992731501671754,0.9983232729711603,,iscx_url2016_binary,,5,0,0.0,0.04774459999998726,6.940630905653039e-06,0.998928338982753,rf,20261001,5388,1491,6879,20260902,0.9997916160511381,1.0,0.9966465459423206,r00,0.9999309143651813,S3-domain,s3,rf_unlimited_leaf5_balanced,"{""class_weight"": ""balanced_subsample"", ""max_depth"": null, ""max_features"": ""sqrt"", ""min_samples_leaf"": 5, ""n_estimators"": 200}",0.72,5388,11.762366100000008,1486,8.804552399999977,0.9980674432671157,0.9990206843226873,f_single,15,"[""subdomain_depth"", ""url_length"", ""dot_count"", ""hyphen_count"", ""path_length"", ""hostname_length"", ""longest_repeated_char_run"", ""special_char_count"", ""token_count"", ""char_type_transition_count"", ""token_max_length"", ""slash_count"", ""digit_count"", ""letter_count"", ""token_mean_length""]",0.01721980000002077,2.700737900000007,200,200,0.013503689500000035,positive_class_probability
0.9995638901003053,0.9989939637826961,,iscx_url2016_binary,,3,0,0.0,0.04693439999999782,6.822852158743687e-06,0.9993573158505307,rf,20261001,5388,1491,6879,20260902,0.9998244959053795,1.0,0.9979879275653923,r00,0.9999406236976424,S3-domain,s3,rf_depth16_leaf1,"{""class_weight"": null, ""max_depth"": 16, ""max_features"": ""sqrt"", ""min_samples_leaf"": 1, ""n_estimators"": 200}",0.65,5388,10.752395100000001,1488,7.238502299999993,0.998066511046646,0.9987744679133475,f_stable,15,"[""subdomain_depth"", ""url_length"", ""dot_count"", ""hyphen_count"", ""path_length"", ""hostname_length"", ""token_count"", ""longest_repeated_char_run"", ""special_char_count"", ""token_max_length"", ""letter_count"", ""char_type_transition_count"", ""slash_count"", ""token_mean_length"", ""digit_count""]",0.01369420000000332,3.286524799999995,200,200,0.016432623999999976,positive_class_probability
0.9997092600668702,0.999329309188464,master,iscx_url2016_binary,ISCX-URL2016-binary,2,0,0.0,0.0077089000001251,1.1206425352704086e-06,0.9995716479380692,xgb,20261001,5388,1491,6879,20260902,0.9999991006491626,1.0,0.9986586183769284,r00,0.9999997510427574,S3-domain,s3,xgb_d6_lr01_balanced,"{""colsample_bytree"": 0.9, ""learning_rate"": 0.1, ""max_depth"": 6, ""n_estimators"": 200, ""reg_lambda"": 1.0, ""scale_pos_weight"": 3.537326264507809, ""subsample"": 0.9}",0.91,5388,5.082260000000133,1489,5.046843099999933,0.9989268745006724,0.999186930853174,f_all,35,"[""url_length"", ""hostname_length"", ""path_length"", ""query_length"", ""fragment_length"", ""digit_count"", ""letter_count"", ""special_char_count"", ""digit_ratio"", ""letter_ratio"", ""special_char_ratio"", ""dot_count"", ""hyphen_count"", ""underscore_count"", ""slash_count"", ""question_mark_count"", ""equals_sign_count"", ""percent_sign_count"", ""at_sign_count"", ""subdomain_depth"", ""path_segment_count"", ""query_parameter_count"", ""has_port"", ""has_userinfo"", ""host_is_ip"", ""tld_length"", ""registrable_domain_length"", ""domain_digit_ratio"", ""domain_hyphen_ratio"", ""url_char_entropy"", ""longest_repeated_char_run"", ""char_type_transition_count"", ""token_count"", ""token_mean_length"", ""token_max_length""]",0.0384644000000662,0.025604899999962,200,200,0.00012802449999981,raw_margin
0.9995638901003053,0.9989939637826961,,iscx_url2016_binary,,3,0,0.0,0.007405500000004395,1.0765372873970628e-06,0.9993573158505307,xgb,20261001,5388,1491,6879,20260902,1.0,1.0,0.9979879275653923,r00,1.0,S3-domain,s3,xgb_d6_lr01_balanced,"{""colsample_bytree"": 0.9, ""learning_rate"": 0.1, ""max_depth"": 6, ""n_estimators"": 200, ""reg_lambda"": 1.0, ""scale_pos_weight"": 3.537326264507809, ""subsample"": 0.9}",0.87,5388,5.006655300000006,1488,4.746815900000001,0.9982842380078383,0.999614530047673,f_single,15,"[""url_length"", ""subdomain_depth"", ""dot_count"", ""hyphen_count"", ""hostname_length"", ""path_length"", ""token_mean_length"", ""longest_repeated_char_run"", ""token_max_length"", ""url_char_entropy"", ""special_char_ratio"", ""slash_count"", ""registrable_domain_length"", ""token_count"", ""digit_ratio""]",0.038167899999990595,0.028006099999998924,200,200,0.0001400304999999946,raw_margin
0.9997092600668702,0.9993293091884641,,iscx_url2016_binary,,2,0,0.0,0.008155100000010407,1.1855066143349916e-06,0.9995716479380692,xgb,20261001,5388,1491,6879,20260902,1.0,1.0,0.9986586183769283,r00,1.0,S3-domain,s3,xgb_d6_lr005,"{""colsample_bytree"": 0.9, ""learning_rate"": 0.05, ""max_depth"": 6, ""n_estimators"": 250, ""reg_lambda"": 1.0, ""scale_pos_weight"": 1.0, ""subsample"": 0.9}",0.79,5388,4.85630279999998,1489,4.504154299999982,0.9989268745006723,0.9992995698150287,f_stable,14,"[""url_length"", ""subdomain_depth"", ""dot_count"", ""hostname_length"", ""hyphen_count"", ""path_length"", ""token_mean_length"", ""longest_repeated_char_run"", ""token_max_length"", ""digit_ratio"", ""tld_length"", ""registrable_domain_length"", ""slash_count"", ""token_count""]",0.13677039999998897,0.030787700000018958,200,200,0.0001539385000000948,raw_margin
0.7762577228596647,0.8510668852173662,master,iscx_url2016_binary,ISCX-URL2016-binary,23,1498,0.2824816141806525,0.0037750999999843,5.553250956140596e-07,0.746387550722144,lr,20261002,5303,1495,6798,20260903,0.4936915408612404,0.4956228956228956,0.9846153846153848,r01,0.7957819042291326,S3-domain,s3,lr_c01,"{""C"": 0.1, ""class_weight"": null}",0.66,3805,6.699763300000086,1472,6.672647600000346,0.98501293229816,0.9930059197053144,f_all,35,"[""url_length"", ""hostname_length"", ""path_length"", ""query_length"", ""fragment_length"", ""digit_count"", ""letter_count"", ""special_char_count"", ""digit_ratio"", ""letter_ratio"", ""special_char_ratio"", ""dot_count"", ""hyphen_count"", ""underscore_count"", ""slash_count"", ""question_mark_count"", ""equals_sign_count"", ""percent_sign_count"", ""at_sign_count"", ""subdomain_depth"", ""path_segment_count"", ""query_parameter_count"", ""has_port"", ""has_userinfo"", ""host_is_ip"", ""tld_length"", ""registrable_domain_length"", ""domain_digit_ratio"", ""domain_hyphen_ratio"", ""url_char_entropy"", ""longest_repeated_char_run"", ""char_type_transition_count"", ""token_count"", ""token_mean_length"", ""token_max_length""]",0.0010450999998283,0.0047897999997985,200,200,2.39489999989925e-05,raw_log_odds
0.7753751103265666,0.8466585771794473,,iscx_url2016_binary,,39,1488,0.2805958891193664,0.0012111000000061267,1.781553398067265e-07,0.7446229663444304,lr,20261002,5303,1495,6798,20260903,0.4804575506769113,0.4945652173913043,0.9739130434782609,r01,0.7859234092900024,S3-domain,s3,lr_c01,"{""C"": 0.1, ""class_weight"": null}",0.71,3815,3.9171433999999863,1456,3.770111000000014,0.9821131540448236,0.9910247179687877,f_single,15,"[""subdomain_depth"", ""dot_count"", ""hyphen_count"", ""hostname_length"", ""char_type_transition_count"", ""path_length"", ""special_char_count"", ""token_count"", ""registrable_domain_length"", ""letter_count"", ""question_mark_count"", ""slash_count"", ""url_length"", ""equals_sign_count"", ""digit_ratio""]",0.000839799999994284,0.004587799999995923,200,200,2.2938999999979615e-05,raw_log_odds
0.7737569873492204,0.8444206188583858,,iscx_url2016_binary,,44,1494,0.28172732415613805,0.0015272999999922376,2.2466902029894641e-07,0.7428131604737109,lr,20261002,5303,1495,6798,20260903,0.463934981264871,0.4926994906621392,0.9705685618729097,r01,0.7780972088115706,S3-domain,s3,lr_c1_balanced,"{""C"": 1.0, ""class_weight"": ""balanced""}",0.9,3809,4.039001500000012,1451,3.853931799999998,0.9825669798984278,0.9917689756455087,f_stable,13,"[""subdomain_depth"", ""dot_count"", ""hyphen_count"", ""token_count"", ""special_char_count"", ""hostname_length"", ""registrable_domain_length"", ""path_length"", ""char_type_transition_count"", ""question_mark_count"", ""slash_count"", ""letter_count"", ""equals_sign_count""]",0.0008515000000102191,0.004535399999980427,200,200,2.2676999999902137e-05,raw_log_odds
0.9410120623712857,0.9605100791689188,master,iscx_url2016_binary,ISCX-URL2016-binary,7,394,0.0742975674146709,0.0365434999998797,5.3756251838599165e-06,0.9210074610333374,rf,20261002,5303,1495,6798,20260903,0.998347912872632,0.7906482465462275,0.9953177257525084,r01,0.9992216181034652,S3-domain,s3,rf_unlimited_leaf5_balanced,"{""class_weight"": ""balanced_subsample"", ""max_depth"": null, ""max_features"": ""sqrt"", ""min_samples_leaf"": 5, ""n_estimators"": 200}",0.56,4909,9.20740479999995,1488,9.149899300000016,0.9987143193561692,0.9999764735405754,f_all,35,"[""url_length"", ""hostname_length"", ""path_length"", ""query_length"", ""fragment_length"", ""digit_count"", ""letter_count"", ""special_char_count"", ""digit_ratio"", ""letter_ratio"", ""special_char_ratio"", ""dot_count"", ""hyphen_count"", ""underscore_count"", ""slash_count"", ""question_mark_count"", ""equals_sign_count"", ""percent_sign_count"", ""at_sign_count"", ""subdomain_depth"", ""path_segment_count"", ""query_parameter_count"", ""has_port"", ""has_userinfo"", ""host_is_ip"", ""tld_length"", ""registrable_domain_length"", ""domain_digit_ratio"", ""domain_hyphen_ratio"", ""url_char_entropy"", ""longest_repeated_char_run"", ""char_type_transition_count"", ""token_count"", ""token_mean_length"", ""token_max_length""]",0.0095580999995945,3.1866868000001887,200,200,0.015933434000000943,positive_class_probability
0.9657252132980289,0.9751493601463675,,iscx_url2016_binary,,12,221,0.041674523854422024,0.0557238999999754,8.197102088846043e-06,0.9523772141571966,rf,20261002,5303,1495,6798,20260903,0.9966551490718603,0.8703051643192489,0.9919732441471572,r01,0.9981746938219483,S3-domain,s3,rf_depth24_leaf2,"{""class_weight"": null, ""max_depth"": 24, ""max_features"": ""sqrt"", ""min_samples_leaf"": 2, ""n_estimators"": 200}",0.54,5082,10.643454099999985,1483,7.0864950000000135,0.998928338982753,0.9995750299869,f_single,15,"[""subdomain_depth"", ""url_length"", ""hyphen_count"", ""dot_count"", ""path_length"", ""hostname_length"", ""longest_repeated_char_run"", ""token_max_length"", ""special_char_count"", ""token_count"", ""char_type_transition_count"", ""token_mean_length"", ""digit_count"", ""digit_ratio"", ""slash_count""]",0.0113316999999995,3.3321354999999926,200,200,0.016660677499999964,positive_class_probability
0.9947043248014121,0.9937237520000353,,iscx_url2016_binary,,12,24,0.004525740147086555,0.042602499999986776,6.266916740215766e-06,0.9923049223870262,rf,20261002,5303,1495,6798,20260903,0.9971382259116359,0.9840743198407432,0.9919732441471572,r01,0.9984523179597338,S3-domain,s3,rf_unlimited_leaf5_balanced,"{""class_weight"": ""balanced_subsample"", ""max_depth"": null, ""max_features"": ""sqrt"", ""min_samples_leaf"": 5, ""n_estimators"": 200}",0.65,5279,9.867357400000003,1483,7.047558099999975,0.9987136939702371,0.9997017492233777,f_stable,15,"[""subdomain_depth"", ""url_length"", ""dot_count"", ""hyphen_count"", ""path_length"", ""hostname_length"", ""token_count"", ""longest_repeated_char_run"", ""special_char_count"", ""token_max_length"", ""char_type_transition_count"", ""token_mean_length"", ""digit_count"", ""letter_count"", ""slash_count""]",0.010784499999999753,2.6059527000000458,200,200,0.013029763500000228,positive_class_probability
0.7878787878787878,0.863799061173804,master,iscx_url2016_binary,ISCX-URL2016-binary,1,1441,0.2717329813313219,0.0070009999999456,1.029861724028484e-06,0.7585857834602212,xgb,20261002,5303,1495,6798,20260903,0.997791216899824,0.5090289608177172,0.9993311036789296,r01,0.9988365265575048,S3-domain,s3,xgb_d6_lr01_balanced,"{""colsample_bytree"": 0.9, ""learning_rate"": 0.1, ""max_depth"": 6, ""n_estimators"": 200, ""reg_lambda"": 1.0, ""scale_pos_weight"": 3.537326264507809, ""subsample"": 0.9}",0.3,3862,5.402076300000317,1494,5.371670699999868,0.9995716479380692,0.9999982572993018,f_all,35,"[""url_length"", ""hostname_length"", ""path_length"", ""query_length"", ""fragment_length"", ""digit_count"", ""letter_count"", ""special_char_count"", ""digit_ratio"", ""letter_ratio"", ""special_char_ratio"", ""dot_count"", ""hyphen_count"", ""underscore_count"", ""slash_count"", ""question_mark_count"", ""equals_sign_count"", ""percent_sign_count"", ""at_sign_count"", ""subdomain_depth"", ""path_segment_count"", ""query_parameter_count"", ""has_port"", ""has_userinfo"", ""host_is_ip"", ""tld_length"", ""registrable_domain_length"", ""domain_digit_ratio"", ""domain_hyphen_ratio"", ""url_char_entropy"", ""longest_repeated_char_run"", ""char_type_transition_count"", ""token_count"", ""token_mean_length"", ""token_max_length""]",0.0385801999996147,0.0248661000000538,200,200,0.000124330500000269,raw_margin
0.969991173874669,0.9795647948375281,,iscx_url2016_binary,,5,199,0.037525928719592684,0.006637899999986985,9.764489555732546e-07,0.9581684353384285,xgb,20261002,5303,1495,6798,20260903,0.9987170086071137,0.8821788040260509,0.9966555183946488,r01,0.9993869816857626,S3-domain,s3,xgb_d6_lr01_balanced,"{""colsample_bytree"": 0.9, ""learning_rate"": 0.1, ""max_depth"": 6, ""n_estimators"": 200, ""reg_lambda"": 1.0, ""scale_pos_weight"": 3.537326264507809, ""subsample"": 0.9}",0.5,5104,4.868508399999996,1490,4.6138606000000095,0.9991428795707794,0.9999769714550605,f_single,15,"[""subdomain_depth"", ""url_length"", ""dot_count"", ""hostname_length"", ""hyphen_count"", ""token_max_length"", ""path_length"", ""longest_repeated_char_run"", ""token_mean_length"", ""tld_length"", ""digit_ratio"", ""registrable_domain_length"", ""slash_count"", ""token_count"", ""char_type_transition_count""]",0.03818050000000994,0.025782699999979286,200,200,0.00012891349999989644,raw_margin
0.7213886437187408,0.8207013509737973,,iscx_url2016_binary,,3,1891,0.3565906090891948,0.006451000000026852,9.489555751731174e-07,0.6972372270178311,xgb,20261002,5303,1495,6798,20260903,0.9949721646318077,0.4410286727756429,0.9979933110367893,r01,0.997699100086592,S3-domain,s3,xgb_d6_lr01_balanced,"{""colsample_bytree"": 0.9, ""learning_rate"": 0.1, ""max_depth"": 6, ""n_estimators"": 200, ""reg_lambda"": 1.0, ""scale_pos_weight"": 3.537326264507809, ""subsample"": 0.9}",0.62,3412,4.652185400000008,1492,4.403948300000025,0.998928338982753,0.9999482168935414,f_stable,12,"[""subdomain_depth"", ""url_length"", ""dot_count"", ""hostname_length"", ""hyphen_count"", ""token_max_length"", ""path_length"", ""token_mean_length"", ""longest_repeated_char_run"", ""tld_length"", ""token_count"", ""registrable_domain_length""]",0.03975120000001198,0.02632549999998446,200,200,0.0001316274999999223,raw_margin
0.776551927037364,0.8495743243711991,master,iscx_url2016_binary,ISCX-URL2016-binary,30,1489,0.280784461625495,0.0029073000000607,4.2766990292156325e-07,0.7462547920195509,lr,20261003,5303,1495,6798,20260904,0.5146871482940398,0.495937711577522,0.979933110367893,r02,0.8027061100645372,S3-domain,s3,lr_c01,"{""C"": 0.1, ""class_weight"": null}",0.67,3814,4.26879289999988,1465,4.247698000000128,0.9913656007239892,0.9941434053467052,f_all,35,"[""url_length"", ""hostname_length"", ""path_length"", ""query_length"", ""fragment_length"", ""digit_count"", ""letter_count"", ""special_char_count"", ""digit_ratio"", ""letter_ratio"", ""special_char_ratio"", ""dot_count"", ""hyphen_count"", ""underscore_count"", ""slash_count"", ""question_mark_count"", ""equals_sign_count"", ""percent_sign_count"", ""at_sign_count"", ""subdomain_depth"", ""path_segment_count"", ""query_parameter_count"", ""has_port"", ""has_userinfo"", ""host_is_ip"", ""tld_length"", ""registrable_domain_length"", ""domain_digit_ratio"", ""domain_hyphen_ratio"", ""url_char_entropy"", ""longest_repeated_char_run"", ""char_type_transition_count"", ""token_count"", ""token_mean_length"", ""token_max_length""]",0.0008396000002903,0.0049692000002323,200,200,2.48460000011615e-05,raw_log_odds
0.7769932333039129,0.8488965355005087,,iscx_url2016_binary,,34,1482,0.27946445408259474,0.0015681000000427048,2.3067078553143641e-07,0.7464331798250945,lr,20261003,5303,1495,6798,20260904,0.4923121063488317,0.4964322120285423,0.9772575250836121,r02,0.7916732940337299,S3-domain,s3,lr_c01,"{""C"": 0.1, ""class_weight"": null}",0.72,3821,4.4021702000000005,1461,4.223095999999998,0.9887419007703049,0.9939701311058631,f_single,15,"[""subdomain_depth"", ""dot_count"", ""hyphen_count"", ""hostname_length"", ""token_count"", ""registrable_domain_length"", ""special_char_count"", ""path_length"", ""question_mark_count"", ""char_type_transition_count"", ""letter_count"", ""equals_sign_count"", ""slash_count"", ""digit_ratio"", ""url_length""]",0.0006847999999877175,0.005208600000003116,200,200,2.604300000001558e-05,raw_log_odds
0.774786701971168,0.8465215940746609,,iscx_url2016_binary,,38,1493,0.2815387516500094,0.0011994999999842548,1.7644895557285303e-07,0.7441319671124598,lr,20261003,5303,1495,6798,20260904,0.4729386468917749,0.49389830508474575,0.974581939799331,r02,0.782245173269122,S3-domain,s3,lr_c1_balanced,"{""C"": 1.0, ""class_weight"": ""balanced""}",0.9,3810,4.195741399999974,1457,4.029774999999972,0.9896182100127905,0.9946350959008193,f_stable,13,"[""subdomain_depth"", ""dot_count"", ""hyphen_count"", ""token_count"", ""hostname_length"", ""registrable_domain_length"", ""special_char_count"", ""path_length"", ""char_type_transition_count"", ""question_mark_count"", ""slash_count"", ""equals_sign_count"", ""letter_count""]",0.0008723999999915577,0.0046201999999766485,200,200,2.3100999999883243e-05,raw_log_odds
0.875257428655487,0.9188444478641168,master,iscx_url2016_binary,ISCX-URL2016-binary,5,843,0.1589666226664152,0.0508832000000438,7.485025007361558e-06,0.8458301561749837,rf,20261003,5303,1495,6798,20260904,0.9978094564530846,0.6386626660951564,0.9966555183946488,r02,0.99879792910809,S3-domain,s3,rf_depth24_leaf2,"{""class_weight"": null, ""max_depth"": 24, ""max_features"": ""sqrt"", ""min_samples_leaf"": 2, ""n_estimators"": 200}",0.42,4460,9.325061000000003,1490,9.254474100000152,0.9991432958761384,0.9999924068041012,f_all,35,"[""url_length"", ""hostname_length"", ""path_length"", ""query_length"", ""fragment_length"", ""digit_count"", ""letter_count"", ""special_char_count"", ""digit_ratio"", ""letter_ratio"", ""special_char_ratio"", ""dot_count"", ""hyphen_count"", ""underscore_count"", ""slash_count"", ""question_mark_count"", ""equals_sign_count"", ""percent_sign_count"", ""at_sign_count"", ""subdomain_depth"", ""path_segment_count"", ""query_parameter_count"", ""has_port"", ""has_userinfo"", ""host_is_ip"", ""tld_length"", ""registrable_domain_length"", ""domain_digit_ratio"", ""domain_hyphen_ratio"", ""url_char_entropy"", ""longest_repeated_char_run"", ""char_type_transition_count"", ""token_count"", ""token_mean_length"", ""token_max_length""]",0.0127900000002227,3.1583120000000235,200,200,0.015791560000000118,positive_class_probability
0.9445425125036776,0.9622926254275204,,iscx_url2016_binary,,9,368,0.06939468225532718,0.04596670000000813,6.761797587526939e-06,0.9253189136655455,rf,20261003,5303,1495,6798,20260904,0.9966979512320346,0.8015102481121898,0.9939799331103679,r02,0.9980945978076396,S3-domain,s3,rf_depth24_leaf2,"{""class_weight"": null, ""max_depth"": 24, ""max_features"": ""sqrt"", ""min_samples_leaf"": 2, ""n_estimators"": 200}",0.57,4935,11.202750899999955,1486,7.339574900000002,0.997854067345662,0.9998463933813224,f_single,15,"[""url_length"", ""subdomain_depth"", ""hostname_length"", ""dot_count"", ""path_length"", ""hyphen_count"", ""token_count"", ""longest_repeated_char_run"", ""special_char_count"", ""token_max_length"", ""char_type_transition_count"", ""token_mean_length"", ""digit_ratio"", ""digit_count"", ""letter_count""]",0.011510699999973895,3.651575199999968,200,200,0.01825787599999984,positive_class_probability
0.863930567814063,0.9108639206557531,,iscx_url2016_binary,,8,917,0.17292098811993212,0.04212340000003678,6.196440129455249e-06,0.8336846775322537,rf,20261003,5303,1495,6798,20260904,0.9969817684718074,0.6185524126455907,0.9946488294314382,r02,0.9982584477644698,S3-domain,s3,rf_unlimited_leaf5_balanced,"{""class_weight"": ""balanced_subsample"", ""max_depth"": null, ""max_features"": ""sqrt"", ""min_samples_leaf"": 5, ""n_estimators"": 200}",0.55,4386,10.481464700000004,1487,7.456537099999991,0.9980691312213257,0.9999173461954602,f_stable,13,"[""url_length"", ""subdomain_depth"", ""hostname_length"", ""dot_count"", ""path_length"", ""hyphen_count"", ""token_count"", ""longest_repeated_char_run"", ""special_char_count"", ""token_max_length"", ""char_type_transition_count"", ""token_mean_length"", ""digit_count""]",0.011208000000010543,2.8159178000000225,200,200,0.014079589000000113,positive_class_probability
0.7749338040600177,0.8552617089966744,master,iscx_url2016_binary,ISCX-URL2016-binary,2,1528,0.2881387893645106,0.0079376999997293,1.16765225062215e-06,0.7463512016013547,xgb,20261003,5303,1495,6798,20260904,0.9965491984629335,0.4942072161535915,0.9986622073578596,r02,0.9981395020298348,S3-domain,s3,xgb_d6_lr01_balanced,"{""colsample_bytree"": 0.9, ""learning_rate"": 0.1, ""max_depth"": 6, ""n_estimators"": 200, ""reg_lambda"": 1.0, ""scale_pos_weight"": 3.537326264507809, ""subsample"": 0.9}",0.16,3775,5.909859599999891,1493,5.878750500000024,0.9995718557820568,0.9999935271116928,f_all,35,"[""url_length"", ""hostname_length"", ""path_length"", ""query_length"", ""fragment_length"", ""digit_count"", ""letter_count"", ""special_char_count"", ""digit_ratio"", ""letter_ratio"", ""special_char_ratio"", ""dot_count"", ""hyphen_count"", ""underscore_count"", ""slash_count"", ""question_mark_count"", ""equals_sign_count"", ""percent_sign_count"", ""at_sign_count"", ""subdomain_depth"", ""path_segment_count"", ""query_parameter_count"", ""has_port"", ""has_userinfo"", ""host_is_ip"", ""tld_length"", ""registrable_domain_length"", ""domain_digit_ratio"", ""domain_hyphen_ratio"", ""url_char_entropy"", ""longest_repeated_char_run"", ""char_type_transition_count"", ""token_count"", ""token_mean_length"", ""token_max_length""]",0.0357904000002236,0.0248716000000968,200,200,0.00012435800000048402,raw_margin
0.8000882612533098,0.8709043344557287,,iscx_url2016_binary,,4,1355,0.25551574580426173,0.007142699999974411,1.0507060900227143e-06,0.7700494736217223,xgb,20261003,5303,1495,6798,20260904,0.9974541608327581,0.5238931834153198,0.9973244147157191,r02,0.998590310148165,S3-domain,s3,xgb_d6_lr01_balanced,"{""colsample_bytree"": 0.9, ""learning_rate"": 0.1, ""max_depth"": 6, ""n_estimators"": 200, ""reg_lambda"": 1.0, ""scale_pos_weight"": 3.537326264507809, ""subsample"": 0.9}",0.15,3948,5.9196668999999815,1491,5.564218299999993,0.9995718557820568,0.999991535453752,f_single,15,"[""url_length"", ""subdomain_depth"", ""dot_count"", ""hostname_length"", ""hyphen_count"", ""token_max_length"", ""path_length"", ""longest_repeated_char_run"", ""token_mean_length"", ""special_char_ratio"", ""tld_length"", ""digit_ratio"", ""token_count"", ""registrable_domain_length"", ""slash_count""]",0.11385030000002416,0.029093900000020767,200,200,0.00014546950000010383,raw_margin
0.8192115328037658,0.8824410616316756,,iscx_url2016_binary,,7,1222,0.2304356024891571,0.007778000000030261,1.1441600470771198e-06,0.7884294561380207,xgb,20261003,5303,1495,6798,20260904,0.996252380266617,0.5490774907749078,0.9953177257525083,r02,0.9977132903253474,S3-domain,s3,xgb_d6_lr005,"{""colsample_bytree"": 0.9, ""learning_rate"": 0.05, ""max_depth"": 6, ""n_estimators"": 250, ""reg_lambda"": 1.0, ""scale_pos_weight"": 1.0, ""subsample"": 0.9}",0.37,4081,4.836637800000005,1488,4.546210099999996,0.9993573158505307,0.9999714943957234,f_stable,12,"[""url_length"", ""subdomain_depth"", ""dot_count"", ""hostname_length"", ""hyphen_count"", ""path_length"", ""token_mean_length"", ""token_max_length"", ""longest_repeated_char_run"", ""digit_ratio"", ""tld_length"", ""registrable_domain_length""]",0.05392840000001797,0.03288989999998648,200,200,0.0001644494999999324,raw_margin
0.9921500218054948,0.9823764412757168,master,iscx_url2016_binary,ISCX-URL2016-binary,52,2,0.0003711952487008,0.0043140000002495,6.271260357972826e-07,0.9882972728228164,lr,20261004,5388,1491,6879,20260905,0.9916237739629098,0.9986120749479528,0.965124077800134,r03,0.995368150501624,S3-domain,s3,lr_c1,"{""C"": 1.0, ""class_weight"": null}",0.88,5386,4.370213299999705,1439,4.343910300000061,0.7469620073232079,0.8056343446663938,f_all,35,"[""url_length"", ""hostname_length"", ""path_length"", ""query_length"", ""fragment_length"", ""digit_count"", ""letter_count"", ""special_char_count"", ""digit_ratio"", ""letter_ratio"", ""special_char_ratio"", ""dot_count"", ""hyphen_count"", ""underscore_count"", ""slash_count"", ""question_mark_count"", ""equals_sign_count"", ""percent_sign_count"", ""at_sign_count"", ""subdomain_depth"", ""path_segment_count"", ""query_parameter_count"", ""has_port"", ""has_userinfo"", ""host_is_ip"", ""tld_length"", ""registrable_domain_length"", ""domain_digit_ratio"", ""domain_hyphen_ratio"", ""url_char_entropy"", ""longest_repeated_char_run"", ""char_type_transition_count"", ""token_count"", ""token_mean_length"", ""token_max_length""]",0.0006983999996919,0.0048784000000523,200,200,2.43920000002615e-05,raw_log_odds
0.8687309201918884,0.912079380514714,,iscx_url2016_binary,,17,886,0.16443949517446177,0.006862499999954252,9.976013955450287e-07,0.83718388858503,lr,20261004,5388,1491,6879,20260905,0.9920968711862375,0.6245762711864407,0.98859825620389,r03,0.995470471928328,S3-domain,s3,lr_c1,"{""C"": 1.0, ""class_weight"": null}",0.39,4502,5.774310899999989,1474,5.348350499999981,0.7462185796584774,0.7993080208905542,f_single,15,"[""subdomain_depth"", ""dot_count"", ""char_type_transition_count"", ""token_count"", ""special_char_count"", ""registrable_domain_length"", ""hyphen_count"", ""slash_count"", ""url_length"", ""domain_hyphen_ratio"", ""equals_sign_count"", ""digit_ratio"", ""path_length"", ""special_char_ratio"", ""percent_sign_count""]",0.0021775000000161526,0.01074239999996962,200,200,5.371199999984811e-05,raw_log_odds
0.8681494403256287,0.9114656386724206,,iscx_url2016_binary,,18,889,0.16499628804751298,0.0013103000000000975,1.904782671900127e-07,0.8365145497853801,lr,20261004,5388,1491,6879,20260905,0.991648747438763,0.6236240474174428,0.9879275653923542,r03,0.9952854966970842,S3-domain,s3,lr_c1,"{""C"": 1.0, ""class_weight"": null}",0.4,4499,6.461386300000015,1473,6.264194199999963,0.7460235633207145,0.7983032258512094,f_stable,13,"[""subdomain_depth"", ""char_type_transition_count"", ""dot_count"", ""token_count"", ""special_char_count"", ""registrable_domain_length"", ""hyphen_count"", ""slash_count"", ""url_length"", ""path_length"", ""special_char_ratio"", ""digit_ratio"", ""equals_sign_count""]",0.0010198999999602165,0.0052956999999764776,200,200,2.647849999988239e-05,raw_log_odds
0.9997092600668702,0.999329309188464,master,iscx_url2016_binary,ISCX-URL2016-binary,2,0,0.0,0.0443036000001484,6.440412850726622e-06,0.9995716479380692,rf,20261004,5388,1491,6879,20260905,0.9999880551434466,1.0,0.9986586183769284,r03,0.999996639077225,S3-domain,s3,rf_depth16_leaf1,"{""class_weight"": null, ""max_depth"": 16, ""max_features"": ""sqrt"", ""min_samples_leaf"": 1, ""n_estimators"": 200}",0.64,5388,8.385132800000065,1489,8.321253699999943,0.9987119392381936,0.9992415475054506,f_all,35,"[""url_length"", ""hostname_length"", ""path_length"", ""query_length"", ""fragment_length"", ""digit_count"", ""letter_count"", ""special_char_count"", ""digit_ratio"", ""letter_ratio"", ""special_char_ratio"", ""dot_count"", ""hyphen_count"", ""underscore_count"", ""slash_count"", ""question_mark_count"", ""equals_sign_count"", ""percent_sign_count"", ""at_sign_count"", ""subdomain_depth"", ""path_segment_count"", ""query_parameter_count"", ""has_port"", ""has_userinfo"", ""host_is_ip"", ""tld_length"", ""registrable_domain_length"", ""domain_digit_ratio"", ""domain_hyphen_ratio"", ""url_char_entropy"", ""longest_repeated_char_run"", ""char_type_transition_count"", ""token_count"", ""token_mean_length"", ""token_max_length""]",0.0099019999997835,3.0468149999996967,200,200,0.015234074999998484,positive_class_probability
0.9992731501671754,0.9983232729711603,,iscx_url2016_binary,,5,0,0.0,0.04609909999999218,6.701424625671199e-06,0.998928338982753,rf,20261004,5388,1491,6879,20260905,0.9997733619974827,1.0,0.9966465459423206,r03,0.9999148566230345,S3-domain,s3,rf_depth16_leaf1,"{""class_weight"": null, ""max_depth"": 16, ""max_features"": ""sqrt"", ""min_samples_leaf"": 1, ""n_estimators"": 200}",0.6,5388,11.36593780000004,1486,7.617055300000004,0.9984976243009411,0.9993493933199924,f_single,15,"[""subdomain_depth"", ""url_length"", ""hostname_length"", ""dot_count"", ""hyphen_count"", ""path_length"", ""token_count"", ""longest_repeated_char_run"", ""special_char_count"", ""token_max_length"", ""token_mean_length"", ""char_type_transition_count"", ""digit_count"", ""registrable_domain_length"", ""slash_count""]",0.011358499999971627,3.5053176999999778,200,200,0.017526588499999888,positive_class_probability
0.9985463003343509,0.9966465459423206,,iscx_url2016_binary,,10,0,0.0,0.047692799999992985,6.93310074138581e-06,0.997854067345662,rf,20261004,5388,1491,6879,20260905,0.9999389689688194,1.0,0.9932930918846412,r03,0.9999824485143973,S3-domain,s3,rf_depth16_leaf1,"{""class_weight"": null, ""max_depth"": 16, ""max_features"": ""sqrt"", ""min_samples_leaf"": 1, ""n_estimators"": 200}",0.73,5388,12.301975200000015,1481,8.840699799999982,0.9976379862153636,0.9986392507049395,f_stable,13,"[""subdomain_depth"", ""url_length"", ""hostname_length"", ""dot_count"", ""hyphen_count"", ""path_length"", ""token_count"", ""longest_repeated_char_run"", ""special_char_count"", ""token_max_length"", ""char_type_transition_count"", ""digit_count"", ""registrable_domain_length""]",0.012492199999996956,3.2013565000000312,200,200,0.016006782500000157,positive_class_probability
0.9997092600668702,0.999329309188464,master,iscx_url2016_binary,ISCX-URL2016-binary,2,0,0.0,0.0090688999998747,1.318345689762277e-06,0.9995716479380692,xgb,20261004,5388,1491,6879,20260905,0.9999995504753274,1.0,0.9986586183769284,r03,0.9999998755213786,S3-domain,s3,xgb_d6_lr005,"{""colsample_bytree"": 0.9, ""learning_rate"": 0.05, ""max_depth"": 6, ""n_estimators"": 250, ""reg_lambda"": 1.0, ""scale_pos_weight"": 1.0, ""subsample"": 0.9}",0.65,5388,5.765168399999766,1489,5.72094369999968,0.999356434517212,0.9994415983380392,f_all,35,"[""url_length"", ""hostname_length"", ""path_length"", ""query_length"", ""fragment_length"", ""digit_count"", ""letter_count"", ""special_char_count"", ""digit_ratio"", ""letter_ratio"", ""special_char_ratio"", ""dot_count"", ""hyphen_count"", ""underscore_count"", ""slash_count"", ""question_mark_count"", ""equals_sign_count"", ""percent_sign_count"", ""at_sign_count"", ""subdomain_depth"", ""path_segment_count"", ""query_parameter_count"", ""has_port"", ""has_userinfo"", ""host_is_ip"", ""tld_length"", ""registrable_domain_length"", ""domain_digit_ratio"", ""domain_hyphen_ratio"", ""url_char_entropy"", ""longest_repeated_char_run"", ""char_type_transition_count"", ""token_count"", ""token_mean_length"", ""token_max_length""]",0.0388347000002795,0.0255465000000185,200,200,0.0001277325000000925,raw_margin
0.9997092600668702,0.9993293091884641,,iscx_url2016_binary,,2,0,0.0,0.006229099999984555,9.055240587272213e-07,0.9995716479380692,xgb,20261004,5388,1491,6879,20260905,0.9999435294929744,1.0,0.9986586183769283,r03,0.9999831953861252,S3-domain,s3,xgb_d4_lr005,"{""colsample_bytree"": 0.9, ""learning_rate"": 0.05, ""max_depth"": 4, ""n_estimators"": 300, ""reg_lambda"": 1.0, ""scale_pos_weight"": 1.0, ""subsample"": 0.9}",0.56,5388,6.049816000000021,1489,5.733459499999981,0.9987125593328086,0.9995872847892623,f_single,15,"[""url_length"", ""subdomain_depth"", ""dot_count"", ""hostname_length"", ""hyphen_count"", ""token_max_length"", ""path_length"", ""token_mean_length"", ""longest_repeated_char_run"", ""token_count"", ""registrable_domain_length"", ""slash_count"", ""digit_ratio"", ""tld_length"", ""percent_sign_count""]",0.050851700000009714,0.0160420000000272,200,200,8.0210000000136e-05,raw_margin
0.9997092600668702,0.9993293091884641,,iscx_url2016_binary,,2,0,0.0,0.00599699999997938,8.717836894867539e-07,0.9995716479380692,xgb,20261004,5388,1491,6879,20260905,0.9999479174096509,1.0,0.9986586183769283,r03,0.9999846891295807,S3-domain,s3,xgb_d4_lr005,"{""colsample_bytree"": 0.9, ""learning_rate"": 0.05, ""max_depth"": 4, ""n_estimators"": 300, ""reg_lambda"": 1.0, ""scale_pos_weight"": 1.0, ""subsample"": 0.9}",0.58,5388,5.2155888000000346,1489,4.927359800000033,0.9987119392381936,0.9994007304504233,f_stable,15,"[""url_length"", ""subdomain_depth"", ""dot_count"", ""hostname_length"", ""hyphen_count"", ""token_max_length"", ""path_length"", ""longest_repeated_char_run"", ""token_mean_length"", ""tld_length"", ""registrable_domain_length"", ""token_count"", ""slash_count"", ""digit_ratio"", ""percent_sign_count""]",0.055298499999992146,0.016384800000025734,200,200,8.192400000012868e-05,raw_margin
0.7772874374816122,0.8512465651738745,master,iscx_url2016_binary,ISCX-URL2016-binary,25,1489,0.280784461625495,0.002842899999905,4.181965283767369e-07,0.7472357751770031,lr,20261005,5303,1495,6798,20260906,0.4878883614382716,0.4967894558972626,0.9832775919732442,r04,0.7943971891975072,S3-domain,s3,lr_c01,"{""C"": 0.1, ""class_weight"": null}",0.68,3814,3.559244800000215,1470,3.5358704000000216,0.9939707760498836,0.9959568099017266,f_all,35,"[""url_length"", ""hostname_length"", ""path_length"", ""query_length"", ""fragment_length"", ""digit_count"", ""letter_count"", ""special_char_count"", ""digit_ratio"", ""letter_ratio"", ""special_char_ratio"", ""dot_count"", ""hyphen_count"", ""underscore_count"", ""slash_count"", ""question_mark_count"", ""equals_sign_count"", ""percent_sign_count"", ""at_sign_count"", ""subdomain_depth"", ""path_segment_count"", ""query_parameter_count"", ""has_port"", ""has_userinfo"", ""host_is_ip"", ""tld_length"", ""registrable_domain_length"", ""domain_digit_ratio"", ""domain_hyphen_ratio"", ""url_char_entropy"", ""longest_repeated_char_run"", ""char_type_transition_count"", ""token_count"", ""token_mean_length"", ""token_max_length""]",0.0010683000000426,0.0069545999999718,200,200,3.4772999999859e-05,raw_log_odds
0.774786701971168,0.8460412702597192,,iscx_url2016_binary,,40,1491,0.2811616066377522,0.0012388999999757289,1.822447778722755e-07,0.7440134017571974,lr,20261005,5303,1495,6798,20260906,0.46175347470555,0.4938900203665988,0.9732441471571907,r04,0.7789445868023211,S3-domain,s3,lr_c1_balanced,"{""C"": 1.0, ""class_weight"": ""balanced""}",0.89,3812,3.869607999999971,1455,3.712684300000035,0.9924616193524335,0.9966135591076775,f_single,15,"[""subdomain_depth"", ""dot_count"", ""hyphen_count"", ""token_count"", ""special_char_count"", ""hostname_length"", ""char_type_transition_count"", ""registrable_domain_length"", ""path_length"", ""question_mark_count"", ""letter_count"", ""slash_count"", ""digit_ratio"", ""domain_hyphen_ratio"", ""equals_sign_count""]",0.0006844000000114647,0.004941299999984494,200,200,2.470649999992247e-05,raw_log_odds
0.7737569873492204,0.8432198093210318,,iscx_url2016_binary,,49,1489,0.28078446162549503,0.0012140000000044893,1.7858193586414964e-07,0.7425138245227603,lr,20261005,5303,1495,6798,20260906,0.46581387409715497,0.49267461669505963,0.9672240802675586,r04,0.7818923723997964,S3-domain,s3,lr_c1,"{""C"": 1.0, ""class_weight"": null}",0.76,3814,3.7915758000000324,1446,3.6343694000000255,0.9926679923378912,0.9952420536582524,f_stable,13,"[""subdomain_depth"", ""dot_count"", ""hyphen_count"", ""token_count"", ""hostname_length"", ""special_char_count"", ""registrable_domain_length"", ""path_length"", ""char_type_transition_count"", ""question_mark_count"", ""slash_count"", ""letter_count"", ""equals_sign_count""]",0.0006822000000283879,0.004760699999962981,200,200,2.3803499999814903e-05,raw_log_odds
0.8967343336275375,0.9321299169965634,master,iscx_url2016_binary,ISCX-URL2016-binary,7,695,0.1310578917593814,0.0346737999998367,5.100588408331388e-06,0.8691775001998443,rf,20261005,5303,1495,6798,20260906,0.9975554196842292,0.6816307833256986,0.9953177257525084,r04,0.9984230545340336,S3-domain,s3,rf_depth24_leaf2,"{""class_weight"": null, ""max_depth"": 24, ""max_features"": ""sqrt"", ""min_samples_leaf"": 2, ""n_estimators"": 200}",0.43,4608,7.7988743999999315,1488,7.748035900000104,0.9989288597508844,0.9994700945091484,f_all,35,"[""url_length"", ""hostname_length"", ""path_length"", ""query_length"", ""fragment_length"", ""digit_count"", ""letter_count"", ""special_char_count"", ""digit_ratio"", ""letter_ratio"", ""special_char_ratio"", ""dot_count"", ""hyphen_count"", ""underscore_count"", ""slash_count"", ""question_mark_count"", ""equals_sign_count"", ""percent_sign_count"", ""at_sign_count"", ""subdomain_depth"", ""path_segment_count"", ""query_parameter_count"", ""has_port"", ""has_userinfo"", ""host_is_ip"", ""tld_length"", ""registrable_domain_length"", ""domain_digit_ratio"", ""domain_hyphen_ratio"", ""url_char_entropy"", ""longest_repeated_char_run"", ""char_type_transition_count"", ""token_count"", ""token_mean_length"", ""token_max_length""]",0.0098809000000983,2.988170600000103,200,200,0.014940853000000516,positive_class_probability
0.8264195351573992,0.8865807642168848,,iscx_url2016_binary,,9,1171,0.22081840467659816,0.03937210000003688,5.791718152403189e-06,0.7954262791557413,rf,20261005,5303,1495,6798,20260906,0.9959254674026796,0.5592773805043282,0.9939799331103679,r04,0.9973842029216756,S3-domain,s3,rf_unlimited_leaf5_balanced,"{""class_weight"": ""balanced_subsample"", ""max_depth"": null, ""max_features"": ""sqrt"", ""min_samples_leaf"": 5, ""n_estimators"": 200}",0.61,4132,9.39899760000003,1486,6.574836600000026,0.9980700713931125,0.9996406302203222,f_single,15,"[""subdomain_depth"", ""url_length"", ""hostname_length"", ""dot_count"", ""hyphen_count"", ""path_length"", ""token_count"", ""longest_repeated_char_run"", ""special_char_count"", ""token_max_length"", ""digit_count"", ""token_mean_length"", ""special_char_ratio"", ""char_type_transition_count"", ""question_mark_count""]",0.009657300000014857,2.6320719999999937,200,200,0.013160359999999968,positive_class_probability
0.7794939688143572,0.856743611396843,,iscx_url2016_binary,,8,1491,0.2811616066377522,0.03972809999999072,5.844086496026878e-06,0.7502840860428015,rf,20261005,5303,1495,6798,20260906,0.9956842316743681,0.49932840832773673,0.9946488294314382,r04,0.9972350477454233,S3-domain,s3,rf_unlimited_leaf5_balanced,"{""class_weight"": ""balanced_subsample"", ""max_depth"": null, ""max_features"": ""sqrt"", ""min_samples_leaf"": 5, ""n_estimators"": 200}",0.6,3812,9.214626699999997,1487,6.883670800000004,0.9987136939702371,0.999772328601652,f_stable,11,"[""subdomain_depth"", ""url_length"", ""hostname_length"", ""dot_count"", ""path_length"", ""hyphen_count"", ""token_count"", ""longest_repeated_char_run"", ""special_char_count"", ""token_max_length"", ""char_type_transition_count""]",0.010758999999950447,2.135308500000008,200,200,0.010676542500000039,positive_class_probability
0.7889085025007355,0.8642189030377831,master,iscx_url2016_binary,ISCX-URL2016-binary,2,1433,0.270224401282293,0.0070934000000306,1.0434539570507017e-06,0.7595047663892975,xgb,20261005,5303,1495,6798,20260906,0.9974520704310144,0.5102529049897471,0.9986622073578596,r04,0.9985416218623018,S3-domain,s3,xgb_d6_lr01_balanced,"{""colsample_bytree"": 0.9, ""learning_rate"": 0.1, ""max_depth"": 6, ""n_estimators"": 200, ""reg_lambda"": 1.0, ""scale_pos_weight"": 3.537326264507809, ""subsample"": 0.9}",0.32,3870,4.580456700000013,1493,4.552219200000309,0.9989288597508844,0.9998867244546218,f_all,35,"[""url_length"", ""hostname_length"", ""path_length"", ""query_length"", ""fragment_length"", ""digit_count"", ""letter_count"", ""special_char_count"", ""digit_ratio"", ""letter_ratio"", ""special_char_ratio"", ""dot_count"", ""hyphen_count"", ""underscore_count"", ""slash_count"", ""question_mark_count"", ""equals_sign_count"", ""percent_sign_count"", ""at_sign_count"", ""subdomain_depth"", ""path_segment_count"", ""query_parameter_count"", ""has_port"", ""has_userinfo"", ""host_is_ip"", ""tld_length"", ""registrable_domain_length"", ""domain_digit_ratio"", ""domain_hyphen_ratio"", ""url_char_entropy"", ""longest_repeated_char_run"", ""char_type_transition_count"", ""token_count"", ""token_mean_length"", ""token_max_length""]",0.0390625,0.0280906000002687,200,200,0.00014045300000134348,raw_margin
0.8570167696381289,0.9076332762990849,,iscx_url2016_binary,,3,969,0.18272675843861966,0.00637810000000627,9.382318328929495e-07,0.826733697225497,xgb,20261005,5303,1495,6798,20260906,0.998493359413293,0.6062576188541243,0.9979933110367893,r04,0.9991547663119948,S3-domain,s3,xgb_d6_lr01_balanced,"{""colsample_bytree"": 0.9, ""learning_rate"": 0.1, ""max_depth"": 6, ""n_estimators"": 200, ""reg_lambda"": 1.0, ""scale_pos_weight"": 3.537326264507809, ""subsample"": 0.9}",0.5,4334,4.438388900000007,1492,4.19856980000003,0.998928338982753,0.9998012076417924,f_single,15,"[""subdomain_depth"", ""url_length"", ""dot_count"", ""hostname_length"", ""hyphen_count"", ""token_max_length"", ""longest_repeated_char_run"", ""token_mean_length"", ""path_length"", ""digit_ratio"", ""token_count"", ""tld_length"", ""query_length"", ""registrable_domain_length"", ""path_segment_count""]",0.0354263999999489,0.02379550000000563,200,200,0.00011897750000002815,raw_margin
0.9189467490438364,0.9468474650242149,,iscx_url2016_binary,,5,546,0.10296058834621911,0.0056991999999809195,8.38364224769185e-07,0.8946046956465219,xgb,20261005,5303,1495,6798,20260906,0.9980438801831487,0.731827111984283,0.9966555183946488,r04,0.9988242914183112,S3-domain,s3,xgb_d6_lr01_balanced,"{""colsample_bytree"": 0.9, ""learning_rate"": 0.1, ""max_depth"": 6, ""n_estimators"": 200, ""reg_lambda"": 1.0, ""scale_pos_weight"": 3.537326264507809, ""subsample"": 0.9}",0.71,4757,4.542413500000009,1490,4.242603200000019,0.9987136939702371,0.999141719906173,f_stable,13,"[""url_length"", ""subdomain_depth"", ""dot_count"", ""hostname_length"", ""hyphen_count"", ""token_max_length"", ""token_mean_length"", ""longest_repeated_char_run"", ""path_length"", ""digit_ratio"", ""registrable_domain_length"", ""tld_length"", ""token_count""]",0.10305010000001857,0.023273700000004283,200,200,0.00011636850000002142,raw_margin
0.9911324320395406,0.980029023435341,master,iscx_url2016_binary,ISCX-URL2016-binary,59,2,0.0003711952487008,0.0028753999999935,4.1799680185979546e-07,0.9867571783273804,lr,20261006,5388,1491,6879,20260907,0.9901725503944492,0.99860529986053,0.960429242119383,r05,0.9946706967865095,S3-domain,s3,lr_c1,"{""C"": 1.0, ""class_weight"": null}",0.86,5386,3.7085830000000897,1432,3.687842299999829,0.74998129040865,0.8098646755764548,f_all,35,"[""url_length"", ""hostname_length"", ""path_length"", ""query_length"", ""fragment_length"", ""digit_count"", ""letter_count"", ""special_char_count"", ""digit_ratio"", ""letter_ratio"", ""special_char_ratio"", ""dot_count"", ""hyphen_count"", ""underscore_count"", ""slash_count"", ""question_mark_count"", ""equals_sign_count"", ""percent_sign_count"", ""at_sign_count"", ""subdomain_depth"", ""path_segment_count"", ""query_parameter_count"", ""has_port"", ""has_userinfo"", ""host_is_ip"", ""tld_length"", ""registrable_domain_length"", ""domain_digit_ratio"", ""domain_hyphen_ratio"", ""url_char_entropy"", ""longest_repeated_char_run"", ""char_type_transition_count"", ""token_count"", ""token_mean_length"", ""token_max_length""]",0.0006851999996797,0.0051275999999234,200,200,2.5637999999617e-05,raw_log_odds
0.9927315016717546,0.9839603694923812,,iscx_url2016_binary,,47,3,0.0005567928730512249,0.0011805999999978667,1.716237825262199e-07,0.9891802740305187,lr,20261006,5388,1491,6879,20260907,0.9900696318512512,0.9979267449896337,0.9684775318578136,r05,0.9944386686364163,S3-domain,s3,lr_c1,"{""C"": 1.0, ""class_weight"": null}",0.77,5385,3.626557899999966,1444,3.489762999999982,0.7500680260339171,0.8041455678838948,f_single,15,"[""subdomain_depth"", ""dot_count"", ""token_count"", ""special_char_count"", ""char_type_transition_count"", ""hyphen_count"", ""registrable_domain_length"", ""path_length"", ""slash_count"", ""special_char_ratio"", ""question_mark_count"", ""equals_sign_count"", ""digit_ratio"", ""url_length"", ""domain_hyphen_ratio""]",0.0006698000000255888,0.004637500000001182,200,200,2.318750000000591e-05,raw_log_odds
0.9927315016717546,0.9837178228987884,,iscx_url2016_binary,,48,2,0.0003711952487008166,0.0011680999999725827,1.6980665794048303e-07,0.9891749045868317,lr,20261006,5388,1491,6879,20260907,0.9897418496742217,0.9986159169550173,0.9678068410462777,r05,0.9942334033899014,S3-domain,s3,lr_c1,"{""C"": 1.0, ""class_weight"": null}",0.8,5386,3.934050500000012,1443,3.7784068000000275,0.7491093467926397,0.8014472782176051,f_stable,12,"[""subdomain_depth"", ""token_count"", ""dot_count"", ""special_char_count"", ""char_type_transition_count"", ""registrable_domain_length"", ""hyphen_count"", ""slash_count"", ""equals_sign_count"", ""path_length"", ""question_mark_count"", ""special_char_ratio""]",0.0007507999999916137,0.004525999999998476,200,200,2.262999999999238e-05,raw_log_odds
0.9978194505015264,0.9949698189134808,master,iscx_url2016_binary,ISCX-URL2016-binary,15,0,0.0,0.0455216000000291,6.617473469985338e-06,0.996777170504687,rf,20261006,5388,1491,6879,20260907,0.9986189075498244,1.0,0.9899396378269618,r05,0.9993608022796516,S3-domain,s3,rf_depth24_leaf2,"{""class_weight"": null, ""max_depth"": 24, ""max_features"": ""sqrt"", ""min_samples_leaf"": 2, ""n_estimators"": 200}",0.6,5388,7.806702600000335,1476,7.741184699999849,0.9995710595019596,0.999845105660518,f_all,35,"[""url_length"", ""hostname_length"", ""path_length"", ""query_length"", ""fragment_length"", ""digit_count"", ""letter_count"", ""special_char_count"", ""digit_ratio"", ""letter_ratio"", ""special_char_ratio"", ""dot_count"", ""hyphen_count"", ""underscore_count"", ""slash_count"", ""question_mark_count"", ""equals_sign_count"", ""percent_sign_count"", ""at_sign_count"", ""subdomain_depth"", ""path_segment_count"", ""query_parameter_count"", ""has_port"", ""has_userinfo"", ""host_is_ip"", ""tld_length"", ""registrable_domain_length"", ""domain_digit_ratio"", ""domain_hyphen_ratio"", ""url_char_entropy"", ""longest_repeated_char_run"", ""char_type_transition_count"", ""token_count"", ""token_mean_length"", ""token_max_length""]",0.0105110999998032,2.964737299999797,200,200,0.014823686499998984,positive_class_probability
0.9975287105683965,0.994299128101945,,iscx_url2016_binary,,17,0,0.0,0.03077950000005103,4.474414885891995e-06,0.9963456734261433,rf,20261006,5388,1491,6879,20260907,0.9990383461509015,1.0,0.98859825620389,r05,0.9995838679690118,S3-domain,s3,rf_depth16_leaf1,"{""class_weight"": null, ""max_depth"": 16, ""max_features"": ""sqrt"", ""min_samples_leaf"": 1, ""n_estimators"": 200}",0.69,5388,10.130156399999976,1474,6.91694369999999,0.9984976243009411,0.9992984345959282,f_single,15,"[""subdomain_depth"", ""url_length"", ""hostname_length"", ""dot_count"", ""hyphen_count"", ""path_length"", ""longest_repeated_char_run"", ""token_count"", ""special_char_count"", ""token_max_length"", ""char_type_transition_count"", ""digit_ratio"", ""token_mean_length"", ""digit_count"", ""question_mark_count""]",0.0149316999999769,3.021060499999976,200,200,0.01510530249999988,positive_class_probability
0.9972379706352668,0.9936284372904092,,iscx_url2016_binary,,19,0,0.0,0.03417539999998098,4.968076755339582e-06,0.9959137530234323,rf,20261006,5388,1491,6879,20260907,0.999068739675337,1.0,0.9872568745808182,r05,0.9995895939855913,S3-domain,s3,rf_depth24_leaf2,"{""class_weight"": null, ""max_depth"": 24, ""max_features"": ""sqrt"", ""min_samples_leaf"": 2, ""n_estimators"": 200}",0.71,5388,9.558657299999993,1472,6.300082799999984,0.9984969003188677,0.9992749734011859,f_stable,13,"[""subdomain_depth"", ""url_length"", ""hostname_length"", ""dot_count"", ""path_length"", ""hyphen_count"", ""token_count"", ""longest_repeated_char_run"", ""special_char_count"", ""token_max_length"", ""char_type_transition_count"", ""token_mean_length"", ""digit_count""]",0.010495099999957347,3.0655669999999873,200,200,0.015327834999999936,positive_class_probability
0.9979648204680912,0.9953051643192488,master,iscx_url2016_binary,ISCX-URL2016-binary,14,0,0.0,0.0080228000001625,1.166274167780569e-06,0.9969927605924422,xgb,20261006,5388,1491,6879,20260907,0.9995791137082864,1.0,0.9906103286384976,r05,0.9998583433289666,S3-domain,s3,xgb_d6_lr005,"{""colsample_bytree"": 0.9, ""learning_rate"": 0.05, ""max_depth"": 6, ""n_estimators"": 250, ""reg_lambda"": 1.0, ""scale_pos_weight"": 1.0, ""subsample"": 0.9}",0.76,5388,4.543962199999896,1477,4.516707199999928,0.9995710595019596,0.9998177342666515,f_all,35,"[""url_length"", ""hostname_length"", ""path_length"", ""query_length"", ""fragment_length"", ""digit_count"", ""letter_count"", ""special_char_count"", ""digit_ratio"", ""letter_ratio"", ""special_char_ratio"", ""dot_count"", ""hyphen_count"", ""underscore_count"", ""slash_count"", ""question_mark_count"", ""equals_sign_count"", ""percent_sign_count"", ""at_sign_count"", ""subdomain_depth"", ""path_segment_count"", ""query_parameter_count"", ""has_port"", ""has_userinfo"", ""host_is_ip"", ""tld_length"", ""registrable_domain_length"", ""domain_digit_ratio"", ""domain_hyphen_ratio"", ""url_char_entropy"", ""longest_repeated_char_run"", ""char_type_transition_count"", ""token_count"", ""token_mean_length"", ""token_max_length""]",0.0416642000000138,0.0261279000001195,200,200,0.0001306395000005975,raw_margin
0.9979648204680913,0.9953051643192488,,iscx_url2016_binary,,14,0,0.0,0.005468199999995704,7.949120511696037e-07,0.9969927605924422,xgb,20261006,5388,1491,6879,20260907,0.9989193665088152,1.0,0.9906103286384976,r05,0.999453414373895,S3-domain,s3,xgb_d4_lr005,"{""colsample_bytree"": 0.9, ""learning_rate"": 0.05, ""max_depth"": 4, ""n_estimators"": 300, ""reg_lambda"": 1.0, ""scale_pos_weight"": 1.0, ""subsample"": 0.9}",0.63,5388,4.461924399999987,1477,4.226010599999995,0.9997855812912327,0.9998752520344072,f_single,15,"[""url_length"", ""subdomain_depth"", ""dot_count"", ""hostname_length"", ""hyphen_count"", ""token_max_length"", ""path_length"", ""digit_ratio"", ""longest_repeated_char_run"", ""tld_length"", ""slash_count"", ""registrable_domain_length"", ""token_mean_length"", ""token_count"", ""url_char_entropy""]",0.041538400000035836,0.015402199999982713,200,200,7.701099999991356e-05,raw_margin
0.9979648204680913,0.9953051643192488,,iscx_url2016_binary,,14,0,0.0,0.005709899999999379,8.300479720888761e-07,0.9969927605924422,xgb,20261006,5388,1491,6879,20260907,0.9992223554479708,1.0,0.9906103286384976,r05,0.9997341136649145,S3-domain,s3,xgb_d4_lr005,"{""colsample_bytree"": 0.9, ""learning_rate"": 0.05, ""max_depth"": 4, ""n_estimators"": 300, ""reg_lambda"": 1.0, ""scale_pos_weight"": 1.0, ""subsample"": 0.9}",0.6,5388,4.414100399999995,1477,4.166099099999997,0.9997855812912327,0.9997996968965002,f_stable,14,"[""url_length"", ""subdomain_depth"", ""dot_count"", ""hostname_length"", ""hyphen_count"", ""token_max_length"", ""path_length"", ""longest_repeated_char_run"", ""digit_ratio"", ""token_mean_length"", ""tld_length"", ""slash_count"", ""registrable_domain_length"", ""token_count""]",0.0484295999999631,0.01309609999998429,200,200,6.548049999992145e-05,raw_margin
0.7789055604589585,0.8558861425696441,master,iscx_url2016_binary,ISCX-URL2016-binary,10,1493,0.2815387516500094,0.003400000000056,5.00147102097091e-07,0.749617732703356,lr,20261007,5303,1495,6798,20260908,0.5063441750119412,0.4986568166554734,0.9933110367892976,r06,0.8000378406366812,S3-domain,s3,lr_c01,"{""C"": 0.1, ""class_weight"": null}",0.67,3810,3.626881400000002,1485,3.606010800000149,0.991583536834485,0.9952749160142742,f_all,35,"[""url_length"", ""hostname_length"", ""path_length"", ""query_length"", ""fragment_length"", ""digit_count"", ""letter_count"", ""special_char_count"", ""digit_ratio"", ""letter_ratio"", ""special_char_ratio"", ""dot_count"", ""hyphen_count"", ""underscore_count"", ""slash_count"", ""question_mark_count"", ""equals_sign_count"", ""percent_sign_count"", ""at_sign_count"", ""subdomain_depth"", ""path_segment_count"", ""query_parameter_count"", ""has_port"", ""has_userinfo"", ""host_is_ip"", ""tld_length"", ""registrable_domain_length"", ""domain_digit_ratio"", ""domain_hyphen_ratio"", ""url_char_entropy"", ""longest_repeated_char_run"", ""char_type_transition_count"", ""token_count"", ""token_mean_length"", ""token_max_length""]",0.0007339000003412,0.0047068000003491,200,200,2.35340000017455e-05,raw_log_odds
0.7774345395704619,0.8520613371493513,,iscx_url2016_binary,,22,1491,0.2811616066377522,0.0014392000000498228,2.1170932627976212e-07,0.7475478980684325,lr,20261007,5303,1495,6798,20260908,0.5037294029859235,0.49696356275303644,0.9852842809364548,r06,0.7978089010006957,S3-domain,s3,lr_c01,"{""C"": 0.1, ""class_weight"": null}",0.65,3812,3.655810600000052,1473,3.4864592999999786,0.991143183148876,0.9950138843454193,f_single,15,"[""subdomain_depth"", ""dot_count"", ""hyphen_count"", ""registrable_domain_length"", ""hostname_length"", ""token_count"", ""path_length"", ""special_char_count"", ""question_mark_count"", ""slash_count"", ""letter_count"", ""token_mean_length"", ""equals_sign_count"", ""char_type_transition_count"", ""special_char_ratio""]",0.0006395999999995183,0.004394800000000032,200,200,2.197400000000016e-05,raw_log_odds
0.7768461312150633,0.85048338259974,,iscx_url2016_binary,,27,1490,0.2809730341316236,0.0011622999999758576,1.7097675786641036e-07,0.7467057528607206,lr,20261007,5303,1495,6798,20260908,0.48535185710795126,0.49628127112914133,0.9819397993311036,r06,0.790273442747432,S3-domain,s3,lr_c1,"{""C"": 1.0, ""class_weight"": null}",0.76,3813,3.7869577000000163,1468,3.6492083999999636,0.9904786411468564,0.9945117375871164,f_stable,12,"[""subdomain_depth"", ""dot_count"", ""hyphen_count"", ""token_count"", ""hostname_length"", ""registrable_domain_length"", ""special_char_count"", ""path_length"", ""char_type_transition_count"", ""question_mark_count"", ""slash_count"", ""letter_count""]",0.0008402000000273802,0.004418999999984408,200,200,2.2094999999922037e-05,raw_log_odds
0.9741100323624596,0.9824449718307994,master,iscx_url2016_binary,ISCX-URL2016-binary,4,172,0.0324344710541203,0.0487260999998397,7.167711091473932e-06,0.9637035283341996,rf,20261007,5303,1495,6798,20260908,0.9986570125719167,0.8965724594107035,0.9973244147157192,r06,0.9992392770672496,S3-domain,s3,rf_depth24_leaf2,"{""class_weight"": null, ""max_depth"": 24, ""max_features"": ""sqrt"", ""min_samples_leaf"": 2, ""n_estimators"": 200}",0.5,5131,8.019276899999568,1491,7.946669500000098,0.9989288597508844,0.9997202965379508,f_all,35,"[""url_length"", ""hostname_length"", ""path_length"", ""query_length"", ""fragment_length"", ""digit_count"", ""letter_count"", ""special_char_count"", ""digit_ratio"", ""letter_ratio"", ""special_char_ratio"", ""dot_count"", ""hyphen_count"", ""underscore_count"", ""slash_count"", ""question_mark_count"", ""equals_sign_count"", ""percent_sign_count"", ""at_sign_count"", ""subdomain_depth"", ""path_segment_count"", ""query_parameter_count"", ""has_port"", ""has_userinfo"", ""host_is_ip"", ""tld_length"", ""registrable_domain_length"", ""domain_digit_ratio"", ""domain_hyphen_ratio"", ""url_char_entropy"", ""longest_repeated_char_run"", ""char_type_transition_count"", ""token_count"", ""token_mean_length"", ""token_max_length""]",0.0093965000000935,3.0850854999998774,200,200,0.015425427499999388,positive_class_probability
0.9479258605472197,0.9656620187853534,,iscx_url2016_binary,,4,350,0.06600037714501225,0.033063700000013796,4.8637393351005875e-06,0.9296909840548614,rf,20261007,5303,1495,6798,20260908,0.9985887920036822,0.8098859315589354,0.9973244147157191,r06,0.9991572890211069,S3-domain,s3,rf_depth16_leaf1,"{""class_weight"": null, ""max_depth"": 16, ""max_features"": ""sqrt"", ""min_samples_leaf"": 1, ""n_estimators"": 200}",0.56,4953,9.925044300000025,1491,6.78315379999998,0.9991428795707794,0.9996685134314922,f_single,15,"[""subdomain_depth"", ""url_length"", ""hostname_length"", ""dot_count"", ""hyphen_count"", ""path_length"", ""token_count"", ""special_char_count"", ""longest_repeated_char_run"", ""token_max_length"", ""token_mean_length"", ""char_type_transition_count"", ""digit_ratio"", ""registrable_domain_length"", ""digit_count""]",0.015851700000041546,2.931238800000017,200,200,0.014656194000000084,positive_class_probability
0.9529273315681083,0.9688677513895397,,iscx_url2016_binary,,4,316,0.059588911936639635,0.03523530000001074,5.183186231246063e-06,0.936001483696112,rf,20261007,5303,1495,6798,20260908,0.9984138774408077,0.8251245157719977,0.9973244147157191,r06,0.9990953565124051,S3-domain,s3,rf_unlimited_leaf5_balanced,"{""class_weight"": ""balanced_subsample"", ""max_depth"": null, ""max_features"": ""sqrt"", ""min_samples_leaf"": 5, ""n_estimators"": 200}",0.69,4987,9.034787900000026,1491,6.298460700000021,0.9991428795707794,0.9997140726068862,f_stable,13,"[""subdomain_depth"", ""url_length"", ""dot_count"", ""hostname_length"", ""path_length"", ""hyphen_count"", ""token_count"", ""longest_repeated_char_run"", ""special_char_count"", ""token_max_length"", ""char_type_transition_count"", ""token_mean_length"", ""digit_count""]",0.010359400000027108,2.5381338000000255,200,200,0.012690669000000128,positive_class_probability
0.939541041482789,0.960527864268159,master,iscx_url2016_binary,ISCX-URL2016-binary,3,408,0.0769375825004714,0.0068221999999877,1.0035598705483657e-06,0.9193247247266612,xgb,20261007,5303,1495,6798,20260908,0.9989076517431468,0.7852631578947369,0.9979933110367892,r06,0.9993097867869328,S3-domain,s3,xgb_d6_lr01_balanced,"{""colsample_bytree"": 0.9, ""learning_rate"": 0.1, ""max_depth"": 6, ""n_estimators"": 200, ""reg_lambda"": 1.0, ""scale_pos_weight"": 3.537326264507809, ""subsample"": 0.9}",0.5,4895,4.88024919999998,1492,4.852216099999623,0.9993573158505308,0.9999692537805402,f_all,35,"[""url_length"", ""hostname_length"", ""path_length"", ""query_length"", ""fragment_length"", ""digit_count"", ""letter_count"", ""special_char_count"", ""digit_ratio"", ""letter_ratio"", ""special_char_ratio"", ""dot_count"", ""hyphen_count"", ""underscore_count"", ""slash_count"", ""question_mark_count"", ""equals_sign_count"", ""percent_sign_count"", ""at_sign_count"", ""subdomain_depth"", ""path_segment_count"", ""query_parameter_count"", ""has_port"", ""has_userinfo"", ""host_is_ip"", ""tld_length"", ""registrable_domain_length"", ""domain_digit_ratio"", ""domain_hyphen_ratio"", ""url_char_entropy"", ""longest_repeated_char_run"", ""char_type_transition_count"", ""token_count"", ""token_mean_length"", ""token_max_length""]",0.0356292999999823,0.0284979999996721,200,200,0.0001424899999983605,raw_margin
0.9930862018240659,0.9946078984760944,,iscx_url2016_binary,,4,43,0.008108617763530078,0.006469799999990755,9.517210944381812e-07,0.9900177593067963,xgb,20261007,5303,1495,6798,20260908,0.9990074186355287,0.9719687092568449,0.9973244147157191,r06,0.9993878646339518,S3-domain,s3,xgb_d6_lr01_balanced,"{""colsample_bytree"": 0.9, ""learning_rate"": 0.1, ""max_depth"": 6, ""n_estimators"": 200, ""reg_lambda"": 1.0, ""scale_pos_weight"": 3.537326264507809, ""subsample"": 0.9}",0.67,5260,4.664232300000037,1491,4.3337166000000025,0.9993573158505307,0.999956432482547,f_single,15,"[""url_length"", ""subdomain_depth"", ""dot_count"", ""hostname_length"", ""hyphen_count"", ""token_mean_length"", ""path_length"", ""token_max_length"", ""longest_repeated_char_run"", ""digit_ratio"", ""special_char_ratio"", ""token_count"", ""tld_length"", ""registrable_domain_length"", ""slash_count""]",0.11450309999997899,0.024636999999984255,200,200,0.00012318499999992128,raw_margin
0.9976463665784054,0.9975307723210879,,iscx_url2016_binary,,4,12,0.0022628700735432775,0.008378800000002684,1.23253898205394e-06,0.9965766949621444,xgb,20261007,5303,1495,6798,20260908,0.9988752783693506,0.9920159680638723,0.9973244147157191,r06,0.9993210128424814,S3-domain,s3,xgb_d6_lr005,"{""colsample_bytree"": 0.9, ""learning_rate"": 0.05, ""max_depth"": 6, ""n_estimators"": 250, ""reg_lambda"": 1.0, ""scale_pos_weight"": 1.0, ""subsample"": 0.9}",0.5,5291,4.630584999999996,1491,4.359354600000017,0.9991428795707794,0.999967511079842,f_stable,15,"[""subdomain_depth"", ""url_length"", ""dot_count"", ""hostname_length"", ""hyphen_count"", ""path_length"", ""token_mean_length"", ""token_max_length"", ""longest_repeated_char_run"", ""tld_length"", ""digit_ratio"", ""registrable_domain_length"", ""slash_count"", ""special_char_ratio"", ""token_count""]",0.04751809999999068,0.030703700000003664,200,200,0.00015351850000001833,raw_margin
0.7764048249485143,0.8492398762106639,master,iscx_url2016_binary,ISCX-URL2016-binary,31,1489,0.280784461625495,0.0023915000001579,3.517946455072044e-07,0.7460584221734987,lr,20261008,5303,1495,6798,20260909,0.5040205056727303,0.495767016593295,0.9792642140468228,r07,0.8007387753634752,S3-domain,s3,lr_c01,"{""C"": 0.1, ""class_weight"": null}",0.68,3814,3.733797599999889,1464,3.713876400000117,0.990492774061,0.9951640055627006,f_all,35,"[""url_length"", ""hostname_length"", ""path_length"", ""query_length"", ""fragment_length"", ""digit_count"", ""letter_count"", ""special_char_count"", ""digit_ratio"", ""letter_ratio"", ""special_char_ratio"", ""dot_count"", ""hyphen_count"", ""underscore_count"", ""slash_count"", ""question_mark_count"", ""equals_sign_count"", ""percent_sign_count"", ""at_sign_count"", ""subdomain_depth"", ""path_segment_count"", ""query_parameter_count"", ""has_port"", ""has_userinfo"", ""host_is_ip"", ""tld_length"", ""registrable_domain_length"", ""domain_digit_ratio"", ""domain_hyphen_ratio"", ""url_char_entropy"", ""longest_repeated_char_run"", ""char_type_transition_count"", ""token_count"", ""token_mean_length"", ""token_max_length""]",0.0007005999996181,0.0044023000000379,200,200,2.20115000001895e-05,raw_log_odds
0.774786701971168,0.8486830512418981,,iscx_url2016_binary,,29,1502,0.28323590420516687,0.0012636000000156855,1.8587819947273986e-07,0.7446616742122334,lr,20261008,5303,1495,6798,20260909,0.4662767642139819,0.4939353099730458,0.9806020066889632,r07,0.7855060270674075,S3-domain,s3,lr_c1_balanced,"{""C"": 1.0, ""class_weight"": ""balanced""}",0.85,3801,3.6956366000000003,1466,3.539135500000043,0.9918094354080851,0.9966063393476424,f_single,15,"[""subdomain_depth"", ""dot_count"", ""hyphen_count"", ""hostname_length"", ""token_count"", ""registrable_domain_length"", ""special_char_count"", ""path_length"", ""char_type_transition_count"", ""question_mark_count"", ""letter_count"", ""slash_count"", ""domain_hyphen_ratio"", ""digit_ratio"", ""url_length""]",0.0006807999999978165,0.00725500000004331,200,200,3.627500000021655e-05,raw_log_odds
0.77390408943807,0.8459558765562749,,iscx_url2016_binary,,38,1499,0.28267018668678107,0.0010640999999509404,1.565313327377082e-07,0.743307178500012,lr,20261008,5303,1495,6798,20260909,0.4562470125197422,0.4928958051420839,0.974581939799331,r07,0.7809650245301927,S3-domain,s3,lr_c1_balanced,"{""C"": 1.0, ""class_weight"": ""balanced""}",0.88,3804,3.6221556999999507,1457,3.4824407000000406,0.9894097892316474,0.9950939240989116,f_stable,12,"[""subdomain_depth"", ""dot_count"", ""hyphen_count"", ""token_count"", ""hostname_length"", ""special_char_count"", ""registrable_domain_length"", ""path_length"", ""char_type_transition_count"", ""question_mark_count"", ""slash_count"", ""letter_count""]",0.0008437000000185435,0.0045124999999757165,200,200,2.2562499999878582e-05,raw_log_odds
0.9905854663136217,0.9932451940814722,master,iscx_url2016_binary,ISCX-URL2016-binary,3,61,0.0115029228738449,0.0473790999999437,6.969564577808726e-06,0.9864675618619344,rf,20261008,5303,1495,6798,20260909,0.9989929136741568,0.960721184803606,0.9979933110367892,r07,0.9994450039953406,S3-domain,s3,rf_depth16_leaf1,"{""class_weight"": null, ""max_depth"": 16, ""max_features"": ""sqrt"", ""min_samples_leaf"": 1, ""n_estimators"": 200}",0.5,5242,8.887730999999803,1492,8.821961099999953,0.9993573158505308,0.9999584241404876,f_all,35,"[""url_length"", ""hostname_length"", ""path_length"", ""query_length"", ""fragment_length"", ""digit_count"", ""letter_count"", ""special_char_count"", ""digit_ratio"", ""letter_ratio"", ""special_char_ratio"", ""dot_count"", ""hyphen_count"", ""underscore_count"", ""slash_count"", ""question_mark_count"", ""equals_sign_count"", ""percent_sign_count"", ""at_sign_count"", ""subdomain_depth"", ""path_segment_count"", ""query_parameter_count"", ""has_port"", ""has_userinfo"", ""host_is_ip"", ""tld_length"", ""registrable_domain_length"", ""domain_digit_ratio"", ""domain_hyphen_ratio"", ""url_char_entropy"", ""longest_repeated_char_run"", ""char_type_transition_count"", ""token_count"", ""token_mean_length"", ""token_max_length""]",0.0114705999999387,3.0664584999999533,200,200,0.015332292499999766,positive_class_probability
0.8217122683142101,0.8850045755636521,,iscx_url2016_binary,,3,1209,0.2279841599094852,0.03858650000000807,5.676154751398658e-06,0.791108654645762,rf,20261008,5303,1495,6798,20260909,0.9989761527629888,0.552388004442799,0.9979933110367893,r07,0.9994115780996053,S3-domain,s3,rf_depth24_leaf2,"{""class_weight"": null, ""max_depth"": 24, ""max_features"": ""sqrt"", ""min_samples_leaf"": 2, ""n_estimators"": 200}",0.45,4094,9.732930699999997,1492,6.309799399999974,0.9995716479380692,0.9999976349061955,f_single,15,"[""url_length"", ""subdomain_depth"", ""hostname_length"", ""dot_count"", ""path_length"", ""hyphen_count"", ""token_max_length"", ""longest_repeated_char_run"", ""special_char_count"", ""token_count"", ""token_mean_length"", ""char_type_transition_count"", ""registrable_domain_length"", ""digit_count"", ""slash_count""]",0.011321100000031947,3.1860585000000015,200,200,0.01593029250000001,positive_class_probability
0.7975875257428655,0.8693014681536355,,iscx_url2016_binary,,4,1372,0.25872147840844806,0.04412819999998874,6.491350397173983e-06,0.7676544225762636,rf,20261008,5303,1495,6798,20260909,0.998033044474515,0.5207823960880196,0.9973244147157191,r07,0.9988819353215224,S3-domain,s3,rf_unlimited_leaf5_balanced,"{""class_weight"": ""balanced_subsample"", ""max_depth"": null, ""max_features"": ""sqrt"", ""min_samples_leaf"": 5, ""n_estimators"": 200}",0.59,3931,8.8021746,1491,6.198996700000009,0.9995716479380692,0.9999952698123908,f_stable,13,"[""subdomain_depth"", ""url_length"", ""hostname_length"", ""dot_count"", ""path_length"", ""hyphen_count"", ""token_count"", ""longest_repeated_char_run"", ""special_char_count"", ""token_max_length"", ""registrable_domain_length"", ""token_mean_length"", ""char_type_transition_count""]",0.009982199999967634,2.40259709999998,200,200,0.0120129854999999,positive_class_probability
0.8303912915563401,0.8905674644944459,master,iscx_url2016_binary,ISCX-URL2016-binary,3,1150,0.2168583820478974,0.0071538000001964,1.0523389232416148e-06,0.7997005664153702,xgb,20261008,5303,1495,6798,20260909,0.9983171877379252,0.5647236941710825,0.9979933110367892,r07,0.9990875361141576,S3-domain,s3,xgb_d6_lr01_balanced,"{""colsample_bytree"": 0.9, ""learning_rate"": 0.1, ""max_depth"": 6, ""n_estimators"": 200, ""reg_lambda"": 1.0, ""scale_pos_weight"": 3.537326264507809, ""subsample"": 0.9}",0.5,4153,4.626402599999892,1492,4.597340799999984,1.0,1.0,f_all,35,"[""url_length"", ""hostname_length"", ""path_length"", ""query_length"", ""fragment_length"", ""digit_count"", ""letter_count"", ""special_char_count"", ""digit_ratio"", ""letter_ratio"", ""special_char_ratio"", ""dot_count"", ""hyphen_count"", ""underscore_count"", ""slash_count"", ""question_mark_count"", ""equals_sign_count"", ""percent_sign_count"", ""at_sign_count"", ""subdomain_depth"", ""path_segment_count"", ""query_parameter_count"", ""has_port"", ""has_userinfo"", ""host_is_ip"", ""tld_length"", ""registrable_domain_length"", ""domain_digit_ratio"", ""domain_hyphen_ratio"", ""url_char_entropy"", ""longest_repeated_char_run"", ""char_type_transition_count"", ""token_count"", ""token_mean_length"", ""token_max_length""]",0.0492339000002175,0.0308751000002303,200,200,0.0001543755000011515,raw_margin
0.9716092968520152,0.9808421055287062,,iscx_url2016_binary,,4,189,0.03564020365830662,0.007619599999998172,1.1208590761986133e-06,0.9603461514340743,xgb,20261008,5303,1495,6798,20260909,0.9986541117784808,0.8875,0.9973244147157191,r07,0.9992492417682425,S3-domain,s3,xgb_d6_lr005,"{""colsample_bytree"": 0.9, ""learning_rate"": 0.05, ""max_depth"": 6, ""n_estimators"": 250, ""reg_lambda"": 1.0, ""scale_pos_weight"": 1.0, ""subsample"": 0.9}",0.38,5114,4.439080600000011,1491,4.165215799999999,0.9997858759493059,0.9999982572993019,f_single,15,"[""subdomain_depth"", ""url_length"", ""dot_count"", ""hostname_length"", ""hyphen_count"", ""token_max_length"", ""token_mean_length"", ""path_length"", ""longest_repeated_char_run"", ""digit_ratio"", ""tld_length"", ""registrable_domain_length"", ""url_char_entropy"", ""path_segment_count"", ""slash_count""]",0.044663500000012846,0.02835460000000012,200,200,0.00014177300000000058,raw_margin
0.9610179464548396,0.9740534953080764,,iscx_url2016_binary,,4,261,0.04921742409956628,0.006459699999993518,9.502353633412059e-07,0.9463899319359527,xgb,20261008,5303,1495,6798,20260909,0.998753149645859,0.851027397260274,0.9973244147157191,r07,0.9993049936396197,S3-domain,s3,xgb_d6_lr01_balanced,"{""colsample_bytree"": 0.9, ""learning_rate"": 0.1, ""max_depth"": 6, ""n_estimators"": 200, ""reg_lambda"": 1.0, ""scale_pos_weight"": 3.537326264507809, ""subsample"": 0.9}",0.5,5042,4.332466699999998,1491,4.084255100000007,0.9997859797942401,0.9999997510427575,f_stable,13,"[""subdomain_depth"", ""url_length"", ""dot_count"", ""hostname_length"", ""hyphen_count"", ""token_mean_length"", ""path_length"", ""token_max_length"", ""longest_repeated_char_run"", ""digit_ratio"", ""tld_length"", ""registrable_domain_length"", ""slash_count""]",0.035638699999992696,0.023742200000015146,200,200,0.00011871100000007573,raw_margin
0.9909870620729756,0.979936224623166,master,iscx_url2016_binary,ISCX-URL2016-binary,59,3,0.0005567928730512,0.0031592999998792,4.59267335350966e-07,0.9865434408163554,lr,20261009,5388,1491,6879,20260910,0.9908453209962396,0.9979094076655052,0.960429242119383,r08,0.995342383427016,S3-domain,s3,lr_c1,"{""C"": 1.0, ""class_weight"": null}",0.87,5385,3.809502699999939,1432,3.7880442000000585,0.7470217927863998,0.8068640392230813,f_all,35,"[""url_length"", ""hostname_length"", ""path_length"", ""query_length"", ""fragment_length"", ""digit_count"", ""letter_count"", ""special_char_count"", ""digit_ratio"", ""letter_ratio"", ""special_char_ratio"", ""dot_count"", ""hyphen_count"", ""underscore_count"", ""slash_count"", ""question_mark_count"", ""equals_sign_count"", ""percent_sign_count"", ""at_sign_count"", ""subdomain_depth"", ""path_segment_count"", ""query_parameter_count"", ""has_port"", ""has_userinfo"", ""host_is_ip"", ""tld_length"", ""registrable_domain_length"", ""domain_digit_ratio"", ""domain_hyphen_ratio"", ""url_char_entropy"", ""longest_repeated_char_run"", ""char_type_transition_count"", ""token_count"", ""token_mean_length"", ""token_max_length""]",0.0007040000000415,0.0049027000000023,200,200,2.4513500000011498e-05,raw_log_odds
0.9556621601977031,0.9605392189812969,,iscx_url2016_binary,,46,259,0.048069784706755755,0.0012471000000005006,1.8129088530316914e-07,0.9378319841736524,lr,20261009,5388,1491,6879,20260910,0.9877605729368804,0.8480046948356808,0.9691482226693494,r08,0.9938351962803796,S3-domain,s3,lr_c1,"{""C"": 1.0, ""class_weight"": null}",0.79,5129,3.594206399999962,1445,3.4349624999999833,0.7470833840481619,0.7988858455206461,f_single,15,"[""subdomain_depth"", ""token_count"", ""dot_count"", ""registrable_domain_length"", ""char_type_transition_count"", ""hyphen_count"", ""special_char_count"", ""slash_count"", ""equals_sign_count"", ""question_mark_count"", ""letter_count"", ""path_length"", ""token_mean_length"", ""special_char_ratio"", ""tld_length""]",0.0006842000000233384,0.0044091999999977816,200,200,2.204599999998891e-05,raw_log_odds
0.869312400058148,0.9119654825762294,,iscx_url2016_binary,,19,880,0.1633259094283593,0.0010974999999007196,1.595435382905538e-07,0.8376987374730487,lr,20261009,5388,1491,6879,20260910,0.9910140928729907,0.6258503401360545,0.9872568745808182,r08,0.9952315974540635,S3-domain,s3,lr_c1,"{""C"": 1.0, ""class_weight"": null}",0.42,4508,3.539949999999976,1472,3.3906829000000016,0.746470792582786,0.8016058304852998,f_stable,11,"[""subdomain_depth"", ""token_count"", ""dot_count"", ""char_type_transition_count"", ""registrable_domain_length"", ""special_char_count"", ""hyphen_count"", ""slash_count"", ""equals_sign_count"", ""special_char_ratio"", ""path_length""]",0.000979500000084954,0.007975500000043212,200,200,3.987750000021606e-05,raw_log_odds
0.9992731501671754,0.9983232729711604,master,iscx_url2016_binary,ISCX-URL2016-binary,5,0,0.0,0.035049699999945,5.095173717102051e-06,0.998928338982753,rf,20261009,5388,1491,6879,20260910,0.999991509020362,1.0,0.9966465459423206,r08,0.9999976349061952,S3-domain,s3,rf_depth24_leaf2,"{""class_weight"": null, ""max_depth"": 24, ""max_features"": ""sqrt"", ""min_samples_leaf"": 2, ""n_estimators"": 200}",0.62,5388,10.7833641000002,1486,10.721568899999966,0.9989273908620202,0.999722880404037,f_all,35,"[""url_length"", ""hostname_length"", ""path_length"", ""query_length"", ""fragment_length"", ""digit_count"", ""letter_count"", ""special_char_count"", ""digit_ratio"", ""letter_ratio"", ""special_char_ratio"", ""dot_count"", ""hyphen_count"", ""underscore_count"", ""slash_count"", ""question_mark_count"", ""equals_sign_count"", ""percent_sign_count"", ""at_sign_count"", ""subdomain_depth"", ""path_segment_count"", ""query_parameter_count"", ""has_port"", ""has_userinfo"", ""host_is_ip"", ""tld_length"", ""registrable_domain_length"", ""domain_digit_ratio"", ""domain_hyphen_ratio"", ""url_char_entropy"", ""longest_repeated_char_run"", ""char_type_transition_count"", ""token_count"", ""token_mean_length"", ""token_max_length""]",0.0142639999999119,3.1077761000001374,200,200,0.015538880500000686,positive_class_probability
0.9992731501671754,0.9983232729711603,,iscx_url2016_binary,,5,0,0.0,0.035488600000007864,5.158976595436526e-06,0.998928338982753,rf,20261009,5388,1491,6879,20260910,0.9999880707167909,1.0,0.9966465459423206,r08,0.9999966390772251,S3-domain,s3,rf_unlimited_leaf5_balanced,"{""class_weight"": ""balanced_subsample"", ""max_depth"": null, ""max_features"": ""sqrt"", ""min_samples_leaf"": 5, ""n_estimators"": 200}",0.69,5388,8.946043700000018,1486,6.318737600000077,0.9989268745006723,0.9995037831176522,f_single,15,"[""subdomain_depth"", ""url_length"", ""hostname_length"", ""dot_count"", ""hyphen_count"", ""path_length"", ""longest_repeated_char_run"", ""token_count"", ""special_char_count"", ""token_max_length"", ""token_mean_length"", ""registrable_domain_length"", ""slash_count"", ""char_type_transition_count"", ""digit_count""]",0.011682100000030005,2.436963300000002,200,200,0.012184816500000011,positive_class_probability
0.9981101904346562,0.9956405097250167,,iscx_url2016_binary,,13,0,0.0,0.038004099999966456,5.524654746324532e-06,0.9972082452029016,rf,20261009,5388,1491,6879,20260910,0.9999790546160787,1.0,0.9912810194500336,r08,0.999994149504799,S3-domain,s3,rf_depth16_leaf1,"{""class_weight"": null, ""max_depth"": 16, ""max_features"": ""sqrt"", ""min_samples_leaf"": 1, ""n_estimators"": 200}",0.78,5388,9.433154700000046,1478,6.315910600000052,0.9982817576269754,0.9987986859208235,f_stable,13,"[""subdomain_depth"", ""url_length"", ""hostname_length"", ""dot_count"", ""hyphen_count"", ""path_length"", ""token_count"", ""longest_repeated_char_run"", ""special_char_count"", ""token_max_length"", ""char_type_transition_count"", ""digit_count"", ""token_mean_length""]",0.010735000000067885,2.9240102999999635,200,200,0.014620051499999818,positive_class_probability
0.9994185201337404,0.9986586183769282,master,iscx_url2016_binary,ISCX-URL2016-binary,4,0,0.0,0.0079352000002472,1.1535397587218024e-06,0.9991428795707794,xgb,20261009,5388,1491,6879,20260910,1.0,1.0,0.9973172367538564,r08,1.0,S3-domain,s3,xgb_d6_lr005,"{""colsample_bytree"": 0.9, ""learning_rate"": 0.05, ""max_depth"": 6, ""n_estimators"": 250, ""reg_lambda"": 1.0, ""scale_pos_weight"": 1.0, ""subsample"": 0.9}",0.72,5388,5.314056700000037,1487,5.283552800000052,0.9995710595019596,0.9998043639083576,f_all,35,"[""url_length"", ""hostname_length"", ""path_length"", ""query_length"", ""fragment_length"", ""digit_count"", ""letter_count"", ""special_char_count"", ""digit_ratio"", ""letter_ratio"", ""special_char_ratio"", ""dot_count"", ""hyphen_count"", ""underscore_count"", ""slash_count"", ""question_mark_count"", ""equals_sign_count"", ""percent_sign_count"", ""at_sign_count"", ""subdomain_depth"", ""path_segment_count"", ""query_parameter_count"", ""has_port"", ""has_userinfo"", ""host_is_ip"", ""tld_length"", ""registrable_domain_length"", ""domain_digit_ratio"", ""domain_hyphen_ratio"", ""url_char_entropy"", ""longest_repeated_char_run"", ""char_type_transition_count"", ""token_count"", ""token_mean_length"", ""token_max_length""]",0.060338799999954,0.040179700000408,200,200,0.00020089850000204,raw_margin
0.9998546300334351,0.999664654594232,,iscx_url2016_binary,,1,0,0.0,0.005975999999918713,8.687309201800717e-07,0.9997858759493059,xgb,20261009,5388,1491,6879,20260910,0.9999964205960692,1.0,0.9993293091884641,r08,0.9999990041710296,S3-domain,s3,xgb_d4_lr005,"{""colsample_bytree"": 0.9, ""learning_rate"": 0.05, ""max_depth"": 4, ""n_estimators"": 300, ""reg_lambda"": 1.0, ""scale_pos_weight"": 1.0, ""subsample"": 0.9}",0.6,5388,5.111051999999972,1490,4.756960499999991,0.9995710595019596,0.9998586021542674,f_single,15,"[""url_length"", ""subdomain_depth"", ""dot_count"", ""hostname_length"", ""hyphen_count"", ""path_length"", ""token_mean_length"", ""token_max_length"", ""longest_repeated_char_run"", ""registrable_domain_length"", ""tld_length"", ""slash_count"", ""special_char_ratio"", ""token_count"", ""digit_ratio""]",0.13136939999992592,0.016499699999940276,200,200,8.249849999970139e-05,raw_margin
0.9998546300334351,0.999664654594232,,iscx_url2016_binary,,1,0,0.0,0.0054193999999370135,7.878179967927044e-07,0.9997858759493059,xgb,20261009,5388,1491,6879,20260910,0.999986771384388,1.0,0.9993293091884641,r08,0.9999962656413611,S3-domain,s3,xgb_d4_lr005,"{""colsample_bytree"": 0.9, ""learning_rate"": 0.05, ""max_depth"": 4, ""n_estimators"": 300, ""reg_lambda"": 1.0, ""scale_pos_weight"": 1.0, ""subsample"": 0.9}",0.63,5388,4.782224699999915,1490,4.524092300000007,0.9993564345172121,0.9998828201617433,f_stable,14,"[""url_length"", ""subdomain_depth"", ""dot_count"", ""hostname_length"", ""hyphen_count"", ""path_length"", ""token_mean_length"", ""token_max_length"", ""longest_repeated_char_run"", ""registrable_domain_length"", ""tld_length"", ""digit_ratio"", ""token_count"", ""slash_count""]",0.04272619999994731,0.012855199999989964,200,200,6.427599999994982e-05,raw_margin
0.98430004361099,0.9817311441029248,master,iscx_url2016_binary,ISCX-URL2016-binary,34,74,0.0137342242019302,0.0028360999999677,4.122837621700394e-07,0.9771012327876742,lr,20261010,5388,1491,6879,20260911,0.9904571269098316,0.9516655780535598,0.97719651240778,r09,0.9944839788545676,S3-domain,s3,lr_c1,"{""C"": 1.0, ""class_weight"": null}",0.77,5314,3.543102699999963,1457,3.525230799999917,0.7474773809692721,0.8093989834743633,f_all,35,"[""url_length"", ""hostname_length"", ""path_length"", ""query_length"", ""fragment_length"", ""digit_count"", ""letter_count"", ""special_char_count"", ""digit_ratio"", ""letter_ratio"", ""special_char_ratio"", ""dot_count"", ""hyphen_count"", ""underscore_count"", ""slash_count"", ""question_mark_count"", ""equals_sign_count"", ""percent_sign_count"", ""at_sign_count"", ""subdomain_depth"", ""path_segment_count"", ""query_parameter_count"", ""has_port"", ""has_userinfo"", ""host_is_ip"", ""tld_length"", ""registrable_domain_length"", ""domain_digit_ratio"", ""domain_hyphen_ratio"", ""url_char_entropy"", ""longest_repeated_char_run"", ""char_type_transition_count"", ""token_count"", ""token_mean_length"", ""token_max_length""]",0.0007014999996499,0.0058904000002257,200,200,2.94520000011285e-05,raw_log_odds
0.897659543538305,0.9283634247952451,,iscx_url2016_binary,,26,678,0.12583518930957685,0.0014539000000013402,2.1135339438891412e-07,0.8683681730145535,lr,20261010,5388,1491,6879,20260911,0.991013907518586,0.6836210919272049,0.9825620389000671,r09,0.9944965511953185,S3-domain,s3,lr_c1,"{""C"": 1.0, ""class_weight"": null}",0.52,4710,3.6244573000000173,1465,3.4846465000000535,0.7475836170476802,0.8000451564931064,f_single,15,"[""subdomain_depth"", ""dot_count"", ""token_count"", ""special_char_count"", ""registrable_domain_length"", ""hyphen_count"", ""char_type_transition_count"", ""slash_count"", ""equals_sign_count"", ""question_mark_count"", ""special_char_ratio"", ""url_length"", ""path_length"", ""digit_ratio"", ""digit_count""]",0.0006778000000622342,0.00434830000006059,200,200,2.1741500000302948e-05,raw_log_odds
0.8739642389882251,0.9127521252235014,,iscx_url2016_binary,,28,839,0.15571640682999258,0.001138900000000831,1.6556185492089415e-07,0.8422082614751418,lr,20261010,5388,1491,6879,20260911,0.9900608290893779,0.6355343179843614,0.9812206572769953,r09,0.9940231589985347,S3-domain,s3,lr_c1,"{""C"": 1.0, ""class_weight"": null}",0.54,4549,3.68679039999995,1463,3.5378504999999905,0.7477791826591779,0.797830470163604,f_stable,13,"[""subdomain_depth"", ""token_count"", ""dot_count"", ""special_char_count"", ""registrable_domain_length"", ""char_type_transition_count"", ""hyphen_count"", ""slash_count"", ""special_char_ratio"", ""equals_sign_count"", ""path_length"", ""url_length"", ""question_mark_count""]",0.0007408000000168613,0.004615100000023631,200,200,2.3075500000118154e-05,raw_log_odds
0.9992731501671754,0.9983232729711604,master,iscx_url2016_binary,ISCX-URL2016-binary,5,0,0.0,0.0392084999998587,5.699738334039651e-06,0.998928338982753,rf,20261010,5388,1491,6879,20260911,0.9992651169831176,1.0,0.9966465459423206,r09,0.9995051974803536,S3-domain,s3,rf_depth24_leaf2,"{""class_weight"": null, ""max_depth"": 24, ""max_features"": ""sqrt"", ""min_samples_leaf"": 2, ""n_estimators"": 200}",0.57,5388,7.605425100000048,1486,7.547951999999896,0.9982817576269754,0.9993647818455762,f_all,35,"[""url_length"", ""hostname_length"", ""path_length"", ""query_length"", ""fragment_length"", ""digit_count"", ""letter_count"", ""special_char_count"", ""digit_ratio"", ""letter_ratio"", ""special_char_ratio"", ""dot_count"", ""hyphen_count"", ""underscore_count"", ""slash_count"", ""question_mark_count"", ""equals_sign_count"", ""percent_sign_count"", ""at_sign_count"", ""subdomain_depth"", ""path_segment_count"", ""query_parameter_count"", ""has_port"", ""has_userinfo"", ""host_is_ip"", ""tld_length"", ""registrable_domain_length"", ""domain_digit_ratio"", ""domain_hyphen_ratio"", ""url_char_entropy"", ""longest_repeated_char_run"", ""char_type_transition_count"", ""token_count"", ""token_mean_length"", ""token_max_length""]",0.0100073000003249,2.958712000000105,200,200,0.014793560000000525,positive_class_probability
0.9962203808693124,0.9912810194500336,,iscx_url2016_binary,,26,0,0.0,0.04490629999997964,6.528027329550754e-06,0.9943986842510746,rf,20261010,5388,1491,6879,20260911,0.9992651523676722,1.0,0.9825620389000671,r09,0.9995731628075806,S3-domain,s3,rf_depth24_leaf2,"{""class_weight"": null, ""max_depth"": 24, ""max_features"": ""sqrt"", ""min_samples_leaf"": 2, ""n_estimators"": 200}",0.73,5388,10.737276800000018,1465,6.773483800000008,0.9969887157523845,0.9977076142298453,f_single,15,"[""url_length"", ""subdomain_depth"", ""hostname_length"", ""dot_count"", ""hyphen_count"", ""path_length"", ""token_count"", ""special_char_count"", ""longest_repeated_char_run"", ""token_max_length"", ""char_type_transition_count"", ""token_mean_length"", ""digit_count"", ""digit_ratio"", ""letter_count""]",0.042454900000052476,3.696648900000014,200,200,0.01848324450000007,positive_class_probability
0.9982555604012211,0.9959758551307847,,iscx_url2016_binary,,12,0,0.0,0.050321199999984856,7.315191161503832e-06,0.9974236244536578,rf,20261010,5388,1491,6879,20260911,0.9992296947038976,1.0,0.9919517102615694,r09,0.9995376864005114,S3-domain,s3,rf_depth16_leaf1,"{""class_weight"": null, ""max_depth"": 16, ""max_features"": ""sqrt"", ""min_samples_leaf"": 1, ""n_estimators"": 200}",0.76,5388,9.59483119999993,1479,6.57894490000001,0.9967728433996703,0.9976914688915278,f_stable,13,"[""subdomain_depth"", ""url_length"", ""hostname_length"", ""dot_count"", ""path_length"", ""hyphen_count"", ""token_count"", ""longest_repeated_char_run"", ""special_char_count"", ""token_max_length"", ""char_type_transition_count"", ""token_mean_length"", ""digit_count""]",0.011217800000054012,2.8157627000000502,200,200,0.014078813500000252,positive_class_probability
0.9992731501671754,0.9983232729711604,master,iscx_url2016_binary,ISCX-URL2016-binary,5,0,0.0,0.0079052999999476,1.1491931966779476e-06,0.998928338982753,xgb,20261010,5388,1491,6879,20260911,0.9996101201342912,1.0,0.9966465459423206,r09,0.9997891332155268,S3-domain,s3,xgb_d6_lr005,"{""colsample_bytree"": 0.9, ""learning_rate"": 0.05, ""max_depth"": 6, ""n_estimators"": 250, ""reg_lambda"": 1.0, ""scale_pos_weight"": 1.0, ""subsample"": 0.9}",0.76,5388,4.5059949000001325,1486,4.478027699999984,0.9984969003188676,0.9987836758016068,f_all,35,"[""url_length"", ""hostname_length"", ""path_length"", ""query_length"", ""fragment_length"", ""digit_count"", ""letter_count"", ""special_char_count"", ""digit_ratio"", ""letter_ratio"", ""special_char_ratio"", ""dot_count"", ""hyphen_count"", ""underscore_count"", ""slash_count"", ""question_mark_count"", ""equals_sign_count"", ""percent_sign_count"", ""at_sign_count"", ""subdomain_depth"", ""path_segment_count"", ""query_parameter_count"", ""has_port"", ""has_userinfo"", ""host_is_ip"", ""tld_length"", ""registrable_domain_length"", ""domain_digit_ratio"", ""domain_hyphen_ratio"", ""url_char_entropy"", ""longest_repeated_char_run"", ""char_type_transition_count"", ""token_count"", ""token_mean_length"", ""token_max_length""]",0.04255269999976,0.033396299999822,200,200,0.00016698149999911,raw_margin
0.9992731501671754,0.9983232729711603,,iscx_url2016_binary,,5,0,0.0,0.013439899999980298,1.9537578136328386e-06,0.998928338982753,xgb,20261010,5388,1491,6879,20260911,0.999608945258547,1.0,0.9966465459423206,r09,0.9997978467190174,S3-domain,s3,xgb_d6_lr005,"{""colsample_bytree"": 0.9, ""learning_rate"": 0.05, ""max_depth"": 6, ""n_estimators"": 250, ""reg_lambda"": 1.0, ""scale_pos_weight"": 1.0, ""subsample"": 0.9}",0.56,5388,4.580670299999952,1486,4.317028599999958,0.9987125593328086,0.9992098875060937,f_single,15,"[""url_length"", ""subdomain_depth"", ""dot_count"", ""hostname_length"", ""hyphen_count"", ""token_max_length"", ""path_length"", ""longest_repeated_char_run"", ""token_mean_length"", ""digit_ratio"", ""registrable_domain_length"", ""tld_length"", ""token_count"", ""percent_sign_count"", ""slash_count""]",0.047689499999933105,0.030315800000039417,200,200,0.00015157900000019707,raw_margin
0.9991277802006105,0.9979879275653923,,iscx_url2016_binary,,6,0,0.0,0.005409600000007231,7.863933711305758e-07,0.9987136939702371,xgb,20261010,5388,1491,6879,20260911,0.9996299131966873,1.0,0.9959758551307847,r09,0.9998359371771336,S3-domain,s3,xgb_d4_lr005,"{""colsample_bytree"": 0.9, ""learning_rate"": 0.05, ""max_depth"": 4, ""n_estimators"": 300, ""reg_lambda"": 1.0, ""scale_pos_weight"": 1.0, ""subsample"": 0.9}",0.57,5388,4.427845899999966,1485,4.164010599999983,0.9984969003188677,0.999166496909366,f_stable,13,"[""url_length"", ""subdomain_depth"", ""dot_count"", ""hostname_length"", ""hyphen_count"", ""token_max_length"", ""longest_repeated_char_run"", ""path_length"", ""token_mean_length"", ""tld_length"", ""digit_ratio"", ""registrable_domain_length"", ""slash_count""]",0.04849539999997887,0.03953440000009323,200,200,0.00019767200000046615,raw_margin
0.985731905589505,0.9847133898432802,master,phiusiil,PhiUSIIL,361,148,0.0073533065037014,0.019686399999955,5.518416774108603e-07,0.9854696115222256,lr,20261001,20127,15547,35674,20260902,0.9965415837561088,0.9903482457284466,0.9767800861902618,r00,0.9947835521789182,S3-domain,s3,lr_c1,"{""C"": 1.0, ""class_weight"": null}",0.92,19979,26.35499449999997,15186,26.2216327000001,0.9868251613366142,0.9928290724070032,f_all,35,"[""url_length"", ""hostname_length"", ""path_length"", ""query_length"", ""fragment_length"", ""digit_count"", ""letter_count"", ""special_char_count"", ""digit_ratio"", ""letter_ratio"", ""special_char_ratio"", ""dot_count"", ""hyphen_count"", ""underscore_count"", ""slash_count"", ""question_mark_count"", ""equals_sign_count"", ""percent_sign_count"", ""at_sign_count"", ""subdomain_depth"", ""path_segment_count"", ""query_parameter_count"", ""has_port"", ""has_userinfo"", ""host_is_ip"", ""tld_length"", ""registrable_domain_length"", ""domain_digit_ratio"", ""domain_hyphen_ratio"", ""url_char_entropy"", ""longest_repeated_char_run"", ""char_type_transition_count"", ""token_count"", ""token_mean_length"", ""token_max_length""]",0.0029477999999016,0.0085423000000446,200,200,4.2711500000223006e-05,raw_log_odds
0.9760890284240623,0.9736794353859042,,phiusiil,,701,152,0.007552044517315049,0.010608399999998852,2.973706340752047e-07,0.9755843318037315,lr,20261001,20127,15547,35674,20260902,0.9901894895338474,0.9898653153753834,0.9549109152891233,r00,0.9854119497427266,S3-domain,s3,lr_c1,"{""C"": 1.0, ""class_weight"": null}",0.91,19975,19.690371999999996,14846,18.5928381,0.9784575875821728,0.9818669155244462,f_single,15,"[""hostname_length"", ""letter_count"", ""path_length"", ""path_segment_count"", ""query_length"", ""url_length"", ""question_mark_count"", ""slash_count"", ""dot_count"", ""token_mean_length"", ""hyphen_count"", ""longest_repeated_char_run"", ""query_parameter_count"", ""token_max_length"", ""digit_ratio""]",0.0011694999999996014,0.0057611999999984675,200,200,2.8805999999992338e-05,raw_log_odds
0.9760609968043954,0.9736545931342024,,phiusiil,,701,153,0.007601729020718438,0.00797510000000301,2.2355497000625133e-07,0.9755559096810322,lr,20261001,20127,15547,35674,20260902,0.9901149362189001,0.9897993199546636,0.9549109152891233,r00,0.9853501357267056,S3-domain,s3,lr_c1,"{""C"": 1.0, ""class_weight"": null}",0.91,19974,19.533888400000002,14846,18.5191018,0.9782848753981666,0.9817479277380426,f_stable,13,"[""letter_count"", ""hostname_length"", ""path_segment_count"", ""query_length"", ""path_length"", ""url_length"", ""slash_count"", ""dot_count"", ""token_mean_length"", ""question_mark_count"", ""token_max_length"", ""hyphen_count"", ""longest_repeated_char_run""]",0.001513300000006268,0.009056199999996295,200,200,4.5280999999981476e-05,raw_log_odds
0.9915344508605708,0.9918316752556432,master,phiusiil,PhiUSIIL,91,211,0.0104834302181149,0.1487557000000379,4.169863205697088e-06,0.9914000311425488,rf,20261001,20127,15547,35674,20260902,0.9991864402033792,0.9865322014425224,0.9941467807294012,r00,0.9992723219200196,S3-domain,s3,rf_depth24_leaf2,"{""class_weight"": null, ""max_depth"": 24, ""max_features"": ""sqrt"", ""min_samples_leaf"": 2, ""n_estimators"": 200}",0.8,19916,77.33271780000018,15456,77.00703559999988,0.990427290796563,0.9987411671909618,f_all,35,"[""url_length"", ""hostname_length"", ""path_length"", ""query_length"", ""fragment_length"", ""digit_count"", ""letter_count"", ""special_char_count"", ""digit_ratio"", ""letter_ratio"", ""special_char_ratio"", ""dot_count"", ""hyphen_count"", ""underscore_count"", ""slash_count"", ""question_mark_count"", ""equals_sign_count"", ""percent_sign_count"", ""at_sign_count"", ""subdomain_depth"", ""path_segment_count"", ""query_parameter_count"", ""has_port"", ""has_userinfo"", ""host_is_ip"", ""tld_length"", ""registrable_domain_length"", ""domain_digit_ratio"", ""domain_hyphen_ratio"", ""url_char_entropy"", ""longest_repeated_char_run"", ""char_type_transition_count"", ""token_count"", ""token_mean_length"", ""token_max_length""]",0.092393599999923,37.63897399999996,200,200,0.18819486999999982,positive_class_probability
0.9899366485395527,0.9903571205587173,,phiusiil,,99,260,0.012917970884881006,0.09705819999999221,2.720698547961883e-06,0.9897798281290033,rf,20261001,20127,15547,35674,20260902,0.9991467664986889,0.9834479246243952,0.9936322120023156,r00,0.9992473949806392,S3-domain,s3,rf_depth24_leaf2,"{""class_weight"": null, ""max_depth"": 24, ""max_features"": ""sqrt"", ""min_samples_leaf"": 2, ""n_estimators"": 200}",0.71,19867,59.101279999999996,15448,42.355802999999995,0.9916575660951665,0.9989524277958524,f_single,15,"[""longest_repeated_char_run"", ""hostname_length"", ""subdomain_depth"", ""letter_ratio"", ""registrable_domain_length"", ""url_length"", ""path_length"", ""token_mean_length"", ""path_segment_count"", ""digit_count"", ""token_max_length"", ""special_char_ratio"", ""digit_ratio"", ""letter_count"", ""char_type_transition_count""]",0.06724249999999188,15.827329299999988,200,200,0.07913664649999994,positive_class_probability
0.9900768066378876,0.9904227854672965,,phiusiil,,107,247,0.012272072340636955,0.07565450000001306,2.1207181700962343e-06,0.989920673956537,rf,20261001,20127,15547,35674,20260902,0.9991443262257195,0.9842544782303818,0.99311764327523,r00,0.999243569654173,S3-domain,s3,rf_depth24_leaf2,"{""class_weight"": null, ""max_depth"": 24, ""max_features"": ""sqrt"", ""min_samples_leaf"": 2, ""n_estimators"": 200}",0.73,19880,56.562216899999996,15440,40.995477600000015,0.990801035909499,0.9989406466212337,f_stable,14,"[""longest_repeated_char_run"", ""hostname_length"", ""subdomain_depth"", ""registrable_domain_length"", ""path_length"", ""letter_ratio"", ""url_length"", ""char_type_transition_count"", ""token_mean_length"", ""path_segment_count"", ""token_max_length"", ""special_char_ratio"", ""digit_count"", ""digit_ratio""]",0.03863709999998832,14.769995800000004,200,200,0.07384997900000002,positive_class_probability
0.9941133598699332,0.9935390172066476,master,phiusiil,PhiUSIIL,170,40,0.0019873801361355,0.0380918000000747,1.0677748500329297e-06,0.9940089256303164,xgb,20261001,20127,15547,35674,20260902,0.9993973701145334,0.997405461503535,0.9890654145494308,r00,0.999316909183896,S3-domain,s3,xgb_d6_lr01_balanced,"{""colsample_bytree"": 0.9, ""learning_rate"": 0.1, ""max_depth"": 6, ""n_estimators"": 200, ""reg_lambda"": 1.0, ""scale_pos_weight"": 1.3542591267000716, ""subsample"": 0.9}",0.89,20087,21.86901009999997,15377,21.717017399999804,0.9923242695982146,0.9993649654468358,f_all,35,"[""url_length"", ""hostname_length"", ""path_length"", ""query_length"", ""fragment_length"", ""digit_count"", ""letter_count"", ""special_char_count"", ""digit_ratio"", ""letter_ratio"", ""special_char_ratio"", ""dot_count"", ""hyphen_count"", ""underscore_count"", ""slash_count"", ""question_mark_count"", ""equals_sign_count"", ""percent_sign_count"", ""at_sign_count"", ""subdomain_depth"", ""path_segment_count"", ""query_parameter_count"", ""has_port"", ""has_userinfo"", ""host_is_ip"", ""tld_length"", ""registrable_domain_length"", ""domain_digit_ratio"", ""domain_hyphen_ratio"", ""url_char_entropy"", ""longest_repeated_char_run"", ""char_type_transition_count"", ""token_count"", ""token_mean_length"", ""token_max_length""]",0.096429100000023,0.0436792000000423,200,200,0.00021839600000021152,raw_margin
0.9944777709256041,0.9941473799346747,,phiusiil,,131,66,0.00327917722462364,0.02722539999999185,7.631720580812876e-07,0.9943825333517584,xgb,20261001,20127,15547,35674,20260902,0.9994952862168143,0.9957369848856736,0.9915739370939731,r00,0.9994497026598025,S3-domain,s3,xgb_d6_lr01_balanced,"{""colsample_bytree"": 0.9, ""learning_rate"": 0.1, ""max_depth"": 6, ""n_estimators"": 200, ""reg_lambda"": 1.0, ""scale_pos_weight"": 1.3542591267000716, ""subsample"": 0.9}",0.82,20061,18.2647762,15416,17.50590200000002,0.9929274762862362,0.9994168342531964,f_single,15,"[""hostname_length"", ""longest_repeated_char_run"", ""url_length"", ""path_length"", ""registrable_domain_length"", ""subdomain_depth"", ""token_max_length"", ""token_mean_length"", ""char_type_transition_count"", ""digit_count"", ""dot_count"", ""letter_ratio"", ""special_char_ratio"", ""letter_count"", ""slash_count""]",0.03843609999998421,0.021221999999994523,200,200,0.00010610999999997261,raw_margin
0.9935246958569266,0.992783144521195,,phiusiil,,202,29,0.001440850598698266,0.029721399999999676,8.331389807702998e-07,0.9934076729841703,xgb,20261001,20127,15547,35674,20260902,0.9994685138592969,0.9981136984519319,0.9870071396410883,r00,0.9994108869411212,S3-domain,s3,xgb_d6_lr01_balanced,"{""colsample_bytree"": 0.9, ""learning_rate"": 0.1, ""max_depth"": 6, ""n_estimators"": 200, ""reg_lambda"": 1.0, ""scale_pos_weight"": 1.3542591267000716, ""subsample"": 0.9}",0.92,20098,17.9651011,15345,17.1404905,0.9916642318551702,0.9993219457039552,f_stable,14,"[""hostname_length"", ""longest_repeated_char_run"", ""url_length"", ""path_length"", ""registrable_domain_length"", ""subdomain_depth"", ""token_max_length"", ""char_type_transition_count"", ""dot_count"", ""token_mean_length"", ""letter_ratio"", ""digit_count"", ""letter_count"", ""slash_count""]",0.03894800000000487,0.02145360000000096,200,200,0.0001072680000000048,raw_margin
0.9860122217861748,0.985942463721612,master,phiusiil,PhiUSIIL,227,272,0.0135141849257216,0.0175702000001365,4.92521163876676e-07,0.9857824612761404,lr,20261002,20127,15547,35674,20260903,0.9956755231209496,0.982555156490508,0.9853991123689456,r01,0.9935194271889036,S3-domain,s3,lr_c1,"{""C"": 1.0, ""class_weight"": null}",0.86,19855,25.282486999999943,15320,25.165808499999912,0.9874052279616876,0.9945907259164148,f_all,35,"[""url_length"", ""hostname_length"", ""path_length"", ""query_length"", ""fragment_length"", ""digit_count"", ""letter_count"", ""special_char_count"", ""digit_ratio"", ""letter_ratio"", ""special_char_ratio"", ""dot_count"", ""hyphen_count"", ""underscore_count"", ""slash_count"", ""question_mark_count"", ""equals_sign_count"", ""percent_sign_count"", ""at_sign_count"", ""subdomain_depth"", ""path_segment_count"", ""query_parameter_count"", ""has_port"", ""has_userinfo"", ""host_is_ip"", ""tld_length"", ""registrable_domain_length"", ""domain_digit_ratio"", ""domain_hyphen_ratio"", ""url_char_entropy"", ""longest_repeated_char_run"", ""char_type_transition_count"", ""token_count"", ""token_mean_length"", ""token_max_length""]",0.0027660000000651,0.0094606000000112,200,200,4.7303000000056e-05,raw_log_odds
0.978471716095756,0.9760471670614886,,phiusiil,,666,102,0.005067819347145625,0.006095700000003035,1.7087234400412164e-07,0.978014593376778,lr,20261002,20127,15547,35674,20260903,0.988370655091662,0.9931922845892011,0.9571621534701229,r01,0.9815894770912623,S3-domain,s3,lr_c1,"{""C"": 1.0, ""class_weight"": null}",0.94,20025,17.398113999999993,14881,16.73688759999999,0.9754548838105135,0.9851280041916491,f_single,15,"[""hostname_length"", ""letter_count"", ""query_length"", ""path_segment_count"", ""path_length"", ""url_length"", ""question_mark_count"", ""slash_count"", ""dot_count"", ""token_mean_length"", ""query_parameter_count"", ""token_max_length"", ""longest_repeated_char_run"", ""hyphen_count"", ""digit_ratio""]",0.0007128999999963526,0.004719399999999041,200,200,2.3596999999995204e-05,raw_log_odds
0.978443684476089,0.9760369613972693,,phiusiil,,664,105,0.0052168728573557905,0.006211199999995642,1.741099960754511e-07,0.9779868747693309,lr,20261002,20127,15547,35674,20260903,0.9884646275578886,0.9929943955164131,0.9572907956518942,r01,0.9818298398978794,S3-domain,s3,lr_c1,"{""C"": 1.0, ""class_weight"": null}",0.94,20022,17.08035670000001,14883,16.438353600000028,0.9755418277762546,0.9851632032400789,f_stable,14,"[""letter_count"", ""hostname_length"", ""path_length"", ""path_segment_count"", ""query_length"", ""url_length"", ""slash_count"", ""dot_count"", ""question_mark_count"", ""token_mean_length"", ""token_max_length"", ""longest_repeated_char_run"", ""hyphen_count"", ""query_parameter_count""]",0.0007368999999926018,0.0046539999999879456,200,200,2.3269999999939728e-05,raw_log_odds
0.9896283007232158,0.9892276154222832,master,phiusiil,PhiUSIIL,216,154,0.0076514135241218,0.2511146000001645,7.039148960031521e-06,0.989449663078028,rf,20261002,20127,15547,35674,20260903,0.998652168987044,0.990054891830804,0.9861066443686884,r01,0.9989351674882124,S3-domain,s3,rf_depth24_leaf2,"{""class_weight"": null, ""max_depth"": 24, ""max_features"": ""sqrt"", ""min_samples_leaf"": 2, ""n_estimators"": 200}",0.86,19973,74.73104680000006,15331,74.33682320000003,0.9907355461121324,0.9990767303976836,f_all,35,"[""url_length"", ""hostname_length"", ""path_length"", ""query_length"", ""fragment_length"", ""digit_count"", ""letter_count"", ""special_char_count"", ""digit_ratio"", ""letter_ratio"", ""special_char_ratio"", ""dot_count"", ""hyphen_count"", ""underscore_count"", ""slash_count"", ""question_mark_count"", ""equals_sign_count"", ""percent_sign_count"", ""at_sign_count"", ""subdomain_depth"", ""path_segment_count"", ""query_parameter_count"", ""has_port"", ""has_userinfo"", ""host_is_ip"", ""tld_length"", ""registrable_domain_length"", ""domain_digit_ratio"", ""domain_hyphen_ratio"", ""url_char_entropy"", ""longest_repeated_char_run"", ""char_type_transition_count"", ""token_count"", ""token_mean_length"", ""token_max_length""]",0.1090102999999089,43.500153700000055,200,200,0.21750076850000027,positive_class_probability
0.9900768066378876,0.9895738633933224,,phiusiil,,223,131,0.006508669945843891,0.0769427000000178,2.156828502551376e-06,0.989903638922968,rf,20261002,20127,15547,35674,20260903,0.9991258451856094,0.9915237787123908,0.9856563967324886,r01,0.9992236840284939,S3-domain,s3,rf_depth24_leaf2,"{""class_weight"": null, ""max_depth"": 24, ""max_features"": ""sqrt"", ""min_samples_leaf"": 2, ""n_estimators"": 200}",0.84,19996,58.880741,15324,42.13001300000002,0.9914475030966712,0.9991887617948129,f_single,15,"[""longest_repeated_char_run"", ""hostname_length"", ""subdomain_depth"", ""letter_ratio"", ""url_length"", ""registrable_domain_length"", ""path_length"", ""token_mean_length"", ""path_segment_count"", ""token_max_length"", ""digit_count"", ""letter_count"", ""digit_ratio"", ""char_type_transition_count"", ""special_char_ratio""]",0.03144120000001749,15.980754300000001,200,200,0.0799037715,positive_class_probability
0.9900487750182205,0.9895490211416207,,phiusiil,,223,132,0.00655835444924728,0.07882250000000113,2.2095223412009063e-06,0.98987519375701,rf,20261002,20127,15547,35674,20260903,0.9990511885844545,0.9914596273291926,0.9856563967324886,r01,0.9991643515212458,S3-domain,s3,rf_depth24_leaf2,"{""class_weight"": null, ""max_depth"": 24, ""max_features"": ""sqrt"", ""min_samples_leaf"": 2, ""n_estimators"": 200}",0.85,19995,54.880392700000016,15324,39.44624700000003,0.9910777495773904,0.9992819825520346,f_stable,14,"[""longest_repeated_char_run"", ""hostname_length"", ""subdomain_depth"", ""registrable_domain_length"", ""letter_ratio"", ""path_length"", ""url_length"", ""char_type_transition_count"", ""path_segment_count"", ""token_mean_length"", ""token_max_length"", ""special_char_ratio"", ""digit_count"", ""digit_ratio""]",0.0359225000000265,14.570600199999944,200,200,0.07285300099999972,positive_class_probability
0.992851936984919,0.9924064792925892,master,phiusiil,PhiUSIIL,172,83,0.0041238137824812,0.0490176000000701,1.3740427201903392e-06,0.9927273604650476,xgb,20261002,20127,15547,35674,20260903,0.9994910521760968,0.9946306119808512,0.9889367723676592,r01,0.999485456839006,S3-domain,s3,xgb_d6_lr01_balanced,"{""colsample_bytree"": 0.9, ""learning_rate"": 0.1, ""max_depth"": 6, ""n_estimators"": 200, ""reg_lambda"": 1.0, ""scale_pos_weight"": 1.3542785150825352, ""subsample"": 0.9}",0.8,20044,36.03872239999987,15375,35.76806629999987,0.9945548701209116,0.9994273180329348,f_all,35,"[""url_length"", ""hostname_length"", ""path_length"", ""query_length"", ""fragment_length"", ""digit_count"", ""letter_count"", ""special_char_count"", ""digit_ratio"", ""letter_ratio"", ""special_char_ratio"", ""dot_count"", ""hyphen_count"", ""underscore_count"", ""slash_count"", ""question_mark_count"", ""equals_sign_count"", ""percent_sign_count"", ""at_sign_count"", ""subdomain_depth"", ""path_segment_count"", ""query_parameter_count"", ""has_port"", ""has_userinfo"", ""host_is_ip"", ""tld_length"", ""registrable_domain_length"", ""domain_digit_ratio"", ""domain_hyphen_ratio"", ""url_char_entropy"", ""longest_repeated_char_run"", ""char_type_transition_count"", ""token_count"", ""token_mean_length"", ""token_max_length""]",0.0523489999995945,0.0273618999999598,200,200,0.000136809499999799,raw_margin
0.9937489488142625,0.9934136618655368,,phiusiil,,143,80,0.003974760272271079,0.029098999999973785,8.15692100688843e-07,0.9936412362308107,xgb,20261002,20127,15547,35674,20260903,0.999520089265917,0.9948333763885301,0.9908020840033447,r01,0.999499227375133,S3-domain,s3,xgb_d6_lr01_balanced,"{""colsample_bytree"": 0.9, ""learning_rate"": 0.1, ""max_depth"": 6, ""n_estimators"": 200, ""reg_lambda"": 1.0, ""scale_pos_weight"": 1.3542785150825352, ""subsample"": 0.9}",0.78,20047,18.077548199999967,15404,17.3457851,0.9936431593323247,0.9994053134348879,f_single,15,"[""hostname_length"", ""longest_repeated_char_run"", ""url_length"", ""path_length"", ""token_max_length"", ""subdomain_depth"", ""registrable_domain_length"", ""char_type_transition_count"", ""dot_count"", ""digit_count"", ""slash_count"", ""token_mean_length"", ""letter_ratio"", ""special_char_ratio"", ""letter_count""]",0.040879000000018095,0.022124200000007477,200,200,0.00011062100000003739,raw_margin
0.9929640634635869,0.9923594824245727,,phiusiil,,192,59,0.0029313857007999206,0.027654600000005303,7.752032292427343e-07,0.9928390777945639,xgb,20261002,20127,15547,35674,20260903,0.9995017202296776,0.9961723108862074,0.9876503505499453,r01,0.9994804283083503,S3-domain,s3,xgb_d6_lr01_balanced,"{""colsample_bytree"": 0.9, ""learning_rate"": 0.1, ""max_depth"": 6, ""n_estimators"": 200, ""reg_lambda"": 1.0, ""scale_pos_weight"": 1.3542785150825352, ""subsample"": 0.9}",0.84,20068,17.48433670000003,15355,16.818839699999955,0.9936688982091436,0.9992125926530667,f_stable,15,"[""hostname_length"", ""longest_repeated_char_run"", ""url_length"", ""path_length"", ""registrable_domain_length"", ""subdomain_depth"", ""token_max_length"", ""char_type_transition_count"", ""dot_count"", ""letter_ratio"", ""digit_count"", ""token_mean_length"", ""slash_count"", ""letter_count"", ""special_char_ratio""]",0.036884600000007595,0.021333999999967546,200,200,0.00010666999999983773,raw_margin
0.9855076526321692,0.9855758044221344,master,phiusiil,PhiUSIIL,216,301,0.0149550355244199,0.0525107999999363,1.4719627740072982e-06,0.985273852407013,lr,20261003,20127,15547,35674,20260904,0.9954218390476556,0.9807446264073696,0.9861066443686884,r02,0.9932000699526616,S3-domain,s3,lr_c1,"{""C"": 1.0, ""class_weight"": null}",0.84,19826,43.147688400000106,15331,42.84548229999996,0.9883460708519024,0.995111010670459,f_all,35,"[""url_length"", ""hostname_length"", ""path_length"", ""query_length"", ""fragment_length"", ""digit_count"", ""letter_count"", ""special_char_count"", ""digit_ratio"", ""letter_ratio"", ""special_char_ratio"", ""dot_count"", ""hyphen_count"", ""underscore_count"", ""slash_count"", ""question_mark_count"", ""equals_sign_count"", ""percent_sign_count"", ""at_sign_count"", ""subdomain_depth"", ""path_segment_count"", ""query_parameter_count"", ""has_port"", ""has_userinfo"", ""host_is_ip"", ""tld_length"", ""registrable_domain_length"", ""domain_digit_ratio"", ""domain_hyphen_ratio"", ""url_char_entropy"", ""longest_repeated_char_run"", ""char_type_transition_count"", ""token_count"", ""token_mean_length"", ""token_max_length""]",0.0040206999999554,0.0092928999999912,200,200,4.6464499999956e-05,raw_log_odds
0.9773504513090766,0.9747168354813276,,phiusiil,,712,96,0.004769712326725294,0.005225499999994554,1.464792285696741e-07,0.9768595358197218,lr,20261003,20127,15547,35674,20260904,0.9885643991685222,0.9935704239501708,0.9542033832893806,r02,0.9819167182710238,S3-domain,s3,lr_c1,"{""C"": 1.0, ""class_weight"": null}",0.95,20031,15.542709399999978,14835,14.977907000000016,0.9766751700589293,0.9858263505226408,f_single,15,"[""letter_count"", ""hostname_length"", ""path_segment_count"", ""path_length"", ""url_length"", ""query_length"", ""slash_count"", ""dot_count"", ""token_mean_length"", ""question_mark_count"", ""token_max_length"", ""longest_repeated_char_run"", ""hyphen_count"", ""query_parameter_count"", ""digit_ratio""]",0.0006941999999980908,0.004366299999958301,200,200,2.1831499999791504e-05,raw_log_odds
0.9772383248304087,0.9748150604055321,,phiusiil,,685,127,0.006309931932230338,0.005629999999996471,1.5781801872502302e-07,0.9767561634784532,lr,20261003,20127,15547,35674,20260904,0.98842654084999,0.9915271198879178,0.9559400527432945,r02,0.9817158039438565,S3-domain,s3,lr_c1,"{""C"": 1.0, ""class_weight"": null}",0.94,20000,15.644413400000019,14862,15.061005299999977,0.9763957800900169,0.9856591147276094,f_stable,14,"[""letter_count"", ""hostname_length"", ""path_segment_count"", ""path_length"", ""query_length"", ""url_length"", ""slash_count"", ""dot_count"", ""token_mean_length"", ""question_mark_count"", ""token_max_length"", ""hyphen_count"", ""longest_repeated_char_run"", ""query_parameter_count""]",0.0006971999999905165,0.004448400000001129,200,200,2.2242000000005646e-05,raw_log_odds
0.989516174244548,0.9895014793962756,master,phiusiil,PhiUSIIL,165,209,0.0103840612113081,0.2767874999999549,7.758801928574168e-06,0.9893438917709771,rf,20261003,20127,15547,35674,20260904,0.9987747992900412,0.9865948303508434,0.9893870200038593,r02,0.9989814389183772,S3-domain,s3,rf_depth24_leaf2,"{""class_weight"": null, ""max_depth"": 24, ""max_features"": ""sqrt"", ""min_samples_leaf"": 2, ""n_estimators"": 200}",0.81,19918,113.4061984,15382,112.8726322,0.9916264100822272,0.9994394298845926,f_all,35,"[""url_length"", ""hostname_length"", ""path_length"", ""query_length"", ""fragment_length"", ""digit_count"", ""letter_count"", ""special_char_count"", ""digit_ratio"", ""letter_ratio"", ""special_char_ratio"", ""dot_count"", ""hyphen_count"", ""underscore_count"", ""slash_count"", ""question_mark_count"", ""equals_sign_count"", ""percent_sign_count"", ""at_sign_count"", ""subdomain_depth"", ""path_segment_count"", ""query_parameter_count"", ""has_port"", ""has_userinfo"", ""host_is_ip"", ""tld_length"", ""registrable_domain_length"", ""domain_digit_ratio"", ""domain_hyphen_ratio"", ""url_char_entropy"", ""longest_repeated_char_run"", ""char_type_transition_count"", ""token_count"", ""token_mean_length"", ""token_max_length""]",0.0409008999999969,34.81617580000011,200,200,0.17408087900000055,positive_class_probability
0.9888434153725403,0.9884003030872951,,phiusiil,,234,164,0.008148258558155711,0.1268983999999591,3.557167685147702e-06,0.9886505848526881,rf,20261003,20127,15547,35674,20260904,0.9986840736153082,0.989403631194676,0.9849488647327459,r02,0.9989053877850563,S3-domain,s3,rf_depth24_leaf2,"{""class_weight"": null, ""max_depth"": 24, ""max_features"": ""sqrt"", ""min_samples_leaf"": 2, ""n_estimators"": 200}",0.85,19963,77.63493219999998,15313,59.520081300000015,0.9920176148344924,0.9993890423136681,f_single,15,"[""longest_repeated_char_run"", ""hostname_length"", ""subdomain_depth"", ""letter_ratio"", ""registrable_domain_length"", ""url_length"", ""token_mean_length"", ""path_segment_count"", ""char_type_transition_count"", ""path_length"", ""digit_ratio"", ""digit_count"", ""special_char_ratio"", ""letter_count"", ""token_max_length""]",0.05852250000003778,16.580437500000016,200,200,0.08290218750000009,positive_class_probability
0.9896563323428827,0.9897061918859367,,phiusiil,,154,215,0.010682168231728524,0.1639981999999236,4.597135168467893e-06,0.9894876455574649,rf,20261003,20127,15547,35674,20260904,0.9987750702619562,0.9862250128139416,0.990094552003602,r02,0.998942813347503,S3-domain,s3,rf_depth24_leaf2,"{""class_weight"": null, ""max_depth"": 24, ""max_features"": ""sqrt"", ""min_samples_leaf"": 2, ""n_estimators"": 200}",0.79,19912,88.63203109999995,15393,70.37212349999999,0.9921076989448715,0.9993757511417602,f_stable,14,"[""longest_repeated_char_run"", ""hostname_length"", ""subdomain_depth"", ""registrable_domain_length"", ""letter_ratio"", ""path_length"", ""url_length"", ""token_mean_length"", ""char_type_transition_count"", ""path_segment_count"", ""token_max_length"", ""special_char_ratio"", ""digit_count"", ""digit_ratio""]",0.06170559999998204,16.834301500000038,200,200,0.08417150750000019,positive_class_probability
0.9925716207882492,0.9918140969697378,master,phiusiil,PhiUSIIL,219,46,0.0022854871565558,0.0396306000000095,1.1109099063746568e-06,0.9924373737697192,xgb,20261003,20127,15547,35674,20260904,0.9995166076981415,0.997007935475478,0.9859136810960314,r02,0.9995049941266858,S3-domain,s3,xgb_d6_lr01_balanced,"{""colsample_bytree"": 0.9, ""learning_rate"": 0.1, ""max_depth"": 6, ""n_estimators"": 200, ""reg_lambda"": 1.0, ""scale_pos_weight"": 1.3542591267000716, ""subsample"": 0.9}",0.91,20081,37.245946600000025,15328,36.95133779999992,0.994921774720853,0.999471219721706,f_all,35,"[""url_length"", ""hostname_length"", ""path_length"", ""query_length"", ""fragment_length"", ""digit_count"", ""letter_count"", ""special_char_count"", ""digit_ratio"", ""letter_ratio"", ""special_char_ratio"", ""dot_count"", ""hyphen_count"", ""underscore_count"", ""slash_count"", ""question_mark_count"", ""equals_sign_count"", ""percent_sign_count"", ""at_sign_count"", ""subdomain_depth"", ""path_segment_count"", ""query_parameter_count"", ""has_port"", ""has_userinfo"", ""host_is_ip"", ""tld_length"", ""registrable_domain_length"", ""domain_digit_ratio"", ""domain_hyphen_ratio"", ""url_char_entropy"", ""longest_repeated_char_run"", ""char_type_transition_count"", ""token_count"", ""token_mean_length"", ""token_max_length""]",0.053036300000258,0.0300611999996363,200,200,0.0001503059999981815,raw_margin
0.9912821662835679,0.991103132722188,,phiusiil,,160,151,0.007502360013911661,0.03183879999994588,8.924931322516644e-07,0.9911354806119524,xgb,20261003,20127,15547,35674,20260904,0.9994923382261413,0.9902818895610761,0.9897086254582877,r02,0.9994861503192427,S3-domain,s3,xgb_d6_lr01_balanced,"{""colsample_bytree"": 0.9, ""learning_rate"": 0.1, ""max_depth"": 6, ""n_estimators"": 200, ""reg_lambda"": 1.0, ""scale_pos_weight"": 1.3542591267000716, ""subsample"": 0.9}",0.79,19976,30.92328789999999,15387,29.593044799999916,0.9946694957358506,0.9995698121584784,f_single,15,"[""hostname_length"", ""longest_repeated_char_run"", ""url_length"", ""path_length"", ""subdomain_depth"", ""token_max_length"", ""registrable_domain_length"", ""digit_count"", ""char_type_transition_count"", ""token_mean_length"", ""dot_count"", ""letter_ratio"", ""letter_count"", ""special_char_ratio"", ""slash_count""]",0.06471699999997327,0.02791479999996227,200,200,0.00013957399999981135,raw_margin
0.9918147670572406,0.9916044086794848,,phiusiil,,156,136,0.006757092462860834,0.03418250000004264,9.58190839267888e-07,0.9916763706615732,xgb,20261003,20127,15547,35674,20260904,0.9995189620885475,0.991241063953114,0.9899659098218305,r02,0.9995204791888355,S3-domain,s3,xgb_d6_lr01_balanced,"{""colsample_bytree"": 0.9, ""learning_rate"": 0.1, ""max_depth"": 6, ""n_estimators"": 200, ""reg_lambda"": 1.0, ""scale_pos_weight"": 1.3542591267000716, ""subsample"": 0.9}",0.8,19991,28.28348200000005,15391,26.86367030000008,0.9954390401390039,0.999603604140146,f_stable,14,"[""hostname_length"", ""longest_repeated_char_run"", ""url_length"", ""path_length"", ""registrable_domain_length"", ""subdomain_depth"", ""token_max_length"", ""char_type_transition_count"", ""dot_count"", ""letter_ratio"", ""token_mean_length"", ""digit_count"", ""letter_count"", ""special_char_ratio""]",0.06317220000005364,0.0341588999999658,200,200,0.000170794499999829,raw_margin
0.985703873969838,0.984432407310638,master,phiusiil,PhiUSIIL,396,114,0.0056640333879862,0.0545113999999102,1.5280428323123362e-06,0.9854332990760368,lr,20261004,20127,15547,35674,20260905,0.9966681733677824,0.9925319358008516,0.9745288480092622,r03,0.9949858774347696,S3-domain,s3,lr_c1,"{""C"": 1.0, ""class_weight"": null}",0.95,20013,46.45138910000014,15151,46.145258999999896,0.9875377045096444,0.993073469575732,f_all,35,"[""url_length"", ""hostname_length"", ""path_length"", ""query_length"", ""fragment_length"", ""digit_count"", ""letter_count"", ""special_char_count"", ""digit_ratio"", ""letter_ratio"", ""special_char_ratio"", ""dot_count"", ""hyphen_count"", ""underscore_count"", ""slash_count"", ""question_mark_count"", ""equals_sign_count"", ""percent_sign_count"", ""at_sign_count"", ""subdomain_depth"", ""path_segment_count"", ""query_parameter_count"", ""has_port"", ""has_userinfo"", ""host_is_ip"", ""tld_length"", ""registrable_domain_length"", ""domain_digit_ratio"", ""domain_hyphen_ratio"", ""url_char_entropy"", ""longest_repeated_char_run"", ""char_type_transition_count"", ""token_count"", ""token_mean_length"", ""token_max_length""]",0.0025595000001885,0.0064104999999017,200,200,3.2052499999508496e-05,raw_log_odds
0.97676178729607,0.9744000604203444,,phiusiil,,684,145,0.00720425299349133,0.012133400000038819,3.401188540684762e-07,0.9762732417613321,lr,20261004,20127,15547,35674,20260905,0.9912123562331121,0.990338486140725,0.9560043738341802,r03,0.9877375756632079,S3-domain,s3,lr_c01,"{""C"": 0.1, ""class_weight"": null}",0.88,19982,20.57451160000005,14863,19.64778690000003,0.9818193951682413,0.9867646369147373,f_single,15,"[""hostname_length"", ""letter_count"", ""path_segment_count"", ""path_length"", ""url_length"", ""slash_count"", ""dot_count"", ""query_length"", ""token_mean_length"", ""token_max_length"", ""longest_repeated_char_run"", ""question_mark_count"", ""hyphen_count"", ""digit_ratio"", ""special_char_ratio""]",0.0007818000000270331,0.007037399999944682,200,200,3.5186999999723414e-05,raw_log_odds
0.9765095027190671,0.9743374826173347,,phiusiil,,662,176,0.008744472598996373,0.02566469999999299,7.19423109267057e-07,0.9760260359768742,lr,20261004,20127,15547,35674,20260905,0.990708681557137,0.9883141889648762,0.9574194378336657,r03,0.9859688591133828,S3-domain,s3,lr_c1,"{""C"": 1.0, ""class_weight"": null}",0.9,19951,29.058775500000024,14885,27.011026300000026,0.9801629941839706,0.9819967844015561,f_stable,13,"[""letter_count"", ""hostname_length"", ""path_segment_count"", ""path_length"", ""url_length"", ""query_length"", ""slash_count"", ""dot_count"", ""token_mean_length"", ""token_max_length"", ""question_mark_count"", ""longest_repeated_char_run"", ""hyphen_count""]",0.001625099999955637,0.011956499999996595,200,200,5.978249999998298e-05,raw_log_odds
0.9918988619162415,0.992147306234024,master,phiusiil,PhiUSIIL,92,197,0.0097878471704675,0.2365022000001317,6.629539720808762e-06,0.9917693479190254,rf,20261004,20127,15547,35674,20260905,0.9992726994305916,0.987413749041656,0.9940824596385156,r03,0.9994068906414167,S3-domain,s3,rf_depth24_leaf2,"{""class_weight"": null, ""max_depth"": 24, ""max_features"": ""sqrt"", ""min_samples_leaf"": 2, ""n_estimators"": 200}",0.8,19930,114.5304947999998,15455,114.04151980000006,0.9892331090702328,0.9991537816419632,f_all,35,"[""url_length"", ""hostname_length"", ""path_length"", ""query_length"", ""fragment_length"", ""digit_count"", ""letter_count"", ""special_char_count"", ""digit_ratio"", ""letter_ratio"", ""special_char_ratio"", ""dot_count"", ""hyphen_count"", ""underscore_count"", ""slash_count"", ""question_mark_count"", ""equals_sign_count"", ""percent_sign_count"", ""at_sign_count"", ""subdomain_depth"", ""path_segment_count"", ""query_parameter_count"", ""has_port"", ""has_userinfo"", ""host_is_ip"", ""tld_length"", ""registrable_domain_length"", ""domain_digit_ratio"", ""domain_hyphen_ratio"", ""url_char_entropy"", ""longest_repeated_char_run"", ""char_type_transition_count"", ""token_count"", ""token_mean_length"", ""token_max_length""]",0.0425239000001056,33.99008739999999,200,200,0.16995043699999995,positive_class_probability
0.9917587038179067,0.9919279571568804,,phiusiil,,105,189,0.009390371143240423,0.07246799999995801,2.0313954140258453e-06,0.9916256896067779,rf,20261004,20127,15547,35674,20260905,0.9991551690429195,0.9879086430810569,0.9932462854570013,r03,0.9993162556506776,S3-domain,s3,rf_depth24_leaf2,"{""class_weight"": null, ""max_depth"": 24, ""max_features"": ""sqrt"", ""min_samples_leaf"": 2, ""n_estimators"": 200}",0.74,19938,76.74068439999996,15442,59.91761589999999,0.9911154576522223,0.9991902924660973,f_single,15,"[""longest_repeated_char_run"", ""hostname_length"", ""subdomain_depth"", ""letter_ratio"", ""registrable_domain_length"", ""url_length"", ""path_length"", ""path_segment_count"", ""token_max_length"", ""char_type_transition_count"", ""token_mean_length"", ""digit_ratio"", ""digit_count"", ""letter_count"", ""special_char_ratio""]",0.030006700000058117,16.062378100000046,200,200,0.08031189050000023,positive_class_probability
0.9921791781129113,0.9923005909324059,,phiusiil,,105,174,0.008645103592189595,0.07132999999998901,1.9994954308456864e-06,0.9920520929596103,rf,20261004,20127,15547,35674,20260905,0.9992625813593176,0.9888575819672131,0.9932462854570013,r03,0.9994207554525069,S3-domain,s3,rf_depth24_leaf2,"{""class_weight"": null, ""max_depth"": 24, ""max_features"": ""sqrt"", ""min_samples_leaf"": 2, ""n_estimators"": 200}",0.76,19953,57.055799699999966,15442,41.53291180000008,0.9911712758169802,0.9992833007188505,f_stable,14,"[""longest_repeated_char_run"", ""hostname_length"", ""subdomain_depth"", ""registrable_domain_length"", ""letter_ratio"", ""path_length"", ""url_length"", ""char_type_transition_count"", ""path_segment_count"", ""token_mean_length"", ""token_max_length"", ""special_char_ratio"", ""digit_ratio"", ""digit_count""]",0.03691830000002483,14.763039400000025,200,200,0.07381519700000012,positive_class_probability
0.9948982452206088,0.9947907905786229,master,phiusiil,PhiUSIIL,94,88,0.0043722362994981,0.0340168999998695,9.53548803046184e-07,0.9948125175295218,xgb,20261004,20127,15547,35674,20260905,0.9995722276498012,0.9943375587156552,0.993953817456744,r03,0.9995437970623212,S3-domain,s3,xgb_d6_lr01_balanced,"{""colsample_bytree"": 0.9, ""learning_rate"": 0.1, ""max_depth"": 6, ""n_estimators"": 200, ""reg_lambda"": 1.0, ""scale_pos_weight"": 1.3542785150825352, ""subsample"": 0.9}",0.74,20039,25.590463,15453,25.448028599999816,0.992872919247226,0.9995417780525616,f_all,35,"[""url_length"", ""hostname_length"", ""path_length"", ""query_length"", ""fragment_length"", ""digit_count"", ""letter_count"", ""special_char_count"", ""digit_ratio"", ""letter_ratio"", ""special_char_ratio"", ""dot_count"", ""hyphen_count"", ""underscore_count"", ""slash_count"", ""question_mark_count"", ""equals_sign_count"", ""percent_sign_count"", ""at_sign_count"", ""subdomain_depth"", ""path_segment_count"", ""query_parameter_count"", ""has_port"", ""has_userinfo"", ""host_is_ip"", ""tld_length"", ""registrable_domain_length"", ""domain_digit_ratio"", ""domain_hyphen_ratio"", ""url_char_entropy"", ""longest_repeated_char_run"", ""char_type_transition_count"", ""token_count"", ""token_mean_length"", ""token_max_length""]",0.0779330999998819,0.0628235999997741,200,200,0.00031411799999887054,raw_margin
0.9945058025452711,0.9942966331799761,,phiusiil,,114,82,0.0040741292790778556,0.027837999999974272,7.803442282887894e-07,0.9944124127771988,xgb,20261004,20127,15547,35674,20260905,0.999557137882367,0.9947147921366419,0.9926673956390301,r03,0.999533513101946,S3-domain,s3,xgb_d6_lr01_balanced,"{""colsample_bytree"": 0.9, ""learning_rate"": 0.1, ""max_depth"": 6, ""n_estimators"": 200, ""reg_lambda"": 1.0, ""scale_pos_weight"": 1.3542785150825352, ""subsample"": 0.9}",0.71,20045,16.803148899999997,15433,16.113587499999994,0.993786283148002,0.9995408912857944,f_single,15,"[""hostname_length"", ""longest_repeated_char_run"", ""url_length"", ""path_length"", ""subdomain_depth"", ""registrable_domain_length"", ""token_max_length"", ""dot_count"", ""char_type_transition_count"", ""slash_count"", ""digit_count"", ""token_mean_length"", ""letter_ratio"", ""letter_count"", ""special_char_ratio""]",0.035875700000019606,0.021757999999977073,200,200,0.00010878999999988537,raw_margin
0.994533834164938,0.9943287937254189,,phiusiil,,113,82,0.0040741292790778556,0.028838100000029954,8.083786511193012e-07,0.9944409618473815,xgb,20261004,20127,15547,35674,20260905,0.9995774830898763,0.9947151327661768,0.9927317167299158,r03,0.9995741040661178,S3-domain,s3,xgb_d6_lr01_balanced,"{""colsample_bytree"": 0.9, ""learning_rate"": 0.1, ""max_depth"": 6, ""n_estimators"": 200, ""reg_lambda"": 1.0, ""scale_pos_weight"": 1.3542785150825352, ""subsample"": 0.9}",0.72,20045,17.18243319999999,15434,16.421826699999997,0.9935578782643564,0.9994596538632629,f_stable,14,"[""hostname_length"", ""longest_repeated_char_run"", ""url_length"", ""path_length"", ""registrable_domain_length"", ""subdomain_depth"", ""token_max_length"", ""char_type_transition_count"", ""dot_count"", ""letter_ratio"", ""token_mean_length"", ""digit_count"", ""slash_count"", ""letter_count""]",0.10022259999993821,0.020820700000058423,200,200,0.00010410350000029212,raw_margin
0.9879187105816398,0.9879980176432778,master,phiusiil,PhiUSIIL,177,254,0.0126198638644606,0.0388374999999996,1.0886475122634796e-06,0.9877232009465484,lr,20261005,20127,15548,35675,20260906,0.9958062373070278,0.983744,0.9886158991510162,r04,0.9936740119970628,S3-domain,s3,lr_c1,"{""C"": 1.0, ""class_weight"": null}",0.81,19873,42.63047449999999,15371,42.39782300000002,0.9884628817863872,0.9948440175836036,f_all,35,"[""url_length"", ""hostname_length"", ""path_length"", ""query_length"", ""fragment_length"", ""digit_count"", ""letter_count"", ""special_char_count"", ""digit_ratio"", ""letter_ratio"", ""special_char_ratio"", ""dot_count"", ""hyphen_count"", ""underscore_count"", ""slash_count"", ""question_mark_count"", ""equals_sign_count"", ""percent_sign_count"", ""at_sign_count"", ""subdomain_depth"", ""path_segment_count"", ""query_parameter_count"", ""has_port"", ""has_userinfo"", ""host_is_ip"", ""tld_length"", ""registrable_domain_length"", ""domain_digit_ratio"", ""domain_hyphen_ratio"", ""url_char_entropy"", ""longest_repeated_char_run"", ""char_type_transition_count"", ""token_count"", ""token_mean_length"", ""token_max_length""]",0.0018506999999772,0.0066250999998374,200,200,3.3125499999187e-05,raw_log_odds
0.9760896986685353,0.9737028340580152,,phiusiil,,698,155,0.007701098027525215,0.007517099999972743,2.1071058163903975e-07,0.9755864506088716,lr,20261005,20127,15548,35675,20260906,0.9872455886147999,0.9896701099633456,0.9551067661435554,r04,0.9799054496358721,S3-domain,s3,lr_c01,"{""C"": 0.1, ""class_weight"": null}",0.77,19972,17.83406649999995,14850,17.137044299999957,0.975356966812921,0.9855943126746242,f_single,15,"[""letter_count"", ""hostname_length"", ""query_length"", ""url_length"", ""path_length"", ""path_segment_count"", ""slash_count"", ""token_mean_length"", ""token_max_length"", ""dot_count"", ""question_mark_count"", ""hyphen_count"", ""longest_repeated_char_run"", ""query_parameter_count"", ""char_type_transition_count""]",0.0009099999999762076,0.004577400000016496,200,200,2.288700000008248e-05,raw_log_odds
0.9789208128941836,0.9764752855897083,,phiusiil,,662,90,0.004471605306304963,0.00671870000007857,1.8833076384242663e-07,0.9784720068650767,lr,20261005,20127,15548,35675,20260906,0.9885704853936991,0.9939903846153846,0.9574221764857216,r04,0.9820341212768946,S3-domain,s3,lr_c1,"{""C"": 1.0, ""class_weight"": null}",0.94,20037,17.342359800000054,14886,16.65375670000003,0.9765719705372788,0.9854590984094124,f_stable,14,"[""letter_count"", ""hostname_length"", ""path_length"", ""query_length"", ""path_segment_count"", ""url_length"", ""slash_count"", ""dot_count"", ""question_mark_count"", ""token_mean_length"", ""token_max_length"", ""query_parameter_count"", ""longest_repeated_char_run"", ""hyphen_count""]",0.0007656999999881009,0.004834800000026007,200,200,2.4174000000130036e-05,raw_log_odds
0.988843728100911,0.9889568202296176,master,phiusiil,PhiUSIIL,158,240,0.0119242808168132,0.3944632999998703,1.1057135248770014e-05,0.9886635951520464,rf,20261005,20127,15548,35675,20260906,0.9990707052000968,0.9846449136276392,0.9898379212760484,r04,0.9992065386723812,S3-domain,s3,rf_depth24_leaf2,"{""class_weight"": null, ""max_depth"": 24, ""max_features"": ""sqrt"", ""min_samples_leaf"": 2, ""n_estimators"": 200}",0.79,19887,92.42327539999997,15390,91.80336750000016,0.9918246667546188,0.9992197660249452,f_all,35,"[""url_length"", ""hostname_length"", ""path_length"", ""query_length"", ""fragment_length"", ""digit_count"", ""letter_count"", ""special_char_count"", ""digit_ratio"", ""letter_ratio"", ""special_char_ratio"", ""dot_count"", ""hyphen_count"", ""underscore_count"", ""slash_count"", ""question_mark_count"", ""equals_sign_count"", ""percent_sign_count"", ""at_sign_count"", ""subdomain_depth"", ""path_segment_count"", ""query_parameter_count"", ""has_port"", ""has_userinfo"", ""host_is_ip"", ""tld_length"", ""registrable_domain_length"", ""domain_digit_ratio"", ""domain_hyphen_ratio"", ""url_char_entropy"", ""longest_repeated_char_run"", ""char_type_transition_count"", ""token_count"", ""token_mean_length"", ""token_max_length""]",0.0410307999995893,34.64919289999989,200,200,0.17324596449999943,positive_class_probability
0.9873861247372109,0.9866919651798423,,phiusiil,,291,159,0.007899836041138768,0.12485789999993813,3.499871058162246e-06,0.9871622594066471,rf,20261005,20127,15548,35675,20260906,0.9990067826019468,0.989686040477426,0.9812837664008233,r04,0.9991243345941848,S3-domain,s3,rf_depth24_leaf2,"{""class_weight"": null, ""max_depth"": 24, ""max_features"": ""sqrt"", ""min_samples_leaf"": 2, ""n_estimators"": 200}",0.87,19968,59.5812277,15257,42.968448999999964,0.9921854191739711,0.9992347685271147,f_single,15,"[""longest_repeated_char_run"", ""hostname_length"", ""subdomain_depth"", ""letter_ratio"", ""url_length"", ""registrable_domain_length"", ""token_mean_length"", ""path_segment_count"", ""letter_count"", ""path_length"", ""special_char_ratio"", ""digit_count"", ""token_max_length"", ""digit_ratio"", ""char_type_transition_count""]",0.03427830000009635,15.707277699999963,200,200,0.07853638849999982,positive_class_probability
0.9883952347582341,0.987864302801471,,phiusiil,,253,161,0.007999205047945546,0.0849718000000621,2.381830413456541e-06,0.9881928220006735,rf,20261005,20127,15548,35675,20260906,0.9991460187452884,0.9895833333333334,0.9837278106508875,r04,0.9992210257251327,S3-domain,s3,rf_depth24_leaf2,"{""class_weight"": null, ""max_depth"": 24, ""max_features"": ""sqrt"", ""min_samples_leaf"": 2, ""n_estimators"": 200}",0.86,19966,53.63043200000004,15295,38.80506360000004,0.9922144622541416,0.9992484767458931,f_stable,14,"[""longest_repeated_char_run"", ""hostname_length"", ""subdomain_depth"", ""letter_ratio"", ""registrable_domain_length"", ""path_length"", ""url_length"", ""char_type_transition_count"", ""token_mean_length"", ""path_segment_count"", ""special_char_ratio"", ""digit_count"", ""token_max_length"", ""digit_ratio""]",0.03228939999996783,14.082830299999955,200,200,0.07041415149999977,positive_class_probability
0.9925998598458304,0.9918393922160016,master,phiusiil,PhiUSIIL,219,45,0.0022358026531524,0.0451700999999502,1.2661555711268467e-06,0.9924661308015617,xgb,20261005,20127,15548,35675,20260906,0.9995574387710592,0.997072980356446,0.9859145870851556,r04,0.9995284781488332,S3-domain,s3,xgb_d6_lr01_balanced,"{""colsample_bytree"": 0.9, ""learning_rate"": 0.1, ""max_depth"": 6, ""n_estimators"": 200, ""reg_lambda"": 1.0, ""scale_pos_weight"": 1.3542785150825352, ""subsample"": 0.9}",0.9,20082,44.271392700000206,15329,43.97841549999998,0.9949791358968052,0.9994583791521638,f_all,35,"[""url_length"", ""hostname_length"", ""path_length"", ""query_length"", ""fragment_length"", ""digit_count"", ""letter_count"", ""special_char_count"", ""digit_ratio"", ""letter_ratio"", ""special_char_ratio"", ""dot_count"", ""hyphen_count"", ""underscore_count"", ""slash_count"", ""question_mark_count"", ""equals_sign_count"", ""percent_sign_count"", ""at_sign_count"", ""subdomain_depth"", ""path_segment_count"", ""query_parameter_count"", ""has_port"", ""has_userinfo"", ""host_is_ip"", ""tld_length"", ""registrable_domain_length"", ""domain_digit_ratio"", ""domain_hyphen_ratio"", ""url_char_entropy"", ""longest_repeated_char_run"", ""char_type_transition_count"", ""token_count"", ""token_mean_length"", ""token_max_length""]",0.05606650000027,0.0325979999997798,200,200,0.000162989999998899,raw_margin
0.9934127540294324,0.9928085691746271,,phiusiil,,185,50,0.002484225170169424,0.029190699999844583,8.182396636256365e-07,0.9932956949897511,xgb,20261005,20127,15548,35675,20260906,0.9995571406643924,0.9967559852072926,0.9881013635194237,r04,0.999548523871103,S3-domain,s3,xgb_d6_lr01_balanced,"{""colsample_bytree"": 0.9, ""learning_rate"": 0.1, ""max_depth"": 6, ""n_estimators"": 200, ""reg_lambda"": 1.0, ""scale_pos_weight"": 1.3542785150825352, ""subsample"": 0.9}",0.86,20077,23.053658999999925,15363,21.655254600000035,0.994209194436071,0.9995006878381196,f_single,15,"[""hostname_length"", ""url_length"", ""longest_repeated_char_run"", ""path_length"", ""registrable_domain_length"", ""subdomain_depth"", ""token_max_length"", ""digit_count"", ""char_type_transition_count"", ""letter_ratio"", ""dot_count"", ""token_mean_length"", ""letter_count"", ""special_char_ratio"", ""slash_count""]",0.050457599999845115,0.02498250000007829,200,200,0.00012491250000039146,raw_margin
0.9931044148563419,0.9929889103728243,,phiusiil,,123,123,0.006111193918616783,0.03281210000000101,9.197505255781642e-07,0.9929889103728243,xgb,20261005,20127,15548,35675,20260906,0.9995438104035419,0.9920890146642655,0.9920890146642655,r04,0.9995345065650716,S3-domain,s3,xgb_d6_lr01_balanced,"{""colsample_bytree"": 0.9, ""learning_rate"": 0.1, ""max_depth"": 6, ""n_estimators"": 200, ""reg_lambda"": 1.0, ""scale_pos_weight"": 1.3542785150825352, ""subsample"": 0.9}",0.76,20004,25.175600900000063,15425,23.842332700000043,0.9940980827679196,0.9994055500194847,f_stable,14,"[""hostname_length"", ""longest_repeated_char_run"", ""url_length"", ""path_length"", ""registrable_domain_length"", ""subdomain_depth"", ""char_type_transition_count"", ""token_max_length"", ""dot_count"", ""letter_ratio"", ""token_mean_length"", ""digit_count"", ""letter_count"", ""slash_count""]",0.06300319999991189,0.030516099999886137,200,200,0.00015258049999943067,raw_margin
0.9867690755171834,0.9865473398738872,master,phiusiil,PhiUSIIL,236,236,0.0117255428031996,0.0271105000001625,7.599512249863366e-07,0.9865473398738872,lr,20261006,20127,15547,35674,20260907,0.995469854426646,0.9848202225509743,0.9848202225509743,r05,0.9930981938709904,S3-domain,s3,lr_c1,"{""C"": 1.0, ""class_weight"": null}",0.86,19891,48.87518120000004,15311,48.61172810000016,0.9884590393189006,0.9950182696729184,f_all,35,"[""url_length"", ""hostname_length"", ""path_length"", ""query_length"", ""fragment_length"", ""digit_count"", ""letter_count"", ""special_char_count"", ""digit_ratio"", ""letter_ratio"", ""special_char_ratio"", ""dot_count"", ""hyphen_count"", ""underscore_count"", ""slash_count"", ""question_mark_count"", ""equals_sign_count"", ""percent_sign_count"", ""at_sign_count"", ""subdomain_depth"", ""path_segment_count"", ""query_parameter_count"", ""has_port"", ""has_userinfo"", ""host_is_ip"", ""tld_length"", ""registrable_domain_length"", ""domain_digit_ratio"", ""domain_hyphen_ratio"", ""url_char_entropy"", ""longest_repeated_char_run"", ""char_type_transition_count"", ""token_count"", ""token_mean_length"", ""token_max_length""]",0.0020205999999234,0.0049619999999777,200,200,2.48099999998885e-05,raw_log_odds
0.9811347199641195,0.979409787215688,,phiusiil,,529,144,0.007154568490087942,0.014947099999972124,4.189914223236005e-07,0.9807620768721481,lr,20261006,20127,15547,35674,20260907,0.9914950919232162,0.9905025722200237,0.965974142921464,r05,0.9867933927337824,S3-domain,s3,lr_c1,"{""C"": 1.0, ""class_weight"": null}",0.94,19983,28.501336000000038,15018,27.118498300000056,0.9757556723889842,0.987589725357187,f_single,15,"[""hostname_length"", ""letter_count"", ""path_segment_count"", ""query_length"", ""path_length"", ""url_length"", ""slash_count"", ""dot_count"", ""token_mean_length"", ""question_mark_count"", ""token_max_length"", ""hyphen_count"", ""longest_repeated_char_run"", ""query_parameter_count"", ""special_char_ratio""]",0.0013536000001295179,0.01829730000008567,200,200,9.148650000042835e-05,raw_log_odds
0.9802377081347761,0.9778464143184123,,phiusiil,,634,71,0.0035275997416405825,0.007069200000159981,1.9816112575433035e-07,0.9798182503615496,lr,20261006,20127,15547,35674,20260907,0.9890567885225986,0.9952616123865456,0.9592204283784653,r05,0.9826423510636705,S3-domain,s3,lr_c1,"{""C"": 1.0, ""class_weight"": null}",0.95,20056,18.095105899999908,14913,17.34587929999998,0.9764775652096749,0.9863397575904359,f_stable,14,"[""letter_count"", ""hostname_length"", ""path_segment_count"", ""path_length"", ""query_length"", ""url_length"", ""slash_count"", ""dot_count"", ""token_mean_length"", ""token_max_length"", ""question_mark_count"", ""longest_repeated_char_run"", ""hyphen_count"", ""query_parameter_count""]",0.000938399999995454,0.004445399999895017,200,200,2.2226999999475083e-05,raw_log_odds
0.9898805853002186,0.9898829750183268,master,phiusiil,PhiUSIIL,157,204,0.0101356386942912,0.1661482999998043,4.657405953910531e-06,0.989714514756483,rf,20261006,20127,15547,35674,20260907,0.9986836824619716,0.9869180454020776,0.9899015887309448,r05,0.998869921224384,S3-domain,s3,rf_depth24_leaf2,"{""class_weight"": null, ""max_depth"": 24, ""max_features"": ""sqrt"", ""min_samples_leaf"": 2, ""n_estimators"": 200}",0.81,19923,79.89652860000024,15390,79.59802420000005,0.9921935706733268,0.9991106515435694,f_all,35,"[""url_length"", ""hostname_length"", ""path_length"", ""query_length"", ""fragment_length"", ""digit_count"", ""letter_count"", ""special_char_count"", ""digit_ratio"", ""letter_ratio"", ""special_char_ratio"", ""dot_count"", ""hyphen_count"", ""underscore_count"", ""slash_count"", ""question_mark_count"", ""equals_sign_count"", ""percent_sign_count"", ""at_sign_count"", ""subdomain_depth"", ""path_segment_count"", ""query_parameter_count"", ""has_port"", ""has_userinfo"", ""host_is_ip"", ""tld_length"", ""registrable_domain_length"", ""domain_digit_ratio"", ""domain_hyphen_ratio"", ""url_char_entropy"", ""longest_repeated_char_run"", ""char_type_transition_count"", ""token_count"", ""token_mean_length"", ""token_max_length""]",0.1078290999998898,45.96970670000019,200,200,0.22984853350000095,positive_class_probability
0.9907215338902282,0.9907965633254242,,phiusiil,,134,197,0.009787847170467531,0.07621849999986807,2.1365280035843492e-06,0.9905703547328046,rf,20261006,20127,15547,35674,20260907,0.998698694113071,0.9873798846893017,0.991380973821316,r05,0.9989167151615479,S3-domain,s3,rf_depth24_leaf2,"{""class_weight"": null, ""max_depth"": 24, ""max_features"": ""sqrt"", ""min_samples_leaf"": 2, ""n_estimators"": 200}",0.78,19930,67.88194709999993,15413,52.026382199999944,0.9920791494982129,0.9991964976857621,f_single,15,"[""longest_repeated_char_run"", ""hostname_length"", ""subdomain_depth"", ""registrable_domain_length"", ""url_length"", ""letter_ratio"", ""token_mean_length"", ""token_max_length"", ""digit_count"", ""letter_count"", ""digit_ratio"", ""special_char_ratio"", ""char_type_transition_count"", ""path_length"", ""path_segment_count""]",0.034053299999868614,15.066076100000146,200,200,0.07533038050000072,positive_class_probability
0.9908056287492292,0.9910979571865052,,phiusiil,,103,225,0.011179013265762408,0.08481219999998757,2.3774233335198624e-06,0.9906597694548023,rf,20261006,20127,15547,35674,20260907,0.9988025405240747,0.9856404365307294,0.9933749276387728,r05,0.9989543532421316,S3-domain,s3,rf_depth24_leaf2,"{""class_weight"": null, ""max_depth"": 24, ""max_features"": ""sqrt"", ""min_samples_leaf"": 2, ""n_estimators"": 200}",0.74,19902,53.6000082999999,15444,38.570976900000005,0.9920815480689891,0.9992865846034112,f_stable,14,"[""longest_repeated_char_run"", ""hostname_length"", ""subdomain_depth"", ""registrable_domain_length"", ""letter_ratio"", ""url_length"", ""token_mean_length"", ""path_length"", ""char_type_transition_count"", ""path_segment_count"", ""token_max_length"", ""special_char_ratio"", ""digit_count"", ""digit_ratio""]",0.029314500000054977,14.294738499999994,200,200,0.07147369249999996,positive_class_probability
0.9935246958569266,0.9932368787331468,master,phiusiil,PhiUSIIL,140,91,0.0045212898097083,0.0295639000000846,8.287240006751327e-07,0.9934138025091276,xgb,20261006,20127,15547,35674,20260907,0.9994581751842544,0.9941282746160794,0.990995047276002,r05,0.9993950151918348,S3-domain,s3,xgb_d6_lr01_balanced,"{""colsample_bytree"": 0.9, ""learning_rate"": 0.1, ""max_depth"": 6, ""n_estimators"": 200, ""reg_lambda"": 1.0, ""scale_pos_weight"": 1.3542591267000716, ""subsample"": 0.9}",0.8,20036,25.263061800000287,15407,25.07543689999966,0.9946960808078606,0.9992516517349026,f_all,35,"[""url_length"", ""hostname_length"", ""path_length"", ""query_length"", ""fragment_length"", ""digit_count"", ""letter_count"", ""special_char_count"", ""digit_ratio"", ""letter_ratio"", ""special_char_ratio"", ""dot_count"", ""hyphen_count"", ""underscore_count"", ""slash_count"", ""question_mark_count"", ""equals_sign_count"", ""percent_sign_count"", ""at_sign_count"", ""subdomain_depth"", ""path_segment_count"", ""query_parameter_count"", ""has_port"", ""has_userinfo"", ""host_is_ip"", ""tld_length"", ""registrable_domain_length"", ""domain_digit_ratio"", ""domain_hyphen_ratio"", ""url_char_entropy"", ""longest_repeated_char_run"", ""char_type_transition_count"", ""token_count"", ""token_mean_length"", ""token_max_length""]",0.0587292000000161,0.0420323999996981,200,200,0.0002101619999984905,raw_margin
0.9932443796602568,0.9930250476848356,,phiusiil,,135,106,0.005266557360759179,0.028158700000176395,7.893339687216571e-07,0.993129700240587,xgb,20261006,20127,15547,35674,20260907,0.99949809069748,0.9931692228379946,0.9913166527304303,r05,0.9994266484366371,S3-domain,s3,xgb_d6_lr01_balanced,"{""colsample_bytree"": 0.9, ""learning_rate"": 0.1, ""max_depth"": 6, ""n_estimators"": 200, ""reg_lambda"": 1.0, ""scale_pos_weight"": 1.3542591267000716, ""subsample"": 0.9}",0.79,20021,19.601034000000027,15412,18.834680700000035,0.9951246473897193,0.9996687721078183,f_single,15,"[""hostname_length"", ""longest_repeated_char_run"", ""url_length"", ""path_length"", ""subdomain_depth"", ""registrable_domain_length"", ""token_max_length"", ""token_mean_length"", ""digit_count"", ""letter_ratio"", ""dot_count"", ""char_type_transition_count"", ""special_char_ratio"", ""letter_count"", ""slash_count""]",0.03800449999994271,0.022461699999894336,200,200,0.00011230849999947167,raw_margin
0.9931322531815888,0.9931086360215577,,phiusiil,,110,135,0.006707407959457445,0.031621299999869734,8.86396254971961e-07,0.9930184311929151,xgb,20261006,20127,15547,35674,20260907,0.9994920212996923,0.9913305933727202,0.9929246800025728,r05,0.999439917238215,S3-domain,s3,xgb_d6_lr01_balanced,"{""colsample_bytree"": 0.9, ""learning_rate"": 0.1, ""max_depth"": 6, ""n_estimators"": 200, ""reg_lambda"": 1.0, ""scale_pos_weight"": 1.3542591267000716, ""subsample"": 0.9}",0.7,19992,21.42498969999997,15437,20.45962910000003,0.9951554697684228,0.9996341923709511,f_stable,15,"[""hostname_length"", ""longest_repeated_char_run"", ""url_length"", ""path_length"", ""subdomain_depth"", ""registrable_domain_length"", ""token_max_length"", ""char_type_transition_count"", ""dot_count"", ""letter_ratio"", ""token_mean_length"", ""digit_count"", ""letter_count"", ""slash_count"", ""special_char_ratio""]",0.1175565999999435,0.02346110000007684,200,200,0.0001173055000003842,raw_margin
0.9850591467174974,0.9838024891715698,master,phiusiil,PhiUSIIL,404,129,0.0064093009390371,0.031036800000038,8.700117732813269e-07,0.9847771984446928,lr,20261007,20127,15547,35674,20260908,0.996506774252341,0.9915531691985332,0.9740142792821768,r06,0.9946993454623538,S3-domain,s3,lr_c1,"{""C"": 1.0, ""class_weight"": null}",0.95,19998,36.611646700000165,15143,36.43577170000026,0.987559321813846,0.993153996659707,f_all,35,"[""url_length"", ""hostname_length"", ""path_length"", ""query_length"", ""fragment_length"", ""digit_count"", ""letter_count"", ""special_char_count"", ""digit_ratio"", ""letter_ratio"", ""special_char_ratio"", ""dot_count"", ""hyphen_count"", ""underscore_count"", ""slash_count"", ""question_mark_count"", ""equals_sign_count"", ""percent_sign_count"", ""at_sign_count"", ""subdomain_depth"", ""path_segment_count"", ""query_parameter_count"", ""has_port"", ""has_userinfo"", ""host_is_ip"", ""tld_length"", ""registrable_domain_length"", ""domain_digit_ratio"", ""domain_hyphen_ratio"", ""url_char_entropy"", ""longest_repeated_char_run"", ""char_type_transition_count"", ""token_count"", ""token_mean_length"", ""token_max_length""]",0.0010843000000022,0.0078850999998394,200,200,3.9425499999197e-05,raw_log_odds
0.974743510680047,0.9727431475851633,,phiusiil,,666,235,0.011675858299796293,0.020111199999973906,5.637495094459243e-07,0.9742351489779371,lr,20261007,20127,15547,35674,20260908,0.989926778543558,0.9844535591426303,0.9571621534701229,r06,0.9853929077980731,S3-domain,s3,lr_c01,"{""C"": 0.1, ""class_weight"": null}",0.73,19892,21.523757799999885,14881,19.48617409999997,0.9773835936637145,0.9799945604305053,f_single,15,"[""letter_count"", ""hostname_length"", ""query_length"", ""path_segment_count"", ""path_length"", ""url_length"", ""slash_count"", ""token_mean_length"", ""token_max_length"", ""dot_count"", ""question_mark_count"", ""longest_repeated_char_run"", ""hyphen_count"", ""query_parameter_count"", ""char_type_transition_count""]",0.0027012000000468106,0.008621599999969476,200,200,4.310799999984738e-05,raw_log_odds
0.9758367438470594,0.9736680856390825,,phiusiil,,672,190,0.009440055646643812,0.025699400000121386,7.203958064731005e-07,0.9753402319572576,lr,20261007,20127,15547,35674,20260908,0.990380738400201,0.9873879853966147,0.9567762269248087,r06,0.9856227197982336,S3-domain,s3,lr_c1,"{""C"": 1.0, ""class_weight"": null}",0.9,19937,32.35426929999994,14875,30.380385900000192,0.9794438741387632,0.982334308420874,f_stable,14,"[""letter_count"", ""hostname_length"", ""path_length"", ""path_segment_count"", ""query_length"", ""url_length"", ""slash_count"", ""dot_count"", ""token_mean_length"", ""question_mark_count"", ""token_max_length"", ""hyphen_count"", ""longest_repeated_char_run"", ""query_parameter_count""]",0.0016293999999561493,0.009966299999859984,200,200,4.983149999929992e-05,raw_log_odds
0.991198071424567,0.9913579291854352,master,phiusiil,PhiUSIIL,115,199,0.0098872161772743,0.1060497000003124,2.972744856206549e-06,0.9910560086276472,rf,20261007,20127,15547,35674,20260908,0.9990911086148404,0.9872688887467213,0.9926030745481444,r06,0.9992495265535324,S3-domain,s3,rf_depth24_leaf2,"{""class_weight"": null, ""max_depth"": 24, ""max_features"": ""sqrt"", ""min_samples_leaf"": 2, ""n_estimators"": 200}",0.79,19928,73.55106960000012,15432,73.28009610000026,0.9902277887020616,0.998987897552286,f_all,35,"[""url_length"", ""hostname_length"", ""path_length"", ""query_length"", ""fragment_length"", ""digit_count"", ""letter_count"", ""special_char_count"", ""digit_ratio"", ""letter_ratio"", ""special_char_ratio"", ""dot_count"", ""hyphen_count"", ""underscore_count"", ""slash_count"", ""question_mark_count"", ""equals_sign_count"", ""percent_sign_count"", ""at_sign_count"", ""subdomain_depth"", ""path_segment_count"", ""query_parameter_count"", ""has_port"", ""has_userinfo"", ""host_is_ip"", ""tld_length"", ""registrable_domain_length"", ""domain_digit_ratio"", ""domain_hyphen_ratio"", ""url_char_entropy"", ""longest_repeated_char_run"", ""char_type_transition_count"", ""token_count"", ""token_mean_length"", ""token_max_length""]",0.0503292000003057,42.163953499999934,200,200,0.21081976749999967,positive_class_probability
0.9915624824802377,0.9917979711574155,,phiusiil,,99,202,0.010036269687484474,0.09788039999989451,2.7437461456493385e-06,0.9914274682088163,rf,20261007,20127,15547,35674,20260908,0.9990311845598353,0.9870926517571885,0.9936322120023156,r06,0.9992827209278073,S3-domain,s3,rf_depth24_leaf2,"{""class_weight"": null, ""max_depth"": 24, ""max_features"": ""sqrt"", ""min_samples_leaf"": 2, ""n_estimators"": 200}",0.72,19925,103.8763257999999,15448,83.16629839999996,0.9916268892607909,0.9990571257348921,f_single,15,"[""longest_repeated_char_run"", ""hostname_length"", ""subdomain_depth"", ""letter_ratio"", ""url_length"", ""registrable_domain_length"", ""token_mean_length"", ""path_segment_count"", ""path_length"", ""letter_count"", ""token_max_length"", ""digit_count"", ""special_char_ratio"", ""char_type_transition_count"", ""digit_ratio""]",0.04216320000000451,19.52410729999997,200,200,0.09762053649999984,positive_class_probability
0.9916746089589057,0.9919412499266693,,phiusiil,,93,204,0.01013563869429125,0.09062810000000354,2.5404524303415246e-06,0.9915418721604952,rf,20261007,20127,15547,35674,20260908,0.9990077832718711,0.9869715161578746,0.9940181385476298,r06,0.9992554930401765,S3-domain,s3,rf_depth24_leaf2,"{""class_weight"": null, ""max_depth"": 24, ""max_features"": ""sqrt"", ""min_samples_leaf"": 2, ""n_estimators"": 200}",0.72,19923,80.83427459999984,15454,63.623255999999856,0.9915415097991367,0.9990900276969933,f_stable,15,"[""longest_repeated_char_run"", ""hostname_length"", ""subdomain_depth"", ""registrable_domain_length"", ""letter_ratio"", ""url_length"", ""path_length"", ""char_type_transition_count"", ""token_mean_length"", ""path_segment_count"", ""token_max_length"", ""special_char_ratio"", ""digit_count"", ""letter_count"", ""digit_ratio""]",0.03158860000007735,16.330977100000155,200,200,0.08165488550000077,positive_class_probability
0.9942535179682682,0.994175509027037,master,phiusiil,PhiUSIIL,100,105,0.0052168728573557,0.0319264000004295,8.949487021480508e-07,0.994157426964316,xgb,20261007,20127,15547,35674,20260908,0.9995081807834978,0.9932484567901234,0.9935678909114298,r06,0.9995048583068236,S3-domain,s3,xgb_d6_lr01_balanced,"{""colsample_bytree"": 0.9, ""learning_rate"": 0.1, ""max_depth"": 6, ""n_estimators"": 200, ""reg_lambda"": 1.0, ""scale_pos_weight"": 1.3542591267000716, ""subsample"": 0.9}",0.71,20022,20.415462500000103,15447,20.26748929999985,0.994242717488401,0.9994813103385128,f_all,35,"[""url_length"", ""hostname_length"", ""path_length"", ""query_length"", ""fragment_length"", ""digit_count"", ""letter_count"", ""special_char_count"", ""digit_ratio"", ""letter_ratio"", ""special_char_ratio"", ""dot_count"", ""hyphen_count"", ""underscore_count"", ""slash_count"", ""question_mark_count"", ""equals_sign_count"", ""percent_sign_count"", ""at_sign_count"", ""subdomain_depth"", ""path_segment_count"", ""query_parameter_count"", ""has_port"", ""has_userinfo"", ""host_is_ip"", ""tld_length"", ""registrable_domain_length"", ""domain_digit_ratio"", ""domain_hyphen_ratio"", ""url_char_entropy"", ""longest_repeated_char_run"", ""char_type_transition_count"", ""token_count"", ""token_mean_length"", ""token_max_length""]",0.075246800000059,0.048930499999642,200,200,0.00024465249999821003,raw_margin
0.9942815495879352,0.994171078103774,,phiusiil,,104,100,0.004968450340338848,0.03264619999981733,9.151258619671842e-07,0.9941855444093541,xgb,20261007,20127,15547,35674,20260908,0.9994823894359947,0.9935662356044521,0.993310606547887,r06,0.9994685177053925,S3-domain,s3,xgb_d6_lr01_balanced,"{""colsample_bytree"": 0.9, ""learning_rate"": 0.1, ""max_depth"": 6, ""n_estimators"": 200, ""reg_lambda"": 1.0, ""scale_pos_weight"": 1.3542591267000716, ""subsample"": 0.9}",0.7,20027,19.85819749999996,15443,18.92168599999991,0.9933038799280867,0.999504414095981,f_single,15,"[""hostname_length"", ""longest_repeated_char_run"", ""url_length"", ""path_length"", ""subdomain_depth"", ""token_max_length"", ""registrable_domain_length"", ""char_type_transition_count"", ""dot_count"", ""token_mean_length"", ""digit_count"", ""letter_ratio"", ""special_char_ratio"", ""slash_count"", ""letter_count""]",0.05019739999988815,0.0270064999999704,200,200,0.000135032499999852,raw_margin
0.9943656444469361,0.9941285121590206,,phiusiil,,120,81,0.004024444775674467,0.02834589999997661,7.945814879177162e-07,0.9942695763834213,xgb,20261007,20127,15547,35674,20260908,0.9995562357223341,0.9947768893474336,0.9922814690937158,r06,0.9995544772971172,S3-domain,s3,xgb_d6_lr01_balanced,"{""colsample_bytree"": 0.9, ""learning_rate"": 0.1, ""max_depth"": 6, ""n_estimators"": 200, ""reg_lambda"": 1.0, ""scale_pos_weight"": 1.3542591267000716, ""subsample"": 0.9}",0.75,20046,22.949745600000142,15427,22.119437199999993,0.994042465140006,0.9994724692644364,f_stable,14,"[""hostname_length"", ""longest_repeated_char_run"", ""url_length"", ""path_length"", ""registrable_domain_length"", ""token_max_length"", ""subdomain_depth"", ""char_type_transition_count"", ""dot_count"", ""token_mean_length"", ""letter_ratio"", ""digit_count"", ""letter_count"", ""special_char_ratio""]",0.04456540000001041,0.022795299999870622,200,200,0.00011397649999935311,raw_margin
0.9865728541795143,0.9864685819306106,master,phiusiil,PhiUSIIL,223,256,0.0127192328712674,0.0158387999999831,4.4398721758096e-07,0.9863511144649908,lr,20261008,20127,15547,35674,20260909,0.9956821831457257,0.983568677792041,0.9856563967324886,r07,0.9935198298548478,S3-domain,s3,lr_c1,"{""C"": 1.0, ""class_weight"": null}",0.86,19871,29.61352339999985,15324,29.46350399999983,0.9875494197485618,0.9949278378923626,f_all,35,"[""url_length"", ""hostname_length"", ""path_length"", ""query_length"", ""fragment_length"", ""digit_count"", ""letter_count"", ""special_char_count"", ""digit_ratio"", ""letter_ratio"", ""special_char_ratio"", ""dot_count"", ""hyphen_count"", ""underscore_count"", ""slash_count"", ""question_mark_count"", ""equals_sign_count"", ""percent_sign_count"", ""at_sign_count"", ""subdomain_depth"", ""path_segment_count"", ""query_parameter_count"", ""has_port"", ""has_userinfo"", ""host_is_ip"", ""tld_length"", ""registrable_domain_length"", ""domain_digit_ratio"", ""domain_hyphen_ratio"", ""url_char_entropy"", ""longest_repeated_char_run"", ""char_type_transition_count"", ""token_count"", ""token_mean_length"", ""token_max_length""]",0.0025083000000449,0.0065446999999494,200,200,3.2723499999747e-05,raw_log_odds
0.9791725065874306,0.9769243636349714,,phiusiil,,631,112,0.00556466438117951,0.006285600000182967,1.7619554858392575e-07,0.9787381285119683,lr,20261008,20127,15547,35674,20260909,0.9889078731743007,0.9925472451424009,0.9594133916511224,r07,0.9823784051353662,S3-domain,s3,lr_c1,"{""C"": 1.0, ""class_weight"": null}",0.92,20015,17.891645599999947,14916,17.071754900000087,0.9768631036104147,0.9862859554205377,f_single,15,"[""hostname_length"", ""letter_count"", ""query_length"", ""path_segment_count"", ""url_length"", ""path_length"", ""dot_count"", ""question_mark_count"", ""slash_count"", ""token_mean_length"", ""query_parameter_count"", ""token_max_length"", ""longest_repeated_char_run"", ""hyphen_count"", ""underscore_count""]",0.0007811999998921237,0.004756699999916236,200,200,2.378349999958118e-05,raw_log_odds
0.9789762852497618,0.9766919215231303,,phiusiil,,639,111,0.0055149798777761215,0.0057976000000508066,1.625161181827327e-07,0.9785362331440299,lr,20261008,20127,15547,35674,20260909,0.9888515215169824,0.9926093614754644,0.9588988229240368,r07,0.9823574121783419,S3-domain,s3,lr_c1,"{""C"": 1.0, ""class_weight"": null}",0.93,20016,19.7590467,14908,18.971540499999946,0.9765459730607751,0.985913564507262,f_stable,14,"[""letter_count"", ""hostname_length"", ""path_segment_count"", ""query_length"", ""path_length"", ""url_length"", ""slash_count"", ""dot_count"", ""token_mean_length"", ""question_mark_count"", ""token_max_length"", ""longest_repeated_char_run"", ""hyphen_count"", ""query_parameter_count""]",0.0007045999998354091,0.005038900000045032,200,200,2.5194500000225162e-05,raw_log_odds
0.9885630991758704,0.9883933842637362,master,phiusiil,PhiUSIIL,201,207,0.0102846922045014,0.1072776999999405,3.0071676851471806e-06,0.9883719396334368,rf,20261008,20127,15547,35674,20260909,0.9983381911372584,0.9866906706101716,0.987071460731974,r07,0.9987853677677012,S3-domain,s3,rf_depth24_leaf2,"{""class_weight"": null, ""max_depth"": 24, ""max_features"": ""sqrt"", ""min_samples_leaf"": 2, ""n_estimators"": 200}",0.85,19920,64.54567080000015,15346,64.35207600000012,0.9917620049911804,0.9992465182724636,f_all,35,"[""url_length"", ""hostname_length"", ""path_length"", ""query_length"", ""fragment_length"", ""digit_count"", ""letter_count"", ""special_char_count"", ""digit_ratio"", ""letter_ratio"", ""special_char_ratio"", ""dot_count"", ""hyphen_count"", ""underscore_count"", ""slash_count"", ""question_mark_count"", ""equals_sign_count"", ""percent_sign_count"", ""at_sign_count"", ""subdomain_depth"", ""path_segment_count"", ""query_parameter_count"", ""has_port"", ""has_userinfo"", ""host_is_ip"", ""tld_length"", ""registrable_domain_length"", ""domain_digit_ratio"", ""domain_hyphen_ratio"", ""url_char_entropy"", ""longest_repeated_char_run"", ""char_type_transition_count"", ""token_count"", ""token_mean_length"", ""token_max_length""]",0.0773567000001094,37.0072169,200,200,0.1850360845,positive_class_probability
0.9889275102315411,0.9885406944860706,,phiusiil,,225,170,0.008446365578576042,0.09771999999998116,2.7392498738571833e-06,0.9887373870734973,rf,20261008,20127,15547,35674,20260909,0.9990114935601762,0.9890265943712884,0.9855277545507172,r07,0.9992369783961637,S3-domain,s3,rf_depth24_leaf2,"{""class_weight"": null, ""max_depth"": 24, ""max_features"": ""sqrt"", ""min_samples_leaf"": 2, ""n_estimators"": 200}",0.85,19957,72.49034180000012,15322,55.12297620000004,0.9923579586794781,0.9993475361861235,f_single,15,"[""longest_repeated_char_run"", ""hostname_length"", ""subdomain_depth"", ""registrable_domain_length"", ""letter_ratio"", ""url_length"", ""path_length"", ""token_mean_length"", ""path_segment_count"", ""char_type_transition_count"", ""digit_ratio"", ""digit_count"", ""token_max_length"", ""letter_count"", ""special_char_ratio""]",0.03445719999990615,16.45971080000004,200,200,0.08229855400000019,positive_class_probability
0.9896283007232158,0.9893886178845888,,phiusiil,,194,176,0.008744472598996373,0.16796520000002602,4.70833660368969e-06,0.989453090461244,rf,20261008,20127,15547,35674,20260909,0.9988880473825519,0.988666366153648,0.9875217083681739,r07,0.9991298564720573,S3-domain,s3,rf_depth24_leaf2,"{""class_weight"": null, ""max_depth"": 24, ""max_features"": ""sqrt"", ""min_samples_leaf"": 2, ""n_estimators"": 200}",0.84,19951,78.29627959999993,15353,57.77730399999996,0.9925586128591203,0.9993270191193563,f_stable,15,"[""longest_repeated_char_run"", ""hostname_length"", ""subdomain_depth"", ""registrable_domain_length"", ""letter_ratio"", ""path_length"", ""url_length"", ""char_type_transition_count"", ""token_mean_length"", ""path_segment_count"", ""token_max_length"", ""special_char_ratio"", ""digit_ratio"", ""digit_count"", ""letter_count""]",0.10352539999985311,18.462193699999943,200,200,0.09231096849999972,positive_class_probability
0.99265571564725,0.99212280912456,master,phiusiil,PhiUSIIL,187,75,0.0037263377552541,0.0339994000000842,9.530582497080304e-07,0.9925264329736792,xgb,20261008,20127,15547,35674,20260909,0.9995312007448488,0.9951409135082604,0.9879719560043738,r07,0.9995287961580326,S3-domain,s3,xgb_d6_lr01_balanced,"{""colsample_bytree"": 0.9, ""learning_rate"": 0.1, ""max_depth"": 6, ""n_estimators"": 200, ""reg_lambda"": 1.0, ""scale_pos_weight"": 1.3542785150825352, ""subsample"": 0.9}",0.88,20052,20.86638189999985,15360,20.72756449999997,0.9950371175270948,0.9994988569432572,f_all,35,"[""url_length"", ""hostname_length"", ""path_length"", ""query_length"", ""fragment_length"", ""digit_count"", ""letter_count"", ""special_char_count"", ""digit_ratio"", ""letter_ratio"", ""special_char_ratio"", ""dot_count"", ""hyphen_count"", ""underscore_count"", ""slash_count"", ""question_mark_count"", ""equals_sign_count"", ""percent_sign_count"", ""at_sign_count"", ""subdomain_depth"", ""path_segment_count"", ""query_parameter_count"", ""has_port"", ""has_userinfo"", ""host_is_ip"", ""tld_length"", ""registrable_domain_length"", ""domain_digit_ratio"", ""domain_hyphen_ratio"", ""url_char_entropy"", ""longest_repeated_char_run"", ""char_type_transition_count"", ""token_count"", ""token_mean_length"", ""token_max_length""]",0.1015317999999751,0.0435173000000759,200,200,0.0002175865000003795,raw_margin
0.992795873745585,0.992422659432856,,phiusiil,,163,94,0.0046703433199185174,0.03530040000009649,9.895273868951193e-07,0.9926714120303688,xgb,20261008,20127,15547,35674,20260909,0.9995364703826175,0.993926863935909,0.9895156621856307,r07,0.9995634573868172,S3-domain,s3,xgb_d6_lr01_balanced,"{""colsample_bytree"": 0.9, ""learning_rate"": 0.1, ""max_depth"": 6, ""n_estimators"": 200, ""reg_lambda"": 1.0, ""scale_pos_weight"": 1.3542785150825352, ""subsample"": 0.9}",0.82,20033,28.46876969999994,15384,27.06000310000013,0.9943828213321904,0.9994511137400738,f_single,15,"[""hostname_length"", ""longest_repeated_char_run"", ""url_length"", ""path_length"", ""subdomain_depth"", ""registrable_domain_length"", ""token_max_length"", ""dot_count"", ""token_mean_length"", ""digit_count"", ""char_type_transition_count"", ""letter_ratio"", ""slash_count"", ""letter_count"", ""special_char_ratio""]",0.06270449999988159,0.028873699999849123,200,200,0.00014436849999924562,raw_margin
0.9922352413522453,0.9922478193234331,,phiusiil,,119,158,0.00785015153773538,0.03313869999988128,9.289314346549668e-07,0.9921073556713256,xgb,20261008,20127,15547,35674,20260909,0.9995007001277048,0.9898626972924419,0.9923457901846016,r07,0.9994814014177145,S3-domain,s3,xgb_d6_lr01_balanced,"{""colsample_bytree"": 0.9, ""learning_rate"": 0.1, ""max_depth"": 6, ""n_estimators"": 200, ""reg_lambda"": 1.0, ""scale_pos_weight"": 1.3542785150825352, ""subsample"": 0.9}",0.69,19969,28.299683200000118,15428,26.88300409999988,0.9943570929280422,0.9994272892729317,f_stable,14,"[""hostname_length"", ""longest_repeated_char_run"", ""url_length"", ""path_length"", ""registrable_domain_length"", ""subdomain_depth"", ""token_max_length"", ""char_type_transition_count"", ""dot_count"", ""digit_count"", ""letter_ratio"", ""token_mean_length"", ""slash_count"", ""letter_count""]",0.05845069999986663,0.03266230000008363,200,200,0.00016331150000041815,raw_margin
0.9853114312945002,0.9842822097178254,master,phiusiil,PhiUSIIL,369,155,0.0077010980275252,0.0236571999998886,6.631496327826621e-07,0.9850412927811958,lr,20261009,20127,15547,35674,20260910,0.9968199348738208,0.9898910845887954,0.976265517463176,r08,0.9953518927883132,S3-domain,s3,lr_c1_balanced,"{""C"": 1.0, ""class_weight"": ""balanced""}",0.95,19972,26.11393230000021,15178,25.98862550000013,0.9867105881267432,0.994190071908828,f_all,35,"[""url_length"", ""hostname_length"", ""path_length"", ""query_length"", ""fragment_length"", ""digit_count"", ""letter_count"", ""special_char_count"", ""digit_ratio"", ""letter_ratio"", ""special_char_ratio"", ""dot_count"", ""hyphen_count"", ""underscore_count"", ""slash_count"", ""question_mark_count"", ""equals_sign_count"", ""percent_sign_count"", ""at_sign_count"", ""subdomain_depth"", ""path_segment_count"", ""query_parameter_count"", ""has_port"", ""has_userinfo"", ""host_is_ip"", ""tld_length"", ""registrable_domain_length"", ""domain_digit_ratio"", ""domain_hyphen_ratio"", ""url_char_entropy"", ""longest_repeated_char_run"", ""char_type_transition_count"", ""token_count"", ""token_mean_length"", ""token_max_length""]",0.0022406000000501,0.0055591999998796,200,200,2.7795999999398e-05,raw_log_odds
0.9773504513090766,0.9751120233433501,,phiusiil,,658,150,0.0074526755105082726,0.005489099999977043,1.538683635134003e-07,0.9768801506479747,lr,20261009,20127,15547,35674,20260910,0.9907052460848838,0.9900259325753042,0.9576767221972085,r08,0.9859963474555726,S3-domain,s3,lr_c1,"{""C"": 1.0, ""class_weight"": null}",0.9,19977,21.75027799999998,14889,20.90744840000002,0.9789276788442256,0.9820093445340892,f_single,15,"[""hostname_length"", ""path_segment_count"", ""letter_count"", ""query_length"", ""path_length"", ""slash_count"", ""url_length"", ""dot_count"", ""question_mark_count"", ""token_mean_length"", ""hyphen_count"", ""underscore_count"", ""token_max_length"", ""query_parameter_count"", ""longest_repeated_char_run""]",0.0009471000000758067,0.005377099999805068,200,200,2.688549999902534e-05,raw_log_odds
0.9770981667320737,0.974844533315588,,phiusiil,,664,153,0.007601729020718438,0.014834800000016912,4.158434714362536e-07,0.9766220549693035,lr,20261009,20127,15547,35674,20260910,0.9905985285872079,0.9898244213886672,0.9572907956518942,r08,0.9858547736250574,S3-domain,s3,lr_c1,"{""C"": 1.0, ""class_weight"": null}",0.91,19974,19.386625099999947,14883,18.42226310000001,0.9787537404020173,0.9819872360804748,f_stable,14,"[""letter_count"", ""hostname_length"", ""path_segment_count"", ""path_length"", ""query_length"", ""url_length"", ""slash_count"", ""dot_count"", ""token_mean_length"", ""question_mark_count"", ""token_max_length"", ""hyphen_count"", ""longest_repeated_char_run"", ""query_parameter_count""]",0.0011516999998093524,0.00527379999994082,200,200,2.6368999999704102e-05,raw_log_odds
0.9911700398049,0.9914282247523684,master,phiusiil,PhiUSIIL,102,213,0.0105827992249217,0.2196262000002207,6.156478107311227e-06,0.9910292583520404,rf,20261009,20127,15547,35674,20260910,0.9993267200694832,0.986396730106016,0.9934392487296584,r08,0.9993973401082964,S3-domain,s3,rf_depth24_leaf2,"{""class_weight"": null, ""max_depth"": 24, ""max_features"": ""sqrt"", ""min_samples_leaf"": 2, ""n_estimators"": 200}",0.79,19914,79.64936840000018,15445,79.28180380000003,0.9901430301658614,0.9991127251395368,f_all,35,"[""url_length"", ""hostname_length"", ""path_length"", ""query_length"", ""fragment_length"", ""digit_count"", ""letter_count"", ""special_char_count"", ""digit_ratio"", ""letter_ratio"", ""special_char_ratio"", ""dot_count"", ""hyphen_count"", ""underscore_count"", ""slash_count"", ""question_mark_count"", ""equals_sign_count"", ""percent_sign_count"", ""at_sign_count"", ""subdomain_depth"", ""path_segment_count"", ""query_parameter_count"", ""has_port"", ""has_userinfo"", ""host_is_ip"", ""tld_length"", ""registrable_domain_length"", ""domain_digit_ratio"", ""domain_hyphen_ratio"", ""url_char_entropy"", ""longest_repeated_char_run"", ""char_type_transition_count"", ""token_count"", ""token_mean_length"", ""token_max_length""]",0.0410738000000492,36.47415789999968,200,200,0.1823707894999984,positive_class_probability
0.9917026405785726,0.991922182415924,,phiusiil,,99,197,0.009787847170467531,0.08989090000000033,2.5197875203229335e-06,0.9915695675810223,rf,20261009,20127,15547,35674,20260910,0.9992476268414108,0.9874081176094599,0.9936322120023156,r08,0.9993105496185924,S3-domain,s3,rf_depth24_leaf2,"{""class_weight"": null, ""max_depth"": 24, ""max_features"": ""sqrt"", ""min_samples_leaf"": 2, ""n_estimators"": 200}",0.75,19930,85.35905049999997,15448,68.0916588,0.9917118571972801,0.9993608169165166,f_single,15,"[""longest_repeated_char_run"", ""hostname_length"", ""subdomain_depth"", ""letter_ratio"", ""url_length"", ""registrable_domain_length"", ""path_segment_count"", ""path_length"", ""digit_count"", ""token_mean_length"", ""char_type_transition_count"", ""token_max_length"", ""digit_ratio"", ""special_char_ratio"", ""letter_count""]",0.04085080000004382,16.368678199999977,200,200,0.08184339099999988,positive_class_probability
0.9920390200145764,0.9921471064989328,,phiusiil,,109,175,0.008694788095592985,0.09151569999994535,2.5653332959563087e-06,0.9919094824287338,rf,20261009,20127,15547,35674,20260910,0.9991742256228181,0.9887913917888939,0.9929890010934586,r08,0.9993383479496438,S3-domain,s3,rf_depth24_leaf2,"{""class_weight"": null, ""max_depth"": 24, ""max_features"": ""sqrt"", ""min_samples_leaf"": 2, ""n_estimators"": 200}",0.76,19952,96.64837009999997,15438,80.14589920000003,0.9917117383817247,0.999226044345701,f_stable,15,"[""longest_repeated_char_run"", ""hostname_length"", ""subdomain_depth"", ""registrable_domain_length"", ""letter_ratio"", ""path_length"", ""url_length"", ""token_mean_length"", ""path_segment_count"", ""char_type_transition_count"", ""token_max_length"", ""special_char_ratio"", ""digit_count"", ""letter_count"", ""digit_ratio""]",0.04015389999995023,15.552212499999996,200,200,0.07776106249999998,positive_class_probability
0.994561865784605,0.9946975957829548,master,phiusiil,PhiUSIIL,66,128,0.0063596164356337,0.0577166000002762,1.6178897796792123e-06,0.9944732193929786,xgb,20261009,20127,15547,35674,20260910,0.999630761342911,0.9917996027932604,0.9957548080015436,r08,0.9996164622863764,S3-domain,s3,xgb_d6_lr01_balanced,"{""colsample_bytree"": 0.9, ""learning_rate"": 0.1, ""max_depth"": 6, ""n_estimators"": 200, ""reg_lambda"": 1.0, ""scale_pos_weight"": 1.3542785150825352, ""subsample"": 0.9}",0.67,19999,30.672115500000015,15481,30.40683110000009,0.9926486210858954,0.9995317679736504,f_all,35,"[""url_length"", ""hostname_length"", ""path_length"", ""query_length"", ""fragment_length"", ""digit_count"", ""letter_count"", ""special_char_count"", ""digit_ratio"", ""letter_ratio"", ""special_char_ratio"", ""dot_count"", ""hyphen_count"", ""underscore_count"", ""slash_count"", ""question_mark_count"", ""equals_sign_count"", ""percent_sign_count"", ""at_sign_count"", ""subdomain_depth"", ""path_segment_count"", ""query_parameter_count"", ""has_port"", ""has_userinfo"", ""host_is_ip"", ""tld_length"", ""registrable_domain_length"", ""domain_digit_ratio"", ""domain_hyphen_ratio"", ""url_char_entropy"", ""longest_repeated_char_run"", ""char_type_transition_count"", ""token_count"", ""token_mean_length"", ""token_max_length""]",0.1187095000000226,0.0557457999998405,200,200,0.0002787289999992025,raw_margin
0.9941974547289343,0.9941258245236336,,phiusiil,,100,107,0.005316241864162568,0.029662200000075245,8.314795088881327e-07,0.994100512483864,xgb,20261009,20127,15547,35674,20260910,0.9995741446578194,0.9931207406454932,0.9935678909114298,r08,0.9995752529423624,S3-domain,s3,xgb_d6_lr01_balanced,"{""colsample_bytree"": 0.9, ""learning_rate"": 0.1, ""max_depth"": 6, ""n_estimators"": 200, ""reg_lambda"": 1.0, ""scale_pos_weight"": 1.3542785150825352, ""subsample"": 0.9}",0.7,20020,20.04306880000013,15447,19.0437316,0.9930760771224193,0.9995406915635495,f_single,15,"[""hostname_length"", ""url_length"", ""longest_repeated_char_run"", ""path_length"", ""registrable_domain_length"", ""subdomain_depth"", ""token_max_length"", ""char_type_transition_count"", ""digit_count"", ""dot_count"", ""token_mean_length"", ""letter_ratio"", ""letter_count"", ""slash_count"", ""digit_ratio""]",0.13136970000005022,0.020168199999716308,200,200,0.00010084099999858154,raw_margin
0.9940012333912653,0.9937616531244517,,phiusiil,,126,88,0.0043722362994981865,0.029400800000075833,8.241520435071995e-07,0.9938989970075738,xgb,20261009,20127,15547,35674,20260910,0.999575996361038,0.9943258752982139,0.9918955425484016,r08,0.9995617412629136,S3-domain,s3,xgb_d6_lr01_balanced,"{""colsample_bytree"": 0.9, ""learning_rate"": 0.1, ""max_depth"": 6, ""n_estimators"": 200, ""reg_lambda"": 1.0, ""scale_pos_weight"": 1.3542785150825352, ""subsample"": 0.9}",0.81,20039,19.72263159999966,15421,18.84048249999978,0.9937277983561293,0.9995993763501942,f_stable,14,"[""hostname_length"", ""longest_repeated_char_run"", ""url_length"", ""path_length"", ""registrable_domain_length"", ""subdomain_depth"", ""token_max_length"", ""char_type_transition_count"", ""dot_count"", ""token_mean_length"", ""letter_ratio"", ""digit_count"", ""letter_count"", ""slash_count""]",0.04144229999974414,0.024358399999982794,200,200,0.00012179199999991397,raw_margin
0.984414856341976,0.9829100391316274,master,phiusiil,PhiUSIIL,448,108,0.0053659263675659,0.0154865999998037,4.341023125382966e-07,0.9841128105738766,lr,20261010,20127,15548,35675,20260911,0.9966116622328228,0.992898474487112,0.9711860046308208,r09,0.9949132389951542,S3-domain,s3,lr_c1,"{""C"": 1.0, ""class_weight"": null}",0.95,20019,36.594492900000205,15100,36.41836969999986,0.9862206327426356,0.9932054064715272,f_all,35,"[""url_length"", ""hostname_length"", ""path_length"", ""query_length"", ""fragment_length"", ""digit_count"", ""letter_count"", ""special_char_count"", ""digit_ratio"", ""letter_ratio"", ""special_char_ratio"", ""dot_count"", ""hyphen_count"", ""underscore_count"", ""slash_count"", ""question_mark_count"", ""equals_sign_count"", ""percent_sign_count"", ""at_sign_count"", ""subdomain_depth"", ""path_segment_count"", ""query_parameter_count"", ""has_port"", ""has_userinfo"", ""host_is_ip"", ""tld_length"", ""registrable_domain_length"", ""domain_digit_ratio"", ""domain_hyphen_ratio"", ""url_char_entropy"", ""longest_repeated_char_run"", ""char_type_transition_count"", ""token_count"", ""token_mean_length"", ""token_max_length""]",0.0026692999999795,0.0052165000001878,200,200,2.6082500000939e-05,raw_log_odds
0.9748843728100911,0.972246857295382,,phiusiil,,751,145,0.00720425299349133,0.012103099999876576,3.392599859811234e-07,0.9743423896876391,lr,20261010,20127,15548,35675,20260911,0.9906654185446392,0.9902958104671397,0.9516979675842552,r09,0.9867676055861844,S3-domain,s3,lr_c1,"{""C"": 1.0, ""class_weight"": null}",0.95,19982,20.14171750000014,14797,19.386789600000156,0.9794680225714669,0.9865458757890068,f_single,15,"[""hostname_length"", ""letter_count"", ""path_segment_count"", ""path_length"", ""url_length"", ""query_length"", ""slash_count"", ""dot_count"", ""token_mean_length"", ""question_mark_count"", ""token_max_length"", ""hyphen_count"", ""longest_repeated_char_run"", ""query_parameter_count"", ""special_char_ratio""]",0.0009052000000338012,0.004410400000324444,200,200,2.205200000162222e-05,raw_log_odds
0.9748002803083392,0.972208911666641,,phiusiil,,746,153,0.007601729020718438,0.008009300000139774,2.2450735809782128e-07,0.9742592644165365,lr,20261010,20127,15548,35675,20260911,0.9902673493733889,0.9897693079237713,0.9520195523540005,r09,0.9855349869977303,S3-domain,s3,lr_c1,"{""C"": 1.0, ""class_weight"": null}",0.91,19974,18.730916399999842,14802,17.968097999999827,0.9786368462784487,0.9821036416081552,f_stable,14,"[""letter_count"", ""hostname_length"", ""path_length"", ""path_segment_count"", ""query_length"", ""url_length"", ""slash_count"", ""dot_count"", ""question_mark_count"", ""token_mean_length"", ""token_max_length"", ""query_parameter_count"", ""hyphen_count"", ""longest_repeated_char_run""]",0.0010699999997996201,0.0043719999998756975,200,200,2.185999999937849e-05,raw_log_odds
0.991114225648213,0.9914153323590976,master,phiusiil,PhiUSIIL,97,220,0.0109305907487454,0.2173023999998804,6.091167484229304e-06,0.9909733984058162,rf,20261010,20127,15548,35675,20260911,0.9991529069198708,0.9859613298449365,0.993761255466941,r09,0.9992622627764683,S3-domain,s3,rf_depth24_leaf2,"{""class_weight"": null, ""max_depth"": 24, ""max_features"": ""sqrt"", ""min_samples_leaf"": 2, ""n_estimators"": 200}",0.79,19907,109.7058387000002,15451,109.3507609999997,0.989434158144183,0.9989417704179422,f_all,35,"[""url_length"", ""hostname_length"", ""path_length"", ""query_length"", ""fragment_length"", ""digit_count"", ""letter_count"", ""special_char_count"", ""digit_ratio"", ""letter_ratio"", ""special_char_ratio"", ""dot_count"", ""hyphen_count"", ""underscore_count"", ""slash_count"", ""question_mark_count"", ""equals_sign_count"", ""percent_sign_count"", ""at_sign_count"", ""subdomain_depth"", ""path_segment_count"", ""query_parameter_count"", ""has_port"", ""has_userinfo"", ""host_is_ip"", ""tld_length"", ""registrable_domain_length"", ""domain_digit_ratio"", ""domain_hyphen_ratio"", ""url_char_entropy"", ""longest_repeated_char_run"", ""char_type_transition_count"", ""token_count"", ""token_mean_length"", ""token_max_length""]",0.0547212999999828,38.11219260000007,200,200,0.19056096300000036,positive_class_probability
0.9908899789768746,0.991406816202578,,phiusiil,,71,254,0.012619863864460675,0.10137840000000153,2.841721093202566e-06,0.9907495192867597,rf,20261010,20127,15548,35675,20260911,0.9991196667031126,0.9838535376009154,0.9954334962696166,r09,0.9992672238770304,S3-domain,s3,rf_depth24_leaf2,"{""class_weight"": null, ""max_depth"": 24, ""max_features"": ""sqrt"", ""min_samples_leaf"": 2, ""n_estimators"": 200}",0.65,19873,76.395584,15477,59.8550474,0.9905239904685212,0.9991892234482536,f_single,15,"[""longest_repeated_char_run"", ""hostname_length"", ""subdomain_depth"", ""registrable_domain_length"", ""url_length"", ""letter_ratio"", ""token_mean_length"", ""path_length"", ""path_segment_count"", ""token_max_length"", ""special_char_ratio"", ""letter_count"", ""char_type_transition_count"", ""digit_count"", ""digit_ratio""]",0.041139499999999884,15.618172900000005,200,200,0.07809086450000002,positive_class_probability
0.9904414856341976,0.990870331895167,,phiusiil,,90,251,0.01247081035425051,0.0835708999999838,2.3425620182195877e-06,0.9902926091947717,rf,20261010,20127,15548,35675,20260911,0.9992593097851384,0.9840218982748743,0.9942114741445846,r09,0.9993481161795227,S3-domain,s3,rf_depth24_leaf2,"{""class_weight"": null, ""max_depth"": 24, ""max_features"": ""sqrt"", ""min_samples_leaf"": 2, ""n_estimators"": 200}",0.7,19876,77.72061790000001,15458,62.11525979999999,0.9902366973239465,0.9990960240924058,f_stable,14,"[""longest_repeated_char_run"", ""hostname_length"", ""subdomain_depth"", ""registrable_domain_length"", ""letter_ratio"", ""url_length"", ""path_length"", ""token_mean_length"", ""char_type_transition_count"", ""path_segment_count"", ""special_char_ratio"", ""token_max_length"", ""digit_count"", ""digit_ratio""]",0.032896999999991294,14.757178900000014,200,200,0.07378589450000007,positive_class_probability
0.9946741415557112,0.9941825383857528,master,phiusiil,PhiUSIIL,150,40,0.0019873801361355,0.0407066999996459,1.141042747011799e-06,0.9945805168704798,xgb,20261010,20127,15548,35675,20260911,0.9994580340850424,0.9974089908019174,0.9903524569076408,r09,0.9993814681966324,S3-domain,s3,xgb_d6_lr01_balanced,"{""colsample_bytree"": 0.9, ""learning_rate"": 0.1, ""max_depth"": 6, ""n_estimators"": 200, ""reg_lambda"": 1.0, ""scale_pos_weight"": 1.3542448103078024, ""subsample"": 0.9}",0.83,20087,22.318005000000085,15398,22.15567970000029,0.992725397842558,0.9995635117161912,f_all,35,"[""url_length"", ""hostname_length"", ""path_length"", ""query_length"", ""fragment_length"", ""digit_count"", ""letter_count"", ""special_char_count"", ""digit_ratio"", ""letter_ratio"", ""special_char_ratio"", ""dot_count"", ""hyphen_count"", ""underscore_count"", ""slash_count"", ""question_mark_count"", ""equals_sign_count"", ""percent_sign_count"", ""at_sign_count"", ""subdomain_depth"", ""path_segment_count"", ""query_parameter_count"", ""has_port"", ""has_userinfo"", ""host_is_ip"", ""tld_length"", ""registrable_domain_length"", ""domain_digit_ratio"", ""domain_hyphen_ratio"", ""url_char_entropy"", ""longest_repeated_char_run"", ""char_type_transition_count"", ""token_count"", ""token_mean_length"", ""token_max_length""]",0.0704835999999886,0.0406896999998025,200,200,0.0002034484999990125,raw_margin
0.9944498948843729,0.994349611635781,,phiusiil,,100,98,0.004869081333532072,0.028964000000001988,8.118850735809948e-07,0.9943568452698381,xgb,20261010,20127,15548,35675,20260911,0.9995033277233168,0.993696127621253,0.9935683046050939,r09,0.9994934213026418,S3-domain,s3,xgb_d6_lr01_balanced,"{""colsample_bytree"": 0.9, ""learning_rate"": 0.1, ""max_depth"": 6, ""n_estimators"": 200, ""reg_lambda"": 1.0, ""scale_pos_weight"": 1.3542448103078024, ""subsample"": 0.9}",0.75,20029,20.451873000000006,15448,19.65655339999998,0.9937004057222074,0.9995842844697831,f_single,15,"[""hostname_length"", ""longest_repeated_char_run"", ""url_length"", ""path_length"", ""subdomain_depth"", ""token_max_length"", ""registrable_domain_length"", ""dot_count"", ""char_type_transition_count"", ""letter_ratio"", ""token_mean_length"", ""digit_count"", ""letter_count"", ""slash_count"", ""special_char_ratio""]",0.04309820000000286,0.02301540000001978,200,200,0.0001150770000000989,raw_margin
0.995010511562719,0.9948684053456334,,phiusiil,,97,81,0.004024444775674467,0.0329954999999984,9.248913805185256e-07,0.9949263401895634,xgb,20261010,20127,15548,35675,20260911,0.9994202539923132,0.9947849600824105,0.993761255466941,r09,0.9993415173565533,S3-domain,s3,xgb_d6_lr01_balanced,"{""colsample_bytree"": 0.9, ""learning_rate"": 0.1, ""max_depth"": 6, ""n_estimators"": 200, ""reg_lambda"": 1.0, ""scale_pos_weight"": 1.3542448103078024, ""subsample"": 0.9}",0.73,20046,20.3275582,15451,19.411348599999997,0.9931320158110446,0.9995940971989994,f_stable,15,"[""hostname_length"", ""longest_repeated_char_run"", ""url_length"", ""path_length"", ""registrable_domain_length"", ""subdomain_depth"", ""token_max_length"", ""char_type_transition_count"", ""dot_count"", ""token_mean_length"", ""letter_ratio"", ""digit_count"", ""letter_count"", ""slash_count"", ""special_char_ratio""]",0.04829699999999093,0.02384519999998247,200,200,0.00011922599999991234,raw_margin
