source_dataset,target_dataset,repetition,model,fpr_budget,threshold_selected_on_source_validation,evaluation_scope,alerts_per_10000_benign,n_samples,n_benign,n_phishing,threshold,accuracy,balanced_accuracy,precision,recall,macro_f1,roc_auc,pr_auc,fpr,tn,fp,fn,tp
phiusiil,iscx_url2016_binary,r00,lr,0.001,0.9994958121004157,source_validation,9.936900680677697,35674,20127,15547,0.9994958121004157,0.9491506419240904,0.9418071364414919,0.9985478835402599,0.8846079629510516,0.94748463344972,0.9928290724070032,0.9953397391567005,0.0009936900680677697,20107,20,1794,13753
phiusiil,iscx_url2016_binary,r00,lr,0.001,0.9994958121004157,source_s3_test,10.43374571471158,35674,20127,15547,0.9994958121004157,0.9727252340640242,0.9688614734526706,0.9985632183908046,0.9387663214768123,0.9720584146279376,0.9947835521789182,0.9965415837561087,0.001043374571471158,20106,21,952,14595
phiusiil,iscx_url2016_binary,r00,lr,0.001,0.9994958121004157,external_primary,9240.906856721553,41108,32552,8556,0.9994958121004157,0.26719859881288316,0.535441800688934,0.2205783282375499,0.9949742870500233,0.25101855074802437,0.5547280893886213,0.22807048405494593,0.9240906856721554,2471,30081,43,8513
phiusiil,iscx_url2016_binary,r00,lr,0.01,0.9143669714288533,source_validation,99.86585184081085,35674,20127,15547,0.9143669714288533,0.9870774233335202,0.9866449655928182,0.9870222107438017,0.9832765163697176,0.9868551430233228,0.9928290724070032,0.9953397391567005,0.009986585184081085,19926,201,260,15287
phiusiil,iscx_url2016_binary,r00,lr,0.01,0.9143669714288533,source_s3_test,75.02360013911661,35674,20127,15547,0.9143669714288533,0.9861523798845098,0.9852177529061463,0.990166069684142,0.9779378658262045,0.9859000818627786,0.9947835521789182,0.9965415837561087,0.007502360013911661,19976,151,343,15204
phiusiil,iscx_url2016_binary,r00,lr,0.01,0.9143669714288533,external_primary,9337.982305234702,41108,32552,8556,0.9143669714288533,0.2599250754111122,0.5315814831487371,0.21912811159349552,0.9969611968209444,0.24168798205108738,0.5547280893886213,0.22807048405494593,0.9337982305234701,2155,30397,26,8530
phiusiil,iscx_url2016_binary,r00,rf,0.001,0.9838077870454245,source_validation,8.943210612609928,35674,20127,15547,0.9838077870454245,0.9049447777092561,0.891075319690634,0.9985236220472441,0.7830449604425291,0.8999970827582305,0.9987411671909618,0.9985063931019562,0.0008943210612609927,20109,18,3373,12174
phiusiil,iscx_url2016_binary,r00,rf,0.001,0.9838077870454245,source_s3_test,3.9747602722710784,35674,20127,15547,0.9838077870454245,0.9241464371811403,0.9130321103815753,0.9993777708641207,0.8264616967903776,0.9208597164218385,0.9992723219200196,0.9991864396704125,0.00039747602722710784,20119,8,2698,12849
phiusiil,iscx_url2016_binary,r00,rf,0.001,0.9838077870454245,external_primary,9998.156795281395,41108,32552,8556,0.9838077870454245,0.20550744380655833,0.49343016865107747,0.20596272079633063,0.9866760168302945,0.17057763670492718,0.4576542422259961,0.19445480065368323,0.9998156795281395,6,32546,114,8442
phiusiil,iscx_url2016_binary,r00,rf,0.01,0.7949099920871463,source_validation,98.37531673870919,35674,20127,15547,0.7949099920871463,0.9906654706508942,0.9907395605282797,0.9873158231902627,0.9913166527304303,0.9905133780242414,0.9987411671909618,0.9985063931019562,0.00983753167387092,19929,198,135,15412
phiusiil,iscx_url2016_binary,r00,rf,0.01,0.7949099920871463,source_s3_test,107.81537238535302,35674,20127,15547,0.7949099920871463,0.9914503560015697,0.9917791033817616,0.9861571829548355,0.9943397440020583,0.9913151569809898,0.9992723219200196,0.9991864396704125,0.010781537238535302,19910,217,88,15459
phiusiil,iscx_url2016_binary,r00,rf,0.01,0.7949099920871463,external_primary,10000.0,41108,32552,8556,0.7949099920871463,0.2078427556679965,0.4992987377279102,0.20790344559081175,0.9985974754558204,0.17207766051719972,0.4576542422259961,0.19445480065368323,1.0,0,32552,12,8544
phiusiil,iscx_url2016_binary,r00,xgb,0.001,0.9502694606781006,source_validation,9.936900680677697,35674,20127,15547,0.9502694606781006,0.9911420081852329,0.9899836335148823,0.9986903280728178,0.9809609570978324,0.990974779191611,0.9993649654468358,0.9994281774418854,0.0009936900680677697,20107,20,296,15251
phiusiil,iscx_url2016_binary,r00,xgb,0.001,0.9502694606781006,source_s3_test,4.9684503403388485,35674,20127,15547,0.9502694606781006,0.9931602848012558,0.992226009849356,0.9993473862820597,0.9849488647327459,0.9930339600824248,0.9993169091838959,0.9993973701145334,0.0004968450340338849,20117,10,234,15313
phiusiil,iscx_url2016_binary,r00,xgb,0.001,0.9502694606781006,external_primary,10000.0,41108,32552,8556,0.9502694606781006,0.2078670818332198,0.4993571762505844,0.207922719419909,0.9987143525011688,0.1720943346826979,0.07229698171421428,0.11602330281786047,1.0,0,32552,11,8545
phiusiil,iscx_url2016_binary,r00,xgb,0.01,0.6199306845664978,source_validation,99.86585184081085,35674,20127,15547,0.6199306845664978,0.9916185457195716,0.9918549739545601,0.9871565495207668,0.9936965330932013,0.9914844285529438,0.9993649654468358,0.9994281774418854,0.009986585184081085,19926,201,98,15449
phiusiil,iscx_url2016_binary,r00,xgb,0.01,0.6199306845664978,source_s3_test,107.81537238535302,35674,20127,15547,0.6199306845664978,0.991198071424567,0.9914896584727759,0.9861492308674283,0.993760854184087,0.9910583105256965,0.9993169091838959,0.9993973701145334,0.010781537238535302,19910,217,97,15450
phiusiil,iscx_url2016_binary,r00,xgb,0.01,0.6199306845664978,external_primary,10000.0,41108,32552,8556,0.6199306845664978,0.20811034348545296,0.4999415614773259,0.20811540613520813,0.9998831229546518,0.1722610394055937,0.07229698171421428,0.11602330281786047,1.0,0,32552,1,8555
phiusiil,iscx_url2016_binary,r01,lr,0.001,0.9998907453828078,source_validation,9.936900680677697,35675,20127,15548,0.9998907453828078,0.9618500350385424,0.9563786373431207,0.9985942222534617,0.9137509647543093,0.960777246466155,0.9945907259164148,0.9963223125423459,0.0009936900680677697,20107,20,1341,14207
phiusiil,iscx_url2016_binary,r01,lr,0.001,0.9998907453828078,source_s3_test,6.955830476474388,35674,20127,15547,0.9998907453828078,0.9360318439199417,0.9267120914117909,0.9989468141126909,0.8541197658712292,0.9335948869932879,0.9935194271889037,0.9956755231209495,0.0006955830476474388,20113,14,2268,13279
phiusiil,iscx_url2016_binary,r01,lr,0.001,0.9998907453828078,external_primary,9221.855317067204,41159,32706,8453,0.9998907453828078,0.26609004106027845,0.5361863066652722,0.2179786351379382,0.9945581450372649,0.2508948994022467,0.5530012122598987,0.22442565608499268,0.9221855317067205,2545,30161,46,8407
phiusiil,iscx_url2016_binary,r01,lr,0.01,0.9096445031809712,source_validation,99.86585184081085,35675,20127,15548,0.9096445031809712,0.9853398738612473,0.9846516778221606,0.9869708951837687,0.9792899408284024,0.9850809276431358,0.9945907259164148,0.9963223125423459,0.009986585184081085,19926,201,322,15226
phiusiil,iscx_url2016_binary,r01,lr,0.01,0.9096445031809712,source_s3_test,101.8532319769464,35674,20127,15547,0.9096445031809712,0.9868812019958513,0.986449114949683,0.986764800826393,0.9830835530970605,0.9866556454448445,0.9935194271889037,0.9956755231209495,0.01018532319769464,19922,205,263,15284
phiusiil,iscx_url2016_binary,r01,lr,0.01,0.9096445031809712,external_primary,9334.678652235065,41159,32706,8453,0.9096445031809712,0.25763502514638353,0.531787302452721,0.2163355408388521,0.9970424701289483,0.24010172083624398,0.5530012122598987,0.22442565608499268,0.9334678652235064,2176,30530,25,8428
phiusiil,iscx_url2016_binary,r01,rf,0.001,0.9755366322129241,source_validation,9.936900680677697,35675,20127,15548,0.9755366322129241,0.9545059565522074,0.9479531163757937,0.9985678481919084,0.8968999228196552,0.953106936197854,0.9990767303976835,0.9987631919127373,0.0009936900680677697,20107,20,1603,13945
phiusiil,iscx_url2016_binary,r01,rf,0.001,0.9755366322129241,source_s3_test,26.332786803795898,35674,20127,15547,0.9755366322129241,0.9392274485619779,0.930663807048181,0.9960697070819429,0.8639608927767415,0.9370451023517348,0.9989351674882123,0.9986521686210216,0.0026332786803795897,20074,53,2115,13432
phiusiil,iscx_url2016_binary,r01,rf,0.001,0.9755366322129241,external_primary,9999.694245704153,41159,32706,8453,0.9755366322129241,0.20384363079763843,0.4962296494798462,0.20414172385263055,0.9924287235301077,0.16934449948580768,0.45868722141426843,0.19201074505095342,0.9999694245704153,1,32705,64,8389
phiusiil,iscx_url2016_binary,r01,rf,0.01,0.8260817269624671,source_validation,99.86585184081085,35675,20127,15548,0.8260817269624671,0.9903573931324456,0.9904080452006016,0.987120338331411,0.9908026755852842,0.9902000068701049,0.9990767303976835,0.9987631919127373,0.009986585184081085,19926,201,143,15405
phiusiil,iscx_url2016_binary,r01,rf,0.01,0.8260817269624671,source_s3_test,95.39424653450588,35674,20127,15547,0.8260817269624671,0.9897404272018837,0.9896343527662187,0.9876646321876004,0.988808130185888,0.9895698593776278,0.9989351674882123,0.9986521686210216,0.009539424653450588,19935,192,174,15373
phiusiil,iscx_url2016_binary,r01,rf,0.01,0.8260817269624671,external_primary,10000.0,41159,32706,8453,0.8260817269624671,0.20510702398017444,0.4993493434283686,0.205161854768154,0.9986986868567372,0.17019818148827645,0.45868722141426843,0.19201074505095342,1.0,0,32706,11,8442
phiusiil,iscx_url2016_binary,r01,xgb,0.001,0.9268352389335632,source_validation,9.936900680677697,35675,20127,15548,0.9268352389335632,0.9936930623686054,0.9929106671861874,0.9986981709301569,0.9868150244404424,0.9935785510068535,0.9994273180329348,0.9994651244079461,0.0009936900680677697,20107,20,205,15343
phiusiil,iscx_url2016_binary,r01,xgb,0.001,0.9268352389335632,source_s3_test,11.924280816813235,35674,20127,15547,0.9268352389335632,0.9920950832539104,0.9911063652349039,0.9984327042382289,0.983405158551489,0.9919484652758063,0.9994854568390061,0.9994910521760969,0.0011924280816813235,20103,24,258,15289
phiusiil,iscx_url2016_binary,r01,xgb,0.001,0.9268352389335632,external_primary,10000.0,41159,32706,8453,0.9268352389335632,0.20510702398017444,0.4993493434283686,0.205161854768154,0.9986986868567372,0.17019818148827645,0.07829544443316629,0.11495433873101357,1.0,0,32706,11,8442
phiusiil,iscx_url2016_binary,r01,xgb,0.01,0.6127820014953613,source_validation,99.86585184081085,35675,20127,15548,0.6127820014953613,0.9919551506657323,0.9922410783881498,0.9871672093468684,0.9944687419603807,0.9918271854142202,0.9994273180329348,0.9994651244079461,0.009986585184081085,19926,201,86,15462
phiusiil,iscx_url2016_binary,r01,xgb,0.01,0.6127820014953613,source_s3_test,87.94157102399761,35674,20127,15547,0.6127820014953613,0.9920670516342435,0.9921939036318579,0.9886669227814061,0.9931819643661156,0.9919382606062903,0.9994854568390061,0.9994910521760969,0.008794157102399761,19950,177,106,15441
phiusiil,iscx_url2016_binary,r01,xgb,0.01,0.6127820014953613,external_primary,10000.0,41159,32706,8453,0.6127820014953613,0.2053499842075852,0.499940849402579,0.20535497351669177,0.999881698805158,0.17036544314768903,0.07829544443316629,0.11495433873101357,1.0,0,32706,1,8452
phiusiil,iscx_url2016_binary,r02,lr,0.001,0.9996656865134983,source_validation,9.936900680677697,35674,20127,15547,0.9996656865134983,0.971379716320009,0.9673104489776725,0.9986269394480296,0.9356145880234129,0.9706669294334294,0.995111010670459,0.9967779363104032,0.0009936900680677697,20107,20,1001,14546
phiusiil,iscx_url2016_binary,r02,lr,0.001,0.9996656865134983,source_s3_test,12.42112585084712,35674,20127,15547,0.9996656865134983,0.9475248079834053,0.9399784162745124,0.9981785063752276,0.8811989451341095,0.94577858969185,0.9932000699526617,0.9954218390476557,0.001242112585084712,20102,25,1847,13700
phiusiil,iscx_url2016_binary,r02,lr,0.001,0.9996656865134983,external_primary,9236.447942405663,41236,32781,8455,0.9996656865134983,0.2646958967892133,0.5356347288406867,0.21742052209873353,0.9949142519219397,0.24928057584733931,0.5532995135666472,0.2241842300761869,0.9236447942405662,2503,30278,43,8412
phiusiil,iscx_url2016_binary,r02,lr,0.01,0.8741734981528835,source_validation,99.86585184081085,35674,20127,15547,0.8741734981528835,0.9877782138251948,0.9874489792288895,0.9870431251208663,0.9848845436418602,0.9875702859565667,0.995111010670459,0.9967779363104032,0.009986585184081085,19926,201,235,15312
phiusiil,iscx_url2016_binary,r02,lr,0.01,0.8741734981528835,source_s3_test,131.66393401897946,35674,20127,15547,0.8741734981528835,0.9859000953075069,0.9857625934836525,0.9829844612816232,0.984691580369203,0.98566662035882,0.9932000699526617,0.9954218390476557,0.013166393401897947,19862,265,238,15309
phiusiil,iscx_url2016_binary,r02,lr,0.01,0.8741734981528835,external_primary,9339.556450382843,41236,32781,8455,0.8741734981528835,0.25700843922785915,0.5317211721585633,0.21595943558093678,0.997397989355411,0.23943564260725428,0.5532995135666472,0.2241842300761869,0.9339556450382843,2165,30616,22,8433
phiusiil,iscx_url2016_binary,r02,rf,0.001,0.9678822844471395,source_validation,9.440055646643811,35674,20127,15547,0.9678822844471395,0.9726691708246903,0.9687825157743026,0.9986995208761122,0.9385090371132695,0.9719994893209317,0.9994394298845924,0.9993647367832175,0.0009440055646643812,20108,19,956,14591
phiusiil,iscx_url2016_binary,r02,rf,0.001,0.9678822844471395,source_s3_test,33.78546231430417,35674,20127,15547,0.9678822844471395,0.9709872736446712,0.9672114794410482,0.9953577280174768,0.9378015051135268,0.9702863759871336,0.9989814389183774,0.998774799916682,0.003378546231430417,20059,68,967,14580
phiusiil,iscx_url2016_binary,r02,rf,0.001,0.9678822844471395,external_primary,9999.69494524267,41236,32781,8455,0.9678822844471395,0.20404500921524882,0.49753151530439516,0.2042337290316316,0.9950325251330574,0.16948341427230446,0.45507360451745144,0.19067084771923457,0.9999694945242671,1,32780,42,8413
phiusiil,iscx_url2016_binary,r02,rf,0.01,0.7987767911510677,source_validation,99.86585184081085,35674,20127,15547,0.7987767911510677,0.9918147670572406,0.99208009777266,0.9871622916267484,0.9941467807294012,0.9916842055435453,0.9994394298845924,0.9993647367832175,0.009986585184081085,19926,201,91,15456
phiusiil,iscx_url2016_binary,r02,rf,0.01,0.7987767911510677,source_s3_test,110.29959755552242,35674,20127,15547,0.7987767911510677,0.9895442058642149,0.9896287777603534,0.9857856319631195,0.9902875152762591,0.9893744565588208,0.9989814389183774,0.998774799916682,0.011029959755552243,19905,222,151,15396
phiusiil,iscx_url2016_binary,r02,rf,0.01,0.7987767911510677,external_primary,10000.0,41236,32781,8455,0.7987767911510677,0.2047482782035115,0.4992903607332939,0.20480787890549196,0.9985807214665878,0.16995108597193986,0.45507360451745144,0.19067084771923457,1.0,0,32781,12,8443
phiusiil,iscx_url2016_binary,r02,xgb,0.001,0.9197028875350952,source_validation,9.936900680677697,35674,20127,15547,0.9197028875350952,0.9947580871222739,0.99413234387701,0.9987012987012988,0.9892583778220878,0.9946644063777962,0.999471219721706,0.99951341492977,0.0009936900680677697,20107,20,167,15380
phiusiil,iscx_url2016_binary,r02,xgb,0.001,0.9197028875350952,source_s3_test,20.37064639538928,35674,20127,15547,0.9197028875350952,0.9924034310702472,0.9915845422283749,0.997330381560099,0.9852061490962887,0.9922652017996306,0.9995049941266858,0.9995166076981417,0.0020370646395389278,20086,41,230,15317
phiusiil,iscx_url2016_binary,r02,xgb,0.001,0.9197028875350952,external_primary,10000.0,41236,32781,8455,0.9197028875350952,0.20477252885827918,0.49934949733885275,0.2048271679805943,0.9986989946777055,0.16996779388083735,0.09264857001027428,0.11560758373218102,1.0,0,32781,11,8444
phiusiil,iscx_url2016_binary,r02,xgb,0.01,0.6304172277450562,source_validation,99.86585184081085,35674,20127,15547,0.6304172277450562,0.9921791781129113,0.9924981848634171,0.9871729419272495,0.9949829549109153,0.9920551653117569,0.999471219721706,0.99951341492977,0.009986585184081085,19926,201,78,15469
phiusiil,iscx_url2016_binary,r02,xgb,0.01,0.6304172277450562,source_s3_test,104.83430218114971,35674,20127,15547,0.6304172277450562,0.9915624824802377,0.991863835801086,0.9865330610160837,0.9942111018202868,0.9914285688855978,0.9995049941266858,0.9995166076981417,0.01048343021811497,19916,211,90,15457
phiusiil,iscx_url2016_binary,r02,xgb,0.01,0.6304172277450562,external_primary,10000.0,41236,32781,8455,0.6304172277450562,0.20501503540595595,0.49994086339444116,0.20502000727537287,0.9998817267888823,0.1701348359830952,0.09264857001027428,0.11560758373218102,1.0,0,32781,1,8454
phiusiil,iscx_url2016_binary,r03,lr,0.001,0.9998120067642827,source_validation,9.936900680677697,35675,20127,15548,0.9998120067642827,0.9432655921513665,0.935057567109007,0.9985255086994986,0.8711088242860818,0.9412782348877371,0.9930734695757321,0.995466234296424,0.0009936900680677697,20107,20,2004,13544
phiusiil,iscx_url2016_binary,r03,lr,0.001,0.9998120067642827,source_s3_test,7.949520544542157,35674,20127,15547,0.9998120067642827,0.9679598587206368,0.9633575892586801,0.9988916597395401,0.9275101305718145,0.9671231708363335,0.9949858774347696,0.9966681733677825,0.0007949520544542157,20111,16,1127,14420
phiusiil,iscx_url2016_binary,r03,lr,0.001,0.9998120067642827,external_primary,9284.79892597791,41332,32774,8558,0.9998120067642827,0.262871382947837,0.5335983336730606,0.21876203435085106,0.9956765599439121,0.24603163902391426,0.5493407277837942,0.22477192993788414,0.928479892597791,2344,30430,37,8521
phiusiil,iscx_url2016_binary,r03,lr,0.01,0.9291283825765254,source_validation,99.86585184081085,35675,20127,15548,0.9291283825765254,0.987666433076384,0.9873208314110467,0.9870406189555125,0.9846282480061744,0.9874563378751177,0.9930734695757321,0.995466234296424,0.009986585184081085,19926,201,239,15309
phiusiil,iscx_url2016_binary,r03,lr,0.01,0.9291283825765254,source_s3_test,67.57092462860834,35674,20127,15547,0.9291283825765254,0.9864326960811796,0.9854295839544576,0.9911313987610042,0.977616260371776,0.9861833908010983,0.9949858774347696,0.9966681733677825,0.006757092462860834,19991,136,348,15199
phiusiil,iscx_url2016_binary,r03,lr,0.01,0.9291283825765254,external_primary,9388.539696100568,41332,32774,8558,0.9291283825765254,0.25498403174295947,0.529229243285647,0.21714794555400077,0.9973124561813508,0.2359060113327404,0.5493407277837942,0.22477192993788414,0.9388539696100567,2004,30770,23,8535
phiusiil,iscx_url2016_binary,r03,rf,0.001,0.983901478334389,source_validation,9.936900680677697,35675,20127,15548,0.983901478334389,0.9540574632095304,0.9474385807442012,0.9985662054627572,0.8958708515564703,0.9526370773565395,0.9991537816419633,0.9990055135169843,0.0009936900680677697,20107,20,1619,13929
phiusiil,iscx_url2016_binary,r03,rf,0.001,0.983901478334389,source_s3_test,6.458985442440503,35674,20127,15547,0.983901478334389,0.9489544205864214,0.9415307845672038,0.9990546829552065,0.8837074676786518,0.9472705448219878,0.9994068906414167,0.9992726994147052,0.0006458985442440503,20114,13,1808,13739
phiusiil,iscx_url2016_binary,r03,rf,0.001,0.983901478334389,external_primary,9999.389760175749,41332,32774,8558,0.983901478334389,0.20410335817284428,0.49278582865398424,0.20467893025287578,0.9855106333255433,0.16954073561557054,0.4429696675011555,0.18893738592169063,0.9999389760175749,2,32772,124,8434
phiusiil,iscx_url2016_binary,r03,rf,0.01,0.8348334279757017,source_validation,99.86585184081085,35675,20127,15548,0.8348334279757017,0.9892641906096706,0.9891538645985949,0.9870880709192522,0.9882943143812709,0.9890858744647013,0.9991537816419633,0.9990055135169843,0.009986585184081085,19926,201,182,15366
phiusiil,iscx_url2016_binary,r03,rf,0.01,0.8348334279757017,source_s3_test,72.0425299349133,35674,20127,15547,0.8348334279757017,0.9926557156472501,0.9926350896864408,0.9906902086677367,0.9924744323663729,0.9925341587398335,0.9994068906414167,0.9992726994147052,0.00720425299349133,19982,145,117,15430
phiusiil,iscx_url2016_binary,r03,rf,0.01,0.8348334279757017,external_primary,10000.0,41332,32774,8558,0.8348334279757017,0.20676473434626924,0.49929890161252627,0.2068247821878025,0.9985978032250525,0.17133806487830305,0.4429696675011555,0.18893738592169063,1.0,0,32774,12,8546
phiusiil,iscx_url2016_binary,r03,xgb,0.001,0.936134934425354,source_validation,9.440055646643811,35675,20127,15548,0.936134934425354,0.9919551506657323,0.9909095253884936,0.9987580887639715,0.9827630563416516,0.9918050604740151,0.9995417780525617,0.9995632180438851,0.0009440055646643812,20108,19,268,15280
phiusiil,iscx_url2016_binary,r03,xgb,0.001,0.936134934425354,source_s3_test,7.452675510508272,35674,20127,15547,0.936134934425354,0.9934966642372596,0.992648527863376,0.9990224828934506,0.9860423232778028,0.9933776698837959,0.9995437970623211,0.9995722276498012,0.0007452675510508272,20112,15,217,15330
phiusiil,iscx_url2016_binary,r03,xgb,0.001,0.936134934425354,external_primary,10000.0,41332,32774,8558,0.936134934425354,0.20678892867511856,0.4993573264781491,0.2068439776384889,0.9987146529562982,0.1713546783215381,0.06411879608111086,0.11481852599471082,1.0,0,32774,11,8547
phiusiil,iscx_url2016_binary,r03,xgb,0.01,0.5751360058784485,source_validation,99.86585184081085,35675,20127,15548,0.5751360058784485,0.9918710581639804,0.9921446029572263,0.9871647509578544,0.9942757910985336,0.9917415786748633,0.9995417780525617,0.9995632180438851,0.009986585184081085,19926,201,89,15459
phiusiil,iscx_url2016_binary,r03,xgb,0.01,0.5751360058784485,source_s3_test,108.80906245342078,35674,20127,15547,0.5751360058784485,0.9920109883949094,0.9924369508781008,0.9860509554140128,0.9957548080015437,0.9918860348545133,0.9995437970623211,0.9995722276498012,0.010880906245342077,19908,219,66,15481
phiusiil,iscx_url2016_binary,r03,xgb,0.01,0.5751360058784485,external_primary,10000.0,41332,32774,8558,0.5751360058784485,0.20703087196361172,0.4999415751343772,0.20703588105780166,0.9998831502687544,0.17152077612299305,0.06411879608111086,0.11481852599471082,1.0,0,32774,1,8557
phiusiil,iscx_url2016_binary,r04,lr,0.001,0.9993022019747216,source_validation,9.936900680677697,35674,20127,15547,0.9993022019747216,0.9735942142737007,0.9698511320676577,0.99863434619324,0.9406959542033833,0.9729555801563743,0.9948440175836036,0.9966540262084871,0.0009936900680677697,20107,20,922,14625
phiusiil,iscx_url2016_binary,r04,lr,0.001,0.9993022019747216,source_s3_test,15.40219605505043,35675,20127,15548,0.9993022019747216,0.9589628591450595,0.9531467926927453,0.9978085677930157,0.9078338049909956,0.9577760567040583,0.9936740119970628,0.9958062373070278,0.001540219605505043,20096,31,1433,14115
phiusiil,iscx_url2016_binary,r04,lr,0.001,0.9993022019747216,external_primary,9409.986257443885,41209,32745,8464,0.9993022019747216,0.2514499259870417,0.5274921805115487,0.21481538108707285,0.9959829867674859,0.23236321757757097,0.5496971463629854,0.22318502251976655,0.9409986257443884,1932,30813,34,8430
phiusiil,iscx_url2016_binary,r04,lr,0.01,0.8652622065257374,source_validation,99.86585184081085,35674,20127,15547,0.8652622065257374,0.9886471940348713,0.9884459561376179,0.9870689655172413,0.9868784974593169,0.9884566800630097,0.9948440175836036,0.9966540262084871,0.009986585184081085,19926,201,204,15343
phiusiil,iscx_url2016_binary,r04,lr,0.01,0.8652622065257374,source_s3_test,108.3122174193869,35675,20127,15548,0.8652622065257374,0.9875262789067975,0.9872844148558122,0.9859707831906815,0.9854000514535631,0.987316501890826,0.9936740119970628,0.9958062373070278,0.01083122174193869,19909,218,227,15321
phiusiil,iscx_url2016_binary,r04,lr,0.01,0.8652622065257374,external_primary,9574.286150557336,41209,32745,8464,0.8652622065257374,0.2387585236234803,0.5201632917159895,0.21220725701075485,0.9977551984877127,0.21579999134710212,0.5496971463629854,0.22318502251976655,0.9574286150557337,1394,31351,19,8445
phiusiil,iscx_url2016_binary,r04,rf,0.001,0.975625,source_validation,9.936900680677697,35674,20127,15547,0.975625,0.9521500252284577,0.9452483148038769,0.9985590778097982,0.8914903196758217,0.9506362998163178,0.9992197660249453,0.9990712575266276,0.0009936900680677697,20107,20,1687,13860
phiusiil,iscx_url2016_binary,r04,rf,0.001,0.975625,source_s3_test,5.962140408406618,35675,20127,15548,0.975625,0.9643167484232656,0.9591500535146967,0.999160780474159,0.9188963210702341,0.9633383329053138,0.9992065386723813,0.9990707051483444,0.0005962140408406618,20115,12,1261,14287
phiusiil,iscx_url2016_binary,r04,rf,0.001,0.975625,external_primary,9999.694609864102,41209,32745,8464,0.975625,0.2037661675847509,0.49599825627428074,0.20408361691784152,0.9919659735349716,0.1692910183018987,0.46478077613835034,0.19411761056452803,0.9999694609864102,1,32744,68,8396
phiusiil,iscx_url2016_binary,r04,rf,0.01,0.7803998283814856,source_validation,98.87216177274308,35674,20127,15547,0.7803998283814856,0.9916185457195716,0.9918403373670778,0.9872810942093826,0.9935678909114298,0.9914841849468932,0.9992197660249453,0.9990712575266276,0.009887216177274309,19928,199,100,15447
phiusiil,iscx_url2016_binary,r04,rf,0.01,0.7803998283814856,source_s3_test,124.7081035425051,35675,20127,15548,0.7803998283814856,0.9889558514365803,0.9891659326155169,0.9839678078691876,0.9908026755852842,0.9887796177077626,0.9992065386723813,0.9990707051483444,0.01247081035425051,19876,251,143,15405
phiusiil,iscx_url2016_binary,r04,rf,0.01,0.7803998283814856,external_primary,10000.0,41209,32745,8464,0.7803998283814856,0.2051250940328569,0.4993501890359168,0.2051798631001505,0.9987003780718336,0.17021062381700294,0.46478077613835034,0.19411761056452803,1.0,0,32745,11,8453
phiusiil,iscx_url2016_binary,r04,xgb,0.001,0.9236022233963013,source_validation,9.936900680677697,35674,20127,15547,0.9236022233963013,0.9947020238829399,0.9940680227861243,0.9987011300168853,0.9891297356403165,0.9946072596342695,0.9994583791521638,0.9995257254082508,0.0009936900680677697,20107,20,169,15378
phiusiil,iscx_url2016_binary,r04,xgb,0.001,0.9236022233963013,source_s3_test,19.37695632732151,35675,20127,15548,0.9236022233963013,0.9921513665031535,0.991280959232772,0.997458621139059,0.9844996140982764,0.9920078260033456,0.9995284781488333,0.9995574387710592,0.0019376956327321509,20088,39,241,15307
phiusiil,iscx_url2016_binary,r04,xgb,0.001,0.9236022233963013,external_primary,10000.0,41209,32745,8464,0.9236022233963013,0.2051250940328569,0.4993501890359168,0.2051798631001505,0.9987003780718336,0.17021062381700294,0.07640572912472242,0.11492642232896949,1.0,0,32745,11,8453
phiusiil,iscx_url2016_binary,r04,xgb,0.01,0.5830830335617065,source_validation,96.88478163660754,35674,20127,15547,0.5830830335617065,0.9925996524079161,0.992936683282613,0.9875582211446436,0.9955618447288866,0.9924824673792103,0.9994583791521638,0.9995257254082508,0.009688478163660754,19932,195,69,15478
phiusiil,iscx_url2016_binary,r04,xgb,0.01,0.5830830335617065,source_s3_test,105.82799224921746,35675,20127,15548,0.5830830335617065,0.9916187806587246,0.9919429713677295,0.9864114832535885,0.9944687419603807,0.9914861920550828,0.9995284781488333,0.9995574387710592,0.010582799224921747,19914,213,86,15462
phiusiil,iscx_url2016_binary,r04,xgb,0.01,0.5830830335617065,external_primary,10000.0,41209,32745,8464,0.5830830335617065,0.20536775947001867,0.49994092627599246,0.20537274315666862,0.9998818525519849,0.17037767756482525,0.07640572912472242,0.11492642232896949,1.0,0,32745,1,8463
phiusiil,iscx_url2016_binary,r05,lr,0.001,0.9997480304550767,source_validation,9.936900680677697,35674,20127,15547,0.9997480304550767,0.9686886808319785,0.9642230366151588,0.9986178299930891,0.9294397632983855,0.9678810172062322,0.9950182696729183,0.996739868327655,0.0009936900680677697,20107,20,1097,14450
phiusiil,iscx_url2016_binary,r05,lr,0.001,0.9997480304550767,source_s3_test,7.949520544542157,35674,20127,15547,0.9997480304550767,0.9453663732690475,0.9374361896317425,0.9988261188554659,0.8756673313179392,0.9434921072571036,0.9930981938709904,0.995469854426646,0.0007949520544542157,20111,16,1933,13614
phiusiil,iscx_url2016_binary,r05,lr,0.001,0.9997480304550767,external_primary,9247.77281157834,41352,32889,8463,0.9997480304550767,0.263397175469143,0.5349527277301933,0.21677439291324388,0.9946827366182205,0.24785666885980062,0.5533758154656012,0.22383515999272832,0.924777281157834,2474,30415,45,8418
phiusiil,iscx_url2016_binary,r05,lr,0.01,0.8763106578977081,source_validation,99.86585184081085,35674,20127,15547,0.8763106578977081,0.9881986881201996,0.9879313874105322,0.9870556414219475,0.9858493600051457,0.9879992390630647,0.9950182696729183,0.996739868327655,0.009986585184081085,19926,201,220,15327
phiusiil,iscx_url2016_binary,r05,lr,0.01,0.8763106578977081,source_s3_test,108.80906245342078,35674,20127,15547,0.8763106578977081,0.9870213600941863,0.9867123737892733,0.9858909934286819,0.9843056538238889,0.9868014310953892,0.9930981938709904,0.995469854426646,0.010880906245342077,19908,219,244,15303
phiusiil,iscx_url2016_binary,r05,lr,0.01,0.8763106578977081,external_primary,9365.745385995318,41352,32889,8463,0.8763106578977081,0.2544979686593151,0.5302357130941843,0.21503019800718637,0.9970459647879003,0.23648244172396443,0.5533758154656012,0.22383515999272832,0.9365745385995318,2086,30803,25,8438
phiusiil,iscx_url2016_binary,r05,rf,0.001,0.9832924414856091,source_validation,9.936900680677697,35674,20127,15547,0.9832924414856091,0.894292762235802,0.8788689490098331,0.9983073798239676,0.758731588087734,0.888226195460356,0.9991106515435693,0.9988358206331924,0.0009936900680677697,20107,20,3751,11796
phiusiil,iscx_url2016_binary,r05,rf,0.001,0.9832924414856091,source_s3_test,7.949520544542157,35674,20127,15547,0.9832924414856091,0.9235858047878006,0.9124474458226475,0.9987551544386525,0.8256898436997492,0.9202709893523383,0.9988699212243841,0.9986836837543235,0.0007949520544542157,20111,16,2710,12837
phiusiil,iscx_url2016_binary,r05,rf,0.001,0.9832924414856091,external_primary,9951.047462677492,41352,32889,8463,0.9832924414856091,0.2053588701876572,0.4946489739061821,0.20290313938478774,0.9844026940801134,0.17308029039456757,0.45200765660346715,0.1892959874053025,0.9951047462677491,161,32728,132,8331
phiusiil,iscx_url2016_binary,r05,rf,0.01,0.7661270343719967,source_validation,99.86585184081085,35674,20127,15547,0.7661270343719967,0.9921791781129113,0.9924981848634171,0.9871729419272495,0.9949829549109153,0.9920551653117569,0.9991106515435693,0.9988358206331924,0.009986585184081085,19926,201,78,15469
phiusiil,iscx_url2016_binary,r05,rf,0.01,0.7661270343719967,source_s3_test,125.20494857653898,35674,20127,15547,0.7661270343719967,0.9896563323428827,0.9899769687543595,0.9839306210942482,0.9924744323663729,0.989493211329137,0.9988699212243841,0.9986836837543235,0.012520494857653898,19875,252,117,15430
phiusiil,iscx_url2016_binary,r05,rf,0.01,0.7661270343719967,external_primary,10000.0,41352,32889,8463,0.7661270343719967,0.2043673824724318,0.49929103154909604,0.2044267053701016,0.9985820630981921,0.16968857297753148,0.45200765660346715,0.1892959874053025,1.0,0,32889,12,8451
phiusiil,iscx_url2016_binary,r05,xgb,0.001,0.9046146273612976,source_validation,9.440055646643811,35674,20127,15547,0.9046146273612976,0.994645960643606,0.9939963834014975,0.9987657528907367,0.9889367723676593,0.9945500286179859,0.9992516517349026,0.9993841762659622,0.0009440055646643812,20108,19,172,15375
phiusiil,iscx_url2016_binary,r05,xgb,0.001,0.9046146273612976,source_s3_test,16.3958861231182,35674,20127,15547,0.9046146273612976,0.9935807590962605,0.9928767387870454,0.9978549141965679,0.9873930661864025,0.9934652458235724,0.9993950151918349,0.9994581751842544,0.00163958861231182,20094,33,196,15351
phiusiil,iscx_url2016_binary,r05,xgb,0.001,0.9046146273612976,external_primary,10000.0,41352,32889,8463,0.9046146273612976,0.20441574772683305,0.4994091929575801,0.20446519278215858,0.9988183859151601,0.1697219154703343,0.07946695850583711,0.11468216576870821,1.0,0,32889,10,8453
phiusiil,iscx_url2016_binary,r05,xgb,0.01,0.5249492526054382,source_validation,99.86585184081085,35674,20127,15547,0.5249492526054382,0.9923473678309133,0.9926911481360742,0.9871778514927277,0.9953688814562295,0.9922263536256073,0.9992516517349026,0.9993841762659622,0.009986585184081085,19926,201,72,15475
phiusiil,iscx_url2016_binary,r05,xgb,0.01,0.5249492526054382,source_s3_test,113.28066775972574,35674,20127,15547,0.5249492526054382,0.9915344508605707,0.9919560862492428,0.9854786319342717,0.9952402392744581,0.9914021046972941,0.9993950151918349,0.9994581751842544,0.011328066775972574,19899,228,74,15473
phiusiil,iscx_url2016_binary,r05,xgb,0.01,0.5249492526054382,external_primary,10000.0,41352,32889,8463,0.5249492526054382,0.2046333913716386,0.499940919295758,0.20463834006432735,0.999881838591516,0.16987192355562694,0.07946695850583711,0.11468216576870821,1.0,0,32889,1,8462
phiusiil,iscx_url2016_binary,r06,lr,0.001,0.9996301312805722,source_validation,9.936900680677697,35674,20127,15547,0.9996301312805722,0.9476369344620732,0.9400704669875779,0.9985421677964866,0.8811346240432237,0.9458910707839423,0.993153996659707,0.9954880540575515,0.0009936900680677697,20107,20,1848,13699
phiusiil,iscx_url2016_binary,r06,lr,0.001,0.9996301312805722,source_s3_test,8.943210612609928,35674,20127,15547,0.9996301312805722,0.9704266412513315,0.9662023538451333,0.9987610132158591,0.9332990287515276,0.9696797628281278,0.9946993454623538,0.996506774252341,0.0008943210612609927,20109,18,1037,14510
phiusiil,iscx_url2016_binary,r06,lr,0.001,0.9996301312805722,external_primary,9293.229026166711,41919,33363,8556,0.9996301312805722,0.25938118752832845,0.5329425692620244,0.21546052631578946,0.9952080411407199,0.24305131024043314,0.5489368021367014,0.22149928518125928,0.9293229026166712,2358,31005,41,8515
phiusiil,iscx_url2016_binary,r06,lr,0.01,0.9001919652903448,source_validation,99.86585184081085,35674,20127,15547,0.9001919652903448,0.987441834389191,0.9870630526835753,0.9870330946390555,0.9841126905512317,0.9872270519416666,0.993153996659707,0.9954880540575515,0.009986585184081085,19926,201,247,15300
phiusiil,iscx_url2016_binary,r06,lr,0.01,0.9001919652903448,source_s3_test,88.4384160580315,35674,20127,15547,0.9001919652903448,0.9865167909401805,0.9858334339279147,0.9884580469459214,0.9805107094616324,0.9862781033814524,0.9946993454623538,0.996506774252341,0.00884384160580315,19949,178,303,15244
phiusiil,iscx_url2016_binary,r06,lr,0.01,0.9001919652903448,external_primary,9395.438060126487,41919,33363,8556,0.9001919652903448,0.25167585104606505,0.5288840109721703,0.21397226610496753,0.9973118279569892,0.23314682710084872,0.5489368021367014,0.22149928518125928,0.9395438060126488,2017,31346,23,8533
phiusiil,iscx_url2016_binary,r06,rf,0.001,0.9855833333333333,source_validation,9.936900680677697,35674,20127,15547,0.9855833333333333,0.9418063575713405,0.9333810735354651,0.9985197246687884,0.8677558371389978,0.9397335302243093,0.998987897552286,0.9988231888272439,0.0009936900680677697,20107,20,2056,13491
phiusiil,iscx_url2016_binary,r06,rf,0.001,0.9855833333333333,source_s3_test,3.477915238237194,35674,20127,15547,0.9855833333333333,0.9376576778606268,0.9285261749912881,0.9994751443353078,0.8574001415064,0.9353142894056281,0.9992495297492939,0.9990911195382496,0.0003477915238237194,20120,7,2217,13330
phiusiil,iscx_url2016_binary,r06,rf,0.001,0.9855833333333333,external_primary,9999.700266762582,41919,33363,8556,0.9855833333333333,0.20143610296047137,0.49341143359969236,0.2019614878603038,0.9867928938756428,0.16767944135874163,0.47314012548467216,0.19529010950129994,0.9999700266762581,1,33362,113,8443
phiusiil,iscx_url2016_binary,r06,rf,0.01,0.7858070807710176,source_validation,99.86585184081085,35674,20127,15547,0.7858070807710176,0.9903571228345573,0.9904077494096317,0.98711951297661,0.9908020840033447,0.9901996524170752,0.998987897552286,0.9988231888272439,0.009986585184081085,19926,201,143,15404
phiusiil,iscx_url2016_binary,r06,rf,0.01,0.7858070807710176,source_s3_test,101.8532319769464,35674,20127,15547,0.7858070807710176,0.991085944945899,0.9912731967661106,0.9868917449964831,0.9927317167299158,0.9909425922046431,0.9992495297492939,0.9990911195382496,0.01018532319769464,19922,205,113,15434
phiusiil,iscx_url2016_binary,r06,rf,0.01,0.7858070807710176,external_primary,10000.0,41919,33363,8556,0.7858070807710176,0.20382165605095542,0.4992987377279102,0.203880020044384,0.9985974754558204,0.1693121693121693,0.47314012548467216,0.19529010950129994,1.0,0,33363,12,8544
phiusiil,iscx_url2016_binary,r06,xgb,0.001,0.9205304384231567,source_validation,9.440055646643811,35674,20127,15547,0.9205304384231567,0.9926557156472501,0.9917129846750551,0.9987600339359133,0.9843699749147745,0.992520071891784,0.9994813103385128,0.9995550355359867,0.0009440055646643812,20108,19,243,15304
phiusiil,iscx_url2016_binary,r06,xgb,0.001,0.9205304384231567,source_s3_test,7.452675510508272,35674,20127,15547,0.9205304384231567,0.9943095812076022,0.9935811836812186,0.999024326785482,0.9879076349134881,0.9942067429254831,0.9995048583068237,0.9995081807834978,0.0007452675510508272,20112,15,188,15359
phiusiil,iscx_url2016_binary,r06,xgb,0.001,0.9205304384231567,external_primary,10000.0,41919,33363,8556,0.9205304384231567,0.20384551158186026,0.4993571762505844,0.20389901689414908,0.9987143525011688,0.16932863031071654,0.0983882023820679,0.11613499079383016,1.0,0,33363,11,8545
phiusiil,iscx_url2016_binary,r06,xgb,0.01,0.5110791325569153,source_validation,99.86585184081085,35674,20127,15547,0.5110791325569153,0.9924034310702472,0.9927554692269599,0.9871794871794872,0.9954975236380009,0.9922834130525016,0.9994813103385128,0.9995550355359867,0.009986585184081085,19926,201,70,15477
phiusiil,iscx_url2016_binary,r06,xgb,0.01,0.5110791325569153,source_s3_test,110.29959755552242,35674,20127,15547,0.5110791325569153,0.9918427986769075,0.9922659424866672,0.985859872611465,0.9955618447288866,0.9917152145356609,0.9995048583068237,0.9995081807834978,0.011029959755552243,19905,222,69,15478
phiusiil,iscx_url2016_binary,r06,xgb,0.01,0.5110791325569153,external_primary,10000.0,41919,33363,8556,0.5110791325569153,0.2041079224218135,0.5,0.2041079224218135,1.0,0.16950965824665676,0.0983882023820679,0.11613499079383016,1.0,0,33363,0,8556
phiusiil,iscx_url2016_binary,r07,lr,0.001,0.9996728318445892,source_validation,9.936900680677697,35675,20127,15548,0.9996728318445892,0.9706517168885774,0.9664763991131233,0.9986245787772505,0.9339464882943144,0.9699140894575067,0.9949278378923626,0.9965874933154567,0.0009936900680677697,20107,20,1027,14521
phiusiil,iscx_url2016_binary,r07,lr,0.001,0.9996728318445892,source_s3_test,10.43374571471158,35674,20127,15547,0.9996728318445892,0.9495430845994282,0.942264702371433,0.9984770469214591,0.8855727793143372,0.9478985200924711,0.9935198298548478,0.9956821831457257,0.001043374571471158,20106,21,1779,13768
phiusiil,iscx_url2016_binary,r07,lr,0.001,0.9996728318445892,external_primary,9284.777103103164,41233,32773,8460,0.9996728318445892,0.2609802827832076,0.5332197736864493,0.21667610564794315,0.9949172576832152,0.24459335672712412,0.5505019556042031,0.22324915647009475,0.9284777103103165,2344,30429,43,8417
phiusiil,iscx_url2016_binary,r07,lr,0.01,0.8970766168470069,source_validation,99.86585184081085,35675,20127,15548,0.8970766168470069,0.9863209530483532,0.9857772245162693,0.987000388048118,0.9815410342166195,0.9860829834507301,0.9949278378923626,0.9965874933154567,0.009986585184081085,19926,201,287,15261
phiusiil,iscx_url2016_binary,r07,lr,0.01,0.8970766168470069,source_s3_test,111.79013265762408,35674,20127,15547,0.8970766168470069,0.9870213600941863,0.9867562835517203,0.9855156431054461,0.984691580369203,0.9868025951067989,0.9935198298548478,0.9956821831457257,0.011179013265762408,19902,225,238,15309
phiusiil,iscx_url2016_binary,r07,lr,0.01,0.8970766168470069,external_primary,9397.674915326641,41233,32773,8460,0.8970766168470069,0.25246768365144423,0.5286978145173559,0.21501210653753028,0.9971631205673759,0.23364533362218154,0.5505019556042031,0.22324915647009475,0.939767491532664,1974,30799,24,8436
phiusiil,iscx_url2016_binary,r07,rf,0.001,0.9819117647058824,source_validation,8.446365578576042,35675,20127,15548,0.9819117647058824,0.9394533987386124,0.9306620655646524,0.9987334227387871,0.8621687676871623,0.9372363364942953,0.9992465182724635,0.9990503780175297,0.0008446365578576042,20110,17,2143,13405
phiusiil,iscx_url2016_binary,r07,rf,0.001,0.9819117647058824,source_s3_test,22.854871565558703,35674,20127,15547,0.9819117647058824,0.9459270056623872,0.9382989493528342,0.9966447848285923,0.8788833858622243,0.9441188931037636,0.9987853677677014,0.9983381930466858,0.0022854871565558704,20081,46,1883,13664
phiusiil,iscx_url2016_binary,r07,rf,0.001,0.9819117647058824,external_primary,9998.169224666646,41233,32773,8460,0.9819117647058824,0.2031382630417384,0.4947723898304975,0.20346646571213264,0.9893617021276596,0.16894275009210458,0.4560735917583082,0.19107424597976783,0.9998169224666646,6,32767,90,8370
phiusiil,iscx_url2016_binary,r07,rf,0.01,0.7909647576379867,source_validation,99.86585184081085,35675,20127,15548,0.7909647576379867,0.9911702873160476,0.9913406410328629,0.9871442276942757,0.992667867249807,0.9910280417374384,0.9992465182724635,0.9990503780175297,0.009986585184081085,19926,201,114,15434
phiusiil,iscx_url2016_binary,r07,rf,0.01,0.7909647576379867,source_s3_test,132.16077905301336,35674,20127,15547,0.7909647576379867,0.9888153837528733,0.9891146085034501,0.9830357142857142,0.9914452949122017,0.9886388396016643,0.9987853677677014,0.9983381930466858,0.013216077905301337,19861,266,133,15414
phiusiil,iscx_url2016_binary,r07,rf,0.01,0.7909647576379867,external_primary,10000.0,41233,32773,8460,0.7909647576379867,0.20488443722261296,0.49929078014184397,0.20494408190000243,0.9985815602836879,0.17004488637507298,0.4560735917583082,0.19107424597976783,1.0,0,32773,12,8448
phiusiil,iscx_url2016_binary,r07,xgb,0.001,0.9224066734313965,source_validation,9.936900680677697,35675,20127,15548,0.9224066734313965,0.9945900490539593,0.9939397384493723,0.9987008769080871,0.9888731669668125,0.9944931624409064,0.9994988569432572,0.9995575591969017,0.0009936900680677697,20107,20,173,15375
phiusiil,iscx_url2016_binary,r07,xgb,0.001,0.9224066734313965,source_s3_test,11.924280816813235,35674,20127,15547,0.9224066734313965,0.992851936984919,0.9919746999618608,0.9984354628422425,0.985141828005403,0.9927208671093587,0.9995287961580326,0.9995312007448488,0.0011924280816813235,20103,24,231,15316
phiusiil,iscx_url2016_binary,r07,xgb,0.001,0.9224066734313965,external_primary,10000.0,41233,32773,8460,0.9224066734313965,0.20486018480343415,0.4992316784869976,0.2049247937894226,0.9984633569739952,0.1700281803542673,0.05919541175096636,0.1140840515406379,1.0,0,32773,13,8447
phiusiil,iscx_url2016_binary,r07,xgb,0.01,0.5790005922317505,source_validation,99.86585184081085,35675,20127,15548,0.5790005922317505,0.9924877365101612,0.9928520894506658,0.9871827573013646,0.9956907640854129,0.9923692738626899,0.9994988569432572,0.9995575591969017,0.009986585184081085,19926,201,67,15481
phiusiil,iscx_url2016_binary,r07,xgb,0.01,0.5790005922317505,source_s3_test,119.73965320216624,35674,20127,15547,0.5790005922317505,0.9908336603688961,0.9912472104318065,0.984651636734174,0.9944683861838297,0.9906904241564674,0.9995287961580326,0.9995312007448488,0.011973965320216624,19886,241,86,15461
phiusiil,iscx_url2016_binary,r07,xgb,0.01,0.5790005922317505,external_primary,10000.0,41233,32773,8460,0.5790005922317505,0.2051512138335799,0.49994089834515365,0.20515618936748156,0.9998817966903073,0.17022860822667632,0.05919541175096636,0.1140840515406379,1.0,0,32773,1,8459
phiusiil,iscx_url2016_binary,r08,lr,0.001,0.999832465710409,source_validation,9.936900680677697,35675,20127,15548,0.999832465710409,0.9430693763139454,0.9348324577701852,0.9985247473629859,0.8706586056084383,0.9410707400521443,0.9941900719088279,0.9960098324040705,0.0009936900680677697,20107,20,2011,13537
phiusiil,iscx_url2016_binary,r08,lr,0.001,0.999832465710409,source_s3_test,8.446365578576042,35674,20127,15547,0.999832465710409,0.9658014240062791,0.9608885455533218,0.9988162384235081,0.9226217276645012,0.9648840420791069,0.9953518927883133,0.9968199348738208,0.0008446365578576042,20110,17,1203,14344
phiusiil,iscx_url2016_binary,r08,lr,0.001,0.999832465710409,external_primary,9374.078420751708,41850,33231,8619,0.999832465710409,0.2546714456391876,0.5289176127830435,0.21591280928289158,0.9952430676412577,0.23625886457601938,0.5429465395764651,0.22114894007874233,0.9374078420751708,2080,31151,41,8578
phiusiil,iscx_url2016_binary,r08,lr,0.01,0.9424757440058688,source_validation,99.86585184081085,35675,20127,15548,0.9424757440058688,0.9868815697266994,0.9864203940557599,0.9870171812427335,0.9828273732956008,0.9866553393029787,0.9941900719088279,0.9960098324040705,0.009986585184081085,19926,201,267,15281
phiusiil,iscx_url2016_binary,r08,lr,0.01,0.9424757440058688,source_s3_test,79.99205047945546,35674,20127,15547,0.9424757440058688,0.9853394629141672,0.9843582800257152,0.9895086667535514,0.9767157650993761,0.9850713269438139,0.9953518927883133,0.9968199348738208,0.007999205047945546,19966,161,362,15185
phiusiil,iscx_url2016_binary,r08,lr,0.01,0.9424757440058688,external_primary,9469.17035298366,41850,33231,8619,0.9424757440058688,0.2475746714456392,0.5252652322057886,0.2145816693290735,0.9974474997099432,0.22696694983328386,0.5429465395764651,0.22114894007874233,0.946917035298366,1764,31467,22,8597
phiusiil,iscx_url2016_binary,r08,rf,0.001,0.9862004494003661,source_validation,9.936900680677697,35675,20127,15548,0.9862004494003661,0.9456482130343378,0.9377910376518421,0.9985346911861674,0.876575765371752,0.9437949844239424,0.9991127251395368,0.9989020932384617,0.0009936900680677697,20107,20,1919,13629
phiusiil,iscx_url2016_binary,r08,rf,0.001,0.9862004494003661,source_s3_test,1.9873801361355392,35674,20127,15547,0.9862004494003661,0.9312104053372204,0.921107294658209,0.9996946797954355,0.8424133273300315,0.9284344219786056,0.9993973401082965,0.9993267200593079,0.00019873801361355392,20123,4,2450,13097
phiusiil,iscx_url2016_binary,r08,rf,0.001,0.9862004494003661,external_primary,9984.351960518792,41850,33231,8619,0.9862004494003661,0.20408602150537633,0.493240923844347,0.203729480656619,0.9849170437405732,0.1703673052077478,0.42897871194815207,0.18363456304992049,0.9984351960518792,52,33179,130,8489
phiusiil,iscx_url2016_binary,r08,rf,0.01,0.7931427402040021,source_validation,99.86585184081085,35675,20127,15548,0.7931427402040021,0.9901892081289418,0.9902150943387544,0.9871153846153846,0.9904167738615899,0.9900286444811095,0.9991127251395368,0.9989020932384617,0.009986585184081085,19926,201,149,15399
phiusiil,iscx_url2016_binary,r08,rf,0.01,0.7931427402040021,source_s3_test,104.83430218114971,35674,20127,15547,0.7931427402040021,0.9911700398048999,0.991413588164886,0.986521016992462,0.993310606547887,0.9910290021978914,0.9993973401082965,0.9993267200593079,0.01048343021811497,19916,211,104,15443
phiusiil,iscx_url2016_binary,r08,rf,0.01,0.7931427402040021,external_primary,10000.0,41850,33231,8619,0.7931427402040021,0.20571087216248507,0.49941988629771433,0.2057600382409178,0.9988397725954287,0.1706137656315028,0.42897871194815207,0.18363456304992049,1.0,0,33231,10,8609
phiusiil,iscx_url2016_binary,r08,xgb,0.001,0.9620738625526428,source_validation,8.943210612609928,35675,20127,15548,0.9620738625526428,0.9914505956552208,0.9903233565776792,0.9988219124288239,0.9815410342166195,0.9912897430023678,0.9995317679736504,0.9995181507911153,0.0008943210612609927,20109,18,287,15261
phiusiil,iscx_url2016_binary,r08,xgb,0.001,0.9620738625526428,source_s3_test,5.465295374372733,35674,20127,15547,0.9620738625526428,0.9936368223355946,0.9927800574156256,0.9992830139486377,0.9861066443686884,0.9935202437074551,0.9996164622863765,0.999630761342911,0.0005465295374372733,20116,11,216,15331
phiusiil,iscx_url2016_binary,r08,xgb,0.001,0.9620738625526428,external_primary,10000.0,41850,33231,8619,0.9620738625526428,0.20559139784946237,0.4991298294465715,0.20566511294370743,0.998259658893143,0.1705315733143061,0.07731450135975922,0.11515673758913711,1.0,0,33231,15,8604
phiusiil,iscx_url2016_binary,r08,xgb,0.01,0.5804983973503113,source_validation,99.86585184081085,35675,20127,15548,0.5804983973503113,0.9917869656622285,0.9920481275263027,0.9871622916267484,0.9940828402366864,0.9916559681537378,0.9995317679736504,0.9995181507911153,0.009986585184081085,19926,201,92,15456
phiusiil,iscx_url2016_binary,r08,xgb,0.01,0.5804983973503113,source_s3_test,88.93526109206539,35674,20127,15547,0.5804983973503113,0.9934406009979256,0.99378440694604,0.9885776274647438,0.9964623400012864,0.9933366376688793,0.9996164622863765,0.999630761342911,0.008893526109206538,19948,179,55,15492
phiusiil,iscx_url2016_binary,r08,xgb,0.01,0.5804983973503113,external_primary,10000.0,41850,33231,8619,0.5804983973503113,0.20592592592592593,0.49994198862977146,0.20593084661521183,0.9998839772595429,0.17076167076167076,0.07731450135975922,0.11515673758913711,1.0,0,33231,1,8618
phiusiil,iscx_url2016_binary,r09,lr,0.001,0.9998268692019678,source_validation,9.936406995230524,35674,20128,15546,0.9998268692019678,0.9435723496103605,0.9354030895949188,0.998526486406837,0.8717998198893606,0.9416006075294003,0.9932054064715271,0.9954629510365931,0.0009936406995230524,20108,20,1993,13553
phiusiil,iscx_url2016_binary,r09,lr,0.001,0.9998268692019678,source_s3_test,7.949520544542157,35675,20127,15548,0.9998268692019678,0.9640084092501752,0.9588255751690682,0.9988808058198098,0.9184461023925907,0.9630204950869563,0.9949132389951542,0.9966116622328227,0.0007949520544542157,20111,16,1268,14280
phiusiil,iscx_url2016_binary,r09,lr,0.001,0.9998268692019678,external_primary,9318.41641872609,41501,32938,8563,0.9998268692019678,0.25943953157755234,0.5316851582765881,0.21731480300905265,0.9952119584257854,0.24210156568915092,0.5503481384986775,0.2244200260345227,0.9318416418726091,2245,30693,41,8522
phiusiil,iscx_url2016_binary,r09,lr,0.01,0.9350858608384969,source_validation,99.86089030206678,35674,20128,15546,0.9350858608384969,0.9862364747435107,0.9856797973734854,0.9869961829591771,0.9813456837771775,0.985996394745611,0.9932054064715271,0.9954629510365931,0.009986089030206678,19927,201,290,15256
phiusiil,iscx_url2016_binary,r09,lr,0.01,0.9350858608384969,source_s3_test,61.60878422020172,35675,20127,15548,0.9350858608384969,0.9851716888577435,0.9838953776143051,0.9918779065959259,0.9739516336506303,0.9848912928154808,0.9949132389951542,0.9966116622328227,0.006160878422020172,20003,124,405,15143
phiusiil,iscx_url2016_binary,r09,lr,0.01,0.9350858608384969,external_primary,9469.305968789848,41501,32938,8563,0.9350858608384969,0.2478976410206983,0.5251917142896914,0.2149509187012333,0.9973140254583674,0.22719880047469487,0.5503481384986775,0.2244200260345227,0.9469305968789847,1748,31190,23,8540
phiusiil,iscx_url2016_binary,r09,rf,0.001,0.986452380952381,source_validation,9.936406995230524,35674,20128,15546,0.986452380952381,0.92470706957448,0.9137576502536091,0.9984496124031008,0.8285089412067412,0.9214838362545742,0.9989417704179422,0.9986490613731487,0.0009936406995230524,20108,20,2666,12880
phiusiil,iscx_url2016_binary,r09,rf,0.001,0.986452380952381,source_s3_test,2.981070204203309,35675,20127,15548,0.986452380952381,0.9314926419060967,0.9214485796258844,0.9995425434583715,0.8431952662721893,0.9287404741729613,0.9992622627764685,0.9991529068511658,0.0002981070204203309,20121,6,2438,13110
phiusiil,iscx_url2016_binary,r09,rf,0.001,0.986452380952381,external_primary,9997.874795069525,41501,32938,8563,0.986452380952381,0.20281439001469845,0.4911724753580501,0.20343000894995283,0.9821324302230526,0.1687350583868505,0.44041809231300816,0.18749603421837474,0.9997874795069525,7,32931,153,8410
phiusiil,iscx_url2016_binary,r09,rf,0.01,0.8374079540298223,source_validation,99.86089030206678,35674,20128,15546,0.8374079540298223,0.989095699949543,0.988960384019568,0.9870814319686355,0.9879068570693426,0.9889138473326063,0.9989417704179422,0.9986490613731487,0.009986089030206678,19927,201,188,15358
phiusiil,iscx_url2016_binary,r09,rf,0.01,0.8374079540298223,source_s3_test,79.99205047945546,35675,20127,15548,0.8374079540298223,0.9916748423265592,0.9916268446074911,0.9896615937841136,0.9912528942629277,0.991536935508083,0.9992622627764685,0.9991529068511658,0.007999205047945546,19966,161,136,15412
phiusiil,iscx_url2016_binary,r09,rf,0.01,0.8374079540298223,external_primary,10000.0,41501,32938,8563,0.8374079540298223,0.2060673236789475,0.4993577017400444,0.20612195709809591,0.9987154034800888,0.17085888957704834,0.44041809231300816,0.18749603421837474,1.0,0,32938,11,8552
phiusiil,iscx_url2016_binary,r09,xgb,0.001,0.9200214147567749,source_validation,9.936406995230524,35674,20128,15546,0.9200214147567749,0.9924034310702472,0.9914303634917412,0.9986940907606922,0.9838543676830053,0.9922625918493251,0.9995635117161911,0.9995386597025844,0.0009936406995230524,20108,20,251,15295
phiusiil,iscx_url2016_binary,r09,xgb,0.001,0.9200214147567749,source_s3_test,8.446365578576042,35675,20127,15548,0.9200214147567749,0.994281709880869,0.993564046526834,0.9988945246455976,0.9879727296115256,0.9941785507942908,0.9993814681966324,0.9994580340850425,0.0008446365578576042,20110,17,187,15361
phiusiil,iscx_url2016_binary,r09,xgb,0.001,0.9200214147567749,external_primary,10000.0,41501,32938,8563,0.9200214147567749,0.20609141948386786,0.4994160924909494,0.20614109083897714,0.9988321849818989,0.17087545450913014,0.06554857449240553,0.11492715756052391,1.0,0,32938,10,8553
phiusiil,iscx_url2016_binary,r09,xgb,0.01,0.6047258377075195,source_validation,99.86089030206678,35674,20128,15546,0.6047258377075195,0.9914223243819028,0.9916298809962822,0.9871499808208669,0.9932458510227711,0.9912845060696038,0.9995635117161911,0.9995386597025844,0.009986089030206678,19927,201,105,15441
phiusiil,iscx_url2016_binary,r09,xgb,0.01,0.6047258377075195,source_s3_test,94.897401500472,35675,20127,15548,0.6047258377075195,0.9920672740014015,0.9922965500433196,0.987793187192433,0.9940828402366864,0.9919401715691014,0.9993814681966324,0.9994580340850425,0.0094897401500472,19936,191,92,15456
phiusiil,iscx_url2016_binary,r09,xgb,0.01,0.6047258377075195,external_primary,10000.0,41501,32938,8563,0.6047258377075195,0.2063323775330715,0.5,0.2063323775330715,1.0,0.17104106743368488,0.06554857449240553,0.11492715756052391,1.0,0,32938,0,8563
iscx_url2016_binary,phiusiil,r00,lr,0.001,0.9999986074041951,source_validation,9.428625306430323,6798,5303,1495,0.9999986074041951,0.805678140629597,0.5593947894704644,0.9728260869565217,0.1197324414715719,0.5511860549463549,0.807189342563085,0.5189326796973293,0.0009428625306430323,5298,5,1316,179
iscx_url2016_binary,phiusiil,r00,lr,0.001,0.9999986074041951,source_s3_test,0.0,6879,5388,1491,0.9999986074041951,0.8688762901584532,0.6975184439973172,1.0,0.3950368879946345,0.7445534502746782,0.9949268737891342,0.9905646626289779,0.0,5388,0,902,589
iscx_url2016_binary,phiusiil,r00,lr,0.001,0.9999986074041951,external_primary,562.4948975426565,234382,134739,99643,0.9999986074041951,0.6120265208079119,0.5536070375862615,0.682448569154062,0.16346356492678862,0.5001845111081163,0.3610150673800047,0.45585896343103943,0.05624948975426566,127160,7579,83355,16288
iscx_url2016_binary,phiusiil,r00,lr,0.01,0.9999528191393294,source_validation,99.94342824816142,6798,5303,1495,0.9999528191393294,0.8080317740511915,0.5762737315976254,0.8209459459459459,0.1625418060200669,0.5804052026332425,0.807189342563085,0.5189326796973293,0.009994342824816142,5250,53,1252,243
iscx_url2016_binary,phiusiil,r00,lr,0.01,0.9999528191393294,source_s3_test,0.0,6879,5388,1491,0.9999528191393294,0.8774531181857829,0.7173038229376257,1.0,0.4346076458752515,0.7666685135231539,0.9949268737891342,0.9905646626289779,0.0,5388,0,843,648
iscx_url2016_binary,phiusiil,r00,lr,0.01,0.9999528191393294,external_primary,7764.715486978528,234382,134739,99643,0.9999528191393294,0.331527165055337,0.3505466790095634,0.3126400231264002,0.4775649067169796,0.3277934549809891,0.3610150673800047,0.45585896343103943,0.7764715486978528,30118,104621,52057,47586
iscx_url2016_binary,phiusiil,r00,rf,0.001,0.6994381997733801,source_validation,9.428625306430323,6798,5303,1495,0.6994381997733801,0.9982347749338041,0.9971874316109326,0.9966510381781648,0.9953177257525083,0.9974263570117574,0.9991497208937706,0.9984217403508147,0.0009428625306430323,5298,5,7,1488
iscx_url2016_binary,phiusiil,r00,rf,0.001,0.6994381997733801,source_s3_test,0.0,6879,5388,1491,0.6994381997733801,0.9994185201337403,0.9986586183769282,1.0,0.9973172367538564,0.9991428795707794,0.9999941495047991,0.9999791813144294,0.0,5388,0,4,1487
iscx_url2016_binary,phiusiil,r00,rf,0.001,0.6994381997733801,external_primary,10000.0,234382,134739,99643,0.6994381997733801,0.4129284672031129,0.485648766094959,0.4180293881359007,0.971297532189918,0.2922500868147298,0.35614715128754004,0.35326484520689927,1.0,0,134739,2860,96783
iscx_url2016_binary,phiusiil,r00,rf,0.01,0.6250658413718605,source_validation,99.94342824816142,6798,5303,1495,0.6250658413718605,0.9914680788467196,0.9933305877849163,0.9656513285806869,0.9966555183946488,0.9877075138789453,0.9991497208937706,0.9984217403508147,0.009994342824816142,5250,53,5,1490
iscx_url2016_binary,phiusiil,r00,rf,0.01,0.6250658413718605,source_s3_test,1.855976243504083,6879,5388,1491,0.6250658413718605,0.9994185201337403,0.998901164970521,0.9993284083277367,0.9979879275653923,0.9991432958761385,0.9999941495047991,0.9999791813144294,0.0001855976243504083,5387,1,3,1488
iscx_url2016_binary,phiusiil,r00,rf,0.01,0.6250658413718605,external_primary,10000.0,234382,134739,99643,0.6250658413718605,0.4161326381718733,0.48941721947352046,0.4199110529420122,0.9788344389470409,0.29385145639258126,0.35614715128754004,0.35326484520689927,1.0,0,134739,2109,97534
iscx_url2016_binary,phiusiil,r00,xgb,0.001,0.8989022374153137,source_validation,9.428625306430323,6798,5303,1495,0.8989022374153137,0.9985289791115034,0.997856327932003,0.9966555183946488,0.9966555183946488,0.997856327932003,0.9991869308531739,0.9985061805934137,0.0009428625306430323,5298,5,5,1490
iscx_url2016_binary,phiusiil,r00,xgb,0.001,0.8989022374153137,source_s3_test,0.0,6879,5388,1491,0.8989022374153137,0.9997092600668702,0.9993293091884641,1.0,0.9986586183769283,0.9995716479380692,0.9999997510427574,0.9999991006491626,0.0,5388,0,2,1489
iscx_url2016_binary,phiusiil,r00,xgb,0.001,0.8989022374153137,external_primary,10000.0,234382,134739,99643,0.8989022374153137,0.4183597716548199,0.4920365705568881,0.421211795785992,0.9840731411137762,0.29496026326713554,0.3849590340076806,0.39722834662163,1.0,0,134739,1587,98056
iscx_url2016_binary,phiusiil,r00,xgb,0.01,0.8357203006744385,source_validation,99.94342824816142,6798,5303,1495,0.8357203006744385,0.9914680788467196,0.9933305877849163,0.9656513285806869,0.9966555183946488,0.9877075138789453,0.9991869308531739,0.9985061805934137,0.009994342824816142,5250,53,5,1490
iscx_url2016_binary,phiusiil,r00,xgb,0.01,0.8357203006744385,source_s3_test,0.0,6879,5388,1491,0.8357203006744385,0.9997092600668702,0.9993293091884641,1.0,0.9986586183769283,0.9995716479380692,0.9999997510427574,0.9999991006491626,0.0,5388,0,2,1489
iscx_url2016_binary,phiusiil,r00,xgb,0.01,0.8357203006744385,external_primary,10000.0,234382,134739,99643,0.8357203006744385,0.4192088129634528,0.4930351354334976,0.42170613835549414,0.9860702708669952,0.2953820531089446,0.3849590340076806,0.39722834662163,1.0,0,134739,1388,98255
iscx_url2016_binary,phiusiil,r01,lr,0.001,0.6628052863389015,source_validation,9.279881217520416,6879,5388,1491,0.6628052863389015,0.9899694723070214,0.9780738999699758,0.9965083798882681,0.9570757880617036,0.98501293229816,0.9930059197053143,0.9866647412768903,0.0009279881217520415,5383,5,64,1427
iscx_url2016_binary,phiusiil,r01,lr,0.001,0.6628052863389015,source_s3_test,2819.1589666226664,6798,5303,1495,0.6628052863389015,0.7766990291262136,0.8513497439765589,0.49612403100775193,0.9846153846153847,0.7468007828460109,0.7957819042291326,0.49369154086124045,0.28191589666226663,3808,1495,23,1472
iscx_url2016_binary,phiusiil,r01,lr,0.001,0.6628052863389015,external_primary,9999.554697936766,233296,134740,98556,0.6628052863389015,0.40642359920444415,0.4810229144801656,0.41303883770066874,0.9620012987540079,0.28901226965303617,0.43213492798154673,0.5052404781822695,0.9999554697936767,6,134734,3745,94811
iscx_url2016_binary,phiusiil,r01,lr,0.01,0.6108290373528636,source_validation,98.36674090571641,6879,5388,1491,0.6108290373528636,0.9847361535106847,0.9776437018547812,0.9644772117962467,0.9651240778001341,0.9775278783952062,0.9930059197053143,0.9866647412768903,0.00983667409057164,5335,53,52,1439
iscx_url2016_binary,phiusiil,r01,lr,0.01,0.6108290373528636,source_s3_test,2836.1304921742408,6798,5303,1495,0.6108290373528636,0.7756693145042659,0.8511700640200505,0.4949630624580255,0.9859531772575251,0.7459527893364057,0.7957819042291326,0.49369154086124045,0.2836130492174241,3799,1504,21,1474
iscx_url2016_binary,phiusiil,r01,lr,0.01,0.6108290373528636,external_primary,9999.703131957844,233296,134740,98556,0.6108290373528636,0.40805243124614227,0.48295347727523574,0.41401041190976345,0.9658772677462559,0.28982301757342604,0.43213492798154673,0.5052404781822695,0.9999703131957844,4,134736,3363,95193
iscx_url2016_binary,phiusiil,r01,rf,0.001,0.5118522664259408,source_validation,9.279881217520416,6879,5388,1491,0.5118522664259408,0.9985463003343509,0.9978592789102843,0.9966465459423206,0.9966465459423206,0.9978592789102843,0.9999764735405754,0.9999171342448795,0.0009279881217520415,5383,5,5,1486
iscx_url2016_binary,phiusiil,r01,rf,0.001,0.5118522664259408,source_s3_test,1585.89477654158,6798,5303,1495,0.5118522664259408,0.8759929390997352,0.9200363648518508,0.6396743787489289,0.9986622073578595,0.8467635152112918,0.9992216181034652,0.9983479128726319,0.158589477654158,4462,841,2,1493
iscx_url2016_binary,phiusiil,r01,rf,0.001,0.5118522664259408,external_primary,10000.0,233296,134740,98556,0.5118522664259408,0.41673667786845897,0.4932373472949389,0.41913149942016614,0.9864746945898778,0.2941525298091789,0.32937547241842685,0.34044919180953853,1.0,0,134740,1333,97223
iscx_url2016_binary,phiusiil,r01,rf,0.01,0.36814710376916465,source_validation,98.36674090571641,6879,5388,1491,0.36814710376916465,0.9922953917720599,0.9950816629547141,0.9656735751295337,1.0,0.9887972104489557,0.9999764735405754,0.9999171342448795,0.00983667409057164,5335,53,0,1491
iscx_url2016_binary,phiusiil,r01,rf,0.01,0.36814710376916465,source_s3_test,2804.073166132378,6798,5303,1495,0.36814710376916465,0.7809649897028538,0.8591274453723108,0.501006711409396,0.9986622073578595,0.7520064630764907,0.9992216181034652,0.9983479128726319,0.2804073166132378,3816,1487,2,1493
iscx_url2016_binary,phiusiil,r01,rf,0.01,0.36814710376916465,external_primary,10000.0,233296,134740,98556,0.36814710376916465,0.41964285714285715,0.4966770161126669,0.4208243602804321,0.9933540322253338,0.29559748427672955,0.32937547241842685,0.34044919180953853,1.0,0,134740,655,97901
iscx_url2016_binary,phiusiil,r01,xgb,0.001,0.0884474441409111,source_validation,9.279881217520416,6879,5388,1491,0.0884474441409111,0.9989824102340457,0.9988653151275881,0.9966532797858099,0.9986586183769283,0.9985025843969686,0.9999982572993018,0.9999937297680078,0.0009279881217520415,5383,5,2,1489
iscx_url2016_binary,phiusiil,r01,xgb,0.001,0.0884474441409111,source_s3_test,3064.303224589855,6798,5303,1495,0.0884474441409111,0.7608120035304501,0.8464503906099721,0.47899967938441806,0.9993311036789297,0.7332827770842942,0.9988365265575049,0.9977912168998239,0.3064303224589855,3678,1625,1,1494
iscx_url2016_binary,phiusiil,r01,xgb,0.001,0.0884474441409111,external_primary,10000.0,233296,134740,98556,0.0884474441409111,0.41955284274055277,0.49657047769795853,0.4207720746281489,0.9931409553959171,0.29555281783704135,0.41450261883271755,0.4190261420565107,1.0,0,134740,676,97880
iscx_url2016_binary,phiusiil,r01,xgb,0.01,0.03031863272190094,source_validation,98.36674090571641,6879,5388,1491,0.03031863272190094,0.9922953917720599,0.9950816629547141,0.9656735751295337,1.0,0.9887972104489557,0.9999982572993018,0.9999937297680078,0.00983667409057164,5335,53,0,1491
iscx_url2016_binary,phiusiil,r01,xgb,0.01,0.03031863272190094,source_s3_test,3507.44861399208,6798,5303,1495,0.03031863272190094,0.7262430126507796,0.8242931211398609,0.44543828264758495,0.9993311036789297,0.7017254338128198,0.9988365265575049,0.9977912168998239,0.350744861399208,3443,1860,1,1494
iscx_url2016_binary,phiusiil,r01,xgb,0.01,0.03031863272190094,external_primary,10000.0,233296,134740,98556,0.03031863272190094,0.4204015499622797,0.4975749827509233,0.4212646788478554,0.9951499655018466,0.2959737336061369,0.41450261883271755,0.4190261420565107,1.0,0,134740,478,98078
iscx_url2016_binary,phiusiil,r02,lr,0.001,0.6654031332055522,source_validation,9.279881217520416,6879,5388,1491,0.6654031332055522,0.9938944614042738,0.9871282259257101,0.9965729952021933,0.9751844399731724,0.9909383507508562,0.9941434053467053,0.9909091984148667,0.0009279881217520415,5383,5,37,1454
iscx_url2016_binary,phiusiil,r02,lr,0.001,0.6654031332055522,source_s3_test,2807.8446162549503,6798,5303,1495,0.6654031332055522,0.776551927037364,0.8495743243711991,0.495937711577522,0.979933110367893,0.7462547920195509,0.8027061100645372,0.5146871482940398,0.28078446162549503,3814,1489,30,1465
iscx_url2016_binary,phiusiil,r02,lr,0.001,0.6654031332055522,external_primary,9999.628912193204,233305,134739,98566,0.6654031332055522,0.4065750841173571,0.4811733136379506,0.41314110242393887,0.9623095184952215,0.2890829225401547,0.43273881691105404,0.5048453364403976,0.9999628912193204,5,134734,3715,94851
iscx_url2016_binary,phiusiil,r02,lr,0.01,0.615133403718725,source_validation,96.51076466221231,6879,5388,1491,0.615133403718725,0.9877889228085478,0.9844434087823153,0.9655857048312376,0.9785378940308518,0.9821045297928318,0.9941434053467053,0.9909091984148667,0.009651076466221232,5336,52,32,1459
iscx_url2016_binary,phiusiil,r02,lr,0.01,0.615133403718725,source_s3_test,2824.8161418065247,6798,5303,1495,0.615133403718725,0.7756693145042659,0.8497290925752257,0.4949426837491571,0.9819397993311036,0.745604028933111,0.8027061100645372,0.5146871482940398,0.2824816141806525,3805,1498,27,1468
iscx_url2016_binary,phiusiil,r02,lr,0.01,0.615133403718725,external_primary,9999.777347315923,233305,134739,98566,0.615133403718725,0.4081309873341763,0.4830174431266658,0.41406902310047317,0.9660126209849238,0.28985668041840545,0.43273881691105404,0.5048453364403976,0.9999777347315922,3,134736,3350,95216
iscx_url2016_binary,phiusiil,r02,rf,0.001,0.3718928571428572,source_validation,9.279881217520416,6879,5388,1491,0.3718928571428572,0.9988370402674808,0.9985299697218202,0.9966510381781648,0.9979879275653923,0.9982882532718276,0.9999924068041011,0.9999729298390192,0.0009279881217520415,5383,5,3,1488
iscx_url2016_binary,phiusiil,r02,rf,0.001,0.3718928571428572,source_s3_test,2498.5857062040354,6798,5303,1495,0.3718928571428572,0.80435422182995,0.8733984738871227,0.5293072824156305,0.9966555183946488,0.7740944754796408,0.99879792910809,0.9978094564530846,0.24985857062040354,3978,1325,5,1490
iscx_url2016_binary,phiusiil,r02,rf,0.001,0.3718928571428572,external_primary,10000.0,233305,134739,98566,0.3718928571428572,0.4185208203853325,0.495317858084938,0.4201831467153222,0.990635716169876,0.2950403084472485,0.41258087173468183,0.3774189559708876,1.0,0,134739,923,97643
iscx_url2016_binary,phiusiil,r02,rf,0.01,0.2985749299719888,source_validation,92.79881217520415,6879,5388,1491,0.2985749299719888,0.9927315016717546,0.9953600593912397,0.9675535366645036,1.0,0.9894238324058572,0.9999924068041011,0.9999729298390192,0.009279881217520415,5338,50,0,1491
iscx_url2016_binary,phiusiil,r02,rf,0.01,0.2985749299719888,source_s3_test,2741.844239109938,6798,5303,1495,0.2985749299719888,0.7855251544571933,0.8615699954023627,0.5062818336162989,0.9973244147157191,0.7561908894477702,0.99879792910809,0.9978094564530846,0.2741844239109938,3849,1454,4,1491
iscx_url2016_binary,phiusiil,r02,rf,0.01,0.2985749299719888,external_primary,10000.0,233305,134739,98566,0.2985749299719888,0.41925376652879276,0.49618529716129295,0.4206094954698499,0.9923705943225859,0.29540437123813496,0.41258087173468183,0.3774189559708876,1.0,0,134739,752,97814
iscx_url2016_binary,phiusiil,r02,xgb,0.001,0.12400452047586441,source_validation,9.279881217520416,6879,5388,1491,0.12400452047586441,0.9991277802006105,0.9992006605333561,0.9966555183946488,0.9993293091884641,0.998716811639116,0.9999935271116928,0.9999773677929089,0.0009279881217520415,5383,5,1,1490
iscx_url2016_binary,phiusiil,r02,xgb,0.001,0.12400452047586441,source_s3_test,2958.7026211578354,6798,5303,1495,0.12400452047586441,0.7689026184171815,0.851395972621038,0.4875898105813194,0.9986622073578595,0.740726619438071,0.9981395020298348,0.9965491984629335,0.29587026211578354,3734,1569,2,1493
iscx_url2016_binary,phiusiil,r02,xgb,0.001,0.12400452047586441,external_primary,10000.0,233305,134739,98566,0.12400452047586441,0.41918947300743664,0.49610920601424424,0.4205721215457259,0.9922184120284885,0.29537245095196674,0.3904984706739065,0.4025399461843926,1.0,0,134739,767,97799
iscx_url2016_binary,phiusiil,r02,xgb,0.01,0.03449174389243126,source_validation,98.36674090571641,6879,5388,1491,0.03449174389243126,0.9922953917720599,0.9950816629547141,0.9656735751295337,1.0,0.9887972104489557,0.9999935271116928,0.9999773677929089,0.00983667409057164,5335,53,0,1491
iscx_url2016_binary,phiusiil,r02,xgb,0.01,0.03449174389243126,source_s3_test,3462.1912125212143,6798,5303,1495,0.03449174389243126,0.7296263606943219,0.826221543052869,0.4484830279363172,0.9986622073578595,0.7047290338095206,0.9981395020298348,0.9965491984629335,0.34621912125212145,3467,1836,2,1493
iscx_url2016_binary,phiusiil,r02,xgb,0.01,0.03449174389243126,external_primary,10000.0,233305,134739,98566,0.03449174389243126,0.4202824628704914,0.4974027555140718,0.4212068232292208,0.9948055110281436,0.29591470278459314,0.3904984706739065,0.4025399461843926,1.0,0,134739,512,98054
iscx_url2016_binary,phiusiil,r03,lr,0.001,0.9999989688077409,source_validation,9.428625306430323,6798,5303,1495,0.9999989688077409,0.8040600176522507,0.5557158597045782,0.9710982658959537,0.11237458193979934,0.5448844144000695,0.8056343446663938,0.5118942082301914,0.0009428625306430323,5298,5,1327,168
iscx_url2016_binary,phiusiil,r03,lr,0.001,0.9999989688077409,source_s3_test,0.0,6879,5388,1491,0.9999989688077409,0.8678587003924989,0.6951710261569417,1.0,0.3903420523138833,0.7418565120223524,0.9953681505016241,0.9916237739629098,0.0,5388,0,909,582
iscx_url2016_binary,phiusiil,r03,lr,0.001,0.9999989688077409,external_primary,631.0485067980763,234331,134744,99587,0.9999989688077409,0.6101582803811703,0.5524846477720485,0.6631274513688047,0.16807414622390474,0.5012453314614659,0.3629940009494452,0.4569441178421475,0.06310485067980763,126241,8503,82849,16738
iscx_url2016_binary,phiusiil,r03,lr,0.01,0.9999580939980798,source_validation,99.94342824816142,6798,5303,1495,0.9999580939980798,0.8067078552515445,0.5732636981528093,0.8153310104529616,0.1565217391304348,0.5757011455335478,0.8056343446663938,0.5118942082301914,0.009994342824816142,5250,53,1261,234
iscx_url2016_binary,phiusiil,r03,lr,0.01,0.9999580939980798,source_s3_test,0.0,6879,5388,1491,0.9999580939980798,0.8764355284198284,0.7149564050972501,1.0,0.42991281019450034,0.7641006652295479,0.9953681505016241,0.9916237739629098,0.0,5388,0,850,641
iscx_url2016_binary,phiusiil,r03,lr,0.01,0.9999580939980798,external_primary,8424.790714243305,234331,134744,99587,0.9999580939980798,0.30554216044825483,0.3316699805901633,0.3073548434334806,0.5058190326046572,0.2946283595969992,0.3629940009494452,0.4569441178421475,0.8424790714243305,21225,113519,49214,50373
iscx_url2016_binary,phiusiil,r03,rf,0.001,0.5922716538680154,source_validation,9.428625306430323,6798,5303,1495,0.5922716538680154,0.9985289791115034,0.997856327932003,0.9966555183946488,0.9966555183946488,0.997856327932003,0.9992415475054506,0.9986540645041543,0.0009428625306430323,5298,5,5,1490
iscx_url2016_binary,phiusiil,r03,rf,0.001,0.5922716538680154,source_s3_test,0.0,6879,5388,1491,0.5922716538680154,0.9997092600668702,0.9993293091884641,1.0,0.9986586183769283,0.9995716479380692,0.999996639077225,0.9999880551434466,0.0,5388,0,2,1489
iscx_url2016_binary,phiusiil,r03,rf,0.001,0.5922716538680154,external_primary,10000.0,234331,134744,99587,0.5922716538680154,0.417840575937456,0.4915952885416771,0.4208469979411752,0.9831905770833542,0.2947020864184154,0.39850765662870435,0.37678167910365884,1.0,0,134744,1674,97913
iscx_url2016_binary,phiusiil,r03,rf,0.01,0.4925983864118445,source_validation,99.94342824816142,6798,5303,1495,0.4925983864118445,0.9916151809355693,0.9936650359454515,0.9656735751295337,0.9973244147157191,0.9879222845267841,0.9992415475054506,0.9986540645041543,0.009994342824816142,5250,53,4,1491
iscx_url2016_binary,phiusiil,r03,rf,0.01,0.4925983864118445,source_s3_test,5.567928730512249,6879,5388,1491,0.4925983864118445,0.9994185201337403,0.9993862581577064,0.9979906229068989,0.9993293091884641,0.9991441266359138,0.999996639077225,0.9999880551434466,0.0005567928730512249,5385,3,1,1490
iscx_url2016_binary,phiusiil,r03,rf,0.01,0.4925983864118445,external_primary,10000.0,234331,134744,99587,0.4925983864118445,0.4201706133631487,0.49433661020012654,0.42220297337512813,0.9886732204002531,0.29585925057844287,0.39850765662870435,0.37678167910365884,1.0,0,134744,1128,98459
iscx_url2016_binary,phiusiil,r03,xgb,0.001,0.6079967617988586,source_validation,9.428625306430323,6798,5303,1495,0.6079967617988586,0.9988231832892027,0.9985252242530731,0.9966599866399466,0.9979933110367893,0.9982858854594271,0.9994415983380392,0.9990043743439888,0.0009428625306430323,5298,5,3,1492
iscx_url2016_binary,phiusiil,r03,xgb,0.001,0.6079967617988586,source_s3_test,0.0,6879,5388,1491,0.6079967617988586,0.9998546300334351,0.999664654594232,1.0,0.9993293091884641,0.9997858759493059,0.9999998755213786,0.9999995504753274,0.0,5388,0,1,1490
iscx_url2016_binary,phiusiil,r03,xgb,0.001,0.6079967617988586,external_primary,10000.0,234331,134744,99587,0.6079967617988586,0.4189842573112392,0.4929408456927109,0.42151336267038747,0.9858816913854218,0.2952705466268887,0.4847384126398089,0.5109035492576252,1.0,0,134744,1406,98181
iscx_url2016_binary,phiusiil,r03,xgb,0.01,0.5102406740188599,source_validation,99.94342824816142,6798,5303,1495,0.5102406740188599,0.9917622830244189,0.9939994841059866,0.9656957928802589,0.9979933110367893,0.9881369537903113,0.9994415983380392,0.9990043743439888,0.009994342824816142,5250,53,3,1492
iscx_url2016_binary,phiusiil,r03,xgb,0.01,0.5102406740188599,source_s3_test,0.0,6879,5388,1491,0.5102406740188599,0.9998546300334351,0.999664654594232,1.0,0.9993293091884641,0.9997858759493059,0.9999998755213786,0.9999995504753274,0.0,5388,0,1,1490
iscx_url2016_binary,phiusiil,r03,xgb,0.01,0.5102406740188599,external_primary,10000.0,234331,134744,99587,0.5102406740188599,0.41957316786938137,0.49363370721078054,0.42185589304179555,0.9872674144215611,0.29556290395310386,0.4847384126398089,0.5109035492576252,1.0,0,134744,1268,98319
iscx_url2016_binary,phiusiil,r04,lr,0.001,0.6579296489532488,source_validation,9.279881217520416,6879,5388,1491,0.6579296489532488,0.9956389010030527,0.9911523707949255,0.9966009517335146,0.9832327297116029,0.9935464506698282,0.9959568099017266,0.9934108521711261,0.0009279881217520415,5383,5,25,1466
iscx_url2016_binary,phiusiil,r04,lr,0.001,0.6579296489532488,source_s3_test,2819.1589666226664,6798,5303,1495,0.6579296489532488,0.7764048249485143,0.8506808476554888,0.4957841483979764,0.9832775919732442,0.7464090220131466,0.7943971891975072,0.4878883614382716,0.28191589666226663,3808,1495,25,1470
iscx_url2016_binary,phiusiil,r04,lr,0.001,0.6579296489532488,external_primary,9999.628912193204,233299,134739,98560,0.6579296489532488,0.40669269906857725,0.48132943101371645,0.41320499978223946,0.9626217532467533,0.2891423757640961,0.4343479276459862,0.5067825173579129,0.9999628912193204,5,134734,3684,94876
iscx_url2016_binary,phiusiil,r04,lr,0.01,0.6082627802737893,source_validation,96.51076466221231,6879,5388,1491,0.6082627802737893,0.9890972525076319,0.9874615174342267,0.9657894736842105,0.9845741113346748,0.9840563200277683,0.9959568099017266,0.9934108521711261,0.009651076466221232,5336,52,23,1468
iscx_url2016_binary,phiusiil,r04,lr,0.01,0.6082627802737893,source_s3_test,2834.244767112955,6798,5303,1495,0.6082627802737893,0.7756693145042659,0.8509299021125797,0.4949596774193548,0.9852842809364548,0.745894853592252,0.7943971891975072,0.4878883614382716,0.2834244767112955,3800,1503,22,1473
iscx_url2016_binary,phiusiil,r04,lr,0.01,0.6082627802737893,external_primary,9999.777347315923,233299,134739,98560,0.6082627802737893,0.40812433829549205,0.48302655471212597,0.4140588306921565,0.9660308441558442,0.28985332723650736,0.4343479276459862,0.5067825173579129,0.9999777347315922,3,134736,3348,95212
iscx_url2016_binary,phiusiil,r04,rf,0.001,0.40263095238095237,source_validation,9.279881217520416,6879,5388,1491,0.40263095238095237,0.9986916703009159,0.9981946243160522,0.9966487935656837,0.9973172367538564,0.9980738181481605,0.9994700945091486,0.9988814063931345,0.0009279881217520415,5383,5,4,1487
iscx_url2016_binary,phiusiil,r04,rf,0.001,0.40263095238095237,source_s3_test,1906.4680369602113,6798,5303,1495,0.40263095238095237,0.8502500735510444,0.9023354610282436,0.595438175270108,0.9953177257525083,0.819549048630225,0.9984230545340336,0.9975554196842291,0.19064680369602113,4292,1011,7,1488
iscx_url2016_binary,phiusiil,r04,rf,0.001,0.40263095238095237,external_primary,10000.0,233299,134739,98560,0.40263095238095237,0.41831298033853553,0.49508928571428573,0.42005586856682925,0.9901785714285715,0.2949370034240883,0.4622285705797684,0.40920523730134617,1.0,0,134739,968,97592
iscx_url2016_binary,phiusiil,r04,rf,0.01,0.3223928571428571,source_validation,90.94283593170007,6879,5388,1491,0.3223928571428571,0.9922953917720599,0.9941114765803432,0.9680989583333334,0.9973172367538564,0.988775976605666,0.9994700945091486,0.9988814063931345,0.009094283593170008,5339,49,4,1487
iscx_url2016_binary,phiusiil,r04,rf,0.01,0.3223928571428571,source_s3_test,2700.3582877616445,6798,5303,1495,0.3223928571428571,0.7887614004118858,0.8636442929697774,0.5100923708518645,0.9973244147157191,0.7592524726743869,0.9984230545340336,0.9975554196842291,0.27003582877616444,3871,1432,4,1491
iscx_url2016_binary,phiusiil,r04,rf,0.01,0.3223928571428571,external_primary,10000.0,233299,134739,98560,0.3223928571428571,0.41911881319679894,0.4960430194805195,0.42052477431951796,0.992086038961039,0.29533736661038607,0.4622285705797684,0.40920523730134617,1.0,0,134739,780,97780
iscx_url2016_binary,phiusiil,r04,xgb,0.001,0.2434871643781662,source_validation,7.423904974016332,6879,5388,1491,0.2434871643781662,0.9988370402674808,0.9982874231282274,0.9973172367538564,0.9973172367538564,0.9982874231282274,0.9998867244546218,0.9996450139614886,0.0007423904974016332,5384,4,4,1487
iscx_url2016_binary,phiusiil,r04,xgb,0.001,0.2434871643781662,source_s3_test,2788.9873656420896,6798,5303,1495,0.2434871643781662,0.7822889085025008,0.8602161835573604,0.5025227043390514,0.9993311036789297,0.7533085601613814,0.9985416218623018,0.9974520704310145,0.27889873656420894,3824,1479,1,1494
iscx_url2016_binary,phiusiil,r04,xgb,0.001,0.2434871643781662,external_primary,10000.0,233299,134739,98560,0.2434871643781662,0.41835584378844315,0.49514001623376624,0.4200808294704766,0.9902800324675325,0.2949583107938628,0.40850589917864766,0.4141553433984014,1.0,0,134739,958,97602
iscx_url2016_binary,phiusiil,r04,xgb,0.01,0.03630194067955017,source_validation,98.36674090571641,6879,5388,1491,0.03630194067955017,0.9917139119058003,0.9937402813316424,0.9655844155844155,0.9973172367538564,0.98794031544461,0.9998867244546218,0.9996450139614886,0.00983667409057164,5335,53,4,1487
iscx_url2016_binary,phiusiil,r04,xgb,0.01,0.03630194067955017,source_s3_test,3273.618706392608,6798,5303,1495,0.03630194067955017,0.7444836716681377,0.8359846165198345,0.46253869969040246,0.9993311036789297,0.7182871958387684,0.9985416218623018,0.9974520704310145,0.3273618706392608,3567,1736,1,1494
iscx_url2016_binary,phiusiil,r04,xgb,0.01,0.03630194067955017,external_primary,10000.0,233299,134739,98560,0.03630194067955017,0.4200232319898499,0.49711343344155845,0.42105014394362567,0.9942268668831169,0.29578616921730205,0.40850589917864766,0.4141553433984014,1.0,0,134739,569,97991
iscx_url2016_binary,phiusiil,r05,lr,0.001,0.9999989763583577,source_validation,9.428625306430323,6798,5303,1495,0.9999989763583577,0.8052368343630479,0.5583914449888591,0.9723756906077348,0.1177257525083612,0.5494750204225465,0.8098646755764548,0.5184016748146879,0.0009428625306430323,5298,5,1319,176
iscx_url2016_binary,phiusiil,r05,lr,0.001,0.9999989763583577,source_s3_test,0.0,6879,5388,1491,0.9999989763583577,0.8674225904928042,0.6941649899396378,1.0,0.38832997987927564,0.7406957712109037,0.9946706967865097,0.9901725503944493,0.0,5388,0,912,579
iscx_url2016_binary,phiusiil,r05,lr,0.001,0.9999989763583577,external_primary,601.9741724803325,234478,134740,99738,0.9999989763583577,0.611170344339341,0.5535053339675733,0.6727852186541875,0.16720808518317992,0.5015718373400972,0.36646838101606233,0.45983765847633973,0.06019741724803325,126629,8111,83061,16677
iscx_url2016_binary,phiusiil,r05,lr,0.01,0.9999528307893714,source_validation,99.94342824816142,6798,5303,1495,0.9999528307893714,0.8065607531626949,0.5729292499922742,0.8146853146853147,0.15585284280936454,0.5751757810318776,0.8098646755764548,0.5184016748146879,0.009994342824816142,5250,53,1262,233
iscx_url2016_binary,phiusiil,r05,lr,0.01,0.9999528307893714,source_s3_test,0.0,6879,5388,1491,0.9999528307893714,0.8765808983863934,0.7152917505030181,1.0,0.4305835010060362,0.7644683998003721,0.9946706967865097,0.9901725503944493,0.0,5388,0,849,642
iscx_url2016_binary,phiusiil,r05,lr,0.01,0.9999528307893714,external_primary,8215.451981594182,234478,134740,99738,0.9999528307893714,0.3178208616586631,0.3422753866428841,0.313187154096245,0.5060959714451864,0.30904058115771255,0.36646838101606233,0.45983765847633973,0.8215451981594182,24045,110695,49261,50477
iscx_url2016_binary,phiusiil,r05,rf,0.001,0.5553333333333333,source_validation,9.428625306430323,6798,5303,1495,0.5553333333333333,0.9989702853780523,0.9988596724136083,0.9966622162883845,0.9986622073578595,0.998500509488344,0.9998451056605178,0.9996746864881876,0.0009428625306430323,5298,5,2,1493
iscx_url2016_binary,phiusiil,r05,rf,0.001,0.5553333333333333,source_s3_test,0.0,6879,5388,1491,0.5553333333333333,0.9981101904346562,0.9956405097250167,1.0,0.9912810194500336,0.9972082452029016,0.9993608022796517,0.9986189075498245,0.0,5388,0,13,1478
iscx_url2016_binary,phiusiil,r05,rf,0.001,0.5553333333333333,external_primary,10000.0,234478,134740,99738,0.5553333333333333,0.4191949777804314,0.49275100764001684,0.42179614816849187,0.9855020152800337,0.2953751840610632,0.3937943586309237,0.3735040222630641,1.0,0,134740,1446,98292
iscx_url2016_binary,phiusiil,r05,rf,0.01,0.47833333333333333,source_validation,99.94342824816142,6798,5303,1495,0.47833333333333333,0.9919093851132686,0.9943339322665217,0.9657179818887451,0.9986622073578595,0.9883515217808847,0.9998451056605178,0.9996746864881876,0.009994342824816142,5250,53,2,1493
iscx_url2016_binary,phiusiil,r05,rf,0.01,0.47833333333333333,source_s3_test,1.855976243504083,6879,5388,1491,0.47833333333333333,0.9982555604012211,0.9962184017243774,0.9993247805536799,0.9926224010731053,0.9974248808147943,0.9993608022796517,0.9986189075498245,0.0001855976243504083,5387,1,11,1480
iscx_url2016_binary,phiusiil,r05,rf,0.01,0.47833333333333333,external_primary,10000.0,234478,134740,99738,0.47833333333333333,0.4207004495091224,0.4945206440875093,0.4226706943462519,0.9890412881750186,0.2961218528891731,0.3937943586309237,0.3735040222630641,1.0,0,134740,1093,98645
iscx_url2016_binary,phiusiil,r05,xgb,0.001,0.6228969693183899,source_validation,9.428625306430323,6798,5303,1495,0.6228969693183899,0.9989702853780523,0.9988596724136083,0.9966622162883845,0.9986622073578595,0.998500509488344,0.9998177342666515,0.9996459161102748,0.0009428625306430323,5298,5,2,1493
iscx_url2016_binary,phiusiil,r05,xgb,0.001,0.6228969693183899,source_s3_test,0.0,6879,5388,1491,0.6228969693183899,0.9981101904346562,0.9956405097250167,1.0,0.9912810194500336,0.9972082452029016,0.9998583433289666,0.9995791137082864,0.0,5388,0,13,1478
iscx_url2016_binary,phiusiil,r05,xgb,0.001,0.6228969693183899,external_primary,10000.0,234478,134740,99738,0.6228969693183899,0.41876423374474364,0.4922446810643887,0.42154543620213714,0.9844893621287774,0.2951612563839733,0.4989371224152478,0.5134069665299795,1.0,0,134740,1547,98191
iscx_url2016_binary,phiusiil,r05,xgb,0.01,0.5225416421890259,source_validation,99.94342824816142,6798,5303,1495,0.5225416421890259,0.9919093851132686,0.9943339322665217,0.9657179818887451,0.9986622073578595,0.9883515217808847,0.9998177342666515,0.9996459161102748,0.009994342824816142,5250,53,2,1493
iscx_url2016_binary,phiusiil,r05,xgb,0.01,0.5225416421890259,source_s3_test,0.0,6879,5388,1491,0.5225416421890259,0.998400930367786,0.9963112005365526,1.0,0.9926224010731053,0.9976388984621496,0.9998583433289666,0.9995791137082864,0.0,5388,0,11,1480
iscx_url2016_binary,phiusiil,r05,xgb,0.01,0.5225416421890259,external_primary,10000.0,234478,134740,99738,0.5225416421890259,0.419322921553408,0.49290140167238167,0.42187057521174626,0.9858028033447633,0.2954387019230769,0.4989371224152478,0.5134069665299795,1.0,0,134740,1416,98322
iscx_url2016_binary,phiusiil,r06,lr,0.001,0.6644691399652358,source_validation,9.279881217520416,6879,5388,1491,0.6644691399652358,0.9940398313708387,0.9874635713314781,0.9965753424657534,0.9758551307847082,0.9911562836404746,0.9952749160142742,0.9916692156688846,0.0009279881217520415,5383,5,36,1455
iscx_url2016_binary,phiusiil,r06,lr,0.001,0.6644691399652358,source_s3_test,2824.8161418065247,6798,5303,1495,0.6644691399652358,0.7783171521035599,0.8557491594648577,0.4979892761394102,0.9939799331103679,0.749122683671473,0.8000378406366812,0.5063441750119412,0.2824816141806525,3805,1498,9,1486
iscx_url2016_binary,phiusiil,r06,lr,0.001,0.6644691399652358,external_primary,9999.406259509125,233448,134739,98709,0.6644691399652358,0.4056106713272335,0.4796262790272993,0.41271162798807387,0.9591931840055111,0.2886127839429043,0.4320182251536617,0.5027493773860073,0.9999406259509125,8,134731,4028,94681
iscx_url2016_binary,phiusiil,r06,lr,0.01,0.6142239571943209,source_validation,98.36674090571641,6879,5388,1491,0.6142239571943209,0.9879342927751127,0.9850213007816759,0.964993394980185,0.9798792756539235,0.9823302957824872,0.9952749160142742,0.9916692156688846,0.00983667409057164,5335,53,30,1461
iscx_url2016_binary,phiusiil,r06,lr,0.01,0.6142239571943209,source_s3_test,2839.901942296813,6798,5303,1495,0.6142239571943209,0.7775816416593115,0.8559982139219486,0.4971619365609349,0.9959866220735786,0.7486036520133816,0.8000378406366812,0.5063441750119412,0.2839901942296813,3797,1506,6,1489
iscx_url2016_binary,phiusiil,r06,lr,0.01,0.6142239571943209,external_primary,9999.554694631845,233448,134739,98709,0.6142239571943209,0.40733696583393303,0.481670341938215,0.4137429890479029,0.9632961533396144,0.28947379169260395,0.4320182251536617,0.5027493773860073,0.9999554694631844,6,134733,3623,95086
iscx_url2016_binary,phiusiil,r06,rf,0.001,0.49291666666666667,source_validation,9.279881217520416,6879,5388,1491,0.49291666666666667,0.9986916703009159,0.9981946243160522,0.9966487935656837,0.9973172367538564,0.9980738181481605,0.9997202965379508,0.9993444916050371,0.0009279881217520415,5383,5,4,1487
iscx_url2016_binary,phiusiil,r06,rf,0.001,0.49291666666666667,source_s3_test,369.60211201206863,6798,5303,1495,0.49291666666666667,0.9705795822300677,0.9801821017572561,0.8838174273858921,0.9973244147157191,0.9589707661578711,0.9992392770672497,0.9986570125719169,0.03696021120120686,5107,196,4,1491
iscx_url2016_binary,phiusiil,r06,rf,0.001,0.49291666666666667,external_primary,10000.0,233448,134739,98709,0.49291666666666667,0.4178532264144478,0.4941140118935457,0.419943517904652,0.9882280237870914,0.2947083792806538,0.360931102208912,0.3572448553447835,1.0,0,134739,1162,97547
iscx_url2016_binary,phiusiil,r06,rf,0.01,0.3274166666666667,source_validation,74.23904974016332,6879,5388,1491,0.3274166666666667,0.993749091437709,0.9952820112956879,0.9738219895287958,0.9979879275653923,0.9908763879605222,0.9997202965379508,0.9993444916050371,0.007423904974016332,5348,40,3,1488
iscx_url2016_binary,phiusiil,r06,rf,0.01,0.3274166666666667,source_s3_test,2736.187063926079,6798,5303,1495,0.3274166666666667,0.7861135628125919,0.8621873023220907,0.5069656812776079,0.9979933110367893,0.756803326824332,0.9992392770672497,0.9986570125719169,0.27361870639260794,3852,1451,3,1492
iscx_url2016_binary,phiusiil,r06,rf,0.01,0.3274166666666667,external_primary,10000.0,233448,134739,98709,0.3274166666666667,0.4194424454268188,0.49599327315644975,0.42086848880540884,0.9919865463128995,0.29549802936933783,0.360931102208912,0.3572448553447835,1.0,0,134739,791,97918
iscx_url2016_binary,phiusiil,r06,xgb,0.001,0.2535422146320343,source_validation,9.279881217520416,6879,5388,1491,0.2535422146320343,0.9988370402674808,0.9985299697218202,0.9966510381781648,0.9979879275653923,0.9982882532718276,0.9999692537805402,0.9998969225547513,0.0009279881217520415,5383,5,3,1488
iscx_url2016_binary,phiusiil,r06,xgb,0.001,0.2535422146320343,source_s3_test,2468.4141052234586,6798,5303,1495,0.2535422146320343,0.8070020594292439,0.8755759502572218,0.5326669046769011,0.9979933110367893,0.7767621793716586,0.9993097867869327,0.9989076517431469,0.24684141052234584,3994,1309,3,1492
iscx_url2016_binary,phiusiil,r06,xgb,0.001,0.2535422146320343,external_primary,10000.0,233448,134739,98709,0.2535422146320343,0.41897981563346015,0.49544621057856936,0.42059952956151175,0.9908924211571387,0.29526834068913055,0.44276625774255024,0.4106347348113025,1.0,0,134739,899,97810
iscx_url2016_binary,phiusiil,r06,xgb,0.01,0.06561528891324997,source_validation,98.36674090571641,6879,5388,1491,0.06561528891324997,0.99200465183893,0.9944109721431783,0.9656290531776913,0.9986586183769283,0.9883689670039819,0.9999692537805402,0.9998969225547513,0.00983667409057164,5335,53,2,1489
iscx_url2016_binary,phiusiil,r06,xgb,0.01,0.06561528891324997,source_s3_test,3034.131623609278,6798,5303,1495,0.06561528891324997,0.763018534863195,0.8476245224984659,0.4813023855577047,0.9986622073578595,0.7352670829473402,0.9993097867869327,0.9989076517431469,0.3034131623609278,3694,1609,2,1493
iscx_url2016_binary,phiusiil,r06,xgb,0.01,0.06561528891324997,external_primary,10000.0,233448,134739,98709,0.06561528891324997,0.42037627223193175,0.4970975291006899,0.42141062801932366,0.9941950582013798,0.29596120440069484,0.44276625774255024,0.4106347348113025,1.0,0,134739,573,98136
iscx_url2016_binary,phiusiil,r07,lr,0.001,0.6705621814925132,source_validation,9.279881217520416,6879,5388,1491,0.6705621814925132,0.9933129815380143,0.9857868443026384,0.9965635738831615,0.9725016767270288,0.9900655378010252,0.9951640055627006,0.9918030877952546,0.0009279881217520415,5383,5,41,1450
iscx_url2016_binary,phiusiil,r07,lr,0.001,0.6705621814925132,source_s3_test,2811.6160663775217,6798,5303,1495,0.6705621814925132,0.7764048249485143,0.8497202000256054,0.4957727426445722,0.9806020066889632,0.7461755959750315,0.8007387753634752,0.5040205056727303,0.2811616066377522,3812,1491,29,1466
iscx_url2016_binary,phiusiil,r07,lr,0.001,0.6705621814925132,external_primary,9999.332041947766,233297,134739,98558,0.6705621814925132,0.40568031307732205,0.4801314112551554,0.4125956444967628,0.9601960267050874,0.28865399132983915,0.4412588495294436,0.5090540413489386,0.9999332041947766,9,134730,3923,94635
iscx_url2016_binary,phiusiil,r07,lr,0.01,0.6232896279352387,source_validation,96.51076466221231,6879,5388,1491,0.6232896279352387,0.9880796627416776,0.9851140995938512,0.9656311962987442,0.9798792756539235,0.9825389964208654,0.9951640055627006,0.9918030877952546,0.009651076466221232,5336,52,30,1461
iscx_url2016_binary,phiusiil,r07,lr,0.01,0.6232896279352387,source_s3_test,2828.5875919290966,6798,5303,1495,0.6232896279352387,0.7756693145042659,0.8502094163901672,0.494949494949495,0.9832775919732442,0.7457205883308807,0.8007387753634752,0.5040205056727303,0.28285875919290965,3803,1500,25,1470
iscx_url2016_binary,phiusiil,r07,lr,0.01,0.6232896279352387,external_primary,9999.406259509125,233297,134739,98558,0.6232896279352387,0.4071548283947072,0.48187793881536745,0.41347606340140436,0.9636965035816474,0.28939371483454907,0.4412588495294436,0.5090540413489386,0.9999406259509125,8,134731,3578,94980
iscx_url2016_binary,phiusiil,r07,rf,0.001,0.403010686963748,source_validation,9.279881217520416,6879,5388,1491,0.403010686963748,0.9989824102340457,0.9988653151275881,0.9966532797858099,0.9986586183769283,0.9985025843969686,0.9999584241404875,0.9998745375241334,0.0009279881217520415,5383,5,2,1489
iscx_url2016_binary,phiusiil,r07,rf,0.001,0.403010686963748,source_s3_test,1489.7227984159908,6798,5303,1495,0.403010686963748,0.8833480435422183,0.9245105155975951,0.6538124452234881,0.9979933110367893,0.854641610448563,0.9994450039953406,0.9989929136741568,0.14897227984159908,4513,790,3,1492
iscx_url2016_binary,phiusiil,r07,rf,0.001,0.403010686963748,external_primary,10000.0,233297,134739,98558,0.403010686963748,0.4180636699143152,0.49480001623409564,0.4199085554866708,0.9896000324681913,0.2948130459752743,0.409284405074898,0.3792577273025181,1.0,0,134739,1025,97533
iscx_url2016_binary,phiusiil,r07,rf,0.01,0.31103172964029613,source_validation,92.79881217520415,6879,5388,1491,0.31103172964029613,0.9925861317051897,0.9950247139854718,0.9675324675324676,0.9993293091884641,0.9892097559241249,0.9999584241404875,0.9998745375241334,0.009279881217520415,5338,50,1,1490
iscx_url2016_binary,phiusiil,r07,rf,0.01,0.31103172964029613,source_s3_test,2711.672638129361,6798,5303,1495,0.31103172964029613,0.7883200941453369,0.8640819199329968,0.509549795361528,0.9993311036789297,0.7590036530857713,0.9994450039953406,0.9989929136741568,0.2711672638129361,3865,1438,1,1494
iscx_url2016_binary,phiusiil,r07,rf,0.01,0.31103172964029613,external_primary,10000.0,233297,134739,98558,0.31103172964029613,0.4191309789667248,0.4960632318025934,0.4205297586024488,0.9921264636051867,0.2953434074646837,0.409284405074898,0.3792577273025181,1.0,0,134739,776,97782
iscx_url2016_binary,phiusiil,r07,xgb,0.001,0.15224608778953552,source_validation,9.279881217520416,6879,5388,1491,0.15224608778953552,0.9992731501671754,0.9995360059391241,0.9966577540106952,1.0,0.9989309351136515,1.0,1.0,0.0009279881217520415,5383,5,0,1491
iscx_url2016_binary,phiusiil,r07,xgb,0.001,0.15224608778953552,source_s3_test,2838.016217235527,6798,5303,1495,0.15224608778953552,0.7781700500147102,0.8570958446566184,0.49783116449783116,0.9979933110367893,0.7493252992627393,0.9990875361141576,0.9983171877379253,0.2838016217235527,3798,1505,3,1492
iscx_url2016_binary,phiusiil,r07,xgb,0.001,0.15224608778953552,external_primary,10000.0,233297,134739,98558,0.15224608778953552,0.41892951902510533,0.49582479352259584,0.4204126052805905,0.9916495870451917,0.29524336015853453,0.3509893412080041,0.3714746215076259,1.0,0,134739,823,97735
iscx_url2016_binary,phiusiil,r07,xgb,0.01,0.030525032430887222,source_validation,96.51076466221231,6879,5388,1491,0.030525032430887222,0.9924407617386248,0.9951744617668894,0.966299416720674,1.0,0.9890059863631793,1.0,1.0,0.009651076466221232,5336,52,0,1491
iscx_url2016_binary,phiusiil,r07,xgb,0.01,0.030525032430887222,source_s3_test,3443.3339619083536,6798,5303,1495,0.030525032430887222,0.7312444836716682,0.8274988537440472,0.45,0.9993311036789297,0.7062489423319465,0.9990875361141576,0.9983171877379253,0.34433339619083536,3477,1826,1,1494
iscx_url2016_binary,phiusiil,r07,xgb,0.01,0.030525032430887222,external_primary,10000.0,233297,134739,98558,0.030525032430887222,0.4199582506418857,0.4970423506970515,0.42101033887088873,0.994084701394103,0.2957539423796759,0.3509893412080041,0.3714746215076259,1.0,0,134739,583,97975
iscx_url2016_binary,phiusiil,r08,lr,0.001,0.9999991878693192,source_validation,9.428625306430323,6798,5303,1495,0.9999991878693192,0.8062665489849956,0.5607325821126049,0.973404255319149,0.12240802675585284,0.5534586536704835,0.8068640392230813,0.5213809453612359,0.0009428625306430323,5298,5,1312,183
iscx_url2016_binary,phiusiil,r08,lr,0.001,0.9999991878693192,source_s3_test,0.0,6879,5388,1491,0.9999991878693192,0.8634976013955517,0.6851106639839034,1.0,0.3702213279678068,0.7301140711576897,0.995342383427016,0.9908453209962396,0.0,5388,0,939,552
iscx_url2016_binary,phiusiil,r08,lr,0.001,0.9999991878693192,external_primary,492.7303898648498,234378,134739,99639,0.9999991878693192,0.6139228084547185,0.554599522618782,0.703999286637835,0.15847208422404882,0.4988506230081849,0.3664115569035239,0.45976656262752796,0.04927303898648498,128100,6639,83849,15790
iscx_url2016_binary,phiusiil,r08,lr,0.01,0.9999645053061833,source_validation,99.94342824816142,6798,5303,1495,0.9999645053061833,0.8111209179170344,0.5832971429688628,0.832807570977918,0.1765886287625418,0.5912147125072497,0.8068640392230813,0.5213809453612359,0.009994342824816142,5250,53,1231,264
iscx_url2016_binary,phiusiil,r08,lr,0.01,0.9999645053061833,source_s3_test,0.0,6879,5388,1491,0.9999645053061833,0.8713475795900567,0.7032193158953722,1.0,0.40643863179074446,0.7510372604032443,0.995342383427016,0.9908453209962396,0.0,5388,0,885,606
iscx_url2016_binary,phiusiil,r08,lr,0.01,0.9999645053061833,external_primary,6951.810537409362,234378,134739,99639,0.9999645053061833,0.3676582273080238,0.37872647751536476,0.3250028825089358,0.4526340087716657,0.3674713136344496,0.3664115569035239,0.45976656262752796,0.6951810537409362,41071,93668,54539,45100
iscx_url2016_binary,phiusiil,r08,rf,0.001,0.5858333333333333,source_validation,9.428625306430323,6798,5303,1495,0.5858333333333333,0.998676081200353,0.998190776092538,0.9966577540106952,0.9973244147157191,0.9980711583122777,0.9997228804040371,0.9994090520387381,0.0009428625306430323,5298,5,4,1491
iscx_url2016_binary,phiusiil,r08,rf,0.001,0.5858333333333333,source_s3_test,0.0,6879,5388,1491,0.5858333333333333,0.9997092600668702,0.9993293091884641,1.0,0.9986586183769283,0.9995716479380692,0.9999976349061955,0.999991509020362,0.0,5388,0,2,1489
iscx_url2016_binary,phiusiil,r08,rf,0.001,0.5858333333333333,external_primary,10000.0,234378,134739,99639,0.5858333333333333,0.41839251124252275,0.49208643201959074,0.4212267129436729,0.9841728640391815,0.2949765371194802,0.3663880834647759,0.36189416478152137,1.0,0,134739,1577,98062
iscx_url2016_binary,phiusiil,r08,rf,0.01,0.5104166666666667,source_validation,99.94342824816142,6798,5303,1495,0.5104166666666667,0.9917622830244189,0.9939994841059866,0.9656957928802589,0.9979933110367893,0.9881369537903113,0.9997228804040371,0.9994090520387381,0.009994342824816142,5250,53,3,1492
iscx_url2016_binary,phiusiil,r08,rf,0.01,0.5104166666666667,source_s3_test,1.855976243504083,6879,5388,1491,0.5104166666666667,0.9995638901003053,0.9992365103762889,0.9993288590604027,0.9986586183769283,0.9993576278479176,0.9999976349061955,0.999991509020362,0.0001855976243504083,5387,1,2,1489
iscx_url2016_binary,phiusiil,r08,rf,0.01,0.5104166666666667,external_primary,10000.0,234378,134739,99639,0.5104166666666667,0.41975782709981313,0.49369222894649684,0.42202118213288375,0.9873844578929937,0.2956545257843491,0.3663880834647759,0.36189416478152137,1.0,0,134739,1257,98382
iscx_url2016_binary,phiusiil,r08,xgb,0.001,0.6701511740684509,source_validation,9.428625306430323,6798,5303,1495,0.6701511740684509,0.999117387466902,0.9991941205741434,0.9966644429619747,0.9993311036789297,0.9987150305137723,0.9998043639083575,0.9996587245442063,0.0009428625306430323,5298,5,1,1494
iscx_url2016_binary,phiusiil,r08,xgb,0.001,0.6701511740684509,source_s3_test,0.0,6879,5388,1491,0.6701511740684509,0.9994185201337403,0.9986586183769282,1.0,0.9973172367538564,0.9991428795707794,1.0,1.0,0.0,5388,0,4,1487
iscx_url2016_binary,phiusiil,r08,xgb,0.001,0.6701511740684509,external_primary,10000.0,234378,134739,99639,0.6701511740684509,0.4186997073104131,0.4924477363281446,0.4214056588784445,0.9848954726562892,0.2951291983447214,0.34944627509773724,0.37758902613375545,1.0,0,134739,1505,98134
iscx_url2016_binary,phiusiil,r08,xgb,0.01,0.541021466255188,source_validation,99.94342824816142,6798,5303,1495,0.541021466255188,0.9920564872021183,0.9946683804270569,0.9657401422107305,0.9993311036789297,0.9885659886097198,0.9998043639083575,0.9996587245442063,0.009994342824816142,5250,53,1,1494
iscx_url2016_binary,phiusiil,r08,xgb,0.01,0.541021466255188,source_s3_test,0.0,6879,5388,1491,0.541021466255188,0.9998546300334351,0.999664654594232,1.0,0.9993293091884641,0.9997858759493059,1.0,1.0,0.0,5388,0,1,1490
iscx_url2016_binary,phiusiil,r08,xgb,0.01,0.541021466255188,external_primary,10000.0,234378,134739,99639,0.541021466255188,0.41956156294532765,0.4934613956382541,0.4219071114448139,0.9869227912765082,0.2955571451757365,0.34944627509773724,0.37758902613375545,1.0,0,134739,1303,98336
iscx_url2016_binary,phiusiil,r09,lr,0.001,0.9999977239517109,source_validation,9.428625306430323,6798,5303,1495,0.9999977239517109,0.8099441012062372,0.5690937861259828,0.9765258215962441,0.1391304347826087,0.5674393480446699,0.8093989834743633,0.5267425327903146,0.0009428625306430323,5298,5,1287,208
iscx_url2016_binary,phiusiil,r09,lr,0.001,0.9999977239517109,source_s3_test,0.0,6879,5388,1491,0.9999977239517109,0.864660561128071,0.687793427230047,1.0,0.3755868544600939,0.7332750074267868,0.9944839788545675,0.9904571269098315,0.0,5388,0,931,560
iscx_url2016_binary,phiusiil,r09,lr,0.001,0.9999977239517109,external_primary,899.0648656672109,234325,134740,99585,0.9999977239517109,0.6042761122372773,0.5502970454147366,0.6102943541901239,0.1905005773961942,0.5080028060780376,0.36239569834525326,0.45701829321367143,0.0899064865667211,122626,12114,80614,18971
iscx_url2016_binary,phiusiil,r09,lr,0.01,0.9999313001136478,source_validation,99.94342824816142,6798,5303,1495,0.9999313001136478,0.8109738158281847,0.5829626948083277,0.8322784810126582,0.17591973244147158,0.5907051776877598,0.8093989834743633,0.5267425327903146,0.009994342824816142,5250,53,1232,263
iscx_url2016_binary,phiusiil,r09,lr,0.01,0.9999313001136478,source_s3_test,0.0,6879,5388,1491,0.9999313001136478,0.8770170082860881,0.716297786720322,1.0,0.43259557344064387,0.7655698027182078,0.9944839788545675,0.9904571269098315,0.0,5388,0,846,645
iscx_url2016_binary,phiusiil,r09,lr,0.01,0.9999313001136478,external_primary,9329.300875760724,234325,134740,99585,0.9999313001136478,0.2629510295529713,0.2975255170393976,0.2949204069956586,0.5279811216548677,0.23659157344401638,0.36239569834525326,0.45701829321367143,0.9329300875760724,9037,125703,47006,52579
iscx_url2016_binary,phiusiil,r09,rf,0.001,0.5094227129182544,source_validation,9.428625306430323,6798,5303,1495,0.5094227129182544,0.9983818770226537,0.9975218797714678,0.9966532797858099,0.9959866220735786,0.9976413942035602,0.9993647818455761,0.9989128804125409,0.0009428625306430323,5298,5,6,1489
iscx_url2016_binary,phiusiil,r09,rf,0.001,0.5094227129182544,source_s3_test,1.855976243504083,6879,5388,1491,0.5094227129182544,0.9992731501671754,0.998565819564753,0.9993279569892473,0.9973172367538564,0.9989288597508844,0.9995051974803537,0.9992651169831176,0.0001855976243504083,5387,1,4,1487
iscx_url2016_binary,phiusiil,r09,rf,0.001,0.5094227129182544,external_primary,10000.0,234325,134740,99585,0.5094227129182544,0.4195540381948149,0.49360847517196366,0.4218457683263821,0.9872169503439273,0.29555341107573724,0.39244146043396405,0.37344917762288093,1.0,0,134740,1273,98312
iscx_url2016_binary,phiusiil,r09,rf,0.01,0.4485714285714286,source_validation,99.94342824816142,6798,5303,1495,0.4485714285714286,0.9917622830244189,0.9939994841059866,0.9656957928802589,0.9979933110367893,0.9881369537903113,0.9993647818455761,0.9989128804125409,0.009994342824816142,5250,53,3,1492
iscx_url2016_binary,phiusiil,r09,rf,0.01,0.4485714285714286,source_s3_test,5.567928730512249,6879,5388,1491,0.4485714285714286,0.9989824102340457,0.9983802219404025,0.9979865771812081,0.9973172367538564,0.998501131645141,0.9995051974803537,0.9992651169831176,0.0005567928730512249,5385,3,4,1487
iscx_url2016_binary,phiusiil,r09,rf,0.01,0.4485714285714286,external_primary,10000.0,234325,134740,99585,0.4485714285714286,0.42028806145311,0.4944720590450369,0.42227215037903476,0.9889441180900738,0.2959174781931979,0.39244146043396405,0.37344917762288093,1.0,0,134740,1101,98484
iscx_url2016_binary,phiusiil,r09,xgb,0.001,0.7256720662117004,source_validation,9.428625306430323,6798,5303,1495,0.7256720662117004,0.9983818770226537,0.9975218797714678,0.9966532797858099,0.9959866220735786,0.9976413942035602,0.9987836758016067,0.9981533452710458,0.0009428625306430323,5298,5,6,1489
iscx_url2016_binary,phiusiil,r09,xgb,0.001,0.7256720662117004,source_s3_test,0.0,6879,5388,1491,0.7256720662117004,0.9994185201337403,0.9986586183769282,1.0,0.9973172367538564,0.9991428795707794,0.9997891332155268,0.9996101201342911,0.0,5388,0,4,1487
iscx_url2016_binary,phiusiil,r09,xgb,0.001,0.7256720662117004,external_primary,10000.0,234325,134740,99585,0.7256720662117004,0.41796223194281446,0.4917357031681478,0.4209189484225048,0.9834714063362956,0.2947625984157176,0.3959143511477336,0.4098260000665854,1.0,0,134740,1646,97939
iscx_url2016_binary,phiusiil,r09,xgb,0.01,0.6543342471122742,source_validation,99.94342824816142,6798,5303,1495,0.6543342471122742,0.99132097675787,0.9929961396243812,0.9656290531776913,0.9959866220735786,0.9874926417352947,0.9987836758016067,0.9981533452710458,0.009994342824816142,5250,53,6,1489
iscx_url2016_binary,phiusiil,r09,xgb,0.01,0.6543342471122742,source_s3_test,0.0,6879,5388,1491,0.6543342471122742,0.9995638901003053,0.9989939637826961,1.0,0.9979879275653923,0.9993573158505307,0.9997891332155268,0.9996101201342911,0.0,5388,0,3,1488
iscx_url2016_binary,phiusiil,r09,xgb,0.01,0.6543342471122742,external_primary,10000.0,234325,134740,99585,0.6543342471122742,0.41826522991571535,0.4920921825576141,0.42109559613319014,0.9841843651152282,0.29491326522936195,0.3959143511477336,0.4098260000665854,1.0,0,134740,1575,98010
