scope,source_dataset,target_dataset,repetition,model,feature_set,row_macro_f1,n_rows,n_domains,domain_equal_macro_f1,domain_equal_balanced_accuracy,domain_equal_recall,domain_equal_fpr,weighted_tn,weighted_fp,weighted_fn,weighted_tp
internal,iscx_url2016_binary,iscx_url2016_binary,r00,lr,f_all,0.9865434408163554,6879,190,0.6961668032716082,0.9404172767900414,0.8811817758023051,0.00034722222222222224,8.996875,0.003125,21.50609857978279,159.49390142021718
internal,iscx_url2016_binary,iscx_url2016_binary,r00,lr,f_single,0.9918013649650603,6879,190,0.7456586146355183,0.9568463559335725,0.9140399340893671,0.00034722222222222224,8.996875,0.003125,15.558771929824562,165.44122807017544
internal,iscx_url2016_binary,iscx_url2016_binary,r00,lr,f_stable,0.9903456561066286,6879,190,0.7878600694822288,0.9670670575569538,0.936309004555588,0.0021748894416804858,8.980425995024877,0.019574004975124376,11.528070175438597,169.47192982456139
internal,iscx_url2016_binary,iscx_url2016_binary,r00,lr,f_mi,0.9871913692018927,6879,190,0.678259135665128,0.9333968846761636,0.8670010662014151,0.00020729684908789387,8.998134328358208,0.0018656716417910447,24.07280701754386,156.92719298245615
internal,iscx_url2016_binary,iscx_url2016_binary,r00,lr,f_permutation,0.9235472485106095,6879,190,0.7281443940243767,0.9340970774037634,0.908539304061258,0.040345149253731345,8.636893656716417,0.36310634328358204,16.55438596491228,164.44561403508771
internal,iscx_url2016_binary,iscx_url2016_binary,r00,rf,f_all,0.9980691312213257,6879,190,0.9663842118384405,0.9966097438473129,0.9932194876946259,0.0,9.0,0.0,1.2272727272727273,179.77272727272725
internal,iscx_url2016_binary,iscx_url2016_binary,r00,rf,f_single,0.998928338982753,6879,190,0.9431023406029477,0.9939950013154433,0.9879900026308867,0.0,9.0,0.0,2.1738095238095236,178.82619047619048
internal,iscx_url2016_binary,iscx_url2016_binary,r00,rf,f_stable,0.9993573158505307,6879,190,0.9679485892157846,0.9967771639042358,0.9935543278084715,0.0,9.0,0.0,1.1666666666666665,179.83333333333331
internal,iscx_url2016_binary,iscx_url2016_binary,r00,rf,f_mi,0.9889446745923772,6879,190,0.8610180333246045,0.98251431777166,0.96502863554332,0.0,9.0,0.0,6.329816966659072,174.67018303334092
internal,iscx_url2016_binary,iscx_url2016_binary,r00,rf,f_permutation,0.9995716479380692,6879,190,0.995182535423155,0.9995395948434622,0.9990791896869246,0.0,9.0,0.0,0.16666666666666666,180.83333333333331
internal,iscx_url2016_binary,iscx_url2016_binary,r00,xgb,f_all,0.9995716479380692,6879,190,0.995182535423155,0.9995395948434622,0.9990791896869246,0.0,9.0,0.0,0.16666666666666666,180.83333333333331
internal,iscx_url2016_binary,iscx_url2016_binary,r00,xgb,f_single,0.9993573158505307,6879,190,0.9679485892157846,0.9967771639042358,0.9935543278084715,0.0,9.0,0.0,1.1666666666666665,179.83333333333331
internal,iscx_url2016_binary,iscx_url2016_binary,r00,xgb,f_stable,0.9995716479380692,6879,190,0.995182535423155,0.9995395948434622,0.9990791896869246,0.0,9.0,0.0,0.16666666666666666,180.83333333333331
internal,iscx_url2016_binary,iscx_url2016_binary,r00,xgb,f_mi,0.9913527910409937,6879,190,0.8713523357718947,0.9841914555348694,0.9683829110697387,0.0,9.0,0.0,5.7226930963773075,175.27730690362267
internal,iscx_url2016_binary,iscx_url2016_binary,r00,xgb,f_permutation,0.998928338982753,6879,190,0.9432703386554074,0.9940147329650093,0.9880294659300185,0.0,9.0,0.0,2.1666666666666665,178.83333333333331
internal,iscx_url2016_binary,iscx_url2016_binary,r01,lr,f_all,0.746387550722144,6798,188,0.8260997804473821,0.9288753525333602,0.9298296613627092,0.0720789562959889,14.846736699264175,1.1532633007358222,12.069298245614034,159.93070175438598
internal,iscx_url2016_binary,iscx_url2016_binary,r01,lr,f_single,0.7446229663444304,6798,188,0.760631059985015,0.9066129450607436,0.8844808241534068,0.07125493403191958,14.859921055489286,1.1400789445107133,19.869298245614033,152.13070175438597
internal,iscx_url2016_binary,iscx_url2016_binary,r01,lr,f_stable,0.7428131604737109,6798,188,0.7391813499014337,0.8976127832043931,0.8670328048392562,0.07180723843047,14.85108418511248,1.14891581488752,22.870357567647932,149.12964243235206
internal,iscx_url2016_binary,iscx_url2016_binary,r01,lr,f_mi,0.7433410225873139,6798,188,0.8387475767191224,0.9317951608187864,0.9375815993472052,0.07399127770963215,14.816139556645885,1.1838604433541144,10.7359649122807,161.26403508771932
internal,iscx_url2016_binary,iscx_url2016_binary,r01,lr,f_permutation,0.5139251367487756,6798,188,0.7005641367352559,0.8794329467550759,0.8317426708770349,0.07287677736688322,14.833971562129868,1.1660284378701316,28.940260609149995,143.05973939085
internal,iscx_url2016_binary,iscx_url2016_binary,r01,rf,f_all,0.9210074610333374,6798,188,0.9383292045204312,0.9747246072316083,0.9801356589147288,0.030686444451512356,15.509016888775802,0.4909831112241977,3.416666666666667,168.58333333333331
internal,iscx_url2016_binary,iscx_url2016_binary,r01,rf,f_single,0.9523772141571966,6798,188,0.9099368258042606,0.9775683647967445,0.9653457772337821,0.010209047640293184,15.83665523775531,0.16334476224469094,5.960526315789473,166.0394736842105
internal,iscx_url2016_binary,iscx_url2016_binary,r01,rf,f_stable,0.9923049223870262,6798,188,0.8989892410661418,0.9761759264333714,0.9598378212974296,0.007485968430686969,15.880224505109009,0.1197754948909915,6.907894736842104,165.0921052631579
internal,iscx_url2016_binary,iscx_url2016_binary,r01,rf,f_mi,0.8592377537283785,6798,188,0.9126421454178374,0.9619576185268236,0.9711597307221542,0.04724449366850707,15.244088101303888,0.7559118986961131,4.960526315789474,167.03947368421052
internal,iscx_url2016_binary,iscx_url2016_binary,r01,rf,f_permutation,0.9898029694089082,6798,188,0.9311517674693851,0.9803260841827772,0.9752906976744186,0.014638529308864223,15.765783531058172,0.23421646894182757,4.25,167.75
internal,iscx_url2016_binary,iscx_url2016_binary,r01,xgb,f_all,0.7585857834602212,6798,188,0.9631422707615556,0.9611862057637878,0.9941860465116279,0.0718136349840523,14.850981840255162,1.1490181597448368,1.0,171.0
internal,iscx_url2016_binary,iscx_url2016_binary,r01,xgb,f_single,0.9581684353384285,6798,188,0.9531715655048396,0.9860894201339145,0.9840116279069767,0.011832787639147775,15.810675397773634,0.18932460222636438,2.75,169.25
internal,iscx_url2016_binary,iscx_url2016_binary,r01,xgb,f_stable,0.6972372270178311,6798,188,0.931434179509148,0.9422591425646196,0.9854651162790697,0.10094683114983043,14.384850701602712,1.6151492983972866,2.5,169.5
internal,iscx_url2016_binary,iscx_url2016_binary,r01,xgb,f_mi,0.7658548351315122,6798,188,0.934170000983485,0.9536164219393024,0.9837056303549572,0.07647278647635228,14.776435416378364,1.2235645836216364,2.802631578947368,169.1973684210526
internal,iscx_url2016_binary,iscx_url2016_binary,r01,xgb,f_permutation,0.970452890634594,6798,188,0.9293418659538137,0.9770200830394407,0.9752906976744186,0.021250531595537102,15.659991494471406,0.34000850552859363,4.25,167.74999999999997
internal,iscx_url2016_binary,iscx_url2016_binary,r02,lr,f_all,0.7462547920195509,6798,188,0.7770031921807676,0.9127267800780621,0.8969638242894057,0.07151026413328138,14.855835773867497,1.144164226132502,17.72222222222222,154.27777777777777
internal,iscx_url2016_binary,iscx_url2016_binary,r02,lr,f_single,0.7464331798250945,6798,188,0.7508714137446477,0.9028302887885653,0.8766149870801033,0.07095440950297285,14.864729447952435,1.1352705520475657,21.22222222222222,150.77777777777777
internal,iscx_url2016_binary,iscx_url2016_binary,r02,lr,f_stable,0.7441319671124598,6798,188,0.7225798473392037,0.8903243526740927,0.8523840220295187,0.07173531668133305,14.852234933098673,1.147765066901329,25.38994821092279,146.61005178907723
internal,iscx_url2016_binary,iscx_url2016_binary,r02,lr,f_mi,0.7426761029567112,6798,188,0.8288639568575893,0.9287696238608267,0.9318475452196382,0.07430829749798476,14.811067240032244,1.1889327599677562,11.722222222222221,160.27777777777777
internal,iscx_url2016_binary,iscx_url2016_binary,r02,lr,f_permutation,0.7453112864102267,6798,188,0.7603960600775495,0.9063862123155679,0.8843607662155651,0.07158834158442928,14.854586534649133,1.1454134653508687,19.889948210922785,152.1100517890772
internal,iscx_url2016_binary,iscx_url2016_binary,r02,rf,f_all,0.8458301561749837,6798,188,0.9243803878051834,0.9626697128427895,0.9767441860465116,0.0514047603609326,15.17752383422508,0.8224761657749216,4.0,168.0
internal,iscx_url2016_binary,iscx_url2016_binary,r02,rf,f_single,0.9253189136655455,6798,188,0.895115828613655,0.965893463227206,0.9607558139534884,0.0289688874990763,15.536497800014779,0.4635021999852208,6.75,165.24999999999997
internal,iscx_url2016_binary,iscx_url2016_binary,r02,rf,f_stable,0.8336846775322537,6798,188,0.8906505109514757,0.9529590808058681,0.9622093023255814,0.056291140713845195,15.099341748578476,0.9006582514215231,6.5,165.5
internal,iscx_url2016_binary,iscx_url2016_binary,r02,rf,f_mi,0.822771829810901,6798,188,0.877998597964867,0.9487218811002778,0.9563953488372093,0.05895158663665399,15.056774613813538,0.9432253861864638,7.5,164.49999999999997
internal,iscx_url2016_binary,iscx_url2016_binary,r02,rf,f_permutation,0.7519104107747865,6798,188,0.877570775366221,0.9434107268502193,0.9578488372093024,0.0710273835088638,14.86356186385818,1.1364381361418208,7.25,164.74999999999997
internal,iscx_url2016_binary,iscx_url2016_binary,r02,xgb,f_all,0.7463512016013547,6798,188,0.9575221814495193,0.951621652446574,0.9941860465116279,0.09094274161847989,14.544916134104323,1.4550838658956782,1.0,171.0
internal,iscx_url2016_binary,iscx_url2016_binary,r02,xgb,f_single,0.7700494736217223,6798,188,0.930465237407339,0.9515911759633682,0.9825581395348837,0.07937578760814738,14.729987398269643,1.2700126017303581,3.0,168.99999999999997
internal,iscx_url2016_binary,iscx_url2016_binary,r02,xgb,f_stable,0.7884294561380207,6798,188,0.9090752438873475,0.9484987006375875,0.9731912144702842,0.07619381319510939,14.780898988878251,1.2191010111217502,4.611111111111111,167.38888888888889
internal,iscx_url2016_binary,iscx_url2016_binary,r02,xgb,f_mi,0.7771631264682606,6798,188,0.9214063476640704,0.9491542785403844,0.9790051679586563,0.0806966108778876,14.7088542259538,1.2911457740462016,3.611111111111111,168.38888888888886
internal,iscx_url2016_binary,iscx_url2016_binary,r02,xgb,f_permutation,0.7463998863268484,6798,188,0.9134279931764329,0.9435404430084863,0.9767441860465116,0.08966330002953907,14.565387199527375,1.434612800472625,4.0,167.99999999999997
internal,iscx_url2016_binary,iscx_url2016_binary,r03,lr,f_all,0.9882972728228163,6879,190,0.7118168075193072,0.9461312072000135,0.8924938958815085,0.00023148148148148144,8.997916666666669,0.0020833333333333333,19.45860484544695,161.54139515455304
internal,iscx_url2016_binary,iscx_url2016_binary,r03,lr,f_single,0.83718388858503,6879,190,0.81531913232555,0.9267403235550785,0.958224290006785,0.10474364289662798,8.057307213930347,0.9426927860696517,7.561403508771931,173.43859649122808
internal,iscx_url2016_binary,iscx_url2016_binary,r03,lr,f_stable,0.8365145497853801,6879,190,0.8010345371552124,0.9238500595589144,0.952699428128332,0.10499930901050303,8.055006218905472,0.9449937810945273,8.561403508771932,172.43859649122808
internal,iscx_url2016_binary,iscx_url2016_binary,r03,lr,f_mi,0.9898319783906937,6879,190,0.6865302839421363,0.9366614634494486,0.8737375205970728,0.0004145936981757878,8.996268656716417,0.0037313432835820895,22.85350877192982,158.14649122807015
internal,iscx_url2016_binary,iscx_url2016_binary,r03,lr,f_permutation,0.8364089166279413,6879,190,0.7758117958890695,0.9194721930274639,0.9416012406707376,0.10265685461580981,8.076088308457713,0.9239116915422885,10.570175438596493,170.4298245614035
internal,iscx_url2016_binary,iscx_url2016_binary,r03,rf,f_all,0.9995716479380692,6879,190,0.9472222222222222,0.994475138121547,0.988950276243094,0.0,9.0,0.0,2.0,179.0
internal,iscx_url2016_binary,iscx_url2016_binary,r03,rf,f_single,0.998928338982753,6879,190,0.9035043169121382,0.988950276243094,0.9779005524861878,0.0,9.0,0.0,4.0,176.99999999999997
internal,iscx_url2016_binary,iscx_url2016_binary,r03,rf,f_stable,0.997854067345662,6879,190,0.8541360117714798,0.9813535911602209,0.962707182320442,0.0,9.0,0.0,6.75,174.24999999999997
internal,iscx_url2016_binary,iscx_url2016_binary,r03,rf,f_mi,0.9902598312836831,6879,190,0.829372916656931,0.9768612473759318,0.9537224947518637,0.0,9.0,0.0,8.376228449912661,172.62377155008733
internal,iscx_url2016_binary,iscx_url2016_binary,r03,rf,f_permutation,0.9995716479380692,6879,190,0.9472222222222222,0.994475138121547,0.988950276243094,0.0,9.0,0.0,2.0,179.0
internal,iscx_url2016_binary,iscx_url2016_binary,r03,xgb,f_all,0.9995716479380692,6879,190,0.9657999657999659,0.9965469613259669,0.9930939226519337,0.0,9.0,0.0,1.25,179.75
internal,iscx_url2016_binary,iscx_url2016_binary,r03,xgb,f_single,0.9995716479380692,6879,190,0.9472222222222222,0.994475138121547,0.988950276243094,0.0,9.0,0.0,2.0,179.0
internal,iscx_url2016_binary,iscx_url2016_binary,r03,xgb,f_stable,0.9995716479380692,6879,190,0.9472222222222222,0.994475138121547,0.988950276243094,0.0,9.0,0.0,2.0,179.0
internal,iscx_url2016_binary,iscx_url2016_binary,r03,xgb,f_mi,0.9956976337798855,6879,190,0.8447466209724954,0.979710325537601,0.9594206510752018,0.0,9.0,0.0,7.344862155388471,173.65513784461152
internal,iscx_url2016_binary,iscx_url2016_binary,r03,xgb,f_permutation,0.9993573158505307,6879,190,0.9243931555909272,0.9917127071823204,0.9834254143646409,0.0,9.0,0.0,3.0,178.0
internal,iscx_url2016_binary,iscx_url2016_binary,r04,lr,f_all,0.7472357751770031,6798,188,0.7870455762585743,0.9163443511374937,0.9041989664082687,0.07151026413328138,14.855835773867499,1.144164226132502,16.477777777777778,155.52222222222224
internal,iscx_url2016_binary,iscx_url2016_binary,r04,lr,f_single,0.7440134017571974,6798,188,0.7427231689048075,0.899258371111961,0.8699612403100775,0.07144449808615543,14.856888030621512,1.1431119693784866,22.366666666666667,149.63333333333333
internal,iscx_url2016_binary,iscx_url2016_binary,r04,lr,f_stable,0.7425138245227603,6798,188,0.7110166204483246,0.8851053059596009,0.8415374677002584,0.07132685578105652,14.858770307503095,1.1412296924969043,27.255555555555553,144.74444444444444
internal,iscx_url2016_binary,iscx_url2016_binary,r04,lr,f_mi,0.7412293164778803,6798,188,0.7582794174762086,0.9047575940928532,0.8830749354005167,0.07355974721481051,14.823044044563034,1.1769559554369682,20.11111111111111,151.88888888888889
internal,iscx_url2016_binary,iscx_url2016_binary,r04,lr,f_permutation,0.7446432504401552,6798,188,0.7523952114510928,0.9030785077654937,0.8780361757105942,0.07187916017960694,14.84993343712629,1.150066562873711,20.977777777777778,151.0222222222222
internal,iscx_url2016_binary,iscx_url2016_binary,r04,rf,f_all,0.8691775001998443,6798,188,0.902157599837277,0.9607497778128085,0.9660852713178294,0.044585715692212494,15.2866285489246,0.7133714510753999,5.833333333333334,166.16666666666666
internal,iscx_url2016_binary,iscx_url2016_binary,r04,rf,f_single,0.7954262791557413,6798,188,0.8777379579028057,0.9452227962177955,0.9573643410852712,0.06691874864968007,14.92930002160512,1.0706999783948814,7.333333333333333,164.66666666666663
internal,iscx_url2016_binary,iscx_url2016_binary,r04,rf,f_stable,0.7502840860428015,6798,188,0.8781805899045225,0.9399619584023057,0.9593023255813954,0.079378408776784,14.729945459571455,1.270054540428544,7.0,164.99999999999997
internal,iscx_url2016_binary,iscx_url2016_binary,r04,rf,f_mi,0.9111402545486147,6798,188,0.8536786955068586,0.9531441483553911,0.9399224806201549,0.03363418390937283,15.461853057450037,0.5381469425499654,10.333333333333332,161.66666666666663
internal,iscx_url2016_binary,iscx_url2016_binary,r04,rf,f_permutation,0.9870747255462076,6798,188,0.9163561400908979,0.9764516859029209,0.9689922480620154,0.01608887625617372,15.74257797990122,0.2574220200987795,5.333333333333334,166.66666666666666
internal,iscx_url2016_binary,iscx_url2016_binary,r04,xgb,f_all,0.7595047663892975,6798,188,0.9460581984472385,0.9558281650664925,0.9883720930232558,0.07671576289027085,14.772547793755667,1.2274522062443336,2.0,170.0
internal,iscx_url2016_binary,iscx_url2016_binary,r04,xgb,f_single,0.826733697225497,6798,188,0.9437549422879722,0.9634086372100785,0.9854651162790697,0.05864784185891275,15.061634530257397,0.938365469742604,2.5,169.49999999999997
internal,iscx_url2016_binary,iscx_url2016_binary,r04,xgb,f_stable,0.8946046956465219,6798,188,0.9199037692334517,0.9653518942058876,0.9738372093023255,0.04313342089055033,15.309865265751197,0.6901347342488053,4.5,167.5
internal,iscx_url2016_binary,iscx_url2016_binary,r04,xgb,f_mi,0.7499266477990274,6798,188,0.88278393109715,0.938952351167242,0.9622093023255814,0.08430459999109755,14.65112640014244,1.3488735998575607,6.5,165.5
internal,iscx_url2016_binary,iscx_url2016_binary,r04,xgb,f_permutation,0.7514533289459252,6798,188,0.9439307659517826,0.9521875978963293,0.9883720930232558,0.08399689723059715,14.656049644310446,1.3439503556895545,2.0,170.0
internal,iscx_url2016_binary,iscx_url2016_binary,r05,lr,f_all,0.9867571783273805,6879,190,0.6751415842068433,0.9320846644241889,0.8644008103298594,0.00023148148148148152,8.997916666666665,0.0020833333333333333,24.54345333029544,156.45654666970455
internal,iscx_url2016_binary,iscx_url2016_binary,r05,lr,f_single,0.9891802740305187,6879,190,0.7051933325254651,0.9437409635391425,0.8878291493005073,0.00034722222222222224,8.996875,0.003125,20.302923976608188,160.69707602339182
internal,iscx_url2016_binary,iscx_url2016_binary,r05,lr,f_stable,0.9891749045868317,6879,190,0.7015441517036656,0.9424660821405879,0.8851636457626572,0.00023148148148148152,8.997916666666665,0.0020833333333333333,20.785380116959065,160.2146198830409
internal,iscx_url2016_binary,iscx_url2016_binary,r05,lr,f_mi,0.9907065497338945,6879,190,0.7331585039771158,0.9530607720339854,0.9065361377661464,0.0004145936981757878,8.996268656716417,0.0037313432835820895,16.916959064327486,164.0830409356725
internal,iscx_url2016_binary,iscx_url2016_binary,r05,lr,f_permutation,0.982942852792577,6879,190,0.6817191448683853,0.9338210329768559,0.8701883622500081,0.002546296296296296,8.977083333333333,0.022916666666666665,23.495906432748537,157.50409356725146
internal,iscx_url2016_binary,iscx_url2016_binary,r05,rf,f_all,0.996777170504687,6879,190,0.8908447669887889,0.9871546961325967,0.9743093922651933,0.0,9.0,0.0,4.6499999999999995,176.35
internal,iscx_url2016_binary,iscx_url2016_binary,r05,rf,f_single,0.9963456734261433,6879,190,0.863909123591897,0.982991318074191,0.9659826361483821,0.0,9.0,0.0,6.1571428571428575,174.84285714285716
internal,iscx_url2016_binary,iscx_url2016_binary,r05,rf,f_stable,0.9959137530234323,6879,190,0.8508205926865999,0.9807813733228098,0.9615627466456196,0.0,9.0,0.0,6.957142857142856,174.04285714285714
internal,iscx_url2016_binary,iscx_url2016_binary,r05,rf,f_mi,0.9885054108309816,6879,190,0.8155440545300257,0.974116586460291,0.9482331729205821,0.0,9.0,0.0,9.36979570137465,171.63020429862536
internal,iscx_url2016_binary,iscx_url2016_binary,r05,rf,f_permutation,0.9965614748218881,6879,190,0.8726220836048841,0.9843922651933701,0.9687845303867403,0.0,9.0,0.0,5.65,175.35
internal,iscx_url2016_binary,iscx_url2016_binary,r05,xgb,f_all,0.9969927605924422,6879,190,0.8972518327790456,0.9880755064456722,0.9761510128913444,0.0,9.0,0.0,4.316666666666666,176.68333333333334
internal,iscx_url2016_binary,iscx_url2016_binary,r05,xgb,f_single,0.9969927605924422,6879,190,0.8972518327790456,0.9880755064456722,0.9761510128913444,0.0,9.0,0.0,4.316666666666666,176.68333333333334
internal,iscx_url2016_binary,iscx_url2016_binary,r05,xgb,f_stable,0.9969927605924422,6879,190,0.8972518327790456,0.9880755064456722,0.9761510128913444,0.0,9.0,0.0,4.316666666666666,176.68333333333334
internal,iscx_url2016_binary,iscx_url2016_binary,r05,xgb,f_mi,0.989383498597232,6879,190,0.8332805662733336,0.9776048714620974,0.9552097429241948,0.0,9.0,0.0,8.107036530720741,172.89296346927924
internal,iscx_url2016_binary,iscx_url2016_binary,r05,xgb,f_permutation,0.9935305814746098,6879,190,0.8750162565440526,0.9847678588737037,0.9695357177474072,0.0,9.0,0.0,5.514035087719298,175.48596491228068
internal,iscx_url2016_binary,iscx_url2016_binary,r06,lr,f_all,0.749617732703356,6798,188,0.8655305113043559,0.9293992250753835,0.9554263565891473,0.09662790643838029,14.453953496985916,1.5460465030140846,7.666666666666666,164.33333333333331
internal,iscx_url2016_binary,iscx_url2016_binary,r06,lr,f_single,0.7475478980684325,6798,188,0.7909629028788091,0.9176402331151436,0.9069767441860465,0.0716962779557591,14.852859552707855,1.1471404472921456,16.0,155.99999999999997
internal,iscx_url2016_binary,iscx_url2016_binary,r06,lr,f_stable,0.7467057528607206,6798,188,0.7595864194288368,0.9060744882061429,0.8837209302325582,0.0715719538202722,14.854848738875644,1.1451512611243553,19.999999999999996,151.99999999999997
internal,iscx_url2016_binary,iscx_url2016_binary,r06,lr,f_mi,0.7448658585661306,6798,188,0.8296409939935571,0.9293692183834221,0.932170542635659,0.07343210586881474,14.825086306098964,1.1749136939010358,11.666666666666666,160.33333333333334
internal,iscx_url2016_binary,iscx_url2016_binary,r06,lr,f_permutation,0.7480322465350859,6798,188,0.8154098857596578,0.9153457596274788,0.9273255813953488,0.09663406214039129,14.453855005753738,1.5461449942462604,12.5,159.49999999999997
internal,iscx_url2016_binary,iscx_url2016_binary,r06,rf,f_all,0.9637035283341996,6798,188,0.9621819509925633,0.9842084184395369,0.9883720930232558,0.019955256144182087,15.680715901693087,0.3192840983069134,1.9999999999999998,169.99999999999997
internal,iscx_url2016_binary,iscx_url2016_binary,r06,rf,f_single,0.9296909840548614,6798,188,0.9632465071957463,0.9861325468319349,0.9883720930232558,0.01610699935938609,15.742288010249823,0.25771198975017745,1.9999999999999998,169.99999999999997
internal,iscx_url2016_binary,iscx_url2016_binary,r06,rf,f_stable,0.936001483696112,6798,188,0.9619231762636187,0.9837416599326632,0.9883720930232558,0.020888773157929395,15.665779629473128,0.33422037052687026,1.9999999999999998,169.99999999999997
internal,iscx_url2016_binary,iscx_url2016_binary,r06,rf,f_mi,0.8954649275829263,6798,188,0.949876755155964,0.9742146827197622,0.9854651162790697,0.03703575083954534,15.407427986567274,0.5925720134327255,2.5,169.49999999999997
internal,iscx_url2016_binary,iscx_url2016_binary,r06,rf,f_permutation,0.9810843395694642,6798,188,0.9739506231641466,0.9800643043031096,0.9941860465116279,0.03405743790540868,15.455080993513462,0.5449190064865389,1.0,171.0
internal,iscx_url2016_binary,iscx_url2016_binary,r06,xgb,f_all,0.9193247247266613,6798,188,0.9546424746204968,0.9627643939830411,0.9903100775193799,0.0647812895532977,14.963499367147238,1.0365006328527633,1.6666666666666665,170.33333333333334
internal,iscx_url2016_binary,iscx_url2016_binary,r06,xgb,f_single,0.9900177593067963,6798,188,0.9633612799937559,0.9863403739077687,0.9883720930232558,0.01569134520771835,15.748938476676507,0.2510615233234936,1.9999999999999998,169.99999999999997
internal,iscx_url2016_binary,iscx_url2016_binary,r06,xgb,f_stable,0.9965766949621444,6798,188,0.965246409048788,0.9897645758719764,0.9883720930232558,0.008842941279302897,15.858512939531153,0.14148706046884632,1.9999999999999998,169.99999999999997
internal,iscx_url2016_binary,iscx_url2016_binary,r06,xgb,f_mi,0.7969227663496518,6798,188,0.9514626314248273,0.9572823000944961,0.9903100775193799,0.07574547733038783,14.788072362713795,1.2119276372862053,1.6666666666666665,170.33333333333334
internal,iscx_url2016_binary,iscx_url2016_binary,r06,xgb,f_permutation,0.760760268163166,6798,188,0.9527039971894634,0.9356325849288055,0.996124031007752,0.12485886115014097,14.002258221597744,1.9977417784022555,0.6666666666666666,171.33333333333331
internal,iscx_url2016_binary,iscx_url2016_binary,r07,lr,f_all,0.7460584221734987,6798,188,0.786745166706553,0.9162382234150869,0.9039867109634552,0.07151026413328138,14.855835773867497,1.144164226132502,16.51428571428571,155.48571428571427
internal,iscx_url2016_binary,iscx_url2016_binary,r07,lr,f_single,0.7446616742122334,6798,188,0.7889157821426263,0.8894953199947185,0.9176356589147288,0.1386450189252916,13.781679697195337,2.218320302804666,14.166666666666664,157.83333333333331
internal,iscx_url2016_binary,iscx_url2016_binary,r07,lr,f_stable,0.743307178500012,6798,188,0.7122898729569738,0.8609971109299019,0.8565891472868218,0.13459492542701773,13.846481193167715,2.1535188068322837,24.666666666666664,147.33333333333331
internal,iscx_url2016_binary,iscx_url2016_binary,r07,lr,f_mi,0.7431025711835584,6798,188,0.8441014876814399,0.9027245374538253,0.9517441860465116,0.14629511113886112,13.659278221778223,2.340721778221778,8.299999999999999,163.7
internal,iscx_url2016_binary,iscx_url2016_binary,r07,lr,f_permutation,0.715183309943269,6798,188,0.7392608647648,0.8728405053248123,0.8799393969255025,0.1342583862758781,13.851865819585951,2.1481341804140497,20.65042372881356,151.34957627118644
internal,iscx_url2016_binary,iscx_url2016_binary,r07,rf,f_all,0.9864675618619345,6798,188,0.9558756554153911,0.9850018084814451,0.9854651162790697,0.015461499316179513,15.752616010941129,0.2473839890588722,2.5,169.5
internal,iscx_url2016_binary,iscx_url2016_binary,r07,rf,f_single,0.791108654645762,6798,188,0.9227057239654008,0.9277428154354348,0.9854651162790697,0.12997948540820006,13.9203282334688,2.079671766531201,2.5,169.5
internal,iscx_url2016_binary,iscx_url2016_binary,r07,rf,f_stable,0.7676544225762636,6798,188,0.9330787374889061,0.9524174326613675,0.9835271317829457,0.07869226646021094,14.740923736636626,1.259076263363375,2.833333333333333,169.16666666666666
internal,iscx_url2016_binary,iscx_url2016_binary,r07,rf,f_mi,0.8419598336207382,6798,188,0.9306390789181618,0.9628769931231401,0.9796511627906976,0.05389717654441737,15.137645175289322,0.8623548247106779,3.5,168.49999999999997
internal,iscx_url2016_binary,iscx_url2016_binary,r07,rf,f_permutation,0.9461762526007483,6798,188,0.9296054719377973,0.9683593185479713,0.9777131782945736,0.04099454119863106,15.344087340821904,0.6559126591780969,3.833333333333333,168.16666666666666
internal,iscx_url2016_binary,iscx_url2016_binary,r07,xgb,f_all,0.7997005664153702,6798,188,0.9412112543474807,0.9589774447092763,0.9854651162790697,0.06751022686051714,14.919836370231726,1.0801636297682742,2.5,169.5
internal,iscx_url2016_binary,iscx_url2016_binary,r07,xgb,f_single,0.9603461514340743,6798,188,0.9256672667946626,0.9541630232375967,0.9796511627906976,0.07132511631550419,14.858798138951933,1.141201861048067,3.5,168.49999999999997
internal,iscx_url2016_binary,iscx_url2016_binary,r07,xgb,f_stable,0.9463899319359527,6798,188,0.9202278325663071,0.9447749097070199,0.9796511627906976,0.09010134337665769,14.558378505973478,1.441621494026523,3.5,168.49999999999997
internal,iscx_url2016_binary,iscx_url2016_binary,r07,xgb,f_mi,0.7253129290248869,6798,188,0.9149837510294505,0.9152108039249196,0.9854651162790697,0.15504350842923065,13.519303865132311,2.4806961348676904,2.5,169.5
internal,iscx_url2016_binary,iscx_url2016_binary,r07,xgb,f_permutation,0.8405551385836059,6798,188,0.9151198536653611,0.936094438942966,0.9796511627906976,0.10746228490476564,14.28060344152375,1.7193965584762503,3.5,168.49999999999997
internal,iscx_url2016_binary,iscx_url2016_binary,r08,lr,f_all,0.9865434408163554,6879,190,0.7366664267587582,0.9541690931298193,0.908685408481861,0.00034722222222222224,8.996875,0.003125,16.52794106478317,164.47205893521684
internal,iscx_url2016_binary,iscx_url2016_binary,r08,lr,f_single,0.9378319841736524,6879,190,0.7473503593773879,0.9443151045392795,0.9186070609304108,0.029976851851851852,8.730208333333334,0.26979166666666665,14.732121971595653,166.26787802840437
internal,iscx_url2016_binary,iscx_url2016_binary,r08,lr,f_stable,0.8376987374730487,6879,190,0.8397011652997572,0.9322843498936129,0.966603663855772,0.10203496406854613,8.081685323383084,0.9183146766169152,6.044736842105264,174.95526315789473
internal,iscx_url2016_binary,iscx_url2016_binary,r08,lr,f_mi,0.9909694544652563,6879,190,0.8271441417938066,0.975301403229081,0.9530903686472166,0.0024875621890547255,8.977611940298509,0.022388059701492533,8.490643274853799,172.50935672514618
internal,iscx_url2016_binary,iscx_url2016_binary,r08,lr,f_permutation,0.9788529701671188,6879,190,0.7118595537206667,0.9434652958512018,0.8933637039190979,0.006433112216694307,8.942101990049752,0.05789800995024876,19.301169590643276,161.6988304093567
internal,iscx_url2016_binary,iscx_url2016_binary,r08,rf,f_all,0.998928338982753,6879,190,0.9243931555909272,0.9917127071823204,0.9834254143646409,0.0,9.0,0.0,3.0,178.0
internal,iscx_url2016_binary,iscx_url2016_binary,r08,rf,f_single,0.998928338982753,6879,190,0.9068624142597836,0.9894106813996317,0.9788213627992634,0.0,9.0,0.0,3.8333333333333335,177.16666666666666
internal,iscx_url2016_binary,iscx_url2016_binary,r08,rf,f_stable,0.9972082452029016,6879,190,0.852541263211198,0.981079425082042,0.9621588501640842,0.0,9.0,0.0,6.849248120300752,174.15075187969924
internal,iscx_url2016_binary,iscx_url2016_binary,r08,rf,f_mi,0.9896027459995738,6879,190,0.8138494971858825,0.9737676478153361,0.9475352956306722,0.0,9.0,0.0,9.496111490848332,171.50388850915164
internal,iscx_url2016_binary,iscx_url2016_binary,r08,rf,f_permutation,0.998928338982753,6879,190,0.9393792066120725,0.9935543278084714,0.9871086556169428,0.0,9.0,0.0,2.333333333333333,178.66666666666666
internal,iscx_url2016_binary,iscx_url2016_binary,r08,xgb,f_all,0.9991428795707794,6879,190,0.9317732958285954,0.992633517495396,0.9852670349907919,0.0,9.0,0.0,2.6666666666666665,178.33333333333331
internal,iscx_url2016_binary,iscx_url2016_binary,r08,xgb,f_single,0.9997858759493059,6879,190,0.9722991689750693,0.9972375690607735,0.994475138121547,0.0,9.0,0.0,1.0,180.0
internal,iscx_url2016_binary,iscx_url2016_binary,r08,xgb,f_stable,0.9997858759493059,6879,190,0.9722991689750693,0.9972375690607735,0.994475138121547,0.0,9.0,0.0,1.0,180.0
internal,iscx_url2016_binary,iscx_url2016_binary,r08,xgb,f_mi,0.9956976337798855,6879,190,0.8294750280900313,0.9768808531457558,0.9537617062915115,0.0,9.0,0.0,8.369131161236425,172.63086883876358
internal,iscx_url2016_binary,iscx_url2016_binary,r08,xgb,f_permutation,0.9993573158505307,6879,190,0.9393792066120725,0.9935543278084714,0.9871086556169428,0.0,9.0,0.0,2.3333333333333335,178.66666666666663
internal,iscx_url2016_binary,iscx_url2016_binary,r09,lr,f_all,0.9771012327876742,6879,190,0.7846694700640717,0.9634585799177613,0.9354819746503374,0.008564814814814815,8.922916666666666,0.07708333333333332,11.677762588288905,169.3222374117111
internal,iscx_url2016_binary,iscx_url2016_binary,r09,lr,f_single,0.8683681730145535,6879,190,0.8035967766730057,0.9362062412164566,0.9510678168718296,0.07865533443891654,8.292101990049751,0.7078980099502488,8.85672514619883,172.14327485380116
internal,iscx_url2016_binary,iscx_url2016_binary,r09,lr,f_stable,0.8422082614751418,6879,190,0.786726734390877,0.924304380883457,0.9458983554650899,0.09728959369817577,8.124393656716418,0.875606343283582,9.792397660818713,171.20760233918128
internal,iscx_url2016_binary,iscx_url2016_binary,r09,lr,f_mi,0.9935590611341446,6879,190,0.8282447588466899,0.9757965105653279,0.9534586927724468,0.0018656716417910447,8.98320895522388,0.016791044776119403,8.423976608187134,172.57602339181284
internal,iscx_url2016_binary,iscx_url2016_binary,r09,lr,f_permutation,0.8312906157557003,6879,190,0.8631568557570721,0.9319008416810651,0.9747504119414558,0.11094872857932558,8.00146144278607,0.9985385572139303,4.570175438596491,176.42982456140348
internal,iscx_url2016_binary,iscx_url2016_binary,r09,rf,f_all,0.998928338982753,6879,190,0.9355473387835409,0.9930939226519337,0.9861878453038674,0.0,9.0,0.0,2.5000000000000004,178.5
internal,iscx_url2016_binary,iscx_url2016_binary,r09,rf,f_single,0.9943986842510746,6879,190,0.8987114516718642,0.9882817918729521,0.9765635837459042,0.0,9.0,0.0,4.2419913419913415,176.75800865800863
internal,iscx_url2016_binary,iscx_url2016_binary,r09,rf,f_stable,0.9974236244536578,6879,190,0.8984145659681979,0.9882399368587214,0.9764798737174427,0.0,9.0,0.0,4.257142857142857,176.74285714285713
internal,iscx_url2016_binary,iscx_url2016_binary,r09,rf,f_mi,0.9880657063231648,6879,190,0.8237492258792523,0.9757667754687238,0.9515335509374475,0.0,9.0,0.0,8.772427280322018,172.227572719678
internal,iscx_url2016_binary,iscx_url2016_binary,r09,rf,f_permutation,0.9976388984621496,6879,190,0.9012916179781241,0.9886433394720687,0.9772866789441375,0.0,9.0,0.0,4.111111111111112,176.88888888888889
internal,iscx_url2016_binary,iscx_url2016_binary,r09,xgb,f_all,0.998928338982753,6879,190,0.9355473387835409,0.9930939226519337,0.9861878453038674,0.0,9.0,0.0,2.5000000000000004,178.5
internal,iscx_url2016_binary,iscx_url2016_binary,r09,xgb,f_single,0.998928338982753,6879,190,0.934914354195616,0.9930171884591774,0.9860343769183548,0.0,9.0,0.0,2.527777777777778,178.4722222222222
internal,iscx_url2016_binary,iscx_url2016_binary,r09,xgb,f_stable,0.9987136939702371,6879,190,0.9280556844547565,0.9921731123388582,0.9843462246777164,0.0,9.0,0.0,2.8333333333333335,178.16666666666666
internal,iscx_url2016_binary,iscx_url2016_binary,r09,xgb,f_mi,0.996777170504687,6879,190,0.8776115623086655,0.9851705691484697,0.9703411382969394,0.0,9.0,0.0,5.368253968253969,175.63174603174605
internal,iscx_url2016_binary,iscx_url2016_binary,r09,xgb,f_permutation,0.9902598312836831,6879,190,0.8522642646404623,0.9810316012700426,0.9620632025400854,0.0,9.0,0.0,6.866560340244551,174.13343965975545
internal,phiusiil,phiusiil,r00,lr,f_all,0.9854696115222255,35674,18912,0.8995197548130449,0.9006584101185542,0.8032996733173082,0.0019828530801997207,18691.437147343422,37.13600897074335,36.08012007537914,147.34672361045773
internal,phiusiil,phiusiil,r00,lr,f_single,0.9755843318037315,35674,18912,0.7912663067956839,0.8521835312378154,0.7113254103613896,0.006958347885758692,18598.253228888647,130.31992742551566,52.95066882971448,130.47617485612238
internal,phiusiil,phiusiil,r00,lr,f_stable,0.9755559096810322,35674,18912,0.791214750545733,0.8521758845877454,0.7113139309434302,0.006962161767939273,18598.18180031722,130.3913559969442,52.95277446311814,130.47406922271873
internal,phiusiil,phiusiil,r00,lr,f_mi,0.9761848327287599,35674,18912,0.8676066260497352,0.8465395764370442,0.694933071009052,0.0018539181349634382,18693.851914897685,34.72124141648027,55.95746389774091,127.46937978809598
internal,phiusiil,phiusiil,r00,lr,f_permutation,0.9756708022347345,35674,18912,0.796780979964301,0.8562098343682905,0.7191262972956971,0.006706628559115985,18602.967572712532,125.60558360162958,51.51977676140439,131.90706692443248
internal,phiusiil,phiusiil,r00,rf,f_all,0.9914000311425488,35674,18912,0.9278375435806601,0.971996094140807,0.946556983079551,0.0025647947979371122,18680.538209310063,48.03494700409921,9.802883910766726,173.62395977507015
internal,phiusiil,phiusiil,r00,rf,f_single,0.9897798281290033,35674,18912,0.9218545520780572,0.9790124078912588,0.961085524020346,0.003060708237828363,18671.25045817186,57.3226981423019,7.137959502636262,176.28888418320062
internal,phiusiil,phiusiil,r00,rf,f_stable,0.989920673956537,35674,18912,0.9277364378098112,0.9791587210866222,0.96107631850234,0.0027588763290958157,18676.90333915547,51.66981715869446,7.139648041748586,176.2871956440883
internal,phiusiil,phiusiil,r00,rf,f_mi,0.9665868938684443,35674,18912,0.878310301937555,0.8711909431093288,0.7445118361596963,0.002129949941038864,18688.68223302413,39.890923290033406,46.86338749231687,136.56345619351998
internal,phiusiil,phiusiil,r00,rf,f_permutation,0.9902329721340439,35674,18912,0.9335104085838841,0.9784022883241367,0.9592518137880345,0.0024472371397610336,18682.739896511303,45.83325980286356,7.474311182783563,175.9525325030533
internal,phiusiil,phiusiil,r00,xgb,f_all,0.9940089256303164,35674,18912,0.9787734993738135,0.9790884403118967,0.9585954079487599,0.0004185273249665264,18720.73473669061,7.838419623552062,7.594713634058668,175.83213005177822
internal,phiusiil,phiusiil,r00,xgb,f_single,0.9943825333517584,35674,18912,0.9707019654705362,0.9798860896553826,0.960544570139874,0.0007723908291088924,18714.107378165932,14.465778148232042,7.237184965510824,176.18965872032607
internal,phiusiil,phiusiil,r00,xgb,f_stable,0.9934076729841703,35674,18912,0.9786535727151673,0.9776936616816871,0.955780734003151,0.0003934106397767993,18721.20513636663,7.368019947532144,8.111000391906458,175.31584329393044
internal,phiusiil,phiusiil,r00,xgb,f_mi,0.976897956205258,35674,18912,0.8970849541277475,0.8678048057804505,0.7367291419196226,0.00111953035872151,18707.605950090132,20.967206224030438,48.290942532145536,135.13590115369135
internal,phiusiil,phiusiil,r00,xgb,f_permutation,0.9938678918177346,35674,18912,0.9710245990946059,0.9784978426792439,0.9577235900139256,0.0007279046554377231,18714.940540723976,13.632615590187052,7.754628446114026,175.67221523972285
internal,phiusiil,phiusiil,r01,lr,f_all,0.9857824612761403,35674,18911,0.8762408153529849,0.9123992139653192,0.8283965344679265,0.003598106537287982,18659.348030871683,67.38076530353716,31.6215771740992,152.6496266506801
internal,phiusiil,phiusiil,r01,lr,f_single,0.978014593376778,35674,18911,0.8090447873544124,0.8363821191073758,0.6776929254849098,0.0049286872701581165,18634.430606345806,92.29818982941224,59.39191262213852,124.8792912026408
internal,phiusiil,phiusiil,r01,lr,f_stable,0.9779868747693309,35674,18911,0.8081305555639843,0.838564758488067,0.6822184030740026,0.005088886097868631,18631.430606345806,95.29818982941224,58.557997418914354,125.71320640586498
internal,phiusiil,phiusiil,r01,lr,f_mi,0.9757300417994688,35674,18911,0.867333653430189,0.8277289562026258,0.6566923045525968,0.001234392147345395,18703.612669203754,23.116126971465572,63.261722322403706,121.00948150237562
internal,phiusiil,phiusiil,r01,lr,f_permutation,0.9787397614257245,35674,18911,0.825564951237487,0.865413261685829,0.7358568176761691,0.005030294304511168,18632.527838969694,94.2009572055255,48.67398218892048,135.59722163585883
internal,phiusiil,phiusiil,r01,rf,f_all,0.9894496630780281,35674,18911,0.9360730919814778,0.9551525150862805,0.912040113586472,0.0017350834139111438,18694.236359644165,32.49243653105582,16.208474157711663,168.06272966706766
internal,phiusiil,phiusiil,r01,rf,f_single,0.989903638922968,35674,18911,0.954800893918579,0.9691081507859989,0.9394374700859137,0.0012211685139159533,18703.860304600687,22.86849157453238,11.159930293942892,173.1112735308364
internal,phiusiil,phiusiil,r01,rf,f_stable,0.98987519375701,35674,18911,0.9537068973446008,0.9690822508694088,0.9394339985396337,0.001269496800816282,18702.95527387872,23.773522296498584,11.160569999955047,173.11063382482428
internal,phiusiil,phiusiil,r01,rf,f_mi,0.9696364106505653,35674,18911,0.8243238569071905,0.8768563493735468,0.7592977396320804,0.00558504088498663,18622.139250206525,104.58954596869506,44.35449528134202,139.91670854343732
internal,phiusiil,phiusiil,r01,rf,f_permutation,0.991958095662426,35674,18911,0.9545524914694906,0.9640587347365375,0.9292295096323276,0.0011120401592528827,18705.903921702433,20.82487447278423,13.040963455320943,171.2302403694584
internal,phiusiil,phiusiil,r01,xgb,f_all,0.9927273604650475,35674,18911,0.9703246689696527,0.9806610592853564,0.9621315471933143,0.0008094286226015733,18711.570845879898,15.157950295321326,6.978065385669819,177.2931384391095
internal,phiusiil,phiusiil,r01,xgb,f_single,0.9936412362308107,35674,18911,0.9650534938994813,0.9810657144582301,0.9631780743898297,0.0010466454733695882,18707.128550249683,19.60024592553671,6.785220559332541,177.4859832654468
internal,phiusiil,phiusiil,r01,xgb,f_stable,0.9928390777945639,35674,18911,0.9718009866476518,0.9788937212508048,0.9584946490657019,0.0007072065640924242,18713.485130646586,13.243665528633736,7.648240981833025,176.6229628429463
internal,phiusiil,phiusiil,r01,xgb,f_mi,0.9816530233798113,35674,18911,0.8928322421422904,0.8598315396739293,0.7207409158856449,0.0010778365377862864,18706.54444364549,20.18435252973225,51.45940760875751,132.8117962160218
internal,phiusiil,phiusiil,r01,xgb,f_permutation,0.9932674776798069,35674,18911,0.971143412349841,0.9797758264117709,0.9603064000851042,0.0007547472615623659,18712.594848898287,14.13394727693435,7.314387440457017,176.9568163843223
internal,phiusiil,phiusiil,r02,lr,f_all,0.985273852407013,35674,18911,0.8736215667031595,0.9389196534143882,0.8824552519369221,0.004615945108145667,18640.76696381229,86.44377680737634,21.603462190561135,162.18579718977375
internal,phiusiil,phiusiil,r02,lr,f_single,0.9768595358197218,35674,18911,0.8274899194044227,0.8516043778019999,0.7075380375810534,0.004329281977053617,18646.135364679816,81.07537593984964,53.75136746989752,130.03789191043737
internal,phiusiil,phiusiil,r02,lr,f_stable,0.9767561634784532,35674,18911,0.8072202959450099,0.8542203361603959,0.714274435214573,0.005833762893781071,18617.96063349702,109.25010712264533,52.51328993794152,131.27596944239335
internal,phiusiil,phiusiil,r02,lr,f_mi,0.9753982458095505,35674,18911,0.8651619510814792,0.8478634831844889,0.6977540143797872,0.0020270480108092836,18689.249785339885,37.96095527977935,55.54956584781826,128.23969353251664
internal,phiusiil,phiusiil,r02,lr,f_permutation,0.9765827417015469,35674,18911,0.7562705441837889,0.9184463263288072,0.8508263049013122,0.013933652243697803,18466.27229866543,260.9384419542368,27.41652294121574,156.37273643911914
internal,phiusiil,phiusiil,r02,rf,f_all,0.9893438917709771,35674,18911,0.9269226512096844,0.9686754328124152,0.939879204575877,0.002528338951046811,18679.862004259696,47.3487363599709,11.049556464356176,172.73970291597868
internal,phiusiil,phiusiil,r02,rf,f_single,0.9886505848526881,35674,18911,0.9445705016614232,0.9770370018721721,0.9559537642674208,0.0018797605230765168,18692.008069162115,35.20267145755139,8.095225043782364,175.69403433655253
internal,phiusiil,phiusiil,r02,rf,f_stable,0.9894876455574649,35674,18911,0.9347669927717996,0.9823873950566033,0.9672668614108806,0.0024920712976739443,18680.541196247475,46.66954437218948,6.0159992984881026,177.7732600818468
internal,phiusiil,phiusiil,r02,rf,f_mi,0.9735071913325979,35674,18911,0.8774804328663892,0.8721437164922069,0.74649507669312,0.0022076437087062807,18685.86773164652,41.343008973145686,46.59148210384008,137.19777727649478
internal,phiusiil,phiusiil,r02,rf,f_permutation,0.9895684881225483,35674,18911,0.938650759051848,0.9779278449190495,0.9580421700102438,0.0021864801721448814,18686.264065655723,40.946674963943565,7.711398499023297,176.07786088131158
internal,phiusiil,phiusiil,r02,xgb,f_all,0.9924373737697193,35674,18911,0.981417464692369,0.9849764472852599,0.9703900297823375,0.00043713521181761044,18719.02441738581,8.186323233853805,5.441994496577973,178.3472648837569
internal,phiusiil,phiusiil,r02,xgb,f_single,0.9911354806119524,35674,18911,0.9536026553916527,0.9871204213771498,0.9759415790937611,0.001700736339461476,18695.36069277634,31.850047843325125,4.421679360218014,179.36758002011686
internal,phiusiil,phiusiil,r02,xgb,f_stable,0.9916763706615732,35674,18911,0.9584737237842681,0.987244865232658,0.9759694460047096,0.0014797155393935083,18699.499795877273,27.71094474239193,4.416557721293557,179.37270165904133
internal,phiusiil,phiusiil,r02,xgb,f_mi,0.9814273298491641,35674,18911,0.8931184267285932,0.8738101656509616,0.7491088536117877,0.0014885223098643349,18699.334869630722,27.87587098894337,46.11109797977273,137.67816140056215
internal,phiusiil,phiusiil,r02,xgb,f_permutation,0.9927017116119992,35674,18911,0.9709045091234789,0.987576075122029,0.9760885865644253,0.0009364363203673515,18709.673900302976,17.536840316689823,4.394660966061238,179.39459841427364
internal,phiusiil,phiusiil,r03,lr,f_all,0.9854332990760368,35674,18912,0.9021104363868797,0.8862810968963647,0.7739979160582199,0.0014357222654905579,18701.549399906413,26.88883577282939,41.48534126852111,142.0764230522364
internal,phiusiil,phiusiil,r03,lr,f_single,0.9762732417613321,35674,18912,0.8010596749345136,0.8609561526981968,0.7285066675711459,0.0065943621747525235,18604.93613098569,123.50210469355207,49.835795101962404,133.72596921879511
internal,phiusiil,phiusiil,r03,lr,f_stable,0.9760260359768742,35674,18912,0.7887089206922596,0.8727324166571535,0.7536287706219114,0.008163937307604438,18575.540440053814,152.8977956254272,45.22433754251601,138.3374267782415
internal,phiusiil,phiusiil,r03,lr,f_mi,0.9761441530072708,35674,18912,0.870090353592788,0.8391632420324173,0.6798099344117149,0.0014834503468802267,18700.655527482002,27.782708197243277,58.774653357364684,124.78711096339282
internal,phiusiil,phiusiil,r03,lr,f_permutation,0.9793112732153555,35674,18912,0.8203909095277657,0.8954421892881745,0.7975003636928868,0.006615985116537585,18604.531167055993,123.90706862324728,37.171190514845435,146.39057380591208
internal,phiusiil,phiusiil,r03,rf,f_all,0.9917693479190254,35674,18912,0.9322413597788026,0.975980386273535,0.9544105192225695,0.0024497466754994693,18682.558306374092,45.87992930515237,8.368485525972396,175.19327879478513
internal,phiusiil,phiusiil,r03,rf,f_single,0.9916256896067779,35674,18912,0.945872066554283,0.9814760435014578,0.9648769812161719,0.0019248942132563457,18692.387973296052,36.05026238318786,6.447243296230598,177.11452102452694
internal,phiusiil,phiusiil,r03,rf,f_stable,0.9920520929596103,35674,18912,0.9495544127395213,0.9806588891963992,0.9630495429786958,0.0017317645858972777,18696.00498959353,32.43324608571381,6.7826910832889125,176.7790732374686
internal,phiusiil,phiusiil,r03,rf,f_mi,0.9666060353628096,35674,18912,0.8887646659490589,0.891432767623934,0.7851076065734701,0.0022420713256021928,18686.447741337717,41.990494341528155,39.44602687648418,144.11573744427335
internal,phiusiil,phiusiil,r03,rf,f_permutation,0.9917900306199592,35674,18912,0.9499699410338533,0.9760268905082521,0.9536543312038154,0.0016005501873110784,18698.462430353084,29.975805326160376,8.507292732853134,175.05447158790437
internal,phiusiil,phiusiil,r03,xgb,f_all,0.9948125175295218,35674,18912,0.9673217429008028,0.98622807582965,0.9735166013270542,0.0010604496677544043,18708.577669574657,19.860566104584933,4.861339385615932,178.7004249351416
internal,phiusiil,phiusiil,r03,xgb,f_single,0.9944124127771988,35674,18912,0.9643031617315758,0.9876692729714417,0.9765644653910072,0.0012259194481238527,18705.478679013137,22.959556666105556,4.301868080626887,179.25989624013062
internal,phiusiil,phiusiil,r03,xgb,f_stable,0.9944409618473815,35674,18912,0.9661561406623755,0.9861925261745059,0.9734956961663696,0.001110643817357652,18707.63761154402,20.800624135221806,4.8651767737946034,178.69658754696292
internal,phiusiil,phiusiil,r03,xgb,f_mi,0.9779390366656355,35674,18912,0.9016114889818299,0.8905945414301556,0.7827750638115862,0.001585980951275078,18698.735289390323,29.702946288919108,39.8741925412092,143.6875717795483
internal,phiusiil,phiusiil,r03,xgb,f_permutation,0.9947815891111187,35674,18912,0.9724352177562993,0.9831622626600236,0.9670965103825393,0.0007719850624922567,18713.98016111749,14.458074561753211,6.039822606490813,177.52194171426672
internal,phiusiil,phiusiil,r04,lr,f_all,0.9877232009465484,35675,18912,0.9087708033228785,0.9573306166882036,0.9178308969828797,0.00316966360647235,18668.3225335189,59.360455202902834,15.145163487525757,169.17184779066972
internal,phiusiil,phiusiil,r04,lr,f_single,0.9755864506088716,35675,18912,0.7931232362009517,0.861379571038694,0.7300376196658142,0.007278477588426298,18591.373967805237,136.30902091656407,49.758659100744644,134.55835217745084
internal,phiusiil,phiusiil,r04,lr,f_stable,0.9784720068650767,35675,18912,0.835334787922698,0.8551950565902753,0.71437821740995,0.003988104229399482,18652.995036987628,74.68795173417415,52.644953322948524,131.67205795524694
internal,phiusiil,phiusiil,r04,lr,f_mi,0.9764096889964248,35675,18912,0.8609789571475059,0.8395572620030295,0.6810733948879456,0.0019588708818865284,18690.997875829995,36.685112891808814,58.78359867135512,125.53341260684036
internal,phiusiil,phiusiil,r04,lr,f_permutation,0.9743647529415761,35675,18912,0.8065835202162198,0.9119442517301779,0.8323554749260186,0.008466971465662847,18569.116231238317,158.56675748348704,30.899737818788758,153.41727345940672
internal,phiusiil,phiusiil,r04,rf,f_all,0.9886635951520464,35675,18912,0.9275342563805936,0.9759484700189267,0.9545945574459085,0.0026976174080551502,18677.16286507889,50.52012364291424,8.368995467333953,175.9480158108615
internal,phiusiil,phiusiil,r04,rf,f_single,0.9871622594066471,35675,18912,0.9507571458810262,0.9732724463884354,0.9480491199719504,0.0015042271950795921,18699.51229866934,28.170690052464792,9.575430940042207,174.74158033815326
internal,phiusiil,phiusiil,r04,rf,f_stable,0.9881928220006735,35675,18912,0.9525180997963048,0.976101019838545,0.9536937476459487,0.001491707968858792,18699.746754769265,27.93623395253755,8.53503003739263,175.78198124080285
internal,phiusiil,phiusiil,r04,rf,f_mi,0.9710196871165446,35675,18912,0.8507354952684352,0.8754866565428387,0.7547891317455127,0.003815818659835238,18656.22154651796,71.46144220384362,45.19653436959844,139.12047690859703
internal,phiusiil,phiusiil,r04,rf,f_permutation,0.9913406641612539,35675,18912,0.945408175707245,0.9778219734218895,0.957508714964757,0.0018647681209780392,18692.760202504654,34.92278621715115,7.831866663065899,176.48514461512957
internal,phiusiil,phiusiil,r04,xgb,f_all,0.9924661308015617,35675,18912,0.9815907446441369,0.9808156601504966,0.9619735799132219,0.00034225961222863306,18721.273259204143,6.4097295176606925,7.008916100004088,177.30809517819137
internal,phiusiil,phiusiil,r04,xgb,f_single,0.9932956949897511,35675,18912,0.9742366137650417,0.981387509603323,0.9634346502545452,0.0006596310478991705,18715.329627567233,12.353361154574035,6.739615981424148,177.57739529677133
internal,phiusiil,phiusiil,r04,xgb,f_stable,0.9929889103728243,35675,18912,0.9650415475367224,0.9860113810825073,0.9731830795634803,0.0011603173984655695,18705.952932317043,21.730056404761584,4.942814626544476,179.37419665165098
internal,phiusiil,phiusiil,r04,xgb,f_mi,0.9816066481075443,35675,18912,0.884268399453732,0.8595222811933256,0.7205147896394768,0.0014702272528256594,18700.149038809508,27.533949912298294,51.513878670109385,132.8031326080861
internal,phiusiil,phiusiil,r04,xgb,f_permutation,0.9936710588687827,35675,18912,0.9627653187222153,0.9855174241448409,0.9722849689827494,0.001250120693067592,18704.271124684394,23.411864037411057,5.1083516845821135,179.20865959361336
internal,phiusiil,phiusiil,r05,lr,f_all,0.9865473398738873,35674,18911,0.8919336757738323,0.9133017516740181,0.829354223875505,0.0027507205274687877,18675.996540326807,51.51414807898895,31.311675987542053,152.17763560666083
internal,phiusiil,phiusiil,r05,lr,f_single,0.9807620768721481,35674,18911,0.8001464108378777,0.8574647774142301,0.7214332986565627,0.006503743828102555,18605.711756350353,121.79893205544383,51.1140122625752,132.37529933162767
internal,phiusiil,phiusiil,r05,lr,f_stable,0.9798182503615496,35674,18911,0.8464312898082137,0.8477402321486915,0.6985091964646649,0.003028732167281766,18670.790074370707,56.72061403508771,55.3203399926817,128.16897160152118
internal,phiusiil,phiusiil,r05,lr,f_mi,0.9768401569813583,35674,18911,0.867740380077985,0.842323946607607,0.6863528597030115,0.0017049664877975435,18695.580910282195,31.929778123602187,57.55089785658478,125.9384137376181
internal,phiusiil,phiusiil,r05,lr,f_permutation,0.9806181182617195,35674,18911,0.8682599976244672,0.859455094387275,0.7211689340891336,0.002258745314583698,18685.210011384544,42.30067702125272,51.16252033506268,132.32679125914018
internal,phiusiil,phiusiil,r05,rf,f_all,0.989714514756483,35674,18911,0.9361120475527098,0.9684315822194356,0.9389279536260834,0.002064789187212244,18688.842326832975,38.668361572822015,11.206067746799182,172.2832438474037
internal,phiusiil,phiusiil,r05,rf,f_single,0.9905703547328046,35674,18911,0.9426277666047868,0.9803663181722262,0.9627843488474079,0.0020517125029553707,18689.087220577167,38.423467828632525,6.828674210519137,176.66063738368376
internal,phiusiil,phiusiil,r05,rf,f_stable,0.9906597694548023,35674,18911,0.9381715769845556,0.9825602875018309,0.967444039941993,0.0023234649383311722,18683.997973939062,43.512714466733144,5.97367069933207,177.5156408948708
internal,phiusiil,phiusiil,r05,rf,f_mi,0.9772895975666371,35674,18911,0.8931088720024232,0.8716179470143283,0.7446556781970086,0.0014197841683521604,18700.921665217753,26.58902318804442,46.852953827119514,136.63635776708338
internal,phiusiil,phiusiil,r05,rf,f_permutation,0.9904511217295413,35674,18911,0.950011110079656,0.970397475177071,0.9422571672325862,0.0014622168784443955,18700.12700618596,27.383682219834775,10.595192633991942,172.89411896021096
internal,phiusiil,phiusiil,r05,xgb,f_all,0.9934138025091275,35674,18911,0.9726173778196849,0.9861662543783831,0.9731627695319335,0.000830260775167439,18711.961970864682,15.548717541112293,4.9243449436805085,178.56496665052236
internal,phiusiil,phiusiil,r05,xgb,f_single,0.993129700240587,35674,18911,0.9693286326430999,0.9851798677165798,0.9713092078910184,0.0009494724578587225,18709.729432802902,17.78125560289615,5.264453693169436,178.22485790103343
internal,phiusiil,phiusiil,r05,xgb,f_stable,0.9930184311929151,35674,18911,0.960521006967326,0.985024457767997,0.971382226886723,0.0013333113507290374,18702.541085834047,24.96960257175082,5.251055487914285,178.2382561062886
internal,phiusiil,phiusiil,r05,xgb,f_mi,0.9826945574016706,35674,18911,0.8938727052964355,0.8685912331174268,0.7384744020126762,0.0012919357778226135,18703.31594731789,24.194741087906852,47.9871519389563,135.5021596552466
internal,phiusiil,phiusiil,r05,xgb,f_permutation,0.9940404411311184,35674,18911,0.9710336766379607,0.9852131043851213,0.9713030876864063,0.0008768789161636562,18711.088929130907,16.421759274892565,5.265576685300509,178.22373490890237
internal,phiusiil,phiusiil,r06,lr,f_all,0.9847771984446927,35674,18912,0.8853700022830997,0.8731415300626634,0.7481280487279782,0.0018449886026514562,18693.432365966553,34.5529194021294,46.348145236953954,137.66656939436257
internal,phiusiil,phiusiil,r06,lr,f_single,0.9742351489779371,35674,18912,0.7508194032076145,0.8578397557462273,0.726796327650636,0.011116816158181365,18519.789715938114,208.19556943056944,50.273495803595914,133.74121882772062
internal,phiusiil,phiusiil,r06,lr,f_stable,0.9753402319572576,35674,18912,0.7693983228568985,0.8521997047691883,0.713300319879861,0.00890091034148442,18561.289167466977,166.69611790170615,52.75695982219712,131.2577548091194
internal,phiusiil,phiusiil,r06,lr,f_mi,0.9756050947396033,35674,18912,0.8519385418779641,0.8254528119683803,0.6528228249700304,0.0019172010332699086,18692.07997262851,35.905312740172484,63.885708789646486,120.12900584167004
internal,phiusiil,phiusiil,r06,lr,f_permutation,0.9781967355436968,35674,18912,0.8655478359042605,0.8752274856811921,0.7534034201517531,0.0029484487893689988,18672.766779826718,55.21850554196571,45.377399269833795,138.6373153614827
internal,phiusiil,phiusiil,r06,rf,f_all,0.9910560086276471,35674,18912,0.9206447691704551,0.9609194448870342,0.9244807590688754,0.0026418692948071893,18678.508396089666,49.476889279016376,13.896651569114526,170.118063062202
internal,phiusiil,phiusiil,r06,rf,f_single,0.9914274682088163,35674,18912,0.9340057953877474,0.9778945955011025,0.9582064871213066,0.0024172961191018067,18682.714199219765,45.27108614891746,7.690621345813027,176.3240932855035
internal,phiusiil,phiusiil,r06,rf,f_stable,0.9915418721604952,35674,18912,0.9370435978467462,0.9811130660529017,0.9645751243981804,0.0023489922923768097,18683.993392281605,43.991893087077344,6.518698374718737,177.49601625659778
internal,phiusiil,phiusiil,r06,rf,f_mi,0.9661222469611761,35674,18912,0.8711121173633689,0.8734495853600814,0.7494856385434812,0.002586467823318151,18679.545954032503,48.43933133618191,46.098328734467806,137.91638589684874
internal,phiusiil,phiusiil,r06,rf,f_permutation,0.9899411343436206,35674,18912,0.9327404638591854,0.968165554885837,0.9385592611302302,0.0022281513585563294,18686.256499512067,41.72878585661718,11.306000029857916,172.7087146014586
internal,phiusiil,phiusiil,r06,xgb,f_all,0.9941574269643159,35674,18912,0.962592157101991,0.9811677546478412,0.963491144420982,0.0011556351252996445,18706.34256774682,21.64271762186694,6.718166640888946,177.2965479904276
internal,phiusiil,phiusiil,r06,xgb,f_single,0.9941855444093541,35674,18912,0.9508203567692994,0.980012136214194,0.9616857439538734,0.0016614715254853031,18696.869271087337,31.116014281347816,7.0503868926391835,176.96432773867735
internal,phiusiil,phiusiil,r06,xgb,f_stable,0.9942695763834213,35674,18912,0.960152730588343,0.9802015988401694,0.9616447349895689,0.0012415373092301248,18704.733792910185,23.251492458498006,7.057933145502995,176.95678148581356
internal,phiusiil,phiusiil,r06,xgb,f_mi,0.9773331469526763,35674,18912,0.8940528859198069,0.8715509957228209,0.7444791778745539,0.0013771864289119412,18702.19335819281,25.791927175872278,47.01959116577338,136.99512346554314
internal,phiusiil,phiusiil,r06,xgb,f_permutation,0.99455499339923,35674,18912,0.9606692120508256,0.9824922051766058,0.9662560950803832,0.0012716847271716319,18704.169192510584,23.816092858098408,6.20937503432956,177.80533959698698
internal,phiusiil,phiusiil,r07,lr,f_all,0.9863511144649907,35674,18911,0.8824716636754575,0.920211020949089,0.8439104997683667,0.003488457870188673,18661.817223817136,65.32886014276289,28.697665870327924,155.1562501697723
internal,phiusiil,phiusiil,r07,lr,f_single,0.9787381285119683,35674,18911,0.8141013278630731,0.8499776678889113,0.7051137807059003,0.005158444928077756,18630.543132225725,96.60295173417414,54.21598620348,129.63792983662023
internal,phiusiil,phiusiil,r07,lr,f_stable,0.9785362331440299,35674,18911,0.8147298080345161,0.8497496793772394,0.7046044052631969,0.005105046508718144,18631.543132225725,95.60295173417414,54.30963687335566,129.54427916674456
internal,phiusiil,phiusiil,r07,lr,f_mi,0.9765845115786778,35674,18911,0.864682508307983,0.8406029787974626,0.6830083742558615,0.001802416660936298,18693.391963846385,33.754120113517274,58.28015174497773,125.57376429512252
internal,phiusiil,phiusiil,r07,lr,f_permutation,0.9800034791703496,35674,18911,0.8494506171321403,0.8654146866136454,0.7343431695699372,0.003513796342646265,18661.34270654188,65.80337741802063,48.84204859736792,135.01186744273232
internal,phiusiil,phiusiil,r07,rf,f_all,0.9883719396334367,35674,18911,0.9341398813041165,0.9712395397765482,0.9447161664829273,0.0022370869298309376,18685.251830222438,41.89425373746131,10.164149285822774,173.68976675427746
internal,phiusiil,phiusiil,r07,rf,f_single,0.9887373870734973,35674,18911,0.9517677589931834,0.9792197528107314,0.960036732808623,0.0015972271871601067,18697.23457709668,29.911506863219678,7.347403170891519,176.5065128692087
internal,phiusiil,phiusiil,r07,rf,f_stable,0.989453090461244,35674,18911,0.9507762251492642,0.9805679993960112,0.9628115454624759,0.0016755466704536425,18695.76787669182,31.378207268077976,6.8372429982030525,177.01667304189718
internal,phiusiil,phiusiil,r07,rf,f_mi,0.9760604268575657,35674,18911,0.8760466104841407,0.8860079253644999,0.7747524547024629,0.002736603973463253,18675.897301574907,51.24878238499146,41.412643281372056,142.44127275872816
internal,phiusiil,phiusiil,r07,rf,f_permutation,0.9894850554918581,35674,18911,0.9407844712897105,0.9810924181104328,0.9643479722619663,0.002163136041100665,18686.63671931873,40.50936464117083,6.554764914407771,177.29915112569245
internal,phiusiil,phiusiil,r07,xgb,f_all,0.9925264329736792,35674,18911,0.9730362632412974,0.9859939665001616,0.9727981660773228,0.0008102330769995223,18711.97273076487,15.173353195026381,5.001163690156618,178.85275234994361
internal,phiusiil,phiusiil,r07,xgb,f_single,0.9926714120303688,35674,18911,0.9638518248429799,0.9865322471077026,0.9742864893378731,0.0012219951224679763,18704.261602787556,22.88448117234426,4.727529630370887,179.12638640972935
internal,phiusiil,phiusiil,r07,xgb,f_stable,0.9921073556713256,35674,18911,0.9458978089108059,0.9861899289475234,0.974422614000123,0.002042756105076125,18688.891091966238,38.254991993661534,4.702502578146633,179.1514134619536
internal,phiusiil,phiusiil,r07,xgb,f_mi,0.9822766911023354,35674,18911,0.8883205522405118,0.8837702592068,0.7695703932389356,0.002029874825335718,18689.132321573685,38.01376238621457,42.36538557460206,141.48853046549817
internal,phiusiil,phiusiil,r07,xgb,f_permutation,0.9910227812590514,35674,18911,0.9480264789819195,0.9881013937447196,0.9781904383908315,0.0019876509013923562,18689.92305516561,37.22302879428923,4.009773308963453,179.8441427311368
internal,phiusiil,phiusiil,r08,lr,f_all,0.9850412927811958,35674,18912,0.8762460986162173,0.8801838827063181,0.762900953130701,0.0025331877180648204,18680.842231463048,47.44226025484361,43.55877190879713,140.15673637331304
internal,phiusiil,phiusiil,r08,lr,f_single,0.9768801506479747,35674,18912,0.7947318522168834,0.8557213381961102,0.7183001516758306,0.00685747528361041,18599.85574371151,128.42874800637958,51.75263081786811,131.96287746424207
internal,phiusiil,phiusiil,r08,lr,f_stable,0.9766220549693035,35674,18912,0.7895093001696174,0.8501930065712113,0.7074030008981609,0.007016987755738025,18596.868348753527,131.4161429643628,53.75460641181451,129.96090187029566
internal,phiusiil,phiusiil,r08,lr,f_mi,0.9761007306011146,35674,18912,0.8601857367972939,0.832036496441901,0.6658023839852218,0.0017293911014198157,18695.895963173054,32.38852854483565,61.397284892824445,122.31822338928572
internal,phiusiil,phiusiil,r08,lr,f_permutation,0.9786361703466431,35674,18912,0.8508220959913024,0.8524568825552945,0.7078717297605258,0.002957964649936823,18672.88688823743,55.39760348046155,53.66849365061863,130.04701463149155
internal,phiusiil,phiusiil,r08,rf,f_all,0.9910292583520404,35674,18912,0.9284880794232903,0.9699650415054679,0.9424125838862664,0.002482500875330599,18681.79150907376,46.492982644130144,10.579701421987947,173.13580686012222
internal,phiusiil,phiusiil,r08,rf,f_single,0.9915695675810223,35674,18912,0.9410935677740089,0.9825066377608246,0.9671950691642519,0.0021817936426028134,18687.423239677002,40.86125204088695,6.02677454264892,177.68873373946127
internal,phiusiil,phiusiil,r08,rf,f_stable,0.9919094824287338,35674,18912,0.9408294464795512,0.9822272948271917,0.9666422354364351,0.0021876457820519087,18687.313639144515,40.97085257337481,6.128338671950276,177.5871696101599
internal,phiusiil,phiusiil,r08,rf,f_mi,0.9662398083838255,35674,18912,0.8732672580597394,0.866481347374662,0.7352000304912939,0.002237335741969767,18686.383031438792,41.90146027909853,48.647860991379204,135.06764729073097
internal,phiusiil,phiusiil,r08,rf,f_permutation,0.9917673403364591,35674,18912,0.9407632547565727,0.9824988030815083,0.9671952824787914,0.002197676315775035,18687.125784455344,41.15870726254529,6.026735353459882,177.68877292865028
internal,phiusiil,phiusiil,r08,xgb,f_all,0.9944732193929786,35674,18912,0.9555507736492915,0.9868547911838992,0.9753131717983311,0.001603589430532767,18698.25201265496,30.032479062929546,4.535353190942746,179.18015509116742
internal,phiusiil,phiusiil,r08,xgb,f_single,0.994100512483864,35674,18912,0.9563763951909985,0.9868379293793322,0.9752411226961247,0.0015652639374602476,18698.96978339251,29.31470832538204,4.548589728375836,179.16691855373432
internal,phiusiil,phiusiil,r08,xgb,f_stable,0.9938989970075738,35674,18912,0.963246445558194,0.9847212817104316,0.9706489445122333,0.0012063810913701773,18705.691043433282,22.5934482846098,5.392244077551472,178.3232642045587
internal,phiusiil,phiusiil,r08,xgb,f_mi,0.9780502606019741,35674,18912,0.8978608650608112,0.8655965453518519,0.7322128619782208,0.0010197712745167286,18709.185925172256,19.098566545631034,49.19665017308277,134.51885810902738
internal,phiusiil,phiusiil,r08,xgb,f_permutation,0.9937249560481155,35674,18912,0.9712190562466348,0.9821459657356032,0.9650937832862664,0.0008018518150599145,18713.267182805248,15.017308912642441,6.412813345769042,177.30269493634114
internal,phiusiil,phiusiil,r09,lr,f_all,0.9841128105738766,35675,18912,0.8882843605613749,0.8698359872970218,0.7412678040861556,0.0015958294921119146,18698.47697760771,29.887276014945577,47.51247990848914,136.12326646885913
internal,phiusiil,phiusiil,r09,lr,f_single,0.9743423896876391,35675,18912,0.7897677913943317,0.8419123215872575,0.6904194071825244,0.0065947640080092716,18604.855111113975,123.50914250867811,56.8500632259791,126.78568315136917
internal,phiusiil,phiusiil,r09,lr,f_stable,0.9742592644165365,35675,18912,0.7814887148729381,0.8415935718045494,0.6904442023182801,0.007257058709181219,18592.451414707182,135.9128389154705,56.84550995271805,126.79023642463021
internal,phiusiil,phiusiil,r09,lr,f_mi,0.9749690368576658,35675,18912,0.8623206205480691,0.8365323250479215,0.6748429043291844,0.0017782542333412595,18695.06046060509,33.3037930175616,59.71046595340107,123.9252804239472
internal,phiusiil,phiusiil,r09,lr,f_permutation,0.9763394451578159,35675,18912,0.8273474427223384,0.8517202112288603,0.7077796891846644,0.004339266726943794,18647.096885766823,81.26736785582831,53.662094883194854,129.97365149415342
internal,phiusiil,phiusiil,r09,rf,f_all,0.9909733984058162,35675,18912,0.9193300326042242,0.9661978428619327,0.935243689997293,0.002848004273427761,18675.025792194025,53.33846142862903,11.89157331999005,171.7441730573582
internal,phiusiil,phiusiil,r09,rf,f_single,0.9907495192867597,35675,18912,0.9180533981776028,0.9800070026434475,0.9633078832480678,0.003293877961172649,18666.67530735883,61.6889462638213,6.737984245905854,176.8977621314424
internal,phiusiil,phiusiil,r09,rf,f_stable,0.9902926091947717,35675,18912,0.9212687451347192,0.9778302572802049,0.9587236338217848,0.0030631192613750544,18670.997040343333,57.367213279319586,7.5798163108812915,176.055930066467
internal,phiusiil,phiusiil,r09,rf,f_mi,0.9660399659044308,35675,18912,0.8768065020173468,0.8649900075943202,0.7319868150178183,0.00200679982917766,18690.780175437703,37.58407818494693,49.216801263173245,134.41894511417502
internal,phiusiil,phiusiil,r09,rf,f_permutation,0.9897510771495819,35675,18912,0.9202202972469744,0.9777911078791229,0.9586997326610293,0.0031175169027834204,18669.9782615005,58.38599212215341,7.584205418375916,176.05154095897234
internal,phiusiil,phiusiil,r09,xgb,f_all,0.9945805168704798,35675,18912,0.9710268319619046,0.980836373614334,0.9624533437751491,0.0007805965464810927,18713.744957165036,14.619296457617793,6.894908239824193,176.74083813752407
internal,phiusiil,phiusiil,r09,xgb,f_single,0.9943568452698381,35675,18912,0.9625393595743199,0.9820593216842914,0.9652946976574658,0.001176054288882927,18706.338680518416,22.025573104234617,6.373134098922812,177.26261227842545
internal,phiusiil,phiusiil,r09,xgb,f_stable,0.9949263401895634,35675,18912,0.9583768659708398,0.98197704984263,0.9653138271158167,0.0013597274305566709,18702.898783017543,25.46547060510773,6.369621246560742,177.26612513078754
internal,phiusiil,phiusiil,r09,xgb,f_mi,0.9770751093735136,35675,18912,0.8866785979937846,0.8659100704460798,0.7333706255616729,0.0015504846695131305,18699.326211962354,29.038041660299648,48.96268418110767,134.6730621962406
internal,phiusiil,phiusiil,r09,xgb,f_permutation,0.9956957821653525,35675,18912,0.9668773218787277,0.9821885469657243,0.965366163378916,0.0009890694474672813,18709.840600738353,18.52365288429654,6.36001043782388,177.2757359395244
external,iscx_url2016_binary,phiusiil,r00,lr,f_all,0.2863833315622346,234382,175390,0.19245687863586686,0.4815715724539498,0.9630825419548922,0.9999393970469925,8.0,131998.7686967958,1601.5986214972484,41781.63268170696
external,iscx_url2016_binary,phiusiil,r00,lr,f_single,0.28781783266080024,234382,175390,0.1937052912096972,0.48562452377276216,0.9712490475455243,1.0,0.0,132006.7686967958,1247.3092205199428,42135.92208268426
external,iscx_url2016_binary,phiusiil,r00,lr,f_stable,0.28783081644434994,234382,175390,0.19427431182553778,0.4873950400246003,0.9747900800492006,1.0,0.0,132006.7686967958,1093.6877883607876,42289.54351484341
external,iscx_url2016_binary,phiusiil,r00,lr,f_mi,0.2840237047898338,234382,175390,0.19107664286803241,0.477477776551267,0.954955553102534,1.0,0.0,132006.7686967958,1954.1736586776678,41429.05764452653
external,iscx_url2016_binary,phiusiil,r00,lr,f_permutation,0.28533556773037555,234382,175390,0.19238618821165723,0.48133040239832947,0.9625926264745256,0.9999318216778667,9.0,131997.76869679583,1622.852738101012,41760.37856510318
external,iscx_url2016_binary,phiusiil,r00,rf,f_all,0.2916704443114713,234382,175390,0.19602369891979612,0.49285398098238464,0.9857079619647693,1.0,0.0,132006.7686967958,620.0347918766054,42763.196511327595
external,iscx_url2016_binary,phiusiil,r00,rf,f_single,0.29171753556793867,234382,175390,0.19603612924652777,0.4928928546664443,0.9857857093328886,1.0,0.0,132006.7686967958,616.6618598222688,42766.56944338193
external,iscx_url2016_binary,phiusiil,r00,rf,f_stable,0.29297170764668795,234382,175390,0.19647856104885786,0.49427726640058695,0.9885545328011739,1.0,0.0,132006.7686967958,496.5413508599089,42886.689952344306
external,iscx_url2016_binary,phiusiil,r00,rf,f_mi,0.2895577581764724,234382,175390,0.1956051203720328,0.4915456508061812,0.9830913016123624,1.0,0.0,132006.7686967958,733.5539731869994,42649.677330017206
external,iscx_url2016_binary,phiusiil,r00,rf,f_permutation,0.2943999229319573,234382,175390,0.1969184094414488,0.4956551064559973,0.9913102129119946,1.0,0.0,132006.7686967958,376.9910432145361,43006.240259989674
external,iscx_url2016_binary,phiusiil,r00,xgb,f_all,0.29483299135321833,234382,175390,0.19674221838334222,0.49510300081072217,0.9902060016214443,1.0,0.0,132006.7686967958,424.89529704008925,42958.33600616412
external,iscx_url2016_binary,phiusiil,r00,xgb,f_single,0.29383230844784836,234382,175390,0.1969275496784121,0.4956837545671586,0.9913675091343171,1.0,0.0,132006.7686967958,374.5053479487192,43008.72595525549
external,iscx_url2016_binary,phiusiil,r00,xgb,f_stable,0.2950705284369455,234382,175390,0.1969554951544338,0.49577134770931375,0.9915426954186275,1.0,0.0,132006.7686967958,366.90520085533194,43016.32610234886
external,iscx_url2016_binary,phiusiil,r00,xgb,f_mi,0.2918395156100346,234382,175390,0.19597443491364028,0.492699928196395,0.98539985639279,1.0,0.0,132006.7686967958,633.4014071715876,42749.82989603261
external,iscx_url2016_binary,phiusiil,r00,xgb,f_permutation,0.2946717142839947,234382,175390,0.196849161179472,0.49543808382404697,0.9908761676480939,1.0,0.0,132006.7686967958,395.82132929439473,42987.4099739098
external,iscx_url2016_binary,phiusiil,r01,lr,f_all,0.2890859544072465,233296,175389,0.1945207470036344,0.48804785925640937,0.9760502666423778,0.9999545481295591,6.0,132001.7686967958,1038.9689224370723,42342.26238076713
external,iscx_url2016_binary,phiusiil,r01,lr,f_single,0.28382327660306,233296,175389,0.19140585429408272,0.47851450388602723,0.9570290077720545,1.0,0.0,132007.7686967958,1864.134553168698,41517.096750035504
external,iscx_url2016_binary,phiusiil,r01,lr,f_stable,0.2813745602848676,233296,175389,0.18861867413654726,0.4699267434190418,0.9398534868380836,1.0,0.0,132007.7686967958,2609.229799558316,40772.001503645886
external,iscx_url2016_binary,phiusiil,r01,lr,f_mi,0.290181641159826,233296,175389,0.19556311344131147,0.49143428066158146,0.9828685613231629,1.0,0.0,132007.7686967958,743.1829037965318,42638.04839940767
external,iscx_url2016_binary,phiusiil,r01,lr,f_permutation,0.27402226950957254,233296,175389,0.17673776607923608,0.42126509987394173,0.8376790740685045,0.995148874320621,640.3862766025501,131367.38242019323,7041.681633184486,36339.5496700197
external,iscx_url2016_binary,phiusiil,r01,rf,f_all,0.29348988065134507,233296,175389,0.19697840280755113,0.4958631872760506,0.9917263745521012,1.0,0.0,132007.7686967958,358.9200592713757,43022.311243932825
external,iscx_url2016_binary,phiusiil,r01,rf,f_single,0.29245065569991874,233296,175389,0.19684076361909666,0.49543178373945207,0.9908635674789041,1.0,0.0,132007.7686967958,396.34969248377536,42984.88161072042
external,iscx_url2016_binary,phiusiil,r01,rf,f_stable,0.29140406454924567,233296,175389,0.19631368406129043,0.49378112071643687,0.9875622414328737,1.0,0.0,132007.7686967958,539.565281293917,42841.66602191028
external,iscx_url2016_binary,phiusiil,r01,rf,f_mi,0.29206633388459846,233296,175389,0.19664570173124063,0.4948206530056325,0.989641306011265,1.0,0.0,132007.7686967958,449.3728999244277,42931.85840327977
external,iscx_url2016_binary,phiusiil,r01,rf,f_permutation,0.2932201900734058,233296,175389,0.19698486325523365,0.4958834399391366,0.9917668798782732,1.0,0.0,132007.7686967958,357.16288834769676,43024.0684148565
external,iscx_url2016_binary,phiusiil,r01,xgb,f_all,0.29495033137600374,233296,175389,0.19744881713744775,0.4973387275222766,0.9946774550445532,1.0,0.0,132007.7686967958,230.89855383393757,43150.33274937025
external,iscx_url2016_binary,phiusiil,r01,xgb,f_single,0.29449618966977137,233296,175389,0.19736654318234506,0.49708053547626524,0.9941610709525305,1.0,0.0,132007.7686967958,253.29993157127575,43127.93137163292
external,iscx_url2016_binary,phiusiil,r01,xgb,f_stable,0.2946113795376345,233296,175389,0.19725779070861177,0.49673932978393703,0.9934786595678741,1.0,0.0,132007.7686967958,282.9037776929923,43098.3275255112
external,iscx_url2016_binary,phiusiil,r01,xgb,f_mi,0.29322447248436007,233296,175389,0.19714940494157637,0.4963993665873704,0.9927987331747408,1.0,0.0,132007.7686967958,312.3998218226593,43068.831481381545
external,iscx_url2016_binary,phiusiil,r01,xgb,f_permutation,0.2947286638914837,233296,175389,0.19729690918570228,0.4968620514905571,0.9937241029811142,1.0,0.0,132007.7686967958,272.25614021137375,43108.97516299283
external,iscx_url2016_binary,phiusiil,r02,lr,f_all,0.2890303481728837,233305,175390,0.19447777908582115,0.48789431173792047,0.9757431712610853,0.9999545477852444,6.0,132000.7686967958,1052.3396118625496,42330.891691341654
external,iscx_url2016_binary,phiusiil,r02,lr,f_single,0.2838220306725114,233305,175390,0.19148824774109371,0.47874993067861493,0.9574998613572299,1.0,0.0,132006.7686967958,1843.7933451575414,41539.437958046656
external,iscx_url2016_binary,phiusiil,r02,lr,f_stable,0.28230849921710854,233305,175390,0.18997909706827945,0.4740918932430311,0.9481837864860622,1.0,0.0,132006.7686967958,2247.9547761313815,41135.27652707281
external,iscx_url2016_binary,phiusiil,r02,lr,f_mi,0.28900124033559155,233305,175390,0.19489156455141926,0.48931846107872634,0.9786369221574527,1.0,0.0,132006.7686967958,926.7993473915863,42456.431955812615
external,iscx_url2016_binary,phiusiil,r02,lr,f_permutation,0.2858680218476054,233305,175390,0.19239167427328235,0.48097131867683324,0.9617456777563922,0.9998030404027257,26.0,131980.76869679583,1659.5961102417468,41723.63519296246
external,iscx_url2016_binary,phiusiil,r02,rf,f_all,0.29483788873004024,233305,175390,0.19741214989491135,0.4972035643351764,0.9944071286703527,1.0,0.0,132006.7686967958,242.63683054314947,43140.59447266105
external,iscx_url2016_binary,phiusiil,r02,rf,f_single,0.29204546833845146,233305,175390,0.1966906785470314,0.4949415433109361,0.9898830866218722,1.0,0.0,132006.7686967958,438.90439315779736,42944.32691004641
external,iscx_url2016_binary,phiusiil,r02,rf,f_stable,0.29313082101716686,233305,175390,0.19708517977375198,0.49617791489058055,0.9923558297811611,1.0,0.0,132006.7686967958,331.6288047249518,43051.60249847925
external,iscx_url2016_binary,phiusiil,r02,rf,f_mi,0.2929358746283674,233305,175390,0.19681409486320556,0.4953282009814834,0.9906564019629668,1.0,0.0,132006.7686967958,405.35547484477826,42977.87582835942
external,iscx_url2016_binary,phiusiil,r02,rf,f_permutation,0.2935952596504083,233305,175390,0.1971570759484832,0.4964033692628292,0.9928067385256584,1.0,0.0,132006.7686967958,312.06692636579294,43071.1643768384
external,iscx_url2016_binary,phiusiil,r02,xgb,f_all,0.2952851874114594,233305,175390,0.19765312044144012,0.4979599828489265,0.995919965697853,1.0,0.0,132006.7686967958,177.0050718550485,43206.22623134915
external,iscx_url2016_binary,phiusiil,r02,xgb,f_single,0.29525538515446353,233305,175390,0.19773517222895529,0.4982176511904919,0.9964353023809838,1.0,0.0,132006.7686967958,154.64810133176212,43228.58320187244
external,iscx_url2016_binary,phiusiil,r02,xgb,f_stable,0.2946588102270769,233305,175390,0.19740170335588728,0.4971707824026229,0.9943415648052458,1.0,0.0,132006.7686967958,245.48120286821342,43137.75010033599
external,iscx_url2016_binary,phiusiil,r02,xgb,f_mi,0.29353536638172495,233305,175390,0.19737842259556884,0.49709772890207754,0.9941954578041551,1.0,0.0,132006.7686967958,251.8197966915464,43131.41150651265
external,iscx_url2016_binary,phiusiil,r02,xgb,f_permutation,0.29528093010049505,233305,175390,0.19763696622300325,0.49790925974666145,0.9958185194933229,1.0,0.0,132006.7686967958,181.4061360110104,43201.825167193194
external,iscx_url2016_binary,phiusiil,r03,lr,f_all,0.28595726384771775,234331,175393,0.1922413423797314,0.48087888417381736,0.9616895910584375,0.9999318227108028,9.0,131999.7686967958,1662.0676428410866,41722.16366036311
external,iscx_url2016_binary,phiusiil,r03,lr,f_single,0.2921732511319803,234331,175393,0.1963699875189424,0.4939344515181606,0.9878689030363212,1.0,0.0,132008.76869679583,526.2983166338397,42857.93298657037
external,iscx_url2016_binary,phiusiil,r03,lr,f_stable,0.29163618555890763,234331,175393,0.19622586839127062,0.4934834460512766,0.9869668921025532,1.0,0.0,132008.76869679583,565.4313676224477,42818.79993558175
external,iscx_url2016_binary,phiusiil,r03,lr,f_mi,0.2847279242760469,234331,175393,0.1916379589403947,0.4792101177485919,0.9584202354971838,1.0,0.0,132008.76869679583,1803.9061207229388,41580.325182481254
external,iscx_url2016_binary,phiusiil,r03,lr,f_permutation,0.2895029056832048,234331,175393,0.1950827653345391,0.48979954901363915,0.9795612217555021,0.9999621237282238,5.0,132003.7686967958,886.7206829141974,42497.51062029001
external,iscx_url2016_binary,phiusiil,r03,rf,f_all,0.29359009529092217,234331,175393,0.19668159617245132,0.49491015083169554,0.9898203016633911,1.0,0.0,132008.76869679583,441.63838723228105,42942.59291597192
external,iscx_url2016_binary,phiusiil,r03,rf,f_single,0.29384341851494694,234331,175393,0.1968786943888437,0.4955276895389324,0.9910553790778648,1.0,0.0,132008.76869679583,388.055503005393,42996.17580019881
external,iscx_url2016_binary,phiusiil,r03,rf,f_stable,0.29255362506981447,234331,175393,0.19645904576428683,0.49421323069037937,0.9884264613807587,1.0,0.0,132008.76869679583,502.10907645372845,42882.12222675048
external,iscx_url2016_binary,phiusiil,r03,rf,f_mi,0.28988454195581687,234331,175393,0.19574380699754787,0.49197606078031464,0.9839521215606293,1.0,0.0,132008.76869679583,696.2248701393601,42688.00643306484
external,iscx_url2016_binary,phiusiil,r03,rf,f_permutation,0.2945555806427335,234331,175393,0.19691902901564792,0.49565410142594774,0.9913082028518955,1.0,0.0,132008.76869679583,377.0869379138998,43007.1443652903
external,iscx_url2016_binary,phiusiil,r03,xgb,f_all,0.2950479382203143,234331,175393,0.19703093612594552,0.4960048935923433,0.9920097871846866,1.0,0.0,132008.76869679583,346.6492409413837,43037.582062262816
external,iscx_url2016_binary,phiusiil,r03,xgb,f_single,0.29563277955290773,234331,175393,0.19725146340324218,0.4966964607069903,0.9933929214139806,1.0,0.0,132008.76869679583,286.6430256143145,43097.58827758988
external,iscx_url2016_binary,phiusiil,r03,xgb,f_stable,0.2955946673079524,234331,175393,0.1972204340529975,0.4965991305993599,0.9931982611987198,1.0,0.0,132008.76869679583,295.08820941871886,43089.14309378549
external,iscx_url2016_binary,phiusiil,r03,xgb,f_mi,0.2920877175492497,234331,175393,0.19603572633572836,0.4928886641243884,0.9857773282487768,1.0,0.0,132008.76869679583,617.0396810046136,42767.191622199585
external,iscx_url2016_binary,phiusiil,r03,xgb,f_permutation,0.2952726660311025,234331,175393,0.1970097923326329,0.4959386072285299,0.9918772144570598,1.0,0.0,132008.76869679583,352.400806821243,43031.83049638295
external,iscx_url2016_binary,phiusiil,r04,lr,f_all,0.2887407659756898,233299,175388,0.19430399613296026,0.48737008176446617,0.9746947113141767,0.9999545477852444,6.0,132000.7686967958,1097.7745816740548,42283.45672153015
external,iscx_url2016_binary,phiusiil,r04,lr,f_single,0.28460467569424003,233299,175388,0.19170340564761648,0.479432073827485,0.95886414765497,1.0,0.0,132006.7686967958,1784.5239254342011,41596.70737777
external,iscx_url2016_binary,phiusiil,r04,lr,f_stable,0.2833080406239824,233299,175388,0.19107653015846623,0.4774939964611855,0.954987992922371,1.0,0.0,132006.7686967958,1952.6762904560858,41428.55501274812
external,iscx_url2016_binary,phiusiil,r04,lr,f_mi,0.2886748501423876,233299,175388,0.1946522213482266,0.488589246881357,0.977178493762714,1.0,0.0,132006.7686967958,990.0250407672235,42391.20626243698
external,iscx_url2016_binary,phiusiil,r04,lr,f_permutation,0.28722529948581016,233299,175388,0.19383010925875482,0.4860295472775266,0.9720590945550532,1.0,0.0,132006.7686967958,1212.110881928194,42169.120421276006
external,iscx_url2016_binary,phiusiil,r04,rf,f_all,0.2948261843373967,233299,175388,0.1973908444492796,0.49715395758506464,0.9943079151701293,1.0,0.0,132006.7686967958,246.92964860208275,43134.30165460212
external,iscx_url2016_binary,phiusiil,r04,rf,f_single,0.29263678122583875,233299,175388,0.19679423568546883,0.49528316039909004,0.9905663207981801,1.0,0.0,132006.7686967958,409.2446194943763,42971.98668370982
external,iscx_url2016_binary,phiusiil,r04,rf,f_stable,0.29267752869625324,233299,175388,0.19694872469210176,0.49576732774258137,0.9915346554851627,1.0,0.0,132006.7686967958,367.2370684594669,43013.994234744736
external,iscx_url2016_binary,phiusiil,r04,rf,f_mi,0.292087304549413,233299,175388,0.19647952870223107,0.4942974470841454,0.9885948941682908,1.0,0.0,132006.7686967958,494.7675341228969,42886.4637690813
external,iscx_url2016_binary,phiusiil,r04,rf,f_permutation,0.2938934994340228,233299,175388,0.19720772199740283,0.4965794413521221,0.9931588827042442,1.0,0.0,132006.7686967958,296.77609177952877,43084.455211424676
external,iscx_url2016_binary,phiusiil,r04,xgb,f_all,0.29476649809105504,233299,175388,0.19740918255811357,0.49721150479270726,0.9944230095854145,1.0,0.0,132006.7686967958,241.9367111508813,43139.29459205332
external,iscx_url2016_binary,phiusiil,r04,xgb,f_single,0.29463643235071807,233299,175388,0.19731887168124337,0.49692812372943207,0.9938562474588641,1.0,0.0,132006.7686967958,266.5235500566616,43114.70775314754
external,iscx_url2016_binary,phiusiil,r04,xgb,f_stable,0.29411568927644277,233299,175388,0.1970705418471726,0.4961492331348156,0.9922984662696313,1.0,0.0,132006.7686967958,334.10201614655557,43047.12928705765
external,iscx_url2016_binary,phiusiil,r04,xgb,f_mi,0.2931275829889348,233299,175388,0.19711787043321097,0.49629764285700306,0.9925952857140061,1.0,0.0,132006.7686967958,321.2256231748395,43060.00568002936
external,iscx_url2016_binary,phiusiil,r04,xgb,f_permutation,0.2949071709426766,233299,175388,0.19750840929167576,0.49752293592434144,0.9950458718486829,1.0,0.0,132006.7686967958,214.9161792380002,43166.3151239662
external,iscx_url2016_binary,phiusiil,r05,lr,f_all,0.28652269328779084,234478,175391,0.19274051809004328,0.4824202570105826,0.9647723356990319,0.9999318216778667,9.0,131997.7686967958,1528.325136304834,41855.90616689937
external,iscx_url2016_binary,phiusiil,r05,lr,f_single,0.2872575840476625,234478,175391,0.19359210462439463,0.48526422123591045,0.9705284424718209,1.0,0.0,132006.7686967958,1278.6008686682121,42105.63043453598
external,iscx_url2016_binary,phiusiil,r05,lr,f_stable,0.2858052273606428,234478,175391,0.193108823648442,0.4837628939978572,0.9675257879957144,1.0,0.0,132006.7686967958,1408.8687249832133,41975.36257822098
external,iscx_url2016_binary,phiusiil,r05,lr,f_mi,0.28837591844538796,234478,175391,0.1939137090988214,0.4862642930278033,0.9725285860556065,1.0,0.0,132006.7686967958,1191.8261767896358,42192.40512641457
external,iscx_url2016_binary,phiusiil,r05,lr,f_permutation,0.283606658391431,234478,175391,0.19121471962644887,0.4776320975969886,0.955173290764466,0.9999090955704888,12.0,131994.76869679583,1944.7723220358866,41439.45898116832
external,iscx_url2016_binary,phiusiil,r05,rf,f_all,0.29484754346342035,234478,175391,0.19683226887308072,0.4953765552198746,0.9907531104397492,1.0,0.0,132006.7686967958,401.16919551710606,42983.062107687096
external,iscx_url2016_binary,phiusiil,r05,rf,f_single,0.2925434017825355,234478,175391,0.19635812416244355,0.4938916884041106,0.9877833768082211,1.0,0.0,132006.7686967958,530.0088062962246,42854.222496907976
external,iscx_url2016_binary,phiusiil,r05,rf,f_stable,0.29275892127321373,234478,175391,0.19632980574116263,0.4938030597775359,0.9876061195550718,1.0,0.0,132006.7686967958,537.6989759670284,42846.532327237175
external,iscx_url2016_binary,phiusiil,r05,rf,f_mi,0.29037881286940836,234478,175391,0.19581652466980642,0.49219771749813185,0.9843954349962637,1.0,0.0,132006.7686967958,676.9920575079808,42707.23924569621
external,iscx_url2016_binary,phiusiil,r05,rf,f_permutation,0.2949789977238764,234478,175391,0.1970290046211937,0.49599318227111927,0.9919863645422385,1.0,0.0,132006.7686967958,347.66541427908135,43036.56588892512
external,iscx_url2016_binary,phiusiil,r05,xgb,f_all,0.29484754346342035,234478,175391,0.19685521490922328,0.4954484592081194,0.9908969184162388,1.0,0.0,132006.7686967958,394.93019700183675,42989.30110620236
external,iscx_url2016_binary,phiusiil,r05,xgb,f_single,0.295707467402764,234478,175391,0.19715663468600997,0.4963933736334385,0.992786747266877,1.0,0.0,132006.7686967958,312.941425022275,43071.289878181924
external,iscx_url2016_binary,phiusiil,r05,xgb,f_stable,0.2957772705430082,234478,175391,0.19722672825474968,0.49661321015664633,0.9932264203132927,1.0,0.0,132006.7686967958,293.86654787879667,43090.364755325405
external,iscx_url2016_binary,phiusiil,r05,xgb,f_mi,0.29209914560879147,234478,175391,0.1960255241598562,0.49285113870001396,0.9857022774000279,1.0,0.0,132006.7686967958,620.2957043862407,42763.93559881796
external,iscx_url2016_binary,phiusiil,r05,xgb,f_permutation,0.29507437738254144,234478,175391,0.1969700183517962,0.49580827043404,0.99161654086808,1.0,0.0,132006.7686967958,363.70993010017105,43020.52137310403
external,iscx_url2016_binary,phiusiil,r06,lr,f_all,0.28849131855993065,233448,175390,0.19424568321350058,0.487126909895024,0.9741932168370405,0.9999393970469925,8.0,131998.7686967958,1119.5816431503058,42263.64966005389
external,iscx_url2016_binary,phiusiil,r06,lr,f_single,0.2870336436267683,233448,175390,0.1939102179589685,0.48626186844703106,0.9725237368940621,1.0,0.0,132006.7686967958,1192.0090776725995,42191.2222255316
external,iscx_url2016_binary,phiusiil,r06,lr,f_stable,0.28243369101812604,233448,175390,0.19032502408357432,0.4751580730983714,0.9503161461967428,1.0,0.0,132006.7686967958,2155.4461215812885,41227.78518162291
external,iscx_url2016_binary,phiusiil,r06,lr,f_mi,0.2891655045156418,233448,175390,0.19495432836384718,0.48951420458149936,0.9790284091629987,1.0,0.0,132006.7686967958,909.8153760777838,42473.41592712642
external,iscx_url2016_binary,phiusiil,r06,lr,f_permutation,0.2862358056172149,233448,175390,0.1931703950416354,0.48396246342868604,0.9679249268573721,1.0,0.0,132006.7686967958,1391.5203172138172,41991.71098599038
external,iscx_url2016_binary,phiusiil,r06,rf,f_all,0.2946806774990785,233448,175390,0.19718988650717112,0.49650627110333156,0.9930125422066631,1.0,0.0,132006.7686967958,303.1384976697108,43080.092805534485
external,iscx_url2016_binary,phiusiil,r06,rf,f_single,0.2928968005161337,233448,175390,0.19692563825442796,0.49567776356496696,0.9913555271299339,1.0,0.0,132006.7686967958,375.02516601635136,43008.206137187844
external,iscx_url2016_binary,phiusiil,r06,rf,f_stable,0.2914932942429733,233448,175390,0.1963251060759538,0.4937969183499137,0.9875938366998274,1.0,0.0,132006.7686967958,538.2194520367134,42845.01185116749
external,iscx_url2016_binary,phiusiil,r06,rf,f_mi,0.2921893049782152,233448,175390,0.19664657673291458,0.49480340315707133,0.9896068063141427,1.0,0.0,132006.7686967958,450.8903256525531,42932.34097755165
external,iscx_url2016_binary,phiusiil,r06,rf,f_permutation,0.2945463995721007,233448,175390,0.19729592596157602,0.4968388939825213,0.9936777879650426,1.0,0.0,132006.7686967958,274.27798706045996,43108.95331614375
external,iscx_url2016_binary,phiusiil,r06,xgb,f_all,0.2947403401709918,233448,175390,0.19732691664535373,0.49693612166360834,0.9938722433272167,1.0,0.0,132006.7686967958,265.8418851051114,43117.38941809909
external,iscx_url2016_binary,phiusiil,r06,xgb,f_single,0.2946487112008146,233448,175390,0.19727546656313505,0.49677471042389393,0.9935494208477879,1.0,0.0,132006.7686967958,279.8469674000464,43103.38433580415
external,iscx_url2016_binary,phiusiil,r06,xgb,f_stable,0.2946082163965336,233448,175390,0.19726822926023832,0.49675200693000077,0.9935040138600015,1.0,0.0,132006.7686967958,281.8168692539595,43101.41443395024
external,iscx_url2016_binary,phiusiil,r06,xgb,f_mi,0.29343611814805737,233448,175390,0.1971905271488481,0.49650828039415645,0.9930165607883129,1.0,0.0,132006.7686967958,302.96415861248283,43080.267144591715
external,iscx_url2016_binary,phiusiil,r06,xgb,f_permutation,0.2947616458220047,233448,175390,0.19742412337945467,0.49724113897369854,0.9944822779473971,1.0,0.0,132006.7686967958,239.37661207486252,43143.85469112934
external,iscx_url2016_binary,phiusiil,r07,lr,f_all,0.28847601398964895,233297,175389,0.19411176312674314,0.4866962446378877,0.973324310953642,0.9999318216778667,9.0,131997.76869679583,1157.250912381453,42224.98039082274
external,iscx_url2016_binary,phiusiil,r07,lr,f_single,0.28594427661521604,233297,175389,0.19274947254600291,0.4826644710027149,0.9653289420054298,1.0,0.0,132006.7686967958,1504.1078574472476,41878.12344575695
external,iscx_url2016_binary,phiusiil,r07,lr,f_stable,0.282858152867221,233297,175389,0.19014539694682608,0.4746125655552835,0.949225131110567,1.0,0.0,132006.7686967958,2202.7271065512487,41179.504196652946
external,iscx_url2016_binary,phiusiil,r07,lr,f_mi,0.2902692934848743,233297,175389,0.1956385008680936,0.49165846633345045,0.9833169326669009,1.0,0.0,132006.7686967958,723.7486858914367,42658.482617312766
external,iscx_url2016_binary,phiusiil,r07,lr,f_permutation,0.2833206770450719,233297,175389,0.18913595041585712,0.4707229267972016,0.9411731403058696,0.9997272867114664,36.0,131970.7686967958,2552.0404340919026,40830.190869112295
external,iscx_url2016_binary,phiusiil,r07,rf,f_all,0.2943245785705427,233297,175389,0.19712698449433166,0.4963176131498575,0.992635226299715,1.0,0.0,132006.7686967958,319.5003161615187,43062.730987042676
external,iscx_url2016_binary,phiusiil,r07,rf,f_single,0.29371571464900276,233297,175389,0.19731094557969844,0.4968946349634741,0.9937892699269482,1.0,0.0,132006.7686967958,269.4353285909024,43112.7959746133
external,iscx_url2016_binary,phiusiil,r07,rf,f_stable,0.2929815469750555,233297,175389,0.19708231148648545,0.49617752939375087,0.9923550587875017,1.0,0.0,132006.7686967958,331.6546079799933,43050.576695224205
external,iscx_url2016_binary,phiusiil,r07,rf,f_mi,0.2921878745035694,233297,175389,0.19665319041428164,0.49483270303397664,0.9896654060679533,1.0,0.0,132006.7686967958,448.3377443847395,42933.893558819465
external,iscx_url2016_binary,phiusiil,r07,rf,f_permutation,0.29423278214413207,233297,175389,0.19730543810096132,0.49687735608149813,0.9937547121629963,1.0,0.0,132006.7686967958,270.93452149998507,43111.296781704215
external,iscx_url2016_binary,phiusiil,r07,xgb,f_all,0.2944952990948981,233297,175389,0.19727165447523162,0.49677137025075635,0.9935427405015127,1.0,0.0,132006.7686967958,280.1303251481878,43102.10097805601
external,iscx_url2016_binary,phiusiil,r07,xgb,f_single,0.2945614310941242,233297,175389,0.19741733084659108,0.49722844918866754,0.9944568983773351,1.0,0.0,132006.7686967958,240.47211673161877,43141.759186472584
external,iscx_url2016_binary,phiusiil,r07,xgb,f_stable,0.2947554889163641,233297,175389,0.19749488174758825,0.49747184311140347,0.9949436862228069,1.0,0.0,132006.7686967958,219.3541738237696,43162.87712938043
external,iscx_url2016_binary,phiusiil,r07,xgb,f_mi,0.29349755007358863,233297,175389,0.19727155276213432,0.4967710511703787,0.9935421023407573,1.0,0.0,132006.7686967958,280.1580099856843,43102.07329321851
external,iscx_url2016_binary,phiusiil,r07,xgb,f_permutation,0.2945635641780033,233297,175389,0.19740362726601626,0.49718544531688263,0.9943708906337653,1.0,0.0,132006.7686967958,244.20332455702862,43138.02797864717
external,iscx_url2016_binary,phiusiil,r08,lr,f_all,0.28607228810731494,234378,175389,0.1921287268599296,0.4804529455578285,0.96080741131702,0.9999015202013629,13.0,131993.76869679583,1700.2619476163807,41681.969355587826
external,iscx_url2016_binary,phiusiil,r08,lr,f_single,0.2859271659326011,234378,175389,0.19291353977623002,0.48304023536358426,0.9660350185124129,0.9999545477852444,6.0,132000.7686967958,1473.4766831035536,41908.75462010065
external,iscx_url2016_binary,phiusiil,r08,lr,f_stable,0.29108908495328434,234378,175389,0.1961242039204184,0.493176883398042,0.986353766796084,1.0,0.0,132006.7686967958,592.0040452697522,42790.22725793445
external,iscx_url2016_binary,phiusiil,r08,lr,f_mi,0.29108908495328434,234378,175389,0.19556734022212313,0.4914361561366744,0.9828723122733488,1.0,0.0,132006.7686967958,743.0373106466377,42639.19399255757
external,iscx_url2016_binary,phiusiil,r08,lr,f_permutation,0.2847170301687349,234378,175389,0.19133009087099365,0.47800507534803394,0.9559192462665567,0.9999090955704888,12.0,131994.76869679583,1912.3214544838224,41469.909848720374
external,iscx_url2016_binary,phiusiil,r08,rf,f_all,0.2940889459132226,234378,175389,0.19671220216655722,0.49501755528268565,0.9900351105653713,1.0,0.0,132006.7686967958,432.29913836391495,42949.932164840284
external,iscx_url2016_binary,phiusiil,r08,rf,f_single,0.2926316933161907,234378,175389,0.19653385644114557,0.4944589765142347,0.9889179530284694,1.0,0.0,132006.7686967958,480.7639250319147,42901.46737817228
external,iscx_url2016_binary,phiusiil,r08,rf,f_stable,0.2916589852002067,234378,175389,0.1959364490111094,0.4925897017899903,0.9851794035799806,1.0,0.0,132006.7686967958,642.9505419447252,42739.28076125948
external,iscx_url2016_binary,phiusiil,r08,rf,f_mi,0.2895720360945831,234378,175389,0.1956200803386857,0.49160091570332726,0.9832018314066545,1.0,0.0,132006.7686967958,728.7420353867315,42653.489267817466
external,iscx_url2016_binary,phiusiil,r08,rf,f_permutation,0.29415059734799776,234378,175389,0.19689371371451267,0.4955863041384152,0.9911726082768304,1.0,0.0,132006.7686967958,382.9519495385333,42999.279353665675
external,iscx_url2016_binary,phiusiil,r08,xgb,f_all,0.2948619977977412,234378,175389,0.19689470039625473,0.4955893965126454,0.9911787930252908,1.0,0.0,132006.7686967958,382.68364135027196,42999.547661853925
external,iscx_url2016_binary,phiusiil,r08,xgb,f_single,0.29562700790690827,234378,175389,0.1971762644385297,0.4964721612293212,0.9929443224586424,1.0,0.0,132006.7686967958,306.0910350999975,43076.1402681042
external,iscx_url2016_binary,phiusiil,r08,xgb,f_stable,0.2956164235353517,234378,175389,0.1971543471350379,0.49640342347682936,0.9928068469536587,1.0,0.0,132006.7686967958,312.05502925572256,43070.17627394848
external,iscx_url2016_binary,phiusiil,r08,xgb,f_mi,0.2918280648533669,234378,175389,0.19602975510451337,0.49288147144771777,0.9857629428954355,1.0,0.0,132006.7686967958,617.6353043871397,42764.59599881706
external,iscx_url2016_binary,phiusiil,r08,xgb,f_permutation,0.2954279684836752,234378,175389,0.19706433502082016,0.49612116394023437,0.9922423278804687,1.0,0.0,132006.7686967958,336.54512626392216,43045.686176940275
external,iscx_url2016_binary,phiusiil,r09,lr,f_all,0.2888589894538485,234325,175390,0.1940549033306442,0.4866115006151991,0.9731851246716974,0.9999621234412992,5.0,132002.7686967958,1163.289123859006,42218.9421793452
external,iscx_url2016_binary,phiusiil,r09,lr,f_single,0.2901350508030948,234325,175390,0.19563754609380288,0.49165828652873944,0.9833165730574789,1.0,0.0,132007.7686967958,723.7642865505629,42658.46701665364
external,iscx_url2016_binary,phiusiil,r09,lr,f_stable,0.28972622670562703,234325,175390,0.19546445276557659,0.491117599130591,0.982235198261182,1.0,0.0,132007.7686967958,770.6767380889623,42611.55456511523
external,iscx_url2016_binary,phiusiil,r09,lr,f_mi,0.29062716641388686,234325,175390,0.19552403972504623,0.4913037031975061,0.9826074063950122,1.0,0.0,132007.7686967958,754.5295187342099,42627.701784469995
external,iscx_url2016_binary,phiusiil,r09,lr,f_permutation,0.29241287743914196,234325,175390,0.19645454863544579,0.494168173014234,0.9883211954049876,0.9999848493765197,2.0,132005.7686967958,506.65260228574704,42875.57870091846
external,iscx_url2016_binary,phiusiil,r09,rf,f_all,0.29477321086228325,234325,175390,0.19684392459939376,0.49543309393298973,0.9908661878659795,1.0,0.0,132007.7686967958,396.24515067809125,42985.98615252611
external,iscx_url2016_binary,phiusiil,r09,rf,f_single,0.291399419995343,234325,175390,0.19599578027232128,0.49277803337305337,0.9855560667461067,1.0,0.0,132007.7686967958,626.6100533484456,42755.62124985575
external,iscx_url2016_binary,phiusiil,r09,rf,f_stable,0.2916414752116082,234325,175390,0.196067651539512,0.4930028044450373,0.9860056088900746,1.0,0.0,132007.7686967958,607.1079120782852,42775.12339112591
external,iscx_url2016_binary,phiusiil,r09,rf,f_mi,0.2892048315567878,234325,175390,0.1954485419652756,0.4910679106281251,0.9821358212562502,1.0,0.0,132007.7686967958,774.9879343031357,42607.24336890106
external,iscx_url2016_binary,phiusiil,r09,rf,f_permutation,0.2931372549019608,234325,175390,0.19651396987650674,0.49439952602335435,0.9887990520467087,1.0,0.0,132007.7686967958,485.92211492483295,42896.30918827937
external,iscx_url2016_binary,phiusiil,r09,xgb,f_all,0.2946628258036163,234325,175390,0.19682144885338249,0.4953626627453824,0.9907253254907648,1.0,0.0,132007.7686967958,402.35607482157667,42979.875228382625
external,iscx_url2016_binary,phiusiil,r09,xgb,f_single,0.2953140224465001,234325,175390,0.19715240030444928,0.4964001482104064,0.9928002964208128,1.0,0.0,132007.7686967958,312.3392059868024,43069.892097217395
external,iscx_url2016_binary,phiusiil,r09,xgb,f_stable,0.2955152892648947,234325,175390,0.19711980034647986,0.49629791402849155,0.9925958280569831,1.0,0.0,132007.7686967958,321.2094998406561,43061.02180336354
external,iscx_url2016_binary,phiusiil,r09,xgb,f_mi,0.29181916266474855,234325,175390,0.19595667375287015,0.49265574805092643,0.9853114961018529,1.0,0.0,132007.7686967958,637.2200736074367,42745.01122959676
external,iscx_url2016_binary,phiusiil,r09,xgb,f_permutation,0.2920331255683827,234325,175390,0.19604356230901723,0.4929274630161154,0.9858549260322308,1.0,0.0,132007.7686967958,613.6448706706931,42768.586432533506
external,phiusiil,iscx_url2016_binary,r00,lr,f_all,0.2419034641894995,41108,4192,0.5337097877714149,0.5264261350752919,0.9957295463211868,0.942877276170603,16.05135098965153,264.946296069172,16.70175438596491,3894.3005985552113
external,phiusiil,iscx_url2016_binary,r00,lr,f_single,0.20785024931291463,41108,4192,0.5076753427337144,0.5120988721298199,0.997383923465608,0.9731861792059684,7.534620551779837,273.4630265070437,10.231481481481481,3900.7708714596956
external,phiusiil,iscx_url2016_binary,r00,lr,f_stable,0.20517448521899392,41108,4192,0.5023277932752861,0.5092812922802566,0.9975212378900377,0.9789586533295244,5.912568905352643,275.0850781534709,9.694444444444445,3901.3079084967326
external,phiusiil,iscx_url2016_binary,r00,lr,f_mi,0.17194504338541364,41108,4192,0.4815392219765859,0.49770668108969396,0.9953762918808438,0.9999629297014558,0.010416666666666666,280.98723039215685,18.083333333333332,3892.919019607843
external,phiusiil,iscx_url2016_binary,r00,lr,f_permutation,0.22869972144983464,41108,4192,0.5204794743369558,0.5190481049763883,0.9974242954016472,0.9593280854488705,11.428712290244915,269.56893476857863,10.073586744639377,3900.928766196537
external,phiusiil,iscx_url2016_binary,r00,rf,f_all,0.17207766051719972,41108,4192,0.481936298946251,0.49855109607325976,0.9971021921465195,1.0,0.0,280.99764705882353,11.333333333333332,3899.669019607843
external,phiusiil,iscx_url2016_binary,r00,rf,f_single,0.17211100817658195,41108,4192,0.48206431596790056,0.49880678500150805,0.9976135700030161,1.0,0.0,280.99764705882353,9.333333333333332,3901.669019607843
external,phiusiil,iscx_url2016_binary,r00,rf,f_stable,0.17211100817658195,41108,4192,0.48206431596790056,0.49880678500150805,0.9976135700030161,1.0,0.0,280.99764705882353,9.333333333333332,3901.669019607843
external,phiusiil,iscx_url2016_binary,r00,rf,f_mi,0.17194504338541364,41108,4192,0.4815775463696082,0.49778008203197116,0.9955210569358078,0.9999608928718655,0.01098901098901099,280.9866580478345,17.517156862745097,3893.4851960784317
external,phiusiil,iscx_url2016_binary,r00,rf,f_permutation,0.1720943346826979,41108,4192,0.4820003153665196,0.49867894053738393,0.9973578810747679,1.0,0.0,280.99764705882353,10.333333333333332,3900.669019607843
external,phiusiil,iscx_url2016_binary,r00,xgb,f_all,0.17211100817658195,41108,4192,0.48206431596790056,0.49880678500150805,0.9976135700030161,1.0,0.0,280.99764705882353,9.333333333333332,3901.669019607843
external,phiusiil,iscx_url2016_binary,r00,xgb,f_single,0.17216102462895463,41108,4192,0.48225622291733045,0.49919031839388045,0.9983806367877609,1.0,0.0,280.99764705882353,6.333333333333333,3904.669019607843
external,phiusiil,iscx_url2016_binary,r00,xgb,f_stable,0.17207766051719972,41108,4192,0.48196830913411276,0.49861501830532184,0.9972300366106437,1.0,0.0,280.99764705882353,10.833333333333332,3900.169019607843
external,phiusiil,iscx_url2016_binary,r00,xgb,f_mi,0.17197760141803972,41108,4192,0.48163200474297796,0.4979438348686701,0.9958876697373402,1.0,0.0,280.99764705882353,16.083333333333332,3894.919019607844
external,phiusiil,iscx_url2016_binary,r00,xgb,f_permutation,0.17214435314966972,41108,4192,0.4821922697374476,0.49906247392975633,0.9981249478595127,1.0,0.0,280.99764705882353,7.333333333333333,3903.669019607843
external,phiusiil,iscx_url2016_binary,r01,lr,f_all,0.2390485755665255,41159,4191,0.5336566362840366,0.5263958948102232,0.9958563312951008,0.9430645416746543,15.998729823637834,264.9989172351857,16.20175438596491,3893.8005985552113
external,phiusiil,iscx_url2016_binary,r01,lr,f_single,0.2031075871176372,41159,4191,0.5022980923266206,0.5092773240593915,0.9975632296562147,0.9790085815374315,5.898539196408851,275.09910786241466,9.527777777777779,3900.4745751633986
external,phiusiil,iscx_url2016_binary,r01,lr,f_stable,0.20537925491403236,41159,4191,0.507357191827261,0.5119382570132912,0.9974236366540645,0.973547122627482,7.4331962996131455,273.5644507592104,10.073586744639377,3899.9287661965373
external,phiusiil,iscx_url2016_binary,r01,lr,f_mi,0.17004809815642077,41159,4191,0.4815346455037749,0.49770608982302683,0.9953751093475095,0.9999629297014558,0.010416666666666666,280.98723039215685,18.083333333333332,3891.9190196078434
external,phiusiil,iscx_url2016_binary,r01,lr,f_permutation,0.20500989530571256,41159,4191,0.5033605134995325,0.5096729231898482,0.9968054390731134,0.9774595926934169,6.333801416897379,274.6638456419262,12.49074074074074,3897.5116122004356
external,phiusiil,iscx_url2016_binary,r01,rf,f_all,0.17018145161290324,41159,4191,0.48193183307724946,0.49855072550981866,0.9971014510196373,1.0,0.0,280.99764705882353,11.333333333333332,3898.6690196078434
external,phiusiil,iscx_url2016_binary,r01,rf,f_single,0.17019871428879882,41159,4191,0.48241236009165156,0.49877295255246806,0.9970375124391881,0.9994916073342519,0.14285714285714285,280.8547899159664,11.583333333333332,3898.4190196078434
external,phiusiil,iscx_url2016_binary,r01,rf,f_stable,0.17019871428879882,41159,4191,0.48241236009165156,0.49877295255246806,0.9970375124391881,0.9994916073342519,0.14285714285714285,280.8547899159664,11.583333333333332,3898.4190196078434
external,phiusiil,iscx_url2016_binary,r01,rf,f_mi,0.17011452536494878,41159,4191,0.481831985668045,0.49835138758253594,0.9967027751650719,1.0,0.0,280.99764705882353,12.892156862745097,3897.1101960784313
external,phiusiil,iscx_url2016_binary,r01,rf,f_permutation,0.16843785356392435,41159,4191,0.47668871770445426,0.4881861133595849,0.9763722267191698,1.0,0.0,280.99764705882353,92.38464912280702,3817.617703818369
external,phiusiil,iscx_url2016_binary,r01,xgb,f_all,0.17031527173036606,41159,4191,0.4824436526299314,0.49957374279700545,0.9991474855940109,1.0,0.0,280.99764705882353,3.3333333333333335,3906.6690196078434
external,phiusiil,iscx_url2016_binary,r01,xgb,f_single,0.17034872001612578,41159,4191,0.48252885758478314,0.4997442456782033,0.9994884913564066,1.0,0.0,280.99764705882353,2.0,3908.0023529411765
external,phiusiil,iscx_url2016_binary,r01,xgb,f_stable,0.17031527173036606,41159,4191,0.4824010396294809,0.4994884913564066,0.9989769827128132,1.0,0.0,280.99764705882353,4.0,3906.0023529411765
external,phiusiil,iscx_url2016_binary,r01,xgb,f_mi,0.17008105819252328,41159,4191,0.48162746097569653,0.49794330899555145,0.9958866179911029,1.0,0.0,280.99764705882353,16.083333333333332,3893.919019607843
external,phiusiil,iscx_url2016_binary,r01,xgb,f_permutation,0.17023163921537005,41159,4191,0.4821238839935791,0.4989343569925137,0.9978687139850274,1.0,0.0,280.99764705882353,8.333333333333332,3901.6690196078425
external,phiusiil,iscx_url2016_binary,r02,lr,f_all,0.23873982966428947,41236,4195,0.533510451183141,0.5263270904573811,0.996540996784956,0.9438868158701937,15.823785893583867,266.17386116523966,13.535087719298247,3899.4672652218783
external,phiusiil,iscx_url2016_binary,r02,lr,f_single,0.20448871453341524,41236,4195,0.5066326818342101,0.5114996420610037,0.9970445162635483,0.9740452321415407,7.319183466043494,274.67846359278,11.564814814814815,3901.4375381263617
external,phiusiil,iscx_url2016_binary,r02,lr,f_stable,0.20183227597834205,41236,4195,0.5014518006972102,0.5088540455036484,0.9975650978664461,0.9798570068591493,5.680276670441913,276.3173703883816,9.527777777777779,3903.4745751633986
external,phiusiil,iscx_url2016_binary,r02,lr,f_mi,0.16980115583810432,41236,4195,0.48145662314728066,0.49764390742802594,0.995250876013564,0.999963061157512,0.010416666666666666,281.98723039215685,18.583333333333332,3894.4190196078434
external,phiusiil,iscx_url2016_binary,r02,lr,f_permutation,0.22160504782257748,41236,4195,0.5175834645352075,0.5175147118908906,0.9976575073280132,0.9626280835462319,10.538792506041528,271.458854552782,9.166179337231968,3903.8361736039446
external,phiusiil,iscx_url2016_binary,r02,rf,f_all,0.16995108597193986,41236,4195,0.4818857001760976,0.4985518366319388,0.9971036732638776,1.0,0.0,281.9976470588236,11.333333333333332,3901.6690196078434
external,phiusiil,iscx_url2016_binary,r02,rf,f_single,0.16995158017783757,41236,4195,0.48229891669872943,0.49864540765096677,0.9967842254620993,0.9994934101601658,0.14285714285714285,281.8547899159664,12.583333333333332,3900.4190196078434
external,phiusiil,iscx_url2016_binary,r02,rf,f_stable,0.16998500040817846,41236,4195,0.48238098251209255,0.4988051315518559,0.9971036732638776,0.9994934101601658,0.14285714285714285,281.8547899159664,11.333333333333332,3901.6690196078434
external,phiusiil,iscx_url2016_binary,r02,rf,f_mi,0.1698006845178176,41236,4195,0.4815297408712569,0.4978415350491614,0.9956830700983228,1.0,0.0,281.9976470588236,16.892156862745097,3896.1101960784317
external,phiusiil,iscx_url2016_binary,r02,rf,f_permutation,0.16991766813615958,41236,4195,0.48180569902072673,0.49839211273104966,0.9967842254620993,1.0,0.0,281.9976470588236,12.583333333333332,3900.4190196078434
external,phiusiil,iscx_url2016_binary,r02,xgb,f_all,0.16996779388083735,41236,4195,0.48198166896211014,0.4987435053130057,0.9974870106260114,1.0,0.0,281.9976470588236,9.833333333333332,3903.1690196078434
external,phiusiil,iscx_url2016_binary,r02,xgb,f_single,0.1701014329415553,41236,4195,0.48241841059087404,0.49961666263786614,0.9992333252757323,1.0,0.0,281.9976470588236,3.0,3910.002352941177
external,phiusiil,iscx_url2016_binary,r02,xgb,f_stable,0.1700847304123815,41236,4195,0.48235454318722976,0.49948888351715487,0.9989777670343097,1.0,0.0,281.9976470588236,4.0,3909.0023529411765
external,phiusiil,iscx_url2016_binary,r02,xgb,f_mi,0.16985082439152055,41236,4195,0.4815815642945842,0.4979448858085602,0.9958897716171204,1.0,0.0,281.9976470588236,16.083333333333332,3896.9190196078434
external,phiusiil,iscx_url2016_binary,r02,xgb,f_permutation,0.1700346187907576,41236,4195,0.4822054579313021,0.4991907322354952,0.9983814644709904,1.0,0.0,281.9976470588236,6.333333333333334,3906.669019607843
external,phiusiil,iscx_url2016_binary,r03,lr,f_all,0.23661417432486112,41332,4191,0.5313624030871021,0.5249904607657648,0.9959446942216367,0.9459637726901071,15.021944048085988,262.97570301073756,15.86842105263158,3897.133931888545
external,phiusiil,iscx_url2016_binary,r03,lr,f_single,0.31024278042155484,41332,4191,0.5709927182374468,0.5490322088269282,0.9947104425667663,0.8966460249129101,28.732161888387274,249.26548517043628,20.69805068226121,3892.304302258915
external,phiusiil,iscx_url2016_binary,r03,lr,f_stable,0.20578997740240987,41332,4191,0.5074509677549035,0.5119125041341104,0.9975225048262091,0.9736974965579883,7.312034068635872,270.6856129901876,9.694444444444445,3903.3079084967317
external,phiusiil,iscx_url2016_binary,r03,lr,f_mi,0.17118919499428906,41332,4191,0.48169525879165404,0.49764417317734344,0.995250876013564,0.999962529658877,0.010416666666666666,277.9872303921568,18.583333333333332,3894.4190196078434
external,phiusiil,iscx_url2016_binary,r03,lr,f_permutation,0.22345372659717316,41332,4191,0.5179791495417312,0.5175189838568603,0.9968056465232713,0.9617676788095506,10.628495332542123,267.3691517262814,12.499512670565302,3900.502840270611
external,phiusiil,iscx_url2016_binary,r03,rf,f_all,0.17133806487830305,41332,4191,0.4821238839935791,0.4985518366319388,0.9971036732638776,1.0,0.0,277.99764705882353,11.333333333333332,3901.6690196078434
external,phiusiil,iscx_url2016_binary,r03,rf,f_single,0.17133806487830305,41332,4191,0.4821718744764719,0.49864767097247226,0.9972953419449445,1.0,0.0,277.99764705882353,10.583333333333332,3902.4190196078434
external,phiusiil,iscx_url2016_binary,r03,rf,f_stable,0.17132145076889146,41332,4191,0.4821078851891811,0.498519891851761,0.997039783703522,1.0,0.0,277.99764705882353,11.583333333333332,3901.4190196078434
external,phiusiil,iscx_url2016_binary,r03,rf,f_mi,0.17118851390643486,41332,4191,0.48176791234620714,0.4978415350491614,0.9956830700983228,1.0,0.0,277.99764705882353,16.892156862745097,3896.1101960784317
external,phiusiil,iscx_url2016_binary,r03,rf,f_permutation,0.1699568229741942,41332,4191,0.47784497306804474,0.490077895233295,0.98015579046659,1.0,0.0,277.99764705882353,77.65043859649123,3835.3519143446856
external,phiusiil,iscx_url2016_binary,r03,xgb,f_all,0.17150416933932008,41332,4191,0.48272046619702724,0.49974444175857746,0.9994888835171549,1.0,0.0,277.99764705882353,2.0,3911.0023529411765
external,phiusiil,iscx_url2016_binary,r03,xgb,f_single,0.17152077612299305,41332,4191,0.4827843042056162,0.49987222087928873,0.9997444417585775,1.0,0.0,277.99764705882353,1.0,3912.0023529411765
external,phiusiil,iscx_url2016_binary,r03,xgb,f_stable,0.17150416933932008,41332,4191,0.48272046619702724,0.49974444175857746,0.9994888835171549,1.0,0.0,277.99764705882353,2.0,3911.0023529411765
external,phiusiil,iscx_url2016_binary,r03,xgb,f_mi,0.17125498766867844,41332,4191,0.4818837980896015,0.4980726649292715,0.996145329858543,1.0,0.0,277.99764705882353,15.083333333333332,3897.9190196078434
external,phiusiil,iscx_url2016_binary,r03,xgb,f_permutation,0.1713546783215381,41332,4191,0.48218786932764107,0.4986796157526501,0.9973592315053001,1.0,0.0,277.99764705882353,10.333333333333332,3902.6690196078434
external,phiusiil,iscx_url2016_binary,r04,lr,f_all,0.21485762115975574,41209,4196,0.5174110052163824,0.5174923436111514,0.9980104566731357,0.963025769450833,10.463620247224755,272.5340268115988,7.785087719298246,3905.2172652218783
external,phiusiil,iscx_url2016_binary,r04,lr,f_single,0.27003795677384446,41209,4196,0.5439502739413755,0.5324575595908665,0.9955898767607143,0.9306747575789813,19.618880486930856,263.3787665718927,17.25682261208577,3895.745530329091
external,phiusiil,iscx_url2016_binary,r04,lr,f_stable,0.1829738038522517,41209,4196,0.48879303710315464,0.5023785984388597,0.9978490514680268,0.9930918545903075,1.9549888964831832,281.04265816234033,8.416666666666666,3904.5856862745095
external,phiusiil,iscx_url2016_binary,r04,lr,f_mi,0.17006072905848754,41209,4196,0.4814291109637206,0.4977077317248664,0.9953786551342753,0.9999631916845424,0.010416666666666666,282.98723039215685,18.083333333333332,3894.9190196078425
external,phiusiil,iscx_url2016_binary,r04,lr,f_permutation,0.2644032479846071,41209,4196,0.5393868284922217,0.5298786530082213,0.9938563400230646,0.9340990340066219,18.649818315029556,264.347828743794,24.0401559454191,3888.9621969957575
external,phiusiil,iscx_url2016_binary,r04,rf,f_all,0.17021062381700294,41209,4196,0.48189017357778374,0.4986796157526501,0.9973592315053001,1.0,0.0,282.99764705882353,10.333333333333332,3902.669019607843
external,phiusiil,iscx_url2016_binary,r04,rf,f_single,0.1702111578719546,41209,4196,0.48230340852985903,0.49877229172918375,0.997039783703522,0.9994952002451545,0.14285714285714285,282.8547899159664,11.583333333333332,3901.4190196078425
external,phiusiil,iscx_url2016_binary,r04,rf,f_stable,0.1702111578719546,41209,4196,0.48230340852985903,0.49877229172918375,0.997039783703522,0.9994952002451545,0.14285714285714285,282.8547899159664,11.583333333333332,3901.4190196078425
external,phiusiil,iscx_url2016_binary,r04,rf,f_mi,0.17006021791231143,41209,4196,0.4816143711972585,0.49812903807076175,0.9962580761415235,1.0,0.0,282.99764705882353,14.642156862745098,3898.3601960784313
external,phiusiil,iscx_url2016_binary,r04,rf,f_permutation,0.17019391474195042,41209,4196,0.4818261909890699,0.4985518366319388,0.9971036732638776,1.0,0.0,282.99764705882353,11.333333333333332,3901.669019607843
external,phiusiil,iscx_url2016_binary,r04,xgb,f_all,0.17022733221915712,41209,4196,0.48195414036768197,0.49880739487336134,0.9976147897467227,1.0,0.0,282.99764705882353,9.333333333333332,3903.669019607843
external,phiusiil,iscx_url2016_binary,r04,xgb,f_single,0.17022733221915712,41209,4196,0.48195414036768197,0.49880739487336134,0.9976147897467227,1.0,0.0,282.99764705882353,9.333333333333332,3903.669019607843
external,phiusiil,iscx_url2016_binary,r04,xgb,f_stable,0.1703609752169274,41209,4196,0.48242274797444534,0.49974444175857746,0.9994888835171549,1.0,0.0,282.99764705882353,2.0,3911.002352941176
external,phiusiil,iscx_url2016_binary,r04,xgb,f_mi,0.1700936461584936,41209,4196,0.48152205776015233,0.4979448858085602,0.9958897716171204,1.0,0.0,282.99764705882353,16.083333333333332,3896.9190196078425
external,phiusiil,iscx_url2016_binary,r04,xgb,f_permutation,0.17029415909960335,41209,4196,0.4822098496560938,0.4993185113562065,0.998637022712413,1.0,0.0,282.99764705882353,5.333333333333333,3907.669019607843
external,phiusiil,iscx_url2016_binary,r05,lr,f_all,0.2361955550246182,41352,4195,0.5319026736440244,0.5254088690218082,0.9958595081411625,0.9450417700975462,15.498091519009865,266.4995555398137,16.20175438596491,3896.8005985552113
external,phiusiil,iscx_url2016_binary,r05,lr,f_single,0.22903075949008667,41352,4195,0.5219408866946821,0.5198766078258129,0.9974256118867224,0.9576723962350965,11.936284667340974,270.06136239148253,10.073586744639377,3902.9287661965373
external,phiusiil,iscx_url2016_binary,r05,lr,f_stable,0.204080833137025,41352,4195,0.5067480085386371,0.5115879070110668,0.9971795187653525,0.9740037047432188,7.330894094658715,274.66675296416486,11.036549707602338,3901.965803233574
external,phiusiil,iscx_url2016_binary,r05,lr,f_mi,0.16955560899018088,41352,4195,0.4814887318064435,0.4977077969883816,0.9953786551342753,0.999963061157512,0.010416666666666666,281.9872303921569,18.083333333333332,3894.9190196078434
external,phiusiil,iscx_url2016_binary,r05,lr,f_permutation,0.2486844597782726,41352,4195,0.5326716094547753,0.5258924315064066,0.9919374114734354,0.9401525484606221,16.876840516571534,265.120806542252,31.548927875243663,3881.4534250659326
external,phiusiil,iscx_url2016_binary,r05,rf,f_all,0.16968857297753148,41352,4195,0.4818857001760976,0.4985518366319388,0.9971036732638776,1.0,0.0,281.99764705882353,11.333333333333332,3901.6690196078425
external,phiusiil,iscx_url2016_binary,r05,rf,f_single,0.16968857297753148,41352,4195,0.4818857001760976,0.4985518366319388,0.9971036732638776,1.0,0.0,281.99764705882353,11.333333333333332,3901.6690196078425
external,phiusiil,iscx_url2016_binary,r05,rf,f_stable,0.16968857297753148,41352,4195,0.4818857001760976,0.4985518366319388,0.9971036732638776,1.0,0.0,281.99764705882353,11.333333333333332,3901.6690196078425
external,phiusiil,iscx_url2016_binary,r05,rf,f_mi,0.16953849861429088,41352,4195,0.4816018197255396,0.49798528655996155,0.9959705731199231,1.0,0.0,281.99764705882353,15.767156862745097,3897.2351960784313
external,phiusiil,iscx_url2016_binary,r05,rf,f_permutation,0.16937168568214686,41352,4195,0.48113800441677834,0.49706096813669254,0.9941219362733851,1.0,0.0,281.99764705882353,23.000877192982458,3890.001475748194
external,phiusiil,iscx_url2016_binary,r05,xgb,f_all,0.16978859242305608,41352,4195,0.4822693621264279,0.4993185113562065,0.998637022712413,1.0,0.0,281.99764705882353,5.333333333333333,3907.669019607843
external,phiusiil,iscx_url2016_binary,r05,xgb,f_single,0.16985525866741613,41352,4195,0.4824822622364662,0.49974444175857746,0.9994888835171549,1.0,0.0,281.99764705882353,2.0,3911.0023529411765
external,phiusiil,iscx_url2016_binary,r05,xgb,f_stable,0.16987192355562694,41352,4195,0.4825460981298375,0.49987222087928873,0.9997444417585775,1.0,0.0,281.99764705882353,1.0,3912.0023529411765
external,phiusiil,iscx_url2016_binary,r05,xgb,f_mi,0.1696052050283144,41352,4195,0.48164562257002835,0.4980726649292715,0.996145329858543,1.0,0.0,281.99764705882353,15.083333333333332,3897.9190196078434
external,phiusiil,iscx_url2016_binary,r05,xgb,f_permutation,0.1697219154703343,41352,4195,0.48201365065748397,0.49880739487336134,0.9976147897467227,1.0,0.0,281.99764705882353,9.333333333333332,3903.6690196078425
external,phiusiil,iscx_url2016_binary,r06,lr,f_all,0.23474232275273124,41919,4195,0.5314421975822756,0.5251442692077122,0.9957743220606883,0.9454857836452639,15.372880743291224,266.62476631553227,16.535087719298247,3896.4672652218783
external,phiusiil,iscx_url2016_binary,r06,lr,f_single,0.28788240513467334,41919,4195,0.560127592667936,0.542160855527128,0.9954916885942728,0.9111699775400167,25.04985732189771,256.9477897369258,17.64103313840156,3895.3613198027747
external,phiusiil,iscx_url2016_binary,r06,lr,f_stable,0.20254864063642003,41919,4195,0.5031137126226074,0.5097229758658252,0.9975225048262091,0.9780765530945588,6.182360442753454,275.81528661607,9.694444444444445,3903.307908496731
external,phiusiil,iscx_url2016_binary,r06,lr,f_mi,0.16918082875500853,41919,4195,0.4814887318064435,0.4977077969883816,0.9953786551342753,0.999963061157512,0.010416666666666666,281.9872303921569,18.083333333333332,3894.9190196078434
external,phiusiil,iscx_url2016_binary,r06,lr,f_permutation,0.2783709074967518,41919,4195,0.5498829344100813,0.536402622631973,0.9924888792575578,0.9196836339936117,22.649026234116768,259.34862082470676,29.39103313840156,3883.6113198027747
external,phiusiil,iscx_url2016_binary,r06,rf,f_all,0.1693121693121693,41919,4195,0.4818857001760976,0.4985518366319388,0.9971036732638776,1.0,0.0,281.99764705882353,11.333333333333332,3901.669019607843
external,phiusiil,iscx_url2016_binary,r06,rf,f_single,0.16932863031071654,41919,4195,0.4819496833172422,0.4986796157526501,0.9973592315053001,1.0,0.0,281.99764705882353,10.333333333333332,3902.669019607843
external,phiusiil,iscx_url2016_binary,r06,rf,f_stable,0.1693121693121693,41919,4195,0.4818857001760976,0.4985518366319388,0.9971036732638776,1.0,0.0,281.99764705882353,11.333333333333332,3901.669019607843
external,phiusiil,iscx_url2016_binary,r06,rf,f_mi,0.16909811694747273,41919,4195,0.481448505200599,0.49767956940931246,0.9953591388186249,1.0,0.0,281.99764705882353,18.15970072239422,3894.8426522187824
external,phiusiil,iscx_url2016_binary,r06,rf,f_permutation,0.1693121693121693,41919,4195,0.4818857001760976,0.4985518366319388,0.9971036732638776,1.0,0.0,281.99764705882353,11.333333333333332,3901.669019607843
external,phiusiil,iscx_url2016_binary,r06,xgb,f_all,0.16949320442207869,41919,4195,0.4825460981298375,0.49987222087928873,0.9997444417585775,1.0,0.0,281.99764705882353,1.0,3912.002352941176
external,phiusiil,iscx_url2016_binary,r06,xgb,f_single,0.16949320442207869,41919,4195,0.4825460981298375,0.49987222087928873,0.9997444417585775,1.0,0.0,281.99764705882353,1.0,3912.002352941176
external,phiusiil,iscx_url2016_binary,r06,xgb,f_stable,0.16949320442207869,41919,4195,0.4825460981298375,0.49987222087928873,0.9997444417585775,1.0,0.0,281.99764705882353,1.0,3912.002352941176
external,phiusiil,iscx_url2016_binary,r06,xgb,f_mi,0.1692133896188834,41919,4195,0.4815815642945842,0.4979448858085602,0.9958897716171204,1.0,0.0,281.99764705882353,16.083333333333332,3896.919019607843
external,phiusiil,iscx_url2016_binary,r06,xgb,f_permutation,0.16947674994551543,41919,4195,0.4824822622364662,0.49974444175857746,0.9994888835171549,1.0,0.0,281.99764705882353,2.0,3911.002352941176
external,phiusiil,iscx_url2016_binary,r07,lr,f_all,0.23286200433833132,41233,4192,0.5296741655031115,0.5240516829849226,0.9959021011813997,0.9477987352115546,14.564030049470869,264.43361700935264,16.035087719298247,3896.9672652218783
external,phiusiil,iscx_url2016_binary,r07,lr,f_single,0.20333459861109338,41233,4192,0.5032114977040826,0.5096566036447895,0.997390242227578,0.9780770349379992,6.116455668851042,272.8811913899725,10.211988304093568,3902.7903646370833
external,phiusiil,iscx_url2016_binary,r07,lr,f_stable,0.20626043868080002,41233,4192,0.5084634505596523,0.5123960023652401,0.9970422745245885,0.9722502697941083,7.742109433960926,271.2555376248626,11.573586744639377,3901.428766196537
external,phiusiil,iscx_url2016_binary,r07,lr,f_mi,0.16989499360357757,41233,4192,0.48163557661301415,0.4976441060256282,0.995250876013564,0.9999626639623076,0.010416666666666666,278.98723039215685,18.583333333333332,3894.4190196078425
external,phiusiil,iscx_url2016_binary,r07,lr,f_permutation,0.2493139247028603,41233,4192,0.5334084029921585,0.5262650623598965,0.9920651905941467,0.9395350658743539,16.869574350622045,262.1280727082015,31.048927875243663,3881.953425065933
external,phiusiil,iscx_url2016_binary,r07,rf,f_all,0.17004488637507298,41233,4192,0.48206431596790056,0.4985518366319388,0.9971036732638776,1.0,0.0,278.99764705882353,11.333333333333332,3901.6690196078425
external,phiusiil,iscx_url2016_binary,r07,rf,f_single,0.17004539489282308,41233,4192,0.48248252139356723,0.49864813127522584,0.9967842254620993,0.9994879629116477,0.14285714285714285,278.85478991596636,12.583333333333332,3900.419019607843
external,phiusiil,iscx_url2016_binary,r07,rf,f_stable,0.1700281803542673,41233,4192,0.4820483173002554,0.498519891851761,0.997039783703522,1.0,0.0,278.99764705882353,11.583333333333332,3901.419019607843
external,phiusiil,iscx_url2016_binary,r07,rf,f_mi,0.1699112193747106,41233,4192,0.4817403857547258,0.49790542460951703,0.9958108492190341,1.0,0.0,278.99764705882353,16.392156862745097,3896.610196078431
external,phiusiil,iscx_url2016_binary,r07,rf,f_permutation,0.170011473660903,41233,4192,0.4819843127447022,0.49839211273104966,0.9967842254620993,1.0,0.0,278.99764705882353,12.583333333333332,3900.419019607843
external,phiusiil,iscx_url2016_binary,r07,xgb,f_all,0.17007829639917074,41233,4192,0.4821922697374476,0.49880739487336134,0.9976147897467227,1.0,0.0,278.99764705882353,9.333333333333332,3903.6690196078425
external,phiusiil,iscx_url2016_binary,r07,xgb,f_single,0.1701451083784491,41233,4192,0.48244798770765557,0.4993185113562065,0.998637022712413,1.0,0.0,278.99764705882353,5.333333333333334,3907.6690196078425
external,phiusiil,iscx_url2016_binary,r07,xgb,f_stable,0.17021190960133625,41233,4192,0.48266089315913696,0.49974444175857746,0.9994888835171549,1.0,0.0,278.99764705882353,2.0,3911.002352941176
external,phiusiil,iscx_url2016_binary,r07,xgb,f_mi,0.16996134954505193,41233,4192,0.48182423212893843,0.4980726649292715,0.996145329858543,1.0,0.0,278.99764705882353,15.083333333333332,3897.9190196078425
external,phiusiil,iscx_url2016_binary,r07,xgb,f_permutation,0.17022860822667632,41233,4192,0.4827247306414463,0.49987222087928873,0.9997444417585775,1.0,0.0,278.99764705882353,1.0,3912.002352941176
external,phiusiil,iscx_url2016_binary,r08,lr,f_all,0.2272128756809191,41850,4201,0.5249709373093827,0.5215262543180288,0.9962041327237224,0.9531516240876647,13.304828527630477,270.69281853119304,14.86842105263158,3902.133931888545
external,phiusiil,iscx_url2016_binary,r08,lr,f_single,0.20790025264832435,41850,4201,0.5087809398212392,0.5127434322372878,0.9972535637455318,0.971766699270956,8.018190975752647,275.9794560830709,10.757797270955166,3906.2445556702214
external,phiusiil,iscx_url2016_binary,r08,lr,f_stable,0.20518142294843467,41850,4201,0.5070087251687978,0.5118447402004118,0.9975227953674873,0.9738333149666637,7.4312769807968415,276.56637007802664,9.703216374269005,3907.2991365669077
external,phiusiil,iscx_url2016_binary,r08,lr,f_mi,0.17044992646467988,41850,4201,0.48138794034412374,0.4977100265543959,0.9953833744011527,0.9999633212923609,0.010416666666666666,283.98723039215685,18.083333333333332,3898.9190196078434
external,phiusiil,iscx_url2016_binary,r08,lr,f_permutation,0.24912429644960798,41850,4201,0.5326373889757671,0.5259078890529105,0.9922009421688742,0.9403851640630531,16.930473135890722,267.0671739229328,30.548927875243663,3886.453425065932
external,phiusiil,iscx_url2016_binary,r08,rf,f_all,0.1706137656315028,41850,4201,0.4819125074853319,0.49880861274868454,0.9976172254973691,1.0,0.0,283.9976470588235,9.333333333333332,3907.6690196078425
external,phiusiil,iscx_url2016_binary,r08,rf,f_single,0.1706137656315028,41850,4201,0.4819125074853319,0.49880861274868454,0.9976172254973691,1.0,0.0,283.9976470588235,9.333333333333332,3907.6690196078425
external,phiusiil,iscx_url2016_binary,r08,rf,f_stable,0.1706137656315028,41850,4201,0.4819125074853319,0.49880861274868454,0.9976172254973691,1.0,0.0,283.9976470588235,9.333333333333332,3907.6690196078425
external,phiusiil,iscx_url2016_binary,r08,rf,f_mi,0.17044936470494956,41850,4201,0.48145686922980513,0.4978991162309393,0.9957982324618786,1.0,0.0,283.9976470588235,16.458333333333332,3900.544019607843
external,phiusiil,iscx_url2016_binary,r08,rf,f_permutation,0.1706137656315028,41850,4201,0.4819125074853319,0.49880861274868454,0.9976172254973691,1.0,0.0,283.9976470588235,9.333333333333332,3907.6690196078425
external,phiusiil,iscx_url2016_binary,r08,xgb,f_all,0.17076167076167076,41850,4201,0.4824444028308335,0.4998723513659305,0.999744702731861,1.0,0.0,283.9976470588235,1.0,3916.002352941176
external,phiusiil,iscx_url2016_binary,r08,xgb,f_single,0.17076167076167076,41850,4201,0.4824444028308335,0.4998723513659305,0.999744702731861,1.0,0.0,283.9976470588235,1.0,3916.002352941176
external,phiusiil,iscx_url2016_binary,r08,xgb,f_stable,0.17071237491330626,41850,4201,0.48229558225370217,0.4995745045531016,0.9991490091062032,1.0,0.0,283.9976470588235,3.333333333333333,3913.669019607843
external,phiusiil,iscx_url2016_binary,r08,xgb,f_mi,0.17049869182589392,41850,4201,0.4815448618165611,0.4980746331027849,0.9961492662055698,1.0,0.0,283.9976470588235,15.083333333333332,3901.9190196078425
external,phiusiil,iscx_url2016_binary,r08,xgb,f_permutation,0.1706137656315028,41850,4201,0.4819125074853319,0.49880861274868454,0.9976172254973691,1.0,0.0,283.9976470588235,9.333333333333332,3907.6690196078425
external,phiusiil,iscx_url2016_binary,r09,lr,f_all,0.22773844663511197,41501,4196,0.5254357824486164,0.5217710013335425,0.9962546769033622,0.9527126742362774,13.382201926837608,269.6154451319859,14.655458089668617,3898.3468948515083
external,phiusiil,iscx_url2016_binary,r09,lr,f_single,0.2184397985693962,41501,4196,0.5148025430201592,0.5160385404869392,0.9976834118671047,0.9656063308932263,9.733327430936695,273.2643196278868,9.064814814814815,3903.9375381263612
external,phiusiil,iscx_url2016_binary,r09,lr,f_stable,0.19937168495964008,41501,4196,0.49920746267759253,0.5076889671978033,0.9975130397061563,0.9821351053105497,5.055723162068107,277.9419238967554,9.731481481481481,3903.2708714596947
external,phiusiil,iscx_url2016_binary,r09,lr,f_mi,0.17069380718954963,41501,4196,0.4813970029711925,0.49764384216451074,0.995250876013564,0.9999631916845424,0.010416666666666666,282.9872303921569,18.583333333333332,3894.4190196078434
external,phiusiil,iscx_url2016_binary,r09,lr,f_permutation,0.23678302182990746,41501,4196,0.5234919755342891,0.5204440621999138,0.9924485279562805,0.951560403556453,13.70829181800276,269.2893552408207,29.548927875243663,3883.453425065933
external,phiusiil,iscx_url2016_binary,r09,rf,f_all,0.17087545450913014,41501,4196,0.48195414036768197,0.49880739487336134,0.9976147897467227,1.0,0.0,282.9976470588236,9.333333333333332,3903.6690196078434
external,phiusiil,iscx_url2016_binary,r09,rf,f_single,0.17089201877934274,41501,4196,0.4820180913646155,0.4989351739940726,0.9978703479881452,1.0,0.0,282.9976470588236,8.333333333333332,3904.6690196078434
external,phiusiil,iscx_url2016_binary,r09,rf,f_stable,0.17087545450913014,41501,4196,0.48195414036768197,0.49880739487336134,0.9976147897467227,1.0,0.0,282.9976470588236,9.333333333333332,3903.6690196078434
external,phiusiil,iscx_url2016_binary,r09,rf,f_mi,0.1706600587518235,41501,4196,0.48147023479321255,0.4978415350491614,0.9956830700983228,1.0,0.0,282.9976470588236,16.892156862745097,3896.1101960784313
external,phiusiil,iscx_url2016_binary,r09,rf,f_permutation,0.17087545450913014,41501,4196,0.48195414036768197,0.49880739487336134,0.9976147897467227,1.0,0.0,282.9976470588236,9.333333333333332,3903.6690196078434
external,phiusiil,iscx_url2016_binary,r09,xgb,f_all,0.1709582692422941,41501,4196,0.4822737375396201,0.49944629047691774,0.9988925809538355,1.0,0.0,282.9976470588236,4.333333333333333,3908.6690196078434
external,phiusiil,iscx_url2016_binary,r09,xgb,f_single,0.17100795014182413,41501,4196,0.48242274797444534,0.49974444175857746,0.9994888835171549,1.0,0.0,282.9976470588236,2.0,3911.0023529411765
external,phiusiil,iscx_url2016_binary,r09,xgb,f_stable,0.17102450911851066,41501,4196,0.48248658333480854,0.49987222087928873,0.9997444417585775,1.0,0.0,282.9976470588236,1.0,3912.0023529411765
external,phiusiil,iscx_url2016_binary,r09,xgb,f_mi,0.1707594860830819,41501,4196,0.481586115473231,0.4980726649292715,0.996145329858543,1.0,0.0,282.9976470588236,15.083333333333332,3897.9190196078434
external,phiusiil,iscx_url2016_binary,r09,xgb,f_permutation,0.17100795014182413,41501,4196,0.48242274797444534,0.49974444175857746,0.9994888835171549,1.0,0.0,282.9976470588236,2.0,3911.0023529411765
