estimand,dataset,scenario,model,left_run,right_run,comparison,top10_jaccard,top15_jaccard,top20_jaccard,rank_spearman,direction_agreement_all,direction_agreement_top20_union
seed,iscx_url2016_binary,s0,lr,r00,r01,r00_vs_r01,1.0,1.0,1.0,1.0,1.0,1.0
seed,iscx_url2016_binary,s0,lr,r00,r02,r00_vs_r02,1.0,1.0,1.0,1.0,1.0,1.0
seed,iscx_url2016_binary,s0,lr,r00,r03,r00_vs_r03,1.0,1.0,1.0,1.0,1.0,1.0
seed,iscx_url2016_binary,s0,lr,r00,r04,r00_vs_r04,1.0,1.0,1.0,1.0,1.0,1.0
seed,iscx_url2016_binary,s0,lr,r00,r05,r00_vs_r05,1.0,1.0,1.0,1.0,1.0,1.0
seed,iscx_url2016_binary,s0,lr,r00,r06,r00_vs_r06,1.0,1.0,1.0,1.0,1.0,1.0
seed,iscx_url2016_binary,s0,lr,r00,r07,r00_vs_r07,1.0,1.0,1.0,1.0,1.0,1.0
seed,iscx_url2016_binary,s0,lr,r00,r08,r00_vs_r08,1.0,1.0,1.0,1.0,1.0,1.0
seed,iscx_url2016_binary,s0,lr,r00,r09,r00_vs_r09,1.0,1.0,1.0,1.0,1.0,1.0
seed,iscx_url2016_binary,s0,lr,r01,r02,r01_vs_r02,1.0,1.0,1.0,1.0,1.0,1.0
seed,iscx_url2016_binary,s0,lr,r01,r03,r01_vs_r03,1.0,1.0,1.0,1.0,1.0,1.0
seed,iscx_url2016_binary,s0,lr,r01,r04,r01_vs_r04,1.0,1.0,1.0,1.0,1.0,1.0
seed,iscx_url2016_binary,s0,lr,r01,r05,r01_vs_r05,1.0,1.0,1.0,1.0,1.0,1.0
seed,iscx_url2016_binary,s0,lr,r01,r06,r01_vs_r06,1.0,1.0,1.0,1.0,1.0,1.0
seed,iscx_url2016_binary,s0,lr,r01,r07,r01_vs_r07,1.0,1.0,1.0,1.0,1.0,1.0
seed,iscx_url2016_binary,s0,lr,r01,r08,r01_vs_r08,1.0,1.0,1.0,1.0,1.0,1.0
seed,iscx_url2016_binary,s0,lr,r01,r09,r01_vs_r09,1.0,1.0,1.0,1.0,1.0,1.0
seed,iscx_url2016_binary,s0,lr,r02,r03,r02_vs_r03,1.0,1.0,1.0,1.0,1.0,1.0
seed,iscx_url2016_binary,s0,lr,r02,r04,r02_vs_r04,1.0,1.0,1.0,1.0,1.0,1.0
seed,iscx_url2016_binary,s0,lr,r02,r05,r02_vs_r05,1.0,1.0,1.0,1.0,1.0,1.0
seed,iscx_url2016_binary,s0,lr,r02,r06,r02_vs_r06,1.0,1.0,1.0,1.0,1.0,1.0
seed,iscx_url2016_binary,s0,lr,r02,r07,r02_vs_r07,1.0,1.0,1.0,1.0,1.0,1.0
seed,iscx_url2016_binary,s0,lr,r02,r08,r02_vs_r08,1.0,1.0,1.0,1.0,1.0,1.0
seed,iscx_url2016_binary,s0,lr,r02,r09,r02_vs_r09,1.0,1.0,1.0,1.0,1.0,1.0
seed,iscx_url2016_binary,s0,lr,r03,r04,r03_vs_r04,1.0,1.0,1.0,1.0,1.0,1.0
seed,iscx_url2016_binary,s0,lr,r03,r05,r03_vs_r05,1.0,1.0,1.0,1.0,1.0,1.0
seed,iscx_url2016_binary,s0,lr,r03,r06,r03_vs_r06,1.0,1.0,1.0,1.0,1.0,1.0
seed,iscx_url2016_binary,s0,lr,r03,r07,r03_vs_r07,1.0,1.0,1.0,1.0,1.0,1.0
seed,iscx_url2016_binary,s0,lr,r03,r08,r03_vs_r08,1.0,1.0,1.0,1.0,1.0,1.0
seed,iscx_url2016_binary,s0,lr,r03,r09,r03_vs_r09,1.0,1.0,1.0,1.0,1.0,1.0
seed,iscx_url2016_binary,s0,lr,r04,r05,r04_vs_r05,1.0,1.0,1.0,1.0,1.0,1.0
seed,iscx_url2016_binary,s0,lr,r04,r06,r04_vs_r06,1.0,1.0,1.0,1.0,1.0,1.0
seed,iscx_url2016_binary,s0,lr,r04,r07,r04_vs_r07,1.0,1.0,1.0,1.0,1.0,1.0
seed,iscx_url2016_binary,s0,lr,r04,r08,r04_vs_r08,1.0,1.0,1.0,1.0,1.0,1.0
seed,iscx_url2016_binary,s0,lr,r04,r09,r04_vs_r09,1.0,1.0,1.0,1.0,1.0,1.0
seed,iscx_url2016_binary,s0,lr,r05,r06,r05_vs_r06,1.0,1.0,1.0,1.0,1.0,1.0
seed,iscx_url2016_binary,s0,lr,r05,r07,r05_vs_r07,1.0,1.0,1.0,1.0,1.0,1.0
seed,iscx_url2016_binary,s0,lr,r05,r08,r05_vs_r08,1.0,1.0,1.0,1.0,1.0,1.0
seed,iscx_url2016_binary,s0,lr,r05,r09,r05_vs_r09,1.0,1.0,1.0,1.0,1.0,1.0
seed,iscx_url2016_binary,s0,lr,r06,r07,r06_vs_r07,1.0,1.0,1.0,1.0,1.0,1.0
seed,iscx_url2016_binary,s0,lr,r06,r08,r06_vs_r08,1.0,1.0,1.0,1.0,1.0,1.0
seed,iscx_url2016_binary,s0,lr,r06,r09,r06_vs_r09,1.0,1.0,1.0,1.0,1.0,1.0
seed,iscx_url2016_binary,s0,lr,r07,r08,r07_vs_r08,1.0,1.0,1.0,1.0,1.0,1.0
seed,iscx_url2016_binary,s0,lr,r07,r09,r07_vs_r09,1.0,1.0,1.0,1.0,1.0,1.0
seed,iscx_url2016_binary,s0,lr,r08,r09,r08_vs_r09,1.0,1.0,1.0,1.0,1.0,1.0
seed,iscx_url2016_binary,s0,rf,r00,r01,r00_vs_r01,0.8181818181818182,0.875,1.0,0.9910364145658265,1.0,1.0
seed,iscx_url2016_binary,s0,rf,r00,r02,r00_vs_r02,1.0,0.875,1.0,0.9952380952380954,0.9714285714285714,1.0
seed,iscx_url2016_binary,s0,rf,r00,r03,r00_vs_r03,0.8181818181818182,0.875,0.9047619047619048,0.9806722689075631,0.9714285714285714,1.0
seed,iscx_url2016_binary,s0,rf,r00,r04,r00_vs_r04,1.0,0.875,1.0,0.9887955182072831,0.9714285714285714,1.0
seed,iscx_url2016_binary,s0,rf,r00,r05,r00_vs_r05,1.0,0.875,0.9047619047619048,0.9955182072829132,1.0,1.0
seed,iscx_url2016_binary,s0,rf,r00,r06,r00_vs_r06,1.0,0.875,1.0,0.9913165266106445,1.0,1.0
seed,iscx_url2016_binary,s0,rf,r00,r07,r00_vs_r07,1.0,0.875,1.0,0.9910364145658265,0.9714285714285714,1.0
seed,iscx_url2016_binary,s0,rf,r00,r08,r00_vs_r08,1.0,0.875,1.0,0.9921568627450981,0.9714285714285714,1.0
seed,iscx_url2016_binary,s0,rf,r00,r09,r00_vs_r09,1.0,0.875,1.0,0.9862745098039217,1.0,1.0
seed,iscx_url2016_binary,s0,rf,r01,r02,r01_vs_r02,0.8181818181818182,1.0,1.0,0.9915966386554622,0.9714285714285714,1.0
seed,iscx_url2016_binary,s0,rf,r01,r03,r01_vs_r03,1.0,1.0,0.9047619047619048,0.9778711484593837,0.9714285714285714,1.0
seed,iscx_url2016_binary,s0,rf,r01,r04,r01_vs_r04,0.8181818181818182,1.0,1.0,0.9873949579831932,0.9714285714285714,1.0
seed,iscx_url2016_binary,s0,rf,r01,r05,r01_vs_r05,0.8181818181818182,1.0,0.9047619047619048,0.9913165266106445,1.0,1.0
seed,iscx_url2016_binary,s0,rf,r01,r06,r01_vs_r06,0.8181818181818182,1.0,1.0,0.9913165266106445,1.0,1.0
seed,iscx_url2016_binary,s0,rf,r01,r07,r01_vs_r07,0.8181818181818182,1.0,1.0,0.9823529411764705,0.9714285714285714,1.0
seed,iscx_url2016_binary,s0,rf,r01,r08,r01_vs_r08,0.8181818181818182,1.0,1.0,0.9929971988795518,0.9714285714285714,1.0
seed,iscx_url2016_binary,s0,rf,r01,r09,r01_vs_r09,0.8181818181818182,1.0,1.0,0.9812324929971991,1.0,1.0
seed,iscx_url2016_binary,s0,rf,r02,r03,r02_vs_r03,0.8181818181818182,1.0,0.9047619047619048,0.9854341736694678,1.0,1.0
seed,iscx_url2016_binary,s0,rf,r02,r04,r02_vs_r04,1.0,1.0,1.0,0.988515406162465,1.0,1.0
seed,iscx_url2016_binary,s0,rf,r02,r05,r02_vs_r05,1.0,1.0,0.9047619047619048,0.9929971988795518,0.9714285714285714,1.0
seed,iscx_url2016_binary,s0,rf,r02,r06,r02_vs_r06,1.0,1.0,1.0,0.9943977591036416,0.9714285714285714,1.0
seed,iscx_url2016_binary,s0,rf,r02,r07,r02_vs_r07,1.0,1.0,1.0,0.9901960784313726,1.0,1.0
seed,iscx_url2016_binary,s0,rf,r02,r08,r02_vs_r08,1.0,1.0,1.0,0.9935574229691878,1.0,1.0
seed,iscx_url2016_binary,s0,rf,r02,r09,r02_vs_r09,1.0,1.0,1.0,0.9913165266106445,0.9714285714285714,1.0
seed,iscx_url2016_binary,s0,rf,r03,r04,r03_vs_r04,0.8181818181818182,1.0,0.9047619047619048,0.992436974789916,1.0,1.0
seed,iscx_url2016_binary,s0,rf,r03,r05,r03_vs_r05,0.8181818181818182,1.0,0.9047619047619048,0.9887955182072831,0.9714285714285714,1.0
seed,iscx_url2016_binary,s0,rf,r03,r06,r03_vs_r06,0.8181818181818182,1.0,0.9047619047619048,0.9820728291316526,0.9714285714285714,1.0
seed,iscx_url2016_binary,s0,rf,r03,r07,r03_vs_r07,0.8181818181818182,1.0,0.9047619047619048,0.9887955182072831,1.0,1.0
seed,iscx_url2016_binary,s0,rf,r03,r08,r03_vs_r08,0.8181818181818182,1.0,0.9047619047619048,0.988515406162465,1.0,1.0
seed,iscx_url2016_binary,s0,rf,r03,r09,r03_vs_r09,0.8181818181818182,1.0,0.9047619047619048,0.9896358543417367,0.9714285714285714,1.0
seed,iscx_url2016_binary,s0,rf,r04,r05,r04_vs_r05,1.0,1.0,0.9047619047619048,0.9949579831932773,0.9714285714285714,1.0
seed,iscx_url2016_binary,s0,rf,r04,r06,r04_vs_r06,1.0,1.0,1.0,0.9901960784313726,0.9714285714285714,1.0
seed,iscx_url2016_binary,s0,rf,r04,r07,r04_vs_r07,1.0,1.0,1.0,0.9938375350140056,1.0,1.0
seed,iscx_url2016_binary,s0,rf,r04,r08,r04_vs_r08,1.0,1.0,1.0,0.9946778711484594,1.0,1.0
seed,iscx_url2016_binary,s0,rf,r04,r09,r04_vs_r09,1.0,1.0,1.0,0.9896358543417367,0.9714285714285714,1.0
seed,iscx_url2016_binary,s0,rf,r05,r06,r05_vs_r06,1.0,1.0,0.9047619047619048,0.9918767507002803,1.0,1.0
seed,iscx_url2016_binary,s0,rf,r05,r07,r05_vs_r07,1.0,1.0,0.9047619047619048,0.992717086834734,0.9714285714285714,1.0
seed,iscx_url2016_binary,s0,rf,r05,r08,r05_vs_r08,1.0,1.0,0.9047619047619048,0.9949579831932773,0.9714285714285714,1.0
seed,iscx_url2016_binary,s0,rf,r05,r09,r05_vs_r09,1.0,1.0,0.9047619047619048,0.9893557422969188,1.0,1.0
seed,iscx_url2016_binary,s0,rf,r06,r07,r06_vs_r07,1.0,1.0,1.0,0.9907563025210085,0.9714285714285714,1.0
seed,iscx_url2016_binary,s0,rf,r06,r08,r06_vs_r08,1.0,1.0,1.0,0.9910364145658265,0.9714285714285714,1.0
seed,iscx_url2016_binary,s0,rf,r06,r09,r06_vs_r09,1.0,1.0,1.0,0.9910364145658265,1.0,1.0
seed,iscx_url2016_binary,s0,rf,r07,r08,r07_vs_r08,1.0,1.0,1.0,0.9899159663865545,1.0,1.0
seed,iscx_url2016_binary,s0,rf,r07,r09,r07_vs_r09,1.0,1.0,1.0,0.9935574229691878,0.9714285714285714,1.0
seed,iscx_url2016_binary,s0,rf,r08,r09,r08_vs_r09,1.0,1.0,1.0,0.9904761904761905,0.9714285714285714,1.0
seed,iscx_url2016_binary,s0,xgb,r00,r01,r00_vs_r01,1.0,0.875,0.8181818181818182,0.9851123595505618,0.9714285714285714,0.9545454545454546
seed,iscx_url2016_binary,s0,xgb,r00,r02,r00_vs_r02,1.0,0.875,0.9047619047619048,0.9873595505617976,0.9714285714285714,0.9523809523809523
seed,iscx_url2016_binary,s0,xgb,r00,r03,r00_vs_r03,1.0,0.875,0.8181818181818182,0.988202247191011,0.9142857142857143,0.9090909090909091
seed,iscx_url2016_binary,s0,xgb,r00,r04,r00_vs_r04,1.0,0.875,0.9047619047619048,0.991011235955056,0.9714285714285714,0.9523809523809523
seed,iscx_url2016_binary,s0,xgb,r00,r05,r00_vs_r05,1.0,1.0,0.9047619047619048,0.9855441023192918,0.9428571428571428,0.9523809523809523
seed,iscx_url2016_binary,s0,xgb,r00,r06,r00_vs_r06,0.8181818181818182,0.7647058823529411,0.9047619047619048,0.9821756804372549,0.9142857142857143,0.9523809523809523
seed,iscx_url2016_binary,s0,xgb,r00,r07,r00_vs_r07,1.0,0.875,0.9047619047619048,0.9858248041427949,0.9428571428571428,0.9523809523809523
seed,iscx_url2016_binary,s0,xgb,r00,r08,r00_vs_r08,0.8181818181818182,0.875,0.9047619047619048,0.9872283132603101,0.9428571428571428,0.9523809523809523
seed,iscx_url2016_binary,s0,xgb,r00,r09,r00_vs_r09,1.0,0.875,0.9047619047619048,0.9855441023192918,0.9428571428571428,1.0
seed,iscx_url2016_binary,s0,xgb,r01,r02,r01_vs_r02,1.0,0.875,0.9047619047619048,0.9876404494382021,0.9428571428571428,0.9047619047619048
seed,iscx_url2016_binary,s0,xgb,r01,r03,r01_vs_r03,1.0,1.0,0.9047619047619048,0.9907303370786515,0.9428571428571428,0.9523809523809523
seed,iscx_url2016_binary,s0,xgb,r01,r04,r01_vs_r04,1.0,0.875,0.9047619047619048,0.990449438202247,1.0,1.0
seed,iscx_url2016_binary,s0,xgb,r01,r05,r01_vs_r05,1.0,0.875,0.9047619047619048,0.993684455200881,0.9714285714285714,1.0
seed,iscx_url2016_binary,s0,xgb,r01,r06,r01_vs_r06,0.8181818181818182,0.875,0.9047619047619048,0.9844212950252795,0.9428571428571428,1.0
seed,iscx_url2016_binary,s0,xgb,r01,r07,r01_vs_r07,1.0,0.875,0.9047619047619048,0.9934037533773779,0.9714285714285714,1.0
seed,iscx_url2016_binary,s0,xgb,r01,r08,r01_vs_r08,0.8181818181818182,0.875,0.8181818181818182,0.9880704187308196,0.9714285714285714,1.0
seed,iscx_url2016_binary,s0,xgb,r01,r09,r01_vs_r09,1.0,0.875,0.9047619047619048,0.9863862077898009,0.9142857142857143,0.9523809523809523
seed,iscx_url2016_binary,s0,xgb,r02,r03,r02_vs_r03,1.0,0.875,0.9047619047619048,0.9865168539325841,0.9428571428571428,0.9523809523809523
seed,iscx_url2016_binary,s0,xgb,r02,r04,r02_vs_r04,1.0,1.0,0.9047619047619048,0.9890449438202247,0.9428571428571428,0.9047619047619048
seed,iscx_url2016_binary,s0,xgb,r02,r05,r02_vs_r05,1.0,0.875,1.0,0.9914388406128564,0.9142857142857143,0.9
seed,iscx_url2016_binary,s0,xgb,r02,r06,r02_vs_r06,0.8181818181818182,0.875,0.9047619047619048,0.9779651530847088,0.8857142857142857,0.9047619047619048
seed,iscx_url2016_binary,s0,xgb,r02,r07,r02_vs_r07,1.0,1.0,1.0,0.9889125242013286,0.9142857142857143,0.9
seed,iscx_url2016_binary,s0,xgb,r02,r08,r02_vs_r08,0.8181818181818182,0.875,0.9047619047619048,0.9855441023192918,0.9142857142857143,0.9047619047619048
seed,iscx_url2016_binary,s0,xgb,r02,r09,r02_vs_r09,1.0,0.875,1.0,0.986105505966298,0.9142857142857143,0.95
seed,iscx_url2016_binary,s0,xgb,r03,r04,r03_vs_r04,1.0,0.875,0.8181818181818182,0.9896067415730335,0.9428571428571428,0.9545454545454546
seed,iscx_url2016_binary,s0,xgb,r03,r05,r03_vs_r05,1.0,0.875,0.9047619047619048,0.9847019968487826,0.9142857142857143,0.9523809523809523
seed,iscx_url2016_binary,s0,xgb,r03,r06,r03_vs_r06,0.8181818181818182,0.875,0.8181818181818182,0.9757195384966842,0.8857142857142857,0.9545454545454546
seed,iscx_url2016_binary,s0,xgb,r03,r07,r03_vs_r07,1.0,0.875,0.9047619047619048,0.9880704187308196,0.9142857142857143,0.9523809523809523
seed,iscx_url2016_binary,s0,xgb,r03,r08,r03_vs_r08,0.8181818181818182,0.875,0.8181818181818182,0.9866669096133039,0.9142857142857143,0.9545454545454546
seed,iscx_url2016_binary,s0,xgb,r03,r09,r03_vs_r09,1.0,0.875,0.9047619047619048,0.9894739278483348,0.8571428571428571,0.9047619047619048
seed,iscx_url2016_binary,s0,xgb,r04,r05,r04_vs_r05,1.0,0.875,0.9047619047619048,0.9863862077898009,0.9714285714285714,1.0
seed,iscx_url2016_binary,s0,xgb,r04,r06,r04_vs_r06,0.8181818181818182,0.875,1.0,0.9894739278483348,0.9428571428571428,1.0
seed,iscx_url2016_binary,s0,xgb,r04,r07,r04_vs_r07,1.0,1.0,0.9047619047619048,0.9872283132603101,0.9714285714285714,1.0
seed,iscx_url2016_binary,s0,xgb,r04,r08,r04_vs_r08,0.8181818181818182,0.875,0.8181818181818182,0.9905967351423471,0.9714285714285714,1.0
seed,iscx_url2016_binary,s0,xgb,r04,r09,r04_vs_r09,1.0,0.875,0.9047619047619048,0.9835791895547703,0.9142857142857143,0.9523809523809523
seed,iscx_url2016_binary,s0,xgb,r05,r06,r05_vs_r06,0.8181818181818182,0.7647058823529411,0.9047619047619048,0.9806451612903228,0.9714285714285714,1.0
seed,iscx_url2016_binary,s0,xgb,r05,r07,r05_vs_r07,1.0,0.875,1.0,0.9957924263674616,1.0,1.0
seed,iscx_url2016_binary,s0,xgb,r05,r08,r05_vs_r08,0.8181818181818182,0.875,0.9047619047619048,0.9913043478260871,1.0,1.0
seed,iscx_url2016_binary,s0,xgb,r05,r09,r05_vs_r09,1.0,0.875,1.0,0.9870967741935487,0.9428571428571428,0.95
seed,iscx_url2016_binary,s0,xgb,r06,r07,r06_vs_r07,0.8181818181818182,0.875,0.9047619047619048,0.9812061711079946,0.9714285714285714,1.0
seed,iscx_url2016_binary,s0,xgb,r06,r08,r06_vs_r08,0.8181818181818182,0.7647058823529411,0.8181818181818182,0.9809256661991587,0.9714285714285714,1.0
seed,iscx_url2016_binary,s0,xgb,r06,r09,r06_vs_r09,0.8181818181818182,0.7647058823529411,0.9047619047619048,0.9663394109396917,0.9142857142857143,0.9523809523809523
seed,iscx_url2016_binary,s0,xgb,r07,r08,r07_vs_r08,0.8181818181818182,0.875,0.9047619047619048,0.9904628330995794,1.0,1.0
seed,iscx_url2016_binary,s0,xgb,r07,r09,r07_vs_r09,1.0,0.875,1.0,0.9882187938288921,0.9428571428571428,0.95
seed,iscx_url2016_binary,s0,xgb,r08,r09,r08_vs_r09,0.8181818181818182,1.0,0.9047619047619048,0.9868162692847126,0.9428571428571428,0.9523809523809523
seed,iscx_url2016_binary,s3,lr,r00,r01,r00_vs_r01,1.0,1.0,1.0,1.0,1.0,1.0
seed,iscx_url2016_binary,s3,lr,r00,r02,r00_vs_r02,1.0,1.0,1.0,1.0,1.0,1.0
seed,iscx_url2016_binary,s3,lr,r00,r03,r00_vs_r03,1.0,1.0,1.0,1.0,1.0,1.0
seed,iscx_url2016_binary,s3,lr,r00,r04,r00_vs_r04,1.0,1.0,1.0,1.0,1.0,1.0
seed,iscx_url2016_binary,s3,lr,r00,r05,r00_vs_r05,1.0,1.0,1.0,1.0,1.0,1.0
seed,iscx_url2016_binary,s3,lr,r00,r06,r00_vs_r06,1.0,1.0,1.0,1.0,1.0,1.0
seed,iscx_url2016_binary,s3,lr,r00,r07,r00_vs_r07,1.0,1.0,1.0,1.0,1.0,1.0
seed,iscx_url2016_binary,s3,lr,r00,r08,r00_vs_r08,1.0,1.0,1.0,1.0,1.0,1.0
seed,iscx_url2016_binary,s3,lr,r00,r09,r00_vs_r09,1.0,1.0,1.0,1.0,1.0,1.0
seed,iscx_url2016_binary,s3,lr,r01,r02,r01_vs_r02,1.0,1.0,1.0,1.0,1.0,1.0
seed,iscx_url2016_binary,s3,lr,r01,r03,r01_vs_r03,1.0,1.0,1.0,1.0,1.0,1.0
seed,iscx_url2016_binary,s3,lr,r01,r04,r01_vs_r04,1.0,1.0,1.0,1.0,1.0,1.0
seed,iscx_url2016_binary,s3,lr,r01,r05,r01_vs_r05,1.0,1.0,1.0,1.0,1.0,1.0
seed,iscx_url2016_binary,s3,lr,r01,r06,r01_vs_r06,1.0,1.0,1.0,1.0,1.0,1.0
seed,iscx_url2016_binary,s3,lr,r01,r07,r01_vs_r07,1.0,1.0,1.0,1.0,1.0,1.0
seed,iscx_url2016_binary,s3,lr,r01,r08,r01_vs_r08,1.0,1.0,1.0,1.0,1.0,1.0
seed,iscx_url2016_binary,s3,lr,r01,r09,r01_vs_r09,1.0,1.0,1.0,1.0,1.0,1.0
seed,iscx_url2016_binary,s3,lr,r02,r03,r02_vs_r03,1.0,1.0,1.0,1.0,1.0,1.0
seed,iscx_url2016_binary,s3,lr,r02,r04,r02_vs_r04,1.0,1.0,1.0,1.0,1.0,1.0
seed,iscx_url2016_binary,s3,lr,r02,r05,r02_vs_r05,1.0,1.0,1.0,1.0,1.0,1.0
seed,iscx_url2016_binary,s3,lr,r02,r06,r02_vs_r06,1.0,1.0,1.0,1.0,1.0,1.0
seed,iscx_url2016_binary,s3,lr,r02,r07,r02_vs_r07,1.0,1.0,1.0,1.0,1.0,1.0
seed,iscx_url2016_binary,s3,lr,r02,r08,r02_vs_r08,1.0,1.0,1.0,1.0,1.0,1.0
seed,iscx_url2016_binary,s3,lr,r02,r09,r02_vs_r09,1.0,1.0,1.0,1.0,1.0,1.0
seed,iscx_url2016_binary,s3,lr,r03,r04,r03_vs_r04,1.0,1.0,1.0,1.0,1.0,1.0
seed,iscx_url2016_binary,s3,lr,r03,r05,r03_vs_r05,1.0,1.0,1.0,1.0,1.0,1.0
seed,iscx_url2016_binary,s3,lr,r03,r06,r03_vs_r06,1.0,1.0,1.0,1.0,1.0,1.0
seed,iscx_url2016_binary,s3,lr,r03,r07,r03_vs_r07,1.0,1.0,1.0,1.0,1.0,1.0
seed,iscx_url2016_binary,s3,lr,r03,r08,r03_vs_r08,1.0,1.0,1.0,1.0,1.0,1.0
seed,iscx_url2016_binary,s3,lr,r03,r09,r03_vs_r09,1.0,1.0,1.0,1.0,1.0,1.0
seed,iscx_url2016_binary,s3,lr,r04,r05,r04_vs_r05,1.0,1.0,1.0,1.0,1.0,1.0
seed,iscx_url2016_binary,s3,lr,r04,r06,r04_vs_r06,1.0,1.0,1.0,1.0,1.0,1.0
seed,iscx_url2016_binary,s3,lr,r04,r07,r04_vs_r07,1.0,1.0,1.0,1.0,1.0,1.0
seed,iscx_url2016_binary,s3,lr,r04,r08,r04_vs_r08,1.0,1.0,1.0,1.0,1.0,1.0
seed,iscx_url2016_binary,s3,lr,r04,r09,r04_vs_r09,1.0,1.0,1.0,1.0,1.0,1.0
seed,iscx_url2016_binary,s3,lr,r05,r06,r05_vs_r06,1.0,1.0,1.0,1.0,1.0,1.0
seed,iscx_url2016_binary,s3,lr,r05,r07,r05_vs_r07,1.0,1.0,1.0,1.0,1.0,1.0
seed,iscx_url2016_binary,s3,lr,r05,r08,r05_vs_r08,1.0,1.0,1.0,1.0,1.0,1.0
seed,iscx_url2016_binary,s3,lr,r05,r09,r05_vs_r09,1.0,1.0,1.0,1.0,1.0,1.0
seed,iscx_url2016_binary,s3,lr,r06,r07,r06_vs_r07,1.0,1.0,1.0,1.0,1.0,1.0
seed,iscx_url2016_binary,s3,lr,r06,r08,r06_vs_r08,1.0,1.0,1.0,1.0,1.0,1.0
seed,iscx_url2016_binary,s3,lr,r06,r09,r06_vs_r09,1.0,1.0,1.0,1.0,1.0,1.0
seed,iscx_url2016_binary,s3,lr,r07,r08,r07_vs_r08,1.0,1.0,1.0,1.0,1.0,1.0
seed,iscx_url2016_binary,s3,lr,r07,r09,r07_vs_r09,1.0,1.0,1.0,1.0,1.0,1.0
seed,iscx_url2016_binary,s3,lr,r08,r09,r08_vs_r09,1.0,1.0,1.0,1.0,1.0,1.0
seed,iscx_url2016_binary,s3,rf,r00,r01,r00_vs_r01,0.8181818181818182,0.875,0.9047619047619048,0.9834641255605381,0.9714285714285714,1.0
seed,iscx_url2016_binary,s3,rf,r00,r02,r00_vs_r02,1.0,0.875,0.9047619047619048,0.9887892376681614,0.9714285714285714,1.0
seed,iscx_url2016_binary,s3,rf,r00,r03,r00_vs_r03,1.0,0.875,0.9047619047619048,0.9862668161434978,1.0,1.0
seed,iscx_url2016_binary,s3,rf,r00,r04,r00_vs_r04,1.0,0.875,0.9047619047619048,0.9913835595460746,0.9142857142857143,1.0
seed,iscx_url2016_binary,s3,rf,r00,r05,r00_vs_r05,1.0,0.875,0.9047619047619048,0.9887892376681614,1.0,1.0
seed,iscx_url2016_binary,s3,rf,r00,r06,r00_vs_r06,1.0,0.875,1.0,0.9871076233183856,0.9714285714285714,1.0
seed,iscx_url2016_binary,s3,rf,r00,r07,r00_vs_r07,1.0,0.7647058823529411,0.9047619047619048,0.9784192825112107,0.9714285714285714,1.0
seed,iscx_url2016_binary,s3,rf,r00,r08,r00_vs_r08,0.8181818181818182,0.875,0.9047619047619048,0.9837443946188341,1.0,1.0
seed,iscx_url2016_binary,s3,rf,r00,r09,r00_vs_r09,1.0,0.7647058823529411,1.0,0.9915919282511211,0.9714285714285714,1.0
seed,iscx_url2016_binary,s3,rf,r01,r02,r01_vs_r02,0.8181818181818182,0.875,1.0,0.9803811659192825,1.0,1.0
seed,iscx_url2016_binary,s3,rf,r01,r03,r01_vs_r03,0.8181818181818182,1.0,1.0,0.9873878923766815,0.9714285714285714,1.0
seed,iscx_url2016_binary,s3,rf,r01,r04,r01_vs_r04,0.8181818181818182,0.875,1.0,0.9883012477442071,0.9428571428571428,1.0
seed,iscx_url2016_binary,s3,rf,r01,r05,r01_vs_r05,0.8181818181818182,1.0,1.0,0.9826233183856503,0.9714285714285714,1.0
seed,iscx_url2016_binary,s3,rf,r01,r06,r01_vs_r06,0.8181818181818182,1.0,0.9047619047619048,0.9815022421524664,1.0,1.0
seed,iscx_url2016_binary,s3,rf,r01,r07,r01_vs_r07,0.8181818181818182,0.875,0.9047619047619048,0.9722533632286996,1.0,1.0
seed,iscx_url2016_binary,s3,rf,r01,r08,r01_vs_r08,0.8181818181818182,1.0,0.9047619047619048,0.9812219730941704,0.9714285714285714,1.0
seed,iscx_url2016_binary,s3,rf,r01,r09,r01_vs_r09,0.8181818181818182,0.875,0.9047619047619048,0.9792600896860988,1.0,1.0
seed,iscx_url2016_binary,s3,rf,r02,r03,r02_vs_r03,1.0,0.875,1.0,0.9871076233183856,0.9714285714285714,1.0
seed,iscx_url2016_binary,s3,rf,r02,r04,r02_vs_r04,1.0,1.0,1.0,0.9936252408565236,0.9428571428571428,1.0
seed,iscx_url2016_binary,s3,rf,r02,r05,r02_vs_r05,1.0,0.875,1.0,0.9904708520179372,0.9714285714285714,1.0
seed,iscx_url2016_binary,s3,rf,r02,r06,r02_vs_r06,1.0,0.875,0.9047619047619048,0.9887892376681614,1.0,1.0
seed,iscx_url2016_binary,s3,rf,r02,r07,r02_vs_r07,1.0,0.875,0.9047619047619048,0.9893497757847535,1.0,1.0
seed,iscx_url2016_binary,s3,rf,r02,r08,r02_vs_r08,0.8181818181818182,0.875,0.9047619047619048,0.9868273542600898,0.9714285714285714,1.0
seed,iscx_url2016_binary,s3,rf,r02,r09,r02_vs_r09,1.0,0.875,0.9047619047619048,0.9910313901345292,1.0,1.0
seed,iscx_url2016_binary,s3,rf,r03,r04,r03_vs_r04,1.0,0.875,1.0,0.9925044002012992,0.9142857142857143,1.0
seed,iscx_url2016_binary,s3,rf,r03,r05,r03_vs_r05,1.0,1.0,1.0,0.9960762331838566,1.0,1.0
seed,iscx_url2016_binary,s3,rf,r03,r06,r03_vs_r06,1.0,1.0,0.9047619047619048,0.9921524663677129,0.9714285714285714,1.0
seed,iscx_url2016_binary,s3,rf,r03,r07,r03_vs_r07,1.0,0.875,0.9047619047619048,0.9871076233183856,0.9714285714285714,1.0
seed,iscx_url2016_binary,s3,rf,r03,r08,r03_vs_r08,0.8181818181818182,1.0,0.9047619047619048,0.9943946188340808,1.0,1.0
seed,iscx_url2016_binary,s3,rf,r03,r09,r03_vs_r09,1.0,0.875,0.9047619047619048,0.9915919282511211,0.9714285714285714,1.0
seed,iscx_url2016_binary,s3,rf,r04,r05,r04_vs_r05,1.0,0.875,1.0,0.9911033493822685,0.9142857142857143,1.0
seed,iscx_url2016_binary,s3,rf,r04,r06,r04_vs_r06,1.0,0.875,0.9047619047619048,0.9911033493822685,0.9428571428571428,1.0
seed,iscx_url2016_binary,s3,rf,r04,r07,r04_vs_r07,1.0,0.875,0.9047619047619048,0.9846585156147275,0.9428571428571428,1.0
seed,iscx_url2016_binary,s3,rf,r04,r08,r04_vs_r08,0.8181818181818182,0.875,0.9047619047619048,0.9863397765975643,0.9142857142857143,1.0
seed,iscx_url2016_binary,s3,rf,r04,r09,r04_vs_r09,1.0,0.875,0.9047619047619048,0.99026271889085,0.9428571428571428,1.0
seed,iscx_url2016_binary,s3,rf,r05,r06,r05_vs_r06,1.0,1.0,0.9047619047619048,0.9938340807174888,0.9714285714285714,1.0
seed,iscx_url2016_binary,s3,rf,r05,r07,r05_vs_r07,1.0,0.875,0.9047619047619048,0.9871076233183856,0.9714285714285714,1.0
seed,iscx_url2016_binary,s3,rf,r05,r08,r05_vs_r08,0.8181818181818182,1.0,0.9047619047619048,0.9941143497757848,1.0,1.0
seed,iscx_url2016_binary,s3,rf,r05,r09,r05_vs_r09,1.0,0.875,0.9047619047619048,0.9915919282511211,0.9714285714285714,1.0
seed,iscx_url2016_binary,s3,rf,r06,r07,r06_vs_r07,1.0,0.875,0.9047619047619048,0.9871076233183856,1.0,1.0
seed,iscx_url2016_binary,s3,rf,r06,r08,r06_vs_r08,0.8181818181818182,1.0,0.9047619047619048,0.9938340807174888,0.9714285714285714,1.0
seed,iscx_url2016_binary,s3,rf,r06,r09,r06_vs_r09,1.0,0.875,1.0,0.9913116591928253,1.0,1.0
seed,iscx_url2016_binary,s3,rf,r07,r08,r07_vs_r08,0.8181818181818182,0.875,0.8181818181818182,0.9851457399103138,0.9714285714285714,1.0
seed,iscx_url2016_binary,s3,rf,r07,r09,r07_vs_r09,1.0,1.0,0.9047619047619048,0.9876681614349775,1.0,1.0
seed,iscx_url2016_binary,s3,rf,r08,r09,r08_vs_r09,0.8181818181818182,0.875,0.9047619047619048,0.9913116591928253,0.9714285714285714,1.0
seed,iscx_url2016_binary,s3,xgb,r00,r01,r00_vs_r01,1.0,0.875,0.9047619047619048,0.9913835595460746,0.9428571428571428,0.9047619047619048
seed,iscx_url2016_binary,s3,xgb,r00,r02,r00_vs_r02,0.6666666666666666,1.0,0.9047619047619048,0.988021037580401,0.9142857142857143,0.9047619047619048
seed,iscx_url2016_binary,s3,xgb,r00,r03,r00_vs_r03,0.8181818181818182,0.875,0.9047619047619048,0.9908875122840081,0.8285714285714286,0.9047619047619048
seed,iscx_url2016_binary,s3,xgb,r00,r04,r00_vs_r04,0.6666666666666666,0.875,0.9047619047619048,0.9918721973094171,0.9428571428571428,0.9047619047619048
seed,iscx_url2016_binary,s3,xgb,r00,r05,r00_vs_r05,0.8181818181818182,0.875,0.9047619047619048,0.984304932735426,0.8857142857142857,0.8571428571428571
seed,iscx_url2016_binary,s3,xgb,r00,r06,r00_vs_r06,0.8181818181818182,1.0,0.9047619047619048,0.9929932735426009,0.8857142857142857,0.8571428571428571
seed,iscx_url2016_binary,s3,xgb,r00,r07,r00_vs_r07,0.6666666666666666,0.875,0.9047619047619048,0.9876681614349775,0.9428571428571428,0.9523809523809523
seed,iscx_url2016_binary,s3,xgb,r00,r08,r00_vs_r08,0.8181818181818182,0.875,0.9047619047619048,0.9835974513560556,0.9142857142857143,0.9047619047619048
seed,iscx_url2016_binary,s3,xgb,r00,r09,r00_vs_r09,0.8181818181818182,1.0,0.9047619047619048,0.9886444166138687,0.9714285714285714,0.9523809523809523
seed,iscx_url2016_binary,s3,xgb,r01,r02,r01_vs_r02,0.6666666666666666,0.875,1.0,0.9882336461689312,0.9142857142857143,0.95
seed,iscx_url2016_binary,s3,xgb,r01,r03,r01_vs_r03,0.8181818181818182,0.875,0.9047619047619048,0.990118635522786,0.8285714285714286,0.9523809523809523
seed,iscx_url2016_binary,s3,xgb,r01,r04,r01_vs_r04,0.6666666666666666,0.7647058823529411,0.9047619047619048,0.9874606172527888,1.0,1.0
seed,iscx_url2016_binary,s3,xgb,r01,r05,r01_vs_r05,0.8181818181818182,0.875,0.9047619047619048,0.9804553631576356,0.9428571428571428,1.0
seed,iscx_url2016_binary,s3,xgb,r01,r06,r01_vs_r06,0.8181818181818182,0.875,1.0,0.9911033493822685,0.9428571428571428,1.0
seed,iscx_url2016_binary,s3,xgb,r01,r07,r01_vs_r07,0.6666666666666666,0.7647058823529411,0.8181818181818182,0.9804553631576356,0.9428571428571428,0.9545454545454546
seed,iscx_url2016_binary,s3,xgb,r01,r08,r01_vs_r08,0.8181818181818182,0.875,1.0,0.9875956831672635,0.9714285714285714,1.0
seed,iscx_url2016_binary,s3,xgb,r01,r09,r01_vs_r09,0.8181818181818182,0.875,1.0,0.9881563392462686,0.9142857142857143,0.9
seed,iscx_url2016_binary,s3,xgb,r02,r03,r02_vs_r03,0.8181818181818182,0.875,0.9047619047619048,0.9857735509104975,0.8571428571428571,1.0
seed,iscx_url2016_binary,s3,xgb,r02,r04,r02_vs_r04,1.0,0.875,0.9047619047619048,0.9885814579080133,0.9142857142857143,0.9523809523809523
seed,iscx_url2016_binary,s3,xgb,r02,r05,r02_vs_r05,0.6666666666666666,0.875,0.9047619047619048,0.9787741021747989,0.9714285714285714,0.9523809523809523
seed,iscx_url2016_binary,s3,xgb,r02,r06,r02_vs_r06,0.8181818181818182,1.0,1.0,0.9916637697098807,0.9142857142857143,0.95
seed,iscx_url2016_binary,s3,xgb,r02,r07,r02_vs_r07,0.8181818181818182,0.875,0.8181818181818182,0.9821366241404725,0.9714285714285714,0.9545454545454546
seed,iscx_url2016_binary,s3,xgb,r02,r08,r02_vs_r08,0.8181818181818182,0.875,1.0,0.9877358471870149,0.9428571428571428,0.95
seed,iscx_url2016_binary,s3,xgb,r02,r09,r02_vs_r09,0.6666666666666666,1.0,1.0,0.9866145350290049,0.9428571428571428,0.95
seed,iscx_url2016_binary,s3,xgb,r03,r04,r03_vs_r04,0.8181818181818182,0.7647058823529411,1.0,0.9875228687787991,0.8285714285714286,0.95
seed,iscx_url2016_binary,s3,xgb,r03,r05,r03_vs_r05,0.6666666666666666,0.875,1.0,0.9899061579283222,0.8285714285714286,0.95
seed,iscx_url2016_binary,s3,xgb,r03,r06,r03_vs_r06,0.6666666666666666,0.875,0.9047619047619048,0.9871022883406482,0.8857142857142857,0.9523809523809523
seed,iscx_url2016_binary,s3,xgb,r03,r07,r03_vs_r07,0.6666666666666666,0.875,0.8181818181818182,0.9798122274126957,0.8285714285714286,0.9545454545454546
seed,iscx_url2016_binary,s3,xgb,r03,r08,r03_vs_r08,0.6666666666666666,0.7647058823529411,0.9047619047619048,0.9817671809256664,0.8,0.9523809523809523
seed,iscx_url2016_binary,s3,xgb,r03,r09,r03_vs_r09,0.6666666666666666,0.875,0.9047619047619048,0.9882187938288921,0.8571428571428571,0.9523809523809523
seed,iscx_url2016_binary,s3,xgb,r04,r05,r04_vs_r05,0.6666666666666666,0.7647058823529411,1.0,0.984304932735426,0.9428571428571428,1.0
seed,iscx_url2016_binary,s3,xgb,r04,r06,r04_vs_r06,0.8181818181818182,0.875,0.9047619047619048,0.9896300448430493,0.9428571428571428,1.0
seed,iscx_url2016_binary,s3,xgb,r04,r07,r04_vs_r07,0.8181818181818182,0.7647058823529411,0.8181818181818182,0.9809417040358746,0.9428571428571428,0.9545454545454546
seed,iscx_url2016_binary,s3,xgb,r04,r08,r04_vs_r08,0.8181818181818182,0.875,0.9047619047619048,0.9928502209953799,0.9714285714285714,1.0
seed,iscx_url2016_binary,s3,xgb,r04,r09,r04_vs_r09,0.6666666666666666,0.875,0.9047619047619048,0.9872424818200318,0.9142857142857143,0.9047619047619048
seed,iscx_url2016_binary,s3,xgb,r05,r06,r05_vs_r06,0.8181818181818182,0.875,0.9047619047619048,0.9806614349775785,0.9428571428571428,1.0
seed,iscx_url2016_binary,s3,xgb,r05,r07,r05_vs_r07,0.6666666666666666,0.7647058823529411,0.8181818181818182,0.9736547085201793,0.9428571428571428,0.9090909090909091
seed,iscx_url2016_binary,s3,xgb,r05,r08,r05_vs_r08,0.8181818181818182,0.7647058823529411,0.9047619047619048,0.9770083578250215,0.9714285714285714,1.0
seed,iscx_url2016_binary,s3,xgb,r05,r09,r05_vs_r09,0.6666666666666666,0.875,0.9047619047619048,0.9823357100416023,0.9142857142857143,0.9047619047619048
seed,iscx_url2016_binary,s3,xgb,r06,r07,r06_vs_r07,0.8181818181818182,0.875,0.8181818181818182,0.9879484304932735,0.8857142857142857,0.9090909090909091
seed,iscx_url2016_binary,s3,xgb,r06,r08,r06_vs_r08,1.0,0.875,1.0,0.9840180317942065,0.9142857142857143,1.0
seed,iscx_url2016_binary,s3,xgb,r06,r09,r06_vs_r09,0.8181818181818182,1.0,1.0,0.9921492535984614,0.9142857142857143,0.9
seed,iscx_url2016_binary,s3,xgb,r07,r08,r07_vs_r08,0.8181818181818182,0.7647058823529411,0.8181818181818182,0.9730829404022779,0.9714285714285714,0.9545454545454546
seed,iscx_url2016_binary,s3,xgb,r07,r09,r07_vs_r09,0.8181818181818182,0.875,0.8181818181818182,0.980933775247765,0.9142857142857143,0.9090909090909091
seed,iscx_url2016_binary,s3,xgb,r08,r09,r08_vs_r09,0.8181818181818182,0.875,1.0,0.9803646563814868,0.8857142857142857,0.9
seed,phiusiil,s0,lr,r00,r01,r00_vs_r01,1.0,1.0,1.0,1.0,1.0,1.0
seed,phiusiil,s0,lr,r00,r02,r00_vs_r02,1.0,1.0,1.0,1.0,1.0,1.0
seed,phiusiil,s0,lr,r00,r03,r00_vs_r03,1.0,1.0,1.0,1.0,1.0,1.0
seed,phiusiil,s0,lr,r00,r04,r00_vs_r04,1.0,1.0,1.0,1.0,1.0,1.0
seed,phiusiil,s0,lr,r00,r05,r00_vs_r05,1.0,1.0,1.0,1.0,1.0,1.0
seed,phiusiil,s0,lr,r00,r06,r00_vs_r06,1.0,1.0,1.0,1.0,1.0,1.0
seed,phiusiil,s0,lr,r00,r07,r00_vs_r07,1.0,1.0,1.0,1.0,1.0,1.0
seed,phiusiil,s0,lr,r00,r08,r00_vs_r08,1.0,1.0,1.0,1.0,1.0,1.0
seed,phiusiil,s0,lr,r00,r09,r00_vs_r09,1.0,1.0,1.0,1.0,1.0,1.0
seed,phiusiil,s0,lr,r01,r02,r01_vs_r02,1.0,1.0,1.0,1.0,1.0,1.0
seed,phiusiil,s0,lr,r01,r03,r01_vs_r03,1.0,1.0,1.0,1.0,1.0,1.0
seed,phiusiil,s0,lr,r01,r04,r01_vs_r04,1.0,1.0,1.0,1.0,1.0,1.0
seed,phiusiil,s0,lr,r01,r05,r01_vs_r05,1.0,1.0,1.0,1.0,1.0,1.0
seed,phiusiil,s0,lr,r01,r06,r01_vs_r06,1.0,1.0,1.0,1.0,1.0,1.0
seed,phiusiil,s0,lr,r01,r07,r01_vs_r07,1.0,1.0,1.0,1.0,1.0,1.0
seed,phiusiil,s0,lr,r01,r08,r01_vs_r08,1.0,1.0,1.0,1.0,1.0,1.0
seed,phiusiil,s0,lr,r01,r09,r01_vs_r09,1.0,1.0,1.0,1.0,1.0,1.0
seed,phiusiil,s0,lr,r02,r03,r02_vs_r03,1.0,1.0,1.0,1.0,1.0,1.0
seed,phiusiil,s0,lr,r02,r04,r02_vs_r04,1.0,1.0,1.0,1.0,1.0,1.0
seed,phiusiil,s0,lr,r02,r05,r02_vs_r05,1.0,1.0,1.0,1.0,1.0,1.0
seed,phiusiil,s0,lr,r02,r06,r02_vs_r06,1.0,1.0,1.0,1.0,1.0,1.0
seed,phiusiil,s0,lr,r02,r07,r02_vs_r07,1.0,1.0,1.0,1.0,1.0,1.0
seed,phiusiil,s0,lr,r02,r08,r02_vs_r08,1.0,1.0,1.0,1.0,1.0,1.0
seed,phiusiil,s0,lr,r02,r09,r02_vs_r09,1.0,1.0,1.0,1.0,1.0,1.0
seed,phiusiil,s0,lr,r03,r04,r03_vs_r04,1.0,1.0,1.0,1.0,1.0,1.0
seed,phiusiil,s0,lr,r03,r05,r03_vs_r05,1.0,1.0,1.0,1.0,1.0,1.0
seed,phiusiil,s0,lr,r03,r06,r03_vs_r06,1.0,1.0,1.0,1.0,1.0,1.0
seed,phiusiil,s0,lr,r03,r07,r03_vs_r07,1.0,1.0,1.0,1.0,1.0,1.0
seed,phiusiil,s0,lr,r03,r08,r03_vs_r08,1.0,1.0,1.0,1.0,1.0,1.0
seed,phiusiil,s0,lr,r03,r09,r03_vs_r09,1.0,1.0,1.0,1.0,1.0,1.0
seed,phiusiil,s0,lr,r04,r05,r04_vs_r05,1.0,1.0,1.0,1.0,1.0,1.0
seed,phiusiil,s0,lr,r04,r06,r04_vs_r06,1.0,1.0,1.0,1.0,1.0,1.0
seed,phiusiil,s0,lr,r04,r07,r04_vs_r07,1.0,1.0,1.0,1.0,1.0,1.0
seed,phiusiil,s0,lr,r04,r08,r04_vs_r08,1.0,1.0,1.0,1.0,1.0,1.0
seed,phiusiil,s0,lr,r04,r09,r04_vs_r09,1.0,1.0,1.0,1.0,1.0,1.0
seed,phiusiil,s0,lr,r05,r06,r05_vs_r06,1.0,1.0,1.0,1.0,1.0,1.0
seed,phiusiil,s0,lr,r05,r07,r05_vs_r07,1.0,1.0,1.0,1.0,1.0,1.0
seed,phiusiil,s0,lr,r05,r08,r05_vs_r08,1.0,1.0,1.0,1.0,1.0,1.0
seed,phiusiil,s0,lr,r05,r09,r05_vs_r09,1.0,1.0,1.0,1.0,1.0,1.0
seed,phiusiil,s0,lr,r06,r07,r06_vs_r07,1.0,1.0,1.0,1.0,1.0,1.0
seed,phiusiil,s0,lr,r06,r08,r06_vs_r08,1.0,1.0,1.0,1.0,1.0,1.0
seed,phiusiil,s0,lr,r06,r09,r06_vs_r09,1.0,1.0,1.0,1.0,1.0,1.0
seed,phiusiil,s0,lr,r07,r08,r07_vs_r08,1.0,1.0,1.0,1.0,1.0,1.0
seed,phiusiil,s0,lr,r07,r09,r07_vs_r09,1.0,1.0,1.0,1.0,1.0,1.0
seed,phiusiil,s0,lr,r08,r09,r08_vs_r09,1.0,1.0,1.0,1.0,1.0,1.0
seed,phiusiil,s0,rf,r00,r01,r00_vs_r01,0.8181818181818182,0.875,0.9047619047619048,0.9892051905314035,0.9714285714285714,1.0
seed,phiusiil,s0,rf,r00,r02,r00_vs_r02,0.8181818181818182,0.875,0.9047619047619048,0.9860595664337581,0.9714285714285714,1.0
seed,phiusiil,s0,rf,r00,r03,r00_vs_r03,0.8181818181818182,0.875,0.9047619047619048,0.988021037580401,0.9714285714285714,1.0
seed,phiusiil,s0,rf,r00,r04,r00_vs_r04,1.0,1.0,0.9047619047619048,0.9938340807174888,1.0,1.0
seed,phiusiil,s0,rf,r00,r05,r00_vs_r05,0.8181818181818182,0.875,0.9047619047619048,0.9941143497757848,1.0,1.0
seed,phiusiil,s0,rf,r00,r06,r00_vs_r06,0.8181818181818182,1.0,0.9047619047619048,0.9964273424945849,0.9714285714285714,1.0
seed,phiusiil,s0,rf,r00,r07,r00_vs_r07,1.0,1.0,0.8181818181818182,0.9957959641255606,1.0,1.0
seed,phiusiil,s0,rf,r00,r08,r00_vs_r08,0.8181818181818182,0.875,0.9047619047619048,0.9854260089686099,1.0,1.0
seed,phiusiil,s0,rf,r00,r09,r00_vs_r09,0.8181818181818182,0.875,0.9047619047619048,0.9869001969251765,0.9714285714285714,1.0
seed,phiusiil,s0,rf,r01,r02,r01_vs_r02,0.8181818181818182,1.0,1.0,0.991800603759801,0.9428571428571428,1.0
seed,phiusiil,s0,rf,r01,r03,r01_vs_r03,0.8181818181818182,0.875,1.0,0.9898383074832835,0.9428571428571428,1.0
seed,phiusiil,s0,rf,r01,r04,r01_vs_r04,0.8181818181818182,0.875,1.0,0.9903267383664732,0.9714285714285714,1.0
seed,phiusiil,s0,rf,r01,r05,r01_vs_r05,0.8181818181818182,1.0,1.0,0.9960746710212051,0.9714285714285714,1.0
seed,phiusiil,s0,rf,r01,r06,r01_vs_r06,0.8181818181818182,0.875,1.0,0.9923612598388059,0.9428571428571428,1.0
seed,phiusiil,s0,rf,r01,r07,r01_vs_r07,0.8181818181818182,0.875,0.9047619047619048,0.9914482862015429,0.9714285714285714,1.0
seed,phiusiil,s0,rf,r01,r08,r01_vs_r08,1.0,0.875,1.0,0.9910277057633917,0.9714285714285714,1.0
seed,phiusiil,s0,rf,r01,r09,r01_vs_r09,1.0,1.0,1.0,0.9919407677795522,0.9428571428571428,1.0
seed,phiusiil,s0,rf,r02,r03,r02_vs_r03,0.8181818181818182,0.875,1.0,0.9873931923238548,1.0,1.0
seed,phiusiil,s0,rf,r02,r04,r02_vs_r04,0.8181818181818182,0.875,1.0,0.9869001969251765,0.9714285714285714,1.0
seed,phiusiil,s0,rf,r02,r05,r02_vs_r05,0.8181818181818182,1.0,1.0,0.9927846103651052,0.9714285714285714,1.0
seed,phiusiil,s0,rf,r02,r06,r02_vs_r06,1.0,0.875,1.0,0.9901947051407759,1.0,1.0
seed,phiusiil,s0,rf,r02,r07,r02_vs_r07,0.8181818181818182,0.875,0.9047619047619048,0.9860595664337581,0.9714285714285714,1.0
seed,phiusiil,s0,rf,r02,r08,r02_vs_r08,0.8181818181818182,0.875,1.0,0.9840980952871152,0.9714285714285714,1.0
seed,phiusiil,s0,rf,r02,r09,r02_vs_r09,0.8181818181818182,1.0,1.0,0.9913153102675445,1.0,1.0
seed,phiusiil,s0,rf,r03,r04,r03_vs_r04,0.8181818181818182,0.875,1.0,0.992504400201299,0.9714285714285714,1.0
seed,phiusiil,s0,rf,r03,r05,r03_vs_r05,1.0,0.875,1.0,0.9905429290546561,0.9714285714285714,1.0
seed,phiusiil,s0,rf,r03,r06,r03_vs_r06,0.8181818181818182,0.875,1.0,0.9876733436055469,1.0,1.0
seed,phiusiil,s0,rf,r03,r07,r03_vs_r07,0.8181818181818182,0.875,0.9047619047619048,0.992504400201299,0.9714285714285714,1.0
seed,phiusiil,s0,rf,r03,r08,r03_vs_r08,0.8181818181818182,0.7647058823529411,1.0,0.9832574647956969,0.9714285714285714,1.0
seed,phiusiil,s0,rf,r03,r09,r03_vs_r09,0.8181818181818182,0.875,1.0,0.9885137974506233,1.0,1.0
seed,phiusiil,s0,rf,r04,r05,r04_vs_r05,0.8181818181818182,0.875,1.0,0.9915919282511211,1.0,1.0
seed,phiusiil,s0,rf,r04,r06,r04_vs_r06,0.8181818181818182,1.0,1.0,0.9930648205289113,0.9714285714285714,1.0
seed,phiusiil,s0,rf,r04,r07,r04_vs_r07,1.0,1.0,0.9047619047619048,0.9971973094170403,1.0,1.0
seed,phiusiil,s0,rf,r04,r08,r04_vs_r08,0.8181818181818182,0.875,1.0,0.9882286995515696,1.0,1.0
seed,phiusiil,s0,rf,r04,r09,r04_vs_r09,0.8181818181818182,0.875,1.0,0.9885814579080134,0.9714285714285714,1.0
seed,phiusiil,s0,rf,r05,r06,r05_vs_r06,0.8181818181818182,0.875,1.0,0.994746081511748,0.9714285714285714,1.0
seed,phiusiil,s0,rf,r05,r07,r05_vs_r07,0.8181818181818182,0.875,0.9047619047619048,0.992432735426009,1.0,1.0
seed,phiusiil,s0,rf,r05,r08,r05_vs_r08,0.8181818181818182,0.875,1.0,0.9904708520179372,1.0,1.0
seed,phiusiil,s0,rf,r05,r09,r05_vs_r09,0.8181818181818182,1.0,1.0,0.9930648205289113,0.9714285714285714,1.0
seed,phiusiil,s0,rf,r06,r07,r06_vs_r07,0.8181818181818182,1.0,0.9047619047619048,0.9953065018393603,0.9714285714285714,1.0
seed,phiusiil,s0,rf,r06,r08,r06_vs_r08,0.8181818181818182,0.875,1.0,0.9877408274165949,0.9714285714285714,1.0
seed,phiusiil,s0,rf,r06,r09,r06_vs_r09,0.8181818181818182,0.875,1.0,0.9913153102675445,1.0,1.0
seed,phiusiil,s0,rf,r07,r08,r07_vs_r08,0.8181818181818182,0.875,0.9047619047619048,0.9871076233183856,1.0,1.0
seed,phiusiil,s0,rf,r07,r09,r07_vs_r09,0.8181818181818182,0.875,0.9047619047619048,0.9899825087270439,0.9714285714285714,1.0
seed,phiusiil,s0,rf,r08,r09,r08_vs_r09,1.0,0.875,1.0,0.985499146106146,0.9714285714285714,1.0
seed,phiusiil,s0,xgb,r00,r01,r00_vs_r01,0.6666666666666666,0.7647058823529411,0.9047619047619048,0.9816557650748498,0.9428571428571428,1.0
seed,phiusiil,s0,xgb,r00,r02,r00_vs_r02,0.6666666666666666,0.7647058823529411,0.8181818181818182,0.9782012579836772,0.9714285714285714,1.0
seed,phiusiil,s0,xgb,r00,r03,r00_vs_r03,0.8181818181818182,0.875,0.9047619047619048,0.9859738989388153,0.9714285714285714,1.0
seed,phiusiil,s0,xgb,r00,r04,r00_vs_r04,0.8181818181818182,0.875,0.8181818181818182,0.9865496501206774,0.9714285714285714,1.0
seed,phiusiil,s0,xgb,r00,r05,r00_vs_r05,0.8181818181818182,0.875,1.0,0.9871254013025395,0.9714285714285714,1.0
seed,phiusiil,s0,xgb,r00,r06,r00_vs_r06,0.8181818181818182,0.875,0.9047619047619048,0.9897162816209187,0.9428571428571428,0.9523809523809523
seed,phiusiil,s0,xgb,r00,r07,r00_vs_r07,0.8181818181818182,0.875,1.0,0.9832974910394263,0.9428571428571428,1.0
seed,phiusiil,s0,xgb,r00,r08,r00_vs_r08,0.8181818181818182,0.7647058823529411,0.9047619047619048,0.9894284060299878,0.9714285714285714,1.0
seed,phiusiil,s0,xgb,r00,r09,r00_vs_r09,0.8181818181818182,0.875,0.9047619047619048,0.9891405304390567,0.9714285714285714,1.0
seed,phiusiil,s0,xgb,r01,r02,r01_vs_r02,1.0,0.875,0.8181818181818182,0.9838150289017341,0.9714285714285714,1.0
seed,phiusiil,s0,xgb,r01,r03,r01_vs_r03,0.8181818181818182,0.875,0.9047619047619048,0.988728323699422,0.9714285714285714,1.0
seed,phiusiil,s0,xgb,r01,r04,r01_vs_r04,0.8181818181818182,0.875,0.9047619047619048,0.9881502890173411,0.9714285714285714,1.0
seed,phiusiil,s0,xgb,r01,r05,r01_vs_r05,0.8181818181818182,0.875,0.9047619047619048,0.9869942196531793,0.9714285714285714,1.0
seed,phiusiil,s0,xgb,r01,r06,r01_vs_r06,0.8181818181818182,0.875,1.0,0.9924855491329482,0.9428571428571428,0.95
seed,phiusiil,s0,xgb,r01,r07,r01_vs_r07,0.8181818181818182,0.875,0.9047619047619048,0.9868375257116085,0.9428571428571428,1.0
seed,phiusiil,s0,xgb,r01,r08,r01_vs_r08,0.8181818181818182,1.0,1.0,0.9927745664739885,0.9714285714285714,1.0
seed,phiusiil,s0,xgb,r01,r09,r01_vs_r09,0.8181818181818182,0.875,1.0,0.9878612716763007,0.9714285714285714,1.0
seed,phiusiil,s0,xgb,r02,r03,r02_vs_r03,0.8181818181818182,0.875,0.9047619047619048,0.9910404624277458,1.0,1.0
seed,phiusiil,s0,xgb,r02,r04,r02_vs_r04,0.8181818181818182,0.7647058823529411,0.9047619047619048,0.982947976878613,1.0,1.0
seed,phiusiil,s0,xgb,r02,r05,r02_vs_r05,0.8181818181818182,0.875,0.8181818181818182,0.9869942196531793,1.0,1.0
seed,phiusiil,s0,xgb,r02,r06,r02_vs_r06,0.8181818181818182,0.875,0.8181818181818182,0.9867052023121389,0.9714285714285714,0.9545454545454546
seed,phiusiil,s0,xgb,r02,r07,r02_vs_r07,0.8181818181818182,0.875,0.8181818181818182,0.9828072674385737,0.9714285714285714,1.0
seed,phiusiil,s0,xgb,r02,r08,r02_vs_r08,0.8181818181818182,0.875,0.8181818181818182,0.9855491329479771,1.0,1.0
seed,phiusiil,s0,xgb,r02,r09,r02_vs_r09,0.8181818181818182,0.875,0.8181818181818182,0.9815028901734105,1.0,1.0
seed,phiusiil,s0,xgb,r03,r04,r03_vs_r04,1.0,0.875,0.9047619047619048,0.9878612716763007,1.0,1.0
seed,phiusiil,s0,xgb,r03,r05,r03_vs_r05,1.0,1.0,0.9047619047619048,0.9956647398843933,1.0,1.0
seed,phiusiil,s0,xgb,r03,r06,r03_vs_r06,1.0,1.0,0.9047619047619048,0.9924855491329482,0.9714285714285714,0.9523809523809523
seed,phiusiil,s0,xgb,r03,r07,r03_vs_r07,1.0,1.0,0.9047619047619048,0.991155659575574,0.9714285714285714,1.0
seed,phiusiil,s0,xgb,r03,r08,r03_vs_r08,0.8181818181818182,0.875,0.9047619047619048,0.9901734104046245,1.0,1.0
seed,phiusiil,s0,xgb,r03,r09,r03_vs_r09,1.0,1.0,0.9047619047619048,0.9872832369942198,1.0,1.0
seed,phiusiil,s0,xgb,r04,r05,r04_vs_r05,1.0,0.875,0.8181818181818182,0.9881502890173411,1.0,1.0
seed,phiusiil,s0,xgb,r04,r06,r04_vs_r06,1.0,0.875,0.9047619047619048,0.9953757225433528,0.9714285714285714,0.9523809523809523
seed,phiusiil,s0,xgb,r04,r07,r04_vs_r07,1.0,0.875,0.8181818181818182,0.9865496501206774,0.9714285714285714,1.0
seed,phiusiil,s0,xgb,r04,r08,r04_vs_r08,0.8181818181818182,0.875,0.9047619047619048,0.9916184971098267,1.0,1.0
seed,phiusiil,s0,xgb,r04,r09,r04_vs_r09,1.0,0.875,0.9047619047619048,0.9924855491329482,1.0,1.0
seed,phiusiil,s0,xgb,r05,r06,r05_vs_r06,1.0,1.0,0.9047619047619048,0.9942196531791908,0.9714285714285714,0.9523809523809523
seed,phiusiil,s0,xgb,r05,r07,r05_vs_r07,1.0,1.0,1.0,0.9943222910758156,0.9714285714285714,1.0
seed,phiusiil,s0,xgb,r05,r08,r05_vs_r08,0.8181818181818182,0.875,0.9047619047619048,0.9927745664739885,1.0,1.0
seed,phiusiil,s0,xgb,r05,r09,r05_vs_r09,1.0,1.0,0.9047619047619048,0.9921965317919077,1.0,1.0
seed,phiusiil,s0,xgb,r06,r07,r06_vs_r07,1.0,1.0,0.9047619047619048,0.9925950375302292,0.9428571428571428,0.9523809523809523
seed,phiusiil,s0,xgb,r06,r08,r06_vs_r08,0.8181818181818182,0.875,1.0,0.9962427745664741,0.9714285714285714,0.95
seed,phiusiil,s0,xgb,r06,r09,r06_vs_r09,1.0,1.0,1.0,0.9971098265895956,0.9714285714285714,0.95
seed,phiusiil,s0,xgb,r07,r08,r07_vs_r08,0.8181818181818182,0.875,0.9047619047619048,0.9900041572118498,0.9714285714285714,1.0
seed,phiusiil,s0,xgb,r07,r09,r07_vs_r09,1.0,1.0,0.9047619047619048,0.9905799083937119,0.9714285714285714,1.0
seed,phiusiil,s0,xgb,r08,r09,r08_vs_r09,0.8181818181818182,0.875,1.0,0.9942196531791908,1.0,1.0
seed,phiusiil,s3,lr,r00,r01,r00_vs_r01,1.0,1.0,1.0,1.0,1.0,1.0
seed,phiusiil,s3,lr,r00,r02,r00_vs_r02,1.0,1.0,1.0,1.0,1.0,1.0
seed,phiusiil,s3,lr,r00,r03,r00_vs_r03,1.0,1.0,1.0,1.0,1.0,1.0
seed,phiusiil,s3,lr,r00,r04,r00_vs_r04,1.0,1.0,1.0,1.0,1.0,1.0
seed,phiusiil,s3,lr,r00,r05,r00_vs_r05,1.0,1.0,1.0,1.0,1.0,1.0
seed,phiusiil,s3,lr,r00,r06,r00_vs_r06,1.0,1.0,1.0,1.0,1.0,1.0
seed,phiusiil,s3,lr,r00,r07,r00_vs_r07,1.0,1.0,1.0,1.0,1.0,1.0
seed,phiusiil,s3,lr,r00,r08,r00_vs_r08,1.0,1.0,1.0,1.0,1.0,1.0
seed,phiusiil,s3,lr,r00,r09,r00_vs_r09,1.0,1.0,1.0,1.0,1.0,1.0
seed,phiusiil,s3,lr,r01,r02,r01_vs_r02,1.0,1.0,1.0,1.0,1.0,1.0
seed,phiusiil,s3,lr,r01,r03,r01_vs_r03,1.0,1.0,1.0,1.0,1.0,1.0
seed,phiusiil,s3,lr,r01,r04,r01_vs_r04,1.0,1.0,1.0,1.0,1.0,1.0
seed,phiusiil,s3,lr,r01,r05,r01_vs_r05,1.0,1.0,1.0,1.0,1.0,1.0
seed,phiusiil,s3,lr,r01,r06,r01_vs_r06,1.0,1.0,1.0,1.0,1.0,1.0
seed,phiusiil,s3,lr,r01,r07,r01_vs_r07,1.0,1.0,1.0,1.0,1.0,1.0
seed,phiusiil,s3,lr,r01,r08,r01_vs_r08,1.0,1.0,1.0,1.0,1.0,1.0
seed,phiusiil,s3,lr,r01,r09,r01_vs_r09,1.0,1.0,1.0,1.0,1.0,1.0
seed,phiusiil,s3,lr,r02,r03,r02_vs_r03,1.0,1.0,1.0,1.0,1.0,1.0
seed,phiusiil,s3,lr,r02,r04,r02_vs_r04,1.0,1.0,1.0,1.0,1.0,1.0
seed,phiusiil,s3,lr,r02,r05,r02_vs_r05,1.0,1.0,1.0,1.0,1.0,1.0
seed,phiusiil,s3,lr,r02,r06,r02_vs_r06,1.0,1.0,1.0,1.0,1.0,1.0
seed,phiusiil,s3,lr,r02,r07,r02_vs_r07,1.0,1.0,1.0,1.0,1.0,1.0
seed,phiusiil,s3,lr,r02,r08,r02_vs_r08,1.0,1.0,1.0,1.0,1.0,1.0
seed,phiusiil,s3,lr,r02,r09,r02_vs_r09,1.0,1.0,1.0,1.0,1.0,1.0
seed,phiusiil,s3,lr,r03,r04,r03_vs_r04,1.0,1.0,1.0,1.0,1.0,1.0
seed,phiusiil,s3,lr,r03,r05,r03_vs_r05,1.0,1.0,1.0,1.0,1.0,1.0
seed,phiusiil,s3,lr,r03,r06,r03_vs_r06,1.0,1.0,1.0,1.0,1.0,1.0
seed,phiusiil,s3,lr,r03,r07,r03_vs_r07,1.0,1.0,1.0,1.0,1.0,1.0
seed,phiusiil,s3,lr,r03,r08,r03_vs_r08,1.0,1.0,1.0,1.0,1.0,1.0
seed,phiusiil,s3,lr,r03,r09,r03_vs_r09,1.0,1.0,1.0,1.0,1.0,1.0
seed,phiusiil,s3,lr,r04,r05,r04_vs_r05,1.0,1.0,1.0,1.0,1.0,1.0
seed,phiusiil,s3,lr,r04,r06,r04_vs_r06,1.0,1.0,1.0,1.0,1.0,1.0
seed,phiusiil,s3,lr,r04,r07,r04_vs_r07,1.0,1.0,1.0,1.0,1.0,1.0
seed,phiusiil,s3,lr,r04,r08,r04_vs_r08,1.0,1.0,1.0,1.0,1.0,1.0
seed,phiusiil,s3,lr,r04,r09,r04_vs_r09,1.0,1.0,1.0,1.0,1.0,1.0
seed,phiusiil,s3,lr,r05,r06,r05_vs_r06,1.0,1.0,1.0,1.0,1.0,1.0
seed,phiusiil,s3,lr,r05,r07,r05_vs_r07,1.0,1.0,1.0,1.0,1.0,1.0
seed,phiusiil,s3,lr,r05,r08,r05_vs_r08,1.0,1.0,1.0,1.0,1.0,1.0
seed,phiusiil,s3,lr,r05,r09,r05_vs_r09,1.0,1.0,1.0,1.0,1.0,1.0
seed,phiusiil,s3,lr,r06,r07,r06_vs_r07,1.0,1.0,1.0,1.0,1.0,1.0
seed,phiusiil,s3,lr,r06,r08,r06_vs_r08,1.0,1.0,1.0,1.0,1.0,1.0
seed,phiusiil,s3,lr,r06,r09,r06_vs_r09,1.0,1.0,1.0,1.0,1.0,1.0
seed,phiusiil,s3,lr,r07,r08,r07_vs_r08,1.0,1.0,1.0,1.0,1.0,1.0
seed,phiusiil,s3,lr,r07,r09,r07_vs_r09,1.0,1.0,1.0,1.0,1.0,1.0
seed,phiusiil,s3,lr,r08,r09,r08_vs_r09,1.0,1.0,1.0,1.0,1.0,1.0
seed,phiusiil,s3,rf,r00,r01,r00_vs_r01,0.8181818181818182,0.875,1.0,0.9907511210762332,0.9714285714285714,0.95
seed,phiusiil,s3,rf,r00,r02,r00_vs_r02,0.8181818181818182,0.875,1.0,0.9941143497757848,0.9714285714285714,0.95
seed,phiusiil,s3,rf,r00,r03,r00_vs_r03,1.0,1.0,1.0,0.9952354260089686,0.9428571428571428,0.95
seed,phiusiil,s3,rf,r00,r04,r00_vs_r04,0.8181818181818182,0.875,1.0,0.9939054510203297,0.9428571428571428,0.95
seed,phiusiil,s3,rf,r00,r05,r00_vs_r05,0.8181818181818182,0.875,1.0,0.9919439798736868,0.9428571428571428,0.95
seed,phiusiil,s3,rf,r00,r06,r00_vs_r06,1.0,0.875,1.0,0.9949566095233153,0.9714285714285714,1.0
seed,phiusiil,s3,rf,r00,r07,r00_vs_r07,0.8181818181818182,1.0,1.0,0.992713004484305,0.9428571428571428,0.9
seed,phiusiil,s3,rf,r00,r08,r00_vs_r08,0.8181818181818182,0.875,1.0,0.9936252408565236,0.9428571428571428,0.95
seed,phiusiil,s3,rf,r00,r09,r00_vs_r09,1.0,0.875,1.0,0.9974775784753364,1.0,1.0
seed,phiusiil,s3,rf,r01,r02,r01_vs_r02,1.0,0.875,1.0,0.9907511210762332,0.9428571428571428,0.9
seed,phiusiil,s3,rf,r01,r03,r01_vs_r03,0.8181818181818182,0.875,1.0,0.9904708520179372,0.9142857142857143,0.9
seed,phiusiil,s3,rf,r01,r04,r01_vs_r04,0.8181818181818182,0.875,1.0,0.9846585156147275,0.9142857142857143,0.9
seed,phiusiil,s3,rf,r01,r05,r01_vs_r05,0.8181818181818182,0.875,1.0,0.9899825087270439,0.9142857142857143,0.9
seed,phiusiil,s3,rf,r01,r06,r01_vs_r06,0.8181818181818182,1.0,1.0,0.9927150851988471,0.9428571428571428,0.95
seed,phiusiil,s3,rf,r01,r07,r01_vs_r07,0.8181818181818182,0.875,1.0,0.9803811659192825,0.9714285714285714,0.95
seed,phiusiil,s3,rf,r01,r08,r01_vs_r08,1.0,0.875,1.0,0.9919439798736868,0.9142857142857143,0.9
seed,phiusiil,s3,rf,r01,r09,r01_vs_r09,0.8181818181818182,0.875,1.0,0.9910313901345292,0.9714285714285714,0.95
seed,phiusiil,s3,rf,r02,r03,r02_vs_r03,0.8181818181818182,0.875,1.0,0.9938340807174888,0.9714285714285714,1.0
seed,phiusiil,s3,rf,r02,r04,r02_vs_r04,0.8181818181818182,1.0,1.0,0.9927846103651052,0.9714285714285714,1.0
seed,phiusiil,s3,rf,r02,r05,r02_vs_r05,0.8181818181818182,1.0,1.0,0.9933450306927175,0.9714285714285714,1.0
seed,phiusiil,s3,rf,r02,r06,r02_vs_r06,0.8181818181818182,0.875,1.0,0.9907537514149375,0.9428571428571428,0.95
seed,phiusiil,s3,rf,r02,r07,r02_vs_r07,0.8181818181818182,0.875,1.0,0.9873878923766815,0.9714285714285714,0.95
seed,phiusiil,s3,rf,r02,r08,r02_vs_r08,1.0,1.0,1.0,0.994746081511748,0.9714285714285714,1.0
seed,phiusiil,s3,rf,r02,r09,r02_vs_r09,0.8181818181818182,1.0,1.0,0.9969170403587443,0.9714285714285714,0.95
seed,phiusiil,s3,rf,r03,r04,r03_vs_r04,0.8181818181818182,0.875,1.0,0.9883012477442071,0.9428571428571428,1.0
seed,phiusiil,s3,rf,r03,r05,r03_vs_r05,0.8181818181818182,0.875,1.0,0.9927846103651052,0.9428571428571428,1.0
seed,phiusiil,s3,rf,r03,r06,r03_vs_r06,1.0,0.875,1.0,0.9932754662799642,0.9142857142857143,0.95
seed,phiusiil,s3,rf,r03,r07,r03_vs_r07,0.8181818181818182,1.0,1.0,0.9868273542600898,0.9428571428571428,0.95
seed,phiusiil,s3,rf,r03,r08,r03_vs_r08,0.8181818181818182,0.875,1.0,0.9936252408565236,0.9428571428571428,1.0
seed,phiusiil,s3,rf,r03,r09,r03_vs_r09,1.0,0.875,1.0,0.9943946188340808,0.9428571428571428,0.95
seed,phiusiil,s3,rf,r04,r05,r04_vs_r05,0.8181818181818182,1.0,1.0,0.9910351589858523,1.0,1.0
seed,phiusiil,s3,rf,r04,r06,r04_vs_r06,0.8181818181818182,0.875,1.0,0.9891449005277925,0.9714285714285714,0.95
seed,phiusiil,s3,rf,r04,r07,r04_vs_r07,1.0,0.875,1.0,0.994746081511748,0.9428571428571428,0.95
seed,phiusiil,s3,rf,r04,r08,r04_vs_r08,0.8181818181818182,1.0,1.0,0.9893542512956995,0.9714285714285714,1.0
seed,phiusiil,s3,rf,r04,r09,r04_vs_r09,0.8181818181818182,1.0,1.0,0.9950262916755541,0.9428571428571428,0.95
seed,phiusiil,s3,rf,r05,r06,r05_vs_r06,0.8181818181818182,0.875,1.0,0.9922263488160411,0.9714285714285714,0.95
seed,phiusiil,s3,rf,r05,r07,r05_vs_r07,0.8181818181818182,0.875,1.0,0.9888616680718194,0.9428571428571428,0.95
seed,phiusiil,s3,rf,r05,r08,r05_vs_r08,0.8181818181818182,1.0,1.0,0.9918756128309286,0.9714285714285714,1.0
seed,phiusiil,s3,rf,r05,r09,r05_vs_r09,0.8181818181818182,1.0,1.0,0.9941856611841358,0.9428571428571428,0.95
seed,phiusiil,s3,rf,r06,r07,r06_vs_r07,0.8181818181818182,0.875,1.0,0.9865508933065598,0.9142857142857143,0.9
seed,phiusiil,s3,rf,r06,r08,r06_vs_r08,0.8181818181818182,0.875,1.0,0.9930667438037455,0.9428571428571428,0.95
seed,phiusiil,s3,rf,r06,r09,r06_vs_r09,1.0,0.875,1.0,0.9949566095233153,0.9714285714285714,1.0
seed,phiusiil,s3,rf,r07,r08,r07_vs_r08,0.8181818181818182,0.875,1.0,0.9826970444680846,0.9428571428571428,0.95
seed,phiusiil,s3,rf,r07,r09,r07_vs_r09,0.8181818181818182,0.875,1.0,0.9901905829596414,0.9428571428571428,0.9
seed,phiusiil,s3,rf,r08,r09,r08_vs_r09,0.8181818181818182,1.0,1.0,0.9953065018393603,0.9428571428571428,0.95
seed,phiusiil,s3,xgb,r00,r01,r00_vs_r01,1.0,0.875,0.9047619047619048,0.9832369942196533,0.9428571428571428,0.9047619047619048
seed,phiusiil,s3,xgb,r00,r02,r00_vs_r02,0.8181818181818182,0.875,0.9047619047619048,0.9881502890173411,1.0,1.0
seed,phiusiil,s3,xgb,r00,r03,r00_vs_r03,0.8181818181818182,1.0,0.9047619047619048,0.9848223965750911,0.9142857142857143,0.9523809523809523
seed,phiusiil,s3,xgb,r00,r04,r00_vs_r04,0.8181818181818182,0.875,0.9047619047619048,0.9881502890173411,1.0,1.0
seed,phiusiil,s3,xgb,r00,r05,r00_vs_r05,0.8181818181818182,0.875,0.9047619047619048,0.9890173410404625,1.0,1.0
seed,phiusiil,s3,xgb,r00,r06,r00_vs_r06,0.8181818181818182,0.875,0.9047619047619048,0.9825193918476427,0.9714285714285714,1.0
seed,phiusiil,s3,xgb,r00,r07,r00_vs_r07,1.0,1.0,0.9047619047619048,0.9942196531791908,1.0,1.0
seed,phiusiil,s3,xgb,r00,r08,r00_vs_r08,0.8181818181818182,0.875,0.9047619047619048,0.9921965317919077,1.0,1.0
seed,phiusiil,s3,xgb,r00,r09,r00_vs_r09,0.8181818181818182,0.875,1.0,0.9869942196531793,0.9714285714285714,1.0
seed,phiusiil,s3,xgb,r01,r02,r01_vs_r02,0.8181818181818182,1.0,0.9047619047619048,0.9884393063583816,0.9428571428571428,0.9523809523809523
seed,phiusiil,s3,xgb,r01,r03,r01_vs_r03,0.8181818181818182,0.875,0.9047619047619048,0.9730194973469185,0.9142857142857143,1.0
seed,phiusiil,s3,xgb,r01,r04,r01_vs_r04,0.8181818181818182,1.0,1.0,0.9869942196531793,0.9428571428571428,0.95
seed,phiusiil,s3,xgb,r01,r05,r01_vs_r05,0.8181818181818182,1.0,1.0,0.9893063583815029,0.9428571428571428,0.95
seed,phiusiil,s3,xgb,r01,r06,r01_vs_r06,0.8181818181818182,1.0,0.9047619047619048,0.983958769802298,0.9142857142857143,0.9523809523809523
seed,phiusiil,s3,xgb,r01,r07,r01_vs_r07,1.0,0.875,0.9047619047619048,0.9826589595375724,0.9428571428571428,0.9523809523809523
seed,phiusiil,s3,xgb,r01,r08,r01_vs_r08,0.8181818181818182,1.0,0.9047619047619048,0.988728323699422,0.9428571428571428,0.9523809523809523
seed,phiusiil,s3,xgb,r01,r09,r01_vs_r09,0.8181818181818182,1.0,0.9047619047619048,0.9867052023121389,0.9142857142857143,0.9047619047619048
seed,phiusiil,s3,xgb,r02,r03,r02_vs_r03,1.0,0.875,1.0,0.9888526548481257,0.9142857142857143,0.95
seed,phiusiil,s3,xgb,r02,r04,r02_vs_r04,0.8181818181818182,1.0,0.9047619047619048,0.9927745664739885,1.0,1.0
seed,phiusiil,s3,xgb,r02,r05,r02_vs_r05,0.8181818181818182,1.0,0.9047619047619048,0.9942196531791908,1.0,1.0
seed,phiusiil,s3,xgb,r02,r06,r02_vs_r06,1.0,1.0,0.9047619047619048,0.991155659575574,0.9714285714285714,1.0
seed,phiusiil,s3,xgb,r02,r07,r02_vs_r07,0.8181818181818182,0.875,1.0,0.989884393063584,1.0,1.0
seed,phiusiil,s3,xgb,r02,r08,r02_vs_r08,1.0,1.0,1.0,0.9953757225433528,1.0,1.0
seed,phiusiil,s3,xgb,r02,r09,r02_vs_r09,1.0,1.0,0.9047619047619048,0.9947976878612718,0.9714285714285714,1.0
seed,phiusiil,s3,xgb,r03,r04,r03_vs_r04,0.8181818181818182,0.875,0.9047619047619048,0.983095143029505,0.9142857142857143,0.9523809523809523
seed,phiusiil,s3,xgb,r03,r05,r03_vs_r05,0.8181818181818182,0.875,0.9047619047619048,0.983383018620436,0.9142857142857143,0.9523809523809523
seed,phiusiil,s3,xgb,r03,r06,r03_vs_r06,1.0,0.875,0.9047619047619048,0.9789964157706093,0.8857142857142857,0.9047619047619048
seed,phiusiil,s3,xgb,r03,r07,r03_vs_r07,0.8181818181818182,1.0,1.0,0.9871254013025395,0.9142857142857143,0.95
seed,phiusiil,s3,xgb,r03,r08,r03_vs_r08,1.0,0.875,1.0,0.9879890280753326,0.9142857142857143,0.95
seed,phiusiil,s3,xgb,r03,r09,r03_vs_r09,1.0,0.875,0.9047619047619048,0.9856860233478842,0.9428571428571428,0.9523809523809523
seed,phiusiil,s3,xgb,r04,r05,r04_vs_r05,0.8181818181818182,1.0,1.0,0.9939306358381503,1.0,1.0
seed,phiusiil,s3,xgb,r04,r06,r04_vs_r06,0.8181818181818182,1.0,0.9047619047619048,0.9897162816209187,0.9714285714285714,1.0
seed,phiusiil,s3,xgb,r04,r07,r04_vs_r07,0.8181818181818182,0.875,0.9047619047619048,0.9861271676300579,1.0,1.0
seed,phiusiil,s3,xgb,r04,r08,r04_vs_r08,0.8181818181818182,1.0,0.9047619047619048,0.9916184971098267,1.0,1.0
seed,phiusiil,s3,xgb,r04,r09,r04_vs_r09,0.8181818181818182,1.0,0.9047619047619048,0.9916184971098267,0.9714285714285714,1.0
seed,phiusiil,s3,xgb,r05,r06,r05_vs_r06,0.8181818181818182,1.0,0.9047619047619048,0.9897162816209187,0.9714285714285714,1.0
seed,phiusiil,s3,xgb,r05,r07,r05_vs_r07,0.8181818181818182,0.875,0.9047619047619048,0.9858381502890176,1.0,1.0
seed,phiusiil,s3,xgb,r05,r08,r05_vs_r08,0.8181818181818182,1.0,0.9047619047619048,0.9916184971098267,1.0,1.0
seed,phiusiil,s3,xgb,r05,r09,r05_vs_r09,0.8181818181818182,1.0,0.9047619047619048,0.993063583815029,0.9714285714285714,1.0
seed,phiusiil,s3,xgb,r06,r07,r06_vs_r07,0.8181818181818182,0.875,0.9047619047619048,0.9836708942113671,0.9714285714285714,1.0
seed,phiusiil,s3,xgb,r06,r08,r06_vs_r08,1.0,1.0,0.9047619047619048,0.9923071619392981,0.9714285714285714,1.0
seed,phiusiil,s3,xgb,r06,r09,r06_vs_r09,1.0,1.0,0.9047619047619048,0.9885647792571948,0.9428571428571428,1.0
seed,phiusiil,s3,xgb,r07,r08,r07_vs_r08,0.8181818181818182,0.875,1.0,0.9933526011560695,1.0,1.0
seed,phiusiil,s3,xgb,r07,r09,r07_vs_r09,0.8181818181818182,0.875,0.9047619047619048,0.982947976878613,0.9714285714285714,1.0
seed,phiusiil,s3,xgb,r08,r09,r08_vs_r09,1.0,1.0,0.9047619047619048,0.9907514450867054,0.9714285714285714,1.0
partition,iscx_url2016_binary,s0,lr,r00,r01,r00_vs_r01,0.8181818181818182,0.7647058823529411,0.9047619047619048,0.9677871148459384,0.9142857142857143,1.0
partition,iscx_url2016_binary,s0,lr,r00,r02,r00_vs_r02,0.8181818181818182,0.7647058823529411,0.8181818181818182,0.9375350140056022,0.8857142857142857,1.0
partition,iscx_url2016_binary,s0,lr,r00,r03,r00_vs_r03,0.8181818181818182,0.875,0.8181818181818182,0.9366946778711485,0.8857142857142857,0.9545454545454546
partition,iscx_url2016_binary,s0,lr,r00,r04,r00_vs_r04,0.8181818181818182,0.7647058823529411,0.8181818181818182,0.9294117647058825,0.9142857142857143,1.0
partition,iscx_url2016_binary,s0,lr,r00,r05,r00_vs_r05,0.8181818181818182,0.7647058823529411,0.8181818181818182,0.9044817927170868,0.9428571428571428,1.0
partition,iscx_url2016_binary,s0,lr,r00,r06,r00_vs_r06,0.8181818181818182,0.875,0.7391304347826086,0.9434173669467788,0.9428571428571428,1.0
partition,iscx_url2016_binary,s0,lr,r00,r07,r00_vs_r07,0.8181818181818182,0.875,0.8181818181818182,0.9397759103641458,0.8571428571428571,1.0
partition,iscx_url2016_binary,s0,lr,r00,r08,r00_vs_r08,0.8181818181818182,0.875,0.8181818181818182,0.927170868347339,0.8857142857142857,0.9545454545454546
partition,iscx_url2016_binary,s0,lr,r00,r09,r00_vs_r09,0.6666666666666666,0.875,0.7391304347826086,0.9215686274509803,0.8,0.9565217391304348
partition,iscx_url2016_binary,s0,lr,r01,r02,r01_vs_r02,0.8181818181818182,0.875,0.8181818181818182,0.9464985994397759,0.9142857142857143,1.0
partition,iscx_url2016_binary,s0,lr,r01,r03,r01_vs_r03,1.0,0.875,0.8181818181818182,0.9403361344537815,0.9142857142857143,0.9545454545454546
partition,iscx_url2016_binary,s0,lr,r01,r04,r01_vs_r04,0.8181818181818182,0.7647058823529411,0.8181818181818182,0.9078431372549022,0.9428571428571428,1.0
partition,iscx_url2016_binary,s0,lr,r01,r05,r01_vs_r05,0.8181818181818182,0.7647058823529411,0.8181818181818182,0.8829131652661065,0.9714285714285714,1.0
partition,iscx_url2016_binary,s0,lr,r01,r06,r01_vs_r06,0.8181818181818182,0.7647058823529411,0.8181818181818182,0.9408963585434175,0.9142857142857143,1.0
partition,iscx_url2016_binary,s0,lr,r01,r07,r01_vs_r07,0.8181818181818182,0.7647058823529411,0.8181818181818182,0.9366946778711485,0.9428571428571428,1.0
partition,iscx_url2016_binary,s0,lr,r01,r08,r01_vs_r08,0.8181818181818182,0.7647058823529411,0.9047619047619048,0.9249299719887956,0.8571428571428571,0.9523809523809523
partition,iscx_url2016_binary,s0,lr,r01,r09,r01_vs_r09,0.8181818181818182,0.875,0.8181818181818182,0.9134453781512606,0.8857142857142857,0.9545454545454546
partition,iscx_url2016_binary,s0,lr,r02,r03,r02_vs_r03,0.8181818181818182,0.7647058823529411,0.9047619047619048,0.9739495798319329,0.8857142857142857,1.0
partition,iscx_url2016_binary,s0,lr,r02,r04,r02_vs_r04,1.0,0.6666666666666666,0.8181818181818182,0.9288515406162465,0.8571428571428571,1.0
partition,iscx_url2016_binary,s0,lr,r02,r05,r02_vs_r05,1.0,0.6666666666666666,0.8181818181818182,0.9103641456582635,0.9428571428571428,1.0
partition,iscx_url2016_binary,s0,lr,r02,r06,r02_vs_r06,1.0,0.7647058823529411,0.9047619047619048,0.9484593837535015,0.9428571428571428,1.0
partition,iscx_url2016_binary,s0,lr,r02,r07,r02_vs_r07,1.0,0.7647058823529411,1.0,0.9649859943977593,0.8571428571428571,1.0
partition,iscx_url2016_binary,s0,lr,r02,r08,r02_vs_r08,1.0,0.7647058823529411,0.9047619047619048,0.9596638655462185,0.9428571428571428,1.0
partition,iscx_url2016_binary,s0,lr,r02,r09,r02_vs_r09,0.8181818181818182,0.7647058823529411,0.9047619047619048,0.938375350140056,0.9142857142857143,1.0
partition,iscx_url2016_binary,s0,lr,r03,r04,r03_vs_r04,0.8181818181818182,0.875,0.8181818181818182,0.9481792717086837,0.8571428571428571,0.9545454545454546
partition,iscx_url2016_binary,s0,lr,r03,r05,r03_vs_r05,0.8181818181818182,0.875,0.8181818181818182,0.9291316526610645,0.8857142857142857,0.9545454545454546
partition,iscx_url2016_binary,s0,lr,r03,r06,r03_vs_r06,0.8181818181818182,0.875,0.9047619047619048,0.9708683473389356,0.8857142857142857,1.0
partition,iscx_url2016_binary,s0,lr,r03,r07,r03_vs_r07,0.8181818181818182,0.875,0.9047619047619048,0.980952380952381,0.8571428571428571,1.0
partition,iscx_url2016_binary,s0,lr,r03,r08,r03_vs_r08,0.8181818181818182,0.875,0.8181818181818182,0.9756302521008404,0.9428571428571428,1.0
partition,iscx_url2016_binary,s0,lr,r03,r09,r03_vs_r09,0.8181818181818182,1.0,0.8181818181818182,0.9630252100840336,0.9142857142857143,1.0
partition,iscx_url2016_binary,s0,lr,r04,r05,r04_vs_r05,1.0,1.0,1.0,0.9840336134453783,0.9142857142857143,1.0
partition,iscx_url2016_binary,s0,lr,r04,r06,r04_vs_r06,1.0,0.875,0.7391304347826086,0.9322128851540618,0.8571428571428571,1.0
partition,iscx_url2016_binary,s0,lr,r04,r07,r04_vs_r07,1.0,0.875,0.8181818181818182,0.9638655462184874,0.9428571428571428,1.0
partition,iscx_url2016_binary,s0,lr,r04,r08,r04_vs_r08,1.0,0.875,0.7391304347826086,0.9285714285714287,0.8,0.9565217391304348
partition,iscx_url2016_binary,s0,lr,r04,r09,r04_vs_r09,0.8181818181818182,0.875,0.7391304347826086,0.9394957983193277,0.8285714285714286,0.9130434782608695
partition,iscx_url2016_binary,s0,lr,r05,r06,r05_vs_r06,1.0,0.875,0.7391304347826086,0.9282913165266107,0.9428571428571428,1.0
partition,iscx_url2016_binary,s0,lr,r05,r07,r05_vs_r07,1.0,0.875,0.8181818181818182,0.953501400560224,0.9142857142857143,1.0
partition,iscx_url2016_binary,s0,lr,r05,r08,r05_vs_r08,1.0,0.875,0.7391304347826086,0.9176470588235294,0.8857142857142857,0.9565217391304348
partition,iscx_url2016_binary,s0,lr,r05,r09,r05_vs_r09,0.8181818181818182,0.875,0.7391304347826086,0.9274509803921569,0.8571428571428571,0.9130434782608695
partition,iscx_url2016_binary,s0,lr,r06,r07,r06_vs_r07,1.0,1.0,0.9047619047619048,0.9747899159663865,0.8571428571428571,1.0
partition,iscx_url2016_binary,s0,lr,r06,r08,r06_vs_r08,1.0,1.0,0.9047619047619048,0.9817927170868348,0.9428571428571428,1.0
partition,iscx_url2016_binary,s0,lr,r06,r09,r06_vs_r09,0.8181818181818182,0.875,0.9047619047619048,0.9767507002801121,0.8571428571428571,1.0
partition,iscx_url2016_binary,s0,lr,r07,r08,r07_vs_r08,1.0,1.0,0.9047619047619048,0.9767507002801121,0.8,1.0
partition,iscx_url2016_binary,s0,lr,r07,r09,r07_vs_r09,0.8181818181818182,0.875,0.9047619047619048,0.9719887955182074,0.8285714285714286,1.0
partition,iscx_url2016_binary,s0,lr,r08,r09,r08_vs_r09,0.8181818181818182,0.875,0.9047619047619048,0.9711484593837536,0.9142857142857143,1.0
partition,iscx_url2016_binary,s0,rf,r00,r01,r00_vs_r01,1.0,1.0,1.0,0.9899159663865545,0.8857142857142857,0.95
partition,iscx_url2016_binary,s0,rf,r00,r02,r00_vs_r02,0.8181818181818182,0.875,1.0,0.9767507002801121,0.9428571428571428,1.0
partition,iscx_url2016_binary,s0,rf,r00,r03,r00_vs_r03,0.8181818181818182,1.0,1.0,0.973669467787115,0.9142857142857143,1.0
partition,iscx_url2016_binary,s0,rf,r00,r04,r00_vs_r04,0.8181818181818182,1.0,1.0,0.9803921568627451,0.9714285714285714,1.0
partition,iscx_url2016_binary,s0,rf,r00,r05,r00_vs_r05,1.0,0.875,1.0,0.9806722689075631,0.9428571428571428,1.0
partition,iscx_url2016_binary,s0,rf,r00,r06,r00_vs_r06,1.0,0.875,1.0,0.9840336134453783,0.9142857142857143,0.95
partition,iscx_url2016_binary,s0,rf,r00,r07,r00_vs_r07,0.8181818181818182,0.875,1.0,0.9803921568627451,0.9142857142857143,1.0
partition,iscx_url2016_binary,s0,rf,r00,r08,r00_vs_r08,1.0,0.875,1.0,0.9717086834733893,0.9428571428571428,1.0
partition,iscx_url2016_binary,s0,rf,r00,r09,r00_vs_r09,0.8181818181818182,0.875,1.0,0.9848739495798319,0.8857142857142857,1.0
partition,iscx_url2016_binary,s0,rf,r01,r02,r01_vs_r02,0.8181818181818182,0.875,1.0,0.9745098039215688,0.8857142857142857,0.95
partition,iscx_url2016_binary,s0,rf,r01,r03,r01_vs_r03,0.8181818181818182,1.0,1.0,0.9742296918767508,0.9142857142857143,0.95
partition,iscx_url2016_binary,s0,rf,r01,r04,r01_vs_r04,0.8181818181818182,1.0,1.0,0.9759103641456583,0.9142857142857143,0.95
partition,iscx_url2016_binary,s0,rf,r01,r05,r01_vs_r05,1.0,0.875,1.0,0.9787114845938377,0.9428571428571428,0.95
partition,iscx_url2016_binary,s0,rf,r01,r06,r01_vs_r06,1.0,0.875,1.0,0.9837535014005604,0.9714285714285714,1.0
partition,iscx_url2016_binary,s0,rf,r01,r07,r01_vs_r07,0.8181818181818182,0.875,1.0,0.9815126050420169,0.9142857142857143,0.95
partition,iscx_url2016_binary,s0,rf,r01,r08,r01_vs_r08,1.0,0.875,1.0,0.9663865546218489,0.8857142857142857,0.95
partition,iscx_url2016_binary,s0,rf,r01,r09,r01_vs_r09,0.8181818181818182,0.875,1.0,0.9812324929971991,0.9428571428571428,0.95
partition,iscx_url2016_binary,s0,rf,r02,r03,r02_vs_r03,0.6666666666666666,0.875,1.0,0.9899159663865545,0.9714285714285714,1.0
partition,iscx_url2016_binary,s0,rf,r02,r04,r02_vs_r04,0.8181818181818182,0.875,1.0,0.9890756302521008,0.9142857142857143,1.0
partition,iscx_url2016_binary,s0,rf,r02,r05,r02_vs_r05,0.8181818181818182,0.875,1.0,0.9910364145658265,0.9428571428571428,1.0
partition,iscx_url2016_binary,s0,rf,r02,r06,r02_vs_r06,0.8181818181818182,0.875,1.0,0.9899159663865545,0.9142857142857143,0.95
partition,iscx_url2016_binary,s0,rf,r02,r07,r02_vs_r07,0.8181818181818182,1.0,1.0,0.9890756302521008,0.9142857142857143,1.0
partition,iscx_url2016_binary,s0,rf,r02,r08,r02_vs_r08,0.8181818181818182,1.0,1.0,0.9879551820728292,1.0,1.0
partition,iscx_url2016_binary,s0,rf,r02,r09,r02_vs_r09,0.8181818181818182,0.875,1.0,0.9865546218487397,0.9428571428571428,1.0
partition,iscx_url2016_binary,s0,rf,r03,r04,r03_vs_r04,0.8181818181818182,1.0,1.0,0.9941176470588236,0.9428571428571428,1.0
partition,iscx_url2016_binary,s0,rf,r03,r05,r03_vs_r05,0.8181818181818182,0.875,1.0,0.9943977591036416,0.9142857142857143,1.0
partition,iscx_url2016_binary,s0,rf,r03,r06,r03_vs_r06,0.8181818181818182,0.875,1.0,0.9862745098039217,0.8857142857142857,0.95
partition,iscx_url2016_binary,s0,rf,r03,r07,r03_vs_r07,0.8181818181818182,0.875,1.0,0.9913165266106445,0.9428571428571428,1.0
partition,iscx_url2016_binary,s0,rf,r03,r08,r03_vs_r08,0.8181818181818182,0.875,1.0,0.9854341736694678,0.9714285714285714,1.0
partition,iscx_url2016_binary,s0,rf,r03,r09,r03_vs_r09,0.8181818181818182,0.875,1.0,0.9854341736694678,0.9714285714285714,1.0
partition,iscx_url2016_binary,s0,rf,r04,r05,r04_vs_r05,0.8181818181818182,0.875,1.0,0.9974789915966387,0.9142857142857143,1.0
partition,iscx_url2016_binary,s0,rf,r04,r06,r04_vs_r06,0.8181818181818182,0.875,1.0,0.9868347338935575,0.8857142857142857,0.95
partition,iscx_url2016_binary,s0,rf,r04,r07,r04_vs_r07,0.6666666666666666,0.875,1.0,0.9910364145658265,0.9428571428571428,1.0
partition,iscx_url2016_binary,s0,rf,r04,r08,r04_vs_r08,0.8181818181818182,0.875,1.0,0.9871148459383754,0.9142857142857143,1.0
partition,iscx_url2016_binary,s0,rf,r04,r09,r04_vs_r09,0.6666666666666666,0.875,1.0,0.9876750700280112,0.9142857142857143,1.0
partition,iscx_url2016_binary,s0,rf,r05,r06,r05_vs_r06,1.0,1.0,1.0,0.9910364145658265,0.9714285714285714,0.95
partition,iscx_url2016_binary,s0,rf,r05,r07,r05_vs_r07,0.8181818181818182,0.875,1.0,0.9943977591036416,0.9142857142857143,1.0
partition,iscx_url2016_binary,s0,rf,r05,r08,r05_vs_r08,1.0,0.875,1.0,0.9918767507002803,0.9428571428571428,1.0
partition,iscx_url2016_binary,s0,rf,r05,r09,r05_vs_r09,0.8181818181818182,1.0,1.0,0.9915966386554622,0.9428571428571428,1.0
partition,iscx_url2016_binary,s0,rf,r06,r07,r06_vs_r07,0.8181818181818182,0.875,1.0,0.9932773109243699,0.8857142857142857,0.95
partition,iscx_url2016_binary,s0,rf,r06,r08,r06_vs_r08,1.0,0.875,1.0,0.9837535014005604,0.9142857142857143,0.95
partition,iscx_url2016_binary,s0,rf,r06,r09,r06_vs_r09,0.8181818181818182,1.0,1.0,0.9826330532212886,0.9142857142857143,0.95
partition,iscx_url2016_binary,s0,rf,r07,r08,r07_vs_r08,0.8181818181818182,1.0,1.0,0.9907563025210085,0.9142857142857143,1.0
partition,iscx_url2016_binary,s0,rf,r07,r09,r07_vs_r09,1.0,0.875,1.0,0.9896358543417367,0.9142857142857143,1.0
partition,iscx_url2016_binary,s0,rf,r08,r09,r08_vs_r09,0.8181818181818182,0.875,1.0,0.9879551820728292,0.9428571428571428,1.0
partition,iscx_url2016_binary,s0,xgb,r00,r01,r00_vs_r01,0.8181818181818182,0.875,0.8181818181818182,0.9691364128482216,0.7714285714285715,0.8636363636363636
partition,iscx_url2016_binary,s0,xgb,r00,r02,r00_vs_r02,0.8181818181818182,0.7647058823529411,0.9047619047619048,0.9678598874385981,0.9142857142857143,0.9047619047619048
partition,iscx_url2016_binary,s0,xgb,r00,r03,r00_vs_r03,0.8181818181818182,0.875,0.9047619047619048,0.9677334938950538,0.8857142857142857,0.9523809523809523
partition,iscx_url2016_binary,s0,xgb,r00,r04,r00_vs_r04,0.6666666666666666,0.875,0.8181818181818182,0.973876404494382,0.8571428571428571,0.9090909090909091
partition,iscx_url2016_binary,s0,xgb,r00,r05,r00_vs_r05,0.8181818181818182,0.875,0.9047619047619048,0.9754388366731812,0.8,0.8571428571428571
partition,iscx_url2016_binary,s0,xgb,r00,r06,r00_vs_r06,0.8181818181818182,0.7647058823529411,0.9047619047619048,0.9657694073606191,0.7714285714285715,0.8571428571428571
partition,iscx_url2016_binary,s0,xgb,r00,r07,r00_vs_r07,0.8181818181818182,0.875,0.8181818181818182,0.9760002403201874,0.8285714285714286,0.8636363636363636
partition,iscx_url2016_binary,s0,xgb,r00,r08,r00_vs_r08,0.6666666666666666,0.7647058823529411,0.9047619047619048,0.9726318184381504,0.8857142857142857,0.9047619047619048
partition,iscx_url2016_binary,s0,xgb,r00,r09,r00_vs_r09,0.8181818181818182,0.875,0.9047619047619048,0.974877433026175,0.8571428571428571,0.9047619047619048
partition,iscx_url2016_binary,s0,xgb,r01,r02,r01_vs_r02,1.0,0.7647058823529411,0.7391304347826086,0.963129203366035,0.8571428571428571,0.9130434782608695
partition,iscx_url2016_binary,s0,xgb,r01,r03,r01_vs_r03,1.0,0.7647058823529411,0.7391304347826086,0.9621636771300448,0.8285714285714286,0.8695652173913043
partition,iscx_url2016_binary,s0,xgb,r01,r04,r01_vs_r04,0.8181818181818182,0.7647058823529411,0.8181818181818182,0.9638053208261845,0.9142857142857143,0.9090909090909091
partition,iscx_url2016_binary,s0,xgb,r01,r05,r01_vs_r05,1.0,0.875,0.7391304347826086,0.9667742338300112,0.8571428571428571,0.9130434782608695
partition,iscx_url2016_binary,s0,xgb,r01,r06,r01_vs_r06,1.0,0.7647058823529411,0.8181818181818182,0.9694506726457399,0.8857142857142857,1.0
partition,iscx_url2016_binary,s0,xgb,r01,r07,r01_vs_r07,1.0,0.7647058823529411,0.8181818181818182,0.9646713316392557,0.8857142857142857,0.9545454545454546
partition,iscx_url2016_binary,s0,xgb,r01,r08,r01_vs_r08,0.8181818181818182,0.875,0.8181818181818182,0.975746616510568,0.7714285714285715,0.9545454545454546
partition,iscx_url2016_binary,s0,xgb,r01,r09,r01_vs_r09,1.0,1.0,0.7391304347826086,0.9642507512011046,0.8571428571428571,0.9130434782608695
partition,iscx_url2016_binary,s0,xgb,r02,r03,r02_vs_r03,1.0,0.875,1.0,0.9709800382115223,0.9142857142857143,0.95
partition,iscx_url2016_binary,s0,xgb,r02,r04,r02_vs_r04,0.8181818181818182,0.875,0.9047619047619048,0.9740353275556658,0.9428571428571428,1.0
partition,iscx_url2016_binary,s0,xgb,r02,r05,r02_vs_r05,1.0,0.875,1.0,0.9803646563814868,0.8857142857142857,0.95
partition,iscx_url2016_binary,s0,xgb,r02,r06,r02_vs_r06,1.0,0.7647058823529411,0.8181818181818182,0.9507921771802692,0.8,0.9090909090909091
partition,iscx_url2016_binary,s0,xgb,r02,r07,r02_vs_r07,1.0,0.7647058823529411,0.9047619047619048,0.959537166900421,0.8571428571428571,0.9523809523809523
partition,iscx_url2016_binary,s0,xgb,r02,r08,r02_vs_r08,0.8181818181818182,0.7647058823529411,0.9047619047619048,0.9837307152875178,0.9142857142857143,1.0
partition,iscx_url2016_binary,s0,xgb,r02,r09,r02_vs_r09,1.0,0.7647058823529411,1.0,0.9786816269284714,0.9428571428571428,1.0
partition,iscx_url2016_binary,s0,xgb,r03,r04,r03_vs_r04,0.8181818181818182,1.0,0.9047619047619048,0.9767121751953269,0.9142857142857143,0.9523809523809523
partition,iscx_url2016_binary,s0,xgb,r03,r05,r03_vs_r05,1.0,0.875,1.0,0.979111260015777,0.8,0.9
partition,iscx_url2016_binary,s0,xgb,r03,r06,r03_vs_r06,1.0,0.7647058823529411,0.8181818181818182,0.9604820627802692,0.8285714285714286,0.8636363636363636
partition,iscx_url2016_binary,s0,xgb,r03,r07,r03_vs_r07,1.0,0.875,0.9047619047619048,0.9699986838558364,0.8857142857142857,0.9047619047619048
partition,iscx_url2016_binary,s0,xgb,r03,r08,r03_vs_r08,0.8181818181818182,0.7647058823529411,0.9047619047619048,0.9723819730053593,0.8857142857142857,0.9523809523809523
partition,iscx_url2016_binary,s0,xgb,r03,r09,r03_vs_r09,1.0,0.7647058823529411,1.0,0.9864013209437295,0.9142857142857143,0.95
partition,iscx_url2016_binary,s0,xgb,r04,r05,r04_vs_r05,0.8181818181818182,0.875,0.9047619047619048,0.974877433026175,0.8857142857142857,0.9523809523809523
partition,iscx_url2016_binary,s0,xgb,r04,r06,r04_vs_r06,0.8181818181818182,0.7647058823529411,0.7391304347826086,0.9407974499942348,0.8,0.9130434782608695
partition,iscx_url2016_binary,s0,xgb,r04,r07,r04_vs_r07,0.8181818181818182,0.875,0.8181818181818182,0.9672984837915919,0.8571428571428571,0.9545454545454546
partition,iscx_url2016_binary,s0,xgb,r04,r08,r04_vs_r08,0.8181818181818182,0.7647058823529411,0.9047619047619048,0.9774037494377026,0.8571428571428571,1.0
partition,iscx_url2016_binary,s0,xgb,r04,r09,r04_vs_r09,0.8181818181818182,0.7647058823529411,0.9047619047619048,0.9804914694962364,0.9428571428571428,1.0
partition,iscx_url2016_binary,s0,xgb,r05,r06,r05_vs_r06,1.0,0.875,0.8181818181818182,0.9737839077991963,0.8,0.9090909090909091
partition,iscx_url2016_binary,s0,xgb,r05,r07,r05_vs_r07,1.0,0.875,0.9047619047619048,0.9662692847124826,0.8,0.9523809523809523
partition,iscx_url2016_binary,s0,xgb,r05,r08,r05_vs_r08,0.8181818181818182,0.875,0.9047619047619048,0.9730715287517534,0.8,0.9523809523809523
partition,iscx_url2016_binary,s0,xgb,r05,r09,r05_vs_r09,1.0,0.875,1.0,0.9851332398316973,0.8857142857142857,0.95
partition,iscx_url2016_binary,s0,xgb,r06,r07,r06_vs_r07,1.0,0.875,0.8181818181818182,0.9512127576184203,0.9428571428571428,0.9545454545454546
partition,iscx_url2016_binary,s0,xgb,r06,r08,r06_vs_r08,0.8181818181818182,0.875,0.8181818181818182,0.964531138159872,0.8285714285714286,0.9545454545454546
partition,iscx_url2016_binary,s0,xgb,r06,r09,r06_vs_r09,1.0,0.7647058823529411,0.8181818181818182,0.956960690273152,0.8571428571428571,0.9090909090909091
partition,iscx_url2016_binary,s0,xgb,r07,r08,r07_vs_r08,0.8181818181818182,0.875,0.8181818181818182,0.9598176718092569,0.8857142857142857,0.9545454545454546
partition,iscx_url2016_binary,s0,xgb,r07,r09,r07_vs_r09,1.0,0.7647058823529411,0.9047619047619048,0.9673913043478263,0.8571428571428571,0.9523809523809523
partition,iscx_url2016_binary,s0,xgb,r08,r09,r08_vs_r09,0.8181818181818182,0.875,0.9047619047619048,0.9809256661991587,0.8571428571428571,1.0
partition,iscx_url2016_binary,s1,lr,r00,r01,r00_vs_r01,0.8181818181818182,0.875,0.9047619047619048,0.969747899159664,0.9428571428571428,1.0
partition,iscx_url2016_binary,s1,lr,r00,r02,r00_vs_r02,1.0,0.875,0.8181818181818182,0.9467787114845939,0.9142857142857143,1.0
partition,iscx_url2016_binary,s1,lr,r00,r03,r00_vs_r03,0.8181818181818182,1.0,0.9047619047619048,0.9792717086834735,0.9714285714285714,1.0
partition,iscx_url2016_binary,s1,lr,r00,r04,r00_vs_r04,0.8181818181818182,0.875,0.8181818181818182,0.973669467787115,0.9142857142857143,1.0
partition,iscx_url2016_binary,s1,lr,r00,r05,r00_vs_r05,0.8181818181818182,0.875,0.9047619047619048,0.9742296918767508,0.9428571428571428,1.0
partition,iscx_url2016_binary,s1,lr,r00,r06,r00_vs_r06,0.8181818181818182,0.875,0.9047619047619048,0.9369003454588508,0.9142857142857143,1.0
partition,iscx_url2016_binary,s1,lr,r00,r07,r00_vs_r07,0.8181818181818182,0.875,0.8181818181818182,0.9526610644257704,0.9714285714285714,0.9545454545454546
partition,iscx_url2016_binary,s1,lr,r00,r08,r00_vs_r08,0.8181818181818182,0.7647058823529411,0.8181818181818182,0.8893557422969187,0.9428571428571428,1.0
partition,iscx_url2016_binary,s1,lr,r00,r09,r00_vs_r09,0.8181818181818182,0.875,0.9047619047619048,0.9764705882352942,0.9714285714285714,1.0
partition,iscx_url2016_binary,s1,lr,r01,r02,r01_vs_r02,0.8181818181818182,0.7647058823529411,0.8181818181818182,0.9571428571428572,0.9142857142857143,1.0
partition,iscx_url2016_binary,s1,lr,r01,r03,r01_vs_r03,1.0,0.875,0.9047619047619048,0.9630252100840336,0.9142857142857143,1.0
partition,iscx_url2016_binary,s1,lr,r01,r04,r01_vs_r04,1.0,0.7647058823529411,0.9047619047619048,0.9658263305322129,0.9142857142857143,1.0
partition,iscx_url2016_binary,s1,lr,r01,r05,r01_vs_r05,1.0,1.0,0.9047619047619048,0.9680672268907564,0.9428571428571428,1.0
partition,iscx_url2016_binary,s1,lr,r01,r06,r01_vs_r06,0.8181818181818182,0.7647058823529411,0.9047619047619048,0.9538483110442179,0.8571428571428571,1.0
partition,iscx_url2016_binary,s1,lr,r01,r07,r01_vs_r07,1.0,0.875,0.8181818181818182,0.9661064425770309,0.9142857142857143,0.9545454545454546
partition,iscx_url2016_binary,s1,lr,r01,r08,r01_vs_r08,1.0,0.875,0.8181818181818182,0.9358543417366947,0.9428571428571428,1.0
partition,iscx_url2016_binary,s1,lr,r01,r09,r01_vs_r09,0.8181818181818182,1.0,0.9047619047619048,0.961904761904762,0.9714285714285714,1.0
partition,iscx_url2016_binary,s1,lr,r02,r03,r02_vs_r03,0.8181818181818182,0.875,0.9047619047619048,0.9644257703081234,0.9428571428571428,1.0
partition,iscx_url2016_binary,s1,lr,r02,r04,r02_vs_r04,0.8181818181818182,1.0,0.9047619047619048,0.9422969187675071,0.8857142857142857,0.9523809523809523
partition,iscx_url2016_binary,s1,lr,r02,r05,r02_vs_r05,0.8181818181818182,0.7647058823529411,0.8181818181818182,0.9450980392156864,0.8571428571428571,0.9545454545454546
partition,iscx_url2016_binary,s1,lr,r02,r06,r02_vs_r06,0.8181818181818182,1.0,0.8181818181818182,0.9759787123870941,0.9428571428571428,1.0
partition,iscx_url2016_binary,s1,lr,r02,r07,r02_vs_r07,0.8181818181818182,0.875,0.9047619047619048,0.9571428571428572,0.9428571428571428,1.0
partition,iscx_url2016_binary,s1,lr,r02,r08,r02_vs_r08,0.8181818181818182,0.7647058823529411,0.8181818181818182,0.9478991596638656,0.9714285714285714,1.0
partition,iscx_url2016_binary,s1,lr,r02,r09,r02_vs_r09,0.8181818181818182,0.7647058823529411,0.8181818181818182,0.9703081232492997,0.8857142857142857,1.0
partition,iscx_url2016_binary,s1,lr,r03,r04,r03_vs_r04,1.0,0.875,0.9047619047619048,0.9669467787114847,0.9428571428571428,1.0
partition,iscx_url2016_binary,s1,lr,r03,r05,r03_vs_r05,1.0,0.875,0.9047619047619048,0.9848739495798319,0.9142857142857143,1.0
partition,iscx_url2016_binary,s1,lr,r03,r06,r03_vs_r06,0.8181818181818182,0.875,0.9047619047619048,0.9586105493078748,0.9428571428571428,1.0
partition,iscx_url2016_binary,s1,lr,r03,r07,r03_vs_r07,1.0,0.875,0.9047619047619048,0.9467787114845939,1.0,1.0
partition,iscx_url2016_binary,s1,lr,r03,r08,r03_vs_r08,1.0,0.7647058823529411,0.8181818181818182,0.919327731092437,0.9142857142857143,1.0
partition,iscx_url2016_binary,s1,lr,r03,r09,r03_vs_r09,0.8181818181818182,0.875,0.9047619047619048,0.9868347338935575,0.9428571428571428,1.0
partition,iscx_url2016_binary,s1,lr,r04,r05,r04_vs_r05,1.0,0.7647058823529411,0.8181818181818182,0.9574229691876752,0.9714285714285714,1.0
partition,iscx_url2016_binary,s1,lr,r04,r06,r04_vs_r06,0.8181818181818182,1.0,0.8181818181818182,0.9343791604957384,0.8857142857142857,1.0
partition,iscx_url2016_binary,s1,lr,r04,r07,r04_vs_r07,1.0,0.875,0.9047619047619048,0.9627450980392158,0.9428571428571428,1.0
partition,iscx_url2016_binary,s1,lr,r04,r08,r04_vs_r08,1.0,0.7647058823529411,0.7391304347826086,0.8960784313725492,0.8571428571428571,0.9565217391304348
partition,iscx_url2016_binary,s1,lr,r04,r09,r04_vs_r09,0.8181818181818182,0.7647058823529411,0.8181818181818182,0.9532212885154063,0.9428571428571428,1.0
partition,iscx_url2016_binary,s1,lr,r05,r06,r05_vs_r06,0.8181818181818182,0.7647058823529411,1.0,0.9516072577436736,0.8571428571428571,1.0
partition,iscx_url2016_binary,s1,lr,r05,r07,r05_vs_r07,1.0,0.875,0.8181818181818182,0.9411764705882355,0.9142857142857143,0.9545454545454546
partition,iscx_url2016_binary,s1,lr,r05,r08,r05_vs_r08,1.0,0.875,0.9047619047619048,0.9240896358543418,0.8857142857142857,0.9523809523809523
partition,iscx_url2016_binary,s1,lr,r05,r09,r05_vs_r09,0.8181818181818182,1.0,1.0,0.9873949579831932,0.9714285714285714,1.0
partition,iscx_url2016_binary,s1,lr,r06,r07,r06_vs_r07,0.8181818181818182,0.875,0.8181818181818182,0.9446039661794723,0.9428571428571428,1.0
partition,iscx_url2016_binary,s1,lr,r06,r08,r06_vs_r08,0.8181818181818182,0.7647058823529411,0.9047619047619048,0.9658939725346443,0.9142857142857143,1.0
partition,iscx_url2016_binary,s1,lr,r06,r09,r06_vs_r09,0.8181818181818182,0.7647058823529411,1.0,0.9664542358597804,0.8857142857142857,1.0
partition,iscx_url2016_binary,s1,lr,r07,r08,r07_vs_r08,1.0,0.7647058823529411,0.7391304347826086,0.919607843137255,0.9142857142857143,0.9565217391304348
partition,iscx_url2016_binary,s1,lr,r07,r09,r07_vs_r09,0.8181818181818182,0.875,0.8181818181818182,0.942577030812325,0.9428571428571428,0.9545454545454546
partition,iscx_url2016_binary,s1,lr,r08,r09,r08_vs_r09,0.8181818181818182,0.875,0.9047619047619048,0.9243697478991598,0.9142857142857143,1.0
partition,iscx_url2016_binary,s1,rf,r00,r01,r00_vs_r01,1.0,0.875,1.0,0.9887247030339406,0.8857142857142857,0.95
partition,iscx_url2016_binary,s1,rf,r00,r02,r00_vs_r02,1.0,0.875,0.9047619047619048,0.9890741000140076,0.9142857142857143,1.0
partition,iscx_url2016_binary,s1,rf,r00,r03,r00_vs_r03,0.6666666666666666,0.875,1.0,0.9848028597579878,0.9428571428571428,1.0
partition,iscx_url2016_binary,s1,rf,r00,r04,r00_vs_r04,0.8181818181818182,1.0,1.0,0.9921557641126207,1.0,1.0
partition,iscx_url2016_binary,s1,rf,r00,r05,r00_vs_r05,0.8181818181818182,1.0,1.0,0.9895650980216447,1.0,1.0
partition,iscx_url2016_binary,s1,rf,r00,r06,r00_vs_r06,0.8181818181818182,0.875,1.0,0.9923664146473251,0.9714285714285714,1.0
partition,iscx_url2016_binary,s1,rf,r00,r07,r00_vs_r07,1.0,0.875,0.9047619047619048,0.991526019659621,1.0,1.0
partition,iscx_url2016_binary,s1,rf,r00,r08,r00_vs_r08,1.0,0.875,0.9047619047619048,0.991806151322189,0.8571428571428571,1.0
partition,iscx_url2016_binary,s1,rf,r00,r09,r00_vs_r09,1.0,0.7647058823529411,0.9047619047619048,0.9853631230831239,0.9428571428571428,0.9523809523809523
partition,iscx_url2016_binary,s1,rf,r01,r02,r01_vs_r02,1.0,0.875,0.9047619047619048,0.9839624647702837,0.9428571428571428,0.9523809523809523
partition,iscx_url2016_binary,s1,rf,r01,r03,r01_vs_r03,0.6666666666666666,1.0,1.0,0.9773109243697479,0.8857142857142857,0.95
partition,iscx_url2016_binary,s1,rf,r01,r04,r01_vs_r04,0.8181818181818182,0.875,1.0,0.9817214114697393,0.8857142857142857,0.95
partition,iscx_url2016_binary,s1,rf,r01,r05,r01_vs_r05,0.8181818181818182,0.875,1.0,0.9843137254901961,0.8857142857142857,0.95
partition,iscx_url2016_binary,s1,rf,r01,r06,r01_vs_r06,0.8181818181818182,0.875,1.0,0.9826330532212886,0.8857142857142857,0.95
partition,iscx_url2016_binary,s1,rf,r01,r07,r01_vs_r07,1.0,1.0,0.9047619047619048,0.9918767507002803,0.8857142857142857,0.9523809523809523
partition,iscx_url2016_binary,s1,rf,r01,r08,r01_vs_r08,1.0,1.0,0.9047619047619048,0.9834733893557424,0.8857142857142857,0.9523809523809523
partition,iscx_url2016_binary,s1,rf,r01,r09,r01_vs_r09,1.0,0.875,0.9047619047619048,0.9896358543417367,0.9428571428571428,1.0
partition,iscx_url2016_binary,s1,rf,r02,r03,r02_vs_r03,0.6666666666666666,0.875,0.9047619047619048,0.9716366716172894,0.9142857142857143,1.0
partition,iscx_url2016_binary,s1,rf,r02,r04,r02_vs_r04,0.8181818181818182,0.875,0.9047619047619048,0.9848718307886258,0.9142857142857143,1.0
partition,iscx_url2016_binary,s1,rf,r02,r05,r02_vs_r05,0.8181818181818182,0.875,0.9047619047619048,0.9820015431323073,0.9142857142857143,1.0
partition,iscx_url2016_binary,s1,rf,r02,r06,r02_vs_r06,0.8181818181818182,1.0,0.9047619047619048,0.9766790415435143,0.9428571428571428,1.0
partition,iscx_url2016_binary,s1,rf,r02,r07,r02_vs_r07,1.0,0.875,0.8181818181818182,0.9783598315189226,0.9142857142857143,1.0
partition,iscx_url2016_binary,s1,rf,r02,r08,r02_vs_r08,1.0,0.875,0.8181818181818182,0.9772393048686503,0.9428571428571428,1.0
partition,iscx_url2016_binary,s1,rf,r02,r09,r02_vs_r09,1.0,0.875,0.8181818181818182,0.9719168032798575,0.9142857142857143,0.9545454545454546
partition,iscx_url2016_binary,s1,rf,r03,r04,r03_vs_r04,0.8181818181818182,0.875,1.0,0.9867637813959641,0.9428571428571428,1.0
partition,iscx_url2016_binary,s1,rf,r03,r05,r03_vs_r05,0.8181818181818182,0.875,1.0,0.9764705882352942,0.9428571428571428,1.0
partition,iscx_url2016_binary,s1,rf,r03,r06,r03_vs_r06,0.8181818181818182,0.875,1.0,0.9803921568627451,0.9142857142857143,1.0
partition,iscx_url2016_binary,s1,rf,r03,r07,r03_vs_r07,0.6666666666666666,1.0,0.9047619047619048,0.9840336134453783,0.9428571428571428,1.0
partition,iscx_url2016_binary,s1,rf,r03,r08,r03_vs_r08,0.6666666666666666,1.0,0.9047619047619048,0.9871148459383754,0.9142857142857143,1.0
partition,iscx_url2016_binary,s1,rf,r03,r09,r03_vs_r09,0.6666666666666666,0.875,0.9047619047619048,0.9719887955182074,0.9428571428571428,0.9523809523809523
partition,iscx_url2016_binary,s1,rf,r04,r05,r04_vs_r05,0.8181818181818182,1.0,1.0,0.9825618064574434,1.0,1.0
partition,iscx_url2016_binary,s1,rf,r04,r06,r04_vs_r06,0.6666666666666666,0.875,1.0,0.9836823331077156,0.9714285714285714,1.0
partition,iscx_url2016_binary,s1,rf,r04,r07,r04_vs_r07,0.8181818181818182,0.875,0.9047619047619048,0.9834022014451476,1.0,1.0
partition,iscx_url2016_binary,s1,rf,r04,r08,r04_vs_r08,0.8181818181818182,0.875,0.9047619047619048,0.9901253613467809,0.8571428571428571,1.0
partition,iscx_url2016_binary,s1,rf,r04,r09,r04_vs_r09,0.8181818181818182,0.7647058823529411,0.9047619047619048,0.97443798824297,0.9428571428571428,0.9523809523809523
partition,iscx_url2016_binary,s1,rf,r05,r06,r05_vs_r06,0.8181818181818182,0.875,1.0,0.9890756302521008,0.9714285714285714,1.0
partition,iscx_url2016_binary,s1,rf,r05,r07,r05_vs_r07,0.8181818181818182,0.875,0.9047619047619048,0.9843137254901961,1.0,1.0
partition,iscx_url2016_binary,s1,rf,r05,r08,r05_vs_r08,0.8181818181818182,0.875,0.9047619047619048,0.9750700280112046,0.8571428571428571,1.0
partition,iscx_url2016_binary,s1,rf,r05,r09,r05_vs_r09,0.8181818181818182,0.7647058823529411,0.9047619047619048,0.9784313725490197,0.9428571428571428,0.9523809523809523
partition,iscx_url2016_binary,s1,rf,r06,r07,r06_vs_r07,0.8181818181818182,0.875,0.9047619047619048,0.9921568627450981,0.9714285714285714,1.0
partition,iscx_url2016_binary,s1,rf,r06,r08,r06_vs_r08,0.8181818181818182,0.875,0.9047619047619048,0.9834733893557424,0.8857142857142857,1.0
partition,iscx_url2016_binary,s1,rf,r06,r09,r06_vs_r09,0.8181818181818182,0.875,0.9047619047619048,0.9859943977591037,0.9142857142857143,0.9523809523809523
partition,iscx_url2016_binary,s1,rf,r07,r08,r07_vs_r08,1.0,1.0,0.9047619047619048,0.9913165266106445,0.8571428571428571,1.0
partition,iscx_url2016_binary,s1,rf,r07,r09,r07_vs_r09,1.0,0.875,1.0,0.9932773109243699,0.9428571428571428,0.95
partition,iscx_url2016_binary,s1,rf,r08,r09,r08_vs_r09,1.0,0.875,0.9047619047619048,0.9848739495798319,0.8571428571428571,0.9523809523809523
partition,iscx_url2016_binary,s1,xgb,r00,r01,r00_vs_r01,0.6666666666666666,0.875,0.8181818181818182,0.967298483791592,0.9714285714285714,0.9545454545454546
partition,iscx_url2016_binary,s1,xgb,r00,r02,r00_vs_r02,1.0,1.0,0.8181818181818182,0.9816142767902486,0.9428571428571428,0.9545454545454546
partition,iscx_url2016_binary,s1,xgb,r00,r03,r00_vs_r03,0.8181818181818182,0.875,0.9047619047619048,0.9726318184381505,0.9142857142857143,0.9523809523809523
partition,iscx_url2016_binary,s1,xgb,r00,r04,r00_vs_r04,0.8181818181818182,0.875,0.8181818181818182,0.9768681643456378,0.9142857142857143,0.9545454545454546
partition,iscx_url2016_binary,s1,xgb,r00,r05,r00_vs_r05,0.8181818181818182,0.7647058823529411,0.8181818181818182,0.9588774290864999,0.8857142857142857,0.8636363636363636
partition,iscx_url2016_binary,s1,xgb,r00,r06,r00_vs_r06,1.0,0.875,0.7391304347826086,0.9788920056100985,0.8857142857142857,0.9565217391304348
partition,iscx_url2016_binary,s1,xgb,r00,r07,r00_vs_r07,1.0,0.7647058823529411,0.9047619047619048,0.971107994389902,0.9428571428571428,0.9523809523809523
partition,iscx_url2016_binary,s1,xgb,r00,r08,r00_vs_r08,0.8181818181818182,0.875,0.8181818181818182,0.9723511166146472,0.8857142857142857,0.9545454545454546
partition,iscx_url2016_binary,s1,xgb,r00,r09,r00_vs_r09,1.0,0.7647058823529411,0.8181818181818182,0.9626928471248248,1.0,1.0
partition,iscx_url2016_binary,s1,xgb,r01,r02,r01_vs_r02,0.6666666666666666,0.875,0.8181818181818182,0.9682584269662919,0.9714285714285714,1.0
partition,iscx_url2016_binary,s1,xgb,r01,r03,r01_vs_r03,0.6666666666666666,0.875,0.8181818181818182,0.9713483146067414,0.9428571428571428,1.0
partition,iscx_url2016_binary,s1,xgb,r01,r04,r01_vs_r04,0.6666666666666666,0.7647058823529411,1.0,0.9685752452669545,0.9428571428571428,1.0
partition,iscx_url2016_binary,s1,xgb,r01,r05,r01_vs_r05,0.6666666666666666,0.875,1.0,0.9620786516853932,0.9142857142857143,0.95
partition,iscx_url2016_binary,s1,xgb,r01,r06,r01_vs_r06,0.6666666666666666,0.875,0.9047619047619048,0.9779651530847088,0.9142857142857143,1.0
partition,iscx_url2016_binary,s1,xgb,r01,r07,r01_vs_r07,0.6666666666666666,0.875,0.8181818181818182,0.9687019929091074,0.9714285714285714,1.0
partition,iscx_url2016_binary,s1,xgb,r01,r08,r01_vs_r08,0.6666666666666666,0.875,0.9047619047619048,0.9755617977528088,0.9142857142857143,1.0
partition,iscx_url2016_binary,s1,xgb,r01,r09,r01_vs_r09,0.6666666666666666,0.7647058823529411,0.7391304347826086,0.9392283014412846,0.9714285714285714,0.9565217391304348
partition,iscx_url2016_binary,s1,xgb,r02,r03,r02_vs_r03,0.8181818181818182,0.875,0.9047619047619048,0.9786516853932582,0.9142857142857143,1.0
partition,iscx_url2016_binary,s1,xgb,r02,r04,r02_vs_r04,0.8181818181818182,0.875,0.8181818181818182,0.9826044347986311,0.9142857142857143,1.0
partition,iscx_url2016_binary,s1,xgb,r02,r05,r02_vs_r05,0.8181818181818182,0.7647058823529411,0.8181818181818182,0.968820224719101,0.9428571428571428,0.9545454545454546
partition,iscx_url2016_binary,s1,xgb,r02,r06,r02_vs_r06,1.0,0.875,0.9047619047619048,0.9869476114368071,0.9428571428571428,1.0
partition,iscx_url2016_binary,s1,xgb,r02,r07,r02_vs_r07,1.0,0.7647058823529411,0.9047619047619048,0.9785265567317151,0.9428571428571428,1.0
partition,iscx_url2016_binary,s1,xgb,r02,r08,r02_vs_r08,0.8181818181818182,0.875,0.8181818181818182,0.9842696629213483,0.8857142857142857,1.0
partition,iscx_url2016_binary,s1,xgb,r02,r09,r02_vs_r09,1.0,0.7647058823529411,0.8181818181818182,0.9451230397348492,0.9428571428571428,0.9545454545454546
partition,iscx_url2016_binary,s1,xgb,r03,r04,r03_vs_r04,1.0,0.875,0.8181818181818182,0.9741869210796251,0.9428571428571428,1.0
partition,iscx_url2016_binary,s1,xgb,r03,r05,r03_vs_r05,0.8181818181818182,0.7647058823529411,0.8181818181818182,0.9601123595505617,0.8571428571428571,0.9545454545454546
partition,iscx_url2016_binary,s1,xgb,r03,r06,r03_vs_r06,0.8181818181818182,0.875,0.8181818181818182,0.9740353275556658,0.8571428571428571,1.0
partition,iscx_url2016_binary,s1,xgb,r03,r07,r03_vs_r07,0.8181818181818182,0.7647058823529411,1.0,0.9847019968487826,0.9142857142857143,1.0
partition,iscx_url2016_binary,s1,xgb,r03,r08,r03_vs_r08,0.8181818181818182,0.7647058823529411,0.9047619047619048,0.9685393258426965,0.9714285714285714,1.0
partition,iscx_url2016_binary,s1,xgb,r03,r09,r03_vs_r09,0.8181818181818182,0.6666666666666666,0.8181818181818182,0.9291230357951739,0.9142857142857143,0.9545454545454546
partition,iscx_url2016_binary,s1,xgb,r04,r05,r04_vs_r05,0.8181818181818182,0.6666666666666666,1.0,0.9702587480107557,0.8571428571428571,0.95
partition,iscx_url2016_binary,s1,xgb,r04,r06,r04_vs_r06,0.8181818181818182,0.7647058823529411,0.9047619047619048,0.9750456491136497,0.9142857142857143,1.0
partition,iscx_url2016_binary,s1,xgb,r04,r07,r04_vs_r07,0.8181818181818182,0.6666666666666666,0.8181818181818182,0.9664938468712437,0.9142857142857143,1.0
partition,iscx_url2016_binary,s1,xgb,r04,r08,r04_vs_r08,0.8181818181818182,0.7647058823529411,0.9047619047619048,0.9781150941484945,0.9142857142857143,1.0
partition,iscx_url2016_binary,s1,xgb,r04,r09,r04_vs_r09,0.8181818181818182,0.6666666666666666,0.7391304347826086,0.930604316149016,0.9142857142857143,0.9565217391304348
partition,iscx_url2016_binary,s1,xgb,r05,r06,r05_vs_r06,0.8181818181818182,0.7647058823529411,0.9047619047619048,0.974596731202672,0.8857142857142857,0.9523809523809523
partition,iscx_url2016_binary,s1,xgb,r05,r07,r05_vs_r07,0.8181818181818182,0.875,0.8181818181818182,0.9628072546155428,0.8857142857142857,0.9545454545454546
partition,iscx_url2016_binary,s1,xgb,r05,r08,r05_vs_r08,0.6666666666666666,0.875,0.9047619047619048,0.9786516853932582,0.8285714285714286,0.9523809523809523
partition,iscx_url2016_binary,s1,xgb,r05,r09,r05_vs_r09,0.8181818181818182,0.6666666666666666,0.7391304347826086,0.92968443944218,0.8857142857142857,0.8695652173913043
partition,iscx_url2016_binary,s1,xgb,r06,r07,r06_vs_r07,1.0,0.7647058823529411,0.8181818181818182,0.9701963534361853,0.9428571428571428,1.0
partition,iscx_url2016_binary,s1,xgb,r06,r08,r06_vs_r08,0.8181818181818182,0.7647058823529411,0.9047619047619048,0.9804914694962364,0.8857142857142857,1.0
partition,iscx_url2016_binary,s1,xgb,r06,r09,r06_vs_r09,1.0,0.7647058823529411,0.8181818181818182,0.9558906030855542,0.8857142857142857,0.9545454545454546
partition,iscx_url2016_binary,s1,xgb,r07,r08,r07_vs_r08,0.8181818181818182,0.7647058823529411,0.9047619047619048,0.9715090111441381,0.9428571428571428,1.0
partition,iscx_url2016_binary,s1,xgb,r07,r09,r07_vs_r09,1.0,0.6666666666666666,0.8181818181818182,0.9380084151472652,0.9428571428571428,0.9545454545454546
partition,iscx_url2016_binary,s1,xgb,r08,r09,r08_vs_r09,0.8181818181818182,0.7647058823529411,0.8181818181818182,0.9465265488523645,0.8857142857142857,0.9545454545454546
partition,iscx_url2016_binary,s2,lr,r00,r01,r00_vs_r01,0.8181818181818182,0.875,0.9047619047619048,0.950700280112045,0.8857142857142857,1.0
partition,iscx_url2016_binary,s2,lr,r00,r02,r00_vs_r02,0.6666666666666666,1.0,0.9047619047619048,0.9537815126050421,0.9142857142857143,1.0
partition,iscx_url2016_binary,s2,lr,r00,r03,r00_vs_r03,0.8181818181818182,0.7647058823529411,0.9047619047619048,0.9515406162464985,0.8857142857142857,1.0
partition,iscx_url2016_binary,s2,lr,r00,r04,r00_vs_r04,0.8181818181818182,1.0,0.9047619047619048,0.969467787114846,0.8571428571428571,1.0
partition,iscx_url2016_binary,s2,lr,r00,r05,r00_vs_r05,0.8181818181818182,0.875,0.9047619047619048,0.9733893557422969,0.9142857142857143,1.0
partition,iscx_url2016_binary,s2,lr,r00,r06,r00_vs_r06,0.6666666666666666,0.7647058823529411,0.9047619047619048,0.9557422969187674,0.9428571428571428,1.0
partition,iscx_url2016_binary,s2,lr,r00,r07,r00_vs_r07,0.8181818181818182,0.7647058823529411,0.7391304347826086,0.9257703081232493,0.8857142857142857,0.9565217391304348
partition,iscx_url2016_binary,s2,lr,r00,r08,r00_vs_r08,0.6666666666666666,0.875,0.8181818181818182,0.9420827812163599,0.9428571428571428,1.0
partition,iscx_url2016_binary,s2,lr,r00,r09,r00_vs_r09,0.8181818181818182,0.875,0.8181818181818182,0.9394957983193277,0.8857142857142857,1.0
partition,iscx_url2016_binary,s2,lr,r01,r02,r01_vs_r02,0.6666666666666666,0.875,0.8181818181818182,0.9481792717086837,0.9714285714285714,1.0
partition,iscx_url2016_binary,s2,lr,r01,r03,r01_vs_r03,0.6666666666666666,0.7647058823529411,0.8181818181818182,0.9316526610644258,0.9428571428571428,1.0
partition,iscx_url2016_binary,s2,lr,r01,r04,r01_vs_r04,0.6666666666666666,0.875,0.8181818181818182,0.953501400560224,0.9142857142857143,1.0
partition,iscx_url2016_binary,s2,lr,r01,r05,r01_vs_r05,0.8181818181818182,0.875,0.9047619047619048,0.9543417366946779,0.9142857142857143,1.0
partition,iscx_url2016_binary,s2,lr,r01,r06,r01_vs_r06,0.6666666666666666,0.875,0.8181818181818182,0.9599439775910366,0.9428571428571428,1.0
partition,iscx_url2016_binary,s2,lr,r01,r07,r01_vs_r07,0.8181818181818182,0.7647058823529411,0.7391304347826086,0.957983193277311,1.0,1.0
partition,iscx_url2016_binary,s2,lr,r01,r08,r01_vs_r08,0.6666666666666666,0.7647058823529411,0.7391304347826086,0.9418026495537917,0.9428571428571428,1.0
partition,iscx_url2016_binary,s2,lr,r01,r09,r01_vs_r09,0.6666666666666666,1.0,0.9047619047619048,0.9484593837535015,0.9428571428571428,1.0
partition,iscx_url2016_binary,s2,lr,r02,r03,r02_vs_r03,0.8181818181818182,0.7647058823529411,0.9047619047619048,0.9672268907563026,0.9714285714285714,1.0
partition,iscx_url2016_binary,s2,lr,r02,r04,r02_vs_r04,0.8181818181818182,1.0,1.0,0.9812324929971991,0.9428571428571428,1.0
partition,iscx_url2016_binary,s2,lr,r02,r05,r02_vs_r05,0.8181818181818182,0.875,0.8181818181818182,0.9551820728291317,0.8857142857142857,1.0
partition,iscx_url2016_binary,s2,lr,r02,r06,r02_vs_r06,0.8181818181818182,0.7647058823529411,0.9047619047619048,0.9467787114845939,0.9714285714285714,1.0
partition,iscx_url2016_binary,s2,lr,r02,r07,r02_vs_r07,0.8181818181818182,0.7647058823529411,0.8181818181818182,0.9453781512605042,0.9714285714285714,1.0
partition,iscx_url2016_binary,s2,lr,r02,r08,r02_vs_r08,1.0,0.875,0.9047619047619048,0.9810210823133191,0.9714285714285714,1.0
partition,iscx_url2016_binary,s2,lr,r02,r09,r02_vs_r09,0.6666666666666666,0.875,0.8181818181818182,0.9086834733893557,0.9142857142857143,1.0
partition,iscx_url2016_binary,s2,lr,r03,r04,r03_vs_r04,1.0,0.7647058823529411,0.9047619047619048,0.9910364145658265,0.9714285714285714,1.0
partition,iscx_url2016_binary,s2,lr,r03,r05,r03_vs_r05,0.6666666666666666,0.7647058823529411,0.8181818181818182,0.9464985994397759,0.8571428571428571,1.0
partition,iscx_url2016_binary,s2,lr,r03,r06,r03_vs_r06,0.6666666666666666,0.875,0.9047619047619048,0.9420168067226891,0.9428571428571428,1.0
partition,iscx_url2016_binary,s2,lr,r03,r07,r03_vs_r07,0.8181818181818182,0.7647058823529411,0.8181818181818182,0.942577030812325,0.9428571428571428,1.0
partition,iscx_url2016_binary,s2,lr,r03,r08,r03_vs_r08,0.8181818181818182,0.875,0.9047619047619048,0.9756985807245261,0.9428571428571428,1.0
partition,iscx_url2016_binary,s2,lr,r03,r09,r03_vs_r09,0.8181818181818182,0.7647058823529411,0.8181818181818182,0.9061624649859944,0.8857142857142857,1.0
partition,iscx_url2016_binary,s2,lr,r04,r05,r04_vs_r05,0.6666666666666666,0.875,0.8181818181818182,0.9560224089635854,0.8285714285714286,1.0
partition,iscx_url2016_binary,s2,lr,r04,r06,r04_vs_r06,0.6666666666666666,0.7647058823529411,0.9047619047619048,0.9588235294117647,0.9142857142857143,1.0
partition,iscx_url2016_binary,s2,lr,r04,r07,r04_vs_r07,0.8181818181818182,0.7647058823529411,0.8181818181818182,0.9574229691876752,0.9142857142857143,1.0
partition,iscx_url2016_binary,s2,lr,r04,r08,r04_vs_r08,0.8181818181818182,0.875,0.9047619047619048,0.9799005556630468,0.9142857142857143,1.0
partition,iscx_url2016_binary,s2,lr,r04,r09,r04_vs_r09,0.8181818181818182,0.875,0.8181818181818182,0.919607843137255,0.8571428571428571,1.0
partition,iscx_url2016_binary,s2,lr,r05,r06,r05_vs_r06,0.8181818181818182,0.875,0.9047619047619048,0.9703081232492997,0.9142857142857143,1.0
partition,iscx_url2016_binary,s2,lr,r05,r07,r05_vs_r07,0.8181818181818182,0.6666666666666666,0.7391304347826086,0.9299719887955182,0.9142857142857143,0.9565217391304348
partition,iscx_url2016_binary,s2,lr,r05,r08,r05_vs_r08,0.8181818181818182,0.875,0.7391304347826086,0.9517473235749575,0.9142857142857143,1.0
partition,iscx_url2016_binary,s2,lr,r05,r09,r05_vs_r09,0.6666666666666666,0.875,0.9047619047619048,0.9523809523809526,0.9714285714285714,1.0
partition,iscx_url2016_binary,s2,lr,r06,r07,r06_vs_r07,0.8181818181818182,0.7647058823529411,0.7391304347826086,0.9330532212885155,0.9428571428571428,1.0
partition,iscx_url2016_binary,s2,lr,r06,r08,r06_vs_r08,0.8181818181818182,0.875,0.8181818181818182,0.959450944295579,1.0,1.0
partition,iscx_url2016_binary,s2,lr,r06,r09,r06_vs_r09,0.6666666666666666,0.875,0.9047619047619048,0.9526610644257704,0.9428571428571428,1.0
partition,iscx_url2016_binary,s2,lr,r07,r08,r07_vs_r08,0.8181818181818182,0.7647058823529411,0.9047619047619048,0.9572098909950347,0.9428571428571428,1.0
partition,iscx_url2016_binary,s2,lr,r07,r09,r07_vs_r09,0.8181818181818182,0.7647058823529411,0.7391304347826086,0.900560224089636,0.9428571428571428,1.0
partition,iscx_url2016_binary,s2,lr,r08,r09,r08_vs_r09,0.6666666666666666,0.7647058823529411,0.7391304347826086,0.9093073766958978,0.9428571428571428,1.0
partition,iscx_url2016_binary,s2,rf,r00,r01,r00_vs_r01,0.8181818181818182,0.7647058823529411,0.9047619047619048,0.9338188971706024,0.9142857142857143,1.0
partition,iscx_url2016_binary,s2,rf,r00,r02,r00_vs_r02,0.8181818181818182,0.875,0.9047619047619048,0.9778711484593837,0.9142857142857143,0.9523809523809523
partition,iscx_url2016_binary,s2,rf,r00,r03,r00_vs_r03,0.8181818181818182,0.875,1.0,0.9823529411764705,0.9428571428571428,1.0
partition,iscx_url2016_binary,s2,rf,r00,r04,r00_vs_r04,0.8181818181818182,0.875,1.0,0.9641456582633053,0.9428571428571428,1.0
partition,iscx_url2016_binary,s2,rf,r00,r05,r00_vs_r05,0.8181818181818182,1.0,0.9047619047619048,0.961064425770308,0.9142857142857143,1.0
partition,iscx_url2016_binary,s2,rf,r00,r06,r00_vs_r06,0.8181818181818182,1.0,1.0,0.9633053221288516,0.9714285714285714,1.0
partition,iscx_url2016_binary,s2,rf,r00,r07,r00_vs_r07,0.8181818181818182,0.7647058823529411,0.9047619047619048,0.9305322128851542,0.8571428571428571,0.9523809523809523
partition,iscx_url2016_binary,s2,rf,r00,r08,r00_vs_r08,0.8181818181818182,0.875,1.0,0.9742296918767508,0.9714285714285714,1.0
partition,iscx_url2016_binary,s2,rf,r00,r09,r00_vs_r09,0.8181818181818182,0.7647058823529411,0.9047619047619048,0.9215686274509803,0.9142857142857143,1.0
partition,iscx_url2016_binary,s2,rf,r01,r02,r01_vs_r02,0.6666666666666666,0.6666666666666666,0.8181818181818182,0.8940402010859388,0.8857142857142857,0.9545454545454546
partition,iscx_url2016_binary,s2,rf,r01,r03,r01_vs_r03,0.6666666666666666,0.7647058823529411,0.9047619047619048,0.921493104017608,0.9142857142857143,1.0
partition,iscx_url2016_binary,s2,rf,r01,r04,r01_vs_r04,0.6666666666666666,0.6666666666666666,0.9047619047619048,0.8926395427730985,0.9142857142857143,1.0
partition,iscx_url2016_binary,s2,rf,r01,r05,r01_vs_r05,0.6666666666666666,0.7647058823529411,0.8181818181818182,0.8979620443618916,0.9428571428571428,1.0
partition,iscx_url2016_binary,s2,rf,r01,r06,r01_vs_r06,0.6666666666666666,0.7647058823529411,0.9047619047619048,0.9380208721091231,0.9428571428571428,1.0
partition,iscx_url2016_binary,s2,rf,r01,r07,r01_vs_r07,1.0,1.0,1.0,0.9901253613467809,0.9428571428571428,1.0
partition,iscx_url2016_binary,s2,rf,r01,r08,r01_vs_r08,0.6666666666666666,0.6666666666666666,0.9047619047619048,0.9245745523058566,0.9428571428571428,1.0
partition,iscx_url2016_binary,s2,rf,r01,r09,r01_vs_r09,1.0,1.0,1.0,0.9890048346965087,0.9428571428571428,1.0
partition,iscx_url2016_binary,s2,rf,r02,r03,r02_vs_r03,1.0,0.875,0.9047619047619048,0.9747899159663865,0.9142857142857143,0.9523809523809523
partition,iscx_url2016_binary,s2,rf,r02,r04,r02_vs_r04,1.0,1.0,0.9047619047619048,0.9876750700280112,0.9142857142857143,0.9523809523809523
partition,iscx_url2016_binary,s2,rf,r02,r05,r02_vs_r05,1.0,0.875,0.8181818181818182,0.9717086834733893,0.8857142857142857,0.9545454545454546
partition,iscx_url2016_binary,s2,rf,r02,r06,r02_vs_r06,1.0,0.875,0.9047619047619048,0.9644257703081234,0.9428571428571428,0.9523809523809523
partition,iscx_url2016_binary,s2,rf,r02,r07,r02_vs_r07,0.6666666666666666,0.6666666666666666,0.8181818181818182,0.8901960784313727,0.8285714285714286,0.9090909090909091
partition,iscx_url2016_binary,s2,rf,r02,r08,r02_vs_r08,1.0,0.7647058823529411,0.9047619047619048,0.9775910364145659,0.9428571428571428,0.9523809523809523
partition,iscx_url2016_binary,s2,rf,r02,r09,r02_vs_r09,0.6666666666666666,0.6666666666666666,0.8181818181818182,0.8890756302521009,0.8857142857142857,0.9545454545454546
partition,iscx_url2016_binary,s2,rf,r03,r04,r03_vs_r04,1.0,0.875,1.0,0.9784313725490197,1.0,1.0
partition,iscx_url2016_binary,s2,rf,r03,r05,r03_vs_r05,1.0,0.875,0.9047619047619048,0.9775910364145659,0.9142857142857143,1.0
partition,iscx_url2016_binary,s2,rf,r03,r06,r03_vs_r06,1.0,0.875,1.0,0.9803921568627451,0.9714285714285714,1.0
partition,iscx_url2016_binary,s2,rf,r03,r07,r03_vs_r07,0.6666666666666666,0.7647058823529411,0.9047619047619048,0.9252100840336134,0.8571428571428571,0.9523809523809523
partition,iscx_url2016_binary,s2,rf,r03,r08,r03_vs_r08,1.0,0.7647058823529411,1.0,0.9871148459383754,0.9714285714285714,1.0
partition,iscx_url2016_binary,s2,rf,r03,r09,r03_vs_r09,0.6666666666666666,0.7647058823529411,0.9047619047619048,0.9212885154061625,0.9142857142857143,1.0
partition,iscx_url2016_binary,s2,rf,r04,r05,r04_vs_r05,1.0,0.875,0.9047619047619048,0.9834733893557424,0.9142857142857143,1.0
partition,iscx_url2016_binary,s2,rf,r04,r06,r04_vs_r06,1.0,0.875,1.0,0.9775910364145659,0.9714285714285714,1.0
partition,iscx_url2016_binary,s2,rf,r04,r07,r04_vs_r07,0.6666666666666666,0.6666666666666666,0.9047619047619048,0.892436974789916,0.8571428571428571,0.9523809523809523
partition,iscx_url2016_binary,s2,rf,r04,r08,r04_vs_r08,1.0,0.7647058823529411,1.0,0.9868347338935575,0.9714285714285714,1.0
partition,iscx_url2016_binary,s2,rf,r04,r09,r04_vs_r09,0.6666666666666666,0.6666666666666666,0.9047619047619048,0.8941176470588236,0.9142857142857143,1.0
partition,iscx_url2016_binary,s2,rf,r05,r06,r05_vs_r06,1.0,1.0,0.9047619047619048,0.9815126050420169,0.9428571428571428,1.0
partition,iscx_url2016_binary,s2,rf,r05,r07,r05_vs_r07,0.6666666666666666,0.7647058823529411,0.8181818181818182,0.8983193277310925,0.9428571428571428,0.9545454545454546
partition,iscx_url2016_binary,s2,rf,r05,r08,r05_vs_r08,1.0,0.875,0.9047619047619048,0.9837535014005604,0.9428571428571428,1.0
partition,iscx_url2016_binary,s2,rf,r05,r09,r05_vs_r09,0.6666666666666666,0.7647058823529411,0.8181818181818182,0.9033613445378151,1.0,1.0
partition,iscx_url2016_binary,s2,rf,r06,r07,r06_vs_r07,0.6666666666666666,0.7647058823529411,0.9047619047619048,0.9400560224089637,0.8857142857142857,0.9523809523809523
partition,iscx_url2016_binary,s2,rf,r06,r08,r06_vs_r08,1.0,0.875,1.0,0.9817927170868348,1.0,1.0
partition,iscx_url2016_binary,s2,rf,r06,r09,r06_vs_r09,0.6666666666666666,0.7647058823529411,0.9047619047619048,0.9403361344537815,0.9428571428571428,1.0
partition,iscx_url2016_binary,s2,rf,r07,r08,r07_vs_r08,0.6666666666666666,0.6666666666666666,0.9047619047619048,0.922689075630252,0.8857142857142857,0.9523809523809523
partition,iscx_url2016_binary,s2,rf,r07,r09,r07_vs_r09,1.0,1.0,1.0,0.9913165266106445,0.9428571428571428,1.0
partition,iscx_url2016_binary,s2,rf,r08,r09,r08_vs_r09,0.6666666666666666,0.6666666666666666,0.9047619047619048,0.9263305322128852,0.9428571428571428,1.0
partition,iscx_url2016_binary,s2,xgb,r00,r01,r00_vs_r01,0.6666666666666666,0.6666666666666666,0.9047619047619048,0.9484304932735427,0.8857142857142857,1.0
partition,iscx_url2016_binary,s2,xgb,r00,r02,r00_vs_r02,0.8181818181818182,0.875,1.0,0.9801008968609864,0.9142857142857143,1.0
partition,iscx_url2016_binary,s2,xgb,r00,r03,r00_vs_r03,0.8181818181818182,0.7647058823529411,0.9047619047619048,0.9782136818471867,0.9142857142857143,0.9523809523809523
partition,iscx_url2016_binary,s2,xgb,r00,r04,r00_vs_r04,0.8181818181818182,0.875,1.0,0.9795403587443946,0.8857142857142857,0.95
partition,iscx_url2016_binary,s2,xgb,r00,r05,r00_vs_r05,0.8181818181818182,0.875,0.9047619047619048,0.9826233183856503,0.9428571428571428,1.0
partition,iscx_url2016_binary,s2,xgb,r00,r06,r00_vs_r06,0.8181818181818182,0.875,0.9047619047619048,0.9921524663677129,0.8857142857142857,0.9523809523809523
partition,iscx_url2016_binary,s2,xgb,r00,r07,r00_vs_r07,0.5384615384615384,0.7647058823529411,0.8181818181818182,0.9394618834080718,0.8571428571428571,0.9545454545454546
partition,iscx_url2016_binary,s2,xgb,r00,r08,r00_vs_r08,0.8181818181818182,0.875,0.9047619047619048,0.9717688480796457,0.9142857142857143,1.0
partition,iscx_url2016_binary,s2,xgb,r00,r09,r00_vs_r09,0.5384615384615384,0.6666666666666666,0.8181818181818182,0.9501121076233184,0.8571428571428571,1.0
partition,iscx_url2016_binary,s2,xgb,r01,r02,r01_vs_r02,0.6666666666666666,0.7647058823529411,0.9047619047619048,0.9568385650224216,0.8571428571428571,1.0
partition,iscx_url2016_binary,s2,xgb,r01,r03,r01_vs_r03,0.6666666666666666,0.7647058823529411,0.8181818181818182,0.9476707739923188,0.9142857142857143,1.0
partition,iscx_url2016_binary,s2,xgb,r01,r04,r01_vs_r04,0.8181818181818182,0.6666666666666666,0.9047619047619048,0.9554372197309416,0.8285714285714286,0.9523809523809523
partition,iscx_url2016_binary,s2,xgb,r01,r05,r01_vs_r05,0.6666666666666666,0.6666666666666666,0.9047619047619048,0.9554372197309416,0.9428571428571428,1.0
partition,iscx_url2016_binary,s2,xgb,r01,r06,r01_vs_r06,0.6666666666666666,0.6666666666666666,0.9047619047619048,0.9588004484304932,0.8285714285714286,0.9523809523809523
partition,iscx_url2016_binary,s2,xgb,r01,r07,r01_vs_r07,0.6666666666666666,0.7647058823529411,0.9047619047619048,0.9638452914798206,0.9714285714285714,0.9523809523809523
partition,iscx_url2016_binary,s2,xgb,r01,r08,r01_vs_r08,0.5384615384615384,0.7647058823529411,0.9047619047619048,0.9471103536647066,0.8571428571428571,1.0
partition,iscx_url2016_binary,s2,xgb,r01,r09,r01_vs_r09,0.8181818181818182,0.7647058823529411,0.9047619047619048,0.9753363228699551,0.9714285714285714,1.0
partition,iscx_url2016_binary,s2,xgb,r02,r03,r02_vs_r03,0.8181818181818182,0.875,0.9047619047619048,0.9798949428300233,0.8857142857142857,0.9523809523809523
partition,iscx_url2016_binary,s2,xgb,r02,r04,r02_vs_r04,0.8181818181818182,0.875,1.0,0.9848654708520179,0.9142857142857143,0.95
partition,iscx_url2016_binary,s2,xgb,r02,r05,r02_vs_r05,1.0,0.875,0.9047619047619048,0.9837443946188341,0.9142857142857143,1.0
partition,iscx_url2016_binary,s2,xgb,r02,r06,r02_vs_r06,1.0,0.875,0.9047619047619048,0.9868273542600898,0.8571428571428571,0.9523809523809523
partition,iscx_url2016_binary,s2,xgb,r02,r07,r02_vs_r07,0.6666666666666666,0.7647058823529411,0.8181818181818182,0.9349775784753362,0.8285714285714286,0.9090909090909091
partition,iscx_url2016_binary,s2,xgb,r02,r08,r02_vs_r08,0.8181818181818182,1.0,0.9047619047619048,0.9869001969251765,0.9428571428571428,1.0
partition,iscx_url2016_binary,s2,xgb,r02,r09,r02_vs_r09,0.6666666666666666,0.7647058823529411,0.8181818181818182,0.9478699551569506,0.8285714285714286,0.9545454545454546
partition,iscx_url2016_binary,s2,xgb,r03,r04,r03_vs_r04,0.8181818181818182,0.7647058823529411,0.9047619047619048,0.9737303192262886,0.8571428571428571,0.9047619047619048
partition,iscx_url2016_binary,s2,xgb,r03,r05,r03_vs_r05,0.8181818181818182,0.875,0.8181818181818182,0.9717688480796457,0.9142857142857143,0.9545454545454546
partition,iscx_url2016_binary,s2,xgb,r03,r06,r03_vs_r06,0.8181818181818182,0.875,0.9047619047619048,0.9840980952871152,0.8571428571428571,0.9523809523809523
partition,iscx_url2016_binary,s2,xgb,r03,r07,r03_vs_r07,0.5384615384615384,0.6666666666666666,0.8181818181818182,0.918809127120288,0.8857142857142857,0.9545454545454546
partition,iscx_url2016_binary,s2,xgb,r03,r08,r03_vs_r08,0.6666666666666666,0.875,0.8181818181818182,0.97086426670402,0.8857142857142857,0.9545454545454546
partition,iscx_url2016_binary,s2,xgb,r03,r09,r03_vs_r09,0.5384615384615384,0.6666666666666666,0.8181818181818182,0.9361821572762677,0.8857142857142857,1.0
partition,iscx_url2016_binary,s2,xgb,r04,r05,r04_vs_r05,0.8181818181818182,0.875,0.9047619047619048,0.9834641255605381,0.8857142857142857,0.9523809523809523
partition,iscx_url2016_binary,s2,xgb,r04,r06,r04_vs_r06,0.8181818181818182,0.875,0.9047619047619048,0.984304932735426,0.8285714285714286,0.9047619047619048
partition,iscx_url2016_binary,s2,xgb,r04,r07,r04_vs_r07,0.6666666666666666,0.6666666666666666,0.8181818181818182,0.9422645739910314,0.8,0.9090909090909091
partition,iscx_url2016_binary,s2,xgb,r04,r08,r04_vs_r08,0.6666666666666666,0.875,0.9047619047619048,0.9765324208643498,0.9142857142857143,0.9523809523809523
partition,iscx_url2016_binary,s2,xgb,r04,r09,r04_vs_r09,0.6666666666666666,0.6666666666666666,0.8181818181818182,0.938340807174888,0.8571428571428571,0.9545454545454546
partition,iscx_url2016_binary,s2,xgb,r05,r06,r05_vs_r06,1.0,1.0,0.9047619047619048,0.9921524663677129,0.8857142857142857,0.9523809523809523
partition,iscx_url2016_binary,s2,xgb,r05,r07,r05_vs_r07,0.6666666666666666,0.6666666666666666,0.8181818181818182,0.9369394618834082,0.9142857142857143,0.9545454545454546
partition,iscx_url2016_binary,s2,xgb,r05,r08,r05_vs_r08,0.8181818181818182,0.875,1.0,0.9815762038128603,0.9142857142857143,1.0
partition,iscx_url2016_binary,s2,xgb,r05,r09,r05_vs_r09,0.6666666666666666,0.6666666666666666,0.8181818181818182,0.9534753363228701,0.9142857142857143,1.0
partition,iscx_url2016_binary,s2,xgb,r06,r07,r06_vs_r07,0.6666666666666666,0.6666666666666666,0.9047619047619048,0.945908071748879,0.8,0.9523809523809523
partition,iscx_url2016_binary,s2,xgb,r06,r08,r06_vs_r08,0.8181818181818182,0.875,0.9047619047619048,0.9824168343042785,0.8571428571428571,0.9523809523809523
partition,iscx_url2016_binary,s2,xgb,r06,r09,r06_vs_r09,0.6666666666666666,0.6666666666666666,0.9047619047619048,0.9618834080717489,0.8,1.0
partition,iscx_url2016_binary,s2,xgb,r07,r08,r07_vs_r08,0.5384615384615384,0.7647058823529411,0.8181818181818182,0.923572699904992,0.8285714285714286,0.9090909090909091
partition,iscx_url2016_binary,s2,xgb,r07,r09,r07_vs_r09,0.8181818181818182,0.7647058823529411,1.0,0.9674887892376681,0.9428571428571428,0.95
partition,iscx_url2016_binary,s2,xgb,r08,r09,r08_vs_r09,0.5384615384615384,0.7647058823529411,0.8181818181818182,0.9482311943199312,0.8857142857142857,0.9545454545454546
partition,iscx_url2016_binary,s3,lr,r00,r01,r00_vs_r01,0.8181818181818182,0.875,0.9047619047619048,0.9525877185626619,0.9428571428571428,1.0
partition,iscx_url2016_binary,s3,lr,r00,r02,r00_vs_r02,0.8181818181818182,0.7647058823529411,0.8181818181818182,0.9546887060319221,0.9428571428571428,1.0
partition,iscx_url2016_binary,s3,lr,r00,r03,r00_vs_r03,0.8181818181818182,0.875,0.8181818181818182,0.9642131825592359,0.9428571428571428,1.0
partition,iscx_url2016_binary,s3,lr,r00,r04,r00_vs_r04,1.0,0.7647058823529411,0.9047619047619048,0.9548287718632061,0.9714285714285714,1.0
partition,iscx_url2016_binary,s3,lr,r00,r05,r00_vs_r05,0.8181818181818182,1.0,0.8181818181818182,0.9485258094554251,0.8857142857142857,1.0
partition,iscx_url2016_binary,s3,lr,r00,r06,r00_vs_r06,0.8181818181818182,0.7647058823529411,0.8181818181818182,0.9294768564007976,0.8857142857142857,1.0
partition,iscx_url2016_binary,s3,lr,r00,r07,r00_vs_r07,0.8181818181818182,0.7647058823529411,0.8181818181818182,0.932838436351614,0.9714285714285714,1.0
partition,iscx_url2016_binary,s3,lr,r00,r08,r00_vs_r08,1.0,1.0,0.8181818181818182,0.9434834395292001,0.8857142857142857,0.9545454545454546
partition,iscx_url2016_binary,s3,lr,r00,r09,r00_vs_r09,0.8181818181818182,0.875,1.0,0.9786399631814906,0.9714285714285714,1.0
partition,iscx_url2016_binary,s3,lr,r01,r02,r01_vs_r02,0.8181818181818182,0.875,0.9047619047619048,0.9792717086834735,1.0,1.0
partition,iscx_url2016_binary,s3,lr,r01,r03,r01_vs_r03,0.8181818181818182,0.7647058823529411,0.9047619047619048,0.9411764705882355,0.9428571428571428,1.0
partition,iscx_url2016_binary,s3,lr,r01,r04,r01_vs_r04,0.8181818181818182,0.875,1.0,0.9761904761904764,0.9714285714285714,1.0
partition,iscx_url2016_binary,s3,lr,r01,r05,r01_vs_r05,1.0,0.875,0.9047619047619048,0.9764705882352942,0.9428571428571428,1.0
partition,iscx_url2016_binary,s3,lr,r01,r06,r01_vs_r06,0.8181818181818182,0.875,0.9047619047619048,0.9806722689075631,0.9428571428571428,1.0
partition,iscx_url2016_binary,s3,lr,r01,r07,r01_vs_r07,0.8181818181818182,0.875,0.9047619047619048,0.9761904761904764,0.9714285714285714,1.0
partition,iscx_url2016_binary,s3,lr,r01,r08,r01_vs_r08,0.8181818181818182,0.875,0.8181818181818182,0.9487394957983194,0.8857142857142857,1.0
partition,iscx_url2016_binary,s3,lr,r01,r09,r01_vs_r09,0.8181818181818182,0.7647058823529411,0.9047619047619048,0.9450980392156864,0.9714285714285714,1.0
partition,iscx_url2016_binary,s3,lr,r02,r03,r02_vs_r03,0.8181818181818182,0.6666666666666666,0.8181818181818182,0.946218487394958,0.9428571428571428,1.0
partition,iscx_url2016_binary,s3,lr,r02,r04,r02_vs_r04,0.8181818181818182,1.0,0.9047619047619048,0.9910364145658265,0.9714285714285714,1.0
partition,iscx_url2016_binary,s3,lr,r02,r05,r02_vs_r05,0.8181818181818182,0.7647058823529411,0.8181818181818182,0.961904761904762,0.9428571428571428,1.0
partition,iscx_url2016_binary,s3,lr,r02,r06,r02_vs_r06,1.0,0.875,1.0,0.9806722689075631,0.9428571428571428,1.0
partition,iscx_url2016_binary,s3,lr,r02,r07,r02_vs_r07,1.0,1.0,0.9047619047619048,0.9817927170868348,0.9714285714285714,1.0
partition,iscx_url2016_binary,s3,lr,r02,r08,r02_vs_r08,0.8181818181818182,0.7647058823529411,0.7391304347826086,0.9291316526610645,0.8857142857142857,1.0
partition,iscx_url2016_binary,s3,lr,r02,r09,r02_vs_r09,0.8181818181818182,0.6666666666666666,0.8181818181818182,0.9439775910364145,0.9714285714285714,1.0
partition,iscx_url2016_binary,s3,lr,r03,r04,r03_vs_r04,0.8181818181818182,0.6666666666666666,0.9047619047619048,0.9470588235294117,0.9714285714285714,1.0
partition,iscx_url2016_binary,s3,lr,r03,r05,r03_vs_r05,0.8181818181818182,0.875,0.9047619047619048,0.9630252100840336,0.8857142857142857,1.0
partition,iscx_url2016_binary,s3,lr,r03,r06,r03_vs_r06,0.8181818181818182,0.6666666666666666,0.8181818181818182,0.9299719887955182,0.8857142857142857,1.0
partition,iscx_url2016_binary,s3,lr,r03,r07,r03_vs_r07,0.8181818181818182,0.6666666666666666,0.8181818181818182,0.9274509803921569,0.9142857142857143,1.0
partition,iscx_url2016_binary,s3,lr,r03,r08,r03_vs_r08,0.8181818181818182,0.875,0.8181818181818182,0.950700280112045,0.8285714285714286,0.9545454545454546
partition,iscx_url2016_binary,s3,lr,r03,r09,r03_vs_r09,1.0,1.0,0.8181818181818182,0.9689075630252102,0.9714285714285714,1.0
partition,iscx_url2016_binary,s3,lr,r04,r05,r04_vs_r05,0.8181818181818182,0.7647058823529411,0.9047619047619048,0.9577030812324931,0.9142857142857143,1.0
partition,iscx_url2016_binary,s3,lr,r04,r06,r04_vs_r06,0.8181818181818182,0.875,0.9047619047619048,0.972829131652661,0.9142857142857143,1.0
partition,iscx_url2016_binary,s3,lr,r04,r07,r04_vs_r07,0.8181818181818182,1.0,0.9047619047619048,0.9795518207282913,0.9428571428571428,1.0
partition,iscx_url2016_binary,s3,lr,r04,r08,r04_vs_r08,1.0,0.7647058823529411,0.8181818181818182,0.9207282913165266,0.8571428571428571,0.9545454545454546
partition,iscx_url2016_binary,s3,lr,r04,r09,r04_vs_r09,0.8181818181818182,0.6666666666666666,0.9047619047619048,0.9521008403361345,1.0,1.0
partition,iscx_url2016_binary,s3,lr,r05,r06,r05_vs_r06,0.8181818181818182,0.7647058823529411,0.8181818181818182,0.9613445378151261,0.9428571428571428,1.0
partition,iscx_url2016_binary,s3,lr,r05,r07,r05_vs_r07,0.8181818181818182,0.7647058823529411,0.8181818181818182,0.9647058823529412,0.9142857142857143,1.0
partition,iscx_url2016_binary,s3,lr,r05,r08,r05_vs_r08,0.8181818181818182,1.0,0.9047619047619048,0.9787114845938377,0.9428571428571428,1.0
partition,iscx_url2016_binary,s3,lr,r05,r09,r05_vs_r09,0.8181818181818182,0.875,0.8181818181818182,0.9453781512605042,0.9142857142857143,1.0
partition,iscx_url2016_binary,s3,lr,r06,r07,r06_vs_r07,1.0,0.875,0.9047619047619048,0.9840336134453783,0.9142857142857143,1.0
partition,iscx_url2016_binary,s3,lr,r06,r08,r06_vs_r08,0.8181818181818182,0.7647058823529411,0.7391304347826086,0.9294117647058825,0.9428571428571428,1.0
partition,iscx_url2016_binary,s3,lr,r06,r09,r06_vs_r09,0.8181818181818182,0.6666666666666666,0.8181818181818182,0.9296918767507003,0.9142857142857143,1.0
partition,iscx_url2016_binary,s3,lr,r07,r08,r07_vs_r08,0.8181818181818182,0.7647058823529411,0.7391304347826086,0.9341736694677871,0.9142857142857143,1.0
partition,iscx_url2016_binary,s3,lr,r07,r09,r07_vs_r09,0.8181818181818182,0.6666666666666666,0.8181818181818182,0.9224089635854342,0.9428571428571428,1.0
partition,iscx_url2016_binary,s3,lr,r08,r09,r08_vs_r09,0.8181818181818182,0.875,0.8181818181818182,0.9366946778711485,0.8571428571428571,0.9545454545454546
partition,iscx_url2016_binary,s3,rf,r00,r01,r00_vs_r01,0.6666666666666666,0.875,0.8181818181818182,0.9604820627802692,0.9714285714285714,1.0
partition,iscx_url2016_binary,s3,rf,r00,r02,r00_vs_r02,0.6666666666666666,0.875,0.8181818181818182,0.9653240143121048,1.0,1.0
partition,iscx_url2016_binary,s3,rf,r00,r03,r00_vs_r03,1.0,0.875,0.9047619047619048,0.9887892376681614,0.9428571428571428,0.9523809523809523
partition,iscx_url2016_binary,s3,rf,r00,r04,r00_vs_r04,0.8181818181818182,0.875,0.8181818181818182,0.9534753363228701,0.9714285714285714,1.0
partition,iscx_url2016_binary,s3,rf,r00,r05,r00_vs_r05,1.0,0.875,1.0,0.9899103139013453,0.9714285714285714,1.0
partition,iscx_url2016_binary,s3,rf,r00,r06,r00_vs_r06,0.6666666666666666,0.875,0.8181818181818182,0.9461883408071751,0.9428571428571428,1.0
partition,iscx_url2016_binary,s3,rf,r00,r07,r00_vs_r07,0.8181818181818182,0.875,0.8181818181818182,0.9562780269058295,0.9714285714285714,1.0
partition,iscx_url2016_binary,s3,rf,r00,r08,r00_vs_r08,1.0,1.0,1.0,0.992713004484305,0.9428571428571428,1.0
partition,iscx_url2016_binary,s3,rf,r00,r09,r00_vs_r09,1.0,0.875,0.9047619047619048,0.9943946188340808,0.9714285714285714,1.0
partition,iscx_url2016_binary,s3,rf,r01,r02,r01_vs_r02,0.8181818181818182,1.0,0.9047619047619048,0.9955867120031664,0.9714285714285714,1.0
partition,iscx_url2016_binary,s3,rf,r01,r03,r01_vs_r03,0.6666666666666666,0.7647058823529411,0.8181818181818182,0.9313340807174887,0.9142857142857143,0.9545454545454546
partition,iscx_url2016_binary,s3,rf,r01,r04,r01_vs_r04,0.8181818181818182,1.0,0.9047619047619048,0.9938340807174888,1.0,1.0
partition,iscx_url2016_binary,s3,rf,r01,r05,r01_vs_r05,0.6666666666666666,0.7647058823529411,0.8181818181818182,0.9346973094170404,0.9428571428571428,1.0
partition,iscx_url2016_binary,s3,rf,r01,r06,r01_vs_r06,0.8181818181818182,1.0,0.9047619047619048,0.9896300448430493,0.9714285714285714,1.0
partition,iscx_url2016_binary,s3,rf,r01,r07,r01_vs_r07,0.8181818181818182,1.0,0.9047619047619048,0.9963565022421524,0.9428571428571428,1.0
partition,iscx_url2016_binary,s3,rf,r01,r08,r01_vs_r08,0.6666666666666666,0.875,0.8181818181818182,0.9554372197309416,0.9142857142857143,1.0
partition,iscx_url2016_binary,s3,rf,r01,r09,r01_vs_r09,0.6666666666666666,0.7647058823529411,0.8181818181818182,0.9433856502242152,0.9428571428571428,1.0
partition,iscx_url2016_binary,s3,rf,r02,r03,r02_vs_r03,0.6666666666666666,0.7647058823529411,0.8181818181818182,0.9384238385867169,0.9428571428571428,0.9545454545454546
partition,iscx_url2016_binary,s3,rf,r02,r04,r02_vs_r04,0.8181818181818182,1.0,0.8181818181818182,0.9919439798736868,0.9714285714285714,1.0
partition,iscx_url2016_binary,s3,rf,r02,r05,r02_vs_r05,0.6666666666666666,0.7647058823529411,0.8181818181818182,0.9412259402247781,0.9714285714285714,1.0
partition,iscx_url2016_binary,s3,rf,r02,r06,r02_vs_r06,1.0,1.0,0.9047619047619048,0.9894220883994317,0.9428571428571428,1.0
partition,iscx_url2016_binary,s3,rf,r02,r07,r02_vs_r07,0.8181818181818182,1.0,0.8181818181818182,0.9941856611841358,0.9714285714285714,1.0
partition,iscx_url2016_binary,s3,rf,r02,r08,r02_vs_r08,0.6666666666666666,0.875,0.8181818181818182,0.9580385500531456,0.9428571428571428,1.0
partition,iscx_url2016_binary,s3,rf,r02,r09,r02_vs_r09,0.6666666666666666,0.7647058823529411,0.8181818181818182,0.952434346777023,0.9714285714285714,1.0
partition,iscx_url2016_binary,s3,rf,r03,r04,r03_vs_r04,0.8181818181818182,0.7647058823529411,0.8181818181818182,0.9271300448430494,0.9142857142857143,0.9545454545454546
partition,iscx_url2016_binary,s3,rf,r03,r05,r03_vs_r05,1.0,1.0,0.9047619047619048,0.9885089686098656,0.9714285714285714,0.9523809523809523
partition,iscx_url2016_binary,s3,rf,r03,r06,r03_vs_r06,0.6666666666666666,0.7647058823529411,0.8181818181818182,0.9190022421524664,0.8857142857142857,0.9545454545454546
partition,iscx_url2016_binary,s3,rf,r03,r07,r03_vs_r07,0.8181818181818182,0.7647058823529411,0.8181818181818182,0.9276905829596412,0.9714285714285714,0.9545454545454546
partition,iscx_url2016_binary,s3,rf,r03,r08,r03_vs_r08,1.0,0.875,0.9047619047619048,0.9876681614349775,0.9428571428571428,0.9523809523809523
partition,iscx_url2016_binary,s3,rf,r03,r09,r03_vs_r09,1.0,0.875,1.0,0.9932735426008968,0.9714285714285714,0.95
partition,iscx_url2016_binary,s3,rf,r04,r05,r04_vs_r05,0.8181818181818182,0.7647058823529411,0.8181818181818182,0.9265695067264575,0.9428571428571428,1.0
partition,iscx_url2016_binary,s3,rf,r04,r06,r04_vs_r06,0.8181818181818182,1.0,0.9047619047619048,0.9941143497757848,0.9714285714285714,1.0
partition,iscx_url2016_binary,s3,rf,r04,r07,r04_vs_r07,1.0,1.0,0.9047619047619048,0.9969170403587443,0.9428571428571428,1.0
partition,iscx_url2016_binary,s3,rf,r04,r08,r04_vs_r08,0.8181818181818182,0.875,0.8181818181818182,0.9501121076233184,0.9142857142857143,1.0
partition,iscx_url2016_binary,s3,rf,r04,r09,r04_vs_r09,0.8181818181818182,0.7647058823529411,0.8181818181818182,0.9389013452914798,0.9428571428571428,1.0
partition,iscx_url2016_binary,s3,rf,r05,r06,r05_vs_r06,0.6666666666666666,0.7647058823529411,0.8181818181818182,0.9223654708520179,0.9142857142857143,1.0
partition,iscx_url2016_binary,s3,rf,r05,r07,r05_vs_r07,0.8181818181818182,0.7647058823529411,0.8181818181818182,0.929932735426009,1.0,1.0
partition,iscx_url2016_binary,s3,rf,r05,r08,r05_vs_r08,1.0,0.875,1.0,0.9915919282511211,0.9714285714285714,1.0
partition,iscx_url2016_binary,s3,rf,r05,r09,r05_vs_r09,1.0,0.875,0.9047619047619048,0.9929932735426009,1.0,1.0
partition,iscx_url2016_binary,s3,rf,r06,r07,r06_vs_r07,0.8181818181818182,1.0,0.8181818181818182,0.9910313901345292,0.9142857142857143,1.0
partition,iscx_url2016_binary,s3,rf,r06,r08,r06_vs_r08,0.6666666666666666,0.875,0.8181818181818182,0.9495515695067264,0.9428571428571428,1.0
partition,iscx_url2016_binary,s3,rf,r06,r09,r06_vs_r09,0.6666666666666666,0.7647058823529411,0.8181818181818182,0.9335762331838565,0.9142857142857143,1.0
partition,iscx_url2016_binary,s3,rf,r07,r08,r07_vs_r08,0.8181818181818182,0.875,0.8181818181818182,0.9495515695067264,0.9714285714285714,1.0
partition,iscx_url2016_binary,s3,rf,r07,r09,r07_vs_r09,0.8181818181818182,0.7647058823529411,0.8181818181818182,0.9400224215246636,1.0,1.0
partition,iscx_url2016_binary,s3,rf,r08,r09,r08_vs_r09,1.0,0.875,0.9047619047619048,0.9907511210762332,0.9714285714285714,1.0
partition,iscx_url2016_binary,s3,xgb,r00,r01,r00_vs_r01,0.8181818181818182,0.7647058823529411,0.8181818181818182,0.9419843049327353,0.9142857142857143,1.0
partition,iscx_url2016_binary,s3,xgb,r00,r02,r00_vs_r02,0.8181818181818182,0.6666666666666666,0.8181818181818182,0.9537556053811659,0.9714285714285714,1.0
partition,iscx_url2016_binary,s3,xgb,r00,r03,r00_vs_r03,0.8181818181818182,0.875,1.0,0.9771485513044053,0.7714285714285715,0.9
partition,iscx_url2016_binary,s3,xgb,r00,r04,r00_vs_r04,0.8181818181818182,0.6666666666666666,0.7391304347826086,0.9440628901698515,0.9142857142857143,1.0
partition,iscx_url2016_binary,s3,xgb,r00,r05,r00_vs_r05,0.8181818181818182,0.7647058823529411,0.9047619047619048,0.9722228345451904,0.8857142857142857,0.9523809523809523
partition,iscx_url2016_binary,s3,xgb,r00,r06,r00_vs_r06,0.8181818181818182,0.7647058823529411,0.8181818181818182,0.942801148855398,0.9428571428571428,1.0
partition,iscx_url2016_binary,s3,xgb,r00,r07,r00_vs_r07,0.6666666666666666,0.7647058823529411,0.8181818181818182,0.9520739910313901,0.9428571428571428,1.0
partition,iscx_url2016_binary,s3,xgb,r00,r08,r00_vs_r08,0.8181818181818182,0.875,0.9047619047619048,0.9896300448430493,0.9428571428571428,1.0
partition,iscx_url2016_binary,s3,xgb,r00,r09,r00_vs_r09,1.0,0.875,1.0,0.9879355268206683,0.8571428571428571,0.95
partition,iscx_url2016_binary,s3,xgb,r01,r02,r01_vs_r02,1.0,0.7647058823529411,0.9047619047619048,0.9705717488789238,0.9428571428571428,1.0
partition,iscx_url2016_binary,s3,xgb,r01,r03,r01_vs_r03,0.6666666666666666,0.875,0.8181818181818182,0.9359316683655967,0.8571428571428571,0.8636363636363636
partition,iscx_url2016_binary,s3,xgb,r01,r04,r01_vs_r04,1.0,0.7647058823529411,0.8181818181818182,0.9740642947579637,0.9428571428571428,1.0
partition,iscx_url2016_binary,s3,xgb,r01,r05,r01_vs_r05,0.6666666666666666,0.7647058823529411,0.8181818181818182,0.9405168662036012,0.8571428571428571,0.9090909090909091
partition,iscx_url2016_binary,s3,xgb,r01,r06,r01_vs_r06,1.0,0.7647058823529411,0.9047619047619048,0.9677555881856972,0.9714285714285714,1.0
partition,iscx_url2016_binary,s3,xgb,r01,r07,r01_vs_r07,0.8181818181818182,0.7647058823529411,1.0,0.9652466367713005,0.9714285714285714,1.0
partition,iscx_url2016_binary,s3,xgb,r01,r08,r01_vs_r08,0.6666666666666666,0.875,0.9047619047619048,0.9512331838565022,0.9142857142857143,1.0
partition,iscx_url2016_binary,s3,xgb,r01,r09,r01_vs_r09,0.8181818181818182,0.7647058823529411,0.8181818181818182,0.9388333634598,0.8857142857142857,0.9545454545454546
partition,iscx_url2016_binary,s3,xgb,r02,r03,r02_vs_r03,0.6666666666666666,0.7647058823529411,0.8181818181818182,0.9286416074376441,0.8,0.8636363636363636
partition,iscx_url2016_binary,s3,xgb,r02,r04,r02_vs_r04,1.0,0.875,0.8181818181818182,0.9768681643456377,0.9428571428571428,1.0
partition,iscx_url2016_binary,s3,xgb,r02,r05,r02_vs_r05,0.6666666666666666,0.7647058823529411,0.7391304347826086,0.9422003689474023,0.9142857142857143,0.9130434782608695
partition,iscx_url2016_binary,s3,xgb,r02,r06,r02_vs_r06,1.0,0.7647058823529411,0.8181818181818182,0.9613066881340468,0.9714285714285714,1.0
partition,iscx_url2016_binary,s3,xgb,r02,r07,r02_vs_r07,0.8181818181818182,0.7647058823529411,0.9047619047619048,0.9744955156950673,0.9142857142857143,1.0
partition,iscx_url2016_binary,s3,xgb,r02,r08,r02_vs_r08,0.6666666666666666,0.7647058823529411,0.8181818181818182,0.953195067264574,0.9142857142857143,1.0
partition,iscx_url2016_binary,s3,xgb,r02,r09,r02_vs_r09,0.8181818181818182,0.6666666666666666,0.8181818181818182,0.9399556986223342,0.8857142857142857,0.9545454545454546
partition,iscx_url2016_binary,s3,xgb,r03,r04,r03_vs_r04,0.6666666666666666,0.6666666666666666,0.7391304347826086,0.9220196353436186,0.8,0.8695652173913043
partition,iscx_url2016_binary,s3,xgb,r03,r05,r03_vs_r05,0.8181818181818182,0.7647058823529411,0.9047619047619048,0.9712283093206351,0.8857142857142857,0.9523809523809523
partition,iscx_url2016_binary,s3,xgb,r03,r06,r03_vs_r06,0.6666666666666666,0.875,0.8181818181818182,0.924474053295933,0.8285714285714286,0.8636363636363636
partition,iscx_url2016_binary,s3,xgb,r03,r07,r03_vs_r07,0.6666666666666666,0.7647058823529411,0.8181818181818182,0.9205103856333895,0.8285714285714286,0.8636363636363636
partition,iscx_url2016_binary,s3,xgb,r03,r08,r03_vs_r08,1.0,0.875,0.9047619047619048,0.986120933984962,0.8285714285714286,0.9047619047619048
partition,iscx_url2016_binary,s3,xgb,r03,r09,r03_vs_r09,0.8181818181818182,0.875,1.0,0.9802107676727334,0.8,0.85
partition,iscx_url2016_binary,s3,xgb,r04,r05,r04_vs_r05,0.6666666666666666,0.6666666666666666,0.7391304347826086,0.921544086560591,0.8571428571428571,0.9130434782608695
partition,iscx_url2016_binary,s3,xgb,r04,r06,r04_vs_r06,1.0,0.6666666666666666,0.8181818181818182,0.962622720897616,0.9142857142857143,1.0
partition,iscx_url2016_binary,s3,xgb,r04,r07,r04_vs_r07,0.8181818181818182,0.7647058823529411,0.8181818181818182,0.9625684294485002,0.9142857142857143,1.0
partition,iscx_url2016_binary,s3,xgb,r04,r08,r04_vs_r08,0.6666666666666666,0.6666666666666666,0.8181818181818182,0.936212055324364,0.9142857142857143,0.9545454545454546
partition,iscx_url2016_binary,s3,xgb,r04,r09,r04_vs_r09,0.8181818181818182,0.5789473684210527,0.7391304347826086,0.9291230357951739,0.8285714285714286,0.9130434782608695
partition,iscx_url2016_binary,s3,xgb,r05,r06,r05_vs_r06,0.6666666666666666,0.6666666666666666,0.8181818181818182,0.9142458391495111,0.8857142857142857,0.9090909090909091
partition,iscx_url2016_binary,s3,xgb,r05,r07,r05_vs_r07,0.5384615384615384,0.6666666666666666,0.8181818181818182,0.9281711794157258,0.8285714285714286,0.9090909090909091
partition,iscx_url2016_binary,s3,xgb,r05,r08,r05_vs_r08,0.8181818181818182,0.875,0.9047619047619048,0.9831656023798983,0.8857142857142857,0.9523809523809523
partition,iscx_url2016_binary,s3,xgb,r05,r09,r05_vs_r09,0.8181818181818182,0.875,0.9047619047619048,0.9820224719101124,0.8571428571428571,0.9047619047619048
partition,iscx_url2016_binary,s3,xgb,r06,r07,r06_vs_r07,0.8181818181818182,0.7647058823529411,0.9047619047619048,0.9576616576700705,0.9428571428571428,1.0
partition,iscx_url2016_binary,s3,xgb,r06,r08,r06_vs_r08,0.6666666666666666,0.7647058823529411,0.8181818181818182,0.9349503140099108,0.8857142857142857,1.0
partition,iscx_url2016_binary,s3,xgb,r06,r09,r06_vs_r09,0.8181818181818182,0.7647058823529411,0.8181818181818182,0.9347370722652355,0.9142857142857143,0.9545454545454546
partition,iscx_url2016_binary,s3,xgb,r07,r08,r07_vs_r08,0.6666666666666666,0.7647058823529411,0.9047619047619048,0.9422645739910314,0.9428571428571428,1.0
partition,iscx_url2016_binary,s3,xgb,r07,r09,r07_vs_r09,0.6666666666666666,0.6666666666666666,0.8181818181818182,0.9329411038564959,0.8571428571428571,0.9545454545454546
partition,iscx_url2016_binary,s3,xgb,r08,r09,r08_vs_r09,0.8181818181818182,0.875,0.9047619047619048,0.9918636998895377,0.8571428571428571,0.9523809523809523
partition,phiusiil,s0,lr,r00,r01,r00_vs_r01,0.8181818181818182,1.0,0.9047619047619048,0.9700280112044818,0.9142857142857143,1.0
partition,phiusiil,s0,lr,r00,r02,r00_vs_r02,0.6666666666666666,0.7647058823529411,1.0,0.9509803921568627,1.0,1.0
partition,phiusiil,s0,lr,r00,r03,r00_vs_r03,0.8181818181818182,0.875,0.9047619047619048,0.9753501400560224,0.9142857142857143,1.0
partition,phiusiil,s0,lr,r00,r04,r00_vs_r04,0.8181818181818182,1.0,1.0,0.969747899159664,0.8571428571428571,1.0
partition,phiusiil,s0,lr,r00,r05,r00_vs_r05,0.6666666666666666,0.875,0.9047619047619048,0.9666666666666667,0.9428571428571428,1.0
partition,phiusiil,s0,lr,r00,r06,r00_vs_r06,0.8181818181818182,0.875,1.0,0.9613445378151261,0.9142857142857143,1.0
partition,phiusiil,s0,lr,r00,r07,r00_vs_r07,0.8181818181818182,0.7647058823529411,1.0,0.9686274509803923,0.9714285714285714,1.0
partition,phiusiil,s0,lr,r00,r08,r00_vs_r08,0.8181818181818182,0.875,0.9047619047619048,0.9708683473389356,0.9714285714285714,1.0
partition,phiusiil,s0,lr,r00,r09,r00_vs_r09,0.8181818181818182,0.875,1.0,0.969467787114846,0.9428571428571428,1.0
partition,phiusiil,s0,lr,r01,r02,r01_vs_r02,0.6666666666666666,0.7647058823529411,0.9047619047619048,0.9422969187675071,0.9142857142857143,1.0
partition,phiusiil,s0,lr,r01,r03,r01_vs_r03,0.8181818181818182,0.875,1.0,0.9826330532212886,1.0,1.0
partition,phiusiil,s0,lr,r01,r04,r01_vs_r04,0.6666666666666666,1.0,0.9047619047619048,0.950420168067227,0.9428571428571428,0.9523809523809523
partition,phiusiil,s0,lr,r01,r05,r01_vs_r05,0.8181818181818182,0.875,0.9047619047619048,0.9787114845938377,0.9142857142857143,1.0
partition,phiusiil,s0,lr,r01,r06,r01_vs_r06,0.8181818181818182,0.875,0.9047619047619048,0.9633053221288516,0.8857142857142857,1.0
partition,phiusiil,s0,lr,r01,r07,r01_vs_r07,0.6666666666666666,0.7647058823529411,0.9047619047619048,0.9470588235294117,0.9428571428571428,1.0
partition,phiusiil,s0,lr,r01,r08,r01_vs_r08,0.6666666666666666,0.875,0.9047619047619048,0.9408963585434175,0.9428571428571428,1.0
partition,phiusiil,s0,lr,r01,r09,r01_vs_r09,0.8181818181818182,0.875,0.9047619047619048,0.9476190476190477,0.9714285714285714,1.0
partition,phiusiil,s0,lr,r02,r03,r02_vs_r03,0.6666666666666666,0.7647058823529411,0.9047619047619048,0.9434173669467788,0.9142857142857143,1.0
partition,phiusiil,s0,lr,r02,r04,r02_vs_r04,0.8181818181818182,0.7647058823529411,1.0,0.9574229691876752,0.8571428571428571,1.0
partition,phiusiil,s0,lr,r02,r05,r02_vs_r05,0.8181818181818182,0.7647058823529411,0.9047619047619048,0.9543417366946779,0.9428571428571428,1.0
partition,phiusiil,s0,lr,r02,r06,r02_vs_r06,0.6666666666666666,0.875,1.0,0.9731092436974791,0.9142857142857143,1.0
partition,phiusiil,s0,lr,r02,r07,r02_vs_r07,0.8181818181818182,0.7647058823529411,1.0,0.9554621848739496,0.9714285714285714,1.0
partition,phiusiil,s0,lr,r02,r08,r02_vs_r08,0.8181818181818182,0.7647058823529411,0.9047619047619048,0.9403361344537815,0.9714285714285714,1.0
partition,phiusiil,s0,lr,r02,r09,r02_vs_r09,0.6666666666666666,0.875,1.0,0.9521008403361345,0.9428571428571428,1.0
partition,phiusiil,s0,lr,r03,r04,r03_vs_r04,0.8181818181818182,0.875,0.9047619047619048,0.9546218487394958,0.9428571428571428,0.9523809523809523
partition,phiusiil,s0,lr,r03,r05,r03_vs_r05,0.8181818181818182,0.875,0.9047619047619048,0.9851540616246499,0.9142857142857143,1.0
partition,phiusiil,s0,lr,r03,r06,r03_vs_r06,1.0,0.7647058823529411,0.9047619047619048,0.9719887955182074,0.8857142857142857,1.0
partition,phiusiil,s0,lr,r03,r07,r03_vs_r07,0.8181818181818182,0.7647058823529411,0.9047619047619048,0.9431372549019609,0.9428571428571428,1.0
partition,phiusiil,s0,lr,r03,r08,r03_vs_r08,0.8181818181818182,0.7647058823529411,0.9047619047619048,0.9543417366946779,0.9428571428571428,1.0
partition,phiusiil,s0,lr,r03,r09,r03_vs_r09,1.0,0.875,0.9047619047619048,0.9523809523809526,0.9714285714285714,1.0
partition,phiusiil,s0,lr,r04,r05,r04_vs_r05,0.8181818181818182,0.875,0.9047619047619048,0.9518207282913166,0.9142857142857143,1.0
partition,phiusiil,s0,lr,r04,r06,r04_vs_r06,0.8181818181818182,0.875,1.0,0.9459383753501401,0.8857142857142857,1.0
partition,phiusiil,s0,lr,r04,r07,r04_vs_r07,0.8181818181818182,0.7647058823529411,1.0,0.9722689075630253,0.8857142857142857,1.0
partition,phiusiil,s0,lr,r04,r08,r04_vs_r08,0.8181818181818182,0.875,0.9047619047619048,0.9453781512605042,0.8857142857142857,0.9523809523809523
partition,phiusiil,s0,lr,r04,r09,r04_vs_r09,0.8181818181818182,0.875,1.0,0.9890756302521008,0.9142857142857143,1.0
partition,phiusiil,s0,lr,r05,r06,r05_vs_r06,0.8181818181818182,0.7647058823529411,0.9047619047619048,0.973669467787115,0.9714285714285714,1.0
partition,phiusiil,s0,lr,r05,r07,r05_vs_r07,0.6666666666666666,0.6666666666666666,0.9047619047619048,0.9358543417366947,0.9142857142857143,1.0
partition,phiusiil,s0,lr,r05,r08,r05_vs_r08,0.6666666666666666,0.7647058823529411,0.9047619047619048,0.938935574229692,0.9714285714285714,0.9523809523809523
partition,phiusiil,s0,lr,r05,r09,r05_vs_r09,0.8181818181818182,0.875,0.9047619047619048,0.9591036414565827,0.9428571428571428,1.0
partition,phiusiil,s0,lr,r06,r07,r06_vs_r07,0.8181818181818182,0.875,1.0,0.9551820728291317,0.8857142857142857,1.0
partition,phiusiil,s0,lr,r06,r08,r06_vs_r08,0.8181818181818182,0.875,0.9047619047619048,0.9484593837535015,0.9428571428571428,0.9523809523809523
partition,phiusiil,s0,lr,r06,r09,r06_vs_r09,1.0,0.7647058823529411,1.0,0.9445378151260504,0.9142857142857143,1.0
partition,phiusiil,s0,lr,r07,r08,r07_vs_r08,1.0,0.875,0.9047619047619048,0.9478991596638656,0.9428571428571428,1.0
partition,phiusiil,s0,lr,r07,r09,r07_vs_r09,0.8181818181818182,0.6666666666666666,1.0,0.9733893557422969,0.9714285714285714,1.0
partition,phiusiil,s0,lr,r08,r09,r08_vs_r09,0.8181818181818182,0.7647058823529411,0.9047619047619048,0.9414565826330532,0.9714285714285714,1.0
partition,phiusiil,s0,rf,r00,r01,r00_vs_r01,1.0,1.0,1.0,0.9957959641255606,0.8571428571428571,0.9
partition,phiusiil,s0,rf,r00,r02,r00_vs_r02,0.8181818181818182,0.875,0.9047619047619048,0.9938340807174888,0.9714285714285714,0.9523809523809523
partition,phiusiil,s0,rf,r00,r03,r00_vs_r03,1.0,0.875,0.9047619047619048,0.9907511210762332,0.9142857142857143,1.0
partition,phiusiil,s0,rf,r00,r04,r00_vs_r04,0.8181818181818182,1.0,1.0,0.9949551569506726,0.8571428571428571,0.95
partition,phiusiil,s0,rf,r00,r05,r00_vs_r05,0.8181818181818182,0.875,0.9047619047619048,0.9871076233183856,0.9428571428571428,0.9523809523809523
partition,phiusiil,s0,rf,r00,r06,r00_vs_r06,1.0,0.875,0.9047619047619048,0.992713004484305,0.8857142857142857,0.8571428571428571
partition,phiusiil,s0,rf,r00,r07,r00_vs_r07,1.0,1.0,0.8181818181818182,0.9922241900374928,0.9142857142857143,0.9545454545454546
partition,phiusiil,s0,rf,r00,r08,r00_vs_r08,0.8181818181818182,0.875,1.0,0.9955156950672646,0.9428571428571428,0.95
partition,phiusiil,s0,rf,r00,r09,r00_vs_r09,0.8181818181818182,1.0,0.9047619047619048,0.9925044002012992,0.8857142857142857,0.9523809523809523
partition,phiusiil,s0,rf,r01,r02,r01_vs_r02,0.8181818181818182,0.875,0.9047619047619048,0.9904708520179372,0.8285714285714286,0.8571428571428571
partition,phiusiil,s0,rf,r01,r03,r01_vs_r03,1.0,0.875,0.9047619047619048,0.9913116591928253,0.9428571428571428,0.9047619047619048
partition,phiusiil,s0,rf,r01,r04,r01_vs_r04,0.8181818181818182,1.0,1.0,0.9932735426008968,0.9428571428571428,0.95
partition,phiusiil,s0,rf,r01,r05,r01_vs_r05,0.8181818181818182,0.875,0.9047619047619048,0.9854260089686099,0.8571428571428571,0.8571428571428571
partition,phiusiil,s0,rf,r01,r06,r01_vs_r06,1.0,0.875,0.9047619047619048,0.9873878923766815,0.8571428571428571,0.8571428571428571
partition,phiusiil,s0,rf,r01,r07,r01_vs_r07,1.0,1.0,0.8181818181818182,0.9885814579080134,0.8285714285714286,0.8636363636363636
partition,phiusiil,s0,rf,r01,r08,r01_vs_r08,0.8181818181818182,0.875,1.0,0.9949551569506726,0.8571428571428571,0.85
partition,phiusiil,s0,rf,r01,r09,r01_vs_r09,0.8181818181818182,1.0,0.9047619047619048,0.9894220883994317,0.8571428571428571,0.8571428571428571
partition,phiusiil,s0,rf,r02,r03,r02_vs_r03,0.8181818181818182,0.875,0.9047619047619048,0.9899103139013453,0.8857142857142857,0.9523809523809523
partition,phiusiil,s0,rf,r02,r04,r02_vs_r04,0.8181818181818182,0.875,0.9047619047619048,0.9929932735426009,0.8285714285714286,0.9047619047619048
partition,phiusiil,s0,rf,r02,r05,r02_vs_r05,0.6666666666666666,0.875,0.9047619047619048,0.9840246636771302,0.9714285714285714,1.0
partition,phiusiil,s0,rf,r02,r06,r02_vs_r06,0.8181818181818182,0.875,0.8181818181818182,0.9879484304932735,0.9142857142857143,0.9090909090909091
partition,phiusiil,s0,rf,r02,r07,r02_vs_r07,0.8181818181818182,0.875,0.8181818181818182,0.9838178851233093,0.9428571428571428,1.0
partition,phiusiil,s0,rf,r02,r08,r02_vs_r08,0.8181818181818182,0.875,0.9047619047619048,0.9932735426008968,0.9714285714285714,1.0
partition,phiusiil,s0,rf,r02,r09,r02_vs_r09,0.8181818181818182,0.875,1.0,0.9950262916755542,0.9142857142857143,1.0
partition,phiusiil,s0,rf,r03,r04,r03_vs_r04,0.8181818181818182,0.875,0.9047619047619048,0.9941143497757848,0.9428571428571428,0.9523809523809523
partition,phiusiil,s0,rf,r03,r05,r03_vs_r05,0.8181818181818182,1.0,0.8181818181818182,0.9882286995515696,0.9142857142857143,0.9545454545454546
partition,phiusiil,s0,rf,r03,r06,r03_vs_r06,1.0,0.7647058823529411,0.9047619047619048,0.984585201793722,0.8571428571428571,0.8571428571428571
partition,phiusiil,s0,rf,r03,r07,r03_vs_r07,1.0,0.875,0.8181818181818182,0.9849387257785336,0.8857142857142857,0.9545454545454546
partition,phiusiil,s0,rf,r03,r08,r03_vs_r08,0.8181818181818182,0.7647058823529411,0.9047619047619048,0.9859865470852017,0.9142857142857143,0.9523809523809523
partition,phiusiil,s0,rf,r03,r09,r03_vs_r09,0.8181818181818182,0.875,0.9047619047619048,0.9883012477442071,0.9142857142857143,0.9523809523809523
partition,phiusiil,s0,rf,r04,r05,r04_vs_r05,0.6666666666666666,0.875,0.9047619047619048,0.9862668161434978,0.8571428571428571,0.9047619047619048
partition,phiusiil,s0,rf,r04,r06,r04_vs_r06,0.8181818181818182,0.875,0.9047619047619048,0.9899103139013453,0.8571428571428571,0.9047619047619048
partition,phiusiil,s0,rf,r04,r07,r04_vs_r07,0.8181818181818182,1.0,0.8181818181818182,0.9840980952871153,0.8285714285714286,0.9090909090909091
partition,phiusiil,s0,rf,r04,r08,r04_vs_r08,0.8181818181818182,0.875,1.0,0.9901905829596414,0.8571428571428571,0.9
partition,phiusiil,s0,rf,r04,r09,r04_vs_r09,0.8181818181818182,1.0,0.9047619047619048,0.9925044002012992,0.8571428571428571,0.9047619047619048
partition,phiusiil,s0,rf,r05,r06,r05_vs_r06,0.8181818181818182,0.7647058823529411,0.8181818181818182,0.9739349775784752,0.9428571428571428,0.9090909090909091
partition,phiusiil,s0,rf,r05,r07,r05_vs_r07,0.8181818181818182,0.875,0.8181818181818182,0.9826970444680846,0.9142857142857143,1.0
partition,phiusiil,s0,rf,r05,r08,r05_vs_r08,0.8181818181818182,0.7647058823529411,0.9047619047619048,0.9854260089686099,1.0,1.0
partition,phiusiil,s0,rf,r05,r09,r05_vs_r09,0.8181818181818182,0.875,0.9047619047619048,0.9852189359423397,0.9428571428571428,1.0
partition,phiusiil,s0,rf,r06,r07,r06_vs_r07,1.0,0.875,0.9047619047619048,0.9908231392184623,0.8571428571428571,0.9047619047619048
partition,phiusiil,s0,rf,r06,r08,r06_vs_r08,0.8181818181818182,1.0,0.9047619047619048,0.9890695067264574,0.9428571428571428,0.9047619047619048
partition,phiusiil,s0,rf,r06,r09,r06_vs_r09,0.8181818181818182,0.875,0.8181818181818182,0.9874606172527888,0.8857142857142857,0.9090909090909091
partition,phiusiil,s0,rf,r07,r08,r07_vs_r08,0.8181818181818182,0.875,0.8181818181818182,0.9908231392184623,0.9142857142857143,1.0
partition,phiusiil,s0,rf,r07,r09,r07_vs_r09,0.8181818181818182,1.0,0.8181818181818182,0.9887939487323155,0.9714285714285714,1.0
partition,phiusiil,s0,rf,r08,r09,r08_vs_r09,1.0,0.875,0.9047619047619048,0.994465871347942,0.9428571428571428,1.0
partition,phiusiil,s0,xgb,r00,r01,r00_vs_r01,0.8181818181818182,0.875,0.9047619047619048,0.9839587698022979,0.9714285714285714,1.0
partition,phiusiil,s0,xgb,r00,r02,r00_vs_r02,1.0,0.875,0.9047619047619048,0.988243727598566,1.0,1.0
partition,phiusiil,s0,xgb,r00,r03,r00_vs_r03,0.8181818181818182,0.875,0.9047619047619048,0.9807921383020565,0.9714285714285714,1.0
partition,phiusiil,s0,xgb,r00,r04,r00_vs_r04,0.8181818181818182,0.875,0.9047619047619048,0.9900041572118498,0.9714285714285714,1.0
partition,phiusiil,s0,xgb,r00,r05,r00_vs_r05,0.8181818181818182,0.7647058823529411,0.9047619047619048,0.9816557650748498,0.9714285714285714,1.0
partition,phiusiil,s0,xgb,r00,r06,r00_vs_r06,0.8181818181818182,0.875,0.9047619047619048,0.9888526548481257,0.9428571428571428,0.9523809523809523
partition,phiusiil,s0,xgb,r00,r07,r00_vs_r07,0.6666666666666666,0.875,0.9047619047619048,0.9805042627111255,0.9714285714285714,1.0
partition,phiusiil,s0,xgb,r00,r08,r00_vs_r08,0.6666666666666666,0.875,1.0,0.9891039426523296,1.0,1.0
partition,phiusiil,s0,xgb,r00,r09,r00_vs_r09,0.6666666666666666,0.7647058823529411,0.9047619047619048,0.9856860233478842,0.9714285714285714,1.0
partition,phiusiil,s0,xgb,r01,r02,r01_vs_r02,0.8181818181818182,0.875,1.0,0.9848223965750911,0.9714285714285714,1.0
partition,phiusiil,s0,xgb,r01,r03,r01_vs_r03,1.0,1.0,0.9047619047619048,0.9959537572254337,1.0,1.0
partition,phiusiil,s0,xgb,r01,r04,r01_vs_r04,0.8181818181818182,1.0,1.0,0.9933526011560695,1.0,1.0
partition,phiusiil,s0,xgb,r01,r05,r01_vs_r05,0.8181818181818182,0.875,0.9047619047619048,0.9832369942196533,1.0,1.0
partition,phiusiil,s0,xgb,r01,r06,r01_vs_r06,0.8181818181818182,1.0,0.9047619047619048,0.9921965317919077,0.9714285714285714,0.9523809523809523
partition,phiusiil,s0,xgb,r01,r07,r01_vs_r07,0.8181818181818182,1.0,0.9047619047619048,0.9945086705202313,1.0,1.0
partition,phiusiil,s0,xgb,r01,r08,r01_vs_r08,0.8181818181818182,1.0,0.9047619047619048,0.983670894211367,0.9714285714285714,1.0
partition,phiusiil,s0,xgb,r01,r09,r01_vs_r09,0.8181818181818182,0.875,1.0,0.990462427745665,1.0,1.0
partition,phiusiil,s0,xgb,r02,r03,r02_vs_r03,0.8181818181818182,0.875,0.9047619047619048,0.9856860233478842,0.9714285714285714,1.0
partition,phiusiil,s0,xgb,r02,r04,r02_vs_r04,0.8181818181818182,0.875,1.0,0.9897162816209187,0.9714285714285714,1.0
partition,phiusiil,s0,xgb,r02,r05,r02_vs_r05,0.8181818181818182,0.7647058823529411,0.9047619047619048,0.9779133823927462,0.9714285714285714,1.0
partition,phiusiil,s0,xgb,r02,r06,r02_vs_r06,0.8181818181818182,0.875,0.9047619047619048,0.9796406359383324,0.9428571428571428,0.9523809523809523
partition,phiusiil,s0,xgb,r02,r07,r02_vs_r07,0.6666666666666666,0.875,0.9047619047619048,0.9839587698022979,0.9714285714285714,1.0
partition,phiusiil,s0,xgb,r02,r08,r02_vs_r08,0.6666666666666666,0.875,0.9047619047619048,0.9830824372759857,1.0,1.0
partition,phiusiil,s0,xgb,r02,r09,r02_vs_r09,0.6666666666666666,0.875,1.0,0.9865496501206774,0.9714285714285714,1.0
partition,phiusiil,s0,xgb,r03,r04,r03_vs_r04,0.8181818181818182,1.0,0.9047619047619048,0.9927745664739885,1.0,1.0
partition,phiusiil,s0,xgb,r03,r05,r03_vs_r05,0.8181818181818182,0.875,1.0,0.9895953757225434,1.0,1.0
partition,phiusiil,s0,xgb,r03,r06,r03_vs_r06,0.8181818181818182,1.0,0.8181818181818182,0.9867052023121389,0.9714285714285714,0.9545454545454546
partition,phiusiil,s0,xgb,r03,r07,r03_vs_r07,0.8181818181818182,1.0,1.0,0.9953757225433528,1.0,1.0
partition,phiusiil,s0,xgb,r03,r08,r03_vs_r08,0.8181818181818182,1.0,0.9047619047619048,0.9865496501206774,0.9714285714285714,1.0
partition,phiusiil,s0,xgb,r03,r09,r03_vs_r09,0.8181818181818182,0.875,0.9047619047619048,0.9881502890173411,1.0,1.0
partition,phiusiil,s0,xgb,r04,r05,r04_vs_r05,0.6666666666666666,0.875,0.9047619047619048,0.9849710982658961,1.0,1.0
partition,phiusiil,s0,xgb,r04,r06,r04_vs_r06,1.0,1.0,0.9047619047619048,0.9916184971098267,0.9714285714285714,0.9523809523809523
partition,phiusiil,s0,xgb,r04,r07,r04_vs_r07,0.8181818181818182,1.0,0.9047619047619048,0.9916184971098267,1.0,1.0
partition,phiusiil,s0,xgb,r04,r08,r04_vs_r08,0.8181818181818182,1.0,0.9047619047619048,0.9848223965750911,0.9714285714285714,1.0
partition,phiusiil,s0,xgb,r04,r09,r04_vs_r09,0.8181818181818182,0.875,1.0,0.9933526011560695,1.0,1.0
partition,phiusiil,s0,xgb,r05,r06,r05_vs_r06,0.6666666666666666,0.875,0.8181818181818182,0.9797687861271677,0.9714285714285714,0.9545454545454546
partition,phiusiil,s0,xgb,r05,r07,r05_vs_r07,0.8181818181818182,0.875,1.0,0.988728323699422,1.0,1.0
partition,phiusiil,s0,xgb,r05,r08,r05_vs_r08,0.8181818181818182,0.875,0.9047619047619048,0.9894284060299878,0.9714285714285714,1.0
partition,phiusiil,s0,xgb,r05,r09,r05_vs_r09,0.8181818181818182,0.875,0.9047619047619048,0.9826589595375724,1.0,1.0
partition,phiusiil,s0,xgb,r06,r07,r06_vs_r07,0.8181818181818182,1.0,0.8181818181818182,0.9861271676300579,0.9714285714285714,0.9545454545454546
partition,phiusiil,s0,xgb,r06,r08,r06_vs_r08,0.8181818181818182,1.0,0.9047619047619048,0.9848223965750911,0.9428571428571428,0.9523809523809523
partition,phiusiil,s0,xgb,r06,r09,r06_vs_r09,0.8181818181818182,0.875,0.9047619047619048,0.9890173410404625,0.9714285714285714,0.9523809523809523
partition,phiusiil,s0,xgb,r07,r08,r07_vs_r08,1.0,1.0,0.9047619047619048,0.9882769036662638,0.9714285714285714,1.0
partition,phiusiil,s0,xgb,r07,r09,r07_vs_r09,1.0,0.875,0.9047619047619048,0.989884393063584,1.0,1.0
partition,phiusiil,s0,xgb,r08,r09,r08_vs_r09,1.0,0.875,0.9047619047619048,0.9828072674385738,0.9714285714285714,1.0
partition,phiusiil,s1,lr,r00,r01,r00_vs_r01,0.8181818181818182,0.7647058823529411,0.9047619047619048,0.9661064425770309,0.9714285714285714,1.0
partition,phiusiil,s1,lr,r00,r02,r00_vs_r02,0.8181818181818182,0.7647058823529411,0.9047619047619048,0.9638655462184874,0.9142857142857143,0.9523809523809523
partition,phiusiil,s1,lr,r00,r03,r00_vs_r03,0.8181818181818182,0.7647058823529411,0.9047619047619048,0.9624649859943979,0.9142857142857143,1.0
partition,phiusiil,s1,lr,r00,r04,r00_vs_r04,1.0,0.7647058823529411,0.9047619047619048,0.9669467787114847,0.9428571428571428,1.0
partition,phiusiil,s1,lr,r00,r05,r00_vs_r05,1.0,0.7647058823529411,1.0,0.9647058823529412,0.9428571428571428,1.0
partition,phiusiil,s1,lr,r00,r06,r00_vs_r06,0.8181818181818182,0.875,0.9047619047619048,0.9733893557422969,0.9428571428571428,1.0
partition,phiusiil,s1,lr,r00,r07,r00_vs_r07,0.8181818181818182,0.875,0.9047619047619048,0.9434173669467788,0.9142857142857143,0.9523809523809523
partition,phiusiil,s1,lr,r00,r08,r00_vs_r08,0.6666666666666666,0.6666666666666666,0.8181818181818182,0.87703081232493,0.9142857142857143,1.0
partition,phiusiil,s1,lr,r00,r09,r00_vs_r09,0.8181818181818182,0.7647058823529411,0.9047619047619048,0.9439775910364145,0.9142857142857143,0.9523809523809523
partition,phiusiil,s1,lr,r01,r02,r01_vs_r02,0.8181818181818182,1.0,0.9047619047619048,0.9680672268907564,0.9428571428571428,1.0
partition,phiusiil,s1,lr,r01,r03,r01_vs_r03,0.8181818181818182,0.875,1.0,0.942577030812325,0.9428571428571428,1.0
partition,phiusiil,s1,lr,r01,r04,r01_vs_r04,0.8181818181818182,0.7647058823529411,1.0,0.9459383753501401,0.9142857142857143,1.0
partition,phiusiil,s1,lr,r01,r05,r01_vs_r05,0.8181818181818182,0.875,0.9047619047619048,0.9661064425770309,0.9714285714285714,1.0
partition,phiusiil,s1,lr,r01,r06,r01_vs_r06,0.8181818181818182,0.7647058823529411,0.9047619047619048,0.9422969187675071,0.9714285714285714,1.0
partition,phiusiil,s1,lr,r01,r07,r01_vs_r07,0.8181818181818182,0.6666666666666666,1.0,0.9324929971988796,0.9428571428571428,1.0
partition,phiusiil,s1,lr,r01,r08,r01_vs_r08,0.6666666666666666,0.5789473684210527,0.8181818181818182,0.8459383753501402,0.9428571428571428,1.0
partition,phiusiil,s1,lr,r01,r09,r01_vs_r09,1.0,0.7647058823529411,0.9047619047619048,0.938375350140056,0.8857142857142857,1.0
partition,phiusiil,s1,lr,r02,r03,r02_vs_r03,0.8181818181818182,0.875,0.9047619047619048,0.9526610644257704,0.9428571428571428,1.0
partition,phiusiil,s1,lr,r02,r04,r02_vs_r04,0.8181818181818182,0.7647058823529411,0.9047619047619048,0.9677871148459384,0.9142857142857143,1.0
partition,phiusiil,s1,lr,r02,r05,r02_vs_r05,0.8181818181818182,0.875,0.9047619047619048,0.946218487394958,0.9142857142857143,0.9523809523809523
partition,phiusiil,s1,lr,r02,r06,r02_vs_r06,0.8181818181818182,0.7647058823529411,1.0,0.9641456582633053,0.9714285714285714,1.0
partition,phiusiil,s1,lr,r02,r07,r02_vs_r07,0.8181818181818182,0.6666666666666666,0.9047619047619048,0.973669467787115,1.0,1.0
partition,phiusiil,s1,lr,r02,r08,r02_vs_r08,0.6666666666666666,0.5789473684210527,0.9047619047619048,0.8703081232492997,0.9428571428571428,1.0
partition,phiusiil,s1,lr,r02,r09,r02_vs_r09,0.8181818181818182,0.7647058823529411,0.9047619047619048,0.9801120448179272,0.9428571428571428,1.0
partition,phiusiil,s1,lr,r03,r04,r03_vs_r04,0.8181818181818182,0.875,1.0,0.9700280112044818,0.9714285714285714,1.0
partition,phiusiil,s1,lr,r03,r05,r03_vs_r05,0.8181818181818182,1.0,0.9047619047619048,0.969187675070028,0.9714285714285714,1.0
partition,phiusiil,s1,lr,r03,r06,r03_vs_r06,0.8181818181818182,0.875,0.9047619047619048,0.972829131652661,0.9714285714285714,1.0
partition,phiusiil,s1,lr,r03,r07,r03_vs_r07,0.8181818181818182,0.7647058823529411,1.0,0.961624649859944,0.9428571428571428,1.0
partition,phiusiil,s1,lr,r03,r08,r03_vs_r08,0.8181818181818182,0.6666666666666666,0.8181818181818182,0.9397759103641458,1.0,1.0
partition,phiusiil,s1,lr,r03,r09,r03_vs_r09,0.8181818181818182,0.875,0.9047619047619048,0.9406162464985995,0.9428571428571428,1.0
partition,phiusiil,s1,lr,r04,r05,r04_vs_r05,1.0,0.875,0.9047619047619048,0.946218487394958,0.9428571428571428,1.0
partition,phiusiil,s1,lr,r04,r06,r04_vs_r06,0.8181818181818182,0.7647058823529411,0.9047619047619048,0.9784313725490197,0.9428571428571428,1.0
partition,phiusiil,s1,lr,r04,r07,r04_vs_r07,0.8181818181818182,0.875,1.0,0.9792717086834735,0.9142857142857143,1.0
partition,phiusiil,s1,lr,r04,r08,r04_vs_r08,0.6666666666666666,0.7647058823529411,0.8181818181818182,0.9215686274509803,0.9714285714285714,1.0
partition,phiusiil,s1,lr,r04,r09,r04_vs_r09,0.8181818181818182,0.875,0.9047619047619048,0.9722689075630253,0.9714285714285714,1.0
partition,phiusiil,s1,lr,r05,r06,r05_vs_r06,0.8181818181818182,0.875,0.9047619047619048,0.9577030812324931,0.9428571428571428,1.0
partition,phiusiil,s1,lr,r05,r07,r05_vs_r07,0.8181818181818182,0.7647058823529411,0.9047619047619048,0.9324929971988796,0.9142857142857143,0.9523809523809523
partition,phiusiil,s1,lr,r05,r08,r05_vs_r08,0.6666666666666666,0.6666666666666666,0.8181818181818182,0.8896358543417368,0.9714285714285714,1.0
partition,phiusiil,s1,lr,r05,r09,r05_vs_r09,0.8181818181818182,0.875,0.9047619047619048,0.919887955182073,0.9142857142857143,0.9523809523809523
partition,phiusiil,s1,lr,r06,r07,r06_vs_r07,0.8181818181818182,0.875,0.9047619047619048,0.9602240896358545,0.9714285714285714,1.0
partition,phiusiil,s1,lr,r06,r08,r06_vs_r08,0.6666666666666666,0.6666666666666666,0.9047619047619048,0.9224089635854342,0.9714285714285714,1.0
partition,phiusiil,s1,lr,r06,r09,r06_vs_r09,0.8181818181818182,0.875,0.9047619047619048,0.969467787114846,0.9142857142857143,1.0
partition,phiusiil,s1,lr,r07,r08,r07_vs_r08,0.8181818181818182,0.7647058823529411,0.8181818181818182,0.9224089635854342,0.9428571428571428,1.0
partition,phiusiil,s1,lr,r07,r09,r07_vs_r09,0.8181818181818182,0.875,0.9047619047619048,0.9747899159663865,0.9428571428571428,1.0
partition,phiusiil,s1,lr,r08,r09,r08_vs_r09,0.6666666666666666,0.6666666666666666,0.8181818181818182,0.8829131652661065,0.9428571428571428,1.0
partition,phiusiil,s1,rf,r00,r01,r00_vs_r01,0.8181818181818182,0.7647058823529411,0.9047619047619048,0.9798949428300233,0.8857142857142857,0.8571428571428571
partition,phiusiil,s1,rf,r00,r02,r00_vs_r02,0.8181818181818182,0.875,0.9047619047619048,0.9866199867613704,0.8857142857142857,0.9047619047619048
partition,phiusiil,s1,rf,r00,r03,r00_vs_r03,0.8181818181818182,0.875,0.8181818181818182,0.9874606172527888,0.8571428571428571,0.8636363636363636
partition,phiusiil,s1,rf,r00,r04,r00_vs_r04,0.8181818181818182,1.0,0.8181818181818182,0.9896300448430493,0.8857142857142857,0.8636363636363636
partition,phiusiil,s1,rf,r00,r05,r00_vs_r05,0.8181818181818182,0.875,0.8181818181818182,0.9801008968609864,0.8857142857142857,0.8636363636363636
partition,phiusiil,s1,rf,r00,r06,r00_vs_r06,0.8181818181818182,0.875,0.9047619047619048,0.9838178851233093,0.8857142857142857,0.8571428571428571
partition,phiusiil,s1,rf,r00,r07,r00_vs_r07,0.6666666666666666,0.875,0.8181818181818182,0.977298206278027,0.8857142857142857,0.8636363636363636
partition,phiusiil,s1,rf,r00,r08,r00_vs_r08,0.8181818181818182,0.875,0.9047619047619048,0.9885089686098656,0.8857142857142857,0.8571428571428571
partition,phiusiil,s1,rf,r00,r09,r00_vs_r09,1.0,1.0,0.8181818181818182,0.9897022985632378,0.9428571428571428,1.0
partition,phiusiil,s1,rf,r01,r02,r01_vs_r02,0.8181818181818182,0.875,1.0,0.9801092589998599,0.8857142857142857,0.85
partition,phiusiil,s1,rf,r01,r03,r01_vs_r03,1.0,0.7647058823529411,0.9047619047619048,0.9857122846337022,0.9142857142857143,0.9047619047619048
partition,phiusiil,s1,rf,r01,r04,r01_vs_r04,1.0,0.7647058823529411,0.9047619047619048,0.9871804070889826,0.8857142857142857,0.9047619047619048
partition,phiusiil,s1,rf,r01,r05,r01_vs_r05,1.0,0.7647058823529411,0.8181818181818182,0.9779334716833805,0.8857142857142857,0.9090909090909091
partition,phiusiil,s1,rf,r01,r06,r01_vs_r06,1.0,0.875,0.9047619047619048,0.9941168230844655,0.9428571428571428,0.9047619047619048
partition,phiusiil,s1,rf,r01,r07,r01_vs_r07,0.8181818181818182,0.7647058823529411,0.8181818181818182,0.9762522107005438,0.8857142857142857,0.9090909090909091
partition,phiusiil,s1,rf,r01,r08,r01_vs_r08,1.0,0.875,1.0,0.9913835595460745,0.8857142857142857,0.9
partition,phiusiil,s1,rf,r01,r09,r01_vs_r09,0.8181818181818182,0.7647058823529411,0.9047619047619048,0.9792688051547837,0.8285714285714286,0.8571428571428571
partition,phiusiil,s1,rf,r02,r03,r02_vs_r03,0.8181818181818182,0.875,0.9047619047619048,0.9865527384787786,0.8571428571428571,0.8571428571428571
partition,phiusiil,s1,rf,r02,r04,r02_vs_r04,0.8181818181818182,0.875,0.9047619047619048,0.9883012477442072,0.8857142857142857,0.9523809523809523
partition,phiusiil,s1,rf,r02,r05,r02_vs_r05,0.8181818181818182,0.875,0.8181818181818182,0.9832574647956969,0.8857142857142857,0.9545454545454546
partition,phiusiil,s1,rf,r02,r06,r02_vs_r06,0.8181818181818182,1.0,0.9047619047619048,0.9868328897604705,0.9428571428571428,0.9523809523809523
partition,phiusiil,s1,rf,r02,r07,r02_vs_r07,0.8181818181818182,0.875,0.8181818181818182,0.989982508727044,0.9428571428571428,0.9545454545454546
partition,phiusiil,s1,rf,r02,r08,r02_vs_r08,0.8181818181818182,0.875,1.0,0.9885814579080133,0.8857142857142857,0.95
partition,phiusiil,s1,rf,r02,r09,r02_vs_r09,0.8181818181818182,0.875,0.9047619047619048,0.9890741000140076,0.8857142857142857,0.9047619047619048
partition,phiusiil,s1,rf,r03,r04,r03_vs_r04,1.0,0.875,1.0,0.9913835595460745,0.9142857142857143,0.9
partition,phiusiil,s1,rf,r03,r05,r03_vs_r05,1.0,1.0,0.9047619047619048,0.989982508727044,0.9142857142857143,0.9047619047619048
partition,phiusiil,s1,rf,r03,r06,r03_vs_r06,1.0,0.875,0.9047619047619048,0.9915954615492364,0.9142857142857143,0.9047619047619048
partition,phiusiil,s1,rf,r03,r07,r03_vs_r07,0.8181818181818182,1.0,0.8181818181818182,0.9826970444680846,0.8571428571428571,0.9090909090909091
partition,phiusiil,s1,rf,r03,r08,r03_vs_r08,1.0,0.7647058823529411,0.9047619047619048,0.9891418782356256,0.9142857142857143,0.9047619047619048
partition,phiusiil,s1,rf,r03,r09,r03_vs_r09,0.8181818181818182,0.875,1.0,0.9910351589858523,0.8571428571428571,0.85
partition,phiusiil,s1,rf,r04,r05,r04_vs_r05,1.0,0.875,0.9047619047619048,0.9851457399103138,1.0,1.0
partition,phiusiil,s1,rf,r04,r06,r04_vs_r06,1.0,0.875,0.9047619047619048,0.9927846103651052,0.9428571428571428,1.0
partition,phiusiil,s1,rf,r04,r07,r04_vs_r07,0.8181818181818182,0.875,0.8181818181818182,0.9817825112107624,0.8857142857142857,0.9090909090909091
partition,phiusiil,s1,rf,r04,r08,r04_vs_r08,1.0,0.875,0.9047619047619048,0.9941143497757848,1.0,1.0
partition,phiusiil,s1,rf,r04,r09,r04_vs_r09,0.8181818181818182,1.0,1.0,0.9913835595460746,0.8857142857142857,0.85
partition,phiusiil,s1,rf,r05,r06,r05_vs_r06,1.0,0.875,0.9047619047619048,0.9824168343042785,0.9428571428571428,1.0
partition,phiusiil,s1,rf,r05,r07,r05_vs_r07,0.8181818181818182,1.0,0.9047619047619048,0.9887892376681614,0.8857142857142857,0.9047619047619048
partition,phiusiil,s1,rf,r05,r08,r05_vs_r08,1.0,0.7647058823529411,0.8181818181818182,0.9806614349775785,1.0,1.0
partition,phiusiil,s1,rf,r05,r09,r05_vs_r09,0.8181818181818182,0.875,0.9047619047619048,0.9891418782356256,0.8857142857142857,0.8571428571428571
partition,phiusiil,s1,rf,r06,r07,r06_vs_r07,0.8181818181818182,0.875,0.8181818181818182,0.9807355733214418,0.8857142857142857,0.9090909090909091
partition,phiusiil,s1,rf,r06,r08,r06_vs_r08,1.0,0.875,0.9047619047619048,0.992224190037493,0.9428571428571428,1.0
partition,phiusiil,s1,rf,r06,r09,r06_vs_r09,0.8181818181818182,0.875,0.9047619047619048,0.9859924359153943,0.8285714285714286,0.8571428571428571
partition,phiusiil,s1,rf,r07,r08,r07_vs_r08,0.8181818181818182,0.7647058823529411,0.8181818181818182,0.9753363228699551,0.8857142857142857,0.9090909090909091
partition,phiusiil,s1,rf,r07,r09,r07_vs_r09,0.6666666666666666,0.875,0.8181818181818182,0.985499146106146,0.8857142857142857,0.8636363636363636
partition,phiusiil,s1,rf,r08,r09,r08_vs_r09,0.8181818181818182,0.875,0.9047619047619048,0.9852189359423397,0.8857142857142857,0.8571428571428571
partition,phiusiil,s1,xgb,r00,r01,r00_vs_r01,1.0,1.0,0.9047619047619048,0.9862617745297464,0.8857142857142857,0.9047619047619048
partition,phiusiil,s1,xgb,r00,r02,r00_vs_r02,0.8181818181818182,0.875,0.9047619047619048,0.9862617745297464,0.8857142857142857,0.9047619047619048
partition,phiusiil,s1,xgb,r00,r03,r00_vs_r03,0.6666666666666666,0.875,1.0,0.9922580645161289,0.9428571428571428,0.9
partition,phiusiil,s1,xgb,r00,r04,r00_vs_r04,0.6666666666666666,1.0,0.9047619047619048,0.9891405304390567,0.8857142857142857,0.8571428571428571
partition,phiusiil,s1,xgb,r00,r05,r00_vs_r05,0.6666666666666666,0.875,1.0,0.99168458781362,0.8857142857142857,0.9
partition,phiusiil,s1,xgb,r00,r06,r00_vs_r06,0.8181818181818182,0.875,0.9047619047619048,0.9899641577060931,0.9142857142857143,0.8571428571428571
partition,phiusiil,s1,xgb,r00,r07,r00_vs_r07,1.0,0.875,1.0,0.9920192863483671,0.8285714285714286,0.9
partition,phiusiil,s1,xgb,r00,r08,r00_vs_r08,0.8181818181818182,1.0,1.0,0.9914435351665052,0.8857142857142857,0.9
partition,phiusiil,s1,xgb,r00,r09,r00_vs_r09,0.8181818181818182,0.875,1.0,0.9871254013025395,0.8857142857142857,0.9
partition,phiusiil,s1,xgb,r01,r02,r01_vs_r02,0.8181818181818182,0.875,0.9047619047619048,0.9890173410404625,0.9428571428571428,0.9523809523809523
partition,phiusiil,s1,xgb,r01,r03,r01_vs_r03,0.6666666666666666,0.875,0.9047619047619048,0.9805042627111256,0.9428571428571428,1.0
partition,phiusiil,s1,xgb,r01,r04,r01_vs_r04,0.6666666666666666,1.0,0.9047619047619048,0.9916184971098267,0.9428571428571428,0.9523809523809523
partition,phiusiil,s1,xgb,r01,r05,r01_vs_r05,0.6666666666666666,0.875,0.9047619047619048,0.9828072674385737,0.9428571428571428,0.9523809523809523
partition,phiusiil,s1,xgb,r01,r06,r01_vs_r06,0.8181818181818182,0.875,0.9047619047619048,0.9833830186204359,0.9142857142857143,0.9523809523809523
partition,phiusiil,s1,xgb,r01,r07,r01_vs_r07,1.0,0.875,0.9047619047619048,0.9846820809248555,0.9428571428571428,0.9523809523809523
partition,phiusiil,s1,xgb,r01,r08,r01_vs_r08,0.8181818181818182,1.0,0.9047619047619048,0.9913294797687863,0.9428571428571428,0.9523809523809523
partition,phiusiil,s1,xgb,r01,r09,r01_vs_r09,0.8181818181818182,0.875,0.9047619047619048,0.9809248554913297,0.9428571428571428,0.9523809523809523
partition,phiusiil,s1,xgb,r02,r03,r02_vs_r03,0.6666666666666666,0.875,0.9047619047619048,0.9830951430295048,0.9428571428571428,1.0
partition,phiusiil,s1,xgb,r02,r04,r02_vs_r04,0.8181818181818182,0.875,0.8181818181818182,0.9933526011560695,1.0,1.0
partition,phiusiil,s1,xgb,r02,r05,r02_vs_r05,0.8181818181818182,0.875,0.9047619047619048,0.9874132768934705,0.9428571428571428,1.0
partition,phiusiil,s1,xgb,r02,r06,r02_vs_r06,0.8181818181818182,1.0,0.8181818181818182,0.9853981477569532,0.9714285714285714,1.0
partition,phiusiil,s1,xgb,r02,r07,r02_vs_r07,0.8181818181818182,1.0,0.9047619047619048,0.9867052023121389,0.9428571428571428,1.0
partition,phiusiil,s1,xgb,r02,r08,r02_vs_r08,1.0,0.875,0.9047619047619048,0.9939306358381503,1.0,1.0
partition,phiusiil,s1,xgb,r02,r09,r02_vs_r09,0.8181818181818182,1.0,0.9047619047619048,0.988728323699422,1.0,1.0
partition,phiusiil,s1,xgb,r03,r04,r03_vs_r04,0.8181818181818182,0.875,0.9047619047619048,0.9853981477569531,0.9428571428571428,0.9523809523809523
partition,phiusiil,s1,xgb,r03,r05,r03_vs_r05,0.8181818181818182,1.0,1.0,0.9974193548387096,0.9428571428571428,1.0
partition,phiusiil,s1,xgb,r03,r06,r03_vs_r06,0.8181818181818182,0.875,0.9047619047619048,0.9931182795698922,0.9714285714285714,0.9523809523809523
partition,phiusiil,s1,xgb,r03,r07,r03_vs_r07,0.6666666666666666,0.875,1.0,0.9891405304390567,0.8857142857142857,1.0
partition,phiusiil,s1,xgb,r03,r08,r03_vs_r08,0.6666666666666666,0.875,1.0,0.9882769036662636,0.9428571428571428,1.0
partition,phiusiil,s1,xgb,r03,r09,r03_vs_r09,0.8181818181818182,0.875,1.0,0.9902920328027809,0.9428571428571428,1.0
partition,phiusiil,s1,xgb,r04,r05,r04_vs_r05,1.0,0.875,0.9047619047619048,0.9902920328027809,0.9428571428571428,1.0
partition,phiusiil,s1,xgb,r04,r06,r04_vs_r06,0.8181818181818182,0.875,0.9047619047619048,0.9879890280753326,0.9714285714285714,1.0
partition,phiusiil,s1,xgb,r04,r07,r04_vs_r07,0.6666666666666666,0.875,0.9047619047619048,0.9884393063583816,0.9428571428571428,1.0
partition,phiusiil,s1,xgb,r04,r08,r04_vs_r08,0.8181818181818182,1.0,0.9047619047619048,0.9939306358381503,1.0,1.0
partition,phiusiil,s1,xgb,r04,r09,r04_vs_r09,0.6666666666666666,0.875,0.9047619047619048,0.9872832369942198,1.0,1.0
partition,phiusiil,s1,xgb,r05,r06,r05_vs_r06,0.8181818181818182,0.875,0.9047619047619048,0.9945519713261647,0.9714285714285714,1.0
partition,phiusiil,s1,xgb,r05,r07,r05_vs_r07,0.6666666666666666,0.875,1.0,0.9877011524844016,0.9428571428571428,1.0
partition,phiusiil,s1,xgb,r05,r08,r05_vs_r08,0.8181818181818182,0.875,1.0,0.9914435351665052,0.9428571428571428,1.0
partition,phiusiil,s1,xgb,r05,r09,r05_vs_r09,0.6666666666666666,0.875,1.0,0.9891405304390567,0.9428571428571428,1.0
partition,phiusiil,s1,xgb,r06,r07,r06_vs_r07,0.8181818181818182,1.0,0.9047619047619048,0.9891405304390567,0.9142857142857143,1.0
partition,phiusiil,s1,xgb,r06,r08,r06_vs_r08,0.8181818181818182,0.875,0.9047619047619048,0.9882769036662636,0.9714285714285714,1.0
partition,phiusiil,s1,xgb,r06,r09,r06_vs_r09,0.8181818181818182,1.0,0.9047619047619048,0.9885647792571948,0.9714285714285714,1.0
partition,phiusiil,s1,xgb,r07,r08,r07_vs_r08,0.8181818181818182,0.875,1.0,0.9939306358381503,0.9428571428571428,1.0
partition,phiusiil,s1,xgb,r07,r09,r07_vs_r09,0.8181818181818182,1.0,1.0,0.9947976878612718,0.9428571428571428,1.0
partition,phiusiil,s1,xgb,r08,r09,r08_vs_r09,0.8181818181818182,0.875,1.0,0.9919075144508672,1.0,1.0
partition,phiusiil,s2,lr,r00,r01,r00_vs_r01,0.8181818181818182,0.7647058823529411,0.8181818181818182,0.9333333333333333,0.9428571428571428,0.9545454545454546
partition,phiusiil,s2,lr,r00,r02,r00_vs_r02,0.8181818181818182,0.875,0.9047619047619048,0.9596638655462185,0.9428571428571428,1.0
partition,phiusiil,s2,lr,r00,r03,r00_vs_r03,0.8181818181818182,0.7647058823529411,0.8181818181818182,0.8997198879551822,0.9428571428571428,0.9545454545454546
partition,phiusiil,s2,lr,r00,r04,r00_vs_r04,0.8181818181818182,0.7647058823529411,0.8181818181818182,0.8969187675070028,0.9142857142857143,0.9545454545454546
partition,phiusiil,s2,lr,r00,r05,r00_vs_r05,0.8181818181818182,0.875,0.9047619047619048,0.9624649859943979,0.9142857142857143,1.0
partition,phiusiil,s2,lr,r00,r06,r00_vs_r06,0.8181818181818182,0.7647058823529411,0.9047619047619048,0.9574229691876752,0.9714285714285714,1.0
partition,phiusiil,s2,lr,r00,r07,r00_vs_r07,0.8181818181818182,0.6666666666666666,0.9047619047619048,0.9282913165266107,0.9714285714285714,1.0
partition,phiusiil,s2,lr,r00,r08,r00_vs_r08,0.8181818181818182,0.875,0.9047619047619048,0.9761904761904764,0.9428571428571428,1.0
partition,phiusiil,s2,lr,r00,r09,r00_vs_r09,0.8181818181818182,0.7647058823529411,0.9047619047619048,0.9128851540616247,0.9142857142857143,0.9523809523809523
partition,phiusiil,s2,lr,r01,r02,r01_vs_r02,1.0,0.7647058823529411,0.8181818181818182,0.9638655462184874,1.0,1.0
partition,phiusiil,s2,lr,r01,r03,r01_vs_r03,0.8181818181818182,0.7647058823529411,0.9047619047619048,0.9515406162464985,1.0,1.0
partition,phiusiil,s2,lr,r01,r04,r01_vs_r04,1.0,0.7647058823529411,1.0,0.969187675070028,0.9714285714285714,1.0
partition,phiusiil,s2,lr,r01,r05,r01_vs_r05,0.8181818181818182,0.6666666666666666,0.8181818181818182,0.9647058823529412,0.9714285714285714,1.0
partition,phiusiil,s2,lr,r01,r06,r01_vs_r06,1.0,0.875,0.9047619047619048,0.9602240896358545,0.9714285714285714,0.9523809523809523
partition,phiusiil,s2,lr,r01,r07,r01_vs_r07,0.8181818181818182,0.7647058823529411,0.9047619047619048,0.9518207282913166,0.9714285714285714,0.9523809523809523
partition,phiusiil,s2,lr,r01,r08,r01_vs_r08,1.0,0.7647058823529411,0.9047619047619048,0.9708683473389356,1.0,1.0
partition,phiusiil,s2,lr,r01,r09,r01_vs_r09,1.0,0.875,0.8181818181818182,0.969467787114846,0.9714285714285714,0.9545454545454546
partition,phiusiil,s2,lr,r02,r03,r02_vs_r03,0.8181818181818182,0.7647058823529411,0.8181818181818182,0.9439775910364145,1.0,1.0
partition,phiusiil,s2,lr,r02,r04,r02_vs_r04,1.0,0.7647058823529411,0.8181818181818182,0.950140056022409,0.9714285714285714,1.0
partition,phiusiil,s2,lr,r02,r05,r02_vs_r05,0.8181818181818182,0.875,1.0,0.9767507002801121,0.9714285714285714,1.0
partition,phiusiil,s2,lr,r02,r06,r02_vs_r06,1.0,0.7647058823529411,0.9047619047619048,0.9557422969187674,0.9714285714285714,1.0
partition,phiusiil,s2,lr,r02,r07,r02_vs_r07,0.8181818181818182,0.7647058823529411,0.9047619047619048,0.9428571428571428,0.9714285714285714,1.0
partition,phiusiil,s2,lr,r02,r08,r02_vs_r08,1.0,0.875,0.9047619047619048,0.9767507002801121,1.0,1.0
partition,phiusiil,s2,lr,r02,r09,r02_vs_r09,1.0,0.7647058823529411,0.9047619047619048,0.9481792717086837,0.9714285714285714,0.9523809523809523
partition,phiusiil,s2,lr,r03,r04,r03_vs_r04,0.8181818181818182,0.7647058823529411,0.9047619047619048,0.9540616246498599,0.9714285714285714,1.0
partition,phiusiil,s2,lr,r03,r05,r03_vs_r05,0.8181818181818182,0.6666666666666666,0.8181818181818182,0.9294117647058825,0.9714285714285714,1.0
partition,phiusiil,s2,lr,r03,r06,r03_vs_r06,0.8181818181818182,0.875,0.9047619047619048,0.8997198879551822,0.9714285714285714,0.9523809523809523
partition,phiusiil,s2,lr,r03,r07,r03_vs_r07,0.8181818181818182,0.7647058823529411,0.8181818181818182,0.873109243697479,0.9714285714285714,0.9545454545454546
partition,phiusiil,s2,lr,r03,r08,r03_vs_r08,0.8181818181818182,0.6666666666666666,0.8181818181818182,0.9288515406162465,1.0,1.0
partition,phiusiil,s2,lr,r03,r09,r03_vs_r09,0.8181818181818182,0.875,0.8181818181818182,0.9414565826330532,0.9714285714285714,0.9545454545454546
partition,phiusiil,s2,lr,r04,r05,r04_vs_r05,0.8181818181818182,0.7647058823529411,0.8181818181818182,0.9577030812324931,1.0,1.0
partition,phiusiil,s2,lr,r04,r06,r04_vs_r06,1.0,0.7647058823529411,0.9047619047619048,0.911764705882353,0.9428571428571428,0.9523809523809523
partition,phiusiil,s2,lr,r04,r07,r04_vs_r07,0.8181818181818182,0.7647058823529411,0.9047619047619048,0.9036414565826331,0.9428571428571428,0.9523809523809523
partition,phiusiil,s2,lr,r04,r08,r04_vs_r08,1.0,0.875,0.9047619047619048,0.9599439775910366,0.9714285714285714,1.0
partition,phiusiil,s2,lr,r04,r09,r04_vs_r09,1.0,0.7647058823529411,0.8181818181818182,0.938375350140056,0.9428571428571428,0.9545454545454546
partition,phiusiil,s2,lr,r05,r06,r05_vs_r06,0.8181818181818182,0.6666666666666666,0.9047619047619048,0.9518207282913166,0.9428571428571428,1.0
partition,phiusiil,s2,lr,r05,r07,r05_vs_r07,0.8181818181818182,0.6666666666666666,0.9047619047619048,0.9453781512605042,0.9428571428571428,1.0
partition,phiusiil,s2,lr,r05,r08,r05_vs_r08,0.8181818181818182,0.875,0.9047619047619048,0.9879551820728292,0.9714285714285714,1.0
partition,phiusiil,s2,lr,r05,r09,r05_vs_r09,0.8181818181818182,0.6666666666666666,0.9047619047619048,0.9406162464985995,0.9428571428571428,0.9523809523809523
partition,phiusiil,s2,lr,r06,r07,r06_vs_r07,0.8181818181818182,0.875,0.9047619047619048,0.9775910364145659,1.0,1.0
partition,phiusiil,s2,lr,r06,r08,r06_vs_r08,1.0,0.7647058823529411,0.9047619047619048,0.9658263305322129,0.9714285714285714,1.0
partition,phiusiil,s2,lr,r06,r09,r06_vs_r09,1.0,1.0,0.9047619047619048,0.9675070028011207,0.9428571428571428,0.9523809523809523
partition,phiusiil,s2,lr,r07,r08,r07_vs_r08,0.8181818181818182,0.7647058823529411,1.0,0.9481792717086837,0.9714285714285714,1.0
partition,phiusiil,s2,lr,r07,r09,r07_vs_r09,0.8181818181818182,0.875,0.9047619047619048,0.9588235294117647,0.9428571428571428,0.9523809523809523
partition,phiusiil,s2,lr,r08,r09,r08_vs_r09,1.0,0.7647058823529411,0.9047619047619048,0.9476190476190477,0.9714285714285714,0.9523809523809523
partition,phiusiil,s2,rf,r00,r01,r00_vs_r01,0.6666666666666666,0.875,1.0,0.9857142857142859,0.8571428571428571,0.9
partition,phiusiil,s2,rf,r00,r02,r00_vs_r02,0.6666666666666666,1.0,1.0,0.9879551820728292,0.8571428571428571,0.85
partition,phiusiil,s2,rf,r00,r03,r00_vs_r03,0.8181818181818182,1.0,1.0,0.991526019659621,0.8571428571428571,0.9
partition,phiusiil,s2,rf,r00,r04,r00_vs_r04,0.8181818181818182,0.875,0.8181818181818182,0.9798319327731092,0.8857142857142857,0.9545454545454546
partition,phiusiil,s2,rf,r00,r05,r00_vs_r05,1.0,1.0,1.0,0.9946778711484594,0.8571428571428571,0.9
partition,phiusiil,s2,rf,r00,r06,r00_vs_r06,0.6666666666666666,1.0,1.0,0.9859943977591037,0.9428571428571428,0.95
partition,phiusiil,s2,rf,r00,r07,r00_vs_r07,0.8181818181818182,0.875,0.9047619047619048,0.9918061513221891,0.8857142857142857,0.9047619047619048
partition,phiusiil,s2,rf,r00,r08,r00_vs_r08,0.8181818181818182,0.875,1.0,0.9898452296842127,0.8571428571428571,0.85
partition,phiusiil,s2,rf,r00,r09,r00_vs_r09,0.8181818181818182,1.0,0.9047619047619048,0.9921568627450981,0.8285714285714286,0.8571428571428571
partition,phiusiil,s2,rf,r01,r02,r01_vs_r02,1.0,0.875,1.0,0.9921568627450981,0.8857142857142857,0.85
partition,phiusiil,s2,rf,r01,r03,r01_vs_r03,0.6666666666666666,0.875,1.0,0.9890048346965087,1.0,1.0
partition,phiusiil,s2,rf,r01,r04,r01_vs_r04,0.8181818181818182,0.7647058823529411,0.8181818181818182,0.9823529411764705,0.9428571428571428,0.9545454545454546
partition,phiusiil,s2,rf,r01,r05,r01_vs_r05,0.6666666666666666,0.875,1.0,0.992436974789916,0.9142857142857143,0.9
partition,phiusiil,s2,rf,r01,r06,r01_vs_r06,0.8181818181818182,0.875,1.0,0.9812324929971991,0.9142857142857143,0.95
partition,phiusiil,s2,rf,r01,r07,r01_vs_r07,0.8181818181818182,0.7647058823529411,0.9047619047619048,0.9836823331077156,0.9714285714285714,1.0
partition,phiusiil,s2,rf,r01,r08,r01_vs_r08,0.8181818181818182,0.875,1.0,0.9923664146473251,0.9428571428571428,0.95
partition,phiusiil,s2,rf,r01,r09,r01_vs_r09,0.8181818181818182,0.875,0.9047619047619048,0.9901960784313726,0.9428571428571428,0.9523809523809523
partition,phiusiil,s2,rf,r02,r03,r02_vs_r03,0.6666666666666666,1.0,1.0,0.9901253613467808,0.8857142857142857,0.85
partition,phiusiil,s2,rf,r02,r04,r02_vs_r04,0.8181818181818182,0.875,0.8181818181818182,0.9868347338935575,0.9142857142857143,0.9090909090909091
partition,phiusiil,s2,rf,r02,r05,r02_vs_r05,0.6666666666666666,1.0,1.0,0.9929971988795518,0.8285714285714286,0.75
partition,phiusiil,s2,rf,r02,r06,r02_vs_r06,0.8181818181818182,1.0,1.0,0.992436974789916,0.9142857142857143,0.9
partition,phiusiil,s2,rf,r02,r07,r02_vs_r07,0.8181818181818182,0.875,0.9047619047619048,0.9923664146473251,0.8571428571428571,0.8571428571428571
partition,phiusiil,s2,rf,r02,r08,r02_vs_r08,0.8181818181818182,0.875,1.0,0.9932068096350294,0.9428571428571428,0.9
partition,phiusiil,s2,rf,r02,r09,r02_vs_r09,0.8181818181818182,1.0,0.9047619047619048,0.992717086834734,0.8857142857142857,0.9047619047619048
partition,phiusiil,s2,rf,r03,r04,r03_vs_r04,0.8181818181818182,0.875,0.8181818181818182,0.9822816747948753,0.9428571428571428,0.9545454545454546
partition,phiusiil,s2,rf,r03,r05,r03_vs_r05,0.8181818181818182,1.0,1.0,0.9906856246719168,0.9142857142857143,0.9
partition,phiusiil,s2,rf,r03,r06,r03_vs_r06,0.6666666666666666,1.0,1.0,0.9864836497333962,0.9142857142857143,0.95
partition,phiusiil,s2,rf,r03,r07,r03_vs_r07,0.8181818181818182,0.875,0.9047619047619048,0.9893542512956995,0.9714285714285714,1.0
partition,phiusiil,s2,rf,r03,r08,r03_vs_r08,0.6666666666666666,0.875,1.0,0.9907550077041603,0.9428571428571428,0.95
partition,phiusiil,s2,rf,r03,r09,r03_vs_r09,0.8181818181818182,1.0,0.9047619047619048,0.9874641105523841,0.9428571428571428,0.9523809523809523
partition,phiusiil,s2,rf,r04,r05,r04_vs_r05,0.8181818181818182,0.875,0.8181818181818182,0.9815126050420169,0.9142857142857143,0.8636363636363636
partition,phiusiil,s2,rf,r04,r06,r04_vs_r06,0.6666666666666666,0.875,0.8181818181818182,0.9770308123249302,0.9428571428571428,1.0
partition,phiusiil,s2,rf,r04,r07,r04_vs_r07,1.0,0.875,0.8181818181818182,0.98592338640826,0.9142857142857143,0.9545454545454546
partition,phiusiil,s2,rf,r04,r08,r04_vs_r08,0.6666666666666666,0.875,0.8181818181818182,0.9845227280954196,0.9142857142857143,0.9090909090909091
partition,phiusiil,s2,rf,r04,r09,r04_vs_r09,1.0,0.875,0.9047619047619048,0.9868347338935575,0.8857142857142857,0.9047619047619048
partition,phiusiil,s2,rf,r05,r06,r05_vs_r06,0.6666666666666666,1.0,1.0,0.9887955182072831,0.8571428571428571,0.85
partition,phiusiil,s2,rf,r05,r07,r05_vs_r07,0.8181818181818182,0.875,0.9047619047619048,0.9895650980216447,0.8857142857142857,0.9047619047619048
partition,phiusiil,s2,rf,r05,r08,r05_vs_r08,0.8181818181818182,0.875,1.0,0.9948875996104376,0.8857142857142857,0.85
partition,phiusiil,s2,rf,r05,r09,r05_vs_r09,0.8181818181818182,1.0,0.9047619047619048,0.9938375350140056,0.8571428571428571,0.8571428571428571
partition,phiusiil,s2,rf,r06,r07,r06_vs_r07,0.6666666666666666,0.875,0.9047619047619048,0.98592338640826,0.9428571428571428,0.9523809523809523
partition,phiusiil,s2,rf,r06,r08,r06_vs_r08,0.8181818181818182,0.875,1.0,0.9873240447211002,0.9142857142857143,0.9
partition,phiusiil,s2,rf,r06,r09,r06_vs_r09,0.6666666666666666,1.0,0.9047619047619048,0.9859943977591037,0.8571428571428571,0.9047619047619048
partition,phiusiil,s2,rf,r07,r08,r07_vs_r08,0.6666666666666666,0.875,0.9047619047619048,0.9876733436055469,0.9142857142857143,0.9523809523809523
partition,phiusiil,s2,rf,r07,r09,r07_vs_r09,1.0,0.875,0.9047619047619048,0.9936270071288815,0.9142857142857143,0.9523809523809523
partition,phiusiil,s2,rf,r08,r09,r08_vs_r09,0.6666666666666666,0.875,0.9047619047619048,0.9880243738775204,0.8857142857142857,0.9047619047619048
partition,phiusiil,s2,xgb,r00,r01,r00_vs_r01,0.8181818181818182,0.875,1.0,0.9927745664739885,1.0,1.0
partition,phiusiil,s2,xgb,r00,r02,r00_vs_r02,1.0,1.0,0.9047619047619048,0.9976878612716764,0.9714285714285714,1.0
partition,phiusiil,s2,xgb,r00,r03,r00_vs_r03,0.8181818181818182,0.875,1.0,0.9982658959537574,1.0,1.0
partition,phiusiil,s2,xgb,r00,r04,r00_vs_r04,1.0,1.0,1.0,0.997398843930636,1.0,1.0
partition,phiusiil,s2,xgb,r00,r05,r00_vs_r05,1.0,0.875,1.0,0.9976878612716764,0.9714285714285714,0.95
partition,phiusiil,s2,xgb,r00,r06,r00_vs_r06,0.8181818181818182,0.875,0.9047619047619048,0.9884393063583816,0.9714285714285714,1.0
partition,phiusiil,s2,xgb,r00,r07,r00_vs_r07,0.8181818181818182,0.875,0.9047619047619048,0.9914435351665051,0.9714285714285714,0.9523809523809523
partition,phiusiil,s2,xgb,r00,r08,r00_vs_r08,0.8181818181818182,0.875,0.9047619047619048,0.9947976878612718,1.0,1.0
partition,phiusiil,s2,xgb,r00,r09,r00_vs_r09,1.0,1.0,1.0,0.9971098265895956,0.9714285714285714,0.95
partition,phiusiil,s2,xgb,r01,r02,r01_vs_r02,0.8181818181818182,0.875,0.9047619047619048,0.9895953757225434,0.9714285714285714,1.0
partition,phiusiil,s2,xgb,r01,r03,r01_vs_r03,0.8181818181818182,0.875,1.0,0.9953757225433528,1.0,1.0
partition,phiusiil,s2,xgb,r01,r04,r01_vs_r04,0.8181818181818182,0.875,1.0,0.9950867052023123,1.0,1.0
partition,phiusiil,s2,xgb,r01,r05,r01_vs_r05,0.8181818181818182,1.0,1.0,0.9962427745664741,0.9714285714285714,0.95
partition,phiusiil,s2,xgb,r01,r06,r01_vs_r06,1.0,0.875,0.9047619047619048,0.9849710982658961,0.9714285714285714,1.0
partition,phiusiil,s2,xgb,r01,r07,r01_vs_r07,1.0,1.0,0.9047619047619048,0.9897162816209187,0.9714285714285714,0.9523809523809523
partition,phiusiil,s2,xgb,r01,r08,r01_vs_r08,1.0,1.0,0.9047619047619048,0.997398843930636,1.0,1.0
partition,phiusiil,s2,xgb,r01,r09,r01_vs_r09,0.8181818181818182,0.875,1.0,0.9959537572254337,0.9714285714285714,0.95
partition,phiusiil,s2,xgb,r02,r03,r02_vs_r03,0.8181818181818182,0.875,0.9047619047619048,0.9968208092485551,0.9714285714285714,1.0
partition,phiusiil,s2,xgb,r02,r04,r02_vs_r04,1.0,1.0,0.9047619047619048,0.9947976878612718,0.9714285714285714,1.0
partition,phiusiil,s2,xgb,r02,r05,r02_vs_r05,1.0,0.875,0.9047619047619048,0.9953757225433528,0.9428571428571428,0.9523809523809523
partition,phiusiil,s2,xgb,r02,r06,r02_vs_r06,0.8181818181818182,0.875,0.9047619047619048,0.9855491329479771,1.0,1.0
partition,phiusiil,s2,xgb,r02,r07,r02_vs_r07,0.8181818181818182,0.875,1.0,0.9934586643030224,0.9428571428571428,0.95
partition,phiusiil,s2,xgb,r02,r08,r02_vs_r08,0.8181818181818182,0.875,1.0,0.993063583815029,0.9714285714285714,1.0
partition,phiusiil,s2,xgb,r02,r09,r02_vs_r09,1.0,1.0,0.9047619047619048,0.9936416184971099,0.9428571428571428,0.9523809523809523
partition,phiusiil,s2,xgb,r03,r04,r03_vs_r04,0.8181818181818182,0.875,1.0,0.9962427745664741,1.0,1.0
partition,phiusiil,s2,xgb,r03,r05,r03_vs_r05,0.8181818181818182,0.875,1.0,0.9968208092485551,0.9714285714285714,0.95
partition,phiusiil,s2,xgb,r03,r06,r03_vs_r06,0.8181818181818182,0.7647058823529411,0.9047619047619048,0.982947976878613,0.9714285714285714,1.0
partition,phiusiil,s2,xgb,r03,r07,r03_vs_r07,0.8181818181818182,0.875,0.9047619047619048,0.9920192863483671,0.9714285714285714,0.9523809523809523
partition,phiusiil,s2,xgb,r03,r08,r03_vs_r08,0.8181818181818182,0.875,0.9047619047619048,0.9950867052023123,1.0,1.0
partition,phiusiil,s2,xgb,r03,r09,r03_vs_r09,0.8181818181818182,0.875,1.0,0.9962427745664741,0.9714285714285714,0.95
partition,phiusiil,s2,xgb,r04,r05,r04_vs_r05,1.0,0.875,1.0,0.9976878612716764,0.9714285714285714,0.95
partition,phiusiil,s2,xgb,r04,r06,r04_vs_r06,0.8181818181818182,0.875,0.9047619047619048,0.989884393063584,0.9714285714285714,1.0
partition,phiusiil,s2,xgb,r04,r07,r04_vs_r07,0.8181818181818182,0.875,0.9047619047619048,0.9905799083937119,0.9714285714285714,0.9523809523809523
partition,phiusiil,s2,xgb,r04,r08,r04_vs_r08,0.8181818181818182,0.875,0.9047619047619048,0.9965317919075146,1.0,1.0
partition,phiusiil,s2,xgb,r04,r09,r04_vs_r09,1.0,1.0,1.0,0.9982658959537574,0.9714285714285714,0.95
partition,phiusiil,s2,xgb,r05,r06,r05_vs_r06,0.8181818181818182,0.875,0.9047619047619048,0.990462427745665,0.9428571428571428,0.9523809523809523
partition,phiusiil,s2,xgb,r05,r07,r05_vs_r07,0.8181818181818182,1.0,0.9047619047619048,0.9923071619392981,1.0,1.0
partition,phiusiil,s2,xgb,r05,r08,r05_vs_r08,0.8181818181818182,1.0,0.9047619047619048,0.9968208092485551,0.9714285714285714,0.9523809523809523
partition,phiusiil,s2,xgb,r05,r09,r05_vs_r09,1.0,0.875,1.0,0.9988439306358382,1.0,1.0
partition,phiusiil,s2,xgb,r06,r07,r06_vs_r07,1.0,0.875,0.9047619047619048,0.9845345209841602,0.9428571428571428,0.9523809523809523
partition,phiusiil,s2,xgb,r06,r08,r06_vs_r08,1.0,0.875,0.9047619047619048,0.9913294797687863,0.9714285714285714,1.0
partition,phiusiil,s2,xgb,r06,r09,r06_vs_r09,0.8181818181818182,0.875,0.9047619047619048,0.9901734104046245,0.9428571428571428,0.9523809523809523
partition,phiusiil,s2,xgb,r07,r08,r07_vs_r08,1.0,1.0,1.0,0.9923071619392981,0.9714285714285714,0.95
partition,phiusiil,s2,xgb,r07,r09,r07_vs_r09,0.8181818181818182,0.875,0.9047619047619048,0.9902920328027809,1.0,1.0
partition,phiusiil,s2,xgb,r08,r09,r08_vs_r09,0.8181818181818182,0.875,0.9047619047619048,0.9962427745664741,0.9714285714285714,0.9523809523809523
partition,phiusiil,s3,lr,r00,r01,r00_vs_r01,0.8181818181818182,0.875,1.0,0.9851540616246499,0.9142857142857143,1.0
partition,phiusiil,s3,lr,r00,r02,r00_vs_r02,0.6666666666666666,0.875,0.9047619047619048,0.9770308123249302,0.8285714285714286,0.8571428571428571
partition,phiusiil,s3,lr,r00,r03,r00_vs_r03,0.8181818181818182,1.0,1.0,0.9795518207282913,0.9142857142857143,1.0
partition,phiusiil,s3,lr,r00,r04,r00_vs_r04,0.5384615384615384,0.7647058823529411,0.9047619047619048,0.9436974789915968,0.9142857142857143,1.0
partition,phiusiil,s3,lr,r00,r05,r00_vs_r05,0.8181818181818182,0.875,0.9047619047619048,0.9675070028011207,0.9142857142857143,1.0
partition,phiusiil,s3,lr,r00,r06,r00_vs_r06,1.0,1.0,0.9047619047619048,0.969467787114846,0.9142857142857143,0.9523809523809523
partition,phiusiil,s3,lr,r00,r07,r00_vs_r07,0.6666666666666666,0.875,1.0,0.9840336134453783,0.9428571428571428,1.0
partition,phiusiil,s3,lr,r00,r08,r00_vs_r08,0.8181818181818182,1.0,1.0,0.9607843137254902,0.9142857142857143,1.0
partition,phiusiil,s3,lr,r00,r09,r00_vs_r09,1.0,0.875,1.0,0.9943977591036416,0.9428571428571428,1.0
partition,phiusiil,s3,lr,r01,r02,r01_vs_r02,0.8181818181818182,0.875,0.9047619047619048,0.9857142857142859,0.8571428571428571,0.8571428571428571
partition,phiusiil,s3,lr,r01,r03,r01_vs_r03,0.6666666666666666,0.875,1.0,0.9633053221288516,0.8857142857142857,1.0
partition,phiusiil,s3,lr,r01,r04,r01_vs_r04,0.6666666666666666,0.7647058823529411,0.9047619047619048,0.9613445378151261,0.9428571428571428,1.0
partition,phiusiil,s3,lr,r01,r05,r01_vs_r05,0.8181818181818182,0.875,0.9047619047619048,0.9492997198879553,0.9428571428571428,1.0
partition,phiusiil,s3,lr,r01,r06,r01_vs_r06,0.8181818181818182,0.875,0.9047619047619048,0.9571428571428572,0.8857142857142857,0.9523809523809523
partition,phiusiil,s3,lr,r01,r07,r01_vs_r07,0.8181818181818182,1.0,1.0,0.9896358543417367,0.9142857142857143,1.0
partition,phiusiil,s3,lr,r01,r08,r01_vs_r08,0.6666666666666666,0.875,1.0,0.9467787114845939,0.8857142857142857,1.0
partition,phiusiil,s3,lr,r01,r09,r01_vs_r09,0.8181818181818182,0.875,1.0,0.9834733893557424,0.9142857142857143,1.0
partition,phiusiil,s3,lr,r02,r03,r02_vs_r03,0.5384615384615384,0.875,0.9047619047619048,0.9546218487394958,0.8,0.8571428571428571
partition,phiusiil,s3,lr,r02,r04,r02_vs_r04,0.8181818181818182,0.7647058823529411,0.9047619047619048,0.9677871148459384,0.8571428571428571,0.8571428571428571
partition,phiusiil,s3,lr,r02,r05,r02_vs_r05,0.8181818181818182,0.875,0.9047619047619048,0.9655462184873951,0.8571428571428571,0.8095238095238095
partition,phiusiil,s3,lr,r02,r06,r02_vs_r06,0.6666666666666666,0.875,0.9047619047619048,0.9652661064425769,0.8,0.8095238095238095
partition,phiusiil,s3,lr,r02,r07,r02_vs_r07,0.8181818181818182,0.875,0.9047619047619048,0.980952380952381,0.8285714285714286,0.8571428571428571
partition,phiusiil,s3,lr,r02,r08,r02_vs_r08,0.5384615384615384,0.875,0.9047619047619048,0.9484593837535015,0.7428571428571429,0.8571428571428571
partition,phiusiil,s3,lr,r02,r09,r02_vs_r09,0.6666666666666666,1.0,0.9047619047619048,0.9781512605042018,0.8285714285714286,0.8571428571428571
partition,phiusiil,s3,lr,r03,r04,r03_vs_r04,0.5384615384615384,0.7647058823529411,0.9047619047619048,0.9282913165266107,0.9428571428571428,1.0
partition,phiusiil,s3,lr,r03,r05,r03_vs_r05,0.6666666666666666,0.875,0.9047619047619048,0.9607843137254902,0.9428571428571428,1.0
partition,phiusiil,s3,lr,r03,r06,r03_vs_r06,0.8181818181818182,1.0,0.9047619047619048,0.9703081232492997,1.0,1.0
partition,phiusiil,s3,lr,r03,r07,r03_vs_r07,0.5384615384615384,0.875,1.0,0.9689075630252102,0.9714285714285714,1.0
partition,phiusiil,s3,lr,r03,r08,r03_vs_r08,1.0,1.0,1.0,0.9798319327731092,0.9428571428571428,1.0
partition,phiusiil,s3,lr,r03,r09,r03_vs_r09,0.8181818181818182,0.875,1.0,0.9722689075630253,0.9714285714285714,1.0
partition,phiusiil,s3,lr,r04,r05,r04_vs_r05,0.6666666666666666,0.6666666666666666,0.8181818181818182,0.9016806722689076,1.0,1.0
partition,phiusiil,s3,lr,r04,r06,r04_vs_r06,0.5384615384615384,0.7647058823529411,0.8181818181818182,0.9350140056022409,0.9428571428571428,1.0
partition,phiusiil,s3,lr,r04,r07,r04_vs_r07,0.8181818181818182,0.7647058823529411,0.9047619047619048,0.9647058823529412,0.9714285714285714,1.0
partition,phiusiil,s3,lr,r04,r08,r04_vs_r08,0.5384615384615384,0.7647058823529411,0.9047619047619048,0.9128851540616247,0.8857142857142857,1.0
partition,phiusiil,s3,lr,r04,r09,r04_vs_r09,0.5384615384615384,0.7647058823529411,0.9047619047619048,0.9495798319327732,0.9142857142857143,1.0
partition,phiusiil,s3,lr,r05,r06,r05_vs_r06,0.8181818181818182,0.875,0.9047619047619048,0.9731092436974791,0.9428571428571428,1.0
partition,phiusiil,s3,lr,r05,r07,r05_vs_r07,0.6666666666666666,0.875,0.9047619047619048,0.9557422969187674,0.9714285714285714,1.0
partition,phiusiil,s3,lr,r05,r08,r05_vs_r08,0.6666666666666666,0.875,0.9047619047619048,0.969747899159664,0.8857142857142857,1.0
partition,phiusiil,s3,lr,r05,r09,r05_vs_r09,0.8181818181818182,0.875,0.9047619047619048,0.9635854341736696,0.9142857142857143,1.0
partition,phiusiil,s3,lr,r06,r07,r06_vs_r07,0.6666666666666666,0.875,0.9047619047619048,0.9761904761904764,0.9714285714285714,1.0
partition,phiusiil,s3,lr,r06,r08,r06_vs_r08,0.8181818181818182,1.0,0.9047619047619048,0.9823529411764705,0.9428571428571428,1.0
partition,phiusiil,s3,lr,r06,r09,r06_vs_r09,1.0,0.875,0.9047619047619048,0.9633053221288516,0.9714285714285714,0.9523809523809523
partition,phiusiil,s3,lr,r07,r08,r07_vs_r08,0.5384615384615384,0.875,1.0,0.9577030812324931,0.9142857142857143,1.0
partition,phiusiil,s3,lr,r07,r09,r07_vs_r09,0.6666666666666666,0.875,1.0,0.980952380952381,0.9428571428571428,1.0
partition,phiusiil,s3,lr,r08,r09,r08_vs_r09,0.8181818181818182,0.875,1.0,0.9554621848739496,0.9142857142857143,1.0
partition,phiusiil,s3,rf,r00,r01,r00_vs_r01,0.8181818181818182,1.0,0.9047619047619048,0.9851457399103138,0.8857142857142857,0.8571428571428571
partition,phiusiil,s3,rf,r00,r02,r00_vs_r02,0.8181818181818182,1.0,0.9047619047619048,0.9854260089686099,0.8,0.9047619047619048
partition,phiusiil,s3,rf,r00,r03,r00_vs_r03,0.8181818181818182,0.875,0.9047619047619048,0.9963565022421524,0.9142857142857143,0.9523809523809523
partition,phiusiil,s3,rf,r00,r04,r00_vs_r04,0.8181818181818182,1.0,0.9047619047619048,0.9869001969251765,0.8857142857142857,0.9047619047619048
partition,phiusiil,s3,rf,r00,r05,r00_vs_r05,0.8181818181818182,0.875,0.9047619047619048,0.9826233183856503,0.8571428571428571,0.8571428571428571
partition,phiusiil,s3,rf,r00,r06,r00_vs_r06,0.8181818181818182,1.0,1.0,0.9957959641255606,0.9142857142857143,0.95
partition,phiusiil,s3,rf,r00,r07,r00_vs_r07,0.8181818181818182,1.0,0.9047619047619048,0.9887892376681614,0.8857142857142857,0.8571428571428571
partition,phiusiil,s3,rf,r00,r08,r00_vs_r08,0.8181818181818182,0.875,1.0,0.9946748878923767,0.9142857142857143,0.95
partition,phiusiil,s3,rf,r00,r09,r00_vs_r09,0.8181818181818182,1.0,0.9047619047619048,0.9913835595460746,0.9142857142857143,0.9047619047619048
partition,phiusiil,s3,rf,r01,r02,r01_vs_r02,0.8181818181818182,1.0,1.0,0.9899103139013453,0.8571428571428571,0.95
partition,phiusiil,s3,rf,r01,r03,r01_vs_r03,0.8181818181818182,0.875,0.9047619047619048,0.9857062780269058,0.8,0.8095238095238095
partition,phiusiil,s3,rf,r01,r04,r01_vs_r04,0.8181818181818182,1.0,1.0,0.9939054510203297,0.9428571428571428,0.95
partition,phiusiil,s3,rf,r01,r05,r01_vs_r05,1.0,0.875,1.0,0.992713004484305,0.9714285714285714,1.0
partition,phiusiil,s3,rf,r01,r06,r01_vs_r06,0.8181818181818182,1.0,0.9047619047619048,0.9873878923766815,0.8571428571428571,0.9047619047619048
partition,phiusiil,s3,rf,r01,r07,r01_vs_r07,1.0,1.0,1.0,0.9974775784753364,0.9428571428571428,1.0
partition,phiusiil,s3,rf,r01,r08,r01_vs_r08,0.8181818181818182,0.875,0.9047619047619048,0.9812219730941704,0.8,0.8095238095238095
partition,phiusiil,s3,rf,r01,r09,r01_vs_r09,0.8181818181818182,1.0,0.9047619047619048,0.9922241900374928,0.8571428571428571,0.8571428571428571
partition,phiusiil,s3,rf,r02,r03,r02_vs_r03,1.0,0.875,0.9047619047619048,0.9857062780269058,0.7142857142857143,0.8571428571428571
partition,phiusiil,s3,rf,r02,r04,r02_vs_r04,1.0,1.0,1.0,0.9925044002012992,0.8,0.9
partition,phiusiil,s3,rf,r02,r05,r02_vs_r05,0.8181818181818182,0.875,1.0,0.9857062780269058,0.8285714285714286,0.95
partition,phiusiil,s3,rf,r02,r06,r02_vs_r06,1.0,1.0,0.9047619047619048,0.9865470852017938,0.7714285714285715,0.9523809523809523
partition,phiusiil,s3,rf,r02,r07,r02_vs_r07,0.8181818181818182,1.0,1.0,0.9929932735426009,0.8,0.95
partition,phiusiil,s3,rf,r02,r08,r02_vs_r08,1.0,0.875,0.9047619047619048,0.9795403587443946,0.7142857142857143,0.8571428571428571
partition,phiusiil,s3,rf,r02,r09,r02_vs_r09,1.0,1.0,0.9047619047619048,0.9913835595460746,0.7714285714285715,0.9047619047619048
partition,phiusiil,s3,rf,r03,r04,r03_vs_r04,1.0,0.875,0.9047619047619048,0.9874606172527888,0.8571428571428571,0.8571428571428571
partition,phiusiil,s3,rf,r03,r05,r03_vs_r05,0.8181818181818182,0.7647058823529411,0.9047619047619048,0.9826233183856503,0.8285714285714286,0.8095238095238095
partition,phiusiil,s3,rf,r03,r06,r03_vs_r06,1.0,0.875,0.9047619047619048,0.9943946188340808,0.9428571428571428,0.9047619047619048
partition,phiusiil,s3,rf,r03,r07,r03_vs_r07,0.8181818181818182,0.875,0.9047619047619048,0.9893497757847535,0.8571428571428571,0.8095238095238095
partition,phiusiil,s3,rf,r03,r08,r03_vs_r08,1.0,1.0,0.9047619047619048,0.9955156950672646,1.0,1.0
partition,phiusiil,s3,rf,r03,r09,r03_vs_r09,1.0,0.875,1.0,0.994465871347942,0.9428571428571428,0.95
partition,phiusiil,s3,rf,r04,r05,r04_vs_r05,0.8181818181818182,0.875,1.0,0.9897022985632378,0.9714285714285714,0.95
partition,phiusiil,s3,rf,r04,r06,r04_vs_r06,1.0,1.0,0.9047619047619048,0.9883012477442072,0.8571428571428571,0.8571428571428571
partition,phiusiil,s3,rf,r04,r07,r04_vs_r07,0.8181818181818182,1.0,1.0,0.9955867120031665,0.9428571428571428,0.95
partition,phiusiil,s3,rf,r04,r08,r04_vs_r08,1.0,0.875,0.9047619047619048,0.9843783054509214,0.8571428571428571,0.8571428571428571
partition,phiusiil,s3,rf,r04,r09,r04_vs_r09,1.0,1.0,0.9047619047619048,0.9924359153943129,0.8,0.8095238095238095
partition,phiusiil,s3,rf,r05,r06,r05_vs_r06,0.8181818181818182,0.875,0.9047619047619048,0.9837443946188341,0.8857142857142857,0.9047619047619048
partition,phiusiil,s3,rf,r05,r07,r05_vs_r07,1.0,0.875,1.0,0.992713004484305,0.9714285714285714,1.0
partition,phiusiil,s3,rf,r05,r08,r05_vs_r08,0.8181818181818182,0.7647058823529411,0.9047619047619048,0.9809417040358746,0.8285714285714286,0.8095238095238095
partition,phiusiil,s3,rf,r05,r09,r05_vs_r09,0.8181818181818182,0.875,0.9047619047619048,0.9840980952871153,0.8285714285714286,0.8571428571428571
partition,phiusiil,s3,rf,r06,r07,r06_vs_r07,0.8181818181818182,1.0,0.9047619047619048,0.9890695067264574,0.9142857142857143,0.9047619047619048
partition,phiusiil,s3,rf,r06,r08,r06_vs_r08,1.0,0.875,1.0,0.9901905829596414,0.9428571428571428,0.9
partition,phiusiil,s3,rf,r06,r09,r06_vs_r09,1.0,1.0,0.9047619047619048,0.9941856611841358,0.9428571428571428,0.9523809523809523
partition,phiusiil,s3,rf,r07,r08,r07_vs_r08,0.8181818181818182,0.875,0.9047619047619048,0.9851457399103138,0.8571428571428571,0.8095238095238095
partition,phiusiil,s3,rf,r07,r09,r07_vs_r09,0.8181818181818182,1.0,0.9047619047619048,0.9936252408565236,0.8571428571428571,0.8571428571428571
partition,phiusiil,s3,rf,r08,r09,r08_vs_r09,1.0,0.875,0.9047619047619048,0.9860595664337581,0.9428571428571428,0.9523809523809523
partition,phiusiil,s3,xgb,r00,r01,r00_vs_r01,0.8181818181818182,1.0,0.8181818181818182,0.9884393063583816,0.9714285714285714,0.9545454545454546
partition,phiusiil,s3,xgb,r00,r02,r00_vs_r02,0.6666666666666666,1.0,0.8181818181818182,0.9858381502890176,0.9714285714285714,0.9545454545454546
partition,phiusiil,s3,xgb,r00,r03,r00_vs_r03,0.8181818181818182,1.0,0.9047619047619048,0.9936416184971099,1.0,1.0
partition,phiusiil,s3,xgb,r00,r04,r00_vs_r04,0.8181818181818182,0.875,0.9047619047619048,0.993063583815029,0.9714285714285714,0.9523809523809523
partition,phiusiil,s3,xgb,r00,r05,r00_vs_r05,0.6666666666666666,1.0,0.8181818181818182,0.9806358381502892,0.9714285714285714,0.9545454545454546
partition,phiusiil,s3,xgb,r00,r06,r00_vs_r06,0.8181818181818182,1.0,0.9047619047619048,0.983670894211367,0.9428571428571428,0.9523809523809523
partition,phiusiil,s3,xgb,r00,r07,r00_vs_r07,0.8181818181818182,0.875,0.9047619047619048,0.9895953757225434,0.9714285714285714,0.9523809523809523
partition,phiusiil,s3,xgb,r00,r08,r00_vs_r08,0.8181818181818182,1.0,0.9047619047619048,0.9884393063583816,1.0,1.0
partition,phiusiil,s3,xgb,r00,r09,r00_vs_r09,0.8181818181818182,1.0,0.9047619047619048,0.9916184971098267,0.9714285714285714,0.9523809523809523
partition,phiusiil,s3,xgb,r01,r02,r01_vs_r02,0.6666666666666666,1.0,1.0,0.993063583815029,1.0,1.0
partition,phiusiil,s3,xgb,r01,r03,r01_vs_r03,0.8181818181818182,1.0,0.9047619047619048,0.988728323699422,0.9714285714285714,0.9523809523809523
partition,phiusiil,s3,xgb,r01,r04,r01_vs_r04,0.6666666666666666,0.875,0.9047619047619048,0.989884393063584,1.0,1.0
partition,phiusiil,s3,xgb,r01,r05,r01_vs_r05,0.8181818181818182,1.0,1.0,0.9950867052023123,1.0,1.0
partition,phiusiil,s3,xgb,r01,r06,r01_vs_r06,1.0,1.0,0.9047619047619048,0.9902920328027809,0.9714285714285714,1.0
partition,phiusiil,s3,xgb,r01,r07,r01_vs_r07,1.0,0.875,0.9047619047619048,0.9959537572254337,1.0,1.0
partition,phiusiil,s3,xgb,r01,r08,r01_vs_r08,0.8181818181818182,1.0,0.9047619047619048,0.9872832369942198,0.9714285714285714,0.9523809523809523
partition,phiusiil,s3,xgb,r01,r09,r01_vs_r09,0.8181818181818182,1.0,0.9047619047619048,0.989884393063584,0.9428571428571428,0.9523809523809523
partition,phiusiil,s3,xgb,r02,r03,r02_vs_r03,0.8181818181818182,1.0,0.9047619047619048,0.9838150289017341,0.9714285714285714,0.9523809523809523
partition,phiusiil,s3,xgb,r02,r04,r02_vs_r04,0.8181818181818182,0.875,0.9047619047619048,0.993063583815029,1.0,1.0
partition,phiusiil,s3,xgb,r02,r05,r02_vs_r05,0.8181818181818182,1.0,1.0,0.9916184971098267,1.0,1.0
partition,phiusiil,s3,xgb,r02,r06,r02_vs_r06,0.6666666666666666,1.0,0.9047619047619048,0.9790648847564704,0.9714285714285714,1.0
partition,phiusiil,s3,xgb,r02,r07,r02_vs_r07,0.6666666666666666,0.875,0.9047619047619048,0.988728323699422,1.0,1.0
partition,phiusiil,s3,xgb,r02,r08,r02_vs_r08,0.5384615384615384,1.0,0.9047619047619048,0.9748554913294799,0.9714285714285714,0.9523809523809523
partition,phiusiil,s3,xgb,r02,r09,r02_vs_r09,0.6666666666666666,1.0,0.9047619047619048,0.981791907514451,0.9428571428571428,0.9523809523809523
partition,phiusiil,s3,xgb,r03,r04,r03_vs_r04,0.6666666666666666,0.875,0.9047619047619048,0.9858381502890176,0.9714285714285714,0.9523809523809523
partition,phiusiil,s3,xgb,r03,r05,r03_vs_r05,0.6666666666666666,1.0,0.9047619047619048,0.9815028901734105,0.9714285714285714,0.9523809523809523
partition,phiusiil,s3,xgb,r03,r06,r03_vs_r06,0.8181818181818182,1.0,0.9047619047619048,0.9877011524844016,0.9428571428571428,0.9523809523809523
partition,phiusiil,s3,xgb,r03,r07,r03_vs_r07,0.8181818181818182,0.875,0.9047619047619048,0.989884393063584,0.9714285714285714,0.9523809523809523
partition,phiusiil,s3,xgb,r03,r08,r03_vs_r08,0.6666666666666666,1.0,1.0,0.9945086705202313,1.0,1.0
partition,phiusiil,s3,xgb,r03,r09,r03_vs_r09,0.6666666666666666,1.0,1.0,0.9933526011560695,0.9714285714285714,1.0
partition,phiusiil,s3,xgb,r04,r05,r04_vs_r05,0.8181818181818182,0.875,0.9047619047619048,0.9820809248554915,1.0,1.0
partition,phiusiil,s3,xgb,r04,r06,r04_vs_r06,0.6666666666666666,0.875,0.8181818181818182,0.9810800138929877,0.9714285714285714,1.0
partition,phiusiil,s3,xgb,r04,r07,r04_vs_r07,0.6666666666666666,1.0,0.8181818181818182,0.990462427745665,1.0,1.0
partition,phiusiil,s3,xgb,r04,r08,r04_vs_r08,0.6666666666666666,0.875,0.9047619047619048,0.9815028901734105,0.9714285714285714,0.9523809523809523
partition,phiusiil,s3,xgb,r04,r09,r04_vs_r09,0.8181818181818182,0.875,0.9047619047619048,0.9901734104046245,0.9428571428571428,0.9047619047619048
partition,phiusiil,s3,xgb,r05,r06,r05_vs_r06,0.8181818181818182,1.0,0.9047619047619048,0.9819436406657808,0.9714285714285714,1.0
partition,phiusiil,s3,xgb,r05,r07,r05_vs_r07,0.8181818181818182,0.875,0.9047619047619048,0.9884393063583816,1.0,1.0
partition,phiusiil,s3,xgb,r05,r08,r05_vs_r08,0.6666666666666666,1.0,0.9047619047619048,0.9765895953757227,0.9714285714285714,0.9523809523809523
partition,phiusiil,s3,xgb,r05,r09,r05_vs_r09,0.8181818181818182,1.0,0.9047619047619048,0.9800578034682083,0.9428571428571428,0.9523809523809523
partition,phiusiil,s3,xgb,r06,r07,r06_vs_r07,1.0,0.875,1.0,0.991155659575574,0.9714285714285714,1.0
partition,phiusiil,s3,xgb,r06,r08,r06_vs_r08,0.8181818181818182,1.0,0.9047619047619048,0.9900041572118498,0.9428571428571428,0.9523809523809523
partition,phiusiil,s3,xgb,r06,r09,r06_vs_r09,0.8181818181818182,1.0,0.9047619047619048,0.9902920328027809,0.9142857142857143,0.9523809523809523
partition,phiusiil,s3,xgb,r07,r08,r07_vs_r08,0.8181818181818182,0.875,0.9047619047619048,0.9884393063583816,0.9714285714285714,0.9523809523809523
partition,phiusiil,s3,xgb,r07,r09,r07_vs_r09,0.8181818181818182,0.875,0.9047619047619048,0.9910404624277458,0.9428571428571428,0.9523809523809523
partition,phiusiil,s3,xgb,r08,r09,r08_vs_r09,0.8181818181818182,1.0,1.0,0.9939306358381503,0.9714285714285714,1.0
regime,iscx_url2016_binary,s0_vs_s1,lr,r00,r00,s0_vs_s1,0.8181818181818182,0.7647058823529411,0.8181818181818182,0.9554621848739496,0.9428571428571428,1.0
regime,iscx_url2016_binary,s0_vs_s2,lr,r00,r00,s0_vs_s2,0.42857142857142855,0.6666666666666666,0.6666666666666666,0.7649859943977593,0.8857142857142857,0.9166666666666666
regime,iscx_url2016_binary,s0_vs_s3,lr,r00,r00,s0_vs_s3,0.5384615384615384,0.6666666666666666,0.7391304347826086,0.84711814760579,0.8857142857142857,0.9565217391304348
regime,iscx_url2016_binary,s1_vs_s2,lr,r00,r00,s1_vs_s2,0.42857142857142855,0.5789473684210527,0.6,0.7075630252100841,0.8285714285714286,0.92
regime,iscx_url2016_binary,s1_vs_s3,lr,r00,r00,s1_vs_s3,0.5384615384615384,0.7647058823529411,0.6,0.7811471410710138,0.8285714285714286,0.96
regime,iscx_url2016_binary,s2_vs_s3,lr,r00,r00,s2_vs_s3,0.8181818181818182,0.6666666666666666,0.8181818181818182,0.8967014518803353,0.8857142857142857,0.9090909090909091
regime,iscx_url2016_binary,s0_vs_s1,lr,r01,r01,s0_vs_s1,0.8181818181818182,0.7647058823529411,1.0,0.9439775910364145,0.9142857142857143,1.0
regime,iscx_url2016_binary,s0_vs_s2,lr,r01,r01,s0_vs_s2,0.5384615384615384,0.6666666666666666,0.6666666666666666,0.773669467787115,0.8571428571428571,0.9583333333333334
regime,iscx_url2016_binary,s0_vs_s3,lr,r01,r01,s0_vs_s3,0.5384615384615384,0.6666666666666666,0.6666666666666666,0.7851540616246498,0.8571428571428571,0.9583333333333334
regime,iscx_url2016_binary,s1_vs_s2,lr,r01,r01,s1_vs_s2,0.5384615384615384,0.6666666666666666,0.6666666666666666,0.7795518207282914,0.8285714285714286,0.9583333333333334
regime,iscx_url2016_binary,s1_vs_s3,lr,r01,r01,s1_vs_s3,0.6666666666666666,0.6666666666666666,0.6666666666666666,0.8131652661064426,0.8285714285714286,0.9583333333333334
regime,iscx_url2016_binary,s2_vs_s3,lr,r01,r01,s2_vs_s3,0.8181818181818182,0.7647058823529411,0.7391304347826086,0.950140056022409,0.9428571428571428,0.9565217391304348
regime,iscx_url2016_binary,s0_vs_s1,lr,r02,r02,s0_vs_s1,0.8181818181818182,0.875,0.9047619047619048,0.9703081232492997,0.9142857142857143,1.0
regime,iscx_url2016_binary,s0_vs_s2,lr,r02,r02,s0_vs_s2,0.6666666666666666,0.5789473684210527,0.6666666666666666,0.8019607843137255,0.8571428571428571,1.0
regime,iscx_url2016_binary,s0_vs_s3,lr,r02,r02,s0_vs_s3,0.42857142857142855,0.7647058823529411,0.7391304347826086,0.8565826330532214,0.8857142857142857,1.0
regime,iscx_url2016_binary,s1_vs_s2,lr,r02,r02,s1_vs_s2,0.6666666666666666,0.5789473684210527,0.6666666666666666,0.850140056022409,0.8857142857142857,1.0
regime,iscx_url2016_binary,s1_vs_s3,lr,r02,r02,s1_vs_s3,0.5384615384615384,0.6666666666666666,0.7391304347826086,0.8767507002801121,0.8571428571428571,1.0
regime,iscx_url2016_binary,s2_vs_s3,lr,r02,r02,s2_vs_s3,0.6666666666666666,0.6666666666666666,0.7391304347826086,0.8817927170868348,0.9142857142857143,0.9565217391304348
regime,iscx_url2016_binary,s0_vs_s1,lr,r03,r03,s0_vs_s1,0.8181818181818182,0.875,0.8181818181818182,0.972829131652661,0.8571428571428571,1.0
regime,iscx_url2016_binary,s0_vs_s2,lr,r03,r03,s0_vs_s2,0.5384615384615384,0.7647058823529411,0.6,0.8507002801120448,0.8285714285714286,0.92
regime,iscx_url2016_binary,s0_vs_s3,lr,r03,r03,s0_vs_s3,0.6666666666666666,0.6666666666666666,0.8181818181818182,0.8963585434173669,0.9428571428571428,1.0
regime,iscx_url2016_binary,s1_vs_s2,lr,r03,r03,s1_vs_s2,0.6666666666666666,0.7647058823529411,0.6666666666666666,0.8266106442577031,0.9142857142857143,1.0
regime,iscx_url2016_binary,s1_vs_s3,lr,r03,r03,s1_vs_s3,0.6666666666666666,0.6666666666666666,0.7391304347826086,0.8582633053221289,0.8,1.0
regime,iscx_url2016_binary,s2_vs_s3,lr,r03,r03,s2_vs_s3,0.8181818181818182,0.6666666666666666,0.7391304347826086,0.8666666666666667,0.8857142857142857,0.9130434782608695
regime,iscx_url2016_binary,s0_vs_s1,lr,r04,r04,s0_vs_s1,0.8181818181818182,0.7647058823529411,0.8181818181818182,0.9100840336134455,0.8285714285714286,0.9545454545454546
regime,iscx_url2016_binary,s0_vs_s2,lr,r04,r04,s0_vs_s2,0.5384615384615384,0.5789473684210527,0.6666666666666666,0.8518207282913165,0.8857142857142857,0.9583333333333334
regime,iscx_url2016_binary,s0_vs_s3,lr,r04,r04,s0_vs_s3,0.42857142857142855,0.6666666666666666,0.7391304347826086,0.8338935574229693,0.8857142857142857,0.9565217391304348
regime,iscx_url2016_binary,s1_vs_s2,lr,r04,r04,s1_vs_s2,0.6666666666666666,0.5789473684210527,0.6666666666666666,0.8403361344537815,0.8857142857142857,0.9583333333333334
regime,iscx_url2016_binary,s1_vs_s3,lr,r04,r04,s1_vs_s3,0.5384615384615384,0.6666666666666666,0.7391304347826086,0.7896358543417367,0.8285714285714286,0.9130434782608695
regime,iscx_url2016_binary,s2_vs_s3,lr,r04,r04,s2_vs_s3,0.6666666666666666,0.6666666666666666,0.8181818181818182,0.8714285714285716,0.8285714285714286,0.9090909090909091
regime,iscx_url2016_binary,s0_vs_s1,lr,r05,r05,s0_vs_s1,0.8181818181818182,0.875,0.8181818181818182,0.9249299719887956,0.9428571428571428,0.9545454545454546
regime,iscx_url2016_binary,s0_vs_s2,lr,r05,r05,s0_vs_s2,0.5384615384615384,0.6666666666666666,0.5384615384615384,0.8159663865546218,0.8,0.8461538461538461
regime,iscx_url2016_binary,s0_vs_s3,lr,r05,r05,s0_vs_s3,0.5384615384615384,0.6666666666666666,0.7391304347826086,0.8268907563025212,0.8285714285714286,0.9130434782608695
regime,iscx_url2016_binary,s1_vs_s2,lr,r05,r05,s1_vs_s2,0.6666666666666666,0.5789473684210527,0.5384615384615384,0.731652661064426,0.8,0.8076923076923077
regime,iscx_url2016_binary,s1_vs_s3,lr,r05,r05,s1_vs_s3,0.6666666666666666,0.6666666666666666,0.7391304347826086,0.811484593837535,0.7714285714285715,0.9130434782608695
regime,iscx_url2016_binary,s2_vs_s3,lr,r05,r05,s2_vs_s3,0.8181818181818182,0.7647058823529411,0.6666666666666666,0.8817927170868348,0.9142857142857143,0.9166666666666666
regime,iscx_url2016_binary,s0_vs_s1,lr,r06,r06,s0_vs_s1,0.8181818181818182,0.7647058823529411,0.8181818181818182,0.9605714709458513,0.9142857142857143,1.0
regime,iscx_url2016_binary,s0_vs_s2,lr,r06,r06,s0_vs_s2,0.6666666666666666,0.6666666666666666,0.6,0.7700280112044819,0.9428571428571428,0.96
regime,iscx_url2016_binary,s0_vs_s3,lr,r06,r06,s0_vs_s3,0.42857142857142855,0.6666666666666666,0.6666666666666666,0.7963585434173669,0.8857142857142857,0.9583333333333334
regime,iscx_url2016_binary,s1_vs_s2,lr,r06,r06,s1_vs_s2,0.6666666666666666,0.7647058823529411,0.5384615384615384,0.7854891818408186,0.9714285714285714,1.0
regime,iscx_url2016_binary,s1_vs_s3,lr,r06,r06,s1_vs_s3,0.42857142857142855,0.6666666666666666,0.7391304347826086,0.8078997148462628,0.8571428571428571,0.9565217391304348
regime,iscx_url2016_binary,s2_vs_s3,lr,r06,r06,s2_vs_s3,0.6666666666666666,0.7647058823529411,0.6666666666666666,0.9274509803921569,0.8857142857142857,0.9583333333333334
regime,iscx_url2016_binary,s0_vs_s1,lr,r07,r07,s0_vs_s1,0.8181818181818182,0.875,0.9047619047619048,0.9599439775910366,0.8857142857142857,0.9523809523809523
regime,iscx_url2016_binary,s0_vs_s2,lr,r07,r07,s0_vs_s2,0.5384615384615384,0.7647058823529411,0.7391304347826086,0.8448179271708683,0.8571428571428571,0.9565217391304348
regime,iscx_url2016_binary,s0_vs_s3,lr,r07,r07,s0_vs_s3,0.42857142857142855,0.7647058823529411,0.8181818181818182,0.8268907563025212,0.8285714285714286,1.0
regime,iscx_url2016_binary,s1_vs_s2,lr,r07,r07,s1_vs_s2,0.6666666666666666,0.7647058823529411,0.7391304347826086,0.8633053221288516,0.8571428571428571,1.0
regime,iscx_url2016_binary,s1_vs_s3,lr,r07,r07,s1_vs_s3,0.5384615384615384,0.7647058823529411,0.7391304347826086,0.8240896358543418,0.8285714285714286,1.0
regime,iscx_url2016_binary,s2_vs_s3,lr,r07,r07,s2_vs_s3,0.8181818181818182,0.875,0.7391304347826086,0.912324929971989,0.9142857142857143,0.9565217391304348
regime,iscx_url2016_binary,s0_vs_s1,lr,r08,r08,s0_vs_s1,0.8181818181818182,0.875,0.8181818181818182,0.9299719887955182,0.8285714285714286,1.0
regime,iscx_url2016_binary,s0_vs_s2,lr,r08,r08,s0_vs_s2,0.6666666666666666,0.5789473684210527,0.6666666666666666,0.819665244674121,0.8857142857142857,0.9583333333333334
regime,iscx_url2016_binary,s0_vs_s3,lr,r08,r08,s0_vs_s3,0.42857142857142855,0.6666666666666666,0.6666666666666666,0.8173669467787116,0.8857142857142857,0.9583333333333334
regime,iscx_url2016_binary,s1_vs_s2,lr,r08,r08,s1_vs_s2,0.8181818181818182,0.5789473684210527,0.6666666666666666,0.8035576740764578,0.8857142857142857,0.9583333333333334
regime,iscx_url2016_binary,s1_vs_s3,lr,r08,r08,s1_vs_s3,0.5384615384615384,0.5789473684210527,0.6666666666666666,0.7913165266106444,0.8285714285714286,0.9166666666666666
regime,iscx_url2016_binary,s2_vs_s3,lr,r08,r08,s2_vs_s3,0.6666666666666666,0.7647058823529411,0.8181818181818182,0.9283563297505252,0.8285714285714286,0.9545454545454546
regime,iscx_url2016_binary,s0_vs_s1,lr,r09,r09,s0_vs_s1,0.8181818181818182,0.875,0.8181818181818182,0.9574229691876752,0.8285714285714286,1.0
regime,iscx_url2016_binary,s0_vs_s2,lr,r09,r09,s0_vs_s2,0.5384615384615384,0.6666666666666666,0.6666666666666666,0.7128851540616248,0.8571428571428571,0.8333333333333334
regime,iscx_url2016_binary,s0_vs_s3,lr,r09,r09,s0_vs_s3,0.6666666666666666,0.6666666666666666,0.7391304347826086,0.8521008403361345,0.8857142857142857,0.9565217391304348
regime,iscx_url2016_binary,s1_vs_s2,lr,r09,r09,s1_vs_s2,0.42857142857142855,0.6666666666666666,0.5384615384615384,0.6602240896358544,0.8571428571428571,0.8846153846153846
regime,iscx_url2016_binary,s1_vs_s3,lr,r09,r09,s1_vs_s3,0.5384615384615384,0.5789473684210527,0.6666666666666666,0.8394957983193277,0.8857142857142857,0.9583333333333334
regime,iscx_url2016_binary,s2_vs_s3,lr,r09,r09,s2_vs_s3,0.6666666666666666,0.6666666666666666,0.7391304347826086,0.8831932773109243,0.9142857142857143,0.9130434782608695
regime,iscx_url2016_binary,s0_vs_s1,rf,r00,r00,s0_vs_s1,0.8181818181818182,1.0,1.0,0.9895650980216447,0.9714285714285714,1.0
regime,iscx_url2016_binary,s0_vs_s2,rf,r00,r00,s0_vs_s2,0.8181818181818182,0.875,0.9047619047619048,0.9683473389355742,0.9428571428571428,1.0
regime,iscx_url2016_binary,s0_vs_s3,rf,r00,r00,s0_vs_s3,0.6666666666666666,0.875,0.8181818181818182,0.9089381135718487,0.9142857142857143,1.0
regime,iscx_url2016_binary,s1_vs_s2,rf,r00,r00,s1_vs_s2,0.6666666666666666,0.875,0.9047619047619048,0.9595910101268631,0.9142857142857143,1.0
regime,iscx_url2016_binary,s1_vs_s3,rf,r00,r00,s1_vs_s3,0.5384615384615384,0.875,0.8181818181818182,0.9115236628613285,0.9428571428571428,1.0
regime,iscx_url2016_binary,s2_vs_s3,rf,r00,r00,s2_vs_s3,0.8181818181818182,1.0,0.9047619047619048,0.9428411689794302,0.9142857142857143,1.0
regime,iscx_url2016_binary,s0_vs_s1,rf,r01,r01,s0_vs_s1,0.8181818181818182,0.875,1.0,0.9871148459383754,0.9428571428571428,1.0
regime,iscx_url2016_binary,s0_vs_s2,rf,r01,r01,s0_vs_s2,0.8181818181818182,0.875,0.9047619047619048,0.9419427153850758,0.9142857142857143,0.9523809523809523
regime,iscx_url2016_binary,s0_vs_s3,rf,r01,r01,s0_vs_s3,0.8181818181818182,0.7647058823529411,0.8181818181818182,0.904735255463471,0.9428571428571428,0.9545454545454546
regime,iscx_url2016_binary,s1_vs_s2,rf,r01,r01,s1_vs_s2,0.8181818181818182,1.0,0.9047619047619048,0.9520274552375257,0.8571428571428571,0.9523809523809523
regime,iscx_url2016_binary,s1_vs_s3,rf,r01,r01,s1_vs_s3,0.8181818181818182,0.7647058823529411,0.8181818181818182,0.9142617338424608,0.8857142857142857,0.9545454545454546
regime,iscx_url2016_binary,s2_vs_s3,rf,r01,r01,s2_vs_s3,1.0,0.7647058823529411,0.9047619047619048,0.96784590578636,0.9714285714285714,1.0
regime,iscx_url2016_binary,s0_vs_s1,rf,r02,r02,s0_vs_s1,1.0,0.875,0.9047619047619048,0.9727571982675616,0.8857142857142857,1.0
regime,iscx_url2016_binary,s0_vs_s2,rf,r02,r02,s0_vs_s2,0.5384615384615384,0.6666666666666666,0.8181818181818182,0.9254901960784314,0.8571428571428571,0.9545454545454546
regime,iscx_url2016_binary,s0_vs_s3,rf,r02,r02,s0_vs_s3,0.8181818181818182,0.7647058823529411,0.7391304347826086,0.9144898124534067,0.9714285714285714,1.0
regime,iscx_url2016_binary,s1_vs_s2,rf,r02,r02,s1_vs_s2,0.5384615384615384,0.6666666666666666,0.8181818181818182,0.9385811354342591,0.8571428571428571,0.9545454545454546
regime,iscx_url2016_binary,s1_vs_s3,rf,r02,r02,s1_vs_s3,0.8181818181818182,0.7647058823529411,0.7391304347826086,0.8907410001400757,0.9142857142857143,1.0
regime,iscx_url2016_binary,s2_vs_s3,rf,r02,r02,s2_vs_s3,0.6666666666666666,0.7647058823529411,0.6666666666666666,0.8926395427730985,0.8857142857142857,0.9166666666666666
regime,iscx_url2016_binary,s0_vs_s1,rf,r03,r03,s0_vs_s1,1.0,0.875,1.0,0.9840336134453783,0.8857142857142857,1.0
regime,iscx_url2016_binary,s0_vs_s2,rf,r03,r03,s0_vs_s2,0.8181818181818182,0.7647058823529411,0.9047619047619048,0.9596638655462185,0.9142857142857143,1.0
regime,iscx_url2016_binary,s0_vs_s3,rf,r03,r03,s0_vs_s3,0.8181818181818182,0.7647058823529411,0.8181818181818182,0.9268703081675943,0.9428571428571428,0.9545454545454546
regime,iscx_url2016_binary,s1_vs_s2,rf,r03,r03,s1_vs_s2,0.8181818181818182,0.7647058823529411,0.9047619047619048,0.9652661064425769,0.9714285714285714,1.0
regime,iscx_url2016_binary,s1_vs_s3,rf,r03,r03,s1_vs_s3,0.8181818181818182,0.6666666666666666,0.8181818181818182,0.9066965892473806,0.8285714285714286,0.9545454545454546
regime,iscx_url2016_binary,s2_vs_s3,rf,r03,r03,s2_vs_s3,1.0,0.875,0.8181818181818182,0.9473242176283665,0.8571428571428571,0.9545454545454546
regime,iscx_url2016_binary,s0_vs_s1,rf,r04,r04,s0_vs_s1,0.8181818181818182,1.0,1.0,0.9817214114697393,0.9428571428571428,1.0
regime,iscx_url2016_binary,s0_vs_s2,rf,r04,r04,s0_vs_s2,0.6666666666666666,0.7647058823529411,0.9047619047619048,0.9322128851540618,0.9142857142857143,1.0
regime,iscx_url2016_binary,s0_vs_s3,rf,r04,r04,s0_vs_s3,0.8181818181818182,0.7647058823529411,0.8181818181818182,0.9246287838431262,0.9142857142857143,1.0
regime,iscx_url2016_binary,s1_vs_s2,rf,r04,r04,s1_vs_s2,0.6666666666666666,0.7647058823529411,0.9047619047619048,0.932418238857762,0.9714285714285714,1.0
regime,iscx_url2016_binary,s1_vs_s3,rf,r04,r04,s1_vs_s3,0.8181818181818182,0.7647058823529411,0.8181818181818182,0.9297373235087268,0.9142857142857143,1.0
regime,iscx_url2016_binary,s2_vs_s3,rf,r04,r04,s2_vs_s3,0.8181818181818182,0.7647058823529411,0.8181818181818182,0.8873634419488424,0.8857142857142857,1.0
regime,iscx_url2016_binary,s0_vs_s1,rf,r05,r05,s0_vs_s1,0.8181818181818182,0.875,1.0,0.9899159663865545,0.9714285714285714,1.0
regime,iscx_url2016_binary,s0_vs_s2,rf,r05,r05,s0_vs_s2,0.6666666666666666,0.7647058823529411,0.9047619047619048,0.9417366946778712,0.9142857142857143,1.0
regime,iscx_url2016_binary,s0_vs_s3,rf,r05,r05,s0_vs_s3,0.6666666666666666,0.6666666666666666,0.8181818181818182,0.9209863068158652,0.8857142857142857,1.0
regime,iscx_url2016_binary,s1_vs_s2,rf,r05,r05,s1_vs_s2,0.6666666666666666,0.875,0.9047619047619048,0.946218487394958,0.9428571428571428,1.0
regime,iscx_url2016_binary,s1_vs_s3,rf,r05,r05,s1_vs_s3,0.6666666666666666,0.7647058823529411,0.8181818181818182,0.9237882122214505,0.9142857142857143,1.0
regime,iscx_url2016_binary,s2_vs_s3,rf,r05,r05,s2_vs_s3,1.0,0.875,0.9047619047619048,0.9644158406024363,0.9714285714285714,1.0
regime,iscx_url2016_binary,s0_vs_s1,rf,r06,r06,s0_vs_s1,1.0,1.0,1.0,0.9843137254901961,0.9142857142857143,0.95
regime,iscx_url2016_binary,s0_vs_s2,rf,r06,r06,s0_vs_s2,0.6666666666666666,0.7647058823529411,0.9047619047619048,0.9484593837535015,0.8857142857142857,0.9523809523809523
regime,iscx_url2016_binary,s0_vs_s3,rf,r06,r06,s0_vs_s3,0.6666666666666666,0.7647058823529411,0.7391304347826086,0.9016531595173272,0.9428571428571428,0.9565217391304348
regime,iscx_url2016_binary,s1_vs_s2,rf,r06,r06,s1_vs_s2,0.6666666666666666,0.7647058823529411,0.9047619047619048,0.9633053221288516,0.9714285714285714,1.0
regime,iscx_url2016_binary,s1_vs_s3,rf,r06,r06,s1_vs_s3,0.6666666666666666,0.7647058823529411,0.7391304347826086,0.9137013527613437,0.9142857142857143,1.0
regime,iscx_url2016_binary,s2_vs_s3,rf,r06,r06,s2_vs_s3,0.6666666666666666,0.875,0.7391304347826086,0.9036144933012369,0.8857142857142857,1.0
regime,iscx_url2016_binary,s0_vs_s1,rf,r07,r07,s0_vs_s1,0.8181818181818182,1.0,0.9047619047619048,0.9943977591036416,0.9428571428571428,1.0
regime,iscx_url2016_binary,s0_vs_s2,rf,r07,r07,s0_vs_s2,0.6666666666666666,1.0,0.9047619047619048,0.9554621848739496,0.8857142857142857,1.0
regime,iscx_url2016_binary,s0_vs_s3,rf,r07,r07,s0_vs_s3,0.8181818181818182,0.7647058823529411,0.8181818181818182,0.922387259518658,0.9142857142857143,1.0
regime,iscx_url2016_binary,s1_vs_s2,rf,r07,r07,s1_vs_s2,0.8181818181818182,1.0,0.9047619047619048,0.9551820728291317,0.8857142857142857,1.0
regime,iscx_url2016_binary,s1_vs_s3,rf,r07,r07,s1_vs_s3,0.6666666666666666,0.7647058823529411,0.8181818181818182,0.9204259257347482,0.9142857142857143,1.0
regime,iscx_url2016_binary,s2_vs_s3,rf,r07,r07,s2_vs_s3,0.8181818181818182,0.7647058823529411,0.8181818181818182,0.9708602230352823,0.9142857142857143,1.0
regime,iscx_url2016_binary,s0_vs_s1,rf,r08,r08,s0_vs_s1,0.8181818181818182,1.0,0.9047619047619048,0.9798319327731092,0.8285714285714286,1.0
regime,iscx_url2016_binary,s0_vs_s2,rf,r08,r08,s0_vs_s2,0.6666666666666666,0.6666666666666666,0.9047619047619048,0.942577030812325,0.9142857142857143,1.0
regime,iscx_url2016_binary,s0_vs_s3,rf,r08,r08,s0_vs_s3,0.6666666666666666,0.7647058823529411,0.8181818181818182,0.9190249730319555,0.9714285714285714,1.0
regime,iscx_url2016_binary,s1_vs_s2,rf,r08,r08,s1_vs_s2,0.5384615384615384,0.6666666666666666,0.9047619047619048,0.9364145658263306,0.9142857142857143,1.0
regime,iscx_url2016_binary,s1_vs_s3,rf,r08,r08,s1_vs_s3,0.5384615384615384,0.7647058823529411,0.8181818181818182,0.9066965892473806,0.8,1.0
regime,iscx_url2016_binary,s2_vs_s3,rf,r08,r08,s2_vs_s3,1.0,0.875,0.9047619047619048,0.961613935196851,0.8857142857142857,1.0
regime,iscx_url2016_binary,s0_vs_s1,rf,r09,r09,s0_vs_s1,0.8181818181818182,0.875,0.9047619047619048,0.9848739495798319,0.9142857142857143,0.9523809523809523
regime,iscx_url2016_binary,s0_vs_s2,rf,r09,r09,s0_vs_s2,0.6666666666666666,0.875,0.9047619047619048,0.9492997198879553,0.9714285714285714,1.0
regime,iscx_url2016_binary,s0_vs_s3,rf,r09,r09,s0_vs_s3,0.6666666666666666,0.7647058823529411,0.8181818181818182,0.9173438297886044,0.9428571428571428,1.0
regime,iscx_url2016_binary,s1_vs_s2,rf,r09,r09,s1_vs_s2,0.8181818181818182,0.875,0.9047619047619048,0.950420168067227,0.8857142857142857,0.9523809523809523
regime,iscx_url2016_binary,s1_vs_s3,rf,r09,r09,s1_vs_s3,0.5384615384615384,0.6666666666666666,0.7391304347826086,0.8932474433005715,0.8571428571428571,0.9565217391304348
regime,iscx_url2016_binary,s2_vs_s3,rf,r09,r09,s2_vs_s3,0.6666666666666666,0.7647058823529411,0.7391304347826086,0.9055758270851465,0.9714285714285714,1.0
regime,iscx_url2016_binary,s0_vs_s1,xgb,r00,r00,s0_vs_s1,0.8181818181818182,0.875,0.8181818181818182,0.9771230476141994,0.8285714285714286,0.8181818181818182
regime,iscx_url2016_binary,s0_vs_s2,xgb,r00,r00,s0_vs_s2,0.8181818181818182,0.7647058823529411,0.8181818181818182,0.9663305749418862,0.7714285714285715,0.9090909090909091
regime,iscx_url2016_binary,s0_vs_s3,xgb,r00,r00,s0_vs_s3,0.8181818181818182,0.7647058823529411,0.8181818181818182,0.9663305749418862,0.7714285714285715,0.9090909090909091
regime,iscx_url2016_binary,s1_vs_s2,xgb,r00,r00,s1_vs_s2,0.8181818181818182,0.6666666666666666,0.7391304347826086,0.942801148855398,0.8285714285714286,0.9565217391304348
regime,iscx_url2016_binary,s1_vs_s3,xgb,r00,r00,s1_vs_s3,1.0,0.7647058823529411,0.7391304347826086,0.958923398984524,0.8857142857142857,0.9565217391304348
regime,iscx_url2016_binary,s2_vs_s3,xgb,r00,r00,s2_vs_s3,0.8181818181818182,0.875,1.0,0.975896860986547,0.9428571428571428,1.0
regime,iscx_url2016_binary,s0_vs_s1,xgb,r01,r01,s0_vs_s1,0.6666666666666666,0.875,0.8181818181818182,0.9587548125947808,0.9142857142857143,0.9545454545454546
regime,iscx_url2016_binary,s0_vs_s2,xgb,r01,r01,s0_vs_s2,0.8181818181818182,0.7647058823529411,0.8181818181818182,0.9512331838565022,0.9428571428571428,0.9545454545454546
regime,iscx_url2016_binary,s0_vs_s3,xgb,r01,r01,s0_vs_s3,0.8181818181818182,0.875,0.9047619047619048,0.9559977578475337,0.9142857142857143,1.0
regime,iscx_url2016_binary,s1_vs_s2,xgb,r01,r01,s1_vs_s2,0.6666666666666666,0.7647058823529411,1.0,0.9739063372889917,0.9714285714285714,1.0
regime,iscx_url2016_binary,s1_vs_s3,xgb,r01,r01,s1_vs_s3,0.6666666666666666,1.0,0.9047619047619048,0.9677334938950538,0.9428571428571428,1.0
regime,iscx_url2016_binary,s2_vs_s3,xgb,r01,r01,s2_vs_s3,1.0,0.7647058823529411,0.9047619047619048,0.9767376681614349,0.9714285714285714,1.0
regime,iscx_url2016_binary,s0_vs_s1,xgb,r02,r02,s0_vs_s1,1.0,0.6666666666666666,0.9047619047619048,0.9684212910856044,0.9714285714285714,1.0
regime,iscx_url2016_binary,s0_vs_s2,xgb,r02,r02,s0_vs_s2,0.8181818181818182,0.875,0.9047619047619048,0.9705594577733713,0.8857142857142857,1.0
regime,iscx_url2016_binary,s0_vs_s3,xgb,r02,r02,s0_vs_s3,0.8181818181818182,0.6666666666666666,0.7391304347826086,0.9412590205821774,0.8857142857142857,0.9565217391304348
regime,iscx_url2016_binary,s1_vs_s2,xgb,r02,r02,s1_vs_s2,0.8181818181818182,0.7647058823529411,0.8181818181818182,0.9576324774322467,0.8571428571428571,1.0
regime,iscx_url2016_binary,s1_vs_s3,xgb,r02,r02,s1_vs_s3,0.8181818181818182,0.6666666666666666,0.7391304347826086,0.9329411038564959,0.9142857142857143,1.0
regime,iscx_url2016_binary,s2_vs_s3,xgb,r02,r02,s2_vs_s3,0.6666666666666666,0.7647058823529411,0.8181818181818182,0.9363789237668162,0.8857142857142857,0.9545454545454546
regime,iscx_url2016_binary,s0_vs_s1,xgb,r03,r03,s0_vs_s1,0.8181818181818182,0.7647058823529411,0.8181818181818182,0.9562295584790791,0.8571428571428571,0.9545454545454546
regime,iscx_url2016_binary,s0_vs_s2,xgb,r03,r03,s0_vs_s2,0.8181818181818182,0.7647058823529411,0.8181818181818182,0.9465499333370944,0.8571428571428571,0.9090909090909091
regime,iscx_url2016_binary,s0_vs_s3,xgb,r03,r03,s0_vs_s3,0.8181818181818182,0.7647058823529411,0.9047619047619048,0.963129203366035,0.8285714285714286,0.8571428571428571
regime,iscx_url2016_binary,s1_vs_s2,xgb,r03,r03,s1_vs_s2,0.6666666666666666,0.7647058823529411,0.8181818181818182,0.9411608046743072,0.8857142857142857,1.0
regime,iscx_url2016_binary,s1_vs_s3,xgb,r03,r03,s1_vs_s3,0.6666666666666666,1.0,0.8181818181818182,0.9529826907929352,0.8571428571428571,0.9090909090909091
regime,iscx_url2016_binary,s2_vs_s3,xgb,r03,r03,s2_vs_s3,0.8181818181818182,0.7647058823529411,0.9047619047619048,0.973439117172388,0.7428571428571429,0.8571428571428571
regime,iscx_url2016_binary,s0_vs_s1,xgb,r04,r04,s0_vs_s1,1.0,0.6666666666666666,1.0,0.9826044347986311,0.8857142857142857,1.0
regime,iscx_url2016_binary,s0_vs_s2,xgb,r04,r04,s0_vs_s2,0.8181818181818182,0.7647058823529411,0.9047619047619048,0.9590353963854145,0.8,0.9523809523809523
regime,iscx_url2016_binary,s0_vs_s3,xgb,r04,r04,s0_vs_s3,1.0,0.7647058823529411,0.8181818181818182,0.9482107597933829,0.8857142857142857,1.0
regime,iscx_url2016_binary,s1_vs_s2,xgb,r04,r04,s1_vs_s2,0.8181818181818182,0.6666666666666666,0.9047619047619048,0.9669282511210763,0.9142857142857143,0.9523809523809523
regime,iscx_url2016_binary,s1_vs_s3,xgb,r04,r04,s1_vs_s3,1.0,0.5789473684210527,0.8181818181818182,0.9457452119224559,0.8285714285714286,1.0
regime,iscx_url2016_binary,s2_vs_s3,xgb,r04,r04,s2_vs_s3,0.8181818181818182,0.5789473684210527,0.7391304347826086,0.9248563834942843,0.8,0.9130434782608695
regime,iscx_url2016_binary,s0_vs_s1,xgb,r05,r05,s0_vs_s1,0.8181818181818182,0.875,0.9047619047619048,0.9630879564390459,0.8571428571428571,0.9047619047619048
regime,iscx_url2016_binary,s0_vs_s2,xgb,r05,r05,s0_vs_s2,0.8181818181818182,0.875,0.9047619047619048,0.9610263011752794,0.8571428571428571,0.9523809523809523
regime,iscx_url2016_binary,s0_vs_s3,xgb,r05,r05,s0_vs_s3,0.8181818181818182,0.875,0.9047619047619048,0.9779651530847088,0.8,0.9047619047619048
regime,iscx_url2016_binary,s1_vs_s2,xgb,r05,r05,s1_vs_s2,0.6666666666666666,0.7647058823529411,0.9047619047619048,0.9486537961319738,0.8857142857142857,0.9523809523809523
regime,iscx_url2016_binary,s1_vs_s3,xgb,r05,r05,s1_vs_s3,0.6666666666666666,0.7647058823529411,0.9047619047619048,0.9570224719101122,0.8857142857142857,0.9047619047619048
regime,iscx_url2016_binary,s2_vs_s3,xgb,r05,r05,s2_vs_s3,0.8181818181818182,0.7647058823529411,0.9047619047619048,0.9722228345451904,0.9428571428571428,0.9523809523809523
regime,iscx_url2016_binary,s0_vs_s1,xgb,r06,r06,s0_vs_s1,1.0,0.6666666666666666,0.8181818181818182,0.957942044628838,0.8857142857142857,0.9545454545454546
regime,iscx_url2016_binary,s0_vs_s2,xgb,r06,r06,s0_vs_s2,0.8181818181818182,0.7647058823529411,0.8181818181818182,0.9509529147982063,0.9428571428571428,1.0
regime,iscx_url2016_binary,s0_vs_s3,xgb,r06,r06,s0_vs_s3,0.8181818181818182,0.6666666666666666,0.7391304347826086,0.9265387052468886,0.8285714285714286,0.9565217391304348
regime,iscx_url2016_binary,s1_vs_s2,xgb,r06,r06,s1_vs_s2,0.8181818181818182,0.6666666666666666,0.9047619047619048,0.9628488164072676,0.8857142857142857,0.9523809523809523
regime,iscx_url2016_binary,s1_vs_s3,xgb,r06,r06,s1_vs_s3,0.8181818181818182,0.7647058823529411,0.8181818181818182,0.9405329593267884,0.8857142857142857,1.0
regime,iscx_url2016_binary,s2_vs_s3,xgb,r06,r06,s2_vs_s3,0.6666666666666666,0.6666666666666666,0.8181818181818182,0.9261181248087376,0.8285714285714286,0.9545454545454546
regime,iscx_url2016_binary,s0_vs_s1,xgb,r07,r07,s0_vs_s1,1.0,0.7647058823529411,0.8181818181818182,0.9606591865357644,0.8857142857142857,1.0
regime,iscx_url2016_binary,s0_vs_s2,xgb,r07,r07,s0_vs_s2,0.6666666666666666,0.6666666666666666,0.8181818181818182,0.9485490815101298,0.8571428571428571,0.9545454545454546
regime,iscx_url2016_binary,s0_vs_s3,xgb,r07,r07,s0_vs_s3,0.6666666666666666,0.6666666666666666,0.8181818181818182,0.9475677271544439,0.8857142857142857,1.0
regime,iscx_url2016_binary,s1_vs_s2,xgb,r07,r07,s1_vs_s2,0.6666666666666666,0.6666666666666666,0.8181818181818182,0.9470069532369092,0.9142857142857143,0.9545454545454546
regime,iscx_url2016_binary,s1_vs_s3,xgb,r07,r07,s1_vs_s3,0.6666666666666666,0.6666666666666666,0.8181818181818182,0.9359316683655967,0.8857142857142857,1.0
regime,iscx_url2016_binary,s2_vs_s3,xgb,r07,r07,s2_vs_s3,0.8181818181818182,0.7647058823529411,1.0,0.9708520179372196,0.9142857142857143,0.95
regime,iscx_url2016_binary,s0_vs_s1,xgb,r08,r08,s0_vs_s1,1.0,0.875,1.0,0.9821756804372548,0.8285714285714286,1.0
regime,iscx_url2016_binary,s0_vs_s2,xgb,r08,r08,s0_vs_s2,0.5384615384615384,0.875,0.9047619047619048,0.9577407469602487,0.9142857142857143,1.0
regime,iscx_url2016_binary,s0_vs_s3,xgb,r08,r08,s0_vs_s3,0.6666666666666666,0.875,1.0,0.9718211990878245,0.8857142857142857,1.0
regime,iscx_url2016_binary,s1_vs_s2,xgb,r08,r08,s1_vs_s2,0.5384615384615384,0.875,0.9047619047619048,0.9504181240645461,0.8571428571428571,1.0
regime,iscx_url2016_binary,s1_vs_s3,xgb,r08,r08,s1_vs_s3,0.6666666666666666,0.875,1.0,0.9657694073606191,0.8857142857142857,1.0
regime,iscx_url2016_binary,s2_vs_s3,xgb,r08,r08,s2_vs_s3,0.8181818181818182,1.0,0.9047619047619048,0.9790543123386051,0.8571428571428571,1.0
regime,iscx_url2016_binary,s0_vs_s1,xgb,r09,r09,s0_vs_s1,1.0,0.6666666666666666,0.8181818181818182,0.9335203366058907,0.8571428571428571,0.9090909090909091
regime,iscx_url2016_binary,s0_vs_s2,xgb,r09,r09,s0_vs_s2,0.6666666666666666,0.875,0.8181818181818182,0.960745914216512,0.8857142857142857,0.9545454545454546
regime,iscx_url2016_binary,s0_vs_s3,xgb,r09,r09,s0_vs_s3,1.0,0.875,0.9047619047619048,0.9760002403201874,0.8857142857142857,0.9523809523809523
regime,iscx_url2016_binary,s1_vs_s2,xgb,r09,r09,s1_vs_s2,0.6666666666666666,0.5789473684210527,0.8181818181818182,0.9228936747829124,0.9714285714285714,0.9545454545454546
regime,iscx_url2016_binary,s1_vs_s3,xgb,r09,r09,s1_vs_s3,1.0,0.5789473684210527,0.7391304347826086,0.9378247923237694,0.9142857142857143,0.9130434782608695
regime,iscx_url2016_binary,s2_vs_s3,xgb,r09,r09,s2_vs_s3,0.6666666666666666,0.7647058823529411,0.8181818181818182,0.9520208016195761,0.9428571428571428,0.9545454545454546
regime,phiusiil,s0_vs_s1,lr,r00,r00,s0_vs_s1,0.8181818181818182,0.875,0.9047619047619048,0.9565826330532212,0.9428571428571428,1.0
regime,phiusiil,s0_vs_s2,lr,r00,r00,s0_vs_s2,0.8181818181818182,0.7647058823529411,0.9047619047619048,0.9431372549019609,0.9142857142857143,1.0
regime,phiusiil,s0_vs_s3,lr,r00,r00,s0_vs_s3,0.8181818181818182,0.875,0.9047619047619048,0.9523809523809526,0.8571428571428571,1.0
regime,phiusiil,s1_vs_s2,lr,r00,r00,s1_vs_s2,1.0,0.875,0.8181818181818182,0.9184873949579833,0.8571428571428571,0.9545454545454546
regime,phiusiil,s1_vs_s3,lr,r00,r00,s1_vs_s3,1.0,0.7647058823529411,0.9047619047619048,0.9361344537815127,0.9142857142857143,0.9523809523809523
regime,phiusiil,s2_vs_s3,lr,r00,r00,s2_vs_s3,1.0,0.6666666666666666,0.8181818181818182,0.9274509803921569,0.8857142857142857,1.0
regime,phiusiil,s0_vs_s1,lr,r01,r01,s0_vs_s1,0.6666666666666666,0.6666666666666666,0.9047619047619048,0.9327731092436975,0.8857142857142857,0.9523809523809523
regime,phiusiil,s0_vs_s2,lr,r01,r01,s0_vs_s2,0.6666666666666666,0.6666666666666666,0.6666666666666666,0.8282913165266107,0.8857142857142857,0.9583333333333334
regime,phiusiil,s0_vs_s3,lr,r01,r01,s0_vs_s3,0.8181818181818182,0.875,0.9047619047619048,0.950700280112045,0.9714285714285714,0.9523809523809523
regime,phiusiil,s1_vs_s2,lr,r01,r01,s1_vs_s2,0.6666666666666666,0.7647058823529411,0.6666666666666666,0.8787114845938376,0.9428571428571428,0.9583333333333334
regime,phiusiil,s1_vs_s3,lr,r01,r01,s1_vs_s3,0.6666666666666666,0.7647058823529411,0.9047619047619048,0.8857142857142857,0.8571428571428571,0.9523809523809523
regime,phiusiil,s2_vs_s3,lr,r01,r01,s2_vs_s3,0.6666666666666666,0.6666666666666666,0.6666666666666666,0.792156862745098,0.8571428571428571,0.9583333333333334
regime,phiusiil,s0_vs_s1,lr,r02,r02,s0_vs_s1,0.8181818181818182,0.875,0.9047619047619048,0.9630252100840336,0.9714285714285714,1.0
regime,phiusiil,s0_vs_s2,lr,r02,r02,s0_vs_s2,0.6666666666666666,0.875,0.8181818181818182,0.9173669467787117,0.9714285714285714,1.0
regime,phiusiil,s0_vs_s3,lr,r02,r02,s0_vs_s3,0.6666666666666666,0.6666666666666666,0.9047619047619048,0.9056022408963587,0.7428571428571429,0.8095238095238095
regime,phiusiil,s1_vs_s2,lr,r02,r02,s1_vs_s2,0.8181818181818182,0.7647058823529411,0.8181818181818182,0.9252100840336134,0.9428571428571428,1.0
regime,phiusiil,s1_vs_s3,lr,r02,r02,s1_vs_s3,0.5384615384615384,0.7647058823529411,0.9047619047619048,0.9154061624649861,0.7714285714285715,0.8571428571428571
regime,phiusiil,s2_vs_s3,lr,r02,r02,s2_vs_s3,0.5384615384615384,0.5789473684210527,0.7391304347826086,0.8341736694677871,0.7142857142857143,0.782608695652174
regime,phiusiil,s0_vs_s1,lr,r03,r03,s0_vs_s1,0.8181818181818182,0.875,0.9047619047619048,0.9708683473389356,0.9428571428571428,0.9523809523809523
regime,phiusiil,s0_vs_s2,lr,r03,r03,s0_vs_s2,0.8181818181818182,0.5789473684210527,0.7391304347826086,0.8781512605042017,0.8857142857142857,0.9565217391304348
regime,phiusiil,s0_vs_s3,lr,r03,r03,s0_vs_s3,0.8181818181818182,0.875,0.9047619047619048,0.9630252100840336,0.9142857142857143,1.0
regime,phiusiil,s1_vs_s2,lr,r03,r03,s1_vs_s2,0.6666666666666666,0.6666666666666666,0.7391304347826086,0.8859943977591037,0.9428571428571428,1.0
regime,phiusiil,s1_vs_s3,lr,r03,r03,s1_vs_s3,0.8181818181818182,0.7647058823529411,0.9047619047619048,0.950700280112045,0.9714285714285714,1.0
regime,phiusiil,s2_vs_s3,lr,r03,r03,s2_vs_s3,0.6666666666666666,0.5789473684210527,0.7391304347826086,0.8112044817927172,0.9142857142857143,1.0
regime,phiusiil,s0_vs_s1,lr,r04,r04,s0_vs_s1,0.8181818181818182,0.875,0.9047619047619048,0.9705882352941178,0.9142857142857143,0.9523809523809523
regime,phiusiil,s0_vs_s2,lr,r04,r04,s0_vs_s2,0.6666666666666666,0.5789473684210527,0.7391304347826086,0.8515406162464986,0.8571428571428571,0.9565217391304348
regime,phiusiil,s0_vs_s3,lr,r04,r04,s0_vs_s3,0.6666666666666666,0.7647058823529411,0.8181818181818182,0.9316526610644258,0.9714285714285714,1.0
regime,phiusiil,s1_vs_s2,lr,r04,r04,s1_vs_s2,0.8181818181818182,0.5789473684210527,0.6666666666666666,0.8481792717086835,0.9428571428571428,1.0
regime,phiusiil,s1_vs_s3,lr,r04,r04,s1_vs_s3,0.5384615384615384,0.7647058823529411,0.8181818181818182,0.9319327731092437,0.9428571428571428,1.0
regime,phiusiil,s2_vs_s3,lr,r04,r04,s2_vs_s3,0.42857142857142855,0.42857142857142855,0.6,0.7238095238095239,0.8857142857142857,0.92
regime,phiusiil,s0_vs_s1,lr,r05,r05,s0_vs_s1,0.8181818181818182,0.7647058823529411,0.9047619047619048,0.9453781512605042,0.9428571428571428,1.0
regime,phiusiil,s0_vs_s2,lr,r05,r05,s0_vs_s2,0.8181818181818182,0.6666666666666666,0.7391304347826086,0.9016806722689076,0.9428571428571428,1.0
regime,phiusiil,s0_vs_s3,lr,r05,r05,s0_vs_s3,1.0,0.7647058823529411,0.9047619047619048,0.9658263305322129,0.9428571428571428,1.0
regime,phiusiil,s1_vs_s2,lr,r05,r05,s1_vs_s2,0.8181818181818182,0.7647058823529411,0.7391304347826086,0.8703081232492997,0.8857142857142857,0.9565217391304348
regime,phiusiil,s1_vs_s3,lr,r05,r05,s1_vs_s3,0.8181818181818182,0.7647058823529411,0.9047619047619048,0.9647058823529412,0.8857142857142857,0.9523809523809523
regime,phiusiil,s2_vs_s3,lr,r05,r05,s2_vs_s3,0.8181818181818182,0.6666666666666666,0.8181818181818182,0.8801120448179273,0.8857142857142857,1.0
regime,phiusiil,s0_vs_s1,lr,r06,r06,s0_vs_s1,0.8181818181818182,0.7647058823529411,0.9047619047619048,0.9532212885154063,0.9142857142857143,0.9523809523809523
regime,phiusiil,s0_vs_s2,lr,r06,r06,s0_vs_s2,0.8181818181818182,0.6666666666666666,0.8181818181818182,0.8949579831932774,0.8571428571428571,0.9545454545454546
regime,phiusiil,s0_vs_s3,lr,r06,r06,s0_vs_s3,1.0,0.7647058823529411,0.9047619047619048,0.9397759103641458,0.9714285714285714,1.0
regime,phiusiil,s1_vs_s2,lr,r06,r06,s1_vs_s2,0.6666666666666666,0.6666666666666666,0.8181818181818182,0.8778711484593837,0.9428571428571428,1.0
regime,phiusiil,s1_vs_s3,lr,r06,r06,s1_vs_s3,0.8181818181818182,0.7647058823529411,0.9047619047619048,0.9680672268907564,0.9428571428571428,1.0
regime,phiusiil,s2_vs_s3,lr,r06,r06,s2_vs_s3,0.8181818181818182,0.5789473684210527,0.7391304347826086,0.8159663865546218,0.8857142857142857,1.0
regime,phiusiil,s0_vs_s1,lr,r07,r07,s0_vs_s1,0.8181818181818182,0.7647058823529411,0.9047619047619048,0.9803921568627451,1.0,1.0
regime,phiusiil,s0_vs_s2,lr,r07,r07,s0_vs_s2,0.8181818181818182,0.5789473684210527,0.8181818181818182,0.8991596638655462,0.9714285714285714,1.0
regime,phiusiil,s0_vs_s3,lr,r07,r07,s0_vs_s3,0.5384615384615384,0.7647058823529411,0.9047619047619048,0.9392156862745099,0.9428571428571428,1.0
regime,phiusiil,s1_vs_s2,lr,r07,r07,s1_vs_s2,0.6666666666666666,0.5,0.7391304347826086,0.861624649859944,0.9714285714285714,1.0
regime,phiusiil,s1_vs_s3,lr,r07,r07,s1_vs_s3,0.6666666666666666,0.875,0.9047619047619048,0.9585434173669467,0.9428571428571428,1.0
regime,phiusiil,s2_vs_s3,lr,r07,r07,s2_vs_s3,0.5384615384615384,0.5,0.7391304347826086,0.7787114845938377,0.9142857142857143,1.0
regime,phiusiil,s0_vs_s1,lr,r08,r08,s0_vs_s1,0.6666666666666666,0.6666666666666666,0.8181818181818182,0.8537815126050421,1.0,1.0
regime,phiusiil,s0_vs_s2,lr,r08,r08,s0_vs_s2,0.8181818181818182,0.6666666666666666,0.7391304347826086,0.9098039215686275,0.9428571428571428,1.0
regime,phiusiil,s0_vs_s3,lr,r08,r08,s0_vs_s3,0.8181818181818182,0.875,0.9047619047619048,0.9459383753501401,0.9714285714285714,1.0
regime,phiusiil,s1_vs_s2,lr,r08,r08,s1_vs_s2,0.5384615384615384,0.5,0.7391304347826086,0.7823529411764707,0.9428571428571428,1.0
regime,phiusiil,s1_vs_s3,lr,r08,r08,s1_vs_s3,0.6666666666666666,0.7647058823529411,0.9047619047619048,0.9092436974789917,0.9714285714285714,1.0
regime,phiusiil,s2_vs_s3,lr,r08,r08,s2_vs_s3,0.6666666666666666,0.5789473684210527,0.7391304347826086,0.8543417366946778,0.9142857142857143,0.9565217391304348
regime,phiusiil,s0_vs_s1,lr,r09,r09,s0_vs_s1,0.8181818181818182,0.875,1.0,0.9823529411764705,0.9714285714285714,1.0
regime,phiusiil,s0_vs_s2,lr,r09,r09,s0_vs_s2,0.8181818181818182,0.6666666666666666,0.8181818181818182,0.873389355742297,0.8857142857142857,0.9545454545454546
regime,phiusiil,s0_vs_s3,lr,r09,r09,s0_vs_s3,1.0,0.7647058823529411,0.9047619047619048,0.9731092436974791,0.9142857142857143,1.0
regime,phiusiil,s1_vs_s2,lr,r09,r09,s1_vs_s2,0.6666666666666666,0.6666666666666666,0.8181818181818182,0.8871148459383754,0.8571428571428571,0.9545454545454546
regime,phiusiil,s1_vs_s3,lr,r09,r09,s1_vs_s3,0.8181818181818182,0.6666666666666666,0.9047619047619048,0.9571428571428572,0.9428571428571428,1.0
regime,phiusiil,s2_vs_s3,lr,r09,r09,s2_vs_s3,0.8181818181818182,0.5789473684210527,0.7391304347826086,0.8008403361344539,0.8571428571428571,0.9565217391304348
regime,phiusiil,s0_vs_s1,rf,r00,r00,s0_vs_s1,0.8181818181818182,0.875,0.8181818181818182,0.9851457399103138,0.9142857142857143,0.8636363636363636
regime,phiusiil,s0_vs_s2,rf,r00,r00,s0_vs_s2,0.8181818181818182,1.0,0.9047619047619048,0.9918745135771715,0.8571428571428571,0.9047619047619048
regime,phiusiil,s0_vs_s3,rf,r00,r00,s0_vs_s3,0.6666666666666666,1.0,0.9047619047619048,0.9831838565022422,0.9142857142857143,1.0
regime,phiusiil,s1_vs_s2,rf,r00,r00,s1_vs_s2,0.6666666666666666,0.875,0.8181818181818182,0.9770244149275699,0.8285714285714286,0.8636363636363636
regime,phiusiil,s1_vs_s3,rf,r00,r00,s1_vs_s3,0.6666666666666666,0.875,0.9047619047619048,0.9730941704035875,0.8285714285714286,0.8571428571428571
regime,phiusiil,s2_vs_s3,rf,r00,r00,s2_vs_s3,0.8181818181818182,1.0,0.8181818181818182,0.9753432716842186,0.8857142857142857,0.9090909090909091
regime,phiusiil,s0_vs_s1,rf,r01,r01,s0_vs_s1,1.0,0.875,0.8181818181818182,0.987740827416595,0.8285714285714286,0.9090909090909091
regime,phiusiil,s0_vs_s2,rf,r01,r01,s0_vs_s2,0.6666666666666666,0.875,0.9047619047619048,0.9817876541170648,0.7714285714285715,0.8095238095238095
regime,phiusiil,s0_vs_s3,rf,r01,r01,s0_vs_s3,0.6666666666666666,1.0,0.9047619047619048,0.9702914798206279,0.8857142857142857,0.8571428571428571
regime,phiusiil,s1_vs_s2,rf,r01,r01,s1_vs_s2,0.6666666666666666,0.7647058823529411,0.8181818181818182,0.9741578565804018,0.9142857142857143,0.9090909090909091
regime,phiusiil,s1_vs_s3,rf,r01,r01,s1_vs_s3,0.6666666666666666,0.875,0.9047619047619048,0.9608406516912068,0.7714285714285715,0.8571428571428571
regime,phiusiil,s2_vs_s3,rf,r01,r01,s2_vs_s3,0.8181818181818182,0.875,0.9047619047619048,0.9719809851975164,0.7714285714285715,0.8571428571428571
regime,phiusiil,s0_vs_s1,rf,r02,r02,s0_vs_s1,0.6666666666666666,0.875,0.9047619047619048,0.9852189359423397,0.9428571428571428,1.0
regime,phiusiil,s0_vs_s2,rf,r02,r02,s0_vs_s2,0.5384615384615384,0.875,0.9047619047619048,0.9795461297925966,0.8571428571428571,0.8095238095238095
regime,phiusiil,s0_vs_s3,rf,r02,r02,s0_vs_s3,0.5384615384615384,0.875,0.9047619047619048,0.968609865470852,0.6857142857142857,0.8571428571428571
regime,phiusiil,s1_vs_s2,rf,r02,r02,s1_vs_s2,0.8181818181818182,1.0,0.8181818181818182,0.9839624647702837,0.8571428571428571,0.8181818181818182
regime,phiusiil,s1_vs_s3,rf,r02,r02,s1_vs_s3,0.8181818181818182,1.0,0.9047619047619048,0.9756917903729315,0.6857142857142857,0.8571428571428571
regime,phiusiil,s2_vs_s3,rf,r02,r02,s2_vs_s3,1.0,1.0,0.9047619047619048,0.9789857487114796,0.6571428571428571,0.8571428571428571
regime,phiusiil,s0_vs_s1,rf,r03,r03,s0_vs_s1,1.0,0.875,1.0,0.9941856611841358,0.8571428571428571,0.9
regime,phiusiil,s0_vs_s2,rf,r03,r03,s0_vs_s2,0.6666666666666666,0.875,0.8181818181818182,0.9804553631576355,0.8285714285714286,0.9090909090909091
regime,phiusiil,s0_vs_s3,rf,r03,r03,s0_vs_s3,0.6666666666666666,0.7647058823529411,0.8181818181818182,0.9702914798206279,0.9142857142857143,0.9545454545454546
regime,phiusiil,s1_vs_s2,rf,r03,r03,s1_vs_s2,0.6666666666666666,0.875,0.8181818181818182,0.9759069897744781,0.8285714285714286,0.8181818181818182
regime,phiusiil,s1_vs_s3,rf,r03,r03,s1_vs_s3,0.6666666666666666,0.7647058823529411,0.8181818181818182,0.9726094785710642,0.8857142857142857,0.8636363636363636
regime,phiusiil,s2_vs_s3,rf,r03,r03,s2_vs_s3,0.6666666666666666,0.875,0.8181818181818182,0.9762522107005438,0.8571428571428571,0.8636363636363636
regime,phiusiil,s0_vs_s1,rf,r04,r04,s0_vs_s1,0.8181818181818182,0.875,0.9047619047619048,0.9921524663677129,0.8857142857142857,0.9523809523809523
regime,phiusiil,s0_vs_s2,rf,r04,r04,s0_vs_s2,0.6666666666666666,0.875,0.9047619047619048,0.9767442243870114,0.7714285714285715,0.8095238095238095
regime,phiusiil,s0_vs_s3,rf,r04,r04,s0_vs_s3,0.6666666666666666,1.0,0.9047619047619048,0.9650438041482987,0.8857142857142857,0.8571428571428571
regime,phiusiil,s1_vs_s2,rf,r04,r04,s1_vs_s2,0.8181818181818182,0.7647058823529411,0.9047619047619048,0.9801065108737135,0.8857142857142857,0.8571428571428571
regime,phiusiil,s1_vs_s3,rf,r04,r04,s1_vs_s3,0.6666666666666666,0.875,0.8181818181818182,0.9644833838206864,0.8857142857142857,0.9090909090909091
regime,phiusiil,s2_vs_s3,rf,r04,r04,s2_vs_s3,0.8181818181818182,0.875,0.9047619047619048,0.9735975932552657,0.8857142857142857,0.9523809523809523
regime,phiusiil,s0_vs_s1,rf,r05,r05,s0_vs_s1,0.8181818181818182,0.875,0.9047619047619048,0.9862668161434978,0.9714285714285714,0.9523809523809523
regime,phiusiil,s0_vs_s2,rf,r05,r05,s0_vs_s2,0.8181818181818182,0.875,0.9047619047619048,0.9775847960086868,0.9428571428571428,0.9523809523809523
regime,phiusiil,s0_vs_s3,rf,r05,r05,s0_vs_s3,0.6666666666666666,0.875,0.9047619047619048,0.9767376681614349,0.8285714285714286,0.8095238095238095
regime,phiusiil,s1_vs_s2,rf,r05,r05,s1_vs_s2,0.8181818181818182,0.875,0.9047619047619048,0.9820678446576233,0.9714285714285714,1.0
regime,phiusiil,s1_vs_s3,rf,r05,r05,s1_vs_s3,0.6666666666666666,0.875,0.9047619047619048,0.9655269058295965,0.8571428571428571,0.8571428571428571
regime,phiusiil,s2_vs_s3,rf,r05,r05,s2_vs_s3,0.8181818181818182,0.875,0.9047619047619048,0.9781451770898039,0.8285714285714286,0.8571428571428571
regime,phiusiil,s0_vs_s1,rf,r06,r06,s0_vs_s1,1.0,0.875,0.9047619047619048,0.9908231392184623,0.8571428571428571,0.8571428571428571
regime,phiusiil,s0_vs_s2,rf,r06,r06,s0_vs_s2,0.5384615384615384,0.875,0.8181818181818182,0.9742225095219846,0.8,0.8181818181818182
regime,phiusiil,s0_vs_s3,rf,r06,r06,s0_vs_s3,0.6666666666666666,0.875,0.9047619047619048,0.969730941704036,0.9428571428571428,0.9047619047619048
regime,phiusiil,s1_vs_s2,rf,r06,r06,s1_vs_s2,0.5384615384615384,1.0,0.8181818181818182,0.9733174615926976,0.8857142857142857,0.8636363636363636
regime,phiusiil,s1_vs_s3,rf,r06,r06,s1_vs_s3,0.6666666666666666,1.0,1.0,0.9726094785710642,0.9142857142857143,0.95
regime,phiusiil,s2_vs_s3,rf,r06,r06,s2_vs_s3,0.8181818181818182,1.0,0.8181818181818182,0.9747828906031016,0.8,0.8181818181818182
regime,phiusiil,s0_vs_s1,rf,r07,r07,s0_vs_s1,0.8181818181818182,0.875,0.9047619047619048,0.988021037580401,0.9428571428571428,0.9523809523809523
regime,phiusiil,s0_vs_s2,rf,r07,r07,s0_vs_s2,0.8181818181818182,0.875,0.9047619047619048,0.9871130410421627,0.8857142857142857,0.9047619047619048
regime,phiusiil,s0_vs_s3,rf,r07,r07,s0_vs_s3,0.6666666666666666,1.0,0.9047619047619048,0.9754115802091253,0.8285714285714286,0.8095238095238095
regime,phiusiil,s1_vs_s2,rf,r07,r07,s1_vs_s2,0.8181818181818182,0.7647058823529411,0.9047619047619048,0.9840980952871153,0.8571428571428571,0.8571428571428571
regime,phiusiil,s1_vs_s3,rf,r07,r07,s1_vs_s3,0.8181818181818182,0.875,0.9047619047619048,0.9747757847533634,0.8857142857142857,0.8571428571428571
regime,phiusiil,s2_vs_s3,rf,r07,r07,s2_vs_s3,0.6666666666666666,0.875,0.8181818181818182,0.9698073769330029,0.8571428571428571,0.8636363636363636
regime,phiusiil,s0_vs_s1,rf,r08,r08,s0_vs_s1,0.8181818181818182,0.875,0.8181818181818182,0.9876681614349775,0.9714285714285714,0.9545454545454546
regime,phiusiil,s0_vs_s2,rf,r08,r08,s0_vs_s2,0.5384615384615384,0.875,0.9047619047619048,0.9846585156147275,0.8285714285714286,0.8095238095238095
regime,phiusiil,s0_vs_s3,rf,r08,r08,s0_vs_s3,0.6666666666666666,1.0,0.9047619047619048,0.984585201793722,1.0,1.0
regime,phiusiil,s1_vs_s2,rf,r08,r08,s1_vs_s2,0.6666666666666666,0.7647058823529411,0.8181818181818182,0.9773730513557682,0.8571428571428571,0.8636363636363636
regime,phiusiil,s1_vs_s3,rf,r08,r08,s1_vs_s3,0.6666666666666666,0.875,0.9047619047619048,0.9728139013452916,0.9714285714285714,0.9523809523809523
regime,phiusiil,s2_vs_s3,rf,r08,r08,s2_vs_s3,0.8181818181818182,0.875,0.8181818181818182,0.9840980952871152,0.8285714285714286,0.8181818181818182
regime,phiusiil,s0_vs_s1,rf,r09,r09,s0_vs_s1,1.0,0.875,0.9047619047619048,0.9924359153943129,0.9142857142857143,0.9047619047619048
regime,phiusiil,s0_vs_s2,rf,r09,r09,s0_vs_s2,0.8181818181818182,1.0,0.8181818181818182,0.9818614773010232,0.8285714285714286,0.9090909090909091
regime,phiusiil,s0_vs_s3,rf,r09,r09,s0_vs_s3,0.6666666666666666,1.0,0.8181818181818182,0.970584115422328,0.8857142857142857,0.9545454545454546
regime,phiusiil,s1_vs_s2,rf,r09,r09,s1_vs_s2,0.8181818181818182,0.875,0.8181818181818182,0.974578054074254,0.8285714285714286,0.9090909090909091
regime,phiusiil,s1_vs_s3,rf,r09,r09,s1_vs_s3,0.6666666666666666,0.875,0.8181818181818182,0.9641406359434095,0.8571428571428571,0.8636363636363636
regime,phiusiil,s2_vs_s3,rf,r09,r09,s2_vs_s3,0.8181818181818182,1.0,0.8181818181818182,0.969255552485461,0.8285714285714286,0.8636363636363636
regime,phiusiil,s0_vs_s1,xgb,r00,r00,s0_vs_s1,0.8181818181818182,0.7647058823529411,0.9047619047619048,0.9850896057347668,0.9142857142857143,0.9047619047619048
regime,phiusiil,s0_vs_s2,xgb,r00,r00,s0_vs_s2,1.0,0.875,1.0,0.9902920328027809,0.9428571428571428,0.95
regime,phiusiil,s0_vs_s3,xgb,r00,r00,s0_vs_s3,0.8181818181818182,0.7647058823529411,0.7391304347826086,0.969277114664815,0.9714285714285714,1.0
regime,phiusiil,s1_vs_s2,xgb,r00,r00,s1_vs_s2,0.8181818181818182,0.875,0.9047619047619048,0.9753225020743667,0.9142857142857143,0.9523809523809523
regime,phiusiil,s1_vs_s3,xgb,r00,r00,s1_vs_s3,0.8181818181818182,0.875,0.8181818181818182,0.9733073729378495,0.8857142857142857,0.8636363636363636
regime,phiusiil,s2_vs_s3,xgb,r00,r00,s2_vs_s3,0.8181818181818182,0.875,0.7391304347826086,0.969364161849711,0.9714285714285714,0.9565217391304348
regime,phiusiil,s0_vs_s1,xgb,r01,r01,s0_vs_s1,1.0,0.875,0.9047619047619048,0.9907514450867054,0.9428571428571428,0.9523809523809523
regime,phiusiil,s0_vs_s2,xgb,r01,r01,s0_vs_s2,0.8181818181818182,1.0,0.9047619047619048,0.9869942196531793,0.9714285714285714,0.9523809523809523
regime,phiusiil,s0_vs_s3,xgb,r01,r01,s0_vs_s3,0.8181818181818182,0.875,0.8181818181818182,0.9739884393063586,0.9714285714285714,0.9545454545454546
regime,phiusiil,s1_vs_s2,xgb,r01,r01,s1_vs_s2,0.8181818181818182,0.875,0.8181818181818182,0.9820809248554915,0.9142857142857143,0.9090909090909091
regime,phiusiil,s1_vs_s3,xgb,r01,r01,s1_vs_s3,0.8181818181818182,0.875,0.9047619047619048,0.982369942196532,0.9142857142857143,0.9047619047619048
regime,phiusiil,s2_vs_s3,xgb,r01,r01,s2_vs_s3,0.8181818181818182,0.875,0.8181818181818182,0.9768786127167631,0.9428571428571428,0.9090909090909091
regime,phiusiil,s0_vs_s1,xgb,r02,r02,s0_vs_s1,0.8181818181818182,0.875,0.9047619047619048,0.9879890280753326,0.9714285714285714,1.0
regime,phiusiil,s0_vs_s2,xgb,r02,r02,s0_vs_s2,1.0,0.7647058823529411,0.8181818181818182,0.9718679949831943,0.9142857142857143,0.9545454545454546
regime,phiusiil,s0_vs_s3,xgb,r02,r02,s0_vs_s3,0.6666666666666666,0.7647058823529411,0.8181818181818182,0.9589135933912974,0.9428571428571428,0.9545454545454546
regime,phiusiil,s1_vs_s2,xgb,r02,r02,s1_vs_s2,0.8181818181818182,0.875,0.8181818181818182,0.9751445086705204,0.9428571428571428,0.9545454545454546
regime,phiusiil,s1_vs_s3,xgb,r02,r02,s1_vs_s3,0.6666666666666666,0.875,0.9047619047619048,0.9702312138728325,0.9714285714285714,0.9523809523809523
regime,phiusiil,s2_vs_s3,xgb,r02,r02,s2_vs_s3,0.6666666666666666,0.875,0.8181818181818182,0.9552023121387284,0.9142857142857143,0.9090909090909091
regime,phiusiil,s0_vs_s1,xgb,r03,r03,s0_vs_s1,0.6666666666666666,0.875,0.9047619047619048,0.9856860233478842,0.9428571428571428,1.0
regime,phiusiil,s0_vs_s2,xgb,r03,r03,s0_vs_s2,1.0,0.875,0.9047619047619048,0.982947976878613,0.9714285714285714,0.9523809523809523
regime,phiusiil,s0_vs_s3,xgb,r03,r03,s0_vs_s3,0.8181818181818182,0.875,0.8181818181818182,0.9832369942196533,1.0,1.0
regime,phiusiil,s1_vs_s2,xgb,r03,r03,s1_vs_s2,0.6666666666666666,0.7647058823529411,0.9047619047619048,0.9747467508925047,0.9142857142857143,0.9523809523809523
regime,phiusiil,s1_vs_s3,xgb,r03,r03,s1_vs_s3,0.6666666666666666,0.7647058823529411,0.8181818181818182,0.9747467508925047,0.9428571428571428,0.9545454545454546
regime,phiusiil,s2_vs_s3,xgb,r03,r03,s2_vs_s3,0.8181818181818182,0.875,0.8181818181818182,0.9800578034682083,0.9714285714285714,0.9545454545454546
regime,phiusiil,s0_vs_s1,xgb,r04,r04,s0_vs_s1,0.8181818181818182,0.875,0.9047619047619048,0.9921965317919077,1.0,1.0
regime,phiusiil,s0_vs_s2,xgb,r04,r04,s0_vs_s2,0.8181818181818182,0.875,0.9047619047619048,0.9855491329479771,0.9714285714285714,0.9523809523809523
regime,phiusiil,s0_vs_s3,xgb,r04,r04,s0_vs_s3,0.8181818181818182,1.0,0.7391304347826086,0.9725433526011562,0.9714285714285714,0.9565217391304348
regime,phiusiil,s1_vs_s2,xgb,r04,r04,s1_vs_s2,0.8181818181818182,0.875,0.8181818181818182,0.9791907514450867,0.9714285714285714,0.9545454545454546
regime,phiusiil,s1_vs_s3,xgb,r04,r04,s1_vs_s3,0.8181818181818182,0.875,0.8181818181818182,0.9731213872832373,0.9714285714285714,0.9545454545454546
regime,phiusiil,s2_vs_s3,xgb,r04,r04,s2_vs_s3,0.6666666666666666,0.875,0.7391304347826086,0.963005780346821,0.9428571428571428,0.9130434782608695
regime,phiusiil,s0_vs_s1,xgb,r05,r05,s0_vs_s1,0.8181818181818182,0.7647058823529411,0.9047619047619048,0.9833830186204359,0.9428571428571428,1.0
regime,phiusiil,s0_vs_s2,xgb,r05,r05,s0_vs_s2,0.8181818181818182,0.875,0.9047619047619048,0.9855491329479771,0.9428571428571428,0.9047619047619048
regime,phiusiil,s0_vs_s3,xgb,r05,r05,s0_vs_s3,0.8181818181818182,1.0,0.9047619047619048,0.9852601156069366,0.9714285714285714,0.9523809523809523
regime,phiusiil,s1_vs_s2,xgb,r05,r05,s1_vs_s2,0.8181818181818182,0.875,0.9047619047619048,0.983095143029505,0.8857142857142857,0.9047619047619048
regime,phiusiil,s1_vs_s3,xgb,r05,r05,s1_vs_s3,0.8181818181818182,0.7647058823529411,0.8181818181818182,0.9770497556199531,0.9142857142857143,0.9545454545454546
regime,phiusiil,s2_vs_s3,xgb,r05,r05,s2_vs_s3,0.8181818181818182,0.875,0.8181818181818182,0.9656069364161851,0.9142857142857143,0.8636363636363636
regime,phiusiil,s0_vs_s1,xgb,r06,r06,s0_vs_s1,0.8181818181818182,1.0,1.0,0.9897162816209187,0.9428571428571428,0.95
regime,phiusiil,s0_vs_s2,xgb,r06,r06,s0_vs_s2,1.0,0.875,1.0,0.9927745664739885,0.9714285714285714,1.0
regime,phiusiil,s0_vs_s3,xgb,r06,r06,s0_vs_s3,0.8181818181818182,0.875,0.9047619047619048,0.983670894211367,0.9142857142857143,0.9047619047619048
regime,phiusiil,s1_vs_s2,xgb,r06,r06,s1_vs_s2,0.8181818181818182,0.875,1.0,0.9874132768934705,0.9142857142857143,0.95
regime,phiusiil,s1_vs_s3,xgb,r06,r06,s1_vs_s3,1.0,0.875,0.9047619047619048,0.9925448028673833,0.9714285714285714,0.9523809523809523
regime,phiusiil,s2_vs_s3,xgb,r06,r06,s2_vs_s3,0.8181818181818182,0.7647058823529411,0.9047619047619048,0.9813678894839186,0.8857142857142857,0.9047619047619048
regime,phiusiil,s0_vs_s1,xgb,r07,r07,s0_vs_s1,0.8181818181818182,1.0,0.9047619047619048,0.9910404624277458,0.9428571428571428,1.0
regime,phiusiil,s0_vs_s2,xgb,r07,r07,s0_vs_s2,0.8181818181818182,1.0,0.8181818181818182,0.9761861288471598,0.9428571428571428,0.9090909090909091
regime,phiusiil,s0_vs_s3,xgb,r07,r07,s0_vs_s3,0.6666666666666666,1.0,0.8181818181818182,0.9774566473988441,0.9714285714285714,0.9545454545454546
regime,phiusiil,s1_vs_s2,xgb,r07,r07,s1_vs_s2,0.8181818181818182,1.0,0.8181818181818182,0.9830951430295048,0.8857142857142857,0.9090909090909091
regime,phiusiil,s1_vs_s3,xgb,r07,r07,s1_vs_s3,0.8181818181818182,1.0,0.9047619047619048,0.9797687861271677,0.9142857142857143,0.9523809523809523
regime,phiusiil,s2_vs_s3,xgb,r07,r07,s2_vs_s3,0.8181818181818182,1.0,0.8181818181818182,0.9727316217559874,0.9142857142857143,0.8636363636363636
regime,phiusiil,s0_vs_s1,xgb,r08,r08,s0_vs_s1,0.8181818181818182,0.875,0.9047619047619048,0.9862617745297464,0.9714285714285714,1.0
regime,phiusiil,s0_vs_s2,xgb,r08,r08,s0_vs_s2,0.8181818181818182,1.0,0.9047619047619048,0.9874132768934705,0.9428571428571428,0.9523809523809523
regime,phiusiil,s0_vs_s3,xgb,r08,r08,s0_vs_s3,0.6666666666666666,0.875,0.8181818181818182,0.9779133823927462,0.9714285714285714,1.0
regime,phiusiil,s1_vs_s2,xgb,r08,r08,s1_vs_s2,0.6666666666666666,0.875,0.8181818181818182,0.9832369942196533,0.9714285714285714,0.9545454545454546
regime,phiusiil,s1_vs_s3,xgb,r08,r08,s1_vs_s3,0.6666666666666666,0.875,0.8181818181818182,0.9800578034682083,1.0,1.0
regime,phiusiil,s2_vs_s3,xgb,r08,r08,s2_vs_s3,0.8181818181818182,0.875,0.9047619047619048,0.989884393063584,0.9714285714285714,0.9523809523809523
regime,phiusiil,s0_vs_s1,xgb,r09,r09,s0_vs_s1,0.6666666666666666,0.875,1.0,0.9907514450867054,1.0,1.0
regime,phiusiil,s0_vs_s2,xgb,r09,r09,s0_vs_s2,0.6666666666666666,0.875,0.9047619047619048,0.9869942196531793,0.9428571428571428,0.9047619047619048
regime,phiusiil,s0_vs_s3,xgb,r09,r09,s0_vs_s3,0.8181818181818182,0.875,0.8181818181818182,0.9748554913294799,0.9714285714285714,1.0
regime,phiusiil,s1_vs_s2,xgb,r09,r09,s1_vs_s2,0.8181818181818182,0.875,0.9047619047619048,0.9864161849710984,0.9428571428571428,0.9047619047619048
regime,phiusiil,s1_vs_s3,xgb,r09,r09,s1_vs_s3,0.6666666666666666,0.875,0.8181818181818182,0.9725433526011562,0.9714285714285714,1.0
regime,phiusiil,s2_vs_s3,xgb,r09,r09,s2_vs_s3,0.8181818181818182,0.875,0.8181818181818182,0.982369942196532,0.9142857142857143,0.9090909090909091
source,iscx_url2016_binary,s3_internal_vs_external,lr,r00,r00,internal_vs_external_common,0.6666666666666666,0.7647058823529411,0.9047619047619048,0.9066461259015013,0.9142857142857143,0.9523809523809523
source,iscx_url2016_binary,s3_internal_vs_external,lr,r01,r01,internal_vs_external_common,0.6666666666666666,0.6666666666666666,0.8181818181818182,0.8778711484593837,0.8857142857142857,0.9090909090909091
source,iscx_url2016_binary,s3_internal_vs_external,lr,r02,r02,internal_vs_external_common,0.8181818181818182,0.6666666666666666,0.8181818181818182,0.8778711484593837,0.8857142857142857,0.9090909090909091
source,iscx_url2016_binary,s3_internal_vs_external,lr,r03,r03,internal_vs_external_common,1.0,0.875,0.9047619047619048,0.9263305322128852,0.8857142857142857,0.9047619047619048
source,iscx_url2016_binary,s3_internal_vs_external,lr,r04,r04,internal_vs_external_common,0.8181818181818182,0.6666666666666666,0.9047619047619048,0.8831932773109243,0.8857142857142857,0.9047619047619048
source,iscx_url2016_binary,s3_internal_vs_external,lr,r05,r05,internal_vs_external_common,0.8181818181818182,0.875,0.8181818181818182,0.8915966386554622,0.8857142857142857,0.9090909090909091
source,iscx_url2016_binary,s3_internal_vs_external,lr,r06,r06,internal_vs_external_common,0.8181818181818182,0.5789473684210527,0.7391304347826086,0.8551820728291318,0.9142857142857143,0.9130434782608695
source,iscx_url2016_binary,s3_internal_vs_external,lr,r07,r07,internal_vs_external_common,0.6666666666666666,0.6666666666666666,0.8181818181818182,0.8899159663865547,0.9142857142857143,0.9545454545454546
source,iscx_url2016_binary,s3_internal_vs_external,lr,r08,r08,internal_vs_external_common,0.6666666666666666,0.7647058823529411,0.8181818181818182,0.9112044817927171,0.9428571428571428,0.9545454545454546
source,iscx_url2016_binary,s3_internal_vs_external,lr,r09,r09,internal_vs_external_common,1.0,0.6666666666666666,0.9047619047619048,0.8988795518207282,0.8857142857142857,0.9047619047619048
source,iscx_url2016_binary,s3_internal_vs_external,rf,r00,r00,internal_vs_external_common,0.5384615384615384,0.7647058823529411,0.9047619047619048,0.9389013452914798,0.8285714285714286,0.8571428571428571
source,iscx_url2016_binary,s3_internal_vs_external,rf,r01,r01,internal_vs_external_common,0.6666666666666666,0.875,0.7391304347826086,0.9548766816143498,0.8571428571428571,0.9130434782608695
source,iscx_url2016_binary,s3_internal_vs_external,rf,r02,r02,internal_vs_external_common,0.6666666666666666,0.7647058823529411,0.9047619047619048,0.9585376103095671,0.7714285714285715,0.9047619047619048
source,iscx_url2016_binary,s3_internal_vs_external,rf,r03,r03,internal_vs_external_common,0.5384615384615384,0.7647058823529411,0.7391304347826086,0.8946188340807175,0.7714285714285715,0.8260869565217391
source,iscx_url2016_binary,s3_internal_vs_external,rf,r04,r04,internal_vs_external_common,0.6666666666666666,0.875,0.8181818181818182,0.952634529147982,0.8285714285714286,0.9090909090909091
source,iscx_url2016_binary,s3_internal_vs_external,rf,r05,r05,internal_vs_external_common,0.5384615384615384,0.6666666666666666,0.9047619047619048,0.9251681614349776,0.8,0.8571428571428571
source,iscx_url2016_binary,s3_internal_vs_external,rf,r06,r06,internal_vs_external_common,0.6666666666666666,0.7647058823529411,0.9047619047619048,0.9624439461883408,0.8571428571428571,0.9047619047619048
source,iscx_url2016_binary,s3_internal_vs_external,rf,r07,r07,internal_vs_external_common,0.6666666666666666,0.875,0.7391304347826086,0.9644058295964126,0.8285714285714286,0.9130434782608695
source,iscx_url2016_binary,s3_internal_vs_external,rf,r08,r08,internal_vs_external_common,0.5384615384615384,0.7647058823529411,0.9047619047619048,0.9386210762331839,0.8571428571428571,0.8571428571428571
source,iscx_url2016_binary,s3_internal_vs_external,rf,r09,r09,internal_vs_external_common,0.5384615384615384,0.7647058823529411,0.8181818181818182,0.9237668161434976,0.8,0.8636363636363636
source,iscx_url2016_binary,s3_internal_vs_external,xgb,r00,r00,internal_vs_external_common,0.5384615384615384,0.6666666666666666,0.8181818181818182,0.8817264573991032,0.7714285714285715,0.8636363636363636
source,iscx_url2016_binary,s3_internal_vs_external,xgb,r01,r01,internal_vs_external_common,0.5384615384615384,0.7647058823529411,0.9047619047619048,0.8960201793721974,0.7428571428571429,0.8095238095238095
source,iscx_url2016_binary,s3_internal_vs_external,xgb,r02,r02,internal_vs_external_common,0.5384615384615384,0.5789473684210527,0.8181818181818182,0.8887331838565024,0.7142857142857143,0.8181818181818182
source,iscx_url2016_binary,s3_internal_vs_external,xgb,r03,r03,internal_vs_external_common,0.3333333333333333,0.6666666666666666,0.9047619047619048,0.8678821879382891,0.8285714285714286,0.8095238095238095
source,iscx_url2016_binary,s3_internal_vs_external,xgb,r04,r04,internal_vs_external_common,0.5384615384615384,0.6666666666666666,0.7391304347826086,0.8583450210378684,0.8285714285714286,0.8695652173913043
source,iscx_url2016_binary,s3_internal_vs_external,xgb,r05,r05,internal_vs_external_common,0.5384615384615384,0.6666666666666666,0.9047619047619048,0.9044943820224718,0.8285714285714286,0.9047619047619048
source,iscx_url2016_binary,s3_internal_vs_external,xgb,r06,r06,internal_vs_external_common,0.5384615384615384,0.5789473684210527,0.8181818181818182,0.8709677419354841,0.8,0.8636363636363636
source,iscx_url2016_binary,s3_internal_vs_external,xgb,r07,r07,internal_vs_external_common,0.42857142857142855,0.5,0.9047619047619048,0.8679932735426009,0.8571428571428571,0.9523809523809523
source,iscx_url2016_binary,s3_internal_vs_external,xgb,r08,r08,internal_vs_external_common,0.42857142857142855,0.6666666666666666,0.9047619047619048,0.8724775784753364,0.8571428571428571,0.9523809523809523
source,iscx_url2016_binary,s3_internal_vs_external,xgb,r09,r09,internal_vs_external_common,0.5384615384615384,0.6666666666666666,0.8181818181818182,0.8769662921348315,0.9142857142857143,0.9090909090909091
source,phiusiil,s3_internal_vs_external,lr,r00,r00,internal_vs_external_common,0.8181818181818182,0.7647058823529411,0.7391304347826086,0.9128851540616247,0.9142857142857143,0.9565217391304348
source,phiusiil,s3_internal_vs_external,lr,r01,r01,internal_vs_external_common,0.8181818181818182,0.7647058823529411,0.7391304347826086,0.9019607843137255,0.9142857142857143,1.0
source,phiusiil,s3_internal_vs_external,lr,r02,r02,internal_vs_external_common,0.6666666666666666,0.7647058823529411,0.7391304347826086,0.8753501400560224,0.7714285714285715,0.782608695652174
source,phiusiil,s3_internal_vs_external,lr,r03,r03,internal_vs_external_common,0.6666666666666666,0.6666666666666666,0.7391304347826086,0.881232492997199,0.9714285714285714,0.9565217391304348
source,phiusiil,s3_internal_vs_external,lr,r04,r04,internal_vs_external_common,0.5384615384615384,0.5,0.6666666666666666,0.8218487394957985,0.9142857142857143,0.9583333333333334
source,phiusiil,s3_internal_vs_external,lr,r05,r05,internal_vs_external_common,0.8181818181818182,0.875,0.8181818181818182,0.923249299719888,0.9142857142857143,0.9545454545454546
source,phiusiil,s3_internal_vs_external,lr,r06,r06,internal_vs_external_common,0.8181818181818182,0.7647058823529411,0.7391304347826086,0.8983193277310925,0.9714285714285714,0.9565217391304348
source,phiusiil,s3_internal_vs_external,lr,r07,r07,internal_vs_external_common,0.6666666666666666,0.7647058823529411,0.7391304347826086,0.9002801120448181,0.9428571428571428,0.9565217391304348
source,phiusiil,s3_internal_vs_external,lr,r08,r08,internal_vs_external_common,0.6666666666666666,0.7647058823529411,0.8181818181818182,0.9254901960784314,1.0,1.0
source,phiusiil,s3_internal_vs_external,lr,r09,r09,internal_vs_external_common,0.8181818181818182,0.6666666666666666,0.7391304347826086,0.9030812324929973,0.9428571428571428,0.9565217391304348
source,phiusiil,s3_internal_vs_external,rf,r00,r00,internal_vs_external_common,0.42857142857142855,0.5789473684210527,0.7391304347826086,0.8091367713004484,0.6857142857142857,0.6086956521739131
source,phiusiil,s3_internal_vs_external,rf,r01,r01,internal_vs_external_common,0.42857142857142855,0.6666666666666666,0.7391304347826086,0.8155829596412557,0.6857142857142857,0.6521739130434783
source,phiusiil,s3_internal_vs_external,rf,r02,r02,internal_vs_external_common,0.42857142857142855,0.6666666666666666,0.7391304347826086,0.7853139013452914,0.6,0.6956521739130435
source,phiusiil,s3_internal_vs_external,rf,r03,r03,internal_vs_external_common,0.42857142857142855,0.5789473684210527,0.6666666666666666,0.8085762331838566,0.7428571428571429,0.625
source,phiusiil,s3_internal_vs_external,rf,r04,r04,internal_vs_external_common,0.42857142857142855,0.5789473684210527,0.7391304347826086,0.8010925899985992,0.6285714285714286,0.5652173913043478
source,phiusiil,s3_internal_vs_external,rf,r05,r05,internal_vs_external_common,0.42857142857142855,0.6666666666666666,0.7391304347826086,0.811939461883408,0.7142857142857143,0.6521739130434783
source,phiusiil,s3_internal_vs_external,rf,r06,r06,internal_vs_external_common,0.42857142857142855,0.6666666666666666,0.7391304347826086,0.8139013452914797,0.7428571428571429,0.6086956521739131
source,phiusiil,s3_internal_vs_external,rf,r07,r07,internal_vs_external_common,0.42857142857142855,0.5789473684210527,0.7391304347826086,0.8150224215246636,0.7714285714285715,0.6956521739130435
source,phiusiil,s3_internal_vs_external,rf,r08,r08,internal_vs_external_common,0.42857142857142855,0.5789473684210527,0.7391304347826086,0.8262331838565022,0.8,0.6956521739130435
source,phiusiil,s3_internal_vs_external,rf,r09,r09,internal_vs_external_common,0.42857142857142855,0.6666666666666666,0.6666666666666666,0.8108978848578231,0.7142857142857143,0.6666666666666666
source,phiusiil,s3_internal_vs_external,xgb,r00,r00,internal_vs_external_common,0.6666666666666666,0.6666666666666666,0.9047619047619048,0.9294797687861275,0.8571428571428571,0.7619047619047619
source,phiusiil,s3_internal_vs_external,xgb,r01,r01,internal_vs_external_common,0.6666666666666666,0.6666666666666666,0.9047619047619048,0.922543352601156,0.8,0.6666666666666666
source,phiusiil,s3_internal_vs_external,xgb,r02,r02,internal_vs_external_common,0.6666666666666666,0.6666666666666666,0.9047619047619048,0.9236994219653181,0.8,0.7142857142857143
source,phiusiil,s3_internal_vs_external,xgb,r03,r03,internal_vs_external_common,0.5384615384615384,0.6666666666666666,0.9047619047619048,0.9346820809248556,0.8571428571428571,0.7619047619047619
source,phiusiil,s3_internal_vs_external,xgb,r04,r04,internal_vs_external_common,0.5384615384615384,0.6666666666666666,0.8181818181818182,0.9124277456647398,0.8285714285714286,0.7272727272727273
source,phiusiil,s3_internal_vs_external,xgb,r05,r05,internal_vs_external_common,0.6666666666666666,0.6666666666666666,0.9047619047619048,0.8921965317919076,0.8285714285714286,0.7142857142857143
source,phiusiil,s3_internal_vs_external,xgb,r06,r06,internal_vs_external_common,0.6666666666666666,0.6666666666666666,0.9047619047619048,0.9486738351254479,0.8285714285714286,0.8095238095238095
source,phiusiil,s3_internal_vs_external,xgb,r07,r07,internal_vs_external_common,0.6666666666666666,0.7647058823529411,0.9047619047619048,0.9346820809248556,0.8857142857142857,0.8095238095238095
source,phiusiil,s3_internal_vs_external,xgb,r08,r08,internal_vs_external_common,0.6666666666666666,0.6666666666666666,0.9047619047619048,0.9500000000000001,0.8285714285714286,0.7619047619047619
source,phiusiil,s3_internal_vs_external,xgb,r09,r09,internal_vs_external_common,0.8181818181818182,0.6666666666666666,1.0,0.9534682080924858,0.8,0.75
